<?xml version="1.0" encoding="utf-8"?>
<COLLADA xmlns="http://www.collada.org/2005/11/COLLADASchema" version="1.4.1">
  <asset>
    <created>2021-11-09T22:13:47Z</created>
    <modified>2021-11-09T22:13:47Z</modified>
  </asset>
  <library_images>
    <image id="Image">
      <init_from>chr021a02e.png</init_from>
    </image>
    <image id="Image1">
      <init_from>outline02</init_from>
    </image>
  </library_images>
  <library_materials>
    <material id="VisualMaterial" name="chr021a02e">
      <instance_effect url="#Effect"/>
      <extra>
        <technique profile="FCOLLADA">
          <user_properties>chr021a02e</user_properties>
        </technique>
      </extra>
    </material>
    <material id="VisualMaterial1" name="outline02">
      <instance_effect url="#Effect1"/>
      <extra>
        <technique profile="FCOLLADA">
          <user_properties>outline02</user_properties>
        </technique>
      </extra>
    </material>
  </library_materials>
  <library_effects>
    <effect id="Effect" name="chr021a02e_png">
      <profile_COMMON>
        <newparam sid="Image-surface">
          <surface type="2D">
            <init_from>Image</init_from>
            <format>A8R8G8B8</format>
          </surface>
        </newparam>
        <newparam sid="Image-sampler">
          <sampler2D>
            <source>Image-surface</source>
            <wrap_s>WRAP</wrap_s>
            <wrap_t>WRAP</wrap_t>
            <minfilter>NONE</minfilter>
            <magfilter>NONE</magfilter>
            <mipfilter>NONE</mipfilter>
          </sampler2D>
        </newparam>
        <technique sid="common">
          <phong>
            <emission>
              <color>0 0 0 1</color>
            </emission>
            <ambient>
              <color>0 0 0 1</color>
            </ambient>
            <diffuse>
              <texture texture="Image-sampler" texcoord=""/>
            </diffuse>
            <specular>
              <color>1 1 1 1</color>
            </specular>
            <shininess>
              <float>0</float>
            </shininess>
            <transparent opaque="A_ONE">
              <color>0 0 0 1</color>
            </transparent>
            <transparency>
              <float>1</float>
            </transparency>
            <index_of_refraction>
              <float>1.55</float>
            </index_of_refraction>
          </phong>
          <extra>
            <technique profile="FCOLLADA">
              <spec_level>
                <float>0</float>
              </spec_level>
            </technique>
          </extra>
        </technique>
      </profile_COMMON>
      <extra>
        <technique profile="FCOLLADA">
          <user_properties>chr021a02e.png</user_properties>
        </technique>
      </extra>
    </effect>
    <effect id="Effect1" name="outline02">
      <profile_COMMON>
        <newparam sid="Image1-surface">
          <surface type="2D">
            <init_from>Image1</init_from>
            <format>A8R8G8B8</format>
          </surface>
        </newparam>
        <newparam sid="Image1-sampler">
          <sampler2D>
            <source>Image1-surface</source>
            <wrap_s>WRAP</wrap_s>
            <wrap_t>WRAP</wrap_t>
            <minfilter>NONE</minfilter>
            <magfilter>NONE</magfilter>
            <mipfilter>NONE</mipfilter>
          </sampler2D>
        </newparam>
        <technique sid="common">
          <phong>
            <emission>
              <color>0 0 0 1</color>
            </emission>
            <ambient>
              <color>0 0 0 1</color>
            </ambient>
            <diffuse>
              <texture texture="Image1-sampler" texcoord=""/>
            </diffuse>
            <specular>
              <color>1 1 1 1</color>
            </specular>
            <shininess>
              <float>0</float>
            </shininess>
            <transparent opaque="A_ONE">
              <color>0 0 0 1</color>
            </transparent>
            <transparency>
              <float>1</float>
            </transparency>
            <index_of_refraction>
              <float>1.55</float>
            </index_of_refraction>
          </phong>
          <extra>
            <technique profile="FCOLLADA">
              <spec_level>
                <float>0</float>
              </spec_level>
            </technique>
          </extra>
        </technique>
      </profile_COMMON>
      <extra>
        <technique profile="FCOLLADA">
          <user_properties>outline02</user_properties>
        </technique>
      </extra>
    </effect>
  </library_effects>
  <library_geometries>
    <geometry id="Geometry" name="chr021_e">
      <mesh>
        <source id="GeometrySource" name="chr021_ePos">
          <float_array id="GeometrySource-array" count="9123">0.668797 0.931846 0.041266 0.660572 0.920643 -0.050865 0.653128 0.959252 -0.049576 0.671614 0.90278 0.042663 0.683313 0.918685 0.151853 0.680992 0.991385 0.152101 0.683742 0.883162 0.145383 0.647652 1.03865 0.027728 0.661216 1.0694 0.15403 0.569356 1.22121 0.160113 0.56543 1.18171 0.033276 0.532439 1.24441 0.034368 0.55411 1.24338 0.170481 0.543228 1.26292 0.16346 0.481747 1.33209 0.164561 0.453871 1.32748 0.051131 0.431997 1.36635 0.167216 0.378506 1.38365 0.072235 0.310943 1.42193 0.172327 0.279774 1.42294 0.085487 0.270174 1.41285 -0.02339 0.229897 1.44114 0.080029 0.207398 1.43212 -0.019669 0.077755 1.45368 0.073285 0.073856 1.44604 -0.015377 0.190612 1.45799 0.176987 0.082299 1.46258 0.176613 0.266982 1.44729 0.17362 0.525475 1.23247 -0.048947 0.684377 0.860886 0.269573 0.679642 0.874795 0.251031 0.68205 0.930843 0.245045 0.677845 0.969829 0.244225 0.708383 0.937502 0.368549 0.679461 1.03181 0.242153 0.692917 1.05818 0.374089 0.664685 1.09186 0.241656 0.270104 1.46264 0.33258 0.436304 1.42089 0.40058 0.430492 1.41082 0.30094 0.258627 1.45845 0.254278 0.421009 1.39676 0.2458 0.08904 1.49819 0.345111 0.252911 1.47766 0.411779 0.270104 1.46264 0.33258 0.089494 1.48294 0.270593 0.114063 1.48688 0.270206 0.258627 1.45845 0.254278 0.570873 1.2673 0.243652 0.527721 1.33753 0.296237 0.587184 1.25513 0.303679 0.57091 1.25364 0.231616 0.590982 1.22979 0.241847 0.491827 1.34721 0.2437 0.634383 1.171 0.239871 0.620979 1.20889 0.384381 0.624802 0.489693 1.0852 0.642883 0.5082 0.934977 0.657026 0.526302 1.08378 0.624354 0.486505 0.936869 0.663164 0.533404 0.936992 0.687462 0.562998 0.945091 0.638956 0.493996 1.14717 0.651426 0.517072 1.22324 0.628601 0.499219 1.25103 0.642613 0.51627 1.27672 0.595532 0.479614 1.19977 0.598674 0.475199 1.18066 0.60121 0.483071 1.10134 0.559154 0.491216 0.925708 0.550953 0.478082 1.14011 0.54164 0.463327 1.23458 0.516903 0.53509 1.21875 0.398906 0.535896 1.21915 0.467167 0.488879 0.851513 0.335275 0.581289 1.1002 0.390347 0.486542 0.760323 0.007576 0.588558 1.30688 0.008321 0.605534 1.01529 0.272038 0.577278 1.3373 0.222851 0.589102 1.58688 0.007576 0.593639 1.57906 0.374395 0.560992 1.35033 0.49564 0.53519 1.37254 0.210458 0.548478 1.94641 0.007576 0.539123 2.03124 0.153019 0.383587 2.13953 0.068262 0.383254 2.18648 0.007576 0.383214 2.18659 0.246868 0.398342 2.15858 0.304266 0.39939 2.13827 0.366224 0.389006 2.06686 0.350869 0.562713 1.78335 0.349884 0.586088 1.48151 0.457264 0.416299 2.06904 0.491317 0.411002 2.0051 0.507016 0.400147 1.91136 0.58182 0.428445 1.8589 0.598402 0.431649 1.81138 0.586039 0.428045 1.74852 0.474377 0.535289 1.52634 0.625763 0.450332 1.70333 0.635244 0.45801 1.6495 0.615881 0.452656 1.59767 0.558936 0.473443 1.50033 0.517141 0.463619 1.44619 0.530686 0.465178 1.33676 0.570445 0.474395 1.3893 0.571127 0.480105 1.40001 0.618001 0.498807 1.34754 0.607077 0.492335 1.45868 0.634106 0.512173 1.41931 0.640665 0.517344 1.33923 0.635737 0.501353 1.548 0.593568 0.486225 1.51896 0.636308 0.461636 1.5471 0.58556 0.478426 1.29389 0.582412 0.474854 1.27925 0.646732 0.529057 1.42181 0.664061 0.542909 1.34429 0.684146 0.543606 1.27952 0.689563 0.551215 1.22448 0.693457 0.554582 1.08465 0.214621 1.35768 1.98466 0.367664 1.09135 2.08348 0.400933 1.29144 1.93616 0.192157 1.13401 2.13104 0.169914 0.875224 2.18041 0.3463 0.853378 2.13588 0.162318 0.676598 2.19156 0.328827 0.658762 2.139 0.186062 0.561207 2.19647 0.401746 0.553706 2.1194 0.705672 0.947619 1.67203 0.723952 1.0576 1.53475 0.648748 1.19032 1.6022 0.626714 1.06912 1.77657 0.551731 1.31584 1.68352 0.686673 0.856317 1.74859 0.608385 0.938415 1.88671 0.505219 1.02686 2.01262 0.489157 0.814675 2.05135 0.591022 0.77954 1.94157 0.480044 0.646626 2.05804 0.580118 0.63449 1.95092 0.569335 0.541454 1.95158 0.653612 0.62609 1.78923 0.639111 0.531967 1.77631 0.526359 1.19588 1.86727 0.426156 1.42158 1.74638 0.667936 0.731006 1.78049 0.668469 0.536509 1.62211 0.69068 0.612211 1.60472 0.709609 0.692384 1.59799 0.711616 0.570048 1.564 0.698172 0.532581 1.55805 0.710908 0.642661 1.48792 0.711415 0.667988 1.42602 0.58182 0.428445 1.8589 0.598402 0.431649 1.81138 0.742894 0.601321 1.48915 0.732679 0.601261 1.42811 0.713444 0.636937 1.42772 0.74008 0.558181 1.48923 0.730541 0.564053 1.42587 0.728317 0.803741 1.54997 0.732379 0.737795 1.34699 0.747344 0.890945 1.43874 0.743545 0.771626 1.28056 0.735357 0.629342 1.23004 0.749517 0.722186 1.13231 0.753034 0.667537 1.2354 0.747072 0.619019 1.08758 0.745793 0.692424 1.09476 0.7428 0.67589 1.0484 0.736395 0.623701 1.01768 0.709722 0.627656 0.958615 0.74017 0.647003 1.29412 0.736262 0.715583 1.29082 0.727733 0.706841 1.32062 0.723705 0.651536 1.32375 -0.199468 1.35768 1.98466 -0.385781 1.29144 1.93616 -0.352512 1.09135 2.08348 -0.177005 1.13401 2.13104 -0.154761 0.875224 2.18041 -0.331148 0.853378 2.13588 -0.147166 0.676598 2.19156 -0.313674 0.658762 2.139 -0.17091 0.561207 2.19647 -0.386594 0.553706 2.1194 -0.511207 1.19588 1.86727 -0.411004 1.42158 1.74638 -0.536579 1.31584 1.68352 -0.611562 1.06912 1.77657 -0.490067 1.02686 2.01262 -0.593232 0.938415 1.88671 -0.67152 0.856317 1.74859 -0.69052 0.947619 1.67203 -0.474005 0.814675 2.05135 -0.575869 0.77954 1.94157 -0.464891 0.646626 2.05804 -0.564965 0.63449 1.95092 -0.554182 0.541454 1.95158 -0.63846 0.62609 1.78923 -0.623959 0.531967 1.77631 -0.652783 0.731006 1.78049 -0.653316 0.536509 1.62211 -0.675528 0.612211 1.60472 -0.694456 0.692384 1.59799 -0.696464 0.570048 1.564 -0.683019 0.532581 1.55805 -0.695756 0.642661 1.48792 -0.566667 0.428445 1.8589 -0.583249 0.431649 1.81138 -0.696263 0.667988 1.42602 -0.698291 0.636937 1.42772 -0.727742 0.601321 1.48915 -0.717527 0.601261 1.42811 -0.698291 0.636937 1.42772 -0.724927 0.558181 1.48923 -0.715389 0.564053 1.42587 -0.713165 0.803741 1.54997 -0.717226 0.737795 1.34699 -0.732192 0.890945 1.43874 -0.728393 0.771626 1.28056 -0.7088 1.0576 1.53475 -0.633596 1.19032 1.6022 -0.731919 0.619019 1.08758 -0.720205 0.629342 1.23004 -0.734364 0.722186 1.13231 -0.730641 0.692424 1.09476 -0.727648 0.67589 1.0484 -0.721242 0.623701 1.01768 -0.725018 0.647003 1.29412 -0.737881 0.667537 1.2354 -0.712581 0.706841 1.32062 -0.708553 0.651536 1.32375 -0.712581 0.706841 1.32062 -0.72625 0.75458 1.26774 -0.704133 0.648977 1.3477 -0.708553 0.651536 1.32375 0.732228 0.849007 0.268271 0.756009 0.838453 0.366806 0.775074 0.804082 0.36007 0.749933 0.819209 0.257841 0.737448 0.795793 0.23578 0.75591 0.776386 0.356336 0.722361 0.781084 0.237697 0.664061 0.542909 1.34429 0.699939 0.532856 1.4231 0.646732 0.529057 1.42181 0.729201 0.527726 1.35387 0.730541 0.564053 1.42587 0.770347 0.568027 1.35674 0.684146 0.543606 1.27952 0.745709 0.532008 1.28646 0.689563 0.551215 1.22448 0.75513 0.526185 1.23038 0.693457 0.554582 1.08465 0.75552 0.520862 1.081 0.747294 0.532527 0.946115 0.787959 0.573504 0.95297 0.795378 0.561945 1.08302 0.795146 0.567568 1.22995 0.779265 0.611347 0.95911 0.786608 0.60098 1.08535 0.736395 0.623701 1.01768 0.709722 0.627656 0.958615 0.747072 0.619019 1.08758 0.78583 0.607375 1.23023 0.735357 0.629342 1.23004 0.778724 0.61426 1.29014 0.74017 0.647003 1.29412 0.786129 0.57316 1.28825 0.767581 0.617598 1.35765 0.723705 0.651536 1.32375 0.719285 0.648977 1.3477 0.713444 0.636937 1.42772 0.732679 0.601261 1.42811 0.722428 0.7666 0.230609 0.760244 0.730878 0.347282 0.7331 0.70906 0.347203 0.697 0.753417 0.21795 0.711456 0.709196 0.34683 0.726874 0.713429 1.00607 0.749603 0.720889 0.95843 0.735264 0.751806 0.966779 0.72428 0.688747 1.0048 0.740525 0.67079 0.955701 0.750016 0.695436 0.955802 0.671614 0.90278 0.042663 0.683814 0.916454 -0.052258 0.660572 0.920643 -0.050865 0.726039 0.850282 0.184975 0.69553 0.897784 -0.054485 0.737044 0.835069 0.179396 0.749933 0.819209 0.257841 0.732228 0.849007 0.268271 0.679642 0.874795 0.251031 0.684377 0.860886 0.269573 0.737448 0.795793 0.23578 0.737905 0.811004 0.17276 0.710753 0.788474 0.169507 0.722361 0.781084 0.237697 0.697125 0.87037 -0.05751 0.697 0.753417 0.21795 0.698055 0.777684 0.169044 0.722428 0.7666 0.230609 0.722361 0.781084 0.237697 0.71399 0.650096 0.119151 0.698055 0.777684 0.169044 0.697 0.753417 0.21795 0.692845 0.700975 -0.063626 0.676148 0.845658 -0.062093 0.7193 0.513495 0.11943 0.697935 0.528818 -0.054328 0.725184 0.615147 0.329307 0.163912 1.50932 0.196094 0.240159 1.49944 0.235593 0.240985 1.49644 0.193571 0.163216 1.51391 0.247725 0.437278 1.42493 0.222361 0.258627 1.45845 0.254278 0.421009 1.39676 0.2458 0.491827 1.34721 0.2437 0.515645 1.36875 0.219101 0.339152 1.4672 0.188464 0.431583 1.42311 0.184854 0.266982 1.44729 0.17362 0.190612 1.45799 0.176987 0.082299 1.46258 0.176613 0.084538 1.50932 0.194539 0.13633 1.47793 0.265742 0.114063 1.48688 0.270206 0.083972 1.51549 0.255779 0.089494 1.48294 0.270593 0.510745 1.36805 0.180229 0.431997 1.36635 0.167216 0.481747 1.33209 0.164561 0.578542 1.29956 0.177938 0.582648 1.29916 0.218175 0.585745 1.26331 0.212584 0.583123 1.26428 0.1799 0.606662 1.26072 0.214376 0.57091 1.25364 0.231616 0.590982 1.22979 0.241847 0.657079 1.18301 0.212353 0.604329 1.26062 0.174652 0.656053 1.18312 0.168679 0.582419 1.20087 0.159256 0.569356 1.22121 0.160113 0.634383 1.171 0.239871 0.55411 1.24338 0.170481 0.543228 1.26292 0.16346 0.570873 1.2673 0.243652 0.688985 1.09592 0.166481 0.688703 1.09559 0.214106 0.707066 1.00986 0.16622 0.705424 1.00936 0.214973 0.679461 1.03181 0.242153 0.664685 1.09186 0.241656 0.708754 0.921866 0.167536 0.680992 0.991385 0.152101 0.683313 0.918685 0.151853 0.683742 0.883162 0.145383 0.726039 0.850282 0.184975 0.705753 0.9212 0.217416 0.679642 0.874795 0.251031 0.68205 0.930843 0.245045 0.677845 0.969829 0.244225 0.661216 1.0694 0.15403 1.55145 0.664636 -3.26905 1.46124 0.679027 -2.99528 1.38441 0.604492 -3.03118 1.48878 0.601856 -3.30238 1.219 0.613143 -3.1384 1.33761 0.650878 -3.35014 1.40361 0.648473 -3.39436 1.47603 0.638502 -3.53823 1.68196 0.633014 -3.64022 1.68196 0.641801 -3.64022 0.165156 0.570935 -2.92697 0.343627 0.604631 -2.93389 0.309493 0.571858 -2.67614 0.196902 0.562649 -2.64031 0.06521 1.52554 0.193606 0.007576 1.51968 0.028374 0.007576 1.54302 0.194306 0.067757 1.50033 0.023501 0.083972 1.51549 0.255779 0.084538 1.50932 0.194539 0.063629 1.53147 0.259912 0.08904 1.49819 0.345111 0.054059 1.54618 0.420806 0.007576 1.55104 0.261822 0.007576 1.57058 0.420014 0.089494 1.48294 0.270593 -0.038906 1.54618 0.420806 -0.048477 1.53147 0.259912 -0.073888 1.49819 0.345111 -0.06882 1.51549 0.255779 -0.050058 1.52554 0.193606 -0.069385 1.50932 0.194539 -0.052604 1.50033 0.023501 -0.074342 1.48294 0.270593 -0.062603 1.45368 0.073285 -0.067147 1.46258 0.176613 0.007576 0.659899 -3.09848 0.08652 0.742678 -3.04503 0.089627 0.662881 -3.07177 0.007576 0.764605 -3.04879 0.081571 0.567314 -3.03404 0.144347 0.660896 -3.00346 0.007576 0.538321 -3.03861 0.068266 0.805164 -2.79478 0.116114 0.753801 -2.7847 0.007576 0.832176 -2.79639 -0.205304 0.684816 -2.50689 -0.19632 0.87062 -2.18297 -0.153632 0.80338 -2.56635 -0.235607 0.735275 -2.16896 -0.164739 0.729975 -2.63835 -0.053114 0.805164 -2.79478 -0.071367 0.742678 -3.04503 -0.100962 0.753801 -2.7847 -0.074475 0.662881 -3.07177 -0.066419 0.567314 -3.03404 -0.129195 0.660896 -3.00346 -0.150003 0.570935 -2.92697 -0.08761 0.544281 -2.90703 0.007576 0.538321 -3.03861 -0.17534 0.573845 -2.5754 -0.250701 0.584679 -2.16169 -0.145997 0.504377 -2.15824 -0.12387 0.52849 -2.56931 -0.18175 0.562649 -2.64031 0.007576 0.517204 -2.89339 0.102763 0.544281 -2.90703 0.081571 0.567314 -3.03404 0.165156 0.570935 -2.92697 0.144347 0.660896 -3.00346 0.190492 0.573845 -2.5754 0.139023 0.52849 -2.56931 0.196902 0.562649 -2.64031 0.220456 0.684816 -2.50689 0.116114 0.753801 -2.7847 0.168785 0.80338 -2.56635 0.179892 0.729975 -2.63835 1.33761 0.660087 -3.35014 1.22084 0.719726 -3.14644 1.49063 0.708574 -3.31043 1.16153 0.65823 -3.34054 1.32566 0.652933 -3.43678 1.40361 0.658425 -3.39436 1.47603 0.647797 -3.53823 1.68196 0.641801 -3.64022 1.55145 0.664636 -3.26905 1.38534 0.723387 -3.0352 1.46124 0.679027 -2.99528 0.179892 0.729975 -2.63835 0.220456 0.684816 -2.50689 0.295875 0.677398 -2.56834 0.309493 0.731818 -2.67614 0.144347 0.660896 -3.00346 0.08652 0.742678 -3.04503 0.159416 0.720833 -2.89376 0.116114 0.753801 -2.7847 0.007576 -0.008159 1.85935 0.206419 0.121052 1.9413 0.007576 0.105156 1.98024 0.268747 0.020768 1.85954 0.373916 0.147246 1.85797 0.486321 0.088586 1.68206 0.499183 0.174511 1.6854 0.575665 0.203792 1.40432 0.518276 0.233626 1.69144 0.402753 0.213021 1.91124 0.586148 0.265434 1.40851 0.610397 0.257356 1.1133 0.607457 0.154856 1.10555 0.60585 0.11618 0.861022 0.616632 0.334168 1.13096 0.202381 0.126407 2.01413 0.188169 0.197322 2.02988 0.007576 0.119333 2.04193 0.007576 0.172916 2.06817 0.182757 0.240735 2.03038 0.583623 0.357667 1.1329 0.567348 0.298218 1.41583 0.007576 0.224326 2.06841 0.007576 0.243972 2.05303 0.645628 0.343637 0.817641 0.630569 0.402365 0.892207 0.63699 0.485469 0.911312 0.6731 0.519996 0.840086 0.663164 0.533404 0.936992 0.642883 0.5082 0.934977 0.287702 -0.024334 1.67972 0.489071 0.044935 1.39379 0.310624 -0.02563 1.40088 0.007576 -0.040684 1.41973 0.007576 -0.048724 1.68879 -0.570996 0.265434 1.40851 -0.595245 0.257356 1.1133 -0.560512 0.203792 1.40432 -0.60148 0.334168 1.13096 -0.503123 0.233626 1.69144 -0.484031 0.174511 1.6854 -0.471168 0.088586 1.68206 -0.358764 0.147246 1.85797 -0.253595 0.020768 1.85954 -0.191266 0.121052 1.9413 -0.3876 0.213021 1.91124 -0.187229 0.126407 2.01413 -0.173017 0.197322 2.02988 -0.167605 0.240735 2.03038 -0.378578 0.253126 1.90601 -0.48066 0.272257 1.68704 -0.552196 0.298218 1.41583 -0.56847 0.357667 1.1329 -0.615417 0.402365 0.892207 -0.630476 0.343637 0.817641 -0.648012 0.533404 0.936992 -0.667059 0.556944 0.836778 -0.657948 0.519996 0.840086 -0.621838 0.485469 0.911312 -0.564341 0.419397 0.941096 -0.609202 0.486505 0.936869 -0.62773 0.5082 0.934977 0.336819 0.313295 1.84659 0.334142 0.317876 1.80286 0.316954 0.360276 1.82337 0.299652 0.315774 1.8396 0.35211 0.258279 1.86153 0.335439 0.268148 1.76116 0.263492 0.255429 1.83363 0.35211 0.258279 1.86153 0.495812 0.272257 1.68704 0.453388 0.277542 1.68154 0.393731 0.253126 1.90601 0.182757 0.240735 2.03038 0.179978 0.256485 1.90191 0.14237 0.247054 2.00808 0.263492 0.255429 1.83363 0.007576 0.243972 2.05303 0.007576 0.260725 1.97498 0.067199 0.259506 1.94159 0.335439 0.268148 1.76116 0.373336 0.276174 1.6955 0.113721 0.233106 1.84478 0.299918 0.24267 1.72902 0.007576 0.222521 1.87444 0.118076 0.262587 1.90397 0.007576 0.310142 1.81307 0.115565 0.293011 1.80514 0.007576 0.368577 1.6251 0.173582 0.377905 1.61931 0.379154 0.283974 1.63558 0.279389 0.267883 1.77866 0.278919 0.281714 1.70338 0.32664 0.306846 1.58325 0.393149 0.233295 1.56263 0.420222 0.285184 1.59089 0.492173 0.298467 1.40795 0.567348 0.298218 1.41583 0.549407 0.361649 1.13268 0.583623 0.357667 1.1329 0.396582 0.236367 1.39319 0.006508 0.385131 1.39157 0.193765 0.408788 1.40943 0.355582 0.303922 1.39906 0.008077 0.387492 1.1499 0.236576 0.404202 1.16605 0.244611 0.298488 0.875709 0.009144 0.350783 0.803585 0.388919 0.268381 1.12334 0.467647 0.323311 0.923023 0.388854 0.293639 1.2612 0.530988 0.411847 0.929801 -0.226322 0.298488 0.875709 -0.218287 0.404202 1.16605 -0.373766 0.268381 1.12334 -0.452495 0.323311 0.923023 -0.534255 0.361649 1.13268 -0.373702 0.293639 1.2612 -0.477021 0.298467 1.40795 -0.552196 0.298218 1.41583 -0.56847 0.357667 1.1329 -0.40507 0.285184 1.59089 -0.438236 0.277542 1.68154 -0.48066 0.272257 1.68704 -0.336958 0.258279 1.86153 -0.378578 0.253126 1.90601 -0.167605 0.240735 2.03038 -0.164826 0.256485 1.90191 -0.127218 0.247054 2.00808 -0.24834 0.255429 1.83363 -0.052047 0.259506 1.94159 -0.320286 0.268148 1.76116 -0.358183 0.276174 1.6955 -0.098568 0.233106 1.84478 -0.284766 0.24267 1.72902 -0.102924 0.262587 1.90397 -0.100412 0.293011 1.80514 -0.15843 0.377905 1.61931 -0.364002 0.283974 1.63558 -0.264237 0.267883 1.77866 -0.263767 0.281714 1.70338 -0.311487 0.306846 1.58325 -0.377996 0.233295 1.56263 -0.381429 0.236367 1.39319 -0.178613 0.408788 1.40943 -0.34043 0.303922 1.39906 0.72428 0.688747 1.0048 0.709722 0.627656 0.958615 0.712147 0.653907 0.956842 0.726135 0.689199 1.03397 0.726874 0.713429 1.00607 0.729413 0.757659 1.07627 0.7428 0.67589 1.0484 0.745793 0.692424 1.09476 0.749517 0.722186 1.13231 0.605561 0.446146 1.98083 0.58182 0.428445 1.8589 0.569335 0.541454 1.95158 0.612494 0.349246 1.99265 0.598928 0.280652 1.97466 0.60618 0.28085 1.99618 0.597984 0.271042 1.99113 0.582533 0.280506 1.99818 0.491317 0.411002 2.0051 0.450067 0.434586 2.19331 0.457264 0.416299 2.06904 0.401746 0.553706 2.1194 0.46188 0.313797 2.20361 0.458373 0.235128 2.19075 0.455074 0.229693 2.16555 0.450381 0.223027 2.18056 0.430821 0.229066 2.17537 0.304266 0.39939 2.13827 0.316954 0.360276 1.82337 0.30483 0.316716 1.81149 0.299652 0.315774 1.8396 0.263492 0.255429 1.83363 0.279389 0.267883 1.77866 0.335439 0.268148 1.76116 0.334142 0.317876 1.80286 0.130061 0.317247 1.94517 0.104218 0.320329 1.96816 0.134514 0.363172 1.96704 0.067199 0.259506 1.94159 0.118076 0.262587 1.90397 0.166129 0.315485 1.94514 0.179978 0.256485 1.90191 0.407119 0.336426 1.68649 0.446807 0.33558 1.67751 0.421185 0.380771 1.663 0.431464 0.341029 1.63216 0.453388 0.277542 1.68154 0.373336 0.276174 1.6955 0.420222 0.285184 1.59089 0.405938 0.338632 1.65336 0.407119 0.336426 1.68649 0.421185 0.380771 1.663 0.431464 0.341029 1.63216 0.379154 0.283974 1.63558 0.373336 0.276174 1.6955 0.420222 0.285184 1.59089 0.134514 0.363172 1.96704 0.141958 0.307166 1.99967 0.166129 0.315485 1.94514 0.104218 0.320329 1.96816 0.14237 0.247054 2.00808 0.179978 0.256485 1.90191 0.067199 0.259506 1.94159 0.077755 1.45368 0.073285 0.073856 1.44604 -0.015377 0.082299 1.46258 0.176613 0.495812 0.272257 1.68704 0.393731 0.253126 1.90601 0.724323 0.524602 1.48778 0.699939 0.532856 1.4231 0.634106 0.512173 1.41931 0.635737 0.501353 1.548 0.636308 0.461636 1.5471 0.304266 0.39939 2.13827 0.246868 0.398342 2.15858 0.095967 0.561334 2.20601 0.007576 0.68147 2.20638 0.007576 0.566212 2.20621 0.068262 0.383254 2.18648 0.007576 0.383214 2.18659 0.007576 0.883713 2.1959 0.007576 1.15099 2.15146 0.233876 1.49329 1.78844 0.007576 1.51484 1.81351 0.007576 1.38048 2.00933 -0.218724 1.49329 1.78844 -0.080814 0.561334 2.20601 -0.05311 0.383254 2.18648 -0.289114 0.39939 2.13827 -0.231715 0.398342 2.15858 -0.476164 0.411002 2.0051 -0.442111 0.416299 2.06904 0.156056 0.181716 2.22605 0.15992 0.193107 2.24004 0.13761 0.194657 2.21814 0.165346 0.194219 2.21441 0.175649 0.294059 2.27091 0.068262 0.383254 2.18648 0.18797 0.439153 2.26288 0.186062 0.561207 2.19647 0.246868 0.398342 2.15858 0.666332 0.316987 1.78563 0.675371 0.327461 1.78843 0.656677 0.325549 1.79499 0.663868 0.327935 1.7704 0.674614 0.373876 1.78812 0.625763 0.450332 1.70333 0.668272 0.430766 1.78554 0.639111 0.531967 1.77631 0.598402 0.431649 1.81138 0.635244 0.45801 1.6495 0.678546 0.364347 1.60237 0.687301 0.375865 1.60522 0.666248 0.372789 1.61261 0.636308 0.461636 1.5471 0.668461 0.370865 1.59199 0.668469 0.536509 1.62211 0.698172 0.532581 1.55805 0.582708 0.419771 1.36642 0.571743 0.366276 1.33161 0.612639 0.434616 1.34032 0.592189 0.42216 1.30679 0.58556 0.478426 1.29389 0.618001 0.498807 1.34754 0.570445 0.474395 1.3893 0.581447 0.421015 1.41631 0.60402 0.428347 1.45298 0.565275 0.360586 1.44516 0.573771 0.416957 1.47902 0.558936 0.473443 1.50033 0.607077 0.492335 1.45868 0.571127 0.480105 1.40001 0.565275 0.360586 1.44516 0.547567 0.411179 1.44518 0.581447 0.421015 1.41631 0.573771 0.416957 1.47902 0.517141 0.463619 1.44619 0.558936 0.473443 1.50033 0.571127 0.480105 1.40001 0.582708 0.419771 1.36642 0.557782 0.414355 1.33358 0.571743 0.366276 1.33161 0.592189 0.42216 1.30679 0.530686 0.465178 1.33676 0.570445 0.474395 1.3893 0.58556 0.478426 1.29389 0.62514 0.439614 1.24303 0.586049 0.37592 1.23215 0.604305 0.427648 1.21099 0.596064 0.424786 1.26067 0.582412 0.474854 1.27925 0.628601 0.499219 1.25103 0.595532 0.479614 1.19977 0.570484 0.417935 1.23275 0.604305 0.427648 1.21099 0.586049 0.37592 1.23215 0.596064 0.424786 1.26067 0.54164 0.463327 1.23458 0.582412 0.474854 1.27925 0.595532 0.479614 1.19977 0.631977 0.43932 1.14572 0.589251 0.382799 1.14273 0.608294 0.432819 1.11708 0.606641 0.427921 1.16665 0.598674 0.475199 1.18066 0.638956 0.493996 1.14717 0.60121 0.483071 1.10134 0.576843 0.430135 1.14131 0.608294 0.432819 1.11708 0.589251 0.382799 1.14273 0.606641 0.427921 1.16665 0.598674 0.475199 1.18066 0.550953 0.478082 1.14011 0.60121 0.483071 1.10134 0.068262 0.383254 2.18648 0.149517 0.198542 2.20074 0.13761 0.194657 2.21814 0.153019 0.383587 2.13953 0.165346 0.194219 2.21441 0.156056 0.181716 2.22605 0.246868 0.398342 2.15858 0.430821 0.229066 2.17537 0.366224 0.389006 2.06686 0.43435 0.230713 2.152 0.304266 0.39939 2.13827 0.455074 0.229693 2.16555 0.450381 0.223027 2.18056 0.457264 0.416299 2.06904 0.647202 0.329109 1.77836 0.663868 0.327935 1.7704 0.666332 0.316987 1.78563 0.586039 0.428045 1.74852 0.625763 0.450332 1.70333 0.598402 0.431649 1.81138 0.656677 0.325549 1.79499 0.625763 0.450332 1.70333 0.635244 0.45801 1.6495 0.491317 0.411002 2.0051 0.457264 0.416299 2.06904 0.491317 0.411002 2.0051 0.572729 0.278543 1.97363 0.582533 0.280506 1.99818 0.507016 0.400147 1.91136 0.597984 0.271042 1.99113 0.598928 0.280652 1.97466 0.58182 0.428445 1.8589 0.666248 0.372789 1.61261 0.615881 0.452656 1.59767 0.65632 0.372942 1.60178 0.635244 0.45801 1.6495 0.668461 0.370865 1.59199 0.678546 0.364347 1.60237 0.636308 0.461636 1.5471 0.719285 0.648977 1.3477 0.711415 0.667988 1.42602 0.713444 0.636937 1.42772 0.727733 0.706841 1.32062 0.723705 0.651536 1.32375 0.710908 0.642661 1.48792 0.743545 0.771626 1.28056 0.741403 0.75458 1.26774 0.699939 0.532856 1.4231 0.634106 0.512173 1.41931 0.646732 0.529057 1.42181 0.683742 0.883162 0.145383 0.310943 1.42193 0.172327 0.840839 0.199252 -1.05863 0.654637 0.19441 -0.972972 0.654637 0.201152 -0.972972 0.840839 0.192667 -1.05863 0.611318 0.545938 -2.1456 0.538061 0.537652 -2.10153 0.538061 0.545238 -2.10153 0.611318 0.553922 -2.1456 1.33761 0.650878 -3.35014 1.32566 0.644062 -3.43678 1.32566 0.652933 -3.43678 1.33761 0.660087 -3.35014 1.40361 0.658425 -3.39436 1.40361 0.648473 -3.39436 1.47603 0.647797 -3.53823 1.47603 0.638502 -3.53823 1.68196 0.641801 -3.64022 1.68196 0.633014 -3.64022 -0.641873 0.526302 1.08378 -0.648012 0.533404 0.936992 -0.62773 0.5082 0.934977 -0.672309 0.562998 0.945091 -0.60965 0.489693 1.0852 -0.609202 0.486505 0.936869 -0.623803 0.493996 1.14717 -0.636274 0.517072 1.22324 -0.613448 0.499219 1.25103 -0.627461 0.51627 1.27672 -0.58038 0.479614 1.19977 -0.583522 0.475199 1.18066 -0.586058 0.483071 1.10134 -0.535801 0.478082 1.14011 -0.526487 0.463327 1.23458 -0.501751 0.53509 1.21875 -0.544001 0.491216 0.925708 -0.383754 0.535896 1.21915 -0.452015 0.488879 0.851513 -0.318604 0.581289 1.1002 -0.270176 0.577278 1.3373 -0.207699 0.589102 1.58688 -0.359243 0.560992 1.35033 -0.480488 0.53519 1.37254 -0.195305 0.548478 1.94641 -0.137867 0.383587 2.13953 -0.05311 0.383254 2.18648 -0.231715 0.398342 2.15858 -0.289114 0.39939 2.13827 -0.351071 0.389006 2.06686 -0.335716 0.562713 1.78335 -0.334732 0.586088 1.48151 -0.442111 0.416299 2.06904 -0.476164 0.411002 2.0051 -0.491863 0.400147 1.91136 -0.566667 0.428445 1.8589 -0.583249 0.431649 1.81138 -0.570887 0.428045 1.74852 -0.459225 0.535289 1.52634 -0.610611 0.450332 1.70333 -0.620092 0.45801 1.6495 -0.600729 0.452656 1.59767 -0.543784 0.473443 1.50033 -0.578416 0.486225 1.51896 -0.591925 0.492335 1.45868 -0.620584 0.501353 1.548 -0.618953 0.512173 1.41931 -0.602848 0.498807 1.34754 -0.625512 0.517344 1.33923 -0.555975 0.480105 1.40001 -0.555292 0.474395 1.3893 -0.501989 0.463619 1.44619 -0.515534 0.465178 1.33676 -0.621156 0.461636 1.5471 -0.570408 0.478426 1.29389 -0.56726 0.474854 1.27925 -0.63158 0.529057 1.42181 -0.648908 0.542909 1.34429 -0.668994 0.543606 1.27952 -0.674411 0.551215 1.22448 -0.678305 0.554582 1.08465 -0.717075 0.849007 0.268271 -0.759921 0.804082 0.36007 -0.740857 0.838453 0.366806 -0.73478 0.819209 0.257841 -0.722295 0.795793 0.23578 -0.707209 0.781084 0.237697 -0.701576 0.766157 0.354489 -0.740757 0.776386 0.356336 -0.648908 0.542909 1.34429 -0.684786 0.532856 1.4231 -0.714049 0.527726 1.35387 -0.63158 0.529057 1.42181 -0.715389 0.564053 1.42587 -0.755194 0.568027 1.35674 -0.668994 0.543606 1.27952 -0.730557 0.532008 1.28646 -0.674411 0.551215 1.22448 -0.739978 0.526185 1.23038 -0.678305 0.554582 1.08465 -0.740368 0.520862 1.081 -0.772806 0.573504 0.95297 -0.732142 0.532527 0.946115 -0.780226 0.561945 1.08302 -0.779994 0.567568 1.22995 -0.764113 0.611347 0.95911 -0.771456 0.60098 1.08535 -0.721242 0.623701 1.01768 -0.731919 0.619019 1.08758 -0.770677 0.607375 1.23023 -0.720205 0.629342 1.23004 -0.763572 0.61426 1.29014 -0.725018 0.647003 1.29412 -0.770977 0.57316 1.28825 -0.752428 0.617598 1.35765 -0.708553 0.651536 1.32375 -0.704133 0.648977 1.3477 -0.698291 0.636937 1.42772 -0.717527 0.601261 1.42811 -0.707276 0.7666 0.230609 -0.717948 0.70906 0.347203 -0.745092 0.730878 0.347282 -0.681848 0.753417 0.21795 -0.711721 0.713429 1.00607 -0.73445 0.720889 0.95843 -0.734864 0.695436 0.955802 -0.709127 0.688747 1.0048 -0.710886 0.850282 0.184975 -0.668662 0.916454 -0.052258 -0.680378 0.897784 -0.054485 -0.721892 0.835069 0.179396 -0.73478 0.819209 0.257841 -0.717075 0.849007 0.268271 -0.664489 0.874795 0.251031 -0.669224 0.860886 0.269573 -0.722295 0.795793 0.23578 -0.722752 0.811004 0.17276 -0.695601 0.788474 0.169507 -0.707209 0.781084 0.237697 -0.681973 0.87037 -0.05751 -0.671463 0.852095 -0.06141 -0.660996 0.845658 -0.062093 -0.682902 0.777684 0.169044 -0.681848 0.753417 0.21795 -0.707276 0.7666 0.230609 -0.707209 0.781084 0.237697 -0.148759 1.50932 0.196094 -0.225007 1.49944 0.235593 -0.148064 1.51391 0.247725 -0.225833 1.49644 0.193571 -0.069385 1.50932 0.194539 -0.06882 1.51549 0.255779 -0.09891 1.48688 0.270206 -0.074342 1.48294 0.270593 -0.422126 1.42493 0.222361 -0.243474 1.45845 0.254278 -0.405857 1.39676 0.2458 -0.324 1.4672 0.188464 -0.25183 1.44729 0.17362 -0.17546 1.45799 0.176987 -0.41643 1.42311 0.184854 -0.495592 1.36805 0.180229 -0.416844 1.36635 0.167216 -0.466595 1.33209 0.164561 -0.500493 1.36875 0.219101 -0.56339 1.29956 0.177938 -0.567496 1.29916 0.218175 -0.570593 1.26331 0.212584 -0.567971 1.26428 0.1799 -0.59151 1.26072 0.214376 -0.555758 1.25364 0.231616 -0.575829 1.22979 0.241847 -0.641927 1.18301 0.212353 -0.589176 1.26062 0.174652 -0.640901 1.18312 0.168679 -0.619231 1.171 0.239871 -0.554204 1.22121 0.160113 -0.538957 1.24338 0.170481 -0.528076 1.26292 0.16346 -0.555721 1.2673 0.243652 -0.673833 1.09592 0.166481 -0.67355 1.09559 0.214106 -0.691913 1.00986 0.16622 -0.690272 1.00936 0.214973 -0.664309 1.03181 0.242153 -0.649533 1.09186 0.241656 -0.693602 0.921866 0.167536 -0.66584 0.991385 0.152101 -0.668161 0.918685 0.151853 -0.66859 0.883162 0.145383 -0.710886 0.850282 0.184975 -0.6906 0.9212 0.217416 -0.664489 0.874795 0.251031 -0.666897 0.930843 0.245045 -0.662693 0.969829 0.244225 -0.646064 1.0694 0.15403 -0.698838 0.650096 0.119151 -0.682783 0.528818 -0.054328 -0.704147 0.513495 0.11943 -0.710031 0.615147 0.329307 -0.702302 0.502918 0.311603 -0.682902 0.777684 0.169044 -0.681848 0.753417 0.21795 -0.656462 0.90278 0.042663 -0.668161 0.918685 0.151853 -0.653644 0.931846 0.041266 -0.66584 0.991385 0.152101 -0.66859 0.883162 0.145383 -0.632499 1.03865 0.027728 -0.637976 0.959252 -0.049576 -0.646064 1.0694 0.15403 -0.550277 1.18171 0.033276 -0.554204 1.22121 0.160113 -0.517286 1.24441 0.034368 -0.538957 1.24338 0.170481 -0.528076 1.26292 0.16346 -0.624403 1.0203 -0.047656 -0.438718 1.32748 0.051131 -0.466595 1.33209 0.164561 -0.416844 1.36635 0.167216 -0.363354 1.38365 0.072235 -0.295791 1.42193 0.172327 -0.264621 1.42294 0.085487 -0.255021 1.41285 -0.02339 -0.214745 1.44114 0.080029 -0.062603 1.45368 0.073285 -0.192246 1.43212 -0.019669 -0.17546 1.45799 0.176987 -0.067147 1.46258 0.176613 -0.345974 1.37701 -0.029839 -0.25183 1.44729 0.17362 -0.436947 1.31044 -0.036931 -0.510323 1.23247 -0.048947 -0.547787 1.15665 -0.047173 -1.5363 0.664636 -3.26905 -1.36926 0.604492 -3.03118 -1.44609 0.679027 -2.99528 -1.47363 0.601856 -3.30238 -1.32245 0.650878 -3.35014 -1.20385 0.613143 -3.1384 -1.38845 0.648473 -3.39436 -1.46088 0.638502 -3.53823 -1.66681 0.633014 -3.64022 -1.66681 0.641801 -3.64022 -1.47548 0.708574 -3.31043 -1.37018 0.723387 -3.0352 -1.20569 0.719726 -3.14644 -1.32245 0.660087 -3.35014 -1.14638 0.65823 -3.34054 -1.31051 0.652933 -3.43678 -1.38845 0.658425 -3.39436 -1.46088 0.647797 -3.53823 -1.66681 0.641801 -3.64022 -1.5363 0.664636 -3.26905 -1.44609 0.679027 -2.99528 -0.18175 0.562649 -2.64031 -0.280722 0.677398 -2.56834 -0.294341 0.571858 -2.67614 -0.205304 0.684816 -2.50689 -0.150003 0.570935 -2.92697 -0.328475 0.604631 -2.93389 -0.164739 0.729975 -2.63835 -0.294341 0.731818 -2.67614 -0.303609 0.719357 -2.74517 -0.071367 0.742678 -3.04503 -0.129195 0.660896 -3.00346 -0.144264 0.720833 -2.89376 -0.825687 0.199252 -1.05863 -0.768231 0.214742 -0.911241 -0.639484 0.201152 -0.972972 -0.779386 0.197832 -0.906354 -0.825687 0.192667 -1.05863 -0.318989 0.317876 1.80286 -0.321666 0.313295 1.84659 -0.301801 0.360276 1.82337 -0.284499 0.315774 1.8396 -0.336958 0.258279 1.86153 -0.320286 0.268148 1.76116 -0.24834 0.255429 1.83363 -0.709127 0.688747 1.0048 -0.69457 0.627656 0.958615 -0.710983 0.689199 1.03397 -0.696995 0.653907 0.956842 -0.711721 0.713429 1.00607 -0.71426 0.757659 1.07627 -0.727648 0.67589 1.0484 -0.730641 0.692424 1.09476 -0.715609 0.770713 1.00878 -0.720112 0.751806 0.966779 -0.566667 0.428445 1.8589 -0.590409 0.446146 1.98083 -0.554182 0.541454 1.95158 -0.597341 0.349246 1.99265 -0.583776 0.280652 1.97466 -0.591028 0.28085 1.99618 -0.582832 0.271042 1.99113 -0.56738 0.280506 1.99818 -0.476164 0.411002 2.0051 -0.442111 0.416299 2.06904 -0.434914 0.434586 2.19331 -0.386594 0.553706 2.1194 -0.446727 0.313797 2.20361 -0.443221 0.235128 2.19075 -0.439922 0.229693 2.16555 -0.435228 0.223027 2.18056 -0.415668 0.229066 2.17537 -0.289114 0.39939 2.13827 -0.289678 0.316716 1.81149 -0.301801 0.360276 1.82337 -0.284499 0.315774 1.8396 -0.24834 0.255429 1.83363 -0.264237 0.267883 1.77866 -0.320286 0.268148 1.76116 -0.318989 0.317876 1.80286 -0.089065 0.320329 1.96816 -0.114908 0.317247 1.94517 -0.119362 0.363172 1.96704 -0.052047 0.259506 1.94159 -0.102924 0.262587 1.90397 -0.150977 0.315485 1.94514 -0.164826 0.256485 1.90191 -0.431654 0.33558 1.67751 -0.391967 0.336426 1.68649 -0.406033 0.380771 1.663 -0.416312 0.341029 1.63216 -0.438236 0.277542 1.68154 -0.358183 0.276174 1.6955 -0.40507 0.285184 1.59089 -0.391967 0.336426 1.68649 -0.390785 0.338632 1.65336 -0.406033 0.380771 1.663 -0.416312 0.341029 1.63216 -0.364002 0.283974 1.63558 -0.358183 0.276174 1.6955 -0.40507 0.285184 1.59089 -0.126805 0.307166 1.99967 -0.119362 0.363172 1.96704 -0.150977 0.315485 1.94514 -0.089065 0.320329 1.96816 -0.127218 0.247054 2.00808 -0.164826 0.256485 1.90191 -0.052047 0.259506 1.94159 -0.664489 0.874795 0.251031 -0.669224 0.860886 0.269573 -0.666897 0.930843 0.245045 -0.693231 0.937502 0.368549 -0.694076 0.844893 0.371931 -0.662693 0.969829 0.244225 -0.677764 1.05818 0.374089 -0.649533 1.09186 0.241656 -0.605827 1.20889 0.384381 -0.415339 1.41082 0.30094 -0.254951 1.46264 0.33258 -0.243474 1.45845 0.254278 -0.405857 1.39676 0.2458 -0.512569 1.33753 0.296237 -0.421152 1.42089 0.40058 -0.526933 1.32863 0.391265 -0.572032 1.25513 0.303679 -0.074342 1.48294 0.270593 -0.254951 1.46264 0.33258 -0.073888 1.49819 0.345111 -0.09891 1.48688 0.270206 -0.243474 1.45845 0.254278 -0.555721 1.2673 0.243652 -0.555758 1.25364 0.231616 -0.575829 1.22979 0.241847 -0.476675 1.34721 0.2437 -0.619231 1.171 0.239871 -0.473919 0.044935 1.39379 -0.592304 0.154856 1.10555 -0.272549 -0.024334 1.67972 -0.295472 -0.02563 1.40088 -0.596165 0.553922 -2.1456 -0.577744 0.560289 -2.03303 -0.562898 0.573744 -2.04165 -0.522909 0.545238 -2.10153 -0.70917 0.524602 1.48778 -0.684786 0.532856 1.4231 -0.618953 0.512173 1.41931 -0.620584 0.501353 1.548 -0.610611 0.450332 1.70333 -0.620092 0.45801 1.6495 -0.144767 0.193107 2.24004 -0.140903 0.181716 2.22605 -0.122458 0.194657 2.21814 -0.150194 0.194219 2.21441 -0.160496 0.294059 2.27091 -0.05311 0.383254 2.18648 -0.172818 0.439153 2.26288 -0.17091 0.561207 2.19647 -0.231715 0.398342 2.15858 -0.660219 0.327461 1.78843 -0.651179 0.316987 1.78563 -0.641525 0.325549 1.79499 -0.648716 0.327935 1.7704 -0.659462 0.373876 1.78812 -0.610611 0.450332 1.70333 -0.653119 0.430766 1.78554 -0.623959 0.531967 1.77631 -0.583249 0.431649 1.81138 -0.663394 0.364347 1.60237 -0.620092 0.45801 1.6495 -0.672149 0.375865 1.60522 -0.651096 0.372789 1.61261 -0.621156 0.461636 1.5471 -0.653308 0.370865 1.59199 -0.670608 0.46475 1.61621 -0.653316 0.536509 1.62211 -0.556591 0.366276 1.33161 -0.567556 0.419771 1.36642 -0.597487 0.434616 1.34032 -0.577037 0.42216 1.30679 -0.555292 0.474395 1.3893 -0.602848 0.498807 1.34754 -0.570408 0.478426 1.29389 -0.588867 0.428347 1.45298 -0.566295 0.421015 1.41631 -0.550123 0.360586 1.44516 -0.558619 0.416957 1.47902 -0.555975 0.480105 1.40001 -0.591925 0.492335 1.45868 -0.543784 0.473443 1.50033 -0.532414 0.411179 1.44518 -0.550123 0.360586 1.44516 -0.566295 0.421015 1.41631 -0.558619 0.416957 1.47902 -0.501989 0.463619 1.44619 -0.555975 0.480105 1.40001 -0.543784 0.473443 1.50033 -0.542629 0.414355 1.33358 -0.567556 0.419771 1.36642 -0.556591 0.366276 1.33161 -0.577037 0.42216 1.30679 -0.570408 0.478426 1.29389 -0.515534 0.465178 1.33676 -0.555292 0.474395 1.3893 -0.589152 0.427648 1.21099 -0.570897 0.37592 1.23215 -0.609988 0.439614 1.24303 -0.580912 0.424786 1.26067 -0.58038 0.479614 1.19977 -0.613448 0.499219 1.25103 -0.56726 0.474854 1.27925 -0.589152 0.427648 1.21099 -0.555332 0.417935 1.23275 -0.570897 0.37592 1.23215 -0.580912 0.424786 1.26067 -0.58038 0.479614 1.19977 -0.526487 0.463327 1.23458 -0.56726 0.474854 1.27925 -0.593142 0.432819 1.11708 -0.574098 0.382799 1.14273 -0.616825 0.43932 1.14572 -0.591489 0.427921 1.16665 -0.586058 0.483071 1.10134 -0.623803 0.493996 1.14717 -0.583522 0.475199 1.18066 -0.593142 0.432819 1.11708 -0.561691 0.430135 1.14131 -0.574098 0.382799 1.14273 -0.591489 0.427921 1.16665 -0.586058 0.483071 1.10134 -0.535801 0.478082 1.14011 -0.583522 0.475199 1.18066 -0.134364 0.198542 2.20074 -0.05311 0.383254 2.18648 -0.122458 0.194657 2.21814 -0.137867 0.383587 2.13953 -0.150194 0.194219 2.21441 -0.140903 0.181716 2.22605 -0.231715 0.398342 2.15858 -0.415668 0.229066 2.17537 -0.351071 0.389006 2.06686 -0.289114 0.39939 2.13827 -0.419197 0.230713 2.152 -0.439922 0.229693 2.16555 -0.435228 0.223027 2.18056 -0.442111 0.416299 2.06904 -0.648716 0.327935 1.7704 -0.63205 0.329109 1.77836 -0.651179 0.316987 1.78563 -0.570887 0.428045 1.74852 -0.610611 0.450332 1.70333 -0.583249 0.431649 1.81138 -0.641525 0.325549 1.79499 -0.557577 0.278543 1.97363 -0.476164 0.411002 2.0051 -0.56738 0.280506 1.99818 -0.491863 0.400147 1.91136 -0.582832 0.271042 1.99113 -0.583776 0.280652 1.97466 -0.566667 0.428445 1.8589 -0.621156 0.461636 1.5471 -0.653316 0.536509 1.62211 -0.620584 0.501353 1.548 -0.651096 0.372789 1.61261 -0.600729 0.452656 1.59767 -0.620092 0.45801 1.6495 -0.641167 0.372942 1.60178 -0.653308 0.370865 1.59199 -0.663394 0.364347 1.60237 -0.621156 0.461636 1.5471 -0.648012 0.533404 0.936992 -0.674387 0.564801 0.837243 -0.667059 0.556944 0.836778 -0.672309 0.562998 0.945091 -0.618953 0.512173 1.41931 -0.684786 0.532856 1.4231 -0.63158 0.529057 1.42181 -0.476675 1.34721 0.2437 -0.656462 0.90278 0.042663 -0.66859 0.883162 0.145383 -0.295791 1.42193 0.172327 -0.067147 1.46258 0.176613 -1.32245 0.650878 -3.35014 -1.31051 0.652933 -3.43678 -1.31051 0.644062 -3.43678 -1.32245 0.660087 -3.35014 -1.38845 0.658425 -3.39436 -1.38845 0.648473 -3.39436 -1.46088 0.647797 -3.53823 -1.46088 0.638502 -3.53823 -1.66681 0.641801 -3.64022 -1.66681 0.633014 -3.64022 0.640681 0.948795 -0.16982 0.622032 0.979688 -0.172113 0.639556 1.0203 -0.047656 0.598823 1.0156 -0.175222 0.361126 1.37701 -0.029839 0.254268 1.39892 -0.160787 0.350118 1.36184 -0.172188 0.167754 1.41906 -0.14791 0.073874 1.43853 -0.072928 0.073892 1.43083 -0.131985 0.218734 1.41267 -0.15656 0.4521 1.31044 -0.036931 0.410121 1.32274 -0.177765 0.441773 1.30483 -0.179961 0.456249 1.27422 -0.180237 0.562939 1.15665 -0.047173 0.47297 1.25662 -0.181133 0.514242 1.2132 -0.183345 0.558808 1.11508 -0.180629 0.569621 1.06098 -0.179116 0.709229 0.844893 0.371931 0.655276 1.18842 0.472349 0.554587 1.3343 0.513527 0.542085 1.32863 0.391265 0.427754 1.42693 0.476727 0.541276 1.34758 0.626764 0.404675 1.43035 0.627014 0.248256 1.47625 0.497637 0.258441 1.46824 0.614044 0.086611 1.52237 0.565356 0.087762 1.5173 0.480872 0.252911 1.47766 0.411779 0.088578 1.5137 0.420937 0.750401 0.834901 0.620689 0.7287 0.825436 0.523013 0.730594 0.850743 0.586323 0.08021 1.37712 -0.537358 0.077972 1.38465 -0.487659 0.100023 1.37309 -0.537957 0.139619 1.36505 -0.539154 0.189442 1.35493 -0.540659 0.220272 1.357 -0.483004 0.073774 1.39877 -0.394434 0.232922 1.37067 -0.394975 0.073548 1.4095 -0.312518 0.244551 1.3797 -0.320487 0.352158 1.31696 -0.39637 0.358795 1.3291 -0.324479 0.345159 1.3057 -0.462807 0.35079 1.35441 -0.24921 0.240814 1.39465 -0.244023 0.462904 1.21157 -0.397288 0.455152 1.19401 -0.462043 0.340828 1.30027 -0.543756 0.445894 1.17303 -0.539378 0.492989 1.12234 -0.464819 0.496251 1.09896 -0.534246 0.521098 1.05795 -0.531568 0.544508 1.03472 -0.472276 0.073355 1.41872 -0.242182 0.463104 1.26667 -0.253112 0.507463 1.17655 -0.323528 0.530793 1.16437 -0.256037 0.565379 1.1233 -0.258425 0.543119 1.10246 -0.337157 0.585207 1.07405 -0.260566 0.601014 0.990041 -0.335156 0.629943 0.973294 -0.268181 0.518956 1.11204 -0.398692 0.57345 1.006 -0.398971 0.634739 1.22456 0.62481 0.670016 1.14243 0.620512 0.688596 1.09488 0.492208 0.702077 1.05457 0.61355 0.724936 0.978063 0.605382 0.715514 0.956217 0.454502 0.7287 0.825436 0.523013 0.727765 0.914403 0.595852 0.730594 0.850743 0.586323 0.421629 1.16449 -0.721413 0.355062 1.20527 -0.818108 0.36952 1.20383 -0.759759 0.302506 1.25442 -0.809073 0.321845 1.27331 -0.706599 0.224607 1.30611 -0.715969 0.330317 1.2897 -0.605017 0.228894 1.33077 -0.607049 0.153649 1.32925 -0.701544 0.131313 1.3193 -0.75877 0.192245 1.29197 -0.829298 0.143 1.35439 -0.608024 0.078609 1.34185 -0.684868 0.079485 1.35751 -0.608769 0.077742 1.32633 -0.760329 0.107559 1.30527 -0.841777 0.085505 1.30699 -0.848095 0.107185 1.28526 -0.935141 0.093388 1.28734 -0.937223 0.178528 1.28637 -0.873454 0.175524 1.27495 -0.924829 0.235934 1.2553 -0.919488 0.293586 1.24196 -0.870544 0.287141 1.23296 -0.914961 0.491889 1.07541 -0.604553 0.459651 1.12674 -0.603865 0.405247 1.19516 -0.603713 0.405247 1.19516 -0.603713 -0.339909 1.20527 -0.818108 -0.406477 1.16449 -0.721413 -0.354367 1.20383 -0.759759 -0.287354 1.25442 -0.809073 -0.306693 1.27331 -0.706599 -0.209454 1.30611 -0.715969 -0.315164 1.2897 -0.605017 -0.213742 1.33077 -0.607049 -0.138496 1.32925 -0.701544 -0.11616 1.3193 -0.75877 -0.177093 1.29197 -0.829298 -0.127847 1.35439 -0.608024 -0.063457 1.34185 -0.684868 -0.064332 1.35751 -0.608769 -0.062589 1.32633 -0.760329 -0.092406 1.30527 -0.841777 -0.070352 1.30699 -0.848095 -0.092032 1.28526 -0.935141 -0.078236 1.28734 -0.937223 -0.163376 1.28637 -0.873454 -0.160372 1.27495 -0.924829 -0.220782 1.2553 -0.919488 -0.278434 1.24196 -0.870544 -0.271989 1.23296 -0.914961 -0.476736 1.07541 -0.604553 -0.444499 1.12674 -0.603865 -0.390094 1.19516 -0.603713 -0.390094 1.19516 -0.603713 0.007569 0.53055 0.723452 0.007576 1.55282 0.886673 0.036522 1.54785 0.990317 0.036692 1.5585 0.886145 0.007576 1.55196 0.994637 -0.02137 1.54785 0.990317 0.007576 1.58663 1.02891 0.02931 1.59729 0.99793 0.007576 1.61001 0.856943 0.030913 1.60304 0.890529 0.025874 1.59913 0.943285 -0.02154 1.5585 0.886145 -0.014157 1.59729 0.99793 -0.01576 1.60304 0.890529 -0.010722 1.59913 0.943285 0.007576 1.62446 1.28463 0.248304 1.59613 1.53234 0.252968 1.60275 1.2767 0.007576 1.62315 1.55598 0.442712 1.51513 1.50509 0.448648 1.52199 1.25624 0.25495 1.55351 1.03938 0.447121 1.49808 1.04162 0.572858 1.41094 1.22946 0.578602 1.40864 1.0318 0.66153 1.2481 1.18233 0.655813 1.247 1.40317 0.735283 1.11576 1.34011 0.7469 1.13244 1.13671 0.570658 1.39894 1.46663 0.667846 1.25196 0.998205 0.575787 1.39644 0.836797 0.676592 1.25222 0.823107 0.751589 1.13864 0.965552 0.755257 1.13953 0.795711 0.674756 1.2477 0.657666 0.757293 0.944333 1.28102 0.769136 0.970144 1.07898 0.75399 0.844945 1.11162 0.750667 0.795904 1.23994 0.749155 0.806886 1.15707 0.777388 0.994041 0.924607 0.75215 0.890927 0.934293 0.755259 0.87738 1.05477 0.75051 0.893424 0.852953 0.776188 0.988967 0.76062 0.750401 0.834901 0.620689 0.775206 0.98226 0.632013 0.746909 1.12521 0.648089 0.755364 0.748216 1.15109 0.751105 0.737248 1.23766 0.741403 0.75458 1.26774 0.160354 1.56475 1.03293 0.160127 1.56374 0.920421 0.081717 1.5778 0.965471 0.08059 1.56597 0.935281 0.07919 1.57983 0.913258 0.05958 1.58264 0.937022 0.030913 1.60304 0.890529 0.025874 1.59913 0.943285 0.02931 1.59729 0.99793 0.072037 1.57788 0.987189 0.041603 1.58089 1.00686 0.068055 1.55631 1.00919 0.056813 1.57412 1.03166 0.007576 1.58663 1.02891 0.007576 1.57774 1.0586 0.068008 1.583 0.877587 0.086198 1.57397 0.867713 0.087628 1.55994 0.79154 0.241 1.51391 0.815512 0.237292 1.51745 0.631988 0.083878 1.55156 0.605602 0.421564 1.45958 0.660596 0.434495 1.46733 0.83815 0.575785 1.3835 0.660324 0.049297 1.56738 0.843465 0.04466 1.58549 0.817212 0.056282 1.59148 0.786937 0.007576 1.60744 0.781897 0.007576 1.59783 0.828278 0.033649 1.59506 0.858839 0.007576 1.61001 0.856943 0.054407 1.59523 0.600812 0.007576 1.60852 0.595585 -0.018497 1.59506 0.858839 -0.01576 1.60304 0.890529 -0.029507 1.58549 0.817212 -0.04113 1.59148 0.786937 -0.072476 1.55994 0.79154 -0.034144 1.56738 0.843465 -0.052856 1.583 0.877587 -0.071046 1.57397 0.867713 -0.144974 1.56374 0.920421 -0.225847 1.51391 0.815512 -0.22214 1.51745 0.631988 -0.068725 1.55156 0.605602 -0.406412 1.45958 0.660596 -0.419343 1.46733 0.83815 -0.239797 1.55351 1.03938 -0.145201 1.56475 1.03293 -0.066565 1.5778 0.965471 -0.431969 1.49808 1.04162 -0.433496 1.52199 1.25624 -0.237816 1.60275 1.2767 -0.42756 1.51513 1.50509 -0.233151 1.59613 1.53234 -0.64066 1.247 1.40317 -0.555506 1.39894 1.46663 -0.557706 1.41094 1.22946 -0.646378 1.2481 1.18233 -0.72013 1.11576 1.34011 -0.731748 1.13244 1.13671 -0.652694 1.25196 0.998205 -0.736436 1.13864 0.965552 -0.56345 1.40864 1.0318 -0.560634 1.39644 0.836797 -0.66144 1.25222 0.823107 -0.740105 1.13953 0.795711 -0.762236 0.994041 0.924607 -0.761035 0.988967 0.76062 -0.735358 0.893424 0.852953 -0.736998 0.890927 0.934293 -0.753984 0.970144 1.07898 -0.740107 0.87738 1.05477 -0.742141 0.944333 1.28102 -0.738837 0.844945 1.11162 -0.735515 0.795904 1.23994 -0.734003 0.806886 1.15707 -0.735249 0.834901 0.620689 -0.760053 0.98226 0.632013 -0.731757 1.12521 0.648089 -0.659603 1.2477 0.657666 -0.740211 0.748216 1.15109 -0.735953 0.737248 1.23766 -0.69457 0.627656 0.958615 -0.721109 0.715583 1.29082 -0.72625 0.75458 1.26774 0.740425 0.855668 0.826066 0.811157 0.82354 0.646377 0.750401 0.834901 0.620689 0.773832 0.842319 0.86106 0.840708 0.779663 0.654761 0.792952 0.804815 0.872066 0.803472 0.829278 0.50936 0.7287 0.825436 0.523013 0.834195 0.779894 0.506524 0.709229 0.844893 0.371931 0.684377 0.860886 0.269573 0.742855 0.848184 0.93786 0.759156 0.807702 0.964759 0.778961 0.77298 0.881638 0.761231 0.779955 0.965691 0.735264 0.751806 0.966779 0.730761 0.770713 1.00878 0.723723 0.758245 0.880627 0.766029 0.740631 0.662275 0.817463 0.743982 0.659733 0.762154 0.735387 0.579215 0.811999 0.745906 0.503402 0.728865 0.814944 1.00216 0.758278 0.743078 0.496155 0.716728 0.766157 0.354489 0.687462 0.562998 0.945091 0.759291 0.60232 0.839389 0.724927 0.564281 0.838239 0.68954 0.564801 0.837243 0.720567 0.617037 0.670109 0.704758 0.594869 0.67102 0.728844 0.667402 0.481513 0.713295 0.64173 0.667216 0.746849 0.635591 0.843749 0.705542 0.646129 0.854323 0.007576 1.33912 -0.946866 0.063979 1.35825 -0.787855 0.065546 1.32812 -0.94649 0.007576 1.37656 -0.789315 0.085505 1.30699 -0.848095 0.077742 1.32633 -0.760329 0.093388 1.28734 -0.937223 0.083195 1.29971 -0.978597 0.066756 1.31722 -0.984737 0.061322 1.26644 -1.05644 0.052612 1.28311 -1.06119 0.007576 1.32702 -0.987696 0.007576 1.29105 -1.07728 0.095998 1.27811 -1.00442 0.049189 1.34644 -0.761963 0.007576 1.35204 -0.76218 0.044388 1.25365 -1.10183 0.007576 1.25588 -1.11863 -0.048826 1.35825 -0.787855 -0.037459 1.28311 -1.06119 -0.051604 1.31722 -0.984737 -0.04617 1.26644 -1.05644 -0.068043 1.29971 -0.978597 -0.050394 1.32812 -0.94649 -0.070352 1.30699 -0.848095 -0.062589 1.32633 -0.760329 -0.078236 1.28734 -0.937223 -0.080846 1.27811 -1.00442 -0.034037 1.34644 -0.761963 -0.029236 1.25365 -1.10183 0.716728 0.766157 0.354489 0.753185 0.75866 0.350086 0.722361 0.781084 0.237697 0.758278 0.743078 0.496155 0.780654 0.725486 0.488838 0.78787 0.689671 0.484646 0.757991 0.665969 0.484194 0.728844 0.667402 0.481513 0.757803 0.650495 0.574722 0.795555 0.696136 0.57522 0.795987 0.675015 0.664898 0.790912 0.717466 0.663607 0.762154 0.735387 0.579215 0.766029 0.740631 0.662275 0.764669 0.734164 0.873649 0.723723 0.758245 0.880627 0.775866 0.698109 0.87208 0.752918 0.663404 0.871767 0.757614 0.647956 0.665249 0.705542 0.646129 0.854323 0.713295 0.64173 0.667216 0.712147 0.653907 0.956842 0.095998 1.27811 -1.00442 0.083195 1.29971 -0.978597 0.132071 1.2943 -0.970811 0.093388 1.28734 -0.937223 0.107185 1.28526 -0.935141 0.175524 1.27495 -0.924829 0.182433 1.28715 -0.962788 0.233181 1.27036 -0.958876 0.235934 1.2553 -0.919488 0.297096 1.24226 -0.953951 0.27798 1.22209 -0.978124 0.369299 1.17907 -0.854294 0.374711 1.21407 -0.85015 0.287141 1.23296 -0.914961 0.355062 1.20527 -0.818108 0.452307 1.14941 -0.737427 0.421629 1.16449 -0.721413 0.435514 1.11959 -0.740966 0.491889 1.07541 -0.604553 0.525871 1.06801 -0.614142 0.526146 1.03942 -0.623988 0.51196 1.02165 -0.638221 0.554843 1.02967 -0.577085 0.536968 1.06492 -0.57004 0.161673 1.25731 -0.987707 0.683837 0.92132 -0.163656 0.670509 0.935977 -0.162195 0.640681 0.948795 -0.16982 0.664125 0.945343 -0.214936 0.686616 0.852095 -0.06141 0.686912 0.899371 -0.165799 0.676148 0.845658 -0.062093 0.67226 0.913155 -0.210774 0.662865 0.876315 -0.159675 0.667045 0.743717 -0.228459 0.662865 0.876315 -0.159675 0.676647 0.55156 -0.233458 0.674303 0.378678 -0.043742 0.693555 0.378819 0.11849 0.717454 0.502918 0.311603 0.657657 0.38382 -0.219837 0.711456 0.709196 0.34683 0.65194 0.580779 -0.408349 0.629222 0.789663 -0.408701 0.610187 0.610405 -0.612174 0.58725 0.840999 -0.568852 0.561493 0.882236 -0.664172 0.542442 0.985789 -0.545583 0.560506 0.628934 -0.866065 0.522127 0.86974 -0.855954 0.49761 0.657322 -1.14973 0.470607 0.500927 -1.14686 0.38689 0.531711 -1.49076 0.404531 0.649188 -1.49496 0.333622 0.419809 -1.48709 0.344333 0.564656 -1.73188 0.332976 0.510261 -1.77116 0.284109 0.487686 -1.81164 0.196169 0.325946 -1.48018 0.389111 0.327785 -1.14276 0.531968 0.445437 -0.882072 0.465987 0.237758 -0.896676 0.540818 0.262024 -0.679311 0.232533 0.204802 -1.13456 0.466305 0.865009 -1.16026 0.342444 1.07866 -1.16845 0.385615 0.827713 -1.49968 0.340675 0.619052 -1.77346 0.31278 0.78619 -1.81975 0.252789 0.939561 -1.8381 0.211473 0.87062 -2.18297 0.250759 0.735275 -2.16896 0.299129 0.547547 -1.9839 0.161149 0.504377 -2.15824 0.265853 0.584679 -2.16169 0.298623 1.00377 -1.50521 0.31053 0.549832 -1.96392 0.17519 0.434876 -1.81804 0.007576 0.397169 -1.82928 0.007576 0.474198 -2.16348 0.007576 0.273402 -1.47348 0.007576 0.147222 -1.12712 0.258164 0.077848 -0.868193 0.007576 0.008978 -0.835867 0.275183 0.006606 -0.644414 0.007576 -0.059725 -0.621219 0.297424 -0.068876 -0.401331 0.007576 -0.120762 -0.40207 0.313272 -0.124379 -0.162111 0.007576 -0.164113 -0.159421 0.32407 -0.154606 0.301644 0.007576 -0.186516 0.309466 0.462621 0.092651 -0.672096 0.418069 0.160617 -0.899991 0.463243 0.204305 -0.882944 0.538369 0.244989 -0.693444 0.473151 -0.046083 -0.168447 0.500949 -0.077473 0.304568 0.565023 0.079443 -0.179948 0.604357 0.077539 0.3216 0.633903 0.174515 -0.031031 0.648394 0.197143 0.297587 0.667626 0.283935 0.35876 0.626287 0.265168 -0.157279 0.640756 0.256686 -0.085829 0.669533 0.335222 -0.029347 0.687269 0.352417 0.282879 0.592461 0.261501 -0.404243 0.625569 0.402128 -0.406698 0.571561 0.422269 -0.654719 0.533189 0.191748 -0.641122 0.533865 0.19094 -0.659089 0.49673 0.1453 -0.692105 0.525774 0.088691 -0.401987 1.24506 0.245444 0.30522 1.21577 0.180432 0.214828 1.36603 0.177224 0.193104 1.12003 0.187178 0.268646 1.11915 0.252428 0.299717 1.38283 0.241733 0.223454 1.55018 0.221934 0.078926 1.53396 0.180831 0.083792 1.50752 0.202782 0.066004 1.34792 0.209553 0.156787 0.992693 0.194728 0.236426 0.984809 0.260244 0.252599 1.10676 0.217672 0.171688 1.22452 0.213114 0.153138 1.13674 0.223692 -0.164279 1.22141 0.220811 -0.180684 0.998063 0.221889 0.172111 0.81293 0.197925 0.250191 0.765349 0.185763 -0.065003 1.01684 0.227725 -0.169117 0.781732 0.226335 -0.099528 1.38418 0.201091 -0.171234 1.57644 0.17615 -0.077229 1.55816 0.200372 -0.090281 1.63415 0.171487 -0.263272 1.64948 0.202539 -0.246452 1.6852 0.169694 -0.411764 1.71642 0.200947 -0.427007 1.78395 0.166551 -0.578945 1.78395 0.17297 -0.578945 1.62852 0.18667 -0.417917 1.60065 0.198602 -0.274538 1.57839 0.201149 -0.48195 1.45335 0.225934 -0.312152 1.59097 0.21499 -0.06891 1.403 0.193434 -0.227858 1.39189 0.216766 -0.256208 1.28711 0.218504 -0.214099 0.056397 1.47195 -0.173122 0.007576 1.45299 -0.365839 0.007576 1.48484 -0.167809 0.073087 1.44042 -0.367695 0.084811 1.45272 -0.211504 0.081028 1.45567 -0.167399 0.073548 1.4095 -0.312518 0.073774 1.39877 -0.394434 0.05807 1.41644 -0.395677 0.007576 1.42911 -0.394317 0.066167 1.49092 -0.043678 0.073874 1.43853 -0.072928 0.073856 1.44604 -0.015377 0.041729 1.48763 0.005459 0.007576 1.50813 -0.03868 0.007576 1.50596 0.010392 0.073892 1.43083 -0.131985 0.073355 1.41872 -0.242182 -0.026577 1.48763 0.005459 -0.051015 1.49092 -0.043678 -0.058703 1.44604 -0.015377 -0.058721 1.43853 -0.072928 -0.065876 1.45567 -0.167399 -0.041244 1.47195 -0.173122 -0.057934 1.44042 -0.367695 -0.069659 1.45272 -0.211504 -0.058396 1.4095 -0.312518 -0.058621 1.39877 -0.394434 -0.042918 1.41644 -0.395677 -0.058739 1.43083 -0.131985 -0.058203 1.41872 -0.242182 0.662865 0.876315 -0.159675 0.678216 0.88926 -0.211566 0.67226 0.913155 -0.210774 0.640789 0.890659 -0.254345 0.680051 0.833329 -0.218239 0.667045 0.743717 -0.228459 0.167754 1.41906 -0.14791 0.22541 1.43241 -0.178106 0.153906 1.44806 -0.173045 0.218734 1.41267 -0.15656 0.156743 1.44541 -0.214512 0.084811 1.45272 -0.211504 0.081028 1.45567 -0.167399 0.227301 1.43006 -0.216935 0.314654 1.40033 -0.1881 0.3156 1.39827 -0.224289 0.399664 1.35782 -0.194031 0.350118 1.36184 -0.172188 0.254268 1.39892 -0.160787 0.399664 1.35607 -0.227582 0.474712 1.30072 -0.199375 0.473872 1.29963 -0.234219 0.534914 1.22847 -0.202924 0.533235 1.22804 -0.239061 0.463104 1.26667 -0.253112 0.530793 1.16437 -0.256037 0.583189 1.1543 -0.240963 0.584534 1.15512 -0.202029 0.565379 1.1233 -0.258425 0.619394 1.0736 -0.200886 0.618384 1.07238 -0.242617 0.637503 1.0259 -0.199629 0.598823 1.0156 -0.175222 0.569621 1.06098 -0.179116 0.636826 1.02429 -0.244158 0.654219 0.977506 -0.198847 0.653876 0.975496 -0.246173 0.664125 0.945343 -0.214936 0.629943 0.973294 -0.268181 0.640681 0.948795 -0.16982 0.558808 1.11508 -0.180629 0.514242 1.2132 -0.183345 0.49411 1.23438 -0.182266 0.47297 1.25662 -0.181133 0.456249 1.27422 -0.180237 0.441773 1.30483 -0.179961 0.410121 1.32274 -0.177765 0.622032 0.979688 -0.172113 0.340828 1.30027 -0.543756 0.452828 1.18484 -0.572634 0.34426 1.31684 -0.576115 0.445894 1.17303 -0.539378 0.405247 1.19516 -0.603713 0.330317 1.2897 -0.605017 0.189442 1.35493 -0.540659 0.228894 1.33077 -0.607049 0.143 1.35439 -0.608024 0.496692 1.12802 -0.571283 0.496251 1.09896 -0.534246 0.536968 1.06492 -0.57004 0.521098 1.05795 -0.531568 0.139619 1.36505 -0.539154 0.079485 1.35751 -0.608769 0.0873 1.38973 -0.578112 0.100023 1.37309 -0.537957 0.08021 1.37712 -0.537358 0.491889 1.07541 -0.604553 0.459651 1.12674 -0.603865 0.56498 1.0135 -0.533825 0.542442 0.985789 -0.545583 0.554843 1.02967 -0.577085 0.551769 1.04124 -0.529184 0.536968 1.06492 -0.57004 0.521098 1.05795 -0.531568 0.544508 1.03472 -0.472276 0.597865 0.995527 -0.402645 0.605703 0.962194 -0.406644 0.592316 0.931704 -0.403868 0.664125 0.945343 -0.214936 0.601014 0.990041 -0.335156 0.57345 1.006 -0.398971 0.67226 0.913155 -0.210774 0.640789 0.890659 -0.254345 0.629943 0.973294 -0.268181 0.792498 0.62164 -3.07501 1.04518 0.591216 -2.72228 0.766847 0.589728 -2.72696 1.28376 0.608744 -2.83218 1.31875 0.656957 -2.75585 1.16153 0.648826 -3.34054 1.03876 0.664661 -3.21882 1.07815 0.653073 -3.29911 1.32566 0.644062 -3.43678 0.952652 0.66927 -3.2471 0.953105 0.665019 -3.3868 0.774463 0.672834 -3.31703 0.706863 0.616392 -3.06662 0.530702 0.613988 -3.01187 0.556659 0.680321 -3.17187 0.673763 0.678863 -3.19675 0.455884 0.684272 -3.28263 0.522623 0.58824 -2.72373 0.316249 0.678695 -3.08685 0.144347 0.660896 -3.00346 0.542442 0.985789 -0.545583 0.560778 1.00328 -0.58987 0.554843 1.02967 -0.577085 0.51196 1.02165 -0.638221 0.565502 0.958748 -0.619741 0.561493 0.882236 -0.664172 0.541276 1.34758 0.626764 0.421564 1.45958 0.660596 0.575785 1.3835 0.660324 0.404675 1.43035 0.627014 0.258441 1.46824 0.614044 0.237292 1.51745 0.631988 0.086611 1.52237 0.565356 0.06727 1.55016 0.57259 0.083878 1.55156 0.605602 0.674756 1.2477 0.657666 0.634739 1.22456 0.62481 0.670016 1.14243 0.620512 0.746909 1.12521 0.648089 0.054407 1.59523 0.600812 0.037423 1.55641 0.574558 0.007576 1.56266 0.576525 0.007576 1.60852 0.595585 -0.039255 1.59523 0.600812 0.702077 1.05457 0.61355 0.775206 0.98226 0.632013 0.724936 0.978063 0.605382 0.727765 0.914403 0.595852 0.750401 0.834901 0.620689 0.730594 0.850743 0.586323 -0.02227 1.55641 0.574558 -0.052117 1.55016 0.57259 -0.068725 1.55156 0.605602 -0.22214 1.51745 0.631988 -0.071458 1.52237 0.565356 -0.243289 1.46824 0.614044 -0.406412 1.45958 0.660596 -0.389523 1.43035 0.627014 -0.526123 1.34758 0.626764 -0.560632 1.3835 0.660324 -0.659603 1.2477 0.657666 -0.619587 1.22456 0.62481 -0.654864 1.14243 0.620512 -0.731757 1.12521 0.648089 -0.686924 1.05457 0.61355 -0.760053 0.98226 0.632013 -0.709783 0.978063 0.605382 -0.712613 0.914403 0.595852 -0.735249 0.834901 0.620689 -0.715442 0.850743 0.586323 0.041729 1.48763 0.005459 0.007576 1.50596 0.010392 0.058668 1.57227 0.549332 0.007576 1.59382 0.545618 0.007576 1.56266 0.576525 0.037423 1.55641 0.574558 0.06727 1.55016 0.57259 -0.043516 1.57227 0.549332 0.086611 1.52237 0.565356 0.087762 1.5173 0.480872 0.088578 1.5137 0.420937 -0.02227 1.55641 0.574558 -0.052117 1.55016 0.57259 -0.071458 1.52237 0.565356 -0.072609 1.5173 0.480872 -0.026577 1.48763 0.005459 -0.058703 1.44604 -0.015377 -0.073426 1.5137 0.420937 1.78395 0.17297 -0.578945 1.6852 0.23198 -0.411765 1.71642 0.200947 -0.427007 1.64948 0.202539 -0.246452 1.61596 0.242773 -0.247694 1.60065 0.225 -0.274538 1.62852 0.192555 -0.417917 1.57839 0.207654 -0.48195 1.45335 0.232949 -0.312152 1.55684 0.233793 -0.086893 1.59097 0.21499 -0.06891 1.57379 0.262879 -0.069934 1.50752 0.245182 0.066004 1.53396 0.283304 0.083793 1.36603 0.301306 0.193104 1.38283 0.241733 0.223454 1.55018 0.221934 0.078926 1.23968 0.304514 0.274329 1.24506 0.245444 0.30522 1.11915 0.252428 0.299717 1.12003 0.31126 0.268646 0.984809 0.260244 0.252599 0.992693 0.31881 0.221326 0.86193 0.31786 0.255386 0.863687 0.263094 0.292304 0.998063 0.265266 0.172111 0.743803 0.326097 0.260844 0.813354 0.301081 -0.067241 1.01684 0.234119 -0.169117 0.741378 0.271858 0.315 0.781732 0.226335 -0.099528 1.10676 0.261049 0.171688 1.13674 0.23002 -0.164279 1.22452 0.256491 0.153138 1.22141 0.22724 -0.180684 1.34792 0.263694 0.156787 1.38418 0.207134 -0.171234 0.720197 0.306432 -0.09143 0.669533 0.335222 -0.029347 0.687269 0.352417 0.282879 0.640756 0.256686 -0.085829 0.705715 0.241511 -0.131206 1.403 0.199549 -0.227858 1.28711 0.224855 -0.214099 1.39189 0.223183 -0.256208 0.667626 0.283935 0.35876 0.092288 0.861136 -2.56824 0.007576 0.892155 -2.57014 0.168785 0.80338 -2.56635 0.109068 0.943075 -2.19481 0.211473 0.87062 -2.18297 0.122249 1.0306 -1.84795 0.007576 0.983211 -2.1973 0.007576 1.07177 -1.85184 0.135877 1.11161 -1.50675 0.007576 1.15298 -1.50662 0.154984 1.19905 -1.17561 0.007576 1.23501 -1.17706 0.044388 1.25365 -1.10183 0.007576 1.25588 -1.11863 0.342444 1.07866 -1.16845 0.298623 1.00377 -1.50521 0.252789 0.939561 -1.8381 0.134631 1.23818 -1.10582 0.27798 1.22209 -0.978124 0.161673 1.25731 -0.987707 0.061322 1.26644 -1.05644 0.369299 1.17907 -0.854294 -0.139831 1.19905 -1.17561 -0.120725 1.11161 -1.50675 -0.107097 1.0306 -1.84795 -0.093916 0.943075 -2.19481 -0.327292 1.07866 -1.16845 -0.283471 1.00377 -1.50521 -0.451152 0.865009 -1.16026 -0.506975 0.86974 -0.855954 -0.354147 1.17907 -0.854294 -0.420361 1.11959 -0.740966 -0.482457 0.657322 -1.14973 -0.545354 0.628934 -0.866065 -0.455454 0.500927 -1.14686 -0.371737 0.531711 -1.49076 -0.389378 0.649188 -1.49496 -0.31847 0.419809 -1.48709 -0.329181 0.564656 -1.73188 -0.317824 0.510261 -1.77116 -0.268957 0.487686 -1.81164 -0.181017 0.325946 -1.48018 -0.373959 0.327785 -1.14276 -0.516815 0.445437 -0.882072 -0.450835 0.237758 -0.896676 -0.525666 0.262024 -0.679311 -0.217381 0.204802 -1.13456 -0.160038 0.434876 -1.81804 -0.283977 0.547547 -1.9839 -0.297627 0.78619 -1.81975 -0.237637 0.939561 -1.8381 -0.370463 0.827713 -1.49968 -0.325523 0.619052 -1.77346 -0.295378 0.549832 -1.96392 -0.077136 0.861136 -2.56824 0.007576 0.502328 -2.56856 0.705231 0.189785 -0.092877 0.640756 0.256686 -0.085829 0.633903 0.174515 -0.031031 0.705715 0.241511 -0.131206 0.72537 0.205855 0.281716 0.648394 0.197143 0.297587 0.741378 0.271858 0.315 0.667626 0.283935 0.35876 0.863687 0.263094 0.292304 1.04518 0.711367 -2.72228 0.772389 0.673596 -2.67047 1.06976 0.662784 -2.66333 0.766847 0.723721 -2.72696 1.04518 0.591216 -2.72228 0.766847 0.589728 -2.72696 1.28376 0.701211 -2.83218 1.31875 0.656957 -2.75585 1.01358 0.678231 -2.7628 0.761416 0.690647 -2.77298 0.79434 0.72809 -3.08304 1.03876 0.675091 -3.21882 1.07815 0.662576 -3.29911 0.654692 0.733622 -3.06045 0.774463 0.682331 -3.31703 0.673763 0.689496 -3.19675 0.953105 0.674096 -3.3868 0.952652 0.67875 -3.2471 0.556659 0.691168 -3.17187 0.532248 0.741992 -3.02153 0.455884 0.694487 -3.28263 0.519623 0.703064 -2.77366 0.318761 0.719357 -2.74517 0.522623 0.736075 -2.72373 0.551154 0.684409 -2.65605 0.309493 0.571858 -2.67614 0.196902 0.562649 -2.64031 0.522623 0.58824 -2.72373 0.343627 0.719403 -2.93389 0.316249 0.678695 -3.08685 0.603254 0.089465 0.58971 0.579493 0.419397 0.941096 0.703029 0.471641 0.686388 0.706323 0.569248 0.673686 0.712634 0.493008 0.502853 0.719358 0.599057 0.491573 0.682211 0.556944 0.836778 0.704758 0.594869 0.67102 0.624354 0.486505 0.936869 0.728844 0.667402 0.481513 0.725184 0.615147 0.329307 0.711456 0.709196 0.34683 0.717454 0.502918 0.311603 0.687269 0.352417 0.282879 0.685885 0.367619 0.538847 0.667626 0.283935 0.35876 0.604357 0.077539 0.3216 0.506171 -0.079341 0.604851 0.500949 -0.077473 0.304568 0.4962 -0.064059 0.890307 0.32764 -0.154672 0.60984 0.3203 -0.139438 0.901945 0.007576 -0.187679 0.606085 0.007576 -0.167607 0.904612 0.007576 -0.186516 0.309466 0.32407 -0.154606 0.301644 0.491774 -0.004066 1.12693 0.314992 -0.073774 1.14452 0.007576 -0.097653 1.15067 -0.305147 -0.139438 0.901945 -0.312488 -0.154672 0.60984 -0.308918 -0.154606 0.301644 -0.481048 -0.064059 0.890307 -0.491019 -0.079341 0.604851 -0.590698 0.11618 0.861022 -0.588102 0.089465 0.58971 -0.687876 0.471641 0.686388 -0.691171 0.569248 0.673686 -0.697481 0.493008 0.502853 -0.704206 0.599057 0.491573 -0.689606 0.594869 0.67102 -0.713691 0.667402 0.481513 -0.710031 0.615147 0.329307 -0.696304 0.709196 0.34683 -0.702302 0.502918 0.311603 -0.672116 0.352417 0.282879 -0.670733 0.367619 0.538847 -0.652474 0.283935 0.35876 -0.589205 0.077539 0.3216 -0.485796 -0.077473 0.304568 0.539951 0.196897 -0.913702 0.572422 0.156756 -0.721894 0.463243 0.204305 -0.882944 0.625863 0.162134 -0.746238 0.693282 0.163192 -0.788872 0.654637 0.19441 -0.972972 0.783345 0.176575 -0.911979 0.840839 0.192667 -1.05863 0.636972 0.190275 -0.711351 0.572461 0.189216 -0.682325 0.625941 0.218416 -0.744761 0.705025 0.191333 -0.769682 0.693359 0.219474 -0.787395 0.539951 0.203406 -0.913702 0.549611 0.220173 -0.720418 0.463243 0.204305 -0.882944 0.538369 0.244989 -0.693444 0.654637 0.201152 -0.972972 0.783383 0.214742 -0.911241 0.840839 0.199252 -1.05863 0.794539 0.197832 -0.906354 0.533865 0.19094 -0.659089 0.49673 0.1453 -0.692105 0.579493 0.419397 0.941096 0.007569 0.53055 0.723452 0.390347 0.486542 0.760323 0.467167 0.488879 0.851513 0.559154 0.491216 0.925708 0.624354 0.486505 0.936869 0.730761 0.770713 1.00878 0.732398 0.81598 1.08071 0.749155 0.806886 1.15707 0.755364 0.748216 1.15109 0.728865 0.814944 1.00216 0.755259 0.87738 1.05477 0.742855 0.848184 0.93786 0.735264 0.751806 0.966779 0.75215 0.890927 0.934293 0.75051 0.893424 0.852953 0.740425 0.855668 0.826066 0.750401 0.834901 0.620689 0.75399 0.844945 1.11162 0.369299 1.17907 -0.854294 0.435514 1.11959 -0.740966 0.51196 1.02165 -0.638221 0.592896 0.560289 -2.03303 0.611318 0.553922 -2.1456 0.578051 0.573744 -2.04165 0.538061 0.545238 -2.10153 0.478111 0.536553 -2.07038 0.540962 0.593566 -1.95725 0.417253 0.539873 -2.04392 0.479724 0.590747 -1.88125 0.357907 0.543192 -2.00355 0.400942 0.593856 -1.81498 0.480062 0.563836 -1.84953 0.398828 0.56424 -1.78441 0.557039 0.566657 -1.93157 0.31053 0.549832 -1.96392 0.344972 0.596965 -1.77933 0.35267 0.564644 -1.74992 0.34238 0.532322 -1.78077 0.396715 0.534623 -1.8141 0.31053 0.549832 -1.96392 0.357907 0.535314 -2.00355 0.480399 0.536924 -1.87806 0.417253 0.532094 -2.04392 0.541637 0.539747 -1.95405 0.478111 0.529014 -2.07038 0.578388 0.546835 -2.04005 0.538061 0.537652 -2.10153 0.611318 0.545938 -2.1456 0.0873 1.38973 -0.578112 0.06678 1.40592 -0.584281 0.073193 1.43253 -0.426566 0.063717 1.35656 -0.743221 0.007576 1.39038 -0.74195 0.007576 1.42281 -0.586907 0.007576 1.35204 -0.76218 0.049189 1.34644 -0.761963 0.077742 1.32633 -0.760329 0.077972 1.38465 -0.487659 0.073774 1.39877 -0.394434 0.05807 1.41644 -0.395677 0.007576 1.44531 -0.425667 0.007576 1.42911 -0.394317 0.078609 1.34185 -0.684868 0.08021 1.37712 -0.537358 0.079485 1.35751 -0.608769 -0.051627 1.40592 -0.584281 -0.048565 1.35656 -0.743221 -0.072148 1.38973 -0.578112 -0.05804 1.43253 -0.426566 -0.034037 1.34644 -0.761963 -0.062589 1.32633 -0.760329 -0.042918 1.41644 -0.395677 -0.058621 1.39877 -0.394434 -0.06282 1.38465 -0.487659 -0.063457 1.34185 -0.684868 -0.065058 1.37712 -0.537358 -0.064332 1.35751 -0.608769 0.112929 1.28399 -1.03587 0.161673 1.25731 -0.987707 0.134631 1.23818 -1.10582 0.061322 1.26644 -1.05644 0.095998 1.27811 -1.00442 0.592316 0.931704 -0.403868 0.640789 0.890659 -0.254345 0.344972 0.596965 -1.77933 0.35267 0.564644 -1.74992 0.34238 0.532322 -1.78077 0.705542 0.646129 0.854323 0.68954 0.564801 0.837243 0.663164 0.533404 0.936992 0.682211 0.556944 0.836778 0.687462 0.562998 0.945091 0.704758 0.594869 0.67102 0.073892 1.43083 -0.131985 0.35079 1.35441 -0.24921 0.240814 1.39465 -0.244023 0.073355 1.41872 -0.242182 0.585207 1.07405 -0.260566 1.01684 0.227725 -0.169117 0.781732 0.226335 -0.099528 1.01684 0.234119 -0.169117 1.13674 0.23002 -0.164279 1.13674 0.223692 -0.164279 1.22141 0.22724 -0.180684 1.22141 0.220811 -0.180684 1.28711 0.224855 -0.214099 1.28711 0.218504 -0.214099 1.39189 0.223183 -0.256208 1.39189 0.216766 -0.256208 1.38418 0.207134 -0.171234 1.38418 0.201091 -0.171234 1.403 0.199549 -0.227858 1.403 0.193434 -0.227858 1.45335 0.225934 -0.312152 1.45335 0.232949 -0.312152 1.57839 0.207654 -0.48195 1.57839 0.201149 -0.48195 1.62852 0.192555 -0.417917 1.62852 0.18667 -0.417917 1.78395 0.17297 -0.578945 1.78395 0.166551 -0.578945 0.539951 0.203406 -0.913702 0.539951 0.196897 -0.913702 0.463243 0.204305 -0.882944 0.31053 0.549832 -1.96392 0.357907 0.543192 -2.00355 0.357907 0.535314 -2.00355 0.417253 0.539873 -2.04392 0.417253 0.532094 -2.04392 0.478111 0.536553 -2.07038 0.478111 0.529014 -2.07038 0.455884 0.694487 -3.28263 0.455884 0.684272 -3.28263 0.316249 0.678695 -3.08685 0.556659 0.691168 -3.17187 0.556659 0.680321 -3.17187 0.673763 0.689496 -3.19675 0.673763 0.678863 -3.19675 0.774463 0.682331 -3.31703 0.774463 0.672834 -3.31703 0.953105 0.674096 -3.3868 0.953105 0.665019 -3.3868 0.952652 0.66927 -3.2471 0.952652 0.67875 -3.2471 1.03876 0.675091 -3.21882 1.03876 0.664661 -3.21882 1.07815 0.662576 -3.29911 1.07815 0.653073 -3.29911 1.16153 0.65823 -3.34054 1.16153 0.648826 -3.34054 -0.375195 0.486542 0.760323 -0.796004 0.82354 0.646377 -0.725272 0.855668 0.826066 -0.735249 0.834901 0.620689 -0.75868 0.842319 0.86106 -0.825555 0.779663 0.654761 -0.777799 0.804815 0.872066 -0.788319 0.829278 0.50936 -0.713547 0.825436 0.523013 -0.819042 0.779894 0.506524 -0.694076 0.844893 0.371931 -0.669224 0.860886 0.269573 -0.727702 0.848184 0.93786 -0.744004 0.807702 0.964759 -0.763808 0.77298 0.881638 -0.746078 0.779955 0.965691 -0.720112 0.751806 0.966779 -0.715609 0.770713 1.00878 -0.708571 0.758245 0.880627 -0.750877 0.740631 0.662275 -0.802311 0.743982 0.659733 -0.747002 0.735387 0.579215 -0.796847 0.745906 0.503402 -0.713713 0.814944 1.00216 -0.743126 0.743078 0.496155 -0.672309 0.562998 0.945091 -0.744139 0.60232 0.839389 -0.709775 0.564281 0.838239 -0.674387 0.564801 0.837243 -0.689606 0.594869 0.67102 -0.705414 0.617037 0.670109 -0.713691 0.667402 0.481513 -0.698142 0.64173 0.667216 -0.731696 0.635591 0.843749 -0.69039 0.646129 0.854323 -0.69457 0.627656 0.958615 -0.738032 0.75866 0.350086 -0.701576 0.766157 0.354489 -0.707209 0.781084 0.237697 -0.743126 0.743078 0.496155 -0.765502 0.725486 0.488838 -0.772718 0.689671 0.484646 -0.742839 0.665969 0.484194 -0.713691 0.667402 0.481513 -0.696304 0.709196 0.34683 -0.742651 0.650495 0.574722 -0.780403 0.696136 0.57522 -0.780834 0.675015 0.664898 -0.77576 0.717466 0.663607 -0.747002 0.735387 0.579215 -0.750877 0.740631 0.662275 -0.749517 0.734164 0.873649 -0.708571 0.758245 0.880627 -0.720112 0.751806 0.966779 -0.760714 0.698109 0.87208 -0.737765 0.663404 0.871767 -0.725373 0.67079 0.955701 -0.742462 0.647956 0.665249 -0.69039 0.646129 0.854323 -0.698142 0.64173 0.667216 -0.696995 0.653907 0.956842 -0.068043 1.29971 -0.978597 -0.080846 1.27811 -1.00442 -0.116919 1.2943 -0.970811 -0.078236 1.28734 -0.937223 -0.092032 1.28526 -0.935141 -0.160372 1.27495 -0.924829 -0.167281 1.28715 -0.962788 -0.218029 1.27036 -0.958876 -0.220782 1.2553 -0.919488 -0.146521 1.25731 -0.987707 -0.262827 1.22209 -0.978124 -0.281944 1.24226 -0.953951 -0.354147 1.17907 -0.854294 -0.359559 1.21407 -0.85015 -0.271989 1.23296 -0.914961 -0.339909 1.20527 -0.818108 -0.437155 1.14941 -0.737427 -0.406477 1.16449 -0.721413 -0.420361 1.11959 -0.740966 -0.476736 1.07541 -0.604553 -0.510719 1.06801 -0.614142 -0.510993 1.03942 -0.623988 -0.496807 1.02165 -0.638221 -0.539691 1.02967 -0.577085 -0.521816 1.06492 -0.57004 -0.668684 0.92132 -0.163656 -0.655356 0.935977 -0.162195 -0.64542 0.920643 -0.050865 -0.625529 0.948795 -0.16982 -0.648973 0.945343 -0.214936 -0.67176 0.899371 -0.165799 -0.657107 0.913155 -0.210774 -0.647713 0.876315 -0.159675 -1.22991 0.245444 0.30522 -1.20062 0.180432 0.214828 -1.10488 0.187178 0.268646 -1.35087 0.177224 0.193104 -1.104 0.252428 0.299717 -1.36768 0.241733 0.223454 -1.53503 0.221934 0.078926 -1.51881 0.180831 0.083792 -1.49237 0.202782 0.066004 -1.33277 0.209553 0.156787 -0.977541 0.194728 0.236426 -0.969656 0.260244 0.252599 -1.09161 0.217672 0.171688 -1.20937 0.213114 0.153138 -1.12159 0.223692 -0.164279 -1.20626 0.220811 -0.180684 -0.982911 0.221889 0.172111 -0.797777 0.197925 0.250191 -0.750196 0.185763 -0.065003 -1.00168 0.227725 -0.169117 -0.766579 0.226335 -0.099528 -1.36902 0.201091 -0.171234 -1.56129 0.17615 -0.077229 -1.54301 0.200372 -0.090281 -1.619 0.171487 -0.263272 -1.63433 0.202539 -0.246452 -1.67004 0.169694 -0.411764 -1.70127 0.200947 -0.427007 -1.7688 0.166551 -0.578945 -1.7688 0.17297 -0.578945 -1.61336 0.18667 -0.417917 -1.5855 0.198602 -0.274538 -1.56324 0.201149 -0.48195 -1.4382 0.225934 -0.312152 -1.57582 0.21499 -0.06891 -1.38785 0.193434 -0.227858 -1.37674 0.216766 -0.256208 -1.27195 0.218504 -0.214099 -0.663064 0.88926 -0.211566 -0.647713 0.876315 -0.159675 -0.657107 0.913155 -0.210774 -0.625637 0.890659 -0.254345 -0.664898 0.833329 -0.218239 -0.651893 0.743717 -0.228459 -0.210257 1.43241 -0.178106 -0.152601 1.41906 -0.14791 -0.138753 1.44806 -0.173045 -0.203581 1.41267 -0.15656 -0.141591 1.44541 -0.214512 -0.069659 1.45272 -0.211504 -0.065876 1.45567 -0.167399 -0.225662 1.39465 -0.244023 -0.058203 1.41872 -0.242182 -0.212149 1.43006 -0.216935 -0.299502 1.40033 -0.1881 -0.300448 1.39827 -0.224289 -0.384511 1.35782 -0.194031 -0.384511 1.35607 -0.227582 -0.459559 1.30072 -0.199375 -0.45872 1.29963 -0.234219 -0.519761 1.22847 -0.202924 -0.518083 1.22804 -0.239061 -0.447952 1.26667 -0.253112 -0.51564 1.16437 -0.256037 -0.568036 1.1543 -0.240963 -0.569381 1.15512 -0.202029 -0.49909 1.2132 -0.183345 -0.543655 1.11508 -0.180629 -0.550227 1.1233 -0.258425 -0.604242 1.0736 -0.200886 -0.603231 1.07238 -0.242617 -0.62235 1.0259 -0.199629 -0.583671 1.0156 -0.175222 -0.554469 1.06098 -0.179116 -0.621673 1.02429 -0.244158 -0.639067 0.977506 -0.198847 -0.638723 0.975496 -0.246173 -0.648973 0.945343 -0.214936 -0.61479 0.973294 -0.268181 -0.625529 0.948795 -0.16982 -0.606879 0.979688 -0.172113 -0.570055 1.07405 -0.260566 -0.457818 1.25662 -0.181133 -0.441096 1.27422 -0.180237 -0.42662 1.30483 -0.179961 -0.394969 1.32274 -0.177765 -0.334966 1.36184 -0.172188 -0.239115 1.39892 -0.160787 -0.572098 0.840999 -0.568852 -0.52729 0.985789 -0.545583 -0.546341 0.882236 -0.664172 -0.595035 0.610405 -0.612174 -0.577163 0.931704 -0.403868 -0.61407 0.789663 -0.408701 -0.636788 0.580779 -0.408349 -0.625637 0.890659 -0.254345 -0.651893 0.743717 -0.228459 -0.661495 0.55156 -0.233458 -0.677693 0.700975 -0.063626 -0.660996 0.845658 -0.062093 -0.647713 0.876315 -0.159675 -0.642505 0.38382 -0.219837 -0.659151 0.378678 -0.043742 -0.678402 0.378819 0.11849 -0.696304 0.709196 0.34683 -0.611135 0.265168 -0.157279 -0.625604 0.256686 -0.085829 -0.654381 0.335222 -0.029347 -0.618751 0.174515 -0.031031 -0.549871 0.079443 -0.179948 -0.589205 0.077539 0.3216 -0.633241 0.197143 0.297587 -0.652474 0.283935 0.35876 -0.672116 0.352417 0.282879 -0.485796 -0.077473 0.304568 -0.457999 -0.046083 -0.168447 -0.308918 -0.154606 0.301644 -0.29812 -0.124379 -0.162111 -0.282271 -0.068876 -0.401331 -0.260031 0.006606 -0.644414 -0.243011 0.077848 -0.868193 -0.447468 0.092651 -0.672096 -0.402916 0.160617 -0.899991 -0.448091 0.204305 -0.882944 -0.523216 0.244989 -0.693444 -0.518713 0.19094 -0.659089 -0.518037 0.191748 -0.641122 -0.481578 0.1453 -0.692105 -0.510622 0.088691 -0.401987 -0.577308 0.261501 -0.404243 -0.556409 0.422269 -0.654719 -0.610417 0.402128 -0.406698 -0.625529 0.948795 -0.16982 -0.64542 0.920643 -0.050865 -0.606879 0.979688 -0.172113 -0.583671 1.0156 -0.175222 -0.058703 1.44604 -0.015377 -0.239115 1.39892 -0.160787 -0.334966 1.36184 -0.172188 -0.152601 1.41906 -0.14791 -0.058721 1.43853 -0.072928 -0.058739 1.43083 -0.131985 -0.203581 1.41267 -0.15656 -0.394969 1.32274 -0.177765 -0.42662 1.30483 -0.179961 -0.441096 1.27422 -0.180237 -0.457818 1.25662 -0.181133 -0.49909 1.2132 -0.183345 -0.543655 1.11508 -0.180629 -0.554469 1.06098 -0.179116 -0.52729 0.985789 -0.545583 -0.549828 1.0135 -0.533825 -0.539691 1.02967 -0.577085 -0.536616 1.04124 -0.529184 -0.521816 1.06492 -0.57004 -0.505945 1.05795 -0.531568 -0.529356 1.03472 -0.472276 -0.582713 0.995527 -0.402645 -0.59055 0.962194 -0.406644 -0.577163 0.931704 -0.403868 -0.648973 0.945343 -0.214936 -0.585862 0.990041 -0.335156 -0.558298 1.006 -0.398971 -0.657107 0.913155 -0.210774 -0.625637 0.890659 -0.254345 -0.61479 0.973294 -0.268181 -1.03003 0.591216 -2.72228 -0.777345 0.62164 -3.07501 -0.751695 0.589728 -2.72696 -0.757237 0.673596 -2.67047 -1.0546 0.662784 -2.66333 -1.03003 0.711367 -2.72228 -0.751695 0.723721 -2.72696 -1.2686 0.608744 -2.83218 -1.2686 0.701211 -2.83218 -1.30359 0.656957 -2.75585 -1.30359 0.656957 -2.75585 -1.02361 0.675091 -3.21882 -1.063 0.662576 -3.29911 -0.779187 0.72809 -3.08304 -0.998423 0.678231 -2.7628 -0.746264 0.690647 -2.77298 -0.63954 0.733622 -3.06045 -0.75931 0.682331 -3.31703 -0.658611 0.689496 -3.19675 -0.937953 0.674096 -3.3868 -0.937499 0.67875 -3.2471 -0.50447 0.703064 -2.77366 -0.517096 0.741992 -3.02153 -0.541507 0.691168 -3.17187 -0.440732 0.694487 -3.28263 -0.50747 0.736075 -2.72373 -0.536001 0.684409 -2.65605 -0.50747 0.58824 -2.72373 -0.129195 0.660896 -3.00346 -0.301096 0.678695 -3.08685 -0.515549 0.613988 -3.01187 -0.69171 0.616392 -3.06662 -0.541507 0.680321 -3.17187 -0.658611 0.678863 -3.19675 -0.440732 0.684272 -3.28263 -0.100962 0.753801 -2.7847 -0.328475 0.719403 -2.93389 -0.301096 0.678695 -3.08685 -0.75931 0.672834 -3.31703 -0.937953 0.665019 -3.3868 -0.937499 0.66927 -3.2471 -1.02361 0.664661 -3.21882 -1.14638 0.648826 -3.34054 -1.063 0.653073 -3.29911 -1.31051 0.644062 -3.43678 -0.545626 1.00328 -0.58987 -0.52729 0.985789 -0.545583 -0.539691 1.02967 -0.577085 -0.496807 1.02165 -0.638221 -0.550349 0.958748 -0.619741 -0.546341 0.882236 -0.664172 -1.67004 0.23198 -0.411765 -1.7688 0.17297 -0.578945 -1.70127 0.200947 -0.427007 -1.63433 0.202539 -0.246452 -1.60081 0.242773 -0.247694 -1.5855 0.225 -0.274538 -1.61336 0.192555 -0.417917 -1.56324 0.207654 -0.48195 -1.4382 0.232949 -0.312152 -1.54169 0.233793 -0.086893 -1.57582 0.21499 -0.06891 -1.55863 0.262879 -0.069934 -1.49237 0.245182 0.066004 -1.51881 0.283304 0.083793 -1.35087 0.301306 0.193104 -1.36768 0.241733 0.223454 -1.53503 0.221934 0.078926 -1.22453 0.304514 0.274329 -1.22991 0.245444 0.30522 -1.104 0.252428 0.299717 -1.10488 0.31126 0.268646 -0.969656 0.260244 0.252599 -0.977541 0.31881 0.221326 -0.846777 0.31786 0.255386 -0.848535 0.263094 0.292304 -0.982911 0.265266 0.172111 -0.728651 0.326097 0.260844 -0.798202 0.301081 -0.067241 -1.00168 0.234119 -0.169117 -0.726226 0.271858 0.315 -0.766579 0.226335 -0.099528 -1.09161 0.261049 0.171688 -1.12159 0.23002 -0.164279 -1.20937 0.256491 0.153138 -1.20626 0.22724 -0.180684 -1.33277 0.263694 0.156787 -1.36902 0.207134 -0.171234 -0.705045 0.306432 -0.09143 -0.654381 0.335222 -0.029347 -0.672116 0.352417 0.282879 -0.625604 0.256686 -0.085829 -0.690563 0.241511 -0.131206 -1.38785 0.199549 -0.227858 -1.27195 0.224855 -0.214099 -1.37674 0.223183 -0.256208 -0.652474 0.283935 0.35876 -0.690078 0.189785 -0.092877 -0.625604 0.256686 -0.085829 -0.690563 0.241511 -0.131206 -0.618751 0.174515 -0.031031 -0.710218 0.205854 0.281716 -0.633241 0.197143 0.297587 -0.726226 0.271858 0.315 -0.652474 0.283935 0.35876 -0.848535 0.263094 0.292304 -0.55727 0.156756 -0.721894 -0.524799 0.196897 -0.913702 -0.448091 0.204305 -0.882944 -0.610711 0.162134 -0.746238 -0.678129 0.163192 -0.788872 -0.639484 0.19441 -0.972972 -0.768192 0.176575 -0.911979 -0.62182 0.190275 -0.711351 -0.557308 0.189216 -0.682325 -0.610788 0.218416 -0.744761 -0.689873 0.191333 -0.769682 -0.678206 0.219474 -0.787395 -0.524799 0.203406 -0.913702 -0.534458 0.220173 -0.720418 -0.448091 0.204305 -0.882944 -0.523216 0.244989 -0.693444 -0.518713 0.19094 -0.659089 -0.481578 0.1453 -0.692105 -0.262827 1.22209 -0.978124 -0.119479 1.23818 -1.10582 -0.146521 1.25731 -0.987707 -0.029236 1.25365 -1.10183 -0.04617 1.26644 -1.05644 -0.717246 0.81598 1.08071 -0.734003 0.806886 1.15707 -0.740211 0.748216 1.15109 -0.734364 0.722186 1.13231 -0.713713 0.814944 1.00216 -0.740107 0.87738 1.05477 -0.727702 0.848184 0.93786 -0.736998 0.890927 0.934293 -0.735358 0.893424 0.852953 -0.725272 0.855668 0.826066 -0.735249 0.834901 0.620689 -0.738837 0.844945 1.11162 -0.664309 1.03181 0.242153 -0.640123 1.18842 0.472349 -0.539435 1.3343 0.513527 -0.412602 1.42693 0.476727 -0.526123 1.34758 0.626764 -0.389523 1.43035 0.627014 -0.233103 1.47625 0.497637 -0.243289 1.46824 0.614044 -0.071458 1.52237 0.565356 -0.072609 1.5173 0.480872 -0.237759 1.47766 0.411779 -0.073426 1.5137 0.420937 -0.237759 1.47766 0.411779 -0.476621 -0.004066 1.12693 -0.29984 -0.073774 1.14452 -0.462958 0.536553 -2.07038 -0.52581 0.593566 -1.95725 -0.4021 0.539873 -2.04392 -0.464572 0.590747 -1.88125 -0.342754 0.543192 -2.00355 -0.38579 0.593856 -1.81498 -0.464909 0.563836 -1.84953 -0.383676 0.56424 -1.78441 -0.541887 0.566657 -1.93157 -0.295378 0.549832 -1.96392 -0.32982 0.596965 -1.77933 -0.337517 0.564644 -1.74992 -0.327228 0.532322 -1.78077 -0.381563 0.534623 -1.8141 -0.295378 0.549832 -1.96392 -0.342754 0.535314 -2.00355 -0.465247 0.536924 -1.87806 -0.4021 0.532094 -2.04392 -0.526485 0.539747 -1.95405 -0.462958 0.529014 -2.07038 -0.563236 0.546835 -2.04005 -0.522909 0.537652 -2.10153 -0.596165 0.545938 -2.1456 -0.146521 1.25731 -0.987707 -0.097777 1.28399 -1.03587 -0.119479 1.23818 -1.10582 -0.04617 1.26644 -1.05644 -0.080846 1.27811 -1.00442 -0.713547 0.825436 0.523013 -0.735249 0.834901 0.620689 -0.715442 0.850743 0.586323 -0.496807 1.02165 -0.638221 -0.041661 1.57412 1.03166 0.007576 1.58663 1.02891 -0.026451 1.58089 1.00686 -0.052903 1.55631 1.00919 -0.056885 1.57788 0.987189 -0.014157 1.59729 0.99793 -0.010722 1.59913 0.943285 -0.044427 1.58264 0.937022 -0.064038 1.57983 0.913258 -0.065438 1.56597 0.935281 -0.32982 0.596965 -1.77933 -0.337517 0.564644 -1.74992 -0.327228 0.532322 -1.78077 -0.560632 1.3835 0.660324 -0.564341 0.419397 0.941096 -0.515836 0.411847 0.929801 -0.375195 0.486542 0.760323 -0.452015 0.488879 0.851513 -0.544001 0.491216 0.925708 -0.609202 0.486505 0.936869 -0.55727 0.156756 -0.721894 -0.481578 0.1453 -0.692105 -0.518713 0.19094 -0.659089 -0.69039 0.646129 0.854323 -0.689606 0.594869 0.67102 -0.039255 1.59523 0.600812 -0.06282 1.38465 -0.487659 -0.065058 1.37712 -0.537358 -0.08487 1.37309 -0.537957 -0.124467 1.36505 -0.539154 -0.17429 1.35493 -0.540659 -0.20512 1.357 -0.483004 -0.058621 1.39877 -0.394434 -0.21777 1.37067 -0.394975 -0.058396 1.4095 -0.312518 -0.229399 1.3797 -0.320487 -0.337005 1.31696 -0.39637 -0.343643 1.3291 -0.324479 -0.330007 1.3057 -0.462807 -0.335637 1.35441 -0.24921 -0.225662 1.39465 -0.244023 -0.447751 1.21157 -0.397288 -0.439999 1.19401 -0.462043 -0.325675 1.30027 -0.543756 -0.430741 1.17303 -0.539378 -0.477836 1.12234 -0.464819 -0.481098 1.09896 -0.534246 -0.505945 1.05795 -0.531568 -0.529356 1.03472 -0.472276 -0.058203 1.41872 -0.242182 -0.447952 1.26667 -0.253112 -0.492311 1.17655 -0.323528 -0.51564 1.16437 -0.256037 -0.550227 1.1233 -0.258425 -0.527967 1.10246 -0.337157 -0.570055 1.07405 -0.260566 -0.585862 0.990041 -0.335156 -0.61479 0.973294 -0.268181 -0.503803 1.11204 -0.398692 -0.558298 1.006 -0.398971 -0.654864 1.14243 0.620512 -0.619587 1.22456 0.62481 -0.673444 1.09488 0.492208 -0.686924 1.05457 0.61355 -0.709783 0.978063 0.605382 -0.700362 0.956217 0.454502 -0.713547 0.825436 0.523013 -0.712613 0.914403 0.595852 -0.715442 0.850743 0.586323 -0.058739 1.43083 -0.131985 -0.335637 1.35441 -0.24921 -0.325675 1.30027 -0.543756 -0.437676 1.18484 -0.572634 -0.430741 1.17303 -0.539378 -0.329108 1.31684 -0.576115 -0.481539 1.12802 -0.571283 -0.481098 1.09896 -0.534246 -0.521816 1.06492 -0.57004 -0.505945 1.05795 -0.531568 -0.17429 1.35493 -0.540659 -0.213742 1.33077 -0.607049 -0.127847 1.35439 -0.608024 -0.124467 1.36505 -0.539154 -0.064332 1.35751 -0.608769 -0.072148 1.38973 -0.578112 -0.08487 1.37309 -0.537957 -0.065058 1.37712 -0.537358 -0.315164 1.2897 -0.605017 -0.476736 1.07541 -0.604553 -0.444499 1.12674 -0.603865 -0.390094 1.19516 -0.603713 -0.766579 0.226335 -0.099528 -1.00168 0.227725 -0.169117 -1.00168 0.234119 -0.169117 -1.12159 0.23002 -0.164279 -1.12159 0.223692 -0.164279 -1.20626 0.22724 -0.180684 -1.20626 0.220811 -0.180684 -1.27195 0.224855 -0.214099 -1.27195 0.218504 -0.214099 -1.37674 0.223183 -0.256208 -1.37674 0.216766 -0.256208 -1.36902 0.207134 -0.171234 -1.36902 0.201091 -0.171234 -1.38785 0.199549 -0.227858 -1.38785 0.193434 -0.227858 -1.4382 0.225934 -0.312152 -1.4382 0.232949 -0.312152 -1.56324 0.207654 -0.48195 -1.56324 0.201149 -0.48195 -1.61336 0.192555 -0.417917 -1.61336 0.18667 -0.417917 -1.7688 0.17297 -0.578945 -1.7688 0.166551 -0.578945 -0.524799 0.196897 -0.913702 -0.524799 0.203406 -0.913702 -0.448091 0.204305 -0.882944 -0.639484 0.201152 -0.972972 -0.639484 0.19441 -0.972972 -0.825687 0.199252 -1.05863 -0.825687 0.192667 -1.05863 -0.342754 0.543192 -2.00355 -0.295378 0.549832 -1.96392 -0.342754 0.535314 -2.00355 -0.4021 0.539873 -2.04392 -0.4021 0.532094 -2.04392 -0.462958 0.536553 -2.07038 -0.462958 0.529014 -2.07038 -0.522909 0.537652 -2.10153 -0.522909 0.545238 -2.10153 -0.596165 0.545938 -2.1456 -0.596165 0.553922 -2.1456 -0.440732 0.684272 -3.28263 -0.440732 0.694487 -3.28263 -0.301096 0.678695 -3.08685 -0.541507 0.691168 -3.17187 -0.541507 0.680321 -3.17187 -0.658611 0.689496 -3.19675 -0.658611 0.678863 -3.19675 -0.75931 0.682331 -3.31703 -0.75931 0.672834 -3.31703 -0.937953 0.674096 -3.3868 -0.937953 0.665019 -3.3868 -0.937499 0.66927 -3.2471 -0.937499 0.67875 -3.2471 -1.02361 0.675091 -3.21882 -1.02361 0.664661 -3.21882 -1.063 0.662576 -3.29911 -1.063 0.653073 -3.29911 -1.14638 0.65823 -3.34054 -1.14638 0.648826 -3.34054</float_array>
          <technique_common>
            <accessor source="#GeometrySource-array" count="3041" stride="3">
              <param name="X" type="float"/>
              <param name="Y" type="float"/>
              <param name="Z" type="float"/>
            </accessor>
          </technique_common>
        </source>
        <source id="GeometrySource1" name="chr021_eNrm">
          <float_array id="GeometrySource1-array" count="9123">0.979339 0.139583 -0.146326 0.976171 0.185037 -0.113362 0.966913 0.209355 -0.145772 0.99037 0.08303 -0.110781 0.991935 0.034963 -0.121832 0.973119 0.160753 -0.164919 0.993284 0.032233 -0.111117 0.904416 0.380857 -0.1923 0.878296 0.438056 -0.191579 0.83516 0.521614 -0.174433 0.852874 0.489166 -0.182542 0.772271 0.615462 -0.157493 0.833445 0.537425 -0.12862 0.754192 0.633866 -0.171489 0.671207 0.715431 -0.19401 0.640171 0.750551 -0.163869 0.494094 0.860632 -0.12322 0.454838 0.88199 -0.123356 0.40993 0.905864 -0.106625 0.360923 0.923247 -0.131718 0.333264 0.934236 -0.127036 0.161028 0.978218 -0.130994 0.153234 0.980717 -0.121299 0.081315 0.991027 -0.106083 0.099796 0.988853 -0.110506 0.087495 0.98889 -0.12017 0.042454 0.99525 -0.087609 0.287809 0.946171 -0.148078 0.795438 0.586597 -0.152259 0.974986 -0.025141 -0.220841 0.951916 -0.072683 -0.297614 0.977482 0.015249 -0.210467 0.981635 0.077927 -0.174126 0.983916 0.071657 -0.16363 0.988809 0.090161 -0.118863 0.951582 0.287107 -0.109822 0.925653 0.37011 -0.078648 0.287637 0.951705 -0.107345 0.455961 0.887892 -0.061214 0.419058 0.892974 -0.164282 0.296457 0.946757 -0.125556 0.401446 0.868573 -0.290553 0.185509 0.964479 -0.188061 0.199524 0.97703 -0.074858 0.180505 0.975157 -0.1284 0.164894 0.972957 -0.161755 0.041623 0.962032 0.269746 0.183934 0.979726 -0.079409 0.810937 0.553604 -0.189484 0.695417 0.70529 -0.137701 0.831649 0.551083 -0.068314 0.846989 0.49196 -0.201457 0.787331 0.585945 -0.19178 0.60368 0.744424 -0.285314 0.907543 0.418555 -0.034297 0.854901 0.503842 -0.123644 0.585343 -0.810709 -0.011123 0.767439 -0.641084 0.007014 0.697429 -0.716182 -0.026014 0.182657 -0.982988 -0.019286 0.799757 -0.598731 0.043697 0.754283 -0.65651 -0.00715 0.768623 -0.639624 0.010038 0.683022 -0.730054 0.022408 0.574331 -0.814441 0.082644 0.626908 -0.773548 0.092789 0.297981 -0.95457 0.002132 0.168769 -0.953894 0.248198 0.079004 -0.995981 -0.042186 -0.180415 -0.946603 0.267195 -0.754329 -0.651077 -0.084183 -0.760764 -0.63812 -0.118501 -0.267296 -0.961898 0.057481 -0.261058 -0.964887 0.02902 -0.37597 -0.873915 0.308088 -0.213799 -0.972233 0.095145 -0.30384 -0.38349 0.872133 0.000053 -0.999857 -0.016906 -0.00016 -0.99077 0.135556 -0.07256 -0.997265 0.014054 -0.035306 -0.997985 -0.052728 0 -0.998296 -0.058354 -0.205271 -0.967638 0.146766 -0.528781 -0.848666 -0.012527 -0.160558 -0.937652 -0.308268 0 -0.933655 -0.358174 -0.113459 -0.754436 -0.646494 -0.218037 -0.730011 -0.647722 0.000000 -0.705833 -0.708378 0.075162 -0.807855 -0.584569 -0.386335 -0.810246 -0.440734 -0.210377 -0.852268 -0.478937 -0.284163 -0.93542 -0.210334 -0.184846 -0.982729 -0.008656 0.010141 -0.888356 -0.459044 -0.602309 -0.783199 -0.154343 -0.511649 -0.778202 -0.364166 -0.310638 -0.812187 -0.493818 -0.466106 -0.884511 -0.019645 -0.441144 -0.888188 -0.128509 -0.455449 -0.886173 -0.085227 -0.071616 -0.921724 -0.381178 -0.374959 -0.922738 -0.089227 -0.544528 -0.815267 0.19705 -0.417643 -0.886154 0.200763 -0.793041 -0.608665 0.024772 -0.810908 -0.575589 -0.105481 0.300703 -0.95017 0.082189 0.408193 -0.910809 0.06168 0.538941 -0.842132 0.018887 0.462851 -0.885278 -0.0453 0.632375 -0.774652 -0.004063 0.694748 -0.718641 0.029671 0.601954 -0.642827 -0.473735 0.39233 -0.874455 -0.285317 -0.086141 -0.811358 -0.578168 0.452431 -0.888731 0.073916 0.284502 -0.956681 0.061802 0.776508 -0.629283 0.032211 0.684033 -0.72583 0.07259 0.573694 -0.814244 0.088783 0.660107 -0.7508 -0.023616 0.613326 -0.78892 -0.037908 0.26554 0.661335 0.701516 0.43022 0.33059 0.840012 0.521258 0.567582 0.637292 0.226634 0.352512 0.90795 0.185737 0.121624 0.975043 0.3838 0.08809 0.919205 0.196718 0.050382 0.979165 0.381621 0.030241 0.923824 0.262136 -0.010338 0.964976 0.508021 -0.02328 0.86103 0.944763 0.145248 0.293811 0.951907 0.234037 0.197738 0.87121 0.406673 0.274974 0.86156 0.312389 0.40016 0.769235 0.533377 0.351833 0.935573 0.04003 0.350857 0.848789 0.16039 0.503818 0.678825 0.257024 0.687848 0.62947 0.049454 0.77545 0.82359 0.034532 0.566134 0.624533 -0.021659 0.780698 0.830302 -0.056959 0.554396 0.803768 -0.136914 0.578975 0.937214 -0.14127 0.31886 0.935704 -0.208873 0.284306 0.747842 0.429406 0.506302 0.535414 0.729237 0.426081 0.936265 -0.068322 0.344587 0.932693 -0.152816 0.326698 0.956946 -0.169678 0.235506 0.97751 -0.13084 0.165393 0.890503 -0.121304 0.43851 0.907349 -0.396529 0.139581 0.973017 0.208869 0.098045 0.983018 -0.171992 0.063984 0.907137 -0.212024 0.363522 0.915558 -0.266124 0.301549 0.925689 0.341887 0.161906 0.948578 0.292934 -0.119953 0.880215 0.474508 -0.008041 0.962029 -0.23677 0.135793 0.899335 -0.360635 -0.247264 0.986814 -0.075606 0.143118 0.983599 -0.161768 0.079769 0.995034 -0.004464 0.099432 0.992321 -0.104064 0.066848 0.980234 -0.197758 0.005793 0.996721 -0.072278 0.036365 0.98718 -0.159499 -0.005953 0.9987 -0.044392 0.025063 0.994313 0.027373 -0.102921 0.985361 0.020752 -0.169214 0.947283 0.068048 -0.31309 0.907338 0.124942 -0.401407 0.963248 -0.043371 0.265088 0.961439 0.046608 0.27104 0.939674 0.042041 0.339478 0.871204 -0.035794 0.489614 -0.26554 0.661335 0.701516 -0.521258 0.567582 0.637292 -0.43022 0.33059 0.840012 -0.226635 0.352512 0.90795 -0.185737 0.121624 0.975043 -0.3838 0.08809 0.919205 -0.196718 0.050382 0.979165 -0.381621 0.030241 0.923824 -0.262136 -0.010338 0.964976 -0.508021 -0.02328 0.86103 -0.747843 0.429406 0.506302 -0.535414 0.729237 0.426081 -0.769235 0.533377 0.351833 -0.86156 0.312389 0.40016 -0.678825 0.257023 0.687848 -0.848789 0.16039 0.503818 -0.935573 0.040029 0.350857 -0.944763 0.145248 0.293811 -0.62947 0.049454 0.77545 -0.82359 0.034532 0.566134 -0.624533 -0.021659 0.780698 -0.830302 -0.056959 0.554396 -0.803768 -0.136914 0.578975 -0.937214 -0.141271 0.31886 -0.935704 -0.208874 0.284306 -0.936265 -0.068322 0.344587 -0.92287 -0.305484 0.234501 -0.956946 -0.169679 0.235506 -0.97751 -0.13084 0.165393 -0.890502 -0.121304 0.43851 -0.604754 -0.729371 0.319829 -0.974025 0.204934 0.096315 -0.907137 -0.212024 0.363522 -0.915558 -0.266124 0.301549 -0.986934 -0.146342 0.067425 -0.995773 0.068389 0.061315 -0.925689 0.341887 0.161906 -0.948579 0.292934 -0.119952 -0.880215 0.474508 -0.008041 -0.962029 -0.236769 0.135793 -0.899335 -0.360634 -0.247264 -0.986814 -0.075606 0.143118 -0.982605 -0.168423 0.078239 -0.995034 -0.004464 0.099432 -0.991654 -0.109937 0.067347 -0.951907 0.234037 0.197738 -0.87121 0.406673 0.274974 -0.9987 -0.044392 0.025063 -0.980234 -0.197758 0.005793 -0.996721 -0.072278 0.036365 -0.994313 0.027373 -0.102921 -0.985361 0.020752 -0.169214 -0.947282 0.068048 -0.31309 -0.963248 -0.043371 0.265088 -0.98718 -0.159499 -0.005953 -0.939674 0.042041 0.339479 -0.871204 -0.035794 0.489614 -0.981994 -0.167107 0.088105 -0.978787 -0.186636 0.084522 -0.989681 -0.071627 0.124105 -0.982678 -0.061699 0.17475 0.516558 0.856243 -0.003994 0.459027 0.887598 -0.038261 0.949752 0.044426 -0.309835 0.966323 0.137945 -0.217233 0.791426 -0.563353 -0.23723 0.523944 -0.810645 -0.261414 0.561412 -0.805278 -0.190641 -0.163709 -0.983675 -0.074723 0.201384 -0.97804 0.053686 0.074143 -0.984438 -0.159325 0.24006 -0.965994 0.096057 0.779681 -0.466271 0.417958 0.875151 -0.382952 0.295733 -0.182613 -0.976278 -0.116334 0.260198 -0.964679 0.041127 -0.330921 -0.942848 -0.039104 0.165368 -0.98534 0.041934 -0.457686 -0.889018 -0.013039 0.075464 -0.996841 -0.024784 0.117842 -0.975867 -0.183842 0.913733 -0.360254 -0.187904 0.92459 -0.379655 -0.03155 0.933688 -0.352956 0.060401 0.676683 0.736265 -0.003885 0.78829 0.615055 -0.017498 0.323369 0.945895 0.026741 0.232384 0.968267 0.091963 0.411179 0.911179 -0.026147 0.731284 0.682012 -0.009139 0.431837 0.899289 -0.069255 0.834249 0.549975 0.03946 0.616399 0.785816 -0.050445 0.923674 -0.33985 0.176998 0.848389 0.449506 0.279608 0.518154 0.838473 0.168759 0.512162 0.842009 0.16944 0.67818 0.648938 0.344893 0.850294 0.187719 0.491693 0.745923 -0.533854 -0.398245 0.888396 -0.324331 -0.324904 0.377983 -0.851802 -0.362716 0.527222 -0.747638 -0.403826 -0.000603 -0.950285 -0.311382 0.891343 0.029988 0.452336 0.927679 0.208986 0.309413 0.826966 0.510487 0.235647 0.81116 -0.356452 0.463639 0.709732 -0.652247 0.266186 0.925032 -0.225662 0.305601 0.400995 0.899167 0.175218 0.613673 0.785042 0.084347 0.205213 0.966065 0.156861 0.701383 0.712469 0.021205 0.951094 0.301619 -0.066677 0.952848 0.294031 -0.075006 0.956759 0.266136 -0.117403 0.62059 0.78407 -0.010148 0.422025 0.904227 0.065331 0.215255 0.806769 0.550263 0.864641 -0.464053 -0.192485 0.872098 -0.431834 -0.230141 0.64011 -0.715679 -0.279397 0.6725 -0.714775 -0.191938 0.966842 -0.181343 -0.179807 0.570253 -0.733845 -0.369165 0.626188 -0.724604 -0.287815 0.848723 -0.425237 -0.314394 0.983921 0.082159 -0.158587 0.993603 0.08986 -0.068392 0.991147 0.126933 -0.038938 0.986453 0.163707 -0.010554 0.991745 0.075224 -0.103846 0.990017 0.110634 -0.087329 0.994488 -0.080101 -0.067656 0.99103 -0.060968 -0.118923 0.999336 0.032526 -0.016413 0.05948 0.772114 -0.632695 0.308462 0.87581 0.371225 0.230977 0.858825 -0.45724 0.139397 0.86528 0.481517 0.424293 0.731926 0.53316 0.231045 0.48082 0.845831 0.306161 0.505878 0.806445 0.392882 0.460318 0.796085 0.572942 0.662478 0.482556 0.267598 0.816415 -0.511721 0.305198 0.609897 -0.731355 0.066428 0.377543 -0.923606 0.021291 0.364372 -0.93101 0.018305 0.357225 -0.933839 0.014513 0.814931 -0.579376 0.181882 0.328267 0.926909 0.106404 0.472653 0.874801 0.029678 0.980752 0.192991 -0.050788 0.406597 0.912195 0.482121 0.601784 -0.636722 0.12412 0.294906 -0.947431 0.18627 0.249675 -0.950245 0.606445 0.437332 -0.664052 0.734203 0.530956 0.42312 0.852046 0.469719 0.231042 0.471016 0.422377 -0.77443 0.715197 0.601971 0.355139 0.501532 0.36038 0.786506 0.53632 0.404543 0.740747 0.84948 0.43392 0.300162 0.566335 0.569398 -0.595861 0.484267 0.283128 -0.827843 0.187063 0.15779 -0.969593 0.113618 0.270963 -0.955861 0.644985 0.34439 0.682195 0.168509 0.20097 -0.964995 0.23878 0.138893 -0.961089 0.578922 0.350114 0.736389 0.570616 0.217337 -0.791936 0.920884 0.269383 0.28179 0.917278 0.111797 -0.382233 0.9494 0.090059 0.300879 0.757251 0.117497 0.642468 0.712229 0.238283 0.660266 0.939019 0.081057 -0.334176 0.455774 0.046902 -0.888859 0.516908 0.071444 -0.853054 0.65766 0.006151 -0.75329 0.995093 0.060527 0.078271 0.928447 0.052053 0.3678 0.803128 -0.020562 0.595451 0.768394 0.06438 0.636731 0.72154 0.02588 0.691889 0.242846 0.120874 -0.962505 0.94142 0.01406 0.336943 0.912112 0.033788 0.408547 0.211455 -0.971581 0.106381 0.206079 -0.977814 0.037577 -0.047918 -0.994415 -0.094036 -0.119797 -0.972784 -0.198341 -0.323575 -0.930454 -0.171916 -0.127952 -0.981048 -0.145513 0.193539 -0.981056 -0.008506 0.171871 0.976283 -0.131655 0.272205 -0.915253 -0.297013 0.02522 -0.972832 -0.230135 0.165141 -0.95862 0.231896 0.065309 -0.972209 0.224822 0.3947 0.911749 -0.113691 0 0.98186 -0.189609 0 0.99187 -0.127259 0.686252 0.694521 -0.216099 0.766102 0.642381 0.020845 0.870416 0.483729 -0.091558 0.459588 0.886918 -0.04642 0.803203 0.595479 -0.016407 0.574433 0.809528 -0.121209 0 0.995916 -0.09028 0 0.986619 -0.163044 0.987455 0.155771 -0.025854 -0.574433 0.809528 -0.121209 -0.459588 0.886918 -0.04642 -0.803203 0.595479 -0.016407 -0.766102 0.642381 0.020845 -0.3947 0.911749 -0.113691 -0.870416 0.483729 -0.091558 -0.686253 0.69452 -0.216099 -0.987455 0.155771 -0.025854 -0.990748 0.101467 -0.090128 -0.998639 -0.032041 -0.041158 0.000000 -0.052208 -0.998636 0.487227 0.752165 -0.443685 0.546286 -0.059384 -0.835491 -0.000000 0.890852 -0.454293 0.498718 -0.620965 -0.604717 0.429263 0.114523 -0.895889 0.000000 -0.842337 -0.538951 0.569441 0.793546 -0.214525 0.637048 0.755527 -0.152802 0 0.963611 -0.267309 -0.990321 0.108476 -0.086593 -0.808548 0.553528 -0.199642 -0.78625 0.578368 -0.217491 -0.973132 0.169647 -0.15567 -0.506158 0.860134 -0.063043 -0.569441 0.793546 -0.214525 -0.487227 0.752165 -0.443685 -0.637048 0.755527 -0.152802 -0.546286 -0.059384 -0.835491 -0.498718 -0.620965 -0.604717 -0.429263 0.114523 -0.895889 -0.272205 -0.915253 -0.297013 -0.325472 -0.94148 -0.087649 0.000000 -0.842337 -0.538951 -0.804056 -0.587143 -0.093579 -0.907543 -0.388187 -0.160237 -0.365994 -0.919163 -0.145559 -0.369214 -0.92646 -0.073168 -0.065309 -0.972209 0.224822 0 -0.996276 -0.086224 0.325472 -0.94148 -0.087649 0.498718 -0.620965 -0.604717 0.272205 -0.915253 -0.297013 0.429263 0.114523 -0.895889 0.804056 -0.587143 -0.093579 0.369214 -0.92646 -0.073168 0.065309 -0.972209 0.224822 0.990321 0.108476 -0.086593 0.637048 0.755527 -0.152802 0.78625 0.578368 -0.217491 0.506158 0.860134 -0.063043 -0.119012 0.944967 -0.304752 -0.025407 0.999088 -0.034307 0.15832 0.984274 -0.078353 -0.064739 0.96226 -0.264318 -0.014889 0.996664 -0.080246 -0.278794 0.923686 -0.262827 -0.118712 0.961239 -0.248851 0.171871 0.976283 -0.131655 0.94142 0.01406 0.336943 0.128328 0.989091 0.072329 0.912112 0.033788 0.408547 0.506158 0.860134 -0.063043 0.990321 0.108476 -0.086593 0.401906 0.009976 0.915626 0.068395 0.960795 0.26869 0.429263 0.114523 -0.895889 0.487227 0.752165 -0.443685 0.188883 0.965915 -0.177007 0.637048 0.755527 -0.152802 0 -0.891024 0.453957 0.196116 -0.774702 0.601145 0 -0.836454 0.548037 0.301698 -0.802467 0.514806 0.636686 -0.5458 0.544732 0.699184 -0.664719 0.263231 0.901469 -0.224211 0.370247 0.9164 -0.374225 0.142012 0.932778 -0.013809 0.360187 0.723484 -0.340011 0.600802 0.983299 0.059646 0.171947 0.993781 -0.0853 0.071569 0.916505 -0.388715 0.094442 0.938689 -0.339669 0.059053 0.966558 0.216113 0.138061 0.337959 -0.63636 0.693419 0.349005 -0.084604 0.933294 -0.000000 -0.751968 0.6592 -0.000000 -0.256012 0.966674 0.362799 0.057273 0.930106 0.58787 0.770922 0.245129 0.865814 0.455372 0.207368 0 0.181722 0.98335 0 0.616537 0.787326 0.97677 -0.18733 0.104055 0.959829 0.07407 0.270633 0.856553 -0.320585 0.404404 0.955406 -0.183654 0.231236 0.799757 -0.598731 0.043697 0.705198 -0.590842 0.391921 0.247143 -0.961 0.124092 0.659221 -0.740692 0.129626 0.186896 -0.976563 0.106744 0 -0.995206 0.097804 0 -0.996951 0.078024 -0.983299 0.059647 0.171947 -0.993781 -0.0853 0.071569 -0.9164 -0.374225 0.142012 -0.966558 0.216113 0.138061 -0.932778 -0.013809 0.360187 -0.901469 -0.224211 0.370247 -0.699184 -0.664719 0.263231 -0.636686 -0.5458 0.544732 -0.301698 -0.802467 0.514806 -0.196116 -0.774702 0.601145 -0.723484 -0.34001 0.600802 -0.337959 -0.63636 0.693419 -0.349005 -0.084604 0.933294 -0.362799 0.057273 0.930106 -0.69095 0.259417 0.674753 -0.799382 0.502395 0.329525 -0.865815 0.455372 0.207368 -0.58787 0.770922 0.245128 -0.959829 0.07407 0.270633 -0.97677 -0.18733 0.104055 -0.799757 -0.598731 0.043697 -0.941309 -0.324122 0.094246 -0.955406 -0.183654 0.231235 -0.856553 -0.320585 0.404404 -0.616164 0.684765 0.389152 -0.763277 -0.508924 0.398001 -0.705198 -0.590842 0.391921 0.642457 0.425816 0.637126 0.821139 0.404209 -0.402922 0.262624 0.954239 0.143026 -0.54261 0.318178 0.777391 0.564682 0.250429 0.786396 0.62887 0.51063 -0.586327 -0.695119 0.357462 0.623723 0.010839 0.995116 0.098112 0.09625 0.986787 0.130334 0.062027 0.990715 0.120984 0.012467 0.994545 0.103561 0.031888 0.991311 0.127618 -0.024954 0.999687 -0.001946 0.061762 0.984124 0.16639 -0.125249 0.982478 -0.138018 0 0.977893 0.209104 0 0.999248 0.038772 -0.102272 0.975725 -0.193652 -0.098067 0.995127 0.01021 -0.217843 0.973121 0.074702 0.124541 0.910849 0.393502 0.20648 0.945083 0.253348 0 0.952808 0.303572 -0.157648 0.888502 -0.430943 0 0.875305 0.483571 0.235552 0.799987 0.551848 -0.000089 0.977138 0.212607 0.166474 0.948743 0.268652 -0.734149 0.530812 -0.423395 -0.851582 0.23208 -0.47005 0.445613 0.764131 0.466404 0.589188 0.778951 0.214692 0.148129 0.988961 -0.003787 -0.279777 0.957346 -0.072205 -0.353223 0.929849 0.103027 -0.005507 0.98666 0.162703 -0.423427 0.897497 0.123328 0.110412 0.962463 0.247941 -0.13904 0.984935 0.102819 -0.004657 0.999033 0.04372 0.174204 0.981822 0.075349 0.639836 0.764335 0.080011 -0.002611 0.989204 -0.146521 0.240269 0.955402 -0.171689 0.036327 0.922702 0.383799 -0.000046 0.900831 0.434171 0.019014 0.999409 -0.028647 -0.404504 0.799404 0.444218 0.721055 0.692785 0.011332 -0.529453 0.61632 0.582948 -0.037671 0.922631 0.38384 -0.241374 0.955257 -0.170947 -0.017048 0.999438 -0.028873 0.401725 0.79916 0.447169 0.423427 0.897497 0.123328 -0.717521 0.696498 0.007392 0.353223 0.929849 0.103027 0.005507 0.98666 0.162703 -0.110412 0.962463 0.247941 0.279777 0.957346 -0.072205 -0.062027 0.990715 0.120984 -0.09625 0.986787 0.130334 -0.010839 0.995116 0.098112 -0.012467 0.994545 0.103561 -0.031888 0.991311 0.127618 0.024954 0.999687 -0.001946 -0.061761 0.984124 0.166389 0.125249 0.982478 -0.138018 0.102273 0.975725 -0.193652 0.098066 0.995127 0.01021 0.217843 0.973121 0.074702 -0.124541 0.910849 0.393502 -0.206479 0.945083 0.253348 0.157647 0.888502 -0.430943 -0.235552 0.799987 0.551848 -0.166872 0.948659 0.268699 0.734149 0.530812 -0.423395 0.851582 0.23208 -0.47005 -0.445613 0.764131 0.466404 -0.589188 0.778951 0.214692 -0.148129 0.988961 -0.003787 0.13904 0.984935 0.102819 -0.176763 0.981853 0.068702 -0.639836 0.764335 0.080011 0.983873 -0.165412 -0.068067 0.990561 -0.05195 -0.126847 0.989667 -0.098466 -0.104229 0.94722 0.175101 -0.268539 0.997843 -0.061705 0.022381 0.986883 0.027351 -0.159101 0.758074 0.514035 -0.401363 0.942574 0.180683 -0.280906 0.954933 0.099308 -0.279715 0.798869 0.291739 0.52602 0.670976 -0.286388 -0.683939 0.780729 0.434541 0.449038 0.85677 0.007081 0.51565 0.527517 -0.462183 -0.71282 0.790629 -0.115428 0.601317 0.134503 -0.98582 0.100339 -0.229387 -0.238971 0.943544 -0.479797 -0.182566 0.858175 0.341024 0.364894 0.866346 0.884629 -0.028899 -0.465398 0.199592 0.573811 0.794295 0.403928 -0.048425 0.913508 0.401043 -0.200204 0.893915 0.861464 -0.284168 -0.420866 0.085144 -0.953787 0.288168 -0.794727 -0.513459 0.32368 -0.790196 -0.175877 0.587075 0.262624 0.954239 0.143026 -0.639513 0.568929 -0.517052 -0.54261 0.318178 0.777391 -0.695119 0.357462 0.623723 -0.60213 0.637173 -0.481092 0.62887 0.51063 -0.586327 0.821139 0.404209 -0.402922 -0.288951 0.560932 -0.775798 -0.814152 0.372131 0.445729 0.277578 0.883176 0.378088 -0.870989 0.423516 0.249024 -0.252541 0.616506 -0.74575 0.935144 0.352499 -0.035343 0.86661 0.410858 -0.283166 -0.356089 0.378187 0.854503 0.867237 0.288781 0.405593 0.257271 0.962227 0.089058 0.601989 0.424835 -0.67611 0.878068 0.098709 0.468246 -0.552333 0.417571 0.721501 0.354409 0.50861 -0.784672 -0.825851 0.459516 -0.326826 -0.356089 0.378187 0.854503 0.257271 0.962227 0.089058 0.601989 0.424835 -0.67611 -0.787717 0.531883 -0.310809 -0.552333 0.417571 0.721501 0.354409 0.50861 -0.784672 0.277578 0.883176 0.378088 0.353746 0.271183 0.895167 0.935144 0.352499 -0.035343 -0.814152 0.372131 0.445729 0.282522 0.06974 0.956722 0.86661 0.410858 -0.283166 -0.870989 0.423516 0.249024 0.990748 0.101467 -0.090128 0.936195 0.268008 -0.227401 0.998639 -0.032041 -0.041158 0.799382 0.502396 0.329525 0.69095 0.259417 0.674753 0.46066 -0.887438 -0.015684 0.435847 -0.857395 -0.273699 0.22046 -0.968635 -0.114645 0.286491 -0.906173 -0.311086 0.206909 -0.369757 -0.905797 0.332307 -0.0948 0.938395 0.333642 -0.093693 0.938032 0.065688 -0.042104 0.996951 0.000000 0.051132 0.998692 -0.000000 -0.0632 0.998001 0.025628 -0.111574 0.993426 -0.000000 -0.106587 0.994303 0 0.123732 0.992316 -0.000000 0.357058 0.934082 0.260706 0.846593 0.464018 0 0.87917 0.476509 0 0.686753 0.726891 -0.260706 0.846593 0.464017 -0.065689 -0.042104 0.996952 -0.025629 -0.111574 0.993426 -0.332307 -0.0948 0.938395 -0.333642 -0.093693 0.938032 -0.729133 -0.08613 0.678931 -0.873257 0.188098 0.449491 -0.047381 -0.998506 0.027213 0.096161 -0.34471 0.933771 -0.832513 -0.244462 0.497152 0.882386 -0.399619 -0.248394 0.182289 -0.201396 0.962398 -0.933063 -0.015358 0.359384 0.122416 0.287569 0.949905 0.09084 0.477039 0.874175 0.984866 -0.169155 -0.037747 0.135464 -0.99026 -0.032177 0.948895 -0.095549 0.300779 -0.127408 -0.267255 0.955166 0.359827 -0.367655 -0.857528 0.966533 0.040735 0.253286 0.547071 -0.164487 -0.820766 0.933798 0.214786 0.286163 0.945991 0.286431 0.151849 -0.272682 -0.193277 0.942491 0.350153 -0.177761 0.91967 0.781601 -0.615281 -0.102607 0.968213 -0.246493 0.042473 -0.40943 -0.491366 0.768718 0.206909 -0.369757 -0.905797 -0.325812 -0.524149 -0.786838 0.932693 -0.152816 0.326698 0.907349 -0.396529 0.139581 0.047562 -0.49101 0.869855 0.079729 -0.994941 -0.061116 0.963093 -0.235424 0.130486 0.319929 -0.356855 -0.877667 0.306956 -0.177064 -0.935108 0.977488 -0.102406 0.184474 0.047204 -0.37526 0.925717 0.206748 -0.358377 -0.910396 0.971766 -0.216475 0.09386 0.087521 -0.992525 -0.085057 -0.002338 -0.453274 0.891368 -0.04317 -0.361482 0.931379 0.991053 -0.058052 0.120186 0.169088 -0.233973 -0.957427 0.087521 -0.992525 -0.085057 -0.894074 -0.423885 -0.144754 0.206748 -0.358377 -0.910396 -0.002338 -0.453274 0.891368 -0.859544 -0.494773 -0.128003 -0.04317 -0.361482 0.931379 0.169088 -0.233973 -0.957427 0.047562 -0.49101 0.869855 -0.892187 -0.370426 -0.258431 0.079729 -0.994941 -0.061116 0.319929 -0.356855 -0.877667 -0.87107 -0.451517 -0.19331 0.047204 -0.37526 0.925717 0.306956 -0.177064 -0.935108 0.968056 -0.216449 0.126562 0.074179 -0.989892 -0.120876 0.374446 -0.325364 -0.868291 0.006203 -0.456741 0.889578 -0.015249 -0.350074 0.936598 0.980131 -0.08119 0.180971 0.333096 -0.144183 -0.931804 -0.85015 -0.439125 -0.290542 0.374446 -0.325364 -0.868291 0.074179 -0.989892 -0.120876 0.006203 -0.456741 0.889578 -0.826357 -0.514965 -0.227915 -0.015249 -0.350074 0.936598 0.333096 -0.144183 -0.931804 0.957158 -0.289514 0.005509 -0.160472 -0.981918 -0.10043 0.23079 -0.398677 -0.887577 0.095144 -0.408471 0.907799 0.00047 -0.284017 0.958819 0.991486 -0.125648 -0.034189 0.138688 -0.278274 -0.950436 -0.911563 -0.405762 -0.066404 0.23079 -0.398677 -0.887577 -0.160472 -0.981918 -0.10043 0.095144 -0.408471 0.907799 0.00047 -0.284017 0.958819 -0.870492 -0.473412 -0.134629 0.138688 -0.278274 -0.950436 -0.933063 -0.015358 0.359384 -0.243496 -0.383553 -0.890841 -0.832513 -0.244462 0.497152 -0.08269 -0.331724 -0.939745 0.882386 -0.399619 -0.248394 -0.047381 -0.998506 0.027213 0.984866 -0.169155 -0.037747 -0.794727 -0.513459 0.32368 -0.303675 -0.570178 -0.763334 -0.086698 -0.586975 -0.80495 -0.790196 -0.175877 0.587075 0.861464 -0.284168 -0.420866 0.085144 -0.953787 0.288168 0.884629 -0.028899 -0.465398 -0.800529 -0.589633 -0.107173 0.359827 -0.367655 -0.857528 0.135464 -0.99026 -0.032177 -0.728172 -0.5757 -0.371936 0.547071 -0.164487 -0.820766 -0.272682 -0.193277 0.942491 -0.127408 -0.267255 0.955166 0.936426 -0.311039 0.16236 0.928554 -0.353537 0.113131 0.729133 -0.08613 0.678931 0.873257 0.188098 0.449491 -0.479797 -0.182566 0.858175 -0.686706 -0.664456 -0.294844 -0.229387 -0.238971 0.943544 -0.586104 -0.627842 -0.512149 0.134503 -0.98582 0.100339 0.527517 -0.462183 -0.71282 0.670976 -0.286388 -0.683939 -0.40943 -0.491366 0.768718 -0.864321 -0.500096 -0.053411 -0.851728 -0.520062 -0.063983 0.350153 -0.177761 0.91967 -0.325812 -0.524149 -0.786838 0.781601 -0.615281 -0.102607 0.206909 -0.369757 -0.905797 0.989681 -0.071626 0.124105 0.996284 -0.021983 0.083278 0.995773 0.068389 0.061315 0.981994 -0.167107 0.088105 0.982678 -0.061699 0.17475 0.997112 0.067076 0.035618 0.978404 -0.192931 0.074184 0.978787 -0.186636 0.084522 0.014311 0.135662 -0.990652 0.014311 0.135662 -0.990652 0.014311 0.135662 -0.990652 0.555938 0.826102 0.092138 0.105492 0.278705 -0.954565 -0.417912 0 -0.908488 -0.433776 0 -0.901021 -0.4341 0 -0.900865 -0.417912 0 -0.908488 -0.515538 0 -0.856867 -0.489811 0 -0.871828 -0.49371 0 -0.869627 -0.515538 0 -0.856867 0.492296 0 -0.870428 -0.071301 0 -0.997455 -0.037569 0 -0.999294 0.449798 0 -0.89313 -0.801898 0 -0.597461 -0.809162 0 -0.587586 -0.669308 0 -0.742985 -0.65548 0 -0.755212 -0.443786 0 -0.896133 -0.443786 0 -0.896133 -0.697429 -0.716182 -0.026014 -0.799757 -0.598731 0.043697 -0.767439 -0.641084 0.007014 -0.754283 -0.656511 -0.00715 -0.585343 -0.81071 -0.011123 -0.182658 -0.982987 -0.019286 -0.768623 -0.639623 0.010038 -0.683021 -0.730055 0.022408 -0.57433 -0.814441 0.082644 -0.626907 -0.773549 0.092789 -0.297981 -0.954569 0.002132 -0.16877 -0.953894 0.248198 -0.079004 -0.995981 -0.042186 0.754329 -0.651076 -0.084183 0.760763 -0.638119 -0.118501 0.267296 -0.961899 0.057481 0.180415 -0.946603 0.267195 0.267777 -0.962856 0.034698 0.375131 -0.874619 0.307114 0.209906 -0.972993 0.096047 0.073268 -0.997207 0.014487 0.035379 -0.998024 -0.051919 0.217346 -0.965402 0.144082 0.528781 -0.848666 -0.012527 0.160558 -0.937652 -0.308268 0.113459 -0.754436 -0.646494 0.218037 -0.730011 -0.647722 -0.075163 -0.807855 -0.584569 0.386335 -0.810246 -0.440734 0.210378 -0.852268 -0.478937 0.284163 -0.93542 -0.210334 0.186518 -0.982392 -0.010802 -0.010141 -0.888356 -0.459044 0.602309 -0.7832 -0.154344 0.511648 -0.778202 -0.364166 0.310639 -0.812187 -0.493818 0.466107 -0.88451 -0.019646 0.441144 -0.888188 -0.128509 0.455449 -0.886173 -0.085227 0.071616 -0.921724 -0.381178 0.374959 -0.922738 -0.089227 0.544528 -0.815267 0.19705 0.417643 -0.886154 0.200763 -0.39233 -0.874455 -0.285317 -0.462851 -0.885278 -0.0453 -0.601954 -0.642827 -0.473735 -0.632375 -0.774652 -0.004063 -0.538941 -0.842131 0.018887 -0.694748 -0.718641 0.029671 -0.408194 -0.910809 0.06168 -0.300704 -0.95017 0.082189 0.793041 -0.608665 0.024772 0.810908 -0.575589 -0.105481 0.086141 -0.811358 -0.578168 -0.452431 -0.888731 0.073917 -0.284502 -0.956681 0.061802 -0.776508 -0.629283 0.032211 -0.684033 -0.72583 0.07259 -0.573693 -0.814244 0.088783 -0.660107 -0.750801 -0.023616 -0.613326 -0.78892 -0.037908 -0.516557 0.856243 -0.003994 -0.949752 0.044425 -0.309835 -0.459027 0.887598 -0.038261 -0.966323 0.137945 -0.217233 -0.791427 -0.563353 -0.23723 -0.561412 -0.805278 -0.190641 -0.256432 -0.951433 -0.170347 -0.523943 -0.810645 -0.261414 0.163709 -0.983675 -0.074723 -0.201385 -0.97804 0.053686 -0.240061 -0.965994 0.096057 -0.074143 -0.984438 -0.159325 -0.779681 -0.466271 0.417958 -0.875151 -0.382952 0.295734 0.182613 -0.976278 -0.116334 -0.260198 -0.964679 0.041127 0.330921 -0.942848 -0.039104 -0.165368 -0.98534 0.041934 0.457686 -0.889018 -0.013039 -0.075464 -0.99684 -0.024784 -0.913733 -0.360255 -0.187904 -0.117842 -0.975867 -0.183842 -0.92459 -0.379655 -0.03155 -0.933689 -0.352955 0.060401 -0.676683 0.736264 -0.003885 -0.78829 0.615055 -0.017498 -0.323369 0.945895 0.026741 -0.411179 0.911179 -0.026147 -0.731284 0.682012 -0.009139 -0.431837 0.899289 -0.069255 -0.834249 0.549975 0.03946 -0.616399 0.785816 -0.050445 -0.923675 -0.339849 0.176998 -0.848389 0.449506 0.279608 -0.518154 0.838473 0.16876 -0.512162 0.842009 0.16944 -0.67818 0.648938 0.344893 -0.850293 0.18772 0.491693 -0.745923 -0.533854 -0.398245 -0.377982 -0.851802 -0.362716 -0.888396 -0.324331 -0.324904 -0.527222 -0.747638 -0.403826 -0.891343 0.029988 0.452336 -0.927679 0.208985 0.309413 -0.925032 -0.225662 0.305601 -0.811161 -0.356452 0.463638 -0.701383 0.712469 0.021206 -0.613673 0.785042 0.084348 -0.951094 0.301619 -0.066677 -0.952848 0.29403 -0.075006 -0.956759 0.266136 -0.117403 -0.620589 0.78407 -0.010148 -0.422026 0.904227 0.065331 -0.215255 0.80677 0.550261 -0.864641 -0.464053 -0.192485 -0.872098 -0.431834 -0.230141 -0.64011 -0.715679 -0.279397 -0.6725 -0.714775 -0.191938 -0.966842 -0.181343 -0.179807 -0.754253 -0.606365 -0.251841 -0.519764 -0.803612 -0.28992 -0.626187 -0.724605 -0.287815 -0.570253 -0.733845 -0.369165 -0.848722 -0.425239 -0.314393 -0.983921 0.082154 -0.158587 -0.05948 0.772114 -0.632695 -0.308462 0.87581 0.371225 -0.156905 0.838489 0.521841 -0.230977 0.858826 -0.45724 -0.014513 0.814931 -0.579376 -0.029678 0.980752 0.192991 -0.120837 0.468244 0.875298 0.050789 0.406596 0.912195 -0.428245 0.776142 0.462828 -0.234097 0.48572 0.842184 -0.279837 0.513398 0.811242 -0.267598 0.816416 -0.511719 -0.066428 0.377543 -0.923606 -0.021291 0.364372 -0.93101 -0.305198 0.609897 -0.731355 -0.482121 0.601784 -0.636723 -0.12412 0.294906 -0.947431 -0.18627 0.249675 -0.950245 -0.608556 0.68923 0.393221 -0.606445 0.437332 -0.664052 -0.734203 0.530956 0.42312 -0.852046 0.46972 0.231042 -0.471016 0.422377 -0.77443 -0.715197 0.601971 0.355139 -0.501533 0.36038 0.786506 -0.53632 0.404542 0.740747 -0.84948 0.43392 0.300162 -0.5373 0.541823 -0.646326 -0.513826 0.308821 -0.800383 -0.644985 0.34439 0.682195 -0.147247 0.19146 -0.970393 -0.168509 0.200971 -0.964995 -0.23878 0.138894 -0.961089 -0.578922 0.350114 0.73639 -0.832135 0.25319 -0.493402 -0.920884 0.269383 0.28179 -0.917278 0.111797 -0.382233 -0.9494 0.090059 0.300879 -0.757251 0.117497 0.642468 -0.712229 0.238283 0.660266 -0.939019 0.081057 -0.334176 -0.455774 0.046902 -0.888859 -0.516908 0.071443 -0.853054 -0.65766 0.006151 -0.75329 -0.995093 0.060526 0.078271 -0.928447 0.052053 0.367801 -0.803128 -0.020562 0.595451 -0.768394 0.06438 0.636731 -0.72154 0.02588 0.691889 -0.274179 0.113153 -0.954999 -0.993603 0.089859 -0.068392 -0.99103 -0.060968 -0.118923 -0.994488 -0.080101 -0.067656 -0.999336 0.032526 -0.016413 -0.989649 -0.143035 0.011616 -0.991147 0.126933 -0.038938 -0.986453 0.163707 -0.010554 -0.990371 0.083029 -0.110781 -0.991935 0.034963 -0.121832 -0.979339 0.139582 -0.146326 -0.973119 0.160753 -0.164919 -0.993285 0.032233 -0.111117 -0.904416 0.380857 -0.1923 -0.966913 0.209355 -0.145772 -0.878296 0.438056 -0.191579 -0.852875 0.489166 -0.182542 -0.83516 0.521614 -0.174433 -0.772271 0.615462 -0.157493 -0.833445 0.537425 -0.128619 -0.754192 0.633866 -0.171489 -0.895596 0.393963 -0.20664 -0.640171 0.750551 -0.163869 -0.671207 0.715431 -0.19401 -0.494094 0.860632 -0.123221 -0.454838 0.88199 -0.123356 -0.40993 0.905864 -0.106626 -0.360923 0.923247 -0.131718 -0.333264 0.934236 -0.127036 -0.161028 0.978218 -0.130994 -0.081315 0.991027 -0.106084 -0.153234 0.980717 -0.121299 -0.087495 0.98889 -0.12017 -0.042454 0.99525 -0.08761 -0.46848 0.873105 -0.134957 -0.287809 0.94617 -0.148078 -0.644819 0.750383 -0.145372 -0.795438 0.586597 -0.152259 -0.869761 0.463384 -0.169681 -0.94142 0.01406 0.336943 -0.222136 -0.969175 0.106566 -0.914345 -0.036905 0.403252 -0.206079 -0.977814 0.037577 0.119797 -0.972784 -0.198341 0.047918 -0.994415 -0.094036 0.323575 -0.930454 -0.171916 0.127951 -0.981048 -0.145513 -0.193538 -0.981056 -0.008506 -0.171871 0.976282 -0.131655 -0.158321 0.984274 -0.078353 -0.128328 0.989091 0.072329 0.025407 0.999088 -0.034307 0.119012 0.944967 -0.304753 0.064739 0.96226 -0.264318 0.014889 0.996664 -0.080247 0.278794 0.923686 -0.262827 0.118712 0.961239 -0.248852 -0.171871 0.976282 -0.131655 -0.94142 0.01406 0.336943 -0.914345 -0.036905 0.403252 -0.065309 -0.972209 0.224822 -0.401906 0.009976 0.915626 -0.165141 -0.95862 0.231896 -0.990321 0.108476 -0.086593 -0.272205 -0.915253 -0.297013 -0.02522 -0.972832 -0.230135 -0.506158 0.860134 -0.063043 -0.068395 0.960795 0.26869 -0.014766 0.999682 -0.020441 -0.487227 0.752165 -0.443685 -0.429263 0.114523 -0.895889 -0.188883 0.965915 -0.177007 -0.061759 0.994205 -0.087984 -0.058021 0.997424 -0.042181 0.04339 0.994168 -0.098732 -0.899558 -0.00301 0.436792 -0.043989 -0.994065 -0.099499 -0.821139 0.404209 -0.402922 -0.642457 0.425817 0.637126 -0.262625 0.954239 0.143026 0.54261 0.318178 0.777391 -0.564683 0.250429 0.786396 -0.62887 0.51063 -0.586327 0.69512 0.357462 0.623723 -0.983873 -0.165412 -0.068067 -0.990561 -0.05195 -0.126847 -0.947221 0.175099 -0.26854 -0.989667 -0.098466 -0.104229 -0.997843 -0.061705 0.022381 -0.986883 0.027351 -0.159101 -0.758075 0.514033 -0.401364 -0.942574 0.180682 -0.280906 -0.999125 -0.038408 0.016583 -0.987555 -0.073601 0.138992 -0.670976 -0.286388 -0.683939 -0.79887 0.291739 0.526019 -0.780729 0.434541 0.449038 -0.85677 0.007081 0.51565 -0.527517 -0.462183 -0.71282 -0.790629 -0.115428 0.601317 -0.134504 -0.98582 0.100339 0.229387 -0.23897 0.943544 0.479797 -0.182566 0.858175 -0.884629 -0.028899 -0.465398 -0.341025 0.364894 0.866346 -0.199593 0.573811 0.794295 -0.403928 -0.048425 0.913508 -0.401043 -0.200203 0.893914 -0.861465 -0.284167 -0.420865 -0.085144 -0.953787 0.288168 0.794725 -0.51346 0.323683 0.790196 -0.175877 0.587076 0.639512 0.568929 -0.517053 -0.262625 0.954239 0.143026 0.54261 0.318178 0.777391 0.69512 0.357462 0.623723 0.60213 0.637174 -0.481092 -0.62887 0.51063 -0.586327 -0.821139 0.404209 -0.402922 0.814153 0.372132 0.445728 0.288953 0.560932 -0.775798 -0.277577 0.883176 0.378088 0.870989 0.423516 0.249023 0.252542 0.616506 -0.74575 -0.935144 0.3525 -0.035344 -0.86661 0.410858 -0.283165 -0.867237 0.288781 0.405592 0.356088 0.378187 0.854504 -0.257271 0.962227 0.089057 -0.601989 0.424835 -0.67611 -0.878068 0.098709 0.468245 0.552332 0.41757 0.721502 -0.354408 0.50861 -0.784672 0.356088 0.378187 0.854504 0.825851 0.459516 -0.326826 -0.257271 0.962227 0.089057 -0.601989 0.424835 -0.67611 0.787717 0.531883 -0.310809 0.552332 0.41757 0.721502 -0.354408 0.50861 -0.784672 -0.353746 0.271183 0.895167 -0.277577 0.883176 0.378088 -0.935144 0.3525 -0.035344 0.814153 0.372132 0.445728 -0.282522 0.06974 0.956722 -0.86661 0.410858 -0.283165 0.870989 0.423516 0.249023 -0.951916 -0.072683 -0.297614 -0.974986 -0.025141 -0.220841 -0.977482 0.015249 -0.210467 -0.983916 0.071657 -0.16363 -0.987383 0.019068 -0.157202 -0.981635 0.077927 -0.174126 -0.951582 0.287107 -0.109821 -0.925653 0.370111 -0.078648 -0.854901 0.503842 -0.123644 -0.419058 0.892974 -0.164281 -0.287637 0.951705 -0.107345 -0.296457 0.946757 -0.125557 -0.401446 0.868574 -0.290552 -0.695417 0.70529 -0.137701 -0.455961 0.887892 -0.061213 -0.738127 0.670734 -0.072695 -0.831649 0.551083 -0.068314 -0.164894 0.972957 -0.161756 -0.180505 0.975157 -0.128399 -0.185509 0.964479 -0.188062 -0.041623 0.962032 0.269745 -0.183934 0.979726 -0.079409 -0.810937 0.553604 -0.189484 -0.846989 0.49196 -0.201457 -0.78733 0.585945 -0.19178 -0.60368 0.744424 -0.285313 -0.907543 0.418556 -0.034297 -0.659221 -0.740692 0.129626 -0.916505 -0.388715 0.094442 -0.247143 -0.961 0.124092 -0.186896 -0.976563 0.106744 -0.097759 0.979646 -0.175318 -0.974172 0.027519 0.224124 0.058778 0.969913 -0.236252 0.268798 0.926941 -0.261781 -0.46066 -0.887438 -0.015684 -0.435848 -0.857395 -0.273699 -0.22046 -0.968635 -0.114645 -0.289403 -0.955663 0.054354 -0.936426 -0.311038 0.16236 -0.928555 -0.353536 0.113131 -0.096161 -0.34471 0.933771 0.04738 -0.998506 0.027212 0.832514 -0.244462 0.497151 -0.882386 -0.399619 -0.248394 -0.182289 -0.201396 0.962398 0.933064 -0.015359 0.359384 -0.122416 0.287568 0.949905 -0.090839 0.477039 0.874175 -0.984866 -0.169155 -0.037747 -0.948895 -0.095549 0.30078 -0.135464 -0.99026 -0.032174 0.127408 -0.267255 0.955166 -0.359827 -0.367655 -0.857528 -0.966533 0.040735 0.253286 -0.547072 -0.164486 -0.820766 -0.933797 0.214786 0.286163 -0.945991 0.286431 0.151849 0.272682 -0.193277 0.942491 -0.781604 -0.615279 -0.102605 -0.018005 -0.289299 0.957069 -0.984092 -0.161617 -0.073783 0.40943 -0.491366 0.768718 -0.545576 -0.101224 -0.831925 0.32581 -0.52415 -0.786838 -0.993216 0.114894 0.017947 -0.971262 0.209607 -0.11276 -0.079728 -0.994941 -0.061117 -0.047562 -0.49101 0.869855 -0.963094 -0.235424 0.130486 -0.319928 -0.356855 -0.877667 -0.047204 -0.37526 0.925717 -0.977488 -0.102406 0.184473 -0.306955 -0.177064 -0.935108 -0.971766 -0.216475 0.093859 -0.206747 -0.358377 -0.910396 -0.087522 -0.992524 -0.08506 0.002338 -0.453274 0.891368 -0.169088 -0.233973 -0.957427 -0.991053 -0.058052 0.120186 0.04317 -0.361482 0.931379 0.894074 -0.423885 -0.144754 -0.087522 -0.992524 -0.08506 -0.206747 -0.358377 -0.910396 0.002338 -0.453274 0.891368 0.859544 -0.494773 -0.128003 -0.169088 -0.233973 -0.957427 0.04317 -0.361482 0.931379 0.892187 -0.370426 -0.258431 -0.047562 -0.49101 0.869855 -0.079728 -0.994941 -0.061117 -0.319928 -0.356855 -0.877667 -0.306955 -0.177064 -0.935108 0.87107 -0.451517 -0.19331 -0.047204 -0.37526 0.925717 -0.374446 -0.325364 -0.868291 -0.074178 -0.989893 -0.120873 -0.968056 -0.216449 0.126563 -0.006202 -0.456741 0.889578 -0.333096 -0.144183 -0.931804 -0.980131 -0.081189 0.180972 0.015249 -0.350073 0.936598 -0.374446 -0.325364 -0.868291 0.85015 -0.439125 -0.290542 -0.074178 -0.989893 -0.120873 -0.006202 -0.456741 0.889578 -0.333096 -0.144183 -0.931804 0.826358 -0.514964 -0.227915 0.015249 -0.350073 0.936598 -0.230791 -0.398677 -0.887577 0.160471 -0.981918 -0.100429 -0.957158 -0.289514 0.005509 -0.095144 -0.408471 0.907799 -0.138688 -0.278273 -0.950436 -0.991486 -0.125648 -0.03419 -0.00047 -0.284017 0.958819 -0.230791 -0.398677 -0.887577 0.911563 -0.405762 -0.066404 0.160471 -0.981918 -0.100429 -0.095144 -0.408471 0.907799 -0.138688 -0.278273 -0.950436 0.870492 -0.473412 -0.134629 -0.00047 -0.284017 0.958819 0.243495 -0.383553 -0.890841 0.933064 -0.015359 0.359384 0.832514 -0.244462 0.497151 0.08269 -0.331724 -0.939745 -0.882386 -0.399619 -0.248394 0.04738 -0.998506 0.027212 -0.984866 -0.169155 -0.037747 0.794725 -0.51346 0.323683 0.303675 -0.570178 -0.763334 0.790196 -0.175877 0.587076 0.086697 -0.586975 -0.804949 -0.861465 -0.284167 -0.420865 -0.085144 -0.953787 0.288168 -0.884629 -0.028899 -0.465398 -0.359827 -0.367655 -0.857528 0.800529 -0.589633 -0.107174 -0.135464 -0.99026 -0.032174 0.728172 -0.5757 -0.371935 -0.547072 -0.164486 -0.820766 0.272682 -0.193277 0.942491 0.127408 -0.267255 0.955166 0.686706 -0.664456 -0.294845 0.479797 -0.182566 0.858175 0.229387 -0.23897 0.943544 0.586104 -0.627842 -0.512148 -0.134504 -0.98582 0.100339 -0.527517 -0.462183 -0.71282 -0.670976 -0.286388 -0.683939 -0.545576 -0.101224 -0.831925 -0.971262 0.209607 -0.11276 -0.91055 0.022446 -0.41279 0.40943 -0.491366 0.768718 0.864321 -0.500096 -0.053411 -0.018005 -0.289299 0.957069 0.851728 -0.520063 -0.063981 0.32581 -0.52415 -0.786838 -0.781604 -0.615279 -0.102605 -0.545576 -0.101224 -0.831925 -0.799757 -0.598731 0.043697 -0.742574 -0.668963 -0.032756 -0.941309 -0.324122 0.094246 -0.754283 -0.656511 -0.00715 -0.014313 0.135662 -0.990652 -0.014313 0.135662 -0.990652 -0.014313 0.135662 -0.990652 -0.409002 0.45383 0.791679 -0.400995 0.899167 0.175218 -0.555937 0.826102 0.092138 -0.105492 0.278705 -0.954565 -0.018305 0.357225 -0.933839 -0.492294 0 -0.870429 0.037568 0 -0.999294 0.0713 0 -0.997455 -0.449796 0 -0.893131 0.801898 0 -0.597461 0.809162 0 -0.587586 0.669308 0 -0.742985 0.65548 0 -0.755212 0.443786 0 -0.896133 0.443786 0 -0.896133 0.881805 0.453146 -0.130689 0.867451 0.446423 -0.219627 0.895596 0.393963 -0.20664 0.81778 0.503021 -0.279652 0.46848 0.873105 -0.134956 0.347281 0.928659 -0.130339 0.453082 0.883476 -0.119105 0.099958 0.986351 -0.130844 0.101828 0.986451 -0.128631 0.101829 0.986451 -0.12863 0.225213 0.965709 -0.129175 0.644819 0.750384 -0.145372 0.524471 0.847442 -0.08229 0.722575 0.686754 -0.079088 0.818682 0.561923 -0.118333 0.869761 0.463384 -0.169681 0.709953 0.68684 -0.155621 0.842608 0.51606 -0.15393 0.889682 0.407142 -0.206642 0.881125 0.277555 -0.382859 0.987383 0.019068 -0.157202 0.86909 0.485328 -0.095605 0.72368 0.687956 -0.05481 0.738127 0.670734 -0.072695 0.425901 0.904768 -0.001706 0.659315 0.751538 0.022243 0.38493 0.921981 0.0422 0.259464 0.965578 0.018371 0.28978 0.956237 0.040481 0.269685 0.962874 -0.012006 0.252758 0.965991 -0.054535 0.279987 0.959102 -0.041593 0.219964 0.969214 -0.11064 0.821017 0.521228 -0.232922 0.821017 0.521228 -0.232922 0.821017 0.521228 -0.232922 0.193074 0.971361 -0.138492 0.193226 0.971339 -0.138438 0.193076 0.971362 -0.138484 0.193075 0.971361 -0.138494 0.25241 0.952721 -0.169151 0.283334 0.943596 -0.171313 0.178441 0.973992 -0.139634 0.270269 0.947631 -0.170148 0.157643 0.977797 -0.138064 0.259706 0.949573 -0.175681 0.557099 0.808393 -0.190109 0.559199 0.79758 -0.226192 0.564775 0.812346 -0.145338 0.474468 0.853442 -0.215677 0.222161 0.960267 -0.168913 0.743752 0.641504 -0.187898 0.769855 0.594398 -0.232409 0.580389 0.803945 -0.129698 0.784985 0.574061 -0.232921 0.840949 0.497991 -0.211684 0.835237 0.531807 -0.139857 0.849744 0.509867 -0.134053 0.858902 0.481385 -0.174805 0.139716 0.981851 -0.128252 0.673178 0.652111 -0.348687 0.775375 0.580946 -0.247578 0.793414 0.584818 -0.168764 0.832766 0.457082 -0.312373 0.847353 0.440455 -0.296636 0.858078 0.411952 -0.306591 0.860735 0.42566 -0.279192 0.871031 0.407486 -0.274336 0.847399 0.468745 -0.249387 0.866574 0.443928 -0.227986 0.847987 0.530017 0.000968 0.931381 0.363545 0.019071 0.959405 0.279387 -0.038535 0.949915 0.312504 -0.001711 0.984406 0.161933 -0.068719 0.989494 0.11633 -0.085842 0.994447 0.050459 -0.092349 0.997369 0.051902 -0.050599 0.997369 0.051907 -0.050599 0.705832 0.702074 -0.094304 0.655438 0.733819 -0.178635 0.707868 0.687672 -0.16134 0.472529 0.850176 -0.232203 0.580628 0.791253 -0.191808 0.309433 0.926835 -0.21267 0.590543 0.784825 -0.187903 0.325225 0.919457 -0.22097 0.200823 0.95114 -0.234525 0.180207 0.96193 -0.205465 0.286806 0.934949 -0.208838 0.18051 0.957273 -0.225932 0.101645 0.969065 -0.224901 0.050328 0.978133 -0.201798 0.133244 0.970363 -0.201596 0.161175 0.965141 -0.206216 0.135397 0.969329 -0.205107 0.166534 0.965639 -0.199516 0.175261 0.964594 -0.197084 0.255674 0.944501 -0.206276 0.241458 0.944214 -0.223959 0.357498 0.914858 -0.187697 0.477821 0.847546 -0.230981 0.486107 0.84009 -0.240726 0.841789 0.53007 -0.10206 0.815906 0.572619 -0.080025 0.756417 0.647533 -0.092383 0.774283 0.61142 -0.163252 -0.655438 0.733819 -0.178634 -0.705832 0.702074 -0.094304 -0.707868 0.687672 -0.161339 -0.472529 0.850176 -0.232203 -0.580628 0.791252 -0.191808 -0.309433 0.926835 -0.21267 -0.590543 0.784825 -0.187903 -0.325225 0.919457 -0.22097 -0.200823 0.95114 -0.234525 -0.180207 0.96193 -0.205465 -0.286806 0.934949 -0.208839 -0.18051 0.957273 -0.225932 -0.101645 0.969066 -0.224901 -0.050328 0.978133 -0.201799 -0.133244 0.970363 -0.201597 -0.161175 0.965141 -0.206216 -0.135397 0.969329 -0.205107 -0.166534 0.96564 -0.199515 -0.17526 0.964594 -0.197083 -0.255674 0.944501 -0.206276 -0.241458 0.944214 -0.223959 -0.357498 0.914858 -0.187697 -0.477821 0.847546 -0.230981 -0.486107 0.84009 -0.240727 -0.841789 0.53007 -0.10206 -0.815907 0.572619 -0.080024 -0.756417 0.647533 -0.092383 -0.774283 0.61142 -0.163252 0.000485 -0.675053 0.737769 0 0.912444 0.409202 -0.785837 0.592072 -0.178635 -0.816352 0.48108 0.319581 -0.000000 0.962772 -0.270316 0.785837 0.592072 -0.178635 -0.000000 0.260533 -0.965465 -0.968014 -0.106218 -0.227304 -0.000000 0.116856 0.993149 -0.968886 -0.145413 0.200287 -0.980062 -0.19762 -0.020601 0.816352 0.48108 0.31958 0.968014 -0.106218 -0.227304 0.968886 -0.145413 0.200288 0.980062 -0.19762 -0.020601 0 0.997773 -0.066709 0.248422 0.947624 0.200738 0.224791 0.971872 -0.070237 0 0.97856 0.205963 0.530284 0.826232 0.190102 0.498117 0.866119 -0.041439 0.259193 0.95188 -0.163536 0.417102 0.901204 -0.117715 0.778974 0.626974 0.010183 0.733677 0.678787 -0.031076 0.857572 0.51284 0.039574 0.881536 0.462699 0.093833 0.946912 0.307151 0.094954 0.939252 0.337635 0.061709 0.783562 0.602996 0.149755 0.838417 0.544412 0.025949 0.669921 0.741178 -0.043144 0.817086 0.576499 0.004344 0.927598 0.371492 0.039433 0.931209 0.363704 -0.023841 0.82146 0.568726 -0.041892 0.99751 0.032955 0.062346 0.998548 0.02803 0.046001 0.995575 -0.091281 0.022308 0.99803 -0.042534 0.046128 0.999375 -0.027731 -0.021909 0.99954 0.016479 0.025447 0.97562 -0.21928 -0.009043 0.989638 -0.136096 -0.045771 0.972212 -0.233021 0.022462 0.99959 -0.028604 0.001026 0.980882 -0.19215 0.030807 0.999964 -0.004198 -0.007414 0.940571 0.33174 -0.072622 0.9985 -0.051752 0.017898 0.995381 0.011603 0.095296 0.966403 -0.015639 0.256558 0.100852 0.983477 -0.150342 0.279737 0.948427 -0.149105 0.192554 0.979824 -0.053549 0.157982 0.987442 -0.000748 0.276144 0.953797 0.118389 0.447533 0.893918 0.02499 0.448215 0.88733 -0.108398 0.398724 0.916531 0.031472 0.413807 0.886071 0.208909 0.119594 0.909578 0.397952 0.45747 0.810474 0.365859 0.046992 0.995558 0.08159 0.085877 0.977081 -0.194777 0 0.954099 0.299493 0 0.985308 -0.170786 0.345473 0.889418 -0.299308 0.205987 0.963594 -0.170458 0.342188 0.937669 -0.060703 0.276935 0.95594 -0.097394 0.274839 0.96148 -0.00451 0.410123 0.911245 -0.037854 0.343425 0.938081 -0.04542 0.351382 0.929611 -0.11115 0.654202 0.754497 -0.052475 0.357436 0.928134 -0.103954 0.517743 0.821689 0.238262 0.538199 0.841919 0.038917 0 0.998921 0.046434 0 0.999977 -0.006854 0.647426 0.753234 -0.116093 0 0.948839 -0.31576 0.576903 0.816794 0.005553 0 0.999983 0.005792 -0.647426 0.753234 -0.116092 -0.448215 0.887329 -0.108397 -0.517743 0.82169 0.238262 -0.538199 0.841919 0.038917 -0.342188 0.937669 -0.060703 -0.357436 0.928134 -0.103954 -0.345473 0.889418 -0.299306 -0.205987 0.963594 -0.170458 -0.279737 0.948427 -0.149105 -0.276935 0.95594 -0.097394 -0.274839 0.96148 -0.00451 -0.410123 0.911245 -0.037855 -0.343425 0.938081 -0.04542 -0.351382 0.929611 -0.11115 -0.259193 0.95188 -0.163536 -0.100852 0.983477 -0.150342 -0.192554 0.979824 -0.053549 -0.417102 0.901204 -0.117715 -0.498117 0.866119 -0.041439 -0.224792 0.971872 -0.070237 -0.530284 0.826232 0.190102 -0.248422 0.947624 0.200738 -0.881535 0.462699 0.093833 -0.783562 0.602996 0.149755 -0.778974 0.626974 0.010183 -0.857572 0.51284 0.039574 -0.946912 0.307151 0.094954 -0.939252 0.337635 0.061709 -0.838416 0.544412 0.02595 -0.927598 0.371492 0.039433 -0.733677 0.678787 -0.031076 -0.669921 0.741177 -0.043144 -0.817086 0.576499 0.004344 -0.931209 0.363704 -0.023841 -0.99954 0.016479 0.025447 -0.99959 -0.028604 0.001026 -0.972212 -0.23302 0.022462 -0.97562 -0.21928 -0.009043 -0.998548 0.02803 0.046001 -0.989638 -0.136096 -0.045771 -0.99751 0.032955 0.062346 -0.995575 -0.091281 0.022308 -0.99803 -0.042534 0.046128 -0.999375 -0.027731 -0.021909 -0.980882 -0.19215 0.030807 -0.999964 -0.004198 -0.007414 -0.940572 0.33174 -0.072622 -0.82146 0.568726 -0.041892 -0.9985 -0.051752 0.017898 -0.995381 0.011603 0.095295 -0.907338 0.124942 -0.401407 -0.961439 0.046608 0.27104 -0.966403 -0.015638 0.256557 0.348627 0.937077 -0.018618 0.566471 0.824067 -0.004932 0.159463 0.98627 -0.042924 0.67764 0.726966 0.111017 0.993439 0.063546 0.095078 0.96782 0.105573 0.228428 0.469144 0.88065 -0.066033 -0.034829 0.999318 0.012284 0.977358 0.076228 -0.197387 0.157787 0.982932 0.094597 0.242273 0.965829 0.09208 0.748107 0.599588 0.284305 0.857416 0.346144 0.380818 0.574256 -0.80167 0.165998 0.885753 -0.315726 0.340233 0.587238 -0.795937 0.147091 0.822548 -0.116436 0.556649 0.256236 -0.96471 0.060649 0.092002 -0.988492 0.120078 0.526405 -0.840432 0.128731 0.152514 -0.988105 -0.01972 0.522416 -0.827373 -0.206242 0.776293 0.299546 0.554655 0.090758 -0.977212 -0.191884 0.256432 -0.951433 -0.170347 -0.431392 -0.898171 -0.084789 0.931984 -0.244826 -0.267333 0.39863 -0.886212 -0.236057 -0.011357 -0.993308 -0.114938 0.965709 -0.225708 -0.128307 0.756629 -0.630805 -0.172039 0.984049 -0.177847 -0.004307 0.925411 0.37893 -0.005116 0.585709 0.809335 -0.043849 0.261595 0.963185 0.061994 0 0.977057 -0.212977 0.550937 0.831243 -0.074192 0.457587 0.874071 -0.16314 0 0.992485 -0.12237 0.880716 0.468639 -0.068684 0.878391 0.466874 0.102265 0.829831 0.556068 -0.046576 0.728013 0.61859 -0.29554 0.368928 0.84646 -0.383924 0.802024 0.450801 -0.391837 0.442094 0.780151 -0.442625 0 0.928953 -0.370198 0 0.876447 -0.481499 0.415276 0.788516 -0.45364 0.286698 0.768809 0.571609 -0.000000 0.741952 0.670453 0.377574 0.705319 -0.599969 -0.000000 0.761798 -0.647815 -0.550937 0.831243 -0.074192 -0.442094 0.780151 -0.442625 -0.368928 0.84646 -0.383924 -0.802024 0.450801 -0.391837 -0.728012 0.618591 -0.29554 -0.457587 0.874071 -0.16314 -0.880716 0.468638 -0.068684 -0.878391 0.466874 0.102265 -0.829831 0.556068 -0.046576 -0.415276 0.788515 -0.453641 -0.286698 0.76881 0.571608 -0.377574 0.705319 -0.599969 0.213251 0.970391 0.113423 0.640405 0.767834 -0.01766 0.88525 0.438417 -0.155314 0.584643 0.809125 0.059231 0.87069 0.490499 -0.036198 0.902824 -0.377272 -0.206338 0.367275 -0.892104 -0.263172 -0.04022 -0.971027 -0.23556 0.307385 -0.943405 -0.124504 0.995425 -0.069682 -0.065374 0.900354 -0.432178 0.050837 0.905055 0.424161 0.031026 0.747824 0.663685 -0.016766 0.662116 0.749402 0.000165 0.751728 0.654968 0.076955 0.509144 0.860491 0.018106 0.975635 -0.150038 0.160077 0.585565 -0.801891 0.11868 0.389242 -0.920561 0.032519 0.305141 -0.949883 0.0679 0.109919 -0.993932 -0.004172 0.444077 -0.875092 0.192377 0.280871 0.711496 -0.644115 0.132493 0.979639 -0.150842 0.227359 0.943697 -0.2403 0.069531 0.957946 0.278398 0.096485 0.946766 0.307123 0.179941 0.928539 0.32471 0.254841 0.921424 -0.293317 0.32892 0.836265 -0.438718 0.322571 0.892019 0.316624 0.714347 0.548995 -0.43395 0.509296 0.373063 -0.775527 0.798114 -0.072914 -0.598078 0.696906 0.678993 -0.23085 0.122635 0.956892 0.263283 0.167974 0.932163 0.320711 0.858569 0.425823 -0.285541 0.503345 0.848003 0.165937 0.689955 -0.300398 -0.658576 0.320816 0.884103 0.339763 0.765844 0.631043 -0.123563 0.834944 -0.001541 -0.550333 0.763821 -0.098875 -0.63781 0.88999 0.306686 -0.337433 0.735981 0.662639 -0.138715 0.260154 0.555544 -0.789741 0.911746 0.404436 -0.07177 0.501389 0.858206 0.109962 0.35914 0.921964 0.14492 0.807043 0.580697 -0.107113 0.754253 -0.606365 -0.251841 0.88801 -0.364938 -0.279748 0.519763 -0.803613 -0.28992 0.944937 -0.010862 -0.327073 0.602134 -0.722049 -0.340706 0.984698 0.090336 -0.149026 0.990395 0.086977 -0.107484 0.988909 -0.041245 -0.14268 0.975179 -0.187839 -0.117227 0.967239 -0.249694 -0.045837 0.98965 -0.143035 0.011616 0.967532 -0.210386 -0.140067 0.985428 0.156323 -0.067036 0.982936 -0.018163 -0.18305 0.969503 0.15456 -0.190196 0.979659 -0.000612 -0.200667 0.961399 0.196748 -0.192359 0.956597 0.21912 -0.192117 0.930743 0.317259 -0.181837 0.978077 0.028647 -0.206264 0.928118 0.308705 -0.208083 0.972312 0.018804 -0.232928 0.920507 -0.293991 -0.257364 0.926538 -0.293751 -0.235026 0.970782 0.012131 -0.239655 0.697814 -0.664701 -0.266887 0.972774 -0.179099 -0.147089 0.776806 -0.601384 -0.186842 0.485468 -0.838773 -0.246537 0.377055 -0.870867 -0.315309 0.736855 -0.584311 -0.340038 0.9409 -0.211075 -0.264868 0.850418 -0.351372 -0.39157 0.959397 -0.187553 -0.210668 0.365331 -0.846502 -0.387256 0.92202 0.324869 -0.21057 0.758193 0.604397 -0.244639 0.932764 0.269538 -0.239377 0.972491 0.086061 -0.216458 0.953852 0.209561 -0.215059 0.77521 0.589937 -0.225883 0.808548 0.553528 -0.199642 0.973133 0.169647 -0.15567 0.913909 -0.324805 -0.243459 0.365994 -0.919163 -0.145559 0.907543 -0.388187 -0.160237 0.735932 0.634753 -0.235569 0.878235 -0.036809 -0.476811 0.315998 -0.913005 -0.258006 0 -0.962438 -0.271502 0 -0.989969 -0.141282 0 -0.940408 -0.340048 0 -0.920169 -0.391522 0.268344 -0.886058 -0.378012 0 -0.928539 -0.371234 0.273563 -0.911333 -0.307629 0 -0.955178 -0.296032 0.335949 -0.90553 -0.259141 0 -0.972643 -0.232306 0.248139 -0.961414 -0.118788 0 -0.995075 -0.099129 0.221156 -0.974394 -0.040579 0 -0.99956 -0.029648 0.516673 -0.817398 -0.254774 0.471927 -0.768532 -0.432023 0.668869 -0.483329 -0.564807 0.920631 0.3258 -0.21516 0.607061 -0.780265 -0.150546 0.637807 -0.768257 -0.054615 0.861036 -0.493133 -0.124243 0.884071 -0.466656 -0.025519 0.747094 -0.657449 -0.098034 0.787672 -0.606932 0.105859 0.955091 -0.275386 0.109383 0.944687 -0.29166 -0.150004 0.598971 -0.15477 -0.785672 0.637971 0.743818 -0.199317 0.99608 0.067651 0.056998 0.943965 -0.286686 -0.163527 0.962147 -0.181296 -0.203482 0.967361 -0.156828 -0.199041 0.922844 -0.350353 -0.160039 0.691867 -0.428351 0.581236 0.646223 -0.728792 -0.226404 0.734951 -0.647705 -0.200812 0.248883 -0.307982 0.918262 0.032455 -0.986611 0.15983 0.274079 -0.876496 0.395773 -0.084343 -0.914137 0.396535 -0.17459 0.013613 0.984547 0.570796 -0.030771 0.820515 0.836336 -0.029638 0.547416 0.431218 -0.79714 0.422634 -0.093211 -0.994834 -0.040212 -0.125125 -0.950335 -0.284968 -0.067009 -0.955681 0.286677 -0.013417 0.144656 0.989391 -0.049094 -0.994571 -0.09175 -0.041216 -0.996462 -0.073248 -0.035889 -0.999123 -0.021588 -0.042733 -0.99883 -0.022631 0.081435 -0.995585 -0.046679 0.067152 -0.98109 0.181531 0.081954 -0.99529 -0.051772 0.080371 -0.996483 -0.023721 -0.126479 -0.599984 -0.789951 -0.172774 -0.984675 -0.023764 0.29338 -0.948731 0.117635 -0.13015 -0.990255 -0.049563 0.062976 -0.99365 0.093238 0.938421 0.151472 0.310519 0.164967 -0.983575 0.073258 0.92098 0.03065 0.388402 0.464633 -0.852373 0.239949 0.124535 0.939214 -0.31995 -0.30278 -0.951924 -0.046522 -0.278196 -0.96003 -0.030799 -0.207264 -0.978232 0.010228 -0.07568 -0.995085 -0.063864 0.964396 0.029076 0.262859 0.135625 -0.983371 -0.120777 -0.085357 -0.995388 -0.04378 -0.0289 -0.99939 -0.019593 0.309248 0.939496 -0.147351 0 0.975668 -0.219251 0 0.986677 -0.162689 0.502011 0.83662 -0.219207 0.613323 0.783951 -0.096211 0.765154 0.639993 -0.070345 0.993689 -0.099165 -0.052432 0.975154 0.130842 -0.178763 0.259208 0.671262 -0.69442 0 0.766293 -0.642492 0.628511 0.7778 -0.000897 0.993327 0.093047 0.068145 0.939769 0.282397 0.192578 0.545455 0.796897 0.259682 0 0.995913 -0.090317 0 0.999018 0.044315 0.971515 -0.234949 0.030945 0.932117 -0.358749 0.049564 -0.545455 0.796897 0.259681 -0.628511 0.7778 -0.000898 -0.939769 0.282397 0.192577 -0.993327 0.093047 0.068144 -0.765154 0.639993 -0.070345 -0.309248 0.939496 -0.147351 -0.50201 0.83662 -0.219208 -0.613323 0.783951 -0.096211 -0.993689 -0.099165 -0.052432 -0.975154 0.130842 -0.178763 -0.259208 0.671262 -0.69442 -0.971515 -0.234949 0.030944 -0.932117 -0.358749 0.049564 0.938183 -0.061605 0.340613 0.972484 0.117132 -0.201381 0.939019 0.242179 -0.244118 0.713004 0.058376 -0.698726 0.969145 -0.081546 -0.232611 0.958572 -0.109107 -0.263127 0.202774 0.694505 0.690323 0.292413 0.922183 0.253125 0.18548 0.919959 0.34536 0.253863 0.6728 0.694905 0.100415 0.840201 -0.532897 0.091819 0.802759 -0.589192 0.122755 0.941053 0.315198 0.230337 0.874818 -0.426191 0.392198 0.854077 0.341663 0.313486 0.821058 -0.477065 0.520634 0.801341 0.294606 0.354014 0.594953 0.721599 0.311673 0.62677 0.714157 0.455755 0.708332 -0.539029 0.678986 0.670512 0.298984 0.563846 0.645289 -0.515442 0.755453 0.563554 0.334212 0.615929 0.469013 -0.632976 0.326205 0.371642 -0.869179 0.312276 0.245886 -0.917619 0.762187 0.439667 -0.475146 0.74268 0.395538 0.540349 0.42344 0.249374 -0.870926 0.781981 0.342202 0.520964 0.839806 0.354925 -0.410797 0.829288 0.336544 0.446116 0.407332 0.287365 0.866892 0.354183 0.184603 0.916775 0.791855 0.343443 -0.504987 0.896152 0.279619 0.344564 0.90787 0.1218 -0.401171 0.986199 0.12672 0.106559 0.608952 0.192156 -0.76958 0.754712 0.255182 0.604394 0.412561 0.183902 0.892174 0.463574 0.314553 0.828345 0.459777 0.396565 0.79457 0.439104 0.333246 0.834347 0.45388 0.291723 0.841957 0.473768 0.49483 0.728483 0.35123 0.477981 0.805091 0.560648 0.324252 0.761928 0.547839 0.720266 0.425546 0.759382 0.613559 -0.216528 0.533792 0.836865 -0.121342 0.721636 0.584979 0.37019 0.55718 0.43992 -0.704288 0.441412 0.538048 -0.718095 0.225056 0.961577 -0.157224 0.208055 0.942246 -0.26246 0.157175 0.973723 -0.164802 0.812645 0.560803 -0.158457 0.75649 0.50928 0.410314 0.83736 0.52994 -0.13413 0.769374 0.492655 0.406637 0.227537 0.958655 -0.170903 0.330244 0.864488 -0.378945 0.641184 0.595723 -0.483733 0.197789 0.926185 0.321032 0.197786 0.926184 0.321036 0.611555 0.382253 -0.692736 0.582999 0.422344 -0.694073 0.941619 -0.062537 -0.330822 0.786804 -0.452137 -0.420133 0.967248 0.193199 -0.16464 0.739826 0.672505 0.019841 0.772848 0.628935 0.084532 0.449157 0.859378 0.244392 0.44303 0.882239 0.159307 0.861964 0.485739 -0.145178 0.934439 -0.079905 -0.347044 0.823696 -0.398381 -0.403506 0.93403 0.248899 -0.256198 0.515995 0.855503 0.043178 0.407985 0.902128 0.140403 0.940222 -0.06168 -0.33493 0.826654 -0.411554 -0.383752 0.780428 0.596315 -0.187989 -0.009982 -0.993465 -0.113701 0.01931 -0.992787 0.118326 0.00598 -0.988327 0.152229 0.183988 -0.977102 0.106871 0.634624 -0.012077 0.772726 -0.085268 -0.98859 -0.124171 -0.103543 -0.943034 -0.316175 0.027111 -0.987415 0.155812 0.015779 -0.996964 0.076252 0.198991 -0.976306 -0.085024 -0.008544 -0.989814 -0.142109 -0.138334 -0.967927 -0.209715 -0.029968 -0.985038 -0.169711 -0.050671 -0.983548 -0.173396 0.108991 -0.923324 -0.36823 -0.291698 -0.889129 -0.352651 -0.129485 -0.967887 -0.215472 0.055513 -0.982496 0.177821 -0.170737 -0.93657 -0.30608 0.429263 0.114523 -0.895889 0.917976 -0.158953 0.363392 0.953133 0.245068 -0.177422 0.9273 0.310093 -0.20966 0.682254 0.399069 -0.612595 0.960273 0.126885 -0.248548 0.91424 0.166582 -0.369344 0.361569 0.442401 -0.8207 0.298189 0.596605 -0.745081 0.357207 0.43095 -0.828665 0.29942 0.640021 -0.707616 0.30174 0.456167 -0.837176 0.33849 0.467729 -0.816489 0.370815 0.464375 -0.804271 0.39685 0.695965 -0.598451 0.354343 0.909622 -0.216863 0.449758 0.323557 -0.832483 0.48034 0.325716 -0.814361 0.392736 0.265143 -0.880601 0.385512 0.229692 -0.893656 0.326408 0.488072 -0.809472 0.058156 0.54173 -0.838539 0 0.449602 -0.893229 0 0.38381 -0.923412 -0.326407 0.488072 -0.809472 0.400312 0.192342 -0.895966 0.48304 0.135005 -0.865128 0.446773 0.192531 -0.873685 0.648165 -0.011808 -0.761409 0.745298 0.003925 -0.66672 0.882044 0.107859 -0.458654 -0.058155 0.54173 -0.838538 -0.396849 0.695965 -0.598451 -0.354343 0.909622 -0.216864 -0.338489 0.46773 -0.816489 -0.370815 0.464375 -0.804271 -0.30174 0.456168 -0.837176 -0.298189 0.596605 -0.745081 -0.29942 0.640021 -0.707616 -0.36157 0.442401 -0.8207 -0.357207 0.43095 -0.828665 -0.449758 0.323556 -0.832484 -0.480339 0.325716 -0.814361 -0.392736 0.265143 -0.880601 -0.385512 0.229692 -0.893657 -0.400312 0.192342 -0.895966 -0.48304 0.135005 -0.865128 -0.446773 0.192532 -0.873685 -0.648165 -0.011808 -0.761409 -0.745298 0.003925 -0.66672 -0.882045 0.107859 -0.458653 0.215372 0.639158 -0.738303 0 0.794945 -0.606682 0.613923 0.789145 -0.018675 0 0.999951 0.009903 0 0.714476 0.69966 0.198113 0.745955 0.635848 0.651969 0.655167 0.381698 -0.613923 0.789145 -0.018675 0.872923 0.487849 -0.002985 0.794443 0.596849 -0.11239 0.682069 0.724596 -0.098703 -0.198113 0.745955 0.635848 -0.651969 0.655167 0.381698 -0.872923 0.487849 -0.002984 -0.794443 0.596849 -0.11239 -0.215372 0.639158 -0.738303 -0.936195 0.268008 -0.227401 -0.682069 0.724596 -0.098704 0.124535 0.939214 -0.31995 -0.052054 0.965534 -0.255017 0.92098 0.03065 0.388402 0.938421 0.151472 0.310519 0.351452 0.932076 0.087838 -0.031045 0.994634 -0.098687 -0.124766 0.937311 -0.325394 0.154295 0.983075 -0.098771 -0.040457 0.999151 -0.007839 -0.227924 0.96789 -0.106019 0.964396 0.029076 0.262859 0.47478 0.879825 0.022208 -0.13603 0.95787 -0.252944 0.564622 0.752023 0.340094 0.227776 0.947448 0.224633 0.570796 -0.030771 0.820515 0.836336 -0.029638 0.547416 0.14332 0.963082 0.227889 0.248883 -0.307982 0.918262 -0.17459 0.013613 0.984547 -0.032662 0.987141 0.156481 -0.013417 0.144656 0.989391 0.012704 0.996152 -0.086714 0.118418 0.982258 0.145421 0.160957 -0.114626 0.980282 0.175635 0.975922 -0.129342 0.276974 0.95914 0.057764 0.170425 0.966145 -0.193696 0.15009 0.980998 -0.122946 0.35922 0.040835 0.932359 -0.070626 0.447063 -0.89171 0.030372 0.982153 -0.185614 0.028184 0.995695 -0.088307 -0.010615 0.982285 -0.187092 0.002998 0.996176 -0.087315 -0.074137 0.959708 -0.271042 0.235059 0.971395 -0.033736 0.110775 0.933399 -0.341315 0.637971 0.743818 -0.199317 0.99608 0.067651 0.056998 0.598971 -0.15477 -0.785672 0.042996 0.514951 -0.856141 -0.255616 0.965336 0.052792 -0.017452 0.9959 -0.088766 0.094216 0.994648 -0.042411 0.955091 -0.275386 0.109383 0.480789 0.84542 -0.232607 0 0.970749 -0.240095 0.78625 0.578368 -0.217491 0.483871 0.846611 -0.221628 0.808548 0.553528 -0.199642 0.470161 0.852064 -0.230075 0 0.969025 -0.246965 0 0.969701 -0.244294 0.446514 0.862734 -0.237309 0 0.969005 -0.247041 0.429087 0.855396 -0.290142 0 0.965921 -0.258838 0.195168 0.916056 -0.35036 0 0.941702 -0.336448 0.758193 0.604397 -0.244639 0.735932 0.634753 -0.235569 0.77521 0.589937 -0.225883 0.311082 0.880622 -0.357397 0.592081 0.738697 -0.322128 0.299203 0.92875 -0.218862 0.146462 0.936519 -0.318559 0.851782 0.468193 -0.235079 -0.429086 0.855396 -0.290142 -0.446514 0.862734 -0.237309 -0.470161 0.852064 -0.230075 -0.483871 0.846611 -0.221628 -0.758193 0.604397 -0.244639 -0.735932 0.634753 -0.235569 -0.92202 0.324869 -0.21057 -0.928118 0.308705 -0.208083 -0.851782 0.468193 -0.235079 -0.865592 0.423239 -0.267617 -0.972312 0.018804 -0.232927 -0.978077 0.028647 -0.206264 -0.920507 -0.293991 -0.257364 -0.926538 -0.293751 -0.235026 -0.970782 0.012131 -0.239655 -0.697814 -0.664701 -0.266887 -0.972774 -0.179099 -0.147089 -0.776805 -0.601385 -0.186842 -0.485468 -0.838773 -0.246537 -0.377055 -0.870867 -0.315309 -0.736855 -0.584311 -0.340038 -0.9409 -0.211075 -0.264868 -0.850418 -0.351372 -0.39157 -0.959397 -0.187553 -0.210668 -0.365331 -0.846502 -0.387256 -0.315998 -0.913005 -0.258006 -0.913909 -0.324805 -0.243459 -0.953852 0.209561 -0.215059 -0.77521 0.589937 -0.225883 -0.932764 0.269538 -0.239377 -0.972491 0.086061 -0.216458 -0.878235 -0.036809 -0.476811 -0.480789 0.84542 -0.232607 0 -0.998261 -0.058941 -0.025555 -0.973923 -0.225433 0.598971 -0.15477 -0.785672 0.747094 -0.657449 -0.098034 -0.23184 -0.577735 -0.782606 0.095392 -0.965945 0.24052 0.787672 -0.606932 0.105859 0.35922 0.040835 0.932359 0.955091 -0.275386 0.109383 0.160957 -0.114626 0.980282 0.052176 0.975187 0.215149 0.02747 0.001076 0.999622 0.190034 0.004684 0.981766 0.059658 0.986533 0.152294 0.01931 -0.992787 0.118326 0.00598 -0.988327 0.152229 0.056216 0.984095 0.168513 0.634624 -0.012077 0.772726 0.006679 0.999839 0.016685 0.049719 0.998711 0.010232 0.03491 0.998989 0.028323 -0.0524 0.927948 -0.369008 -0.032988 0.98494 -0.169721 0.031873 0.99949 -0.002136 -0.033901 0.980079 -0.195694 -0.229489 0.916127 -0.328705 0.049347 0.987494 -0.149735 0.201246 0.974537 -0.098886 0.158877 0.943816 -0.289774 -0.040268 0.998831 -0.02674 -0.163744 0.977896 -0.130031 0.072147 0.997203 0.019507 0.014766 0.999682 -0.020441 0.063335 0.989484 0.130041 0.156662 0.016883 0.987508 0.165141 -0.95862 0.231896 0.065309 -0.972209 0.224822 0.055513 -0.982496 0.177821 -0.129319 0.984274 -0.120341 -0.229279 0.959662 -0.162727 0.929378 -0.366462 0.044297 0.616164 0.684765 0.389152 0.973843 -0.18635 0.130016 0.994192 -0.010781 0.107083 0.989565 -0.141135 0.029002 0.995233 -0.086039 0.045926 0.941309 -0.324121 0.094246 0.99461 0.019241 0.10189 0.763277 -0.508924 0.398001 0.997837 -0.063143 0.018289 0.999336 0.032526 -0.016413 0.985428 0.156323 -0.067036 0.98965 -0.143035 0.011616 0.99608 0.067651 0.056998 0.964325 -0.256257 0.066403 0.955091 -0.275386 0.109383 0.884071 -0.466656 -0.025519 0.653008 -0.756839 0.027821 0.637807 -0.768257 -0.054615 0.656914 -0.743325 0.126224 0.2138 -0.976538 0.025748 0.207549 -0.966313 0.152192 0 -0.999606 0.028086 0 -0.987174 0.159651 0 -0.99956 -0.029648 0.221156 -0.974394 -0.040579 0.634083 -0.756021 0.162391 0.198444 -0.954952 0.220651 0 -0.971997 0.234994 -0.207549 -0.966313 0.152192 -0.2138 -0.976538 0.025748 -0.221156 -0.974394 -0.040579 -0.656914 -0.743325 0.126224 -0.653008 -0.756839 0.027821 -0.938689 -0.339669 0.059053 -0.929378 -0.366462 0.044297 -0.973843 -0.18635 0.130016 -0.994192 -0.010782 0.107083 -0.989565 -0.141135 0.029002 -0.995233 -0.086039 0.045926 -0.99461 0.019241 0.10189 -0.997837 -0.063143 0.018289 -0.999336 0.032526 -0.016413 -0.985428 0.156323 -0.067036 -0.989649 -0.143035 0.011616 -0.99608 0.067651 0.056998 -0.964325 -0.256257 0.066403 -0.955091 -0.275386 0.109383 -0.884071 -0.466656 -0.025519 -0.637807 -0.768257 -0.054615 -0.115359 -0.979971 -0.162326 0.061356 -0.994531 -0.084516 0.668869 -0.483329 -0.564807 0.048027 -0.998277 -0.033723 0.070641 -0.99735 -0.017427 -0.080768 -0.986008 -0.145824 0.074661 -0.995015 -0.066117 0.043989 -0.994065 -0.099499 0.544677 0.010681 0.838578 0.510714 0.078394 0.856169 0.050068 0.996589 0.065599 0.747207 -0.025545 0.6641 0.091156 0.994407 0.053337 -0.026582 0.995926 -0.086171 0.263089 0.959413 -0.101542 0.668869 -0.483329 -0.564807 0.920631 0.3258 -0.21516 -0.04339 0.994168 -0.098732 0.058022 0.997424 -0.04218 0.061759 0.994205 -0.087984 0.899558 -0.00301 0.436792 0.691867 -0.428351 0.581236 0.646223 -0.728792 -0.226404 -0.223949 0.776482 0.589001 0.000485 -0.675053 0.737769 -0.30384 -0.38349 0.872133 -0.37597 -0.873915 0.308088 -0.180415 -0.946603 0.267195 -0.154829 0.164855 0.97409 0.999125 -0.038407 0.016583 0.969557 -0.207627 -0.129811 0.961625 -0.02517 -0.273211 0.943623 0.104433 -0.314117 0.958796 -0.283378 -0.020197 0.930901 -0.360751 -0.057294 0.963443 -0.266222 -0.030064 0.987555 -0.073601 0.138991 0.975735 -0.215451 -0.039007 0.965624 -0.259848 0.007018 0.954744 -0.292692 0.052866 0.948154 -0.308284 0.077231 0.882096 -0.410048 -0.231877 0.851782 0.468193 -0.235079 0.865592 0.423239 -0.267617 0.883591 0.402388 -0.23948 0.974172 0.02752 0.224124 0.097758 0.979646 -0.175318 -0.058778 0.969913 -0.236252 -0.268798 0.926941 -0.261781 -0.179088 0.9177 -0.354618 -0.039601 0.991411 -0.124645 -0.159478 0.947134 -0.278395 -0.048598 0.9964 -0.069468 -0.111973 0.963313 -0.243908 0.005552 0.998074 -0.06178 0.670226 0.019717 0.741895 0.597887 -0.032877 0.800906 0.850317 0.059612 0.522884 0.878235 -0.036809 -0.476811 0.493276 0.864545 -0.096129 0.727713 -0.049461 0.684097 0.490926 -0.871146 0.009817 0.087313 -0.990884 0.102592 0.878235 -0.036809 -0.476811 -0.083276 -0.996077 0.029919 0.146624 -0.981356 0.124267 -0.001299 -0.998909 0.04667 0.231723 -0.967335 0.102796 0.071559 -0.995722 0.058458 0.280127 -0.958522 0.052581 0.152772 -0.987132 0.04723 0.392826 -0.910337 0.130287 0.772795 0.613928 -0.160874 0.412484 0.889017 -0.198761 0.534242 0.845248 -0.011884 0.604592 0.730821 -0.316811 0 0.923316 -0.384041 0 0.982664 -0.185393 0 0.50858 -0.861015 0.243965 0.761628 -0.600336 0.818189 0.519256 -0.24686 0.995531 -0.021857 0.091873 0.974911 0.162031 0.152624 0.297608 0.790206 0.535728 0 0.999132 -0.04165 0 0.888467 0.458941 0.955575 0.240784 -0.170002 0.959649 -0.268395 0.083889 0.959934 -0.276452 0.045831 -0.412484 0.889017 -0.198761 -0.604592 0.730821 -0.316811 -0.772795 0.613928 -0.160874 -0.534241 0.845249 -0.011884 -0.243964 0.761627 -0.600338 -0.818189 0.519257 -0.24686 -0.297609 0.790206 0.535727 -0.974911 0.162031 0.152624 -0.995531 -0.021857 0.091872 -0.955575 0.240783 -0.170002 -0.959649 -0.268395 0.08389 -0.959934 -0.276452 0.045832 0.310586 0.910928 -0.271565 0.58743 0.794405 -0.154425 0.359937 0.82778 -0.430379 -0.109705 0.875178 -0.471199 0.002064 0.982766 0.184842 0.940583 0.271342 -0.204151 0.962909 0.187005 -0.194516 0.493276 0.864545 -0.096129 0.727713 -0.049461 0.684097 0.490926 -0.871146 0.009817 0.993796 -0.095641 -0.056772 0.742574 -0.668962 -0.032756 0.799757 -0.598731 0.043697 0.941309 -0.324121 0.094246 0.754283 -0.65651 -0.00715 0.99461 0.019241 0.10189 0.156366 0.764426 0.625462 0.287289 0.576309 -0.765071 0.138533 0.626284 -0.767187 0.085342 0.651397 -0.753922 0.490986 0.243216 -0.836528 -0.178196 0 -0.983995 -0.283821 0 -0.958877 -0.179546 0 -0.98375 -0.054053 0 -0.998538 -0.058912 0 -0.998263 -0.311836 0 -0.950136 -0.317199 0 -0.948359 -0.405641 0 -0.914033 -0.404466 0 -0.914553 0.311455 0 -0.950261 0.485748 0 -0.874099 0.98049 0 -0.196568 0.715492 0 -0.698621 -0.895038 0 -0.44599 -0.900934 0 -0.433957 -0.824315 0 -0.566131 -0.821187 0 -0.57066 -0.576889 0 -0.816823 -0.449633 0 -0.893214 -0.367479 0 -0.930032 -0.477557 0 -0.878601 -0.719493 0 -0.6945 -0.719493 0 -0.6945 -0.425271 0 -0.905066 -0.427115 0 -0.904197 -0.372166 0 -0.928166 -0.64159 0 -0.767048 -0.601683 0 -0.798735 -0.596138 0 -0.802882 -0.488465 0 -0.872583 -0.48363 0 -0.875273 -0.431118 0 -0.902295 -0.429568 0 -0.903034 -0.318766 0 -0.947833 -0.33097 0 -0.943641 -0.814139 0 -0.580671 0.372065 0 -0.928207 0.36051 0 -0.932755 -0.548984 0 -0.835833 -0.558478 0 -0.829519 -0.568953 0 -0.82237 -0.557392 0 -0.83025 0.361841 0 -0.93224 0.369583 0 -0.929198 0.887534 0 -0.460743 0.891577 0 -0.45287 -0.337499 0 -0.941326 -0.425076 0 -0.905158 -0.718511 0 -0.695515 -0.690282 0 -0.72354 -0.485429 0 -0.874276 -0.48665 0 -0.873597 0.305062 -0.380434 0.873045 -0.566472 0.824067 -0.004932 -0.348627 0.937077 -0.018618 -0.159463 0.98627 -0.042924 -0.67764 0.726965 0.111017 -0.993439 0.063546 0.095078 -0.96782 0.105573 0.228428 -0.469144 0.88065 -0.066033 0.034829 0.999318 0.012284 -0.977358 0.076228 -0.197386 -0.157787 0.982932 0.094597 -0.242273 0.965829 0.09208 -0.748107 0.599588 0.284305 -0.857416 0.346144 0.380818 -0.574256 -0.80167 0.165998 -0.885753 -0.315727 0.340233 -0.587238 -0.795937 0.147091 -0.822548 -0.116437 0.556649 -0.256236 -0.96471 0.060649 -0.092002 -0.988492 0.120078 -0.526405 -0.840432 0.128731 -0.152514 -0.988105 -0.01972 -0.522415 -0.827373 -0.206242 -0.776292 0.299546 0.554655 -0.090758 -0.977212 -0.191884 0.431392 -0.898171 -0.084789 -0.931984 -0.244826 -0.267333 -0.398629 -0.886212 -0.236057 0.011357 -0.993308 -0.114938 -0.756629 -0.630805 -0.172039 -0.965709 -0.225708 -0.128307 -0.984049 -0.177847 -0.004307 -0.925411 0.37893 -0.005116 -0.585709 0.809335 -0.043849 -0.261595 0.963185 0.061994 -0.232384 0.968267 0.091963 -0.640405 0.767834 -0.01766 -0.213251 0.970391 0.113423 -0.88525 0.438417 -0.155314 -0.584643 0.809125 0.059231 -0.87069 0.490499 -0.036198 -0.902824 -0.377272 -0.206338 -0.367275 -0.892104 -0.263172 0.04022 -0.971027 -0.23556 0.000604 -0.950285 -0.311382 -0.307385 -0.943405 -0.124504 -0.995425 -0.069682 -0.065374 -0.900355 -0.432177 0.050837 -0.905055 0.424161 0.031026 -0.747824 0.663685 -0.016766 -0.662116 0.749401 0.000165 -0.751728 0.654968 0.076955 -0.509145 0.860491 0.018106 -0.826967 0.510486 0.235647 -0.975635 -0.150038 0.160077 -0.585565 -0.801891 0.11868 -0.709732 -0.652247 0.266187 -0.389242 -0.920561 0.032519 -0.305141 -0.949884 0.0679 -0.109919 -0.993932 -0.004171 -0.444077 -0.875092 0.192378 -0.132493 0.979639 -0.150842 -0.280872 0.711497 -0.644114 -0.227359 0.943697 -0.2403 -0.069531 0.957946 0.278398 -0.096485 0.946766 0.307123 -0.179942 0.928539 0.324709 -0.254841 0.921424 -0.293317 -0.32892 0.836264 -0.438718 -0.322572 0.892019 0.316623 -0.260154 0.555544 -0.789741 -0.509295 0.373063 -0.775527 -0.714347 0.548995 -0.433951 -0.798114 -0.072914 -0.598078 -0.696905 0.678993 -0.23085 -0.122635 0.956892 0.263283 -0.167975 0.932164 0.320711 -0.858569 0.425823 -0.285542 -0.503345 0.848003 0.165937 -0.689955 -0.300398 -0.658576 -0.320816 0.884103 0.339763 -0.765844 0.631043 -0.123563 -0.834944 -0.001541 -0.550333 -0.763821 -0.098875 -0.63781 -0.88999 0.306686 -0.337434 -0.735981 0.662639 -0.138715 -0.911745 0.404437 -0.071771 -0.501389 0.858206 0.109962 -0.205213 0.966065 0.156861 -0.35914 0.921964 0.14492 -0.807042 0.580698 -0.107113 -0.88801 -0.364938 -0.279748 -0.944937 -0.010861 -0.327072 -0.602134 -0.722049 -0.340706 -0.248883 -0.307982 0.918262 -0.032455 -0.986611 0.15983 0.084343 -0.914137 0.396535 -0.27408 -0.876495 0.395773 0.17459 0.013613 0.984547 -0.570796 -0.03077 0.820515 -0.836336 -0.029638 0.547416 -0.431218 -0.79714 0.422633 0.093211 -0.994834 -0.040212 0.125125 -0.950335 -0.284968 0.067009 -0.955681 0.286677 0.013417 0.144656 0.989391 0.049094 -0.994571 -0.09175 0.041216 -0.996462 -0.073248 0.035889 -0.999123 -0.021588 0.042733 -0.99883 -0.022631 -0.081435 -0.995585 -0.046679 -0.067152 -0.98109 0.181531 -0.081954 -0.99529 -0.051772 -0.080371 -0.996483 -0.023721 0.126479 -0.599983 -0.789951 0.172774 -0.984675 -0.023764 -0.29338 -0.948731 0.117635 0.13015 -0.990255 -0.049563 -0.062976 -0.99365 0.093237 -0.938421 0.151472 0.310519 -0.164967 -0.983575 0.073258 -0.92098 0.030649 0.388403 -0.464635 -0.852372 0.23995 -0.124535 0.939214 -0.319951 0.30278 -0.951925 -0.046522 0.278196 -0.96003 -0.030799 0.207264 -0.978232 0.010228 0.07568 -0.995085 -0.063864 -0.964396 0.029075 0.262859 -0.135625 -0.983371 -0.120777 0.085357 -0.995388 -0.04378 0.0289 -0.99939 -0.019593 -0.972484 0.117133 -0.201381 -0.938183 -0.061605 0.340613 -0.939018 0.242181 -0.244117 -0.713004 0.058376 -0.698726 -0.969145 -0.081546 -0.232611 -0.958572 -0.109107 -0.263127 -0.292413 0.922183 0.253125 -0.202774 0.694505 0.690323 -0.18548 0.919959 0.34536 -0.253863 0.672799 0.694907 -0.100415 0.840201 -0.532897 -0.091819 0.802759 -0.589192 -0.122755 0.941053 0.315198 -0.138533 0.626284 -0.767187 -0.085342 0.651397 -0.753922 -0.230337 0.874818 -0.426192 -0.392198 0.854077 0.341663 -0.313486 0.821058 -0.477064 -0.520634 0.801341 0.294606 -0.455755 0.708332 -0.53903 -0.678986 0.670512 0.298985 -0.563846 0.645289 -0.515442 -0.745056 0.558915 0.364013 -0.615929 0.469013 -0.632976 -0.326205 0.371642 -0.869179 -0.312275 0.245886 -0.917619 -0.762187 0.439667 -0.475146 -0.74268 0.395538 0.540349 -0.463159 0.329496 0.822749 -0.412561 0.183901 0.892174 -0.42344 0.249374 -0.870925 -0.781981 0.342202 0.520965 -0.839806 0.354925 -0.410797 -0.829288 0.336544 0.446116 -0.407332 0.287365 0.866892 -0.354183 0.184603 0.916775 -0.791855 0.343443 -0.504988 -0.896152 0.27962 0.344564 -0.90787 0.1218 -0.401171 -0.986199 0.12672 0.106559 -0.608952 0.192156 -0.76958 -0.754711 0.255183 0.604394 -0.560648 0.324252 0.761928 -0.490986 0.243216 -0.836528 -0.440355 0.336912 0.832212 -0.453879 0.291723 0.841957 -0.473768 0.49483 0.728483 -0.35123 0.477981 0.805091 -0.354014 0.594953 0.721599 -0.311673 0.626769 0.714157 -0.961399 0.196748 -0.192359 -0.930743 0.317259 -0.181837 -0.956597 0.21912 -0.192117 -0.979659 -0.000612 -0.200667 -0.940583 0.271342 -0.204151 -0.969503 0.154559 -0.190196 -0.982936 -0.018163 -0.18305 -0.962909 0.187005 -0.194516 -0.984698 0.090336 -0.149026 -0.988909 -0.041245 -0.14268 -0.991745 0.075224 -0.103846 -0.990017 0.110634 -0.087329 -0.990395 0.086977 -0.107484 -0.967532 -0.210387 -0.140067 -0.975179 -0.187839 -0.117227 -0.967239 -0.249695 -0.045837 -0.985428 0.156323 -0.067036 -0.944687 -0.29166 -0.150004 -0.598971 -0.154769 -0.785672 -0.637971 0.743818 -0.199317 -0.747094 -0.65745 -0.098034 -0.861036 -0.493133 -0.124243 -0.884071 -0.466656 -0.025519 -0.787672 -0.606932 0.105859 -0.955091 -0.275386 0.109383 -0.99608 0.067651 0.056998 -0.637807 -0.768257 -0.054615 -0.607061 -0.780265 -0.150546 -0.221156 -0.974394 -0.040579 -0.248139 -0.961414 -0.118788 -0.335949 -0.90553 -0.259141 -0.273563 -0.911333 -0.307629 -0.268344 -0.886058 -0.378012 -0.516673 -0.817398 -0.254774 -0.471927 -0.768532 -0.432023 -0.66887 -0.483329 -0.564807 -0.920631 0.325799 -0.21516 -0.863828 -0.1435 0.482917 -0.922844 -0.350353 -0.160039 -0.648578 -0.709067 -0.276713 -0.734951 -0.647705 -0.200812 -0.943965 -0.286686 -0.163527 -0.967361 -0.156827 -0.199041 -0.962147 -0.181296 -0.203482 -0.881805 0.453146 -0.130689 -0.976171 0.185037 -0.113362 -0.86745 0.446423 -0.219627 -0.81778 0.503022 -0.279652 -0.099796 0.988852 -0.110507 -0.347281 0.928659 -0.13034 -0.453083 0.883476 -0.119105 -0.099958 0.986351 -0.130844 -0.101828 0.986451 -0.128632 -0.101829 0.986451 -0.128631 -0.225213 0.965709 -0.129175 -0.524471 0.847442 -0.08229 -0.722574 0.686754 -0.079088 -0.818682 0.561923 -0.118333 -0.709953 0.68684 -0.15562 -0.842608 0.51606 -0.153929 -0.889682 0.407142 -0.206642 -0.881125 0.277555 -0.382859 -0.786804 -0.452137 -0.420132 -0.941619 -0.062537 -0.330822 -0.967248 0.193199 -0.16464 -0.739826 0.672506 0.019842 -0.772848 0.628936 0.084532 -0.449157 0.859378 0.244393 -0.44303 0.882239 0.159308 -0.861963 0.485739 -0.145178 -0.934439 -0.079904 -0.347044 -0.823697 -0.398381 -0.403506 -0.93403 0.248899 -0.256198 -0.515995 0.855502 0.043178 -0.407985 0.902128 0.140403 -0.940222 -0.06168 -0.33493 -0.826654 -0.411555 -0.383753 -0.780428 0.596316 -0.187989 -0.01931 -0.992787 0.118326 0.009982 -0.993465 -0.113701 -0.00598 -0.988327 0.152228 -0.02747 0.001076 0.999622 -0.190034 0.004684 0.981766 -0.052176 0.975186 0.215149 -0.059658 0.986533 0.152294 -0.154911 -0.982966 0.098895 -0.056216 0.984095 0.168513 -0.626059 0.011761 0.779687 -0.626059 0.011761 0.779687 0.0524 0.927948 -0.369008 0.032988 0.98494 -0.169721 -0.03491 0.998989 0.028323 -0.006679 0.999839 0.016685 -0.049719 0.998711 0.010232 -0.031874 0.99949 -0.002136 0.033901 0.980079 -0.195693 0.229489 0.916127 -0.328704 -0.049347 0.987494 -0.149734 -0.201246 0.974537 -0.098886 -0.072147 0.997203 0.019507 0.040268 0.998831 -0.02674 -0.158877 0.943816 -0.289775 0.163744 0.977896 -0.130031 -0.063334 0.989484 0.130041 -0.156662 0.016883 0.987508 -0.055513 -0.982496 0.177821 -0.429263 0.114523 -0.895889 0.170737 -0.93657 -0.30608 0.050671 -0.983548 -0.173396 0.029968 -0.985038 -0.169711 -0.108991 -0.923324 -0.36823 0.291698 -0.889129 -0.352651 0.129485 -0.967887 -0.215472 -0.637048 0.755527 -0.152802 0.129319 0.984274 -0.120341 0.229279 0.959662 -0.162727 0.138334 -0.967927 -0.209715 0.008544 -0.989814 -0.142109 -0.198992 -0.976306 -0.085024 0.103543 -0.943034 -0.316175 0.085268 -0.988591 -0.12417 -0.027111 -0.987415 0.155812 -0.015779 -0.996964 0.076252 -0.953133 0.245067 -0.177423 -0.917976 -0.158953 0.363392 -0.9273 0.310093 -0.20966 -0.682254 0.399069 -0.612595 -0.960273 0.126885 -0.248548 -0.914241 0.166582 -0.369343 0.052054 0.965534 -0.255017 -0.124535 0.939214 -0.319951 -0.92098 0.030649 0.388403 -0.938421 0.151472 0.310519 -0.351452 0.932076 0.087838 0.031045 0.994634 -0.098687 0.124766 0.937311 -0.325394 -0.154295 0.983075 -0.09877 0.040457 0.999151 -0.007839 0.227924 0.96789 -0.106019 -0.964396 0.029075 0.262859 -0.47478 0.879825 0.022208 0.13603 0.95787 -0.252944 -0.564622 0.752023 0.340094 -0.227776 0.947448 0.224632 -0.570796 -0.03077 0.820515 -0.836336 -0.029638 0.547416 -0.14332 0.963082 0.227889 -0.248883 -0.307982 0.918262 0.17459 0.013613 0.984547 0.032662 0.987141 0.15648 0.013417 0.144656 0.989391 -0.012703 0.996152 -0.086714 -0.118418 0.982258 0.14542 -0.160957 -0.114626 0.980282 -0.175635 0.975922 -0.129342 -0.276974 0.95914 0.057764 -0.170425 0.966146 -0.193696 -0.15009 0.980998 -0.122946 -0.35922 0.040835 0.932359 0.070626 0.447063 -0.89171 -0.030372 0.982153 -0.185614 -0.028184 0.995695 -0.088307 0.010615 0.982285 -0.187092 -0.002998 0.996176 -0.087315 0.074137 0.959708 -0.271042 -0.23506 0.971395 -0.033736 -0.110775 0.933399 -0.341315 -0.637971 0.743818 -0.199317 -0.99608 0.067651 0.056998 -0.598971 -0.154769 -0.785672 -0.042996 0.514951 -0.856141 0.255616 0.965336 0.052792 0.017452 0.9959 -0.088766 -0.094216 0.994648 -0.042411 -0.955091 -0.275386 0.109383 0.025555 -0.973923 -0.225433 -0.598971 -0.154769 -0.785672 0.23184 -0.577735 -0.782606 -0.747094 -0.65745 -0.098034 -0.095392 -0.965945 0.24052 -0.787672 -0.606932 0.105859 -0.35922 0.040835 0.932359 -0.955091 -0.275386 0.109383 -0.160957 -0.114626 0.980282 -0.034233 -0.989127 -0.143025 0.115359 -0.979971 -0.162326 -0.66887 -0.483329 -0.564807 -0.048027 -0.998277 -0.033723 -0.070641 -0.99735 -0.017427 0.080768 -0.986008 -0.145824 -0.074661 -0.995015 -0.066117 -0.544677 0.01068 0.838578 -0.510714 0.078394 0.856169 -0.050068 0.996589 0.065599 -0.747207 -0.025546 0.6641 -0.091156 0.994407 0.053337 0.026582 0.995926 -0.086171 -0.26309 0.959413 -0.101542 -0.66887 -0.483329 -0.564807 -0.920631 0.325799 -0.21516 -0.863828 -0.1435 0.482917 -0.648578 -0.709067 -0.276713 -0.592081 0.738697 -0.322128 -0.311082 0.880622 -0.357397 -0.299203 0.92875 -0.218862 -0.195168 0.916056 -0.35036 -0.146462 0.93652 -0.318559 -0.969557 -0.207627 -0.129811 -0.961625 -0.02517 -0.273211 -0.943623 0.104432 -0.314117 -0.954933 0.099307 -0.279715 -0.958796 -0.283378 -0.020197 -0.930901 -0.360751 -0.057294 -0.963443 -0.266222 -0.030064 -0.975735 -0.215451 -0.039007 -0.965624 -0.259847 0.007018 -0.954744 -0.292692 0.052866 -0.948154 -0.308284 0.077231 -0.882097 -0.410048 -0.231876 -0.988809 0.090161 -0.118863 -0.86909 0.485328 -0.095604 -0.72368 0.687956 -0.054809 -0.425901 0.904768 -0.001706 -0.659315 0.751538 0.022243 -0.38493 0.921981 0.0422 -0.259464 0.965578 0.01837 -0.28978 0.956237 0.04048 -0.269685 0.962874 -0.012006 -0.252758 0.965991 -0.054535 -0.279987 0.959102 -0.041593 -0.219963 0.969213 -0.110641 -0.199523 0.97703 -0.074858 -0.634083 -0.756021 0.162391 -0.198444 -0.954952 0.220651 0.179088 0.9177 -0.354618 0.039601 0.991411 -0.124645 0.159478 0.947134 -0.278395 0.048598 0.9964 -0.069468 0.111973 0.963313 -0.243908 -0.005552 0.998074 -0.06178 -0.670226 0.019717 0.741895 -0.597887 -0.032877 0.800906 -0.850317 0.059612 0.522884 -0.878235 -0.036809 -0.476811 -0.493277 0.864545 -0.096128 -0.727712 -0.049461 0.684097 -0.490926 -0.871146 0.009817 -0.087313 -0.990884 0.102592 -0.878235 -0.036809 -0.476811 0.083276 -0.996077 0.029919 -0.146624 -0.981356 0.124268 0.001299 -0.998909 0.04667 -0.231723 -0.967335 0.102796 -0.071559 -0.995722 0.058458 -0.280128 -0.958522 0.052581 -0.152773 -0.987132 0.04723 -0.392826 -0.910337 0.130288 -0.58743 0.794405 -0.154424 -0.310585 0.910928 -0.271565 -0.359937 0.827779 -0.43038 0.109706 0.875177 -0.4712 -0.002064 0.982766 0.184844 -0.821018 0.521226 -0.232922 -0.821018 0.521226 -0.232922 -0.821018 0.521226 -0.232922 -0.883591 0.402388 -0.23948 -0.085877 0.977081 -0.194777 0 0.954099 0.299493 -0.45747 0.810475 0.365858 -0.046992 0.995557 0.081592 -0.119594 0.909577 0.397953 -0.413807 0.88607 0.208909 -0.398724 0.916531 0.031472 -0.447534 0.893918 0.024989 -0.276145 0.953797 0.118389 -0.157982 0.987442 -0.000747 -0.493277 0.864545 -0.096128 -0.727712 -0.049461 0.684097 -0.490926 -0.871146 0.009817 -0.654202 0.754497 -0.052475 0.223949 0.776482 0.589001 0.527121 0.617493 0.58382 0.305062 -0.380434 0.873045 0.375131 -0.874619 0.307114 0.180415 -0.946603 0.267195 0.154829 0.164855 0.97409 -0.346222 -0.718271 0.603504 -0.346222 -0.718271 0.603504 -0.346222 -0.718271 0.603504 -0.993796 -0.095641 -0.056772 -0.99461 0.019241 0.10189 -0.576903 0.816794 0.005553 -0.193226 0.971339 -0.138435 -0.193074 0.971361 -0.138492 -0.193077 0.971362 -0.138484 -0.193075 0.971361 -0.138494 -0.25241 0.952721 -0.169152 -0.283334 0.943596 -0.171313 -0.178441 0.973993 -0.139633 -0.270269 0.947631 -0.170148 -0.157643 0.977797 -0.138064 -0.259706 0.949573 -0.17568 -0.557099 0.808393 -0.190109 -0.559199 0.79758 -0.226192 -0.564775 0.812346 -0.145339 -0.474469 0.853442 -0.215677 -0.222161 0.960267 -0.168913 -0.743752 0.641504 -0.187897 -0.769856 0.594398 -0.232408 -0.580389 0.803945 -0.129699 -0.784985 0.574061 -0.232921 -0.840949 0.497991 -0.211683 -0.835237 0.531807 -0.139857 -0.849744 0.509867 -0.134053 -0.858901 0.481385 -0.174805 -0.139716 0.981851 -0.128252 -0.673178 0.652111 -0.348687 -0.775375 0.580946 -0.247578 -0.793414 0.584819 -0.168764 -0.832766 0.457082 -0.312374 -0.847353 0.440455 -0.296636 -0.858078 0.411951 -0.306591 -0.860735 0.42566 -0.279192 -0.871031 0.407486 -0.274337 -0.847398 0.468745 -0.249387 -0.866574 0.443928 -0.227986 -0.931381 0.363545 0.019071 -0.847987 0.530017 0.000968 -0.959405 0.279387 -0.038535 -0.949915 0.312504 -0.001711 -0.984406 0.161933 -0.068719 -0.989494 0.11633 -0.085842 -0.994447 0.050459 -0.092349 -0.99737 0.051901 -0.050599 -0.997369 0.051906 -0.050599 -0.156366 0.764426 0.625462 -0.287289 0.576309 -0.765071 -0.547839 0.720266 0.425546 -0.759381 0.61356 -0.216528 -0.721637 0.584979 0.37019 -0.533792 0.836865 -0.121342 -0.812645 0.560803 -0.158457 -0.75649 0.50928 0.410314 -0.83736 0.52994 -0.13413 -0.769374 0.492655 0.406637 -0.225056 0.961577 -0.157225 -0.208055 0.942246 -0.262461 -0.157175 0.973723 -0.164801 -0.227537 0.958655 -0.170903 -0.330244 0.864488 -0.378945 -0.641183 0.595723 -0.483734 -0.197789 0.926185 0.321031 -0.197787 0.926185 0.321033 -0.441412 0.538048 -0.718095 -0.611555 0.382253 -0.692736 -0.582999 0.422344 -0.694073 -0.55718 0.43992 -0.704288 0.283821 0 -0.958877 0.178196 0 -0.983995 0.179546 0 -0.98375 0.054053 0 -0.998538 0.058912 0 -0.998263 0.311836 0 -0.950136 0.317199 0 -0.948359 0.405641 0 -0.914033 0.404466 0 -0.914553 -0.311455 0 -0.950261 -0.485748 0 -0.874099 -0.98049 0 -0.196568 -0.715492 0 -0.698621 0.895038 0 -0.445989 0.900934 0 -0.433957 0.824315 0 -0.566131 0.821187 0 -0.570659 0.576889 0 -0.816823 0.449633 0 -0.893213 0.367479 0 -0.930032 0.477557 0 -0.878601 0.719493 0 -0.6945 0.719493 0 -0.6945 0.427115 0 -0.904197 0.425271 0 -0.905066 0.372166 0 -0.928166 0.434101 0 -0.900865 0.433776 0 -0.901021 0.417911 0 -0.908488 0.417911 0 -0.908488 0.601681 0 -0.798736 0.641587 0 -0.76705 0.596137 0 -0.802883 0.488465 0 -0.872583 0.48363 0 -0.875273 0.431118 0 -0.902295 0.429568 0 -0.903034 0.489811 0 -0.871828 0.49371 0 -0.869627 0.515538 0 -0.856867 0.515538 0 -0.856867 0.330971 0 -0.943641 0.318767 0 -0.947833 0.814139 0 -0.58067 -0.372065 0 -0.928207 -0.36051 0 -0.932755 0.548984 0 -0.835833 0.558478 0 -0.829519 0.568953 0 -0.82237 0.557392 0 -0.830249 -0.361841 0 -0.93224 -0.369583 0 -0.929198 -0.887534 0 -0.460743 -0.891577 0 -0.45287 0.337499 0 -0.941326 0.425076 0 -0.905158 0.718512 0 -0.695514 0.690283 0 -0.723539 0.485429 0 -0.874276 0.48665 0 -0.873597</float_array>
          <technique_common>
            <accessor source="#GeometrySource1-array" count="3041" stride="3">
              <param name="X" type="float"/>
              <param name="Y" type="float"/>
              <param name="Z" type="float"/>
            </accessor>
          </technique_common>
        </source>
        <source id="GeometrySource2" name="chr021_eUV">
          <float_array id="GeometrySource2-array" count="6082">0.911916 0.846996 0.896218 0.845607 0.896796 0.851893 0.912091 0.842289 0.93175 0.844922 0.932012 0.856892 0.930633 0.839158 0.910772 0.866806 0.932654 0.870551 0.932425 0.901153 0.910897 0.895042 0.910049 0.907048 0.933982 0.905751 0.931817 0.90947 0.931242 0.925141 0.911445 0.926659 0.930902 0.935288 0.913365 0.942697 0.929553 0.957806 0.913423 0.960607 0.895757 0.95962 0.911472 0.970799 0.895019 0.97174 0.907235 0.997602 0.892268 0.99637 0.927737 0.979463 0.925882 0.997408 0.928713 0.966426 0.896001 0.905484 0.937582 0.845233 0.934927 0.847694 0.935148 0.856057 0.935331 0.861837 0.953697 0.855255 0.935554 0.870943 0.955127 0.873616 0.935549 0.880009 0.948204 0.967081 0.959341 0.941351 0.944897 0.941027 0.936772 0.967949 0.936583 0.941028 0.948925 0.995885 0.959808 0.970172 0.948204 0.967081 0.937694 0.99423 0.938214 0.990601 0.936772 0.967949 0.93639 0.91038 0.944561 0.923035 0.945012 0.907156 0.934367 0.908548 0.935671 0.903811 0.936492 0.927616 0.935347 0.892603 0.956637 0.898371 0.981626 0.654472 0.995573 0.654377 0.978367 0.662357 0.996139 0.648113 0.995007 0.662297 0.994758 0.667903 0.974669 0.657089 0.962662 0.662497 0.961972 0.658489 0.956691 0.663207 0.968013 0.651363 0.971723 0.652025 0.979669 0.649941 0.997159 0.640549 0.975623 0.651002 0.96331 0.651446 0.962191 0.641274 0.962207 0.627453 0.998918 0.633784 0.973716 0.621868 0.99894 0.62702 0.945266 0.587611 0.972103 0.587611 0.946755 0.616715 0.919794 0.611562 0.918428 0.587611 0.944795 0.626141 0.94345 0.64165 0.871076 0.611118 0.857872 0.587611 0.840036 0.606202 0.838312 0.595572 0.839797 0.587611 0.841761 0.616831 0.844158 0.624043 0.849232 0.633239 0.89185 0.626531 0.927383 0.624829 0.854306 0.642434 0.86196 0.647257 0.871475 0.652316 0.880991 0.657375 0.887173 0.659463 0.893777 0.661736 0.924709 0.642027 0.90038 0.664008 0.909047 0.666849 0.914878 0.66805 0.93017 0.65279 0.935629 0.652565 0.948295 0.651977 0.942571 0.652162 0.941158 0.652336 0.947642 0.658974 0.935016 0.659365 0.939636 0.665145 0.949526 0.664058 0.927299 0.672528 0.92704 0.661411 0.921288 0.670511 0.954025 0.651792 0.958709 0.651527 0.940996 0.668553 0.948253 0.668884 0.955774 0.669312 0.962958 0.66937 0.978175 0.668464 0.452663 0.621058 0.496394 0.560912 0.498625 0.621513 0.451372 0.558061 0.452887 0.494487 0.503463 0.502616 0.457534 0.444896 0.512965 0.454879 0.469632 0.415194 0.546052 0.43676 0.624577 0.622191 0.625128 0.671993 0.585848 0.67617 0.581661 0.619069 0.54438 0.67589 0.62561 0.588335 0.581462 0.573427 0.53658 0.564581 0.549968 0.514028 0.590474 0.530815 0.564563 0.474791 0.606226 0.497293 0.618169 0.474787 0.651308 0.531925 0.668956 0.513162 0.538147 0.620569 0.504085 0.676601 0.637716 0.556132 0.704887 0.550255 0.695049 0.571896 0.682423 0.590735 0.711529 0.573947 0.720189 0.566347 0.712093 0.608066 0.71931 0.628617 0.66129 0.470471 0.672459 0.480214 0.721406 0.597926 0.73328 0.610004 0.726135 0.620935 0.727987 0.589098 0.740819 0.601128 0.671422 0.624528 0.718888 0.662773 0.672652 0.66795 0.721417 0.687272 0.762218 0.678011 0.754227 0.715701 0.751657 0.682586 0.784351 0.71069 0.76643 0.719707 0.776743 0.727932 0.793179 0.727577 0.801169 0.74308 0.748454 0.663582 0.733039 0.674839 0.731131 0.665179 0.742094 0.654298 0.358822 0.619546 0.312834 0.618551 0.316705 0.558146 0.361806 0.556676 0.361878 0.493132 0.311088 0.499757 0.358386 0.443465 0.302702 0.451846 0.346974 0.413451 0.270026 0.432839 0.273319 0.616385 0.305782 0.673333 0.265493 0.67135 0.229818 0.613571 0.276398 0.560598 0.231243 0.568091 0.18666 0.581665 0.186776 0.615416 0.264272 0.509789 0.22331 0.525361 0.250601 0.470248 0.208363 0.491513 0.196964 0.468757 0.162381 0.524766 0.145189 0.505594 0.175377 0.549252 0.108291 0.541557 0.117576 0.563378 0.129722 0.582476 0.101033 0.56499 0.09336 0.557447 0.099579 0.598936 0.153888 0.463241 0.142476 0.472688 0.091802 0.619193 0.085187 0.611373 0.090531 0.588619 0.078347 0.600365 0.085187 0.611373 0.084179 0.57967 0.071048 0.591358 0.139822 0.616409 0.09126 0.653166 0.137369 0.659586 0.088034 0.677469 0.184803 0.664992 0.223993 0.670341 0.024478 0.699206 0.047476 0.667147 0.05445 0.704978 0.042156 0.708675 0.031637 0.716636 0.015215 0.715859 0.061643 0.653145 0.057912 0.672 0.078941 0.655219 0.068267 0.644088 0.078941 0.655219 0.082129 0.677497 0.071814 0.637182 0.068267 0.644088 0.986297 0.686164 0.986297 0.709057 0.980864 0.709057 0.980864 0.686164 0.976509 0.682967 0.976509 0.709057 0.971059 0.684032 0.902125 0.826002 0.910295 0.836577 0.902125 0.836577 0.910295 0.826002 0.917594 0.836577 0.917594 0.826002 0.902125 0.814354 0.910295 0.814354 0.902125 0.80395 0.910295 0.803249 0.902125 0.778816 0.910295 0.778313 0.910295 0.755917 0.917594 0.756981 0.917594 0.778309 0.917594 0.80248 0.924742 0.75689 0.924742 0.778191 0.931284 0.765589 0.932918 0.754173 0.931385 0.778055 0.924742 0.802736 0.932668 0.803098 0.924742 0.814354 0.933128 0.814354 0.917594 0.814354 0.924742 0.826002 0.9343 0.821716 0.933343 0.826002 0.931226 0.836577 0.924742 0.836577 0.954887 0.681674 0.952858 0.707547 0.948398 0.707547 0.951829 0.680635 0.945859 0.707547 0.954496 0.836894 0.956107 0.829632 0.960215 0.829632 0.951269 0.836894 0.949462 0.829632 0.952857 0.829632 0.758716 0.607399 0.765775 0.593116 0.762056 0.591928 0.760202 0.633938 0.769217 0.594372 0.763393 0.634442 0.761011 0.647588 0.755098 0.646744 0.747659 0.639946 0.747492 0.643845 0.766286 0.645464 0.767491 0.634909 0.773279 0.63567 0.769575 0.646644 0.773591 0.595707 0.779075 0.645026 0.777306 0.636097 0.772233 0.646526 0.769575 0.646644 0.966855 0.239614 0.971337 0.220246 0.978499 0.224239 0.940392 0.228513 0.939701 0.207667 0.96666 0.259278 0.939369 0.254164 0.996713 0.248917 0.877213 0.810402 0.862492 0.800616 0.861288 0.808085 0.878438 0.800266 0.827373 0.800349 0.857922 0.793724 0.827602 0.794078 0.814632 0.794521 0.813643 0.8005 0.844382 0.807133 0.827475 0.806182 0.854075 0.817414 0.868794 0.819774 0.893708 0.824181 0.897536 0.812719 0.882964 0.792927 0.887859 0.792751 0.896506 0.799915 0.894876 0.792575 0.813735 0.80605 0.822436 0.814675 0.813298 0.814596 0.799996 0.805917 0.799912 0.800651 0.795056 0.800926 0.79541 0.806749 0.792439 0.801501 0.794578 0.796626 0.789843 0.796774 0.78167 0.801917 0.79278 0.80614 0.782056 0.806938 0.788192 0.81293 0.79112 0.813049 0.781133 0.797372 0.795293 0.813156 0.799373 0.813688 0.79776 0.795097 0.771331 0.807735 0.7709 0.802333 0.761284 0.808393 0.760777 0.802769 0.763637 0.798363 0.770965 0.798069 0.751237 0.80905 0.760015 0.813226 0.751372 0.81327 0.746878 0.812928 0.742509 0.807793 0.750654 0.803206 0.744694 0.799697 0.751628 0.798846 0.75631 0.798658 0.76953 0.812817 0.31634 0.188247 0.335342 0.217225 0.348866 0.207664 0.325967 0.175739 0.368278 0.187506 0.338887 0.159699 0.331302 0.158902 0.310103 0.145534 0.2807 0.148124 0.279586 0.147732 0.520269 0.20256 0.494778 0.204301 0.505711 0.238559 0.520694 0.23876 0.79894 0.589616 0.807548 0.565672 0.807736 0.590014 0.798683 0.565014 0.795409 0.598448 0.795222 0.589415 0.799138 0.59927 0.792175 0.6113 0.800165 0.622774 0.807811 0.599854 0.807989 0.622861 0.792342 0.600378 0.815811 0.622653 0.816476 0.599137 0.826187 0.611057 0.822448 0.598257 0.816523 0.58948 0.822494 0.589221 0.816402 0.564878 0.827475 0.600111 0.826436 0.570046 0.827256 0.585161 0.462836 0.071312 0.48766 0.063667 0.474539 0.060495 0.486152 0.071312 0.467907 0.045028 0.487344 0.049766 0.454565 0.0423 0.52375 0.062844 0.522456 0.052045 0.525038 0.071312 0.554544 0.125986 0.618331 0.114234 0.557352 0.104348 0.613365 0.139044 0.54102 0.112169 0.524072 0.084314 0.486022 0.086673 0.522883 0.09629 0.475002 0.08852 0.468971 0.104299 0.486152 0.098873 0.488412 0.112846 0.482902 0.123911 0.455292 0.107507 0.53865 0.140695 0.605969 0.165032 0.595075 0.185121 0.533484 0.151074 0.529852 0.129777 0.47267 0.136044 0.482573 0.121195 0.471141 0.094754 0.488412 0.112846 0.487344 0.08643 0.537087 0.135785 0.530456 0.144045 0.529852 0.129777 0.554828 0.126132 0.540802 0.112356 0.559123 0.11215 0.547835 0.119552 0.258484 0.035367 0.285639 0.062296 0.24377 0.04971 0.287206 0.033181 0.25926 0.024887 0.248302 0.033851 0.23488 0.015973 0.201377 0.014432 0.23241 0.058885 0.267253 0.0823 0.252914 0.091829 0.443824 0.095641 0.447203 0.112315 0.433061 0.113803 0.424346 0.098821 0.43762 0.045654 0.451413 0.046449 0.437879 0.064256 0.452144 0.078618 0.224639 0.200981 0.243987 0.170771 0.248939 0.200981 0.224999 0.16448 0.233199 0.143631 0.204567 0.130282 0.210133 0.119205 0.169648 0.099812 0.216454 0.111682 0.246741 0.137724 0.174609 0.090346 0.128915 0.080012 0.12423 0.094805 0.086572 0.094016 0.134038 0.068418 0.254441 0.172409 0.265519 0.1727 0.255683 0.200981 0.263937 0.200981 0.275588 0.170775 0.136685 0.060978 0.179127 0.082843 0.274291 0.200981 0.279517 0.201006 0.083114 0.058523 0.096463 0.049829 0.098223 0.034881 0.085838 0.029195 0.101569 0.024576 0.102621 0.02927 0.199243 0.161512 0.16249 0.125755 0.160585 0.154665 0.161411 0.200981 0.199761 0.200981 0.17411 0.310583 0.127823 0.318189 0.17065 0.298918 0.132833 0.331841 0.216097 0.289521 0.210857 0.278166 0.205302 0.267823 0.234684 0.254237 0.225475 0.236782 0.245577 0.230936 0.24651 0.26406 0.253434 0.229285 0.265393 0.229762 0.273125 0.232687 0.251137 0.269333 0.221277 0.296115 0.177771 0.317225 0.135431 0.34027 0.09587 0.350216 0.080683 0.341175 0.100871 0.375205 0.083733 0.375313 0.085116 0.369586 0.097361 0.364021 0.108009 0.357142 0.103512 0.366776 0.101924 0.370533 0.953662 0.042098 0.953662 0.019964 0.921061 0.042099 0.953662 0.064365 0.992568 0.041667 0.992568 0.004983 0.992568 0.083161 0.949066 0.454148 0.932677 0.474198 0.935584 0.47749 0.943181 0.448332 0.970609 0.427886 0.972987 0.446966 0.977016 0.430721 0.961742 0.457379 0.997779 0.420808 0.997779 0.433817 0.989093 0.440711 0.951384 0.467381 0.946087 0.475979 0.98286 0.456077 0.957356 0.472311 0.997779 0.452258 0.98104 0.443839 0.997779 0.462557 0.98422 0.465578 0.997779 0.4899 0.978803 0.490482 0.942199 0.482692 0.956563 0.46238 0.961951 0.479607 0.956827 0.498326 0.944767 0.494653 0.93831 0.489405 0.926528 0.51246 0.917443 0.50957 0.91092 0.551396 0.904026 0.548192 0.941688 0.516342 0.997779 0.51763 0.973309 0.515738 0.951631 0.51731 0.997779 0.541611 0.969021 0.541377 0.964734 0.567017 0.997779 0.565593 0.945819 0.555339 0.921105 0.559659 0.948725 0.536324 0.906956 0.560923 0.964734 0.567017 0.969021 0.541377 0.945819 0.555339 0.921105 0.559659 0.91092 0.551396 0.948725 0.536324 0.926528 0.51246 0.917443 0.50957 0.904026 0.548192 0.93831 0.489405 0.935584 0.47749 0.932677 0.474198 0.949066 0.454148 0.943181 0.448332 0.970609 0.427886 0.972987 0.446966 0.977016 0.430721 0.961742 0.457379 0.989093 0.440711 0.951384 0.467381 0.946087 0.475979 0.98286 0.456077 0.957356 0.472311 0.98104 0.443839 0.98422 0.465578 0.978803 0.490482 0.942199 0.482692 0.956563 0.46238 0.961951 0.479607 0.956827 0.498326 0.944767 0.494653 0.941688 0.516342 0.973309 0.515738 0.951631 0.51731 0.059564 0.97667 0.070544 0.996883 0.074158 0.987789 0.050052 0.975626 0.060039 0.969935 0.038924 0.95589 0.043592 0.98579 0.028881 0.977418 0.019461 0.966767 0.738565 0.433102 0.763596 0.433529 0.738565 0.4533 0.738565 0.414699 0.742374 0.399854 0.738565 0.401136 0.738565 0.398395 0.734599 0.399651 0.714712 0.427145 0.90746 0.465676 0.93251 0.46725 0.90746 0.491754 0.90746 0.443879 0.90746 0.428156 0.910994 0.42465 0.90746 0.424666 0.903086 0.424608 0.876211 0.463308 0.921061 0.1268 0.953662 0.125848 0.953662 0.145554 0.992568 0.161435 0.992568 0.125848 0.992568 0.090261 0.953662 0.106143 0.953662 0.125848 0.953662 0.145554 0.921061 0.1268 0.992568 0.161435 0.992568 0.125848 0.953662 0.106143 0.992568 0.090261 0.953662 0.064365 0.953662 0.042098 0.921061 0.042099 0.953662 0.019964 0.992568 0.041667 0.992568 0.083161 0.992568 0.004983 0.953662 0.125848 0.953662 0.145554 0.921061 0.1268 0.953662 0.106143 0.992568 0.125848 0.992568 0.161435 0.992568 0.090261 0.921061 0.042099 0.953662 0.042098 0.953662 0.019964 0.953662 0.064365 0.992568 0.041667 0.992568 0.004983 0.992568 0.083161 0.790526 0.570309 0.793108 0.55743 0.789015 0.585448 0.221275 0.106562 0.253116 0.134028 0.733447 0.581806 0.74926 0.590565 0.762234 0.575648 0.73599 0.55185 0.708329 0.554015 0.524418 0.386636 0.506956 0.381161 0.43782 0.413131 0.407992 0.441988 0.408319 0.41278 0.426758 0.363513 0.408869 0.363527 0.407407 0.492199 0.406594 0.557142 0.456542 0.676787 0.404982 0.673664 0.405768 0.619011 0.353327 0.675053 0.378812 0.4123 0.390997 0.363078 0.29278 0.383437 0.31037 0.378407 0.208065 0.422053 0.228319 0.413659 0.856508 0.437154 0.856508 0.440104 0.85114 0.437531 0.860843 0.437557 0.856508 0.461557 0.826243 0.475088 0.856508 0.487285 0.856508 0.515182 0.882166 0.484606 0.746874 0.510838 0.746874 0.513237 0.743153 0.511338 0.75117 0.511985 0.746874 0.522541 0.767415 0.540005 0.746874 0.533744 0.746874 0.555009 0.729838 0.535659 0.874081 0.510661 0.889002 0.487118 0.889002 0.490059 0.884333 0.487677 0.90955 0.508467 0.893118 0.486599 0.889002 0.528026 0.902617 0.528026 0.875188 0.021058 0.836468 0.039574 0.875188 0.037661 0.875188 0.054265 0.913907 0.070868 0.913907 0.037661 0.913907 0.004453 0.875188 0.054265 0.875188 0.037661 0.836468 0.039574 0.875188 0.021058 0.913907 0.004453 0.913907 0.037661 0.913907 0.070868 0.836468 0.1112 0.875188 0.1107 0.875188 0.098705 0.875188 0.122542 0.913907 0.1102 0.913907 0.133885 0.913907 0.086211 0.875188 0.122542 0.875188 0.11063 0.836468 0.1112 0.875188 0.098705 0.913907 0.110061 0.913907 0.133885 0.913907 0.086211 0.875188 0.037661 0.836468 0.039574 0.875188 0.054265 0.875188 0.021058 0.913907 0.004453 0.913907 0.037661 0.913907 0.070868 0.875188 0.110755 0.875188 0.098705 0.836468 0.1112 0.875188 0.122542 0.913907 0.110311 0.913907 0.133885 0.913907 0.086211 0.875188 0.037661 0.836468 0.039574 0.875188 0.054265 0.875188 0.021058 0.913907 0.004453 0.913907 0.037661 0.913907 0.070868 0.875188 0.110841 0.875188 0.098705 0.836468 0.1112 0.875188 0.122542 0.913907 0.133885 0.913907 0.110482 0.913907 0.086211 0.739007 0.99069 0.687282 0.96153 0.687292 0.970242 0.739007 0.962292 0.687272 0.951278 0.677499 0.961688 0.739007 0.935435 0.687292 0.970242 0.739007 0.962292 0.687282 0.96153 0.739007 0.99069 0.687272 0.951278 0.677499 0.961688 0.739007 0.935435 0.687282 0.96153 0.687272 0.951278 0.677499 0.961688 0.739007 0.962292 0.739007 0.935435 0.739007 0.99069 0.687292 0.970242 0.700831 0.512514 0.711301 0.525036 0.608159 0.427638 0.588118 0.418723 0.739007 0.99069 0.687282 0.96153 0.687292 0.970242 0.739007 0.962292 0.677499 0.961688 0.687272 0.951278 0.739007 0.935435 0.617825 0.976605 0.665202 0.970732 0.617816 0.968623 0.665202 0.995337 0.617807 0.960642 0.61042 0.968768 0.665202 0.944928 0.738753 0.647275 0.71931 0.628617 0.726135 0.620935 0.731131 0.665179 0.742094 0.654298 0.712093 0.608066 0.721417 0.687272 0.727311 0.687452 0.502114 0.095365 0.496646 0.102897 0.500663 0.101507 0.754869 0.624334 0.845349 0.816092 0.151079 0.363532 0.195599 0.399867 0.19488 0.401398 0.152972 0.363987 0.005751 0.454545 0.021865 0.475355 0.020216 0.476866 0.003401 0.453163 0.338887 0.159699 0.34323 0.149634 0.342595 0.148448 0.338074 0.158504 0.331927 0.157712 0.331302 0.158902 0.310285 0.14424 0.310103 0.145534 0.279586 0.147732 0.2807 0.148124 0.978367 0.662357 0.995007 0.662297 0.995573 0.654377 0.994758 0.667903 0.981626 0.654472 0.996139 0.648113 0.974669 0.657089 0.962662 0.662497 0.961972 0.658489 0.956691 0.663207 0.968013 0.651363 0.971723 0.652025 0.979669 0.649941 0.975623 0.651002 0.96331 0.651446 0.962191 0.641274 0.997159 0.640549 0.962207 0.627453 0.998918 0.633784 0.973716 0.621868 0.946755 0.616715 0.919794 0.611562 0.944795 0.626141 0.94345 0.64165 0.871076 0.611118 0.840036 0.606202 0.838312 0.595572 0.841761 0.616831 0.844158 0.624043 0.849232 0.633239 0.89185 0.626531 0.927383 0.624829 0.854306 0.642434 0.86196 0.647257 0.871475 0.652316 0.880991 0.657375 0.887173 0.659463 0.893777 0.661736 0.924709 0.642027 0.90038 0.664008 0.909047 0.666849 0.914878 0.66805 0.93017 0.65279 0.92704 0.661411 0.935016 0.659365 0.927299 0.672528 0.939636 0.665145 0.947642 0.658974 0.949526 0.664058 0.941158 0.652336 0.942571 0.652162 0.935629 0.652565 0.948295 0.651977 0.921288 0.670511 0.954025 0.651792 0.958709 0.651527 0.940996 0.668553 0.948253 0.668884 0.955774 0.669312 0.962958 0.66937 0.978175 0.668464 0.986297 0.686164 0.980864 0.709057 0.986297 0.709057 0.980864 0.686164 0.976509 0.682967 0.971059 0.684032 0.971059 0.709057 0.976509 0.709057 0.902125 0.826002 0.910295 0.836577 0.910295 0.826002 0.902125 0.836577 0.917594 0.836577 0.917594 0.826002 0.902125 0.814354 0.910295 0.814354 0.902125 0.80395 0.910295 0.803249 0.902125 0.778816 0.910295 0.778313 0.917594 0.756981 0.910295 0.755917 0.917594 0.778309 0.917594 0.80248 0.924742 0.75689 0.924742 0.778191 0.931284 0.765589 0.931385 0.778055 0.924742 0.802736 0.932668 0.803098 0.924742 0.814354 0.933128 0.814354 0.917594 0.814354 0.924742 0.826002 0.9343 0.821716 0.933343 0.826002 0.931226 0.836577 0.924742 0.836577 0.954887 0.681674 0.948398 0.707547 0.952858 0.707547 0.951829 0.680635 0.954496 0.836894 0.956107 0.829632 0.952857 0.829632 0.951269 0.836894 0.760231 0.633949 0.765822 0.593106 0.76927 0.59436 0.763426 0.634464 0.761015 0.647619 0.755098 0.646759 0.747665 0.63994 0.747492 0.643845 0.766301 0.645506 0.767528 0.634946 0.773325 0.635709 0.769593 0.646694 0.773651 0.595694 0.777184 0.596025 0.781433 0.596212 0.777354 0.636141 0.779106 0.645089 0.772255 0.646575 0.769593 0.646694 0.877213 0.810402 0.862492 0.800616 0.878438 0.800266 0.861288 0.808085 0.897536 0.812719 0.896506 0.799915 0.887859 0.792751 0.894876 0.792575 0.827373 0.800349 0.857922 0.793724 0.827602 0.794078 0.844382 0.807133 0.854075 0.817414 0.868794 0.819774 0.827475 0.806182 0.813735 0.80605 0.822436 0.814675 0.813298 0.814596 0.813643 0.8005 0.799996 0.805917 0.799912 0.800651 0.795056 0.800926 0.79541 0.806749 0.792439 0.801501 0.794578 0.796626 0.789843 0.796774 0.78167 0.801917 0.79278 0.80614 0.782056 0.806938 0.781133 0.797372 0.79112 0.813049 0.795293 0.813156 0.799373 0.813688 0.79776 0.795097 0.771331 0.807735 0.7709 0.802333 0.761284 0.808393 0.760777 0.802769 0.763637 0.798363 0.770965 0.798069 0.751237 0.80905 0.760015 0.813226 0.751372 0.81327 0.746878 0.812928 0.742509 0.807793 0.750654 0.803206 0.744694 0.799697 0.751628 0.798846 0.75631 0.798658 0.76953 0.812817 0.96618 0.240582 0.939565 0.257069 0.966853 0.260687 0.996713 0.248791 0.996713 0.265099 0.971337 0.220246 0.978499 0.224239 0.912091 0.842289 0.93175 0.844922 0.911916 0.846996 0.932012 0.856892 0.930633 0.839158 0.910772 0.866806 0.896796 0.851893 0.932654 0.870551 0.910897 0.895042 0.932425 0.901153 0.910049 0.907048 0.933982 0.905751 0.931817 0.90947 0.897712 0.864571 0.911445 0.926659 0.931242 0.925141 0.930902 0.935288 0.913365 0.942697 0.929553 0.957806 0.913423 0.960607 0.895757 0.95962 0.911472 0.970799 0.907235 0.997602 0.895019 0.97174 0.927737 0.979463 0.925882 0.997408 0.896423 0.943234 0.928713 0.966426 0.896392 0.923823 0.896001 0.905484 0.897243 0.891165 0.315989 0.188776 0.348945 0.210036 0.334631 0.218166 0.326591 0.179163 0.338887 0.159699 0.368416 0.190201 0.331302 0.158902 0.310103 0.145534 0.2807 0.148124 0.279586 0.147732 0.32025 0.327704 0.343767 0.294786 0.362444 0.31485 0.335456 0.342773 0.364048 0.345268 0.335872 0.353336 0.324088 0.345652 0.31106 0.362957 0.279676 0.363425 0.306878 0.317081 0.32822 0.283236 0.521536 0.24214 0.510612 0.26222 0.5048 0.241241 0.525993 0.263701 0.520071 0.204055 0.493758 0.206169 0.523279 0.282732 0.501939 0.277259 0.497306 0.286075 0.525284 0.318902 0.511318 0.329949 0.512445 0.313465 0.150463 0.363062 0.195043 0.352976 0.189924 0.313824 0.195689 0.358199 0.152322 0.363529 0.953662 0.019964 0.953662 0.042098 0.921061 0.042099 0.953662 0.064365 0.992568 0.041667 0.992568 0.004983 0.992568 0.083161 0.059564 0.97667 0.070544 0.996883 0.050052 0.975626 0.074158 0.987789 0.060039 0.969935 0.038924 0.95589 0.043592 0.98579 0.028881 0.977418 0.061296 0.954368 0.074024 0.960578 0.687338 0.380577 0.720872 0.380382 0.720872 0.407289 0.720872 0.355906 0.715809 0.3362 0.720872 0.337871 0.720872 0.334227 0.726141 0.335899 0.752594 0.372778 0.840682 0.55805 0.865573 0.55732 0.865573 0.583714 0.865573 0.535738 0.865573 0.519973 0.862059 0.516263 0.865573 0.516519 0.87002 0.516619 0.896657 0.556885 0.953662 0.125848 0.921061 0.1268 0.953662 0.145554 0.992568 0.161435 0.992568 0.125848 0.992568 0.090261 0.953662 0.106143 0.953662 0.145554 0.953662 0.125848 0.921061 0.1268 0.992568 0.161435 0.992568 0.125848 0.953662 0.106143 0.992568 0.090261 0.953662 0.042098 0.953662 0.064365 0.921061 0.042099 0.953662 0.019964 0.992568 0.041667 0.992568 0.083161 0.992568 0.004983 0.953662 0.145554 0.953662 0.125848 0.921061 0.1268 0.953662 0.106143 0.992568 0.125848 0.992568 0.161435 0.992568 0.090261 0.953662 0.042098 0.921061 0.042099 0.953662 0.019964 0.953662 0.064365 0.992568 0.041667 0.992568 0.004983 0.992568 0.083161 0.934927 0.847694 0.937582 0.845233 0.935148 0.856057 0.953697 0.855255 0.953033 0.841179 0.935331 0.861837 0.955127 0.873616 0.935549 0.880009 0.956637 0.898371 0.944897 0.941027 0.948204 0.967081 0.936772 0.967949 0.936583 0.941028 0.944561 0.923035 0.959341 0.941351 0.958287 0.920705 0.945012 0.907156 0.937694 0.99423 0.948204 0.967081 0.948925 0.995885 0.938214 0.990601 0.936772 0.967949 0.93639 0.91038 0.934367 0.908548 0.935671 0.903811 0.936492 0.927616 0.935347 0.892603 0.162784 0.273388 0.123547 0.303699 0.199572 0.238331 0.160769 0.244865 0.005321 0.451535 0.035716 0.449026 0.034303 0.44249 0.020382 0.425218 0.078907 0.572267 0.06288 0.580626 0.05028 0.565414 0.08134 0.542322 0.113292 0.504054 0.102507 0.516282 0.723545 0.456108 0.723677 0.453091 0.72903 0.453779 0.71936 0.453176 0.723545 0.478026 0.753467 0.494245 0.723545 0.504048 0.723545 0.53246 0.697067 0.499576 0.746874 0.513161 0.746874 0.510757 0.743153 0.511338 0.75117 0.511985 0.746874 0.522483 0.767415 0.540005 0.746874 0.533707 0.746874 0.555009 0.729838 0.535659 0.889002 0.487118 0.874081 0.510661 0.889002 0.490059 0.884333 0.487677 0.90955 0.508467 0.893118 0.486599 0.889002 0.510507 0.889002 0.528026 0.836468 0.039574 0.875188 0.021058 0.875188 0.037661 0.875188 0.054265 0.913907 0.004453 0.913907 0.037661 0.913907 0.070868 0.875188 0.037661 0.875188 0.054265 0.836468 0.039574 0.875188 0.021058 0.913907 0.070868 0.913907 0.037661 0.913907 0.004453 0.875188 0.1107 0.836468 0.1112 0.875188 0.098705 0.875188 0.122542 0.913907 0.1102 0.913907 0.086211 0.913907 0.133885 0.875188 0.11063 0.875188 0.122542 0.836468 0.1112 0.875188 0.098705 0.913907 0.086211 0.913907 0.110061 0.913907 0.133885 0.875188 0.054265 0.836468 0.039574 0.875188 0.037661 0.875188 0.021058 0.913907 0.070868 0.913907 0.037661 0.913907 0.004453 0.875188 0.098705 0.875188 0.110755 0.836468 0.1112 0.875188 0.122542 0.913907 0.086211 0.913907 0.110311 0.913907 0.133885 0.875188 0.054265 0.836468 0.039574 0.875188 0.037661 0.875188 0.021058 0.913907 0.070868 0.913907 0.037661 0.913907 0.004453 0.875188 0.098705 0.875188 0.110841 0.836468 0.1112 0.875188 0.122542 0.913907 0.086211 0.913907 0.110482 0.913907 0.133885 0.687282 0.96153 0.739007 0.99069 0.687292 0.970242 0.739007 0.962292 0.687272 0.951278 0.677499 0.961688 0.739007 0.935435 0.687292 0.970242 0.739007 0.962292 0.739007 0.99069 0.687282 0.96153 0.687272 0.951278 0.677499 0.961688 0.739007 0.935435 0.617807 0.960642 0.617816 0.968623 0.61042 0.968768 0.665202 0.970732 0.665202 0.944928 0.665202 0.995337 0.617825 0.976605 0.687282 0.96153 0.739007 0.99069 0.687292 0.970242 0.739007 0.962292 0.677499 0.961688 0.687272 0.951278 0.739007 0.935435 0.076955 0.532393 0.108291 0.541557 0.08134 0.542322 0.617825 0.976605 0.665202 0.970732 0.665202 0.995337 0.617816 0.968623 0.617807 0.960642 0.61042 0.968768 0.665202 0.944928 0.499083 0.10883 0.5144 0.113527 0.514195 0.115819 0.501501 0.106867 0.496646 0.102897 0.502114 0.095365 0.500663 0.101507 0.814632 0.794521 0.758746 0.607402 0.754882 0.624333 0.845349 0.816092 0.893708 0.824181 0.338887 0.159699 0.342595 0.148448 0.34323 0.149634 0.338074 0.158504 0.331927 0.157712 0.331302 0.158902 0.310285 0.14424 0.310103 0.145534 0.279586 0.147732 0.2807 0.148124 0.876892 0.853309 0.876886 0.859285 0.897712 0.864571 0.875879 0.866491 0.896423 0.943234 0.873151 0.959187 0.873066 0.941586 0.873361 0.975054 0.882541 0.994642 0.872992 0.991469 0.873293 0.965901 0.896392 0.923823 0.873038 0.929252 0.873099 0.923145 0.87271 0.917402 0.897243 0.891165 0.872786 0.913224 0.873338 0.902962 0.874592 0.884736 0.874486 0.87554 0.953033 0.841179 0.969758 0.893176 0.976144 0.919985 0.958287 0.920705 0.970334 0.942821 0.993493 0.922757 0.993284 0.946824 0.972303 0.970898 0.990167 0.969438 0.984404 0.996331 0.969756 0.99681 0.959808 0.970172 0.960622 0.996659 0.991038 0.837801 0.97559 0.837478 0.991052 0.840999 0.811011 0.989394 0.819999 0.991066 0.811305 0.985731 0.811892 0.978411 0.81263 0.969199 0.823726 0.964954 0.836858 0.994201 0.840056 0.964977 0.850468 0.996136 0.852747 0.964552 0.841416 0.94098 0.853893 0.941671 0.829156 0.940504 0.868707 0.945914 0.867258 0.967126 0.841461 0.912883 0.829183 0.911892 0.814566 0.940152 0.814521 0.910708 0.827608 0.897043 0.814166 0.893252 0.813976 0.883925 0.824903 0.877933 0.863879 0.997797 0.869027 0.919848 0.854791 0.902526 0.868468 0.897816 0.86805 0.888262 0.851307 0.88779 0.86605 0.878707 0.850064 0.864814 0.862291 0.85882 0.839884 0.89225 0.838413 0.870525 0.993493 0.899464 0.992501 0.885909 0.972637 0.8785 0.991579 0.871869 0.990716 0.859895 0.966501 0.857219 0.97559 0.837478 0.990677 0.850442 0.991052 0.840999 0.78244 0.906866 0.765047 0.924632 0.776897 0.921756 0.77223 0.941673 0.790996 0.941543 0.789798 0.96262 0.812197 0.944576 0.811248 0.965825 0.791631 0.978318 0.780565 0.981609 0.769735 0.96696 0.809943 0.983265 0.79218 0.994078 0.808746 0.995577 0.777178 0.992592 0.766386 0.983701 0.764532 0.987727 0.751285 0.983409 0.750929 0.986122 0.762196 0.969555 0.753049 0.969969 0.755474 0.957382 0.763331 0.943424 0.757529 0.946713 0.803723 0.891224 0.805717 0.903868 0.808226 0.921549 0.808226 0.921549 0.765047 0.924632 0.78244 0.906866 0.776897 0.921756 0.77223 0.941673 0.790996 0.941543 0.789798 0.96262 0.812197 0.944576 0.811248 0.965825 0.791631 0.978318 0.780565 0.981609 0.769735 0.96696 0.809943 0.983265 0.79218 0.994078 0.808746 0.995577 0.777178 0.992592 0.766386 0.983701 0.764532 0.987727 0.751285 0.983409 0.750929 0.986122 0.762196 0.969555 0.753049 0.969969 0.755474 0.957382 0.763331 0.943424 0.757529 0.946713 0.803723 0.891224 0.805717 0.903868 0.808226 0.921549 0.808226 0.921549 0.99894 0.587611 0.038135 0.799382 0.051263 0.759514 0.051846 0.799682 0.038135 0.756112 0.025377 0.759953 0.038135 0.734468 0.060946 0.74469 0.038135 0.825295 0.061534 0.812591 0.073817 0.779006 0.024687 0.800799 0.015677 0.745552 0.014973 0.81387 0.00469 0.780885 0.402809 0.802871 0.460315 0.741333 0.465434 0.801322 0.403957 0.738589 0.509771 0.738232 0.519566 0.796846 0.472818 0.85967 0.528511 0.848654 0.562688 0.79143 0.572198 0.840047 0.612076 0.785482 0.595625 0.730313 0.636471 0.727586 0.651396 0.781949 0.551242 0.733704 0.622121 0.833052 0.58118 0.888957 0.631296 0.878492 0.66128 0.828295 0.669868 0.873746 0.639771 0.925581 0.682515 0.717283 0.697348 0.777451 0.723739 0.743471 0.721846 0.702519 0.730301 0.727073 0.702278 0.825456 0.729864 0.813007 0.723727 0.773019 0.73439 0.838954 0.711927 0.871483 0.758881 0.907673 0.718454 0.909768 0.679518 0.915336 0.745373 0.716154 0.73554 0.692995 0.727311 0.687452 0.445924 0.864177 0.44808 0.893097 0.424463 0.883101 0.42522 0.890791 0.423817 0.897038 0.417603 0.890622 0.408094 0.902609 0.406839 0.88923 0.407863 0.875285 0.421415 0.877878 0.413125 0.872154 0.421236 0.870724 0.416654 0.864702 0.404792 0.867119 0.402466 0.858808 0.420633 0.905962 0.426971 0.908251 0.429115 0.927996 0.477325 0.917861 0.479285 0.970349 0.428419 0.980497 0.539883 0.951621 0.535338 0.9007 0.591157 0.937088 0.417679 0.91543 0.412885 0.921885 0.415746 0.929701 0.400236 0.930634 0.400526 0.918755 0.409328 0.910946 0.400708 0.910598 0.412987 0.980497 0.399051 0.980497 0.392083 0.910636 0.393717 0.902395 0.388027 0.921412 0.384785 0.929086 0.371515 0.926843 0.383543 0.914794 0.381046 0.905253 0.374608 0.90727 0.354306 0.891315 0.323914 0.914794 0.319508 0.966986 0.369659 0.980497 0.260125 0.9461 0.266734 0.895584 0.331059 0.85712 0.357872 0.862718 0.37844 0.882423 0.275703 0.844051 0.286456 0.792782 0.340371 0.799147 0.298184 0.734632 0.347524 0.739358 0.212565 0.723966 0.256857 0.728768 0.243524 0.785905 0.194325 0.778355 0.171782 0.719986 0.155112 0.773603 0.182634 0.825361 0.143654 0.819396 0.232306 0.833961 0.221443 0.882335 0.171809 0.870302 0.13347 0.864381 0.102767 0.815307 0.091539 0.860832 0.070207 0.827702 0.075621 0.802057 0.109311 0.767749 0.083093 0.762555 0.126041 0.70838 0.084047 0.733266 0.087164 0.692636 0.077988 0.716827 0.043525 0.895432 0.083838 0.898823 0.122496 0.905565 0.161743 0.916976 0.063281 0.705634 0.073738 0.682797 0.006829 0.731152 0.076749 0.664786 0.082129 0.677497 0.995165 0.806003 0.986297 0.761522 0.995165 0.757478 0.986297 0.810047 0.980864 0.761522 0.980864 0.810047 0.986297 0.735729 0.995165 0.735729 0.980864 0.735729 0.995166 0.708524 0.995165 0.684565 0.991008 0.823209 0.983438 0.823209 0.976509 0.810047 0.979396 0.823209 0.974139 0.823209 0.979108 0.828991 0.971059 0.810047 0.971059 0.761522 0.976509 0.761522 0.971059 0.748625 0.976509 0.735729 0.984156 0.828991 0.971059 0.735729 0.971059 0.709057 0.902125 0.753317 0.917594 0.737013 0.910295 0.736806 0.906734 0.735251 0.917524 0.707303 0.913082 0.707695 0.923128 0.674342 0.92224 0.706167 0.924742 0.736349 0.929877 0.735997 0.806404 0.417084 0.798491 0.440104 0.797764 0.416841 0.806579 0.440084 0.791587 0.430635 0.793895 0.44418 0.790533 0.416914 0.794069 0.411086 0.797658 0.411131 0.796753 0.3983 0.799496 0.398979 0.806358 0.41111 0.806254 0.397342 0.791709 0.406325 0.799586 0.444713 0.806614 0.444804 0.800336 0.391518 0.806195 0.389635 0.814665 0.439981 0.813035 0.398877 0.815058 0.410998 0.817508 0.398156 0.821563 0.4109 0.815039 0.41671 0.823285 0.430408 0.820823 0.443987 0.823709 0.416673 0.822478 0.406104 0.813642 0.444607 0.814183 0.391429 0.963697 0.707547 0.956542 0.707547 0.956665 0.682989 0.963697 0.735539 0.956542 0.735539 0.952858 0.735539 0.948398 0.735539 0.941747 0.733916 0.948398 0.750975 0.9547 0.749526 0.952858 0.767862 0.956542 0.767862 0.963697 0.749525 0.963697 0.767862 0.956542 0.815923 0.963697 0.815923 0.952858 0.815923 0.948398 0.815923 0.948398 0.769312 0.93987 0.815923 0.938034 0.771029 0.945359 0.829632 0.759764 0.388875 0.753092 0.390789 0.757219 0.397877 0.748792 0.396723 0.749957 0.398739 0.755703 0.408793 0.761253 0.405109 0.766271 0.412185 0.761906 0.417587 0.772938 0.420935 0.779222 0.416247 0.78079 0.442731 0.772851 0.442311 0.767577 0.425025 0.767382 0.445524 0.775425 0.46672 0.769244 0.465986 0.78311 0.466407 0.773518 0.49244 0.779329 0.493862 0.784309 0.494134 0.789436 0.491994 0.783203 0.503234 0.777018 0.501084 0.767106 0.399206 0.772714 0.576248 0.769703 0.574969 0.765434 0.571521 0.772326 0.566499 0.777119 0.59605 0.776176 0.577443 0.781365 0.596243 0.779671 0.569396 0.782739 0.579264 0.917397 0.218594 0.924107 0.202031 0.911718 0.246796 0.938971 0.275768 0.965018 0.277875 0.996713 0.264441 0.91067 0.271809 0.996713 0.2334 0.885618 0.237203 0.893147 0.205422 0.854699 0.225915 0.871102 0.191511 0.861063 0.182721 0.878874 0.174835 0.815382 0.214205 0.827173 0.176128 0.771454 0.198655 0.764363 0.225026 0.709226 0.203067 0.715141 0.182853 0.702309 0.223929 0.674063 0.193838 0.663701 0.195918 0.652324 0.19539 0.690509 0.250486 0.755576 0.257303 0.805997 0.243374 0.797154 0.278217 0.833997 0.279272 0.743921 0.290216 0.779173 0.163984 0.780846 0.130373 0.723906 0.15248 0.670887 0.179188 0.672887 0.140334 0.674731 0.120775 0.617127 0.114778 0.611725 0.136597 0.63312 0.180482 0.594063 0.183422 0.604157 0.162321 0.730594 0.126445 0.637367 0.181941 0.642275 0.216815 0.626144 0.246072 0.579649 0.20835 0.677413 0.288948 0.729484 0.33441 0.788015 0.322558 0.779532 0.371622 0.825593 0.342864 0.822299 0.390905 0.869057 0.357926 0.862104 0.407931 0.912266 0.367124 0.908564 0.417255 0.996713 0.3699 0.996713 0.416356 0.83079 0.309442 0.793213 0.292833 0.798869 0.284144 0.831499 0.281714 0.91421 0.341273 0.996713 0.345792 0.913156 0.31911 0.996713 0.322873 0.93879 0.305149 0.989337 0.30591 0.996713 0.295264 0.918772 0.290918 0.930518 0.292869 0.940687 0.282235 0.996713 0.284017 0.878239 0.286949 0.881107 0.264768 0.84178 0.25432 0.838886 0.291779 0.836076 0.291161 0.829295 0.298782 0.875892 0.315416 0.677423 0.354253 0.664957 0.354382 0.669434 0.336511 0.668816 0.367184 0.677047 0.368251 0.678685 0.335645 0.670971 0.31074 0.665962 0.314303 0.66151 0.316525 0.662906 0.337123 0.666929 0.382911 0.677093 0.385034 0.657194 0.366485 0.657405 0.35095 0.614754 0.35059 0.617079 0.337411 0.657065 0.380727 0.664854 0.406876 0.621676 0.404014 0.612512 0.367373 0.613726 0.39915 0.625674 0.313299 0.65392 0.29873 0.649949 0.300529 0.639766 0.27923 0.646008 0.27753 0.627448 0.26226 0.630082 0.256681 0.621516 0.251203 0.621163 0.250476 0.620312 0.265063 0.635014 0.282535 0.613321 0.269826 0.618318 0.295431 0.660695 0.295817 0.62132 0.308299 0.615824 0.312026 0.61616 0.326836 0.799882 0.534618 0.807087 0.506608 0.807315 0.535598 0.797824 0.506276 0.795264 0.528521 0.795497 0.535125 0.791765 0.512566 0.794231 0.500513 0.798247 0.500821 0.807042 0.500951 0.799105 0.553355 0.791868 0.548787 0.793108 0.55743 0.801252 0.560968 0.807465 0.554869 0.807523 0.562316 0.791392 0.540058 0.790998 0.52295 0.813772 0.560872 0.8158 0.553225 0.82427 0.557207 0.825375 0.548545 0.820867 0.53494 0.814731 0.534502 0.816344 0.50613 0.820996 0.528334 0.824295 0.512325 0.821693 0.500313 0.815833 0.500683 0.824638 0.53981 0.824713 0.522696 0.675192 0.444097 0.697088 0.447561 0.697874 0.457273 0.719659 0.446949 0.697732 0.426652 0.699832 0.391764 0.871362 0.742334 0.860186 0.749994 0.875249 0.749694 0.860594 0.74345 0.873824 0.758519 0.891189 0.759665 0.891189 0.749394 0.859174 0.757372 0.842749 0.750039 0.842038 0.756667 0.825311 0.750083 0.833824 0.7454 0.853354 0.743977 0.824902 0.755961 0.809578 0.74994 0.809416 0.755849 0.793845 0.749797 0.793929 0.755737 0.806576 0.762821 0.785581 0.762267 0.779407 0.756232 0.779357 0.749805 0.776639 0.762286 0.764869 0.749813 0.764884 0.756727 0.756464 0.749938 0.755705 0.744753 0.763795 0.745185 0.756547 0.757186 0.74806 0.750062 0.74821 0.757644 0.742377 0.753134 0.748951 0.762942 0.743871 0.744122 0.773704 0.745059 0.793958 0.744802 0.79907 0.74498 0.804439 0.745168 0.808685 0.745316 0.814247 0.74551 0.820399 0.745725 0.749295 0.744412 0.81037 0.838409 0.842384 0.84606 0.810484 0.845515 0.843989 0.838845 0.834836 0.854776 0.810291 0.853749 0.775258 0.839384 0.786632 0.856297 0.766056 0.859591 0.858019 0.846794 0.863878 0.838831 0.87433 0.847559 0.874505 0.838823 0.763071 0.839825 0.750927 0.862543 0.750262 0.850575 0.753385 0.840175 0.748538 0.840351 0.867265 0.857198 0.853734 0.856081 0.782477 0.511068 0.789773 0.510416 0.783203 0.503234 0.777676 0.509267 0.777018 0.501084 0.772637 0.506418 0.772647 0.517433 0.776451 0.532843 0.781816 0.534719 0.788697 0.536424 0.772326 0.566499 0.771739 0.542928 0.772319 0.531251 0.779671 0.569396 0.786181 0.562959 0.771091 0.555234 0.429911 0.188987 0.399748 0.237544 0.438963 0.237532 0.365555 0.230632 0.359739 0.243264 0.369553 0.156414 0.391932 0.168343 0.381938 0.159928 0.34323 0.149634 0.402003 0.164666 0.404441 0.146992 0.428914 0.150805 0.442205 0.189517 0.467598 0.196088 0.460833 0.170327 0.444394 0.166375 0.473665 0.159122 0.474208 0.237968 0.497479 0.178376 0.521742 0.186849 0.85429 0.717804 0.879897 0.715724 0.879875 0.733801 0.904784 0.715481 0.879875 0.698634 0.879875 0.666256 0.593396 0.949238 0.539883 0.951621 0.591157 0.937088 0.540942 0.961338 0.49238 0.976056 0.479285 0.970349 0.432543 0.991288 0.422607 0.986673 0.428419 0.980497 0.639771 0.925581 0.641805 0.937441 0.669309 0.933331 0.679518 0.915336 0.412987 0.980497 0.411236 0.988119 0.398705 0.988489 0.399051 0.980497 0.385124 0.980497 0.697636 0.927498 0.718454 0.909768 0.720567 0.921326 0.738894 0.918205 0.758881 0.907673 0.756506 0.915916 0.38622 0.987594 0.374923 0.985661 0.369659 0.980497 0.319508 0.966986 0.36477 0.989836 0.305997 0.972159 0.260125 0.9461 0.258485 0.95572 0.20688 0.941961 0.209716 0.929935 0.161743 0.916976 0.159163 0.928742 0.131934 0.919456 0.122496 0.905565 0.103901 0.910523 0.083838 0.898823 0.081229 0.90743 0.063027 0.906596 0.043525 0.895432 0.045506 0.903746 0.801252 0.560968 0.807523 0.562316 0.800807 0.641603 0.808128 0.640836 0.808176 0.646932 0.803187 0.646347 0.798238 0.645238 0.815461 0.64149 0.793169 0.6444 0.792827 0.63147 0.793208 0.622515 0.813155 0.64627 0.818086 0.645084 0.825244 0.644168 0.824667 0.631234 0.813772 0.560872 0.82427 0.557207 0.825122 0.622286 0.524089 0.194493 0.539278 0.216083 0.540163 0.20804 0.558471 0.22463 0.554831 0.232847 0.550149 0.233744 0.531037 0.221422 0.523321 0.226511 0.537866 0.250037 0.569973 0.248819 0.578134 0.238855 0.57443 0.246471 0.58447 0.262262 0.589858 0.259245 0.596813 0.283183 0.605523 0.281268 0.595223 0.251386 0.599694 0.300357 0.606785 0.299877 0.607161 0.313874 0.599379 0.314134 0.607115 0.330657 0.597155 0.330031 0.598063 0.347351 0.607438 0.347736 0.58687 0.328299 0.59619 0.362626 0.552529 0.347178 0.542323 0.317138 0.606869 0.364197 0.540059 0.348368 0.586429 0.314421 0.543621 0.301448 0.585406 0.299157 0.543072 0.289451 0.589877 0.284247 0.549008 0.264906 0.54822 0.358804 0.555067 0.368418 0.593953 0.371366 0.540632 0.368749 0.538313 0.358915 0.54489 0.26035 0.54191 0.279835 0.538609 0.264435 0.606075 0.373316 0.559452 0.057864 0.560843 0.071312 0.556572 0.04406 0.619506 0.052714 0.617637 0.03454 0.677158 0.050132 0.620961 0.071312 0.678269 0.070701 0.734588 0.047948 0.736303 0.07012 0.791656 0.045919 0.792748 0.07012 0.805711 0.06458 0.803121 0.070084 0.787459 0.015732 0.730339 0.021075 0.674858 0.027032 0.804879 0.050354 0.824835 0.02751 0.824787 0.046236 0.813675 0.062369 0.842572 0.010528 0.791625 0.094301 0.73476 0.093518 0.677343 0.092701 0.619823 0.091712 0.787751 0.130258 0.730842 0.126639 0.779867 0.17024 0.827607 0.181619 0.842647 0.129311 0.857818 0.146042 0.772469 0.204952 0.815963 0.219784 0.765877 0.231489 0.710958 0.210957 0.71647 0.190599 0.704479 0.231968 0.674042 0.191996 0.664696 0.199138 0.65461 0.203775 0.693431 0.258878 0.75771 0.263924 0.807099 0.249153 0.798983 0.284181 0.83524 0.284674 0.746776 0.297045 0.643477 0.221001 0.63341 0.180978 0.671276 0.149425 0.675331 0.120545 0.724295 0.160049 0.670363 0.180317 0.637367 0.181941 0.559835 0.088292 0.520848 0.169161 0.616977 0.411063 0.609469 0.420339 0.622745 0.422119 0.607604 0.409826 0.666702 0.419127 0.666015 0.429491 0.677339 0.418573 0.678133 0.427692 0.67677 0.402112 0.322344 0.113653 0.360616 0.12024 0.320053 0.124406 0.360216 0.109466 0.320304 0.135422 0.361453 0.135474 0.287075 0.105947 0.282079 0.12367 0.325459 0.106579 0.359185 0.101411 0.345126 0.059085 0.308376 0.044541 0.299395 0.036624 0.364385 0.058528 0.34033 0.026311 0.357568 0.039574 0.31386 0.018624 0.316925 0.040407 0.37132 0.039695 0.381696 0.060291 0.382635 0.022093 0.392014 0.094914 0.419763 0.090089 0.393936 0.103464 0.393013 0.116987 0.427427 0.134767 0.443471 0.1354 0.396167 0.135315 0.409483 0.065236 0.408177 0.042966 0.045288 0.094798 0.108872 0.044314 0.061609 0.035621 0.058318 0.020939 0.032854 0.032936 0.029527 0.017235 0.084451 0.02183 0.057471 0.016036 0.104233 0.033075 0.025961 0.002931 0.003498 0.017853 0.003498 0.004114 0.003498 0.033434 0.003498 0.052295 0.039596 0.051482 0.013265 0.064177 0.003498 0.095084 0.046513 0.123205 0.003498 0.122289 0.087496 0.125628 0.046468 0.15182 0.087665 0.1537 0.045393 0.200981 0.087591 0.200981 0.003498 0.200981 0.003498 0.151221 0.12288 0.124452 0.123515 0.153236 0.123144 0.200981 0.087571 0.245404 0.046336 0.246961 0.003498 0.247743 0.08703 0.273502 0.046163 0.275526 0.085422 0.305131 0.044775 0.303991 0.061154 0.363018 0.057971 0.377645 0.032585 0.365735 0.029523 0.381417 0.057176 0.381503 0.026248 0.39498 0.003498 0.381481 0.003498 0.39498 0.003498 0.365817 0.003498 0.346821 0.038512 0.347155 0.012731 0.334696 0.003498 0.3038 0.003498 0.276589 0.227856 0.411844 0.261368 0.365491 0.249032 0.416239 0.246416 0.364743 0.226522 0.36315 0.195599 0.399867 0.190029 0.361913 0.152972 0.363987 0.248985 0.353081 0.266193 0.352191 0.245736 0.341895 0.227824 0.35403 0.22571 0.345344 0.223742 0.300304 0.265076 0.337106 0.243825 0.293603 0.276513 0.342359 0.189741 0.313893 0.188886 0.350112 0.151079 0.363532 0.189267 0.355496 0.277389 0.352391 0.280627 0.377615 0.899662 0.559758 0.997779 0.584893 0.968952 0.584893 0.937856 0.579229 0.906759 0.573565 0.897973 0.565318 0.061296 0.954368 0.039692 0.940018 0.012767 0.94091 0.014118 0.958576 0.066688 0.942742 0.049586 0.920248 0.087157 0.938222 0.074024 0.960578 0.08533 0.920457 0.112146 0.924009 0.123625 0.940903 0.193661 0.950429 0.021423 0.928239 0.84474 0.135993 0.85534 0.143724 0.866884 0.169066 0.034279 0.44926 0.003401 0.453163 0.032775 0.442773 0.018275 0.426018 0.034372 0.408368 0.058652 0.437529 0.052752 0.396296 0.086594 0.436549 0.074632 0.389786 0.11629 0.434925 0.093531 0.446958 0.122581 0.446486 0.063648 0.447884 0.093473 0.385657 0.135425 0.432417 0.138906 0.446148 0.136132 0.460544 0.117699 0.458554 0.09679 0.5073 0.077926 0.503587 0.087792 0.457278 0.056634 0.498534 0.059876 0.458159 0.038779 0.488356 0.034332 0.455613 0.021865 0.475355 0.005751 0.454545 0.793691 0.473068 0.797637 0.472608 0.798003 0.495403 0.797698 0.448177 0.806657 0.450405 0.806825 0.472512 0.806614 0.444804 0.799586 0.444713 0.793895 0.44418 0.791755 0.486488 0.794231 0.500513 0.798247 0.500821 0.807004 0.496104 0.807042 0.500951 0.792516 0.455625 0.791261 0.479052 0.790737 0.467043 0.816012 0.472469 0.815582 0.448041 0.822064 0.472868 0.815993 0.495267 0.813642 0.444607 0.820823 0.443987 0.815833 0.500683 0.821693 0.500313 0.824412 0.486256 0.822855 0.45541 0.824895 0.478814 0.823906 0.4668 0.842156 0.678164 0.807774 0.686582 0.838371 0.632993 0.872518 0.671176 0.845515 0.69657 0.899927 0.188943 0.921239 0.199896 0.668372 0.183813 0.670921 0.190802 0.664643 0.194632 0.107344 0.993124 0.5144 0.113527 0.499083 0.10883 0.514195 0.115819 0.501501 0.106867 0.538468 0.122477 0.891189 0.74028 0.832149 0.763135 0.854177 0.764386 0.891189 0.769429 0.767696 0.762304 0.612512 0.367373 0.613726 0.39915 0.61171 0.367354 0.613979 0.350527 0.614754 0.35059 0.616298 0.337464 0.617079 0.337411 0.615373 0.326773 0.61616 0.326836 0.615403 0.311219 0.615824 0.312026 0.624948 0.312764 0.625674 0.313299 0.62056 0.308459 0.62132 0.308299 0.618318 0.295431 0.61743 0.295579 0.612547 0.269349 0.613321 0.269826 0.619594 0.264635 0.620312 0.265063 0.621163 0.250476 0.621516 0.251203 0.22781 0.411846 0.227856 0.411844 0.249032 0.416239 0.09679 0.5073 0.077566 0.505868 0.077926 0.503587 0.055894 0.500685 0.056634 0.498534 0.03734 0.490029 0.038779 0.488356 0.473874 0.157628 0.473665 0.159122 0.497479 0.178376 0.460394 0.168728 0.460833 0.170327 0.445053 0.165013 0.444394 0.166375 0.429469 0.149586 0.428914 0.150805 0.403674 0.145862 0.404441 0.146992 0.402003 0.164666 0.400807 0.163885 0.39224 0.166794 0.391932 0.168343 0.382654 0.15885 0.381938 0.159928 0.369919 0.155143 0.369553 0.156414 0.99894 0.62702 0.986297 0.761522 0.995165 0.806003 0.995165 0.757478 0.986297 0.810047 0.980864 0.761522 0.980864 0.810047 0.986297 0.735729 0.995165 0.735729 0.980864 0.735729 0.995166 0.708524 0.995165 0.684565 0.991008 0.823209 0.983438 0.823209 0.976509 0.810047 0.979396 0.823209 0.974139 0.823209 0.979108 0.828991 0.971059 0.810047 0.971059 0.761522 0.976509 0.761522 0.971059 0.748625 0.976509 0.735729 0.984156 0.828991 0.971059 0.735729 0.902125 0.753317 0.917594 0.737013 0.910295 0.736806 0.906734 0.735251 0.913082 0.707695 0.917524 0.707303 0.923128 0.674342 0.92224 0.706167 0.924742 0.736349 0.929877 0.735997 0.932918 0.754173 0.956542 0.707547 0.963697 0.707547 0.956665 0.682989 0.963697 0.735539 0.956542 0.735539 0.952858 0.735539 0.948398 0.735539 0.941747 0.733916 0.945859 0.707547 0.948398 0.750975 0.9547 0.749526 0.952858 0.767862 0.956542 0.767862 0.963697 0.749525 0.963697 0.767862 0.956542 0.815923 0.963697 0.815923 0.960215 0.829632 0.952858 0.815923 0.948398 0.815923 0.949462 0.829632 0.948398 0.769312 0.93987 0.815923 0.938034 0.771029 0.945359 0.829632 0.753041 0.390393 0.759728 0.388561 0.757069 0.397563 0.748662 0.396279 0.749801 0.398316 0.755476 0.408497 0.761052 0.404859 0.766068 0.411959 0.761711 0.417358 0.766942 0.398987 0.779042 0.416044 0.772776 0.420733 0.780826 0.442599 0.772885 0.442153 0.767418 0.424815 0.767434 0.445397 0.775386 0.46663 0.769196 0.4659 0.783082 0.466336 0.773478 0.492282 0.779297 0.493717 0.78429 0.493983 0.789431 0.491856 0.78315 0.503082 0.776946 0.500935 0.772676 0.576191 0.769665 0.574904 0.762097 0.591917 0.765382 0.571447 0.772259 0.566399 0.776145 0.577378 0.779598 0.569319 0.782713 0.579175 0.677306 0.35409 0.664777 0.35426 0.668785 0.367238 0.669108 0.336386 0.677099 0.368139 0.678391 0.335426 0.670971 0.31074 0.665376 0.314205 0.660971 0.316574 0.662497 0.337077 0.666961 0.382912 0.67717 0.384947 0.657173 0.366561 0.657231 0.351032 0.614754 0.35059 0.617079 0.337411 0.657077 0.380835 0.664929 0.40692 0.6217 0.404287 0.612512 0.367373 0.613711 0.399427 0.625674 0.313299 0.653004 0.298718 0.649106 0.300687 0.638486 0.279593 0.646008 0.27753 0.626074 0.262806 0.630082 0.256681 0.621516 0.251203 0.621163 0.250476 0.620312 0.265063 0.63395 0.283124 0.613321 0.269826 0.618318 0.295431 0.660695 0.295817 0.62132 0.308299 0.615824 0.312026 0.61616 0.326836 0.697088 0.447561 0.675192 0.444097 0.697874 0.457273 0.719659 0.446949 0.697732 0.426652 0.699832 0.391764 0.765729 0.784098 0.754552 0.791758 0.750667 0.784398 0.765321 0.791559 0.752092 0.775573 0.737442 0.774427 0.735604 0.784699 0.771738 0.769706 0.737376 0.764663 0.766741 0.77672 0.783166 0.784053 0.783877 0.777425 0.800604 0.784009 0.801013 0.77813 0.816337 0.784152 0.816499 0.778243 0.83207 0.784295 0.831985 0.778354 0.819339 0.772078 0.840334 0.771825 0.846508 0.77786 0.846558 0.784287 0.831957 0.791125 0.852211 0.790154 0.849276 0.771806 0.861046 0.784279 0.861031 0.777365 0.869451 0.784154 0.87021 0.79046 0.86212 0.790028 0.869368 0.776906 0.877856 0.78403 0.877705 0.776448 0.887088 0.780958 0.880093 0.77115 0.88415 0.78997 0.87662 0.790802 0.858218 0.771788 0.821476 0.790759 0.81723 0.790611 0.811668 0.790417 0.805515 0.790202 0.792091 0.790526 0.772561 0.791032 0.87043 0.197227 0.878874 0.174835 0.861063 0.182721 0.854617 0.231576 0.899927 0.188943 0.892122 0.210703 0.885517 0.242251 0.921239 0.199896 0.918419 0.223295 0.911745 0.251113 0.938628 0.228271 0.939701 0.207667 0.924107 0.202031 0.911476 0.275623 0.939781 0.278587 0.965522 0.279962 0.996713 0.233194 0.919648 0.294183 0.931352 0.295728 0.941518 0.284981 0.93962 0.307659 0.914456 0.322194 0.996713 0.324229 0.989394 0.30812 0.996713 0.29793 0.996713 0.28624 0.996713 0.346825 0.915531 0.344196 0.996713 0.370799 0.913761 0.369862 0.871103 0.361885 0.828021 0.348091 0.790669 0.328628 0.83263 0.314733 0.795315 0.298851 0.800827 0.290065 0.832861 0.287138 0.837534 0.296474 0.840334 0.297013 0.830957 0.304156 0.877502 0.31947 0.879334 0.291347 0.842459 0.259847 0.881746 0.269463 0.876892 0.853309 0.896218 0.845607 0.876886 0.859285 0.875879 0.866491 0.892268 0.99637 0.873151 0.959187 0.873066 0.941586 0.873361 0.975054 0.882541 0.994642 0.872992 0.991469 0.873293 0.965901 0.873038 0.929252 0.873099 0.923145 0.87271 0.917402 0.872786 0.913224 0.873338 0.902962 0.874592 0.884736 0.874486 0.87554 0.789764 0.510259 0.782455 0.510909 0.78315 0.503082 0.77764 0.509118 0.776946 0.500935 0.772577 0.506285 0.772602 0.517282 0.776416 0.532682 0.78179 0.534549 0.788681 0.536247 0.772259 0.566399 0.771688 0.54278 0.772277 0.531084 0.779598 0.569319 0.78611 0.562843 0.771032 0.555116 0.400949 0.241836 0.429476 0.191384 0.438617 0.241553 0.437732 0.256118 0.396404 0.25151 0.399151 0.262964 0.437351 0.266932 0.366769 0.233151 0.363621 0.270851 0.358267 0.255628 0.361006 0.245206 0.384614 0.332498 0.376631 0.340981 0.422467 0.317776 0.402343 0.270069 0.436384 0.275068 0.441786 0.318199 0.417576 0.350044 0.43489 0.337837 0.38985 0.354549 0.39191 0.336311 0.469409 0.281475 0.459177 0.316327 0.450562 0.337897 0.460653 0.354251 0.471336 0.272782 0.470338 0.259194 0.473434 0.240924 0.521777 0.187065 0.497534 0.178349 0.46639 0.198125 0.44161 0.191868 0.460223 0.17048 0.444417 0.165942 0.473973 0.15943 0.536293 0.301772 0.487092 0.311243 0.485888 0.334941 0.428914 0.150805 0.404441 0.146992 0.402003 0.164666 0.391932 0.168343 0.369553 0.156414 0.381938 0.159928 0.34323 0.149634 0.879897 0.715724 0.85429 0.717804 0.879875 0.733801 0.904784 0.715481 0.879875 0.698634 0.879875 0.666256 0.539554 0.215544 0.524395 0.193873 0.540467 0.207485 0.558766 0.224142 0.555116 0.232367 0.550388 0.233257 0.53128 0.220875 0.523547 0.225946 0.538024 0.249521 0.570252 0.248411 0.578453 0.238455 0.574727 0.246055 0.58471 0.26189 0.590164 0.258902 0.597053 0.28291 0.605817 0.28105 0.595573 0.251051 0.599781 0.300155 0.606902 0.299714 0.60711 0.313763 0.599345 0.31395 0.607038 0.330571 0.597065 0.329886 0.59797 0.347266 0.60738 0.347692 0.58678 0.328159 0.596096 0.362509 0.552429 0.347074 0.542252 0.31688 0.606756 0.364184 0.539945 0.348285 0.586375 0.314179 0.54358 0.301128 0.585442 0.298845 0.543098 0.289069 0.59007 0.283923 0.549142 0.264469 0.548197 0.358727 0.555045 0.368347 0.593838 0.371279 0.540632 0.368749 0.538252 0.35891 0.545044 0.259885 0.541965 0.27941 0.538718 0.26395 0.605919 0.373323 0.617029 0.411352 0.609486 0.420646 0.607604 0.41012 0.622802 0.422381 0.666813 0.419168 0.666157 0.429548 0.677452 0.418561 0.678289 0.427699 0.676828 0.402069 0.262733 0.370308 0.227864 0.411446 0.249015 0.415824 0.248793 0.36823 0.230245 0.365561 0.195762 0.399508 0.196218 0.364531 0.25171 0.356838 0.267927 0.356958 0.248932 0.345538 0.231678 0.356641 0.229749 0.348115 0.223809 0.300281 0.267283 0.341289 0.243825 0.293603 0.276403 0.342193 0.277276 0.352192 0.280503 0.377331 0.824827 0.112171 0.80479 0.089719 0.824604 0.093514 0.805655 0.075547 0.813595 0.077677 0.039692 0.940018 0.012767 0.94091 0.014118 0.958576 0.019461 0.966767 0.066688 0.942742 0.049586 0.920248 0.087157 0.938222 0.08533 0.920457 0.112146 0.924009 0.123625 0.940903 0.193661 0.950429 0.021423 0.928239 0.935554 0.870943 0.969758 0.893176 0.976144 0.919985 0.970334 0.942821 0.993493 0.922757 0.993284 0.946824 0.972303 0.970898 0.990167 0.969438 0.984404 0.996331 0.969756 0.99681 0.959808 0.970172 0.960622 0.996659 0.959808 0.970172 0.122555 0.274461 0.1234 0.245977 0.036128 0.408081 0.059604 0.438143 0.053879 0.396238 0.086581 0.437097 0.075047 0.389699 0.115441 0.434968 0.09334 0.447457 0.12183 0.446374 0.064231 0.448577 0.093473 0.385657 0.134222 0.432007 0.137941 0.445592 0.135571 0.460039 0.117284 0.458529 0.097931 0.507336 0.079021 0.503889 0.087864 0.457784 0.057646 0.498661 0.060534 0.45867 0.039822 0.488311 0.035565 0.455364 0.022975 0.474516 0.007617 0.452991 0.807774 0.686582 0.842156 0.678164 0.838371 0.632993 0.872518 0.671176 0.845515 0.69657 0.97559 0.837478 0.991038 0.837801 0.991052 0.840999 0.866884 0.169066 0.387273 0.864509 0.401517 0.867259 0.391019 0.872007 0.382492 0.870356 0.381819 0.877424 0.395541 0.875844 0.395621 0.88929 0.384849 0.890181 0.378311 0.896273 0.377244 0.890008 0.668372 0.183813 0.670921 0.190802 0.664643 0.194632 0.209716 0.929935 0.899662 0.559758 0.906956 0.560923 0.968952 0.584893 0.937856 0.579229 0.906759 0.573565 0.897973 0.565318 0.262733 0.370308 0.280503 0.377331 0.277276 0.352192 0.107344 0.993124 0.538468 0.122477 0.385124 0.980497 0.819999 0.991066 0.811011 0.989394 0.811305 0.985731 0.811892 0.978411 0.81263 0.969199 0.823726 0.964954 0.836858 0.994201 0.840056 0.964977 0.850468 0.996136 0.852747 0.964552 0.841416 0.94098 0.853893 0.941671 0.829156 0.940504 0.868707 0.945914 0.867258 0.967126 0.841461 0.912883 0.829183 0.911892 0.814566 0.940152 0.814521 0.910708 0.827608 0.897043 0.814166 0.893252 0.813976 0.883925 0.824903 0.877933 0.863879 0.997797 0.869027 0.919848 0.854791 0.902526 0.868468 0.897816 0.86805 0.888262 0.851307 0.88779 0.86605 0.878707 0.850064 0.864814 0.862291 0.85882 0.839884 0.89225 0.838413 0.870525 0.992501 0.885909 0.993493 0.899464 0.972637 0.8785 0.991579 0.871869 0.990716 0.859895 0.966501 0.857219 0.97559 0.837478 0.990677 0.850442 0.991052 0.840999 0.734726 0.793812 0.793766 0.771765 0.793211 0.818311 0.822347 0.825274 0.823807 0.818708 0.793314 0.824779 0.836576 0.825943 0.841908 0.818695 0.851421 0.826639 0.85158 0.818689 0.761255 0.819199 0.771607 0.837249 0.75288 0.837998 0.750164 0.8196 0.739112 0.840276 0.738506 0.829384 0.741349 0.819919 0.736938 0.820079 0.793139 0.836464 0.84499 0.835412 0.832676 0.836031 0.815477 0.835968 0.613711 0.399427 0.612512 0.367373 0.61171 0.367354 0.613979 0.350527 0.614754 0.35059 0.616298 0.337464 0.617079 0.337411 0.615373 0.326773 0.61616 0.326836 0.615403 0.311219 0.615824 0.312026 0.624948 0.312764 0.625674 0.313299 0.62056 0.308459 0.62132 0.308299 0.618318 0.295431 0.61743 0.295579 0.612547 0.269349 0.613321 0.269826 0.619594 0.264635 0.620312 0.265063 0.621163 0.250476 0.621516 0.251203 0.227864 0.411446 0.227818 0.411448 0.249015 0.415824 0.195046 0.401033 0.195762 0.399508 0.150463 0.363062 0.152322 0.363529 0.078797 0.506156 0.097931 0.507336 0.079021 0.503889 0.056936 0.500783 0.057646 0.498661 0.038364 0.489902 0.039822 0.488311 0.022975 0.474516 0.021346 0.475977 0.007617 0.452991 0.005321 0.451535 0.473973 0.15943 0.473874 0.157628 0.497534 0.178349 0.459737 0.168944 0.460223 0.17048 0.445044 0.164605 0.444417 0.165942 0.429469 0.149586 0.428914 0.150805 0.403674 0.145862 0.404441 0.146992 0.402003 0.164666 0.400807 0.163885 0.39224 0.166794 0.391932 0.168343 0.382654 0.15885 0.381938 0.159928 0.369919 0.155143 0.369553 0.156414</float_array>
          <technique_common>
            <accessor source="#GeometrySource2-array" count="3041" stride="2">
              <param name="S" type="float"/>
              <param name="T" type="float"/>
            </accessor>
          </technique_common>
        </source>
        <vertices id="Geometry-vertices">
          <input semantic="POSITION" source="#GeometrySource"/>
          <input semantic="NORMAL" source="#GeometrySource1"/>
          <input semantic="TEXCOORD" source="#GeometrySource2"/>
        </vertices>
        <triangles material="VisualMaterial0" count="3965">
          <input semantic="VERTEX" source="#Geometry-vertices" offset="0"/>
          <p>0 1 2 3 1 0 4 3 0 0 5 4 6 3 4 7 5 0 8 5 7 9 8 10 11 9 10 11 12 9 13 12 11 14 13 15 16 14 15 16 17 18 18 17 19 19 17 20 19 20 21 21 20 22 23 21 22 23 22 24 23 25 21 26 25 23 27 19 21 18 19 27 27 21 25 11 10 28 29 30 31 31 32 33 34 35 32 36 35 34 37 38 39 37 39 40 40 39 41 42 43 44 44 45 42 44 46 45 44 47 46 48 49 50 50 51 48 52 51 50 41 39 53 53 49 48 53 39 49 54 50 55 50 54 52 54 55 36 56 57 58 56 59 57 60 58 57 60 61 58 58 62 56 58 63 62 63 64 62 63 65 64 66 62 64 66 67 62 56 68 59 62 68 56 68 69 59 68 70 69 66 70 67 66 71 70 70 72 69 71 72 70 73 69 72 73 74 69 75 74 73 75 76 74 75 77 78 75 79 77 73 79 75 80 77 79 80 81 77 73 82 79 73 83 82 73 72 83 80 84 81 81 84 85 85 84 86 85 86 87 85 87 88 84 89 86 84 90 89 84 91 90 84 92 91 80 92 84 93 80 79 82 83 93 93 92 80 82 93 79 92 94 91 92 95 94 96 95 92 97 96 92 97 92 98 92 99 98 100 93 83 92 100 99 100 92 93 100 101 99 102 101 100 100 103 102 100 104 103 83 105 100 105 104 100 72 106 83 83 106 105 72 71 106 105 106 107 105 107 108 109 108 107 65 109 64 109 110 108 111 110 109 111 109 112 65 112 109 113 110 111 104 110 114 113 114 110 114 103 104 115 103 114 114 113 115 116 64 109 106 117 116 106 71 117 116 117 64 112 118 111 112 119 118 119 112 65 65 120 119 65 63 120 63 58 121 63 121 120 58 61 122 58 122 121 123 124 125 123 126 124 127 124 126 127 128 124 128 127 129 128 129 130 131 130 129 131 132 130 133 134 135 133 135 136 136 135 137 136 138 133 136 139 138 140 139 136 140 124 128 139 140 141 140 128 141 141 128 130 139 141 142 142 138 139 142 141 143 143 130 132 141 130 143 142 143 144 145 143 132 145 144 143 145 146 144 145 147 146 124 148 125 124 140 148 148 149 125 140 136 148 148 137 149 136 137 148 146 150 144 142 144 150 142 150 138 151 146 147 151 152 146 146 152 153 146 153 150 138 150 153 151 154 152 151 155 154 156 153 152 156 157 153 158 147 145 158 159 147 152 160 156 154 160 152 161 156 160 161 162 156 155 163 154 154 163 160 160 164 161 160 163 164 165 153 157 138 153 165 165 133 138 165 157 166 166 167 165 167 133 165 167 134 133 166 168 167 169 170 171 172 170 169 172 173 170 172 174 173 172 175 174 175 176 174 177 169 171 177 171 178 177 178 179 179 180 177 181 182 183 181 183 184 183 185 184 183 186 185 187 185 186 187 186 188 188 189 187 188 190 189 191 182 192 191 183 182 191 192 193 194 191 193 194 195 191 191 195 183 186 183 195 194 196 195 194 197 196 194 198 197 186 195 199 199 188 186 199 195 196 199 196 200 200 196 197 200 201 199 199 201 188 188 201 190 200 202 201 201 203 190 201 202 203 203 202 204 203 204 205 206 200 197 206 204 202 206 202 200 204 207 205 207 204 208 206 209 204 209 206 197 208 204 209 210 207 208 210 211 207 208 209 212 205 213 203 205 214 213 215 212 209 215 216 212 217 208 212 217 210 208 218 217 212 218 212 219 211 210 220 217 220 210 221 217 218 221 220 217 209 197 222 198 222 197 215 209 222 215 222 223 224 223 222 198 224 222 224 225 223 198 226 224 198 227 226 194 193 227 198 194 227 228 229 230 228 230 231 232 228 231 232 233 228 229 234 235 236 234 237 238 223 225 238 215 223 238 225 239 215 238 240 215 240 216 238 241 240 242 243 244 242 244 245 246 244 247 246 247 248 249 250 251 249 252 250 252 253 250 252 254 253 252 249 255 256 254 252 252 255 256 256 255 257 258 256 257 258 257 259 259 260 258 260 261 262 260 262 263 263 258 260 263 264 258 263 262 265 266 264 263 263 265 266 267 265 268 266 265 267 266 267 269 266 270 264 269 270 266 269 271 270 271 272 270 271 273 272 254 274 272 256 274 254 258 274 256 270 272 274 270 274 264 258 264 274 254 272 275 275 272 273 276 275 273 277 275 276 275 277 278 275 278 279 254 275 279 254 279 253 280 281 282 280 282 283 283 282 284 285 286 287 288 289 290 291 292 293 294 295 292 291 294 292 294 296 295 294 297 296 294 298 297 299 298 294 299 300 298 296 297 301 296 301 302 303 302 301 303 301 304 296 305 295 296 302 305 303 306 307 303 308 306 309 308 303 310 311 312 310 313 311 311 313 314 315 316 310 315 310 317 318 319 320 318 321 319 322 320 319 321 323 319 323 322 319 323 324 322 324 325 322 325 326 322 322 327 320 322 328 327 329 320 327 329 330 320 318 320 330 331 318 330 332 321 318 331 332 318 323 321 333 333 321 334 332 335 321 335 334 321 335 336 334 322 337 328 322 326 337 337 338 328 337 339 338 340 339 337 326 340 337 326 341 340 325 341 326 342 340 341 342 343 340 344 343 342 345 344 342 345 346 344 347 344 346 344 348 343 347 348 344 347 349 348 348 349 350 348 350 351 343 348 351 347 346 352 343 351 353 343 353 354 340 354 339 343 354 340 355 345 342 325 355 341 355 342 341 347 356 349 347 357 356 357 358 356 357 359 358 360 359 357 361 347 352 361 357 347 360 357 361 359 362 358 363 358 362 363 362 364 362 365 364 362 366 365 359 367 362 366 362 367 368 366 367 368 367 369 370 367 359 370 369 367 370 359 360 371 356 358 349 356 371 371 358 363 350 349 371 372 373 374 372 374 375 375 376 377 375 377 378 379 375 378 379 380 375 375 380 372 380 381 372 382 383 384 382 384 385 386 387 388 386 389 387 386 390 391 386 392 390 392 386 388 392 393 390 392 394 393 392 388 395 395 394 392 395 396 394 393 397 390 395 398 396 388 399 395 395 399 398 399 400 398 399 401 400 401 399 402 388 402 399 401 402 403 402 404 403 405 400 401 406 407 403 408 409 410 408 411 409 412 408 410 412 410 413 409 413 410 412 414 408 411 415 409 415 416 409 411 417 415 418 419 420 418 421 419 418 420 422 423 417 411 423 411 424 425 423 424 408 424 411 408 426 424 408 427 426 428 424 426 427 428 426 427 429 428 427 430 429 408 431 427 427 431 430 418 432 433 432 434 433 430 432 429 430 435 432 432 435 434 432 418 436 429 432 436 431 437 430 438 437 431 438 431 439 438 439 440 439 441 440 438 440 442 438 442 443 442 440 444 445 442 444 446 447 448 449 450 451 449 452 450 449 453 452 449 451 454 455 454 451 455 451 456 457 451 458 457 458 459 456 451 457 460 461 462 460 462 463 464 465 466 467 460 466 467 466 465 468 469 470 468 471 469 472 469 471 472 471 473 473 474 472 473 475 474 476 472 474 475 476 474 476 477 472 475 478 476 478 475 479 479 475 480 479 480 481 478 479 482 469 472 483 483 470 469 483 472 477 483 477 484 483 485 470 485 483 484 485 484 486 484 477 487 488 478 482 476 478 489 488 489 478 484 490 486 484 487 490 487 491 490 479 492 493 479 493 482 494 495 496 494 496 497 498 473 471 498 499 473 498 500 499 498 501 500 471 502 498 498 502 501 471 468 502 503 504 505 503 506 504 505 507 503 505 508 507 508 505 509 508 509 510 507 508 510 511 510 509 511 502 468 468 470 512 511 512 510 468 512 511 507 510 513 514 512 470 514 470 485 510 514 513 510 512 514 514 515 513 515 485 486 490 515 486 515 514 485 490 516 515 513 515 516 491 516 490 507 513 517 513 516 517 507 517 518 507 518 519 507 519 503 503 520 506 503 519 520 504 506 521 504 521 522 523 524 525 526 523 525 526 521 527 526 527 528 526 529 523 526 528 529 530 531 532 530 532 533 534 531 530 533 534 530 534 535 531 533 536 534 537 538 539 537 540 538 537 541 540 541 537 542 541 542 543 537 544 542 543 545 541 543 546 545 543 547 546 539 548 537 539 549 548 544 550 542 544 551 550 549 551 548 547 550 552 547 552 546 550 547 553 550 553 542 550 554 552 550 555 554 551 555 550 556 554 555 556 555 557 549 558 551 559 548 551 544 559 551 551 560 555 557 555 560 551 561 560 557 560 561 562 551 558 551 562 561 562 558 563 564 562 563 563 565 564 563 539 565 539 538 565 566 564 565 566 565 567 564 568 562 557 569 556 561 570 557 557 570 569 571 561 562 568 571 562 561 571 570 572 569 570 572 570 573 574 572 573 574 575 572 576 564 566 576 568 564 573 576 574 577 574 576 577 576 566 568 576 578 570 578 573 570 571 578 568 578 571 573 578 576 566 579 577 574 577 579 580 572 575 580 581 572 581 569 572 581 580 582 582 580 583 582 583 584 581 582 585 582 584 586 587 586 584 587 584 588 589 586 587 589 587 590 591 590 587 591 592 590 591 593 592 594 592 593 594 595 592 545 596 594 594 596 595 545 546 596 597 592 595 552 598 546 598 596 546 599 590 592 599 600 590 601 597 595 552 601 598 554 601 552 602 600 599 601 602 597 603 601 595 598 601 603 556 604 554 554 604 601 604 602 601 605 556 569 556 605 604 602 606 600 602 607 597 599 607 602 608 604 605 604 608 602 608 605 609 602 608 609 602 609 610 606 610 589 610 586 589 606 602 610 582 611 585 610 611 586 582 586 611 612 581 585 605 569 612 612 609 605 581 612 569 612 613 609 612 585 613 609 613 610 613 585 611 613 611 610 614 615 616 614 617 615 618 617 614 618 619 617 617 620 615 617 621 620 621 617 619 621 619 622 623 624 625 623 626 624 626 627 624 627 626 628 628 629 627 626 630 628 630 629 628 631 623 625 626 631 630 631 626 623 632 633 634 632 635 633 635 636 633 633 636 637 636 638 637 638 636 639 640 636 635 640 632 634 640 635 632 640 639 636 641 642 643 642 644 643 642 645 644 642 646 645 642 647 646 641 647 642 648 649 650 651 649 648 651 648 652 648 650 653 652 648 653 652 653 654 655 656 657 658 657 656 658 656 659 659 656 655 659 655 660 658 659 661 662 663 664 662 664 665 665 666 662 663 662 666 663 666 667 665 668 666 669 670 671 672 670 669 672 673 670 671 670 673 671 673 674 672 675 673 676 389 391 676 677 389 678 676 391 476 489 679 487 477 680 680 477 476 680 476 679 681 164 163 155 681 163 681 682 164 681 683 682 681 155 684 681 684 683 684 155 685 686 132 131 686 131 687 688 131 129 689 185 187 689 688 129 127 689 129 689 690 688 688 691 131 690 691 688 690 692 691 693 127 126 127 693 689 184 185 693 689 693 185 184 693 694 693 126 694 123 695 696 181 697 696 123 696 697 181 696 698 689 187 699 689 699 690 189 699 187 700 690 699 700 692 690 189 700 699 701 189 190 701 702 189 190 203 703 190 703 704 705 706 707 706 705 708 709 706 708 709 707 706 709 710 707 711 710 709 711 712 710 713 712 711 709 708 713 713 711 709 714 715 716 715 714 717 718 715 717 718 716 715 718 717 719 720 718 719 720 719 721 722 718 720 718 722 716 722 720 721 723 724 725 724 723 726 724 727 725 728 727 724 729 723 725 725 727 730 725 730 729 731 732 733 732 734 733 733 734 735 733 735 736 737 733 736 737 731 733 738 739 740 739 741 740 742 741 739 742 739 743 744 739 738 744 743 739 745 746 747 745 748 746 747 746 749 748 749 746 748 750 749 747 749 751 752 753 754 753 755 754 756 753 752 756 752 757 753 756 758 753 758 755 759 760 761 762 760 759 763 762 759 763 759 764 759 761 765 759 765 764 766 767 768 769 766 768 769 770 766 769 771 770 766 770 772 766 772 767 773 774 775 776 774 773 777 776 773 777 773 778 773 775 779 773 779 778 780 781 782 783 780 782 784 780 783 784 785 780 780 785 786 780 786 781 787 788 789 787 790 788 791 788 790 789 788 791 789 791 792 791 790 793 794 795 796 794 797 795 794 796 798 794 798 799 796 795 800 796 800 798 801 802 803 802 801 804 802 804 805 806 804 801 807 801 803 806 801 807 808 151 147 808 809 151 132 810 145 132 811 810 812 813 814 812 815 813 814 813 816 813 817 816 817 813 815 817 815 818 819 820 821 819 822 820 823 821 820 823 819 821 823 824 819 823 820 825 826 827 828 827 829 166 826 829 827 826 830 829 827 831 828 829 832 166 829 833 832 834 835 836 294 291 837 838 328 338 838 327 328 329 327 838 839 840 841 839 842 840 843 844 845 843 845 846 847 848 849 847 849 850 847 850 851 847 851 852 853 852 851 853 854 852 854 853 855 854 855 856 857 858 859 857 860 858 859 861 857 859 862 861 863 857 861 863 864 857 865 864 863 865 866 864 867 865 863 867 863 868 869 863 861 869 861 862 867 868 870 867 870 871 870 872 871 872 870 873 874 872 873 874 873 875 77 876 78 77 877 876 874 876 877 878 77 81 878 877 77 874 877 879 874 879 880 874 880 872 881 878 81 881 81 85 882 881 85 882 85 883 883 85 88 884 881 882 884 885 881 886 881 885 886 887 881 881 887 878 888 879 877 878 888 877 878 887 888 888 880 879 889 887 886 890 887 889 891 887 890 887 891 892 887 892 893 894 887 893 894 895 887 888 895 880 888 887 895 896 895 894 897 895 896 898 895 897 898 899 895 900 899 898 901 899 900 901 900 902 901 902 903 904 866 865 904 901 903 904 903 905 904 905 866 904 906 901 904 907 906 908 880 895 907 908 906 899 908 895 909 871 872 908 909 880 907 909 908 909 872 880 898 910 900 902 900 910 911 904 865 912 871 909 912 909 911 911 865 912 905 903 913 914 866 905 905 913 914 915 866 914 915 864 866 916 857 864 916 864 915 917 860 857 917 857 916 918 919 920 918 921 919 922 919 921 923 924 925 926 927 928 926 929 927 930 928 927 930 931 928 928 932 926 928 933 932 933 928 931 933 934 932 934 933 935 934 935 936 935 937 936 937 938 939 935 940 937 937 940 938 935 941 940 940 942 938 940 943 942 943 940 941 944 942 943 944 943 945 946 945 943 943 941 946 946 947 945 947 946 948 947 948 949 946 950 948 948 950 931 933 931 950 935 933 950 935 950 941 946 941 950 948 951 949 948 931 951 951 952 949 953 952 951 954 953 951 954 951 955 955 951 931 955 931 930 956 957 958 956 959 957 960 961 962 960 962 963 964 965 966 964 966 967 968 964 967 968 969 964 969 970 964 969 971 970 972 968 967 972 967 973 974 972 973 974 975 972 967 976 973 967 966 976 974 977 978 974 978 979 974 979 980 974 980 981 981 982 974 983 984 985 983 986 984 987 983 985 987 985 988 989 988 985 989 990 988 986 991 984 985 992 989 985 984 992 992 984 991 992 991 993 994 991 986 986 995 994 996 986 983 986 996 995 997 991 994 991 997 998 999 998 997 999 1000 998 991 998 1001 1002 998 1000 1001 998 1002 1001 1002 1003 1004 1003 1002 1004 1002 1005 1006 1004 1005 1007 1004 1006 1007 1006 1008 1009 1008 1006 1009 1006 1010 1006 1005 1010 1009 1010 1011 1009 1012 1008 1011 1010 1013 1013 1010 1005 1013 1005 1014 1005 1015 1014 1002 1000 1015 1005 1002 1015 1016 1003 1004 1016 1004 1007 1017 1009 1011 1017 1018 1009 1019 1018 1017 1019 1020 1018 1021 1018 1020 1022 1009 1018 1022 1012 1009 1021 1022 1018 1023 1020 1019 1024 1023 1019 1024 1025 1023 1026 1023 1025 1026 1027 1023 1023 1028 1020 1023 1027 1028 1028 1027 1029 1028 1029 1030 1020 1028 1031 1028 1030 1031 1020 1031 1021 1032 1019 1017 1032 1024 1019 1011 1032 1017 1011 1013 1032 1033 1034 1035 1033 1035 1036 1035 1037 1036 1038 1033 1039 1040 1041 1042 1043 1042 1041 1040 1044 1041 1045 1046 1042 1043 1045 1042 1043 1047 1045 1047 1048 1045 1047 1049 1048 1049 1050 1048 1051 1050 1049 1051 1052 1050 1045 1053 1046 1052 1054 1050 1052 1055 1054 1055 1056 1054 1057 1054 1056 1057 1056 1058 1057 1058 1059 1057 1059 1060 1061 1062 1063 1064 1062 1061 1064 1065 1062 1057 1060 1066 1059 1067 1061 1059 1058 1067 1061 1067 1064 1050 1054 1068 1050 1068 1069 1045 1070 1053 1045 1048 1070 1071 1072 1073 1071 1074 1072 1075 1076 1074 1075 1074 1077 1074 1078 1077 1074 1079 1078 1079 1074 1071 1080 1079 1071 1081 1082 1083 1081 1083 1084 1084 1083 1085 1084 1085 1086 1081 1084 1087 1081 1087 1088 1081 1088 1089 1081 1089 1090 1090 1082 1081 1090 1091 1082 1092 1093 1094 1092 1095 1093 1096 1092 1094 1096 1094 1097 1098 1099 1093 1098 1093 1095 1098 1100 1099 1101 1102 1103 1104 1105 1106 1104 1107 1105 1108 1107 1104 1109 1110 1111 1111 1110 1112 1109 1113 1110 1112 1110 1113 1109 1114 1113 1112 1113 1115 1116 1117 1118 1116 1119 1117 1118 1120 1116 1118 1121 1120 1122 1118 1117 1122 1123 1118 1120 1124 1125 1126 1127 1128 1126 1129 1127 1126 1130 1129 1129 1130 1131 1132 1131 1130 1132 1133 1131 1129 1131 1133 1127 1134 1128 1129 1133 1134 1127 1129 1134 1135 1136 1137 1135 1138 1136 1138 1135 1139 1139 1135 1140 1141 1139 1140 1139 1141 1142 1136 1138 1143 1139 1143 1138 1139 1142 1143 1136 1143 1137 1144 1145 1146 1144 1146 1147 1144 1147 1148 1149 1144 1148 1150 1145 1144 1149 1150 1144 1151 1152 1153 1152 1151 1154 1152 1154 1155 1153 1152 1156 1156 1152 1155 1156 1155 1157 1158 1159 1160 1160 1161 1158 1161 1162 1158 1162 1159 1158 1162 1163 1159 1161 1164 1162 1165 1166 1167 1167 1166 1168 1168 1166 1169 1165 1169 1166 1165 1170 1169 1168 1169 1171 1172 1173 1174 1172 1175 1173 1176 1172 1174 1176 1175 1172 1176 1174 1177 1176 1178 1175 1179 1180 1181 1180 1182 1181 1180 1183 1182 1184 1181 1182 1184 1182 1185 1186 1185 1187 1188 1189 1190 1188 1190 1191 1192 1193 1188 1192 1194 1193 1195 1187 1194 1195 1194 1192 1196 1197 1198 1199 1197 1196 1200 1197 1199 1192 1201 1195 1202 1195 1201 1202 1203 1195 1192 1204 1201 1188 1204 1192 1188 1191 1204 1195 1205 1187 1205 1195 1203 505 1206 509 505 1207 1206 1208 1209 501 509 1206 1208 509 1208 511 511 1208 502 1208 501 502 1210 1211 1212 1210 1212 1213 221 1214 220 211 220 1214 221 1215 1214 1216 1214 1215 211 1217 207 211 1214 1217 1216 1217 1214 207 1218 205 207 1219 1218 1220 1221 1222 1221 1220 1223 1224 1223 1220 1224 1220 1222 1224 1222 1225 1225 1226 1224 1225 1227 1226 1226 1228 1224 1226 1227 1228 1224 1228 1223 1229 1230 1231 1230 1229 1232 1233 1229 1231 1233 1232 1229 1233 1234 1232 1234 1233 1235 1234 1235 1236 1235 1233 1237 1233 1231 1237 1235 1237 1236 1238 1239 1240 1241 1239 1238 1242 1238 1240 1238 1242 1243 1242 1240 1244 1244 1240 1239 1242 1244 1245 1244 1239 1245 1246 1247 1248 1249 1246 1248 1248 1247 1250 1248 1250 1251 1252 1248 1251 1252 1249 1248 1253 1254 1255 1256 1253 1255 1257 1254 1253 1257 1253 1258 1259 1253 1256 1259 1258 1253 1260 1261 1262 1263 1261 1260 1263 1260 1264 1264 1260 1262 1264 1262 1265 1263 1264 1266 1267 1268 1269 1270 1267 1269 1271 1267 1270 1272 1268 1267 1271 1272 1267 1272 1273 1268 1274 1275 1276 1276 1275 1277 1278 1274 1276 1278 1276 1279 1276 1280 1279 1276 1277 1280 1281 1282 1283 1282 1284 1283 1285 1282 1281 1285 1286 1282 1286 1284 1282 1286 1287 1284 1288 1289 1290 1290 1289 1291 1292 1288 1290 1292 1290 1293 1290 1294 1293 1290 1291 1294 1295 1296 1297 1296 1298 1297 1299 1296 1295 1299 1300 1296 1296 1300 1301 1296 1301 1298 1302 1303 1304 1302 1305 1303 1306 1305 1302 1304 1306 1302 1304 1307 1306 1306 1308 1305 1309 1310 1311 1309 1312 1310 1309 1313 1312 1309 1314 1313 1315 1310 1312 1315 1312 1313 1316 1317 1318 1316 1319 1317 1316 1320 1319 1317 1319 1321 1317 1321 1322 1317 1322 1318 1323 1324 1325 1323 1326 1324 1323 1325 1327 1328 1326 1323 1328 1323 1327 1328 1329 1326 1330 1331 1332 1333 1334 1335 1333 1336 1334 1337 1334 1336 1337 1336 1333 1337 1333 1338 1337 1339 1334 1340 1341 1342 1340 1343 1341 1344 1345 1346 1347 1001 1003 1347 991 1001 1347 1003 1016 1347 993 991 1348 964 1349 997 1350 999 994 1350 997 995 1350 994 983 987 1351 983 1351 996 1352 1353 1354 1352 1355 1353 1356 1355 1352 1356 1352 1357 1357 1358 1356 1357 1359 1358 1360 1358 1359 1360 1359 1361 1362 2 1 1363 2 1362 2 7 0 10 8 7 1363 1364 2 1364 7 2 1365 1364 1363 15 13 11 15 17 16 15 1366 17 20 17 1366 1366 1367 20 1368 1367 1366 1369 24 22 1369 1370 24 1370 1369 1371 20 1367 1372 22 1372 1369 20 1372 22 15 11 1373 1373 1368 1366 1373 1366 15 1373 1374 1368 1374 1373 1375 1375 1373 1376 1373 11 28 10 7 1377 28 10 1377 1377 7 1364 1378 1373 28 1373 1378 1376 1378 28 1379 28 1377 1379 1379 1377 1380 1364 1380 1377 1381 1364 1365 1364 1381 1380 33 29 31 1382 29 33 33 32 35 35 36 55 55 1383 35 1383 55 1384 1384 55 1385 1384 1385 1386 1384 1386 1387 1387 1386 1388 1389 1388 1386 1390 1388 1389 1389 1391 1390 1392 1391 1389 1386 1385 38 1393 1386 38 1389 1386 1393 1393 38 37 1392 1389 1394 1394 1389 43 1394 43 42 38 49 39 1385 49 38 55 50 1385 1385 50 49 1395 1396 1397 1398 1399 1400 1401 1400 1399 1401 1399 1402 1402 1399 1403 1399 1404 1403 1403 1404 1405 1404 1406 1405 1405 1406 1407 1405 1407 1408 1408 1407 1409 1403 1405 1410 1410 1405 1408 1407 1411 1409 1406 1412 1407 1412 1411 1407 1408 1409 1413 1413 1410 1408 1414 1410 1413 1415 1403 1410 1402 1403 1415 1414 1415 1410 1416 1415 1414 1414 1413 1417 1417 1416 1414 1418 1416 1417 1417 1419 1418 1420 1419 1417 1421 1412 1406 1422 1409 1411 1413 1409 1423 1422 1423 1409 1424 1423 1422 1425 1423 1424 1426 1423 1425 1426 1425 1427 1427 1428 1426 1429 1428 1427 1417 1413 1430 1426 1430 1423 1417 1430 1420 1423 1430 1413 1420 1430 1431 1431 1426 1428 1430 1426 1431 1387 1432 1384 1384 1432 1383 1432 1433 1383 35 1383 1434 1434 1383 1433 1433 1435 1434 1434 1435 1436 1436 1437 1434 1434 1437 35 1437 33 35 33 1437 1382 1436 1438 1437 1382 1437 1438 1439 1438 1436 1440 1438 1439 1441 1442 1443 1442 1444 1443 1444 1445 1443 1444 1446 1445 1447 1445 1446 1447 1446 1448 1448 1446 1449 1449 1446 1450 1451 1446 1444 1450 1446 1451 1449 1452 1448 1453 1452 1449 1453 1449 1450 1454 1452 1453 1453 1450 1455 1455 1450 1456 1451 1456 1450 1456 1457 1455 1456 1458 1457 1457 1458 1459 1460 1456 1451 1460 1458 1456 1461 1458 1460 1460 1462 1461 1442 1463 1444 1451 1463 1460 1444 1463 1451 1463 1462 1460 1463 1442 1464 1462 1463 1464 1465 1441 1466 1441 1467 1466 1443 1467 1441 1443 1445 1467 1445 1447 1468 1469 1470 1471 1472 1469 1471 1473 1472 1471 1474 1472 1473 1473 1475 1474 1474 1475 1476 1474 1476 1477 1474 1477 1478 1474 1478 1479 1474 1479 1472 1480 1477 1476 1480 1481 1477 1477 1481 1478 1480 1482 1481 1478 1481 1483 1478 1483 1484 1484 1479 1478 1485 1484 1483 1486 1484 1485 1486 1485 1487 1484 1488 1479 1486 1488 1484 1486 1489 1488 1490 1488 1489 1491 1479 1488 1491 1472 1479 1491 1469 1472 1490 1491 1488 1491 1490 1492 1469 1491 1492 1470 1493 1494 1495 1471 1470 1473 1471 1495 1495 1470 1494 1475 1473 1496 76 75 78 76 78 1497 1498 1499 1500 1498 1501 1499 1498 1502 1501 1503 1501 1502 1501 1503 1499 1503 1504 1499 1505 1498 1500 1506 1505 1500 1507 1500 1499 1507 1499 1504 1506 1500 1507 1505 1508 1498 1502 1498 1508 1509 1503 1502 1505 1510 1508 1502 1511 1509 1502 1508 1511 1508 1510 1511 1512 1513 1514 1512 1515 1513 1514 1513 1516 1514 1516 1517 1518 1514 1517 1518 1517 1519 1513 149 1516 695 1513 1515 1513 695 149 695 125 149 695 123 125 1519 1517 1520 1519 1520 1521 1521 1520 1522 1523 1522 1520 1522 1523 1524 1522 1524 1525 1526 1517 1516 1526 1520 1517 1523 1520 1526 1527 1522 1525 1521 1522 1527 1528 1521 1527 1529 1528 1527 1529 1527 1530 1527 1525 1530 1531 1529 1530 1531 1532 1529 135 1523 1526 137 1526 1516 137 1516 149 135 1526 137 1523 134 1524 135 134 1523 1524 134 167 168 1533 167 1524 167 1533 1525 1524 1533 1534 1530 1525 1525 1533 1534 1535 1534 1533 168 1536 1533 1535 1533 1536 1535 1536 1537 1531 1530 1538 1534 1538 1530 1539 1538 1534 1539 1534 1540 1535 1540 1534 1538 1539 1541 1538 1541 1542 1531 1538 1542 1542 1541 1543 1542 1543 1544 1531 1545 1532 1545 1531 1542 1545 1542 1544 1536 1546 1537 1536 1547 1546 170 1546 1547 170 1547 171 1547 178 171 1548 1547 1536 1548 1536 168 1547 1548 178 178 1548 179 1549 1514 1518 1512 1514 1549 1549 1518 1550 1549 1550 1551 1551 1550 1552 1552 1550 1553 1554 1551 1552 1552 1553 1554 1554 1553 1555 1554 1555 1556 1554 1556 1551 1557 1551 1556 1551 1558 1549 1557 1558 1551 1558 1557 1559 1558 1559 1560 1560 1549 1558 1512 1549 1561 1549 1560 1561 1560 1559 1561 1562 1561 1559 1559 1557 1562 1562 1563 1561 1561 1563 1512 1553 1564 1555 1553 1565 1564 1553 1550 1565 1550 1566 1565 1567 1550 1518 1550 1567 1566 1567 1568 1566 1566 1568 1569 1567 1570 1568 1571 1567 1518 1521 1571 1519 1521 1528 1571 1571 1518 1519 1571 1570 1567 1571 1572 1570 1572 1528 1529 1571 1528 1572 1572 1529 1532 1564 1573 1555 1564 1565 1573 1565 1566 1573 1566 1574 1573 1575 1566 1569 1566 1575 1574 1576 1574 1575 1576 1577 1574 1577 1578 1574 1573 1574 1578 1573 1578 1555 1578 1577 1579 1578 1579 1555 1576 1575 1580 1575 1569 1580 1576 1580 1581 1579 1577 1582 1579 1582 1583 1584 1577 1576 1582 1577 1584 1584 1576 1585 1584 1585 1586 1582 1584 1587 1584 1586 1587 1582 1587 1583 1587 1588 1583 1587 1589 1588 1586 1589 1587 1590 1589 1586 1590 1586 1591 1592 1591 1586 1592 1586 1593 1593 1586 1585 1592 1594 1591 1594 1595 1591 1590 1591 1596 1596 1591 1595 1590 1596 1597 1590 1597 1598 1596 1595 1599 1600 1596 1599 1600 1601 1596 1601 1597 1596 1597 1601 1512 1601 1600 1602 1603 1515 1512 1603 1512 1601 1601 1602 1603 1603 1602 192 1603 192 698 1515 1603 698 698 192 182 698 182 181 193 192 1602 1604 226 227 1605 1602 1600 1604 227 1605 227 193 1605 193 1602 1605 1599 1606 1600 1604 1605 1606 1605 1600 1606 1604 1606 1607 1608 224 226 1607 1608 1604 1604 1608 226 1607 1609 1608 1610 1609 1607 1610 1611 1609 1607 1612 1610 1612 1599 1595 1599 1612 1606 1607 1606 1612 1610 1612 1613 1612 1595 1613 1610 1613 1614 1611 1610 1614 1611 1614 1615 1616 1611 1615 1616 1615 1617 1618 1616 1617 1618 1619 1616 1611 1620 1609 1619 1620 1616 1611 1616 1620 1619 1621 1620 1622 225 224 1609 1620 1622 1608 1622 224 1609 1622 1608 1623 1620 1621 1622 1620 1623 1622 1623 1624 1622 1624 225 1623 1625 1624 1626 1618 1617 1626 1617 1627 1617 1628 1627 1617 1615 1628 1614 1629 1615 1629 1628 1615 1630 1624 1625 1630 1631 1624 1631 1630 230 1631 230 235 230 229 235 1632 233 232 1633 1631 235 1633 1634 1631 1624 1631 1634 1624 1634 225 1633 235 234 1634 1633 236 1633 234 236 1635 1636 1637 1635 1638 1636 1638 1639 1636 1638 1640 1639 1637 1636 1641 1637 1641 1642 1636 1639 1643 1636 1643 1641 1641 1643 244 1641 244 243 1642 1641 243 1644 243 242 1642 243 1644 1644 242 1645 1635 1646 1638 1640 1638 1646 1640 1646 1647 1647 1648 1640 1647 1649 1648 1649 1650 1648 1649 1651 1650 1648 1650 1652 1648 1652 1653 1648 1653 1654 1640 1648 1654 1640 1654 1639 1654 1653 1655 1654 1655 1656 1639 1656 1643 1639 1654 1656 244 1643 1656 1657 1651 1649 1657 1649 1647 1657 1647 1646 244 1656 247 247 1656 1658 1655 1658 1656 247 1658 1659 244 246 245 247 1659 248 261 260 259 261 259 1660 1661 262 261 1661 261 1662 1662 261 1660 1662 1660 1663 1664 1661 1662 1664 1662 1665 1662 1663 1665 1664 1665 1666 1667 1664 1666 1664 1667 1668 1664 1668 1661 1668 1667 1669 1668 1669 268 1668 268 265 1661 1668 265 1661 265 262 1670 1671 1672 1670 1673 1671 1674 1672 1671 1674 1671 1675 1672 1674 1676 1672 1676 1677 1672 1677 1678 1679 1678 1677 1679 1680 1678 1680 1681 1678 1672 1681 1670 1672 1678 1681 1680 1682 1681 1679 1677 1683 1673 1684 1671 1671 1684 1675 1673 1685 1684 1682 1680 1686 1680 1679 1686 1682 1686 1687 1688 1673 1670 1689 1681 1682 1689 1690 1681 1690 1689 1691 1690 1691 1692 1693 1681 1690 1692 1693 1690 1688 1670 1693 1693 1670 1681 1688 1693 1694 1688 1694 1695 1696 1694 1693 1696 1693 1692 1692 1691 1697 1698 1688 1695 1698 1685 1673 1698 1673 1688 1699 1682 1687 1699 1689 1682 1691 1689 1699 1700 1701 1702 1700 1703 1701 1701 280 1702 1701 281 280 1704 281 1701 1703 1704 1701 1704 1705 281 1705 282 281 1705 1706 282 282 1706 1707 282 1707 284 1708 1707 1706 1708 1706 1705 1708 1705 1709 1705 1704 1709 1708 1709 1710 1709 1711 1710 1712 1704 1703 1712 1709 1704 1711 1709 1712 1711 1712 1713 1714 1711 1713 1715 1714 1713 1715 287 1714 1711 1714 1716 1711 1716 1710 1714 286 1716 1714 287 286 286 290 1716 290 286 285 290 285 288 290 1717 1716 1710 1716 1717 290 289 1717 1710 1717 1718 1708 1710 1718 1717 1719 1718 1718 1720 1708 1718 1719 1720 1708 1720 1707 1717 1721 1719 289 1721 1717 289 288 1721 1722 1723 1724 1725 1724 1723 1725 1726 1724 1724 1726 1727 1724 1727 1728 1727 1729 1728 1727 1730 1729 1730 1731 1729 1732 1729 1731 1731 1733 1732 1731 1734 1733 1735 1734 1731 1730 1735 1731 1735 1736 1734 1737 1733 1734 1737 1734 1736 1737 1736 1738 1737 1739 1733 1737 1738 1740 1737 1740 1741 1741 1742 1737 1739 1737 1742 1739 1742 1743 1741 1744 1742 1742 1744 1743 1741 1740 1745 1741 1745 1744 1729 1746 1728 1746 1724 1728 1746 1722 1724 1729 1732 1746 292 1747 1748 292 295 1747 293 292 1748 1748 1749 293 1748 1750 1749 1750 1748 1747 305 302 303 305 303 1751 295 1752 1747 295 305 1752 1752 305 1751 1753 1751 303 1753 303 307 1754 1747 1752 1754 1750 1747 1751 1755 1752 1751 1753 1755 1754 1752 1755 1756 314 313 1756 1757 314 313 1758 1756 313 310 316 313 316 1758 1759 316 315 1759 315 1760 317 310 312 1760 315 1761 317 1761 315 316 1762 1758 316 1759 1762 317 312 1763 1764 1756 1758 1764 1765 1756 1765 1764 1766 1765 1766 1767 1766 1768 1767 1769 1767 1768 1766 1770 1768 1771 1768 1770 1771 1770 1772 1773 1772 1770 1774 1772 1773 1774 1775 1772 1773 1776 1774 1776 1777 1774 1777 1775 1774 1776 1778 1777 1776 1779 1778 1776 1780 1779 1781 1780 1776 1773 1781 1776 1781 1773 1782 1773 1770 1782 1782 1783 1781 1782 1784 1783 1785 1781 1783 1781 1785 1780 1771 1772 1786 1775 1786 1772 1787 1771 1786 1775 1788 1786 1789 1788 1775 1777 1789 1775 1789 1790 1788 1788 1790 1791 1792 1791 1790 1792 1790 1793 1793 1790 1794 1795 1794 1779 1793 1794 1796 1795 1796 1794 1786 1788 1797 1786 1797 1787 1788 1791 1797 1779 1798 1778 1779 1794 1798 1789 1798 1790 1790 1798 1794 1780 1799 1779 1795 1779 1799 1800 1795 1799 1780 1800 1799 1800 1801 1795 1780 1802 1800 1802 1780 1785 1802 1785 1803 1803 1785 1804 1803 1804 1805 1805 1804 1806 1807 1805 1806 1807 1806 1808 1807 1808 1809 1810 1809 1808 1810 1811 1809 1811 1810 1812 1811 1812 1813 1804 1814 1806 1814 1808 1806 1804 1815 1814 1815 1804 1785 1815 1785 1816 1816 1785 1783 1783 1784 1817 1783 1817 1816 1808 1818 1810 1812 1810 1818 1812 1818 1819 1819 1818 1820 1819 1820 1821 1821 1820 1822 1821 1822 1823 1824 1821 1823 1825 1762 1759 1825 1822 1820 1826 1825 1759 1825 1826 1822 1826 1759 1827 1827 1759 1760 1827 1760 1828 1760 1761 1828 1825 1820 1829 1825 1829 1762 1830 1758 1762 1830 1764 1758 1766 1764 1830 1830 1762 1829 1766 1830 1831 1784 1782 1831 1830 1829 1831 1784 1831 1829 1770 1831 1782 1770 1766 1831 1832 1784 1829 1784 1833 1817 1784 1832 1833 1834 1814 1815 1834 1815 1816 1832 1834 1833 1808 1835 1818 1835 1820 1818 1834 1835 1814 1832 1835 1834 1835 1832 1829 1835 1829 1820 1814 1835 1808 1836 1837 1838 1836 1839 1837 1836 1840 1839 1841 1836 1838 1841 1838 1842 1842 1838 1843 1844 1843 1838 1844 1838 1845 1838 1837 1845 1840 1846 1839 1840 1847 1846 1846 1848 1839 1848 1837 1839 1849 1837 1848 1844 1845 1849 1849 1845 1837 1850 1849 1848 1850 1851 1849 1846 1852 1848 1853 1852 1846 1852 1853 1854 1855 1850 1848 1855 1848 1852 1852 1854 1855 1854 1856 1855 1844 1849 1857 1858 1842 1843 1858 1843 1844 1858 1844 1859 1860 1858 1859 1858 1860 1861 1861 1860 1862 1861 1862 1863 1863 1862 1864 1863 1864 1865 1866 1864 1862 1860 1866 1862 1860 1859 1867 1860 1867 1866 1868 1866 1867 1867 1869 1868 1867 1859 1869 1858 1861 1870 1858 1870 1842 1859 1871 1869 1859 1844 1871 1857 1871 1844 1857 1849 1872 1849 1851 1873 1849 1873 1872 1874 1875 1876 1874 1877 1875 1878 1877 1874 1878 1874 1879 1880 1877 1878 1880 1881 1877 1875 1877 1882 1877 1881 1882 1875 1882 1883 1884 1874 1876 1879 1874 1884 1884 1885 1879 1884 1886 1885 1887 1886 1884 1887 1884 1888 1884 1876 1888 1887 1888 1889 1890 1879 1885 1891 1880 1878 1888 1892 1889 1888 1893 1892 1876 1893 1888 1894 1892 1893 1895 1894 1893 1895 1893 1896 1876 1897 1893 1897 1896 1893 1875 1897 1876 1875 1898 1897 1897 1898 1899 1897 1899 1896 1898 1900 1899 1898 1901 1900 1901 1898 1902 1875 1902 1898 1875 1883 1902 1896 1903 1895 1900 1904 1899 1905 1906 1907 1906 1908 1907 1905 1909 1906 1906 1909 1908 1905 1910 1909 1909 1910 1908 1911 1912 1913 1911 1914 1912 1915 1913 1912 1916 1913 1915 1916 1917 1913 1915 1912 1918 1918 1912 1919 1918 1919 1920 1920 1919 1921 1922 1921 1919 1912 1923 1919 1912 1914 1923 1922 1919 1923 1920 1921 1924 1925 1924 1921 1925 1926 1924 1927 1926 1925 1927 1928 1926 1929 1924 1926 1929 1926 1928 1928 1930 1929 1928 1931 1930 1927 1931 1928 1927 1932 1931 1930 1931 1933 1934 1931 1932 1933 1931 1935 1934 1935 1931 1936 1935 1934 1937 1936 1934 1937 1934 1938 1936 1939 1935 1940 1939 1936 1940 1941 1939 1942 1941 1940 1943 1941 1942 1943 1939 1941 1942 1940 1944 1945 1938 1934 1945 1934 1932 1946 1932 1927 1946 1945 1932 1927 1947 1946 1947 1927 1948 1948 1927 1925 1949 1948 1925 1949 1925 1950 1950 1925 1921 1921 1922 1951 1950 1921 1951 1952 1940 1936 1952 1944 1940 1937 1952 1936 1953 1954 1955 1953 1956 1954 1955 1954 1957 1955 1957 1958 1955 1959 1953 1955 1960 1959 1960 1955 1958 1959 1960 1961 1962 1954 1956 1962 1956 1963 1963 1964 1962 1963 1965 1964 1961 1966 1959 1967 1966 1961 1968 1966 1967 1968 1969 1966 1968 1970 1969 1962 1964 1971 1954 1962 1972 1962 1971 1972 1954 1972 1957 1973 1974 1975 1975 1976 1973 1975 1977 1976 1976 1977 1978 1976 1978 1979 1973 1976 1980 1980 1976 1979 1973 1980 1981 1974 1973 1981 1974 1981 1982 1983 1981 1980 1984 1983 1980 1984 1980 1985 1980 1979 1985 1983 1986 1981 1981 1987 1982 1981 1986 1987 1983 1984 1988 1989 1990 1991 1989 376 1990 1990 376 1992 1990 1992 1993 1992 373 1993 376 374 1992 1992 374 373 376 375 374 1994 377 376 1995 1994 376 1995 376 1989 1995 1996 1994 1994 1997 377 1995 1989 1998 1998 1989 1999 2000 1999 1989 1991 2001 1989 2000 1989 2001 2002 2001 1991 2003 2001 2002 2000 2001 2004 2003 2004 2001 2002 2005 2003 2002 1991 2006 2007 2005 2002 383 2002 2006 2007 2002 383 383 2008 2007 383 382 2008 383 2006 384 2009 2010 2011 2010 2012 2011 2010 2013 2012 2009 2013 2010 2013 2014 2012 2009 2014 2013 2015 2016 2017 2015 2018 2016 2019 2016 2018 2019 2020 2016 2021 2020 2019 2021 2022 2020 2023 2020 2022 2024 2015 2017 2024 2025 2015 2026 2025 2024 2026 2024 2027 2028 2023 2022 2028 2022 2029 2028 2029 2030 2030 2031 2028 2030 2032 2031 2027 2033 2026 2027 2034 2033 2035 2033 2034 2034 2036 2035 2034 2037 2036 2037 2038 2036 2039 2032 2030 2039 2040 2032 2032 2040 2041 2042 2041 2040 2042 2040 2043 2042 2043 2044 2045 2042 2044 2045 2044 2046 2047 2045 2046 2047 2048 2045 2047 2049 2048 2047 2050 2049 2049 2050 2051 2049 2051 2052 2053 2052 2051 2053 2054 2052 2053 2055 2054 2056 2054 2055 2056 2057 2054 2058 2057 2056 2059 387 389 389 677 2059 2059 2060 387 389 386 391 2061 394 396 2061 396 2062 2062 2063 2061 2064 2061 2063 2064 2065 2061 2062 2066 2063 396 2066 2062 2067 2061 2065 2068 394 2061 2067 2068 2061 2068 2069 394 394 2069 393 2066 2070 2063 2066 2071 2070 2066 2072 2071 2066 2073 2072 396 398 2066 398 2073 2066 387 402 388 387 404 402 387 2074 404 387 2060 2074 2075 404 2074 398 2076 2073 2076 398 400 404 2075 406 404 406 403 2077 2078 2079 2078 2080 2079 2078 2081 2080 2082 2081 2078 2082 2078 2083 2078 2077 2083 2084 2082 2083 2085 2082 2084 2085 2086 2082 2086 2081 2082 2087 2080 2081 2086 2088 2081 2087 2081 2088 2089 2088 2086 2089 2090 2088 2089 2091 2090 2090 2091 2092 2088 2090 2093 2090 2092 2093 2088 2093 2087 2094 2092 2091 2094 2095 2092 2096 2095 2094 2096 2094 2097 2098 2096 2097 2098 2097 2099 2100 2098 2099 2100 2101 2098 2102 2099 2097 2100 2099 2102 2100 2102 2103 2101 2100 2103 2104 2103 2102 2104 2102 2105 2101 2103 2106 2104 2105 2107 2097 2094 2108 2097 2108 2102 2105 2102 2108 2105 2108 2109 2109 2108 2110 2094 2110 2108 2109 2110 2111 2094 2112 2110 2112 2094 2091 2089 2112 2091 2110 2112 2113 2089 2113 2112 2114 2104 2107 2104 2114 2103 2115 2103 2114 2106 2103 2116 2115 2116 2103 2114 2117 2115 2114 2118 2117 2114 2107 2118 2086 2085 2119 2089 2119 2113 2086 2119 2089 2120 2111 2110 2120 2110 2121 2121 2110 2113 2106 2116 2122 2123 416 415 417 2123 415 417 2124 2123 2123 2125 416 2126 2125 2123 2126 2123 2124 2126 2127 2125 2128 2127 2126 2126 2124 2129 2128 2126 2129 2128 2129 2130 2131 2128 2130 2131 2130 2132 2133 2131 2132 2133 2132 2134 2135 2133 2134 2135 2134 2136 2137 2131 2133 2137 2138 2131 2138 2128 2131 2128 2139 2127 2138 2139 2128 2135 2140 2133 2141 2133 2140 2141 2137 2133 2141 2140 2142 2135 2143 2140 2141 2144 2137 2145 2134 2132 2145 2132 2146 2146 2132 2130 2146 2130 2147 2147 2130 2129 2148 2129 2124 2147 2129 2148 2149 2145 2146 2150 2146 2147 2149 2146 2150 2151 2149 2150 2152 2149 2151 2152 2153 2149 2152 2154 2153 2152 2151 2155 2156 2152 2155 2157 2156 2155 2155 2158 2157 2159 2155 2151 2155 2159 2158 2160 2157 2158 2160 2158 2161 2159 2161 2158 2160 2161 2162 2163 2160 2162 2163 2164 2160 2164 1800 1802 2164 2165 2160 2160 2165 2157 2165 2166 2157 2157 2166 2156 2167 2166 2165 2167 2168 2166 1802 2169 2164 2167 2165 2169 2164 2169 2165 1802 1803 2169 2170 2164 2163 2164 2170 1800 434 1801 1800 434 1800 2170 434 2170 2163 434 2163 2171 434 2171 433 421 433 2171 421 2171 2172 419 2147 2148 2172 419 421 419 2173 2147 2172 2173 419 2150 2147 2173 2174 2150 2173 2151 2150 2174 2174 2173 2172 2159 2151 2174 2159 2175 2161 2175 2159 2174 2175 2174 2172 2163 2176 2171 2176 2172 2171 2172 2176 2175 2163 2162 2176 420 419 2148 433 421 418 420 425 422 420 2148 2177 2177 425 420 2177 2124 417 2148 2124 2177 2177 417 423 2177 423 425 435 1801 434 437 435 430 1795 442 1796 1795 443 442 1801 443 1795 437 438 443 1796 445 1793 1793 445 1792 1796 442 445 1801 2178 443 437 2178 435 437 443 2178 435 2178 1801 447 1792 445 447 445 448 2179 1856 1854 2180 2179 2181 2180 2182 2179 2179 2182 1856 2183 2179 1854 2183 1854 1853 2181 2179 2183 2181 2183 2184 2184 2183 2185 1853 2185 2183 2184 2185 2186 1853 2187 2185 1853 1846 2187 2187 1846 1847 2188 2189 2190 2188 2191 2189 2189 2192 2190 2189 2193 2192 2190 2194 2188 2195 2190 2192 2190 2195 2194 459 2194 2195 459 458 2194 2196 2188 2194 2191 2188 2196 2191 2196 2197 2198 2197 2196 450 2194 458 450 2196 2194 2198 2196 450 458 451 450 2199 450 452 2198 450 2199 2199 452 2200 2201 2197 2198 2202 2201 2198 2201 2202 2203 2202 2198 2204 2198 2199 2205 2198 2205 2204 2201 2203 2206 2201 2206 2207 2208 2207 2206 2201 2209 2197 2207 2209 2201 2207 2210 2209 2197 2209 2211 2197 2211 2191 2210 2211 2209 2210 463 2211 2212 2193 2189 2191 2211 2212 2191 2212 2189 2212 2211 463 2212 463 462 2213 2212 462 462 2214 2213 462 461 2214 2212 2215 2193 2213 2215 2212 2210 460 463 466 460 2210 2210 2207 2216 466 2210 2216 2216 464 466 2207 2208 2217 2207 2217 2216 2216 2217 464 481 492 479 481 2218 492 499 480 475 499 475 473 2219 488 482 2219 482 493 495 493 492 495 492 2220 495 2220 2221 2222 2221 2220 2222 2223 2221 2221 2224 495 2223 2225 2221 2221 2225 2224 2224 496 495 493 494 2219 495 494 493 2226 2219 494 2226 494 497 2223 2227 2225 2227 2223 2228 2227 2228 2229 2223 2222 2230 2223 2230 2228 2231 2230 2222 2231 2222 2232 2220 2232 2222 492 2232 2220 492 2218 2232 2233 2231 2232 2233 2232 2218 2233 2218 2234 481 2235 2218 2235 2234 2218 2235 2236 2234 481 2237 2235 2236 2235 2238 2237 2238 2235 2237 2239 2238 2240 2238 2239 2240 2239 2241 2238 2240 2242 2236 2238 2243 2238 2242 2243 2244 2237 481 480 2244 481 480 499 2244 2245 2244 499 2245 2237 2244 2245 2239 2237 2245 2241 2239 2245 2246 2241 2246 2245 500 2245 499 500 2246 500 501 2240 2241 2247 2248 2242 2240 2240 2247 2248 2248 2249 2242 2250 2248 2247 2250 2251 2248 2252 2251 2250 2252 2253 2251 522 2253 2252 522 2252 504 1207 504 2252 1207 505 504 527 506 520 527 521 506 521 525 522 2254 522 525 2254 525 2255 2256 2254 2255 2256 2255 2257 524 2255 525 2257 2255 2258 524 2258 2255 521 526 525 2257 2258 2259 2259 2260 2257 2259 2261 2260 2257 2262 2256 2257 2260 2262 2256 2262 2263 2256 2263 2264 2254 2256 2264 2264 522 2254 2264 2253 522 2263 2265 2264 2253 2264 2265 2251 2253 2266 2253 2265 2266 2248 2251 2267 2248 2267 2249 2251 2266 2267 2268 2269 2270 2268 2271 2269 2272 2271 2268 2272 2268 2273 2274 2272 2273 2274 2273 2275 2269 2271 2276 2269 2276 2277 2277 2276 2278 2271 2279 2276 2271 2272 2279 2279 2278 2276 2279 2280 2278 2278 2280 2281 2282 2278 2281 2277 2278 2282 2282 2281 2283 2277 2282 2284 2283 2284 2282 2280 2285 2281 2280 2286 2285 2286 2287 2285 2288 2287 2286 2288 2280 2279 2288 2286 2280 2288 2275 2287 2288 2274 2275 2272 2288 2279 2272 2274 2288 2277 2284 2289 2269 2277 2289 2270 2269 2290 2269 2289 2290 2291 566 567 2291 579 566 2292 575 574 2292 574 2293 579 2293 574 579 2294 2293 2295 579 2291 579 2295 2294 2295 2291 2296 2292 580 575 2297 619 618 2297 2298 619 2299 619 2298 2300 619 2299 2300 622 619 2298 2297 2301 2301 2302 2298 2301 2303 2302 2297 618 2304 2302 2303 2305 2306 2305 2303 2306 2303 2307 2306 2307 2308 2309 2298 2302 2309 2299 2298 2310 1771 1787 2310 2311 1771 1771 2312 1768 1771 2311 2312 2313 2314 2315 2315 2314 2316 2317 2315 2316 2313 2315 2318 2317 2318 2315 2318 2317 2319 2318 2319 2320 2321 2320 2319 2321 2322 2320 2323 2320 2322 2323 2322 2324 2320 2325 2318 2320 2323 2325 2313 2318 2325 2326 2322 2321 2324 2322 2327 2326 2327 2322 2324 2327 2328 2329 2324 2328 2330 2323 2324 2329 2330 2324 2331 2330 2329 2331 2332 2330 2332 2333 2330 2325 2323 2333 2330 2333 2323 2332 2334 2333 2335 2333 2334 2325 2333 2335 2335 2313 2325 2335 2334 2336 2335 2337 2313 2337 2314 2313 2337 2335 2336 2337 2336 2338 2337 2338 2339 2337 2339 2314 2340 2341 2342 2343 2341 2340 2343 2344 2341 2344 2345 2341 2342 2341 2345 2346 2344 2343 2346 2343 2347 2347 2343 2348 2342 2349 2340 2342 2350 2349 2351 2350 2342 2351 2342 2352 2342 2345 2352 2351 2352 2353 2343 2354 2348 2343 2340 2354 2349 2355 2340 2356 2354 2340 2345 2344 2357 2358 2344 2346 2357 2344 2358 2357 2358 2359 2345 2360 2352 2357 2359 2360 2345 2357 2360 2358 2346 2361 2358 2361 2362 2352 2363 2353 2352 2360 2363 2364 2363 2360 2365 2364 2360 2365 2360 2359 2366 2359 2358 2366 2358 2362 2367 2365 2359 2366 2368 2359 2369 2370 2371 2372 2369 2371 2373 2370 2369 2372 2373 2369 2374 1765 1767 2374 1767 1769 1765 2375 1756 1765 2374 2375 697 694 126 697 181 184 697 184 694 697 126 123 1515 698 696 695 1515 696 1789 2376 1798 1777 2376 1789 1777 2377 2376 1798 2378 1778 1777 1778 2378 1777 2378 2377 616 615 2379 2380 2381 2382 2380 2383 2381 2380 2382 2384 2385 1913 1917 2385 1911 1913 1920 1924 2386 1929 2386 1924 1920 2386 2387 1920 2387 1918 1915 2387 1916 1918 2387 1915 1916 2387 2388 2389 1939 1943 2389 1935 1939 1933 1935 2389 2390 2391 2392 2393 2390 2392 2393 2394 2390 2394 2393 2395 2394 2395 2396 2396 2395 2397 2396 2397 2398 2398 2397 2399 2398 2399 2400 2400 2399 2401 2400 2401 2402 2403 2402 2401 2403 2404 2402 2405 2404 2403 2405 2403 2406 2405 2406 2407 2405 2407 2408 2408 2407 2409 2408 2409 2410 2411 2410 2409 2411 2412 2410 2413 2414 2415 841 2414 2413 841 840 2414 2416 2417 2418 2418 2417 2419 2418 2419 2420 2420 2419 2421 2420 2421 2422 2421 844 2422 2421 845 844 2423 2424 2425 2424 2423 2426 2424 2426 2427 2428 2427 2426 2428 2429 2427 2429 2428 2430 2429 2430 2431 2431 2430 2432 2431 2432 2433 2434 2433 2432 2434 2432 2435 2434 2435 2436 2434 2436 2437 2437 2436 2438 2437 2438 2439 2439 2438 2440 2439 2440 2441 2441 2440 849 2441 849 848 873 869 862 873 870 869 875 876 874 875 2442 876 2442 78 876 2442 1497 78 2443 2444 2445 2443 2446 2444 2447 2446 2443 2447 2448 2446 2449 2443 2445 2449 2445 2450 2451 2447 2443 2451 2443 2449 2449 919 2451 2450 920 2449 2449 920 919 2452 918 920 2450 2452 920 2452 2453 918 2448 2454 2446 2454 2444 2446 2448 2455 2454 2455 2448 2456 2455 2456 2457 2458 2457 2456 2458 2459 2457 2458 2456 2460 2456 2461 2460 2462 2456 2448 2456 2462 2461 2462 2448 2447 2463 2461 2462 2463 2462 2464 2464 2451 919 2464 2447 2451 2464 2462 2447 2455 2465 2454 2465 2457 2459 2465 2455 2457 2464 919 925 2466 2463 2464 2466 2464 925 2466 925 924 925 919 922 925 922 923 939 936 937 939 2467 936 939 938 2468 939 2468 2469 2467 939 2469 2467 2469 2470 2469 2471 2470 2469 2472 2471 2469 2468 2472 2471 2472 2473 2472 2474 2473 2475 2472 2468 2475 2474 2472 2474 2475 2476 2475 2477 2476 942 2468 938 2475 942 2477 942 2475 2468 942 944 2477 2478 2479 2480 2478 2481 2479 2478 2480 956 2478 956 958 2482 2478 958 2481 2478 2482 2482 958 2483 2483 958 957 2483 957 2484 957 2485 2484 957 2486 2485 957 959 2486 2487 2483 2484 2485 2487 2484 2482 2483 2488 2487 2488 2483 2489 2488 2487 2490 2488 2489 2491 2481 2482 2491 2488 2490 2491 2482 2488 2491 2490 2492 2492 2490 2493 2493 2494 2492 2493 2495 2494 2490 2496 2493 2490 2489 2496 961 2493 2496 961 2495 2493 961 960 2495 962 961 2496 962 2496 2497 2489 2497 2496 2498 963 962 962 2497 2498 2489 2499 2497 2489 2487 2499 2500 2497 2499 2485 2501 2487 2501 2499 2487 2501 2500 2499 2502 963 2498 2502 2498 2497 2500 2502 2497 2503 2504 2505 2506 2503 2505 2506 2505 2507 2505 2508 2507 2505 2509 2508 2510 2508 2509 2510 2511 2508 2505 2504 2512 2512 2510 2509 2505 2512 2509 2512 2513 2510 2511 2510 2514 2510 2513 2514 2514 2513 2515 2514 2515 2516 2517 2514 2516 2511 2514 2517 2517 2516 2518 2515 2519 2516 2518 2516 2519 2518 2519 2520 2515 2521 2519 2519 2522 2520 2519 2523 2522 2524 2519 2521 2524 2523 2519 2524 2521 2525 2526 2524 2525 2524 2526 2523 2527 2523 2526 2522 2523 2527 965 2528 966 965 2529 2528 2529 965 2530 2531 2529 2530 2529 2532 2528 2531 2532 2529 965 1348 2530 965 964 1348 976 974 973 976 977 974 966 2533 976 976 2533 977 966 2528 2533 2528 2534 2533 2528 2532 2534 2533 2534 2535 2535 977 2533 2535 978 977 2536 2537 2538 2536 2539 2537 2540 2536 2538 2539 2536 2541 2539 2541 2542 2539 2542 2543 2544 2539 2543 2537 2539 2545 2544 2545 2539 2546 2540 2538 2546 2547 2540 2546 2538 2548 2537 2548 2538 2537 2549 2548 2544 2549 2545 2537 2545 2549 2549 2550 2548 2549 2551 2550 2546 2548 2552 2552 2553 2546 2554 2553 2552 2554 2552 2555 2555 2552 2548 2555 2548 2550 2556 2554 2555 2544 2557 2549 2544 2543 2558 2558 2543 2542 2544 2558 2559 2559 2558 2560 2561 2560 2558 2562 2560 2561 2562 2561 2563 2564 2562 2563 2564 2563 2565 2560 2562 2566 2564 2566 2562 2560 2566 2567 2559 2560 2567 2566 2568 2567 2569 2567 2568 2569 2559 2567 2561 2558 2570 2558 2542 2570 2559 2571 2544 2571 2557 2544 2559 2569 2571 2549 2557 2572 2573 2551 2549 2573 2549 2572 2574 2575 2576 2577 2574 2576 2578 2575 2574 2577 2578 2574 2579 2578 2577 2578 2579 2575 2580 2581 2582 2580 2583 2581 2584 2580 2582 2585 2584 2582 2585 2582 2586 2587 2584 2585 2587 2585 2588 2584 2589 2580 2589 2584 2587 2589 2590 2580 2591 2589 2587 2589 2591 2590 2591 2592 2590 2591 2593 2592 2594 2592 2593 2594 2593 2595 2596 2594 2595 2596 2595 2597 2598 2595 2593 2597 2595 2598 2599 2597 2598 2599 2600 2597 2600 2596 2597 2600 2601 2596 2601 2602 2596 2601 2603 2602 2599 2604 2600 2605 2603 2601 2605 2601 2600 2604 2606 2600 2605 2600 2606 2607 2605 2606 2608 2605 2607 2605 2609 2603 2608 2609 2605 2607 2606 2610 2611 2607 2610 2611 2610 2612 2612 2613 2611 2610 2614 2612 2612 2614 2613 2611 2613 2615 2611 2615 2616 2607 2616 2608 2611 2616 2607 2617 2614 2610 2604 2617 2606 2617 2610 2606 2596 2618 2594 2596 2602 2618 2594 2618 2619 2594 2619 2620 2620 2592 2594 2620 2621 2592 2590 2592 2622 2592 2621 2622 2590 2622 2623 2623 2580 2590 2623 2583 2580 2624 2625 2626 2156 2626 2152 2627 2624 2626 2627 2626 2156 2628 2625 2624 2628 2624 2629 2629 2624 2627 2629 2627 2630 2631 2628 2629 2632 2629 2630 2631 2629 2632 2632 2630 2633 2633 2634 2632 2635 2632 2634 2635 2636 2632 1034 2634 2633 1034 2633 2637 1034 2637 2638 2638 1035 1034 2638 2639 1035 1034 1033 2634 1037 1035 2639 1036 1039 1033 1036 2640 1039 2634 1038 2635 2634 1033 1038 2637 2641 2638 2638 2641 2642 2639 2638 2643 2638 2642 2643 2644 2642 2641 2644 2641 2645 2644 2645 2646 2644 2646 2647 2646 2648 2647 2639 2643 2649 1037 2639 2649 2645 2650 2646 2645 2651 2650 2652 1811 1813 2652 2650 2651 2652 2653 1811 2652 2651 2653 1809 1811 2653 2651 2654 2653 1807 1809 2654 1809 2653 2654 2655 1805 1807 2655 1807 2654 2655 2656 1805 1803 1805 2656 1803 2656 2169 2657 2655 2654 2656 2655 2657 2169 2656 2658 2656 2657 2658 2169 2659 2167 2659 2169 2658 2660 2167 2659 2660 2168 2167 2168 2660 2661 2168 2661 2662 2658 2657 2663 2662 2661 2663 2658 2663 2659 2664 2663 2657 2663 2664 2662 2651 2664 2654 2657 2654 2664 2645 2664 2651 2665 2662 2664 2168 2662 2665 2665 2664 2645 2665 2645 2641 2665 2641 2637 2156 2666 2627 2666 2166 2168 2156 2166 2666 2666 2168 2665 2667 2633 2630 2627 2666 2667 2665 2667 2666 2665 2637 2667 2667 2637 2633 2627 2667 2630 1046 2668 2669 1046 2670 2668 2669 1042 1046 2669 1040 1042 1053 2670 1046 1053 2671 2670 1060 1059 1061 1060 1061 1063 1063 1062 2672 1066 1054 1057 2673 1066 1060 2673 2674 1066 2672 2675 1063 2676 2675 2672 2675 2676 2677 2678 1063 2675 2678 1060 1063 2673 1060 2678 2674 1068 1066 1066 1068 1054 2679 1068 2674 1068 2679 2680 1068 2680 2681 1048 1050 1069 1048 1069 1070 1068 2682 1069 2682 1068 2681 1069 2682 2683 1070 1069 2683 2684 1053 1070 1070 2683 2684 1053 2685 2671 2685 1053 2684 2686 2687 2688 2688 2687 2689 2688 2689 2690 2691 2690 2689 2691 2689 2692 2693 2689 2687 2692 2689 2693 2693 2687 2694 2686 2694 2687 2686 2695 2694 2694 2696 2693 2693 2696 2697 2692 2693 2698 2693 2697 2698 2694 2699 2696 2700 2699 2694 2700 2694 2695 2697 2696 2701 2702 2703 2704 2702 1076 2703 2705 2702 2704 2705 2706 2702 2707 2706 2705 2707 2705 2708 1076 2702 2709 2710 2706 2707 2710 2711 2706 2710 1091 2711 2710 1082 1091 2712 2702 2706 2712 2709 2702 1072 2709 2712 1072 1076 2709 2712 1073 1072 1072 1074 1076 2710 1083 1082 2713 1085 1083 2713 2714 1085 2713 1083 2715 2710 2716 1083 2708 2716 2707 2707 2716 2710 2716 2715 1083 2716 2717 2715 2708 2717 2716 2717 2718 2715 2715 2718 2719 2719 2718 2720 2715 2719 2721 2713 2715 2722 2722 2715 2721 2717 2723 2718 2723 2724 2718 2723 1100 2724 2718 2724 2725 2718 2725 2720 2724 2726 2725 2727 2717 2708 2727 2723 2717 2727 1100 2723 2727 1099 1100 2728 2705 2704 2708 2705 2728 2708 2728 2727 1099 2727 2728 1099 2728 1093 1094 1093 2728 1094 2728 2729 2728 2704 2729 2729 1097 1094 1097 2730 1096 1097 2731 2730 1103 1100 1098 2731 1097 2732 2732 2729 2704 2729 2732 1097 2733 2704 2703 2732 2704 2733 2734 2732 2733 2734 2733 2735 2736 2732 2734 2731 2732 2736 1103 1098 2737 1103 2737 1101 1103 2738 1100 2738 1103 1102 2724 1100 2738 2738 1102 2739 2724 2738 2739 2724 2739 2726 2703 2740 2733 2733 2740 2735 2703 2741 2740 2703 2742 2741 2703 1076 2743 2703 2743 2742 2743 1076 2744 2744 1076 1075 2743 2744 2745 2744 1075 2746 2747 2748 2749 2750 2747 2749 2750 2751 2747 2751 2748 2747 2752 2751 2750 2751 2752 2748 2753 2754 2755 2756 2753 2755 2756 2757 2753 2753 2757 2758 2754 2753 2759 2753 2758 2759 2758 2760 2759 2758 2761 2760 2758 2762 2761 2762 2758 2757 2763 2757 2756 2763 2764 2757 2762 2757 2764 2765 2762 2764 2765 2764 2766 2765 2766 2767 2768 2767 2766 2764 2769 2766 2768 2766 2769 2764 2763 2769 2770 2767 2768 2770 2768 2771 2772 2770 2771 2772 2773 2770 2774 2773 2772 2774 2775 2773 2774 2776 2775 2774 2777 2776 2775 2778 2773 2778 2775 2776 2777 2779 2776 2778 2776 2779 2778 2779 2780 2778 2780 2781 2777 2782 2779 2781 2780 2783 2784 2773 2778 2784 2770 2773 2781 2784 2778 2781 2785 2784 2785 2786 2784 2786 2770 2784 2785 2787 2786 2765 2767 2788 2770 2788 2767 2786 2788 2770 2788 2786 2789 2789 2765 2788 2783 2780 2790 2780 2779 2790 2791 2790 2779 2791 2779 2792 2782 2792 2779 2793 2790 2791 2783 2790 2794 2793 2794 2790 2762 2765 2795 2762 2795 2761 2789 2795 2765 2786 2787 2796 2786 2796 2797 2786 2797 2789 2782 2798 2792 2556 2799 2554 2800 2799 2801 2556 2801 2799 2800 2802 2799 2554 2799 2803 2803 2799 2802 2554 2803 2553 2803 2802 2804 2805 2803 2804 2553 2803 2805 2805 2804 2806 2807 2546 2553 2807 2547 2546 2807 2553 2805 2808 2809 2810 2808 2811 2809 2809 2811 2812 2809 2812 2813 2813 2812 2814 2813 2814 1108 2808 2815 2811 2808 2816 2815 2817 2815 2816 2811 2818 2812 2811 2815 2818 2818 2815 2817 2818 2817 2819 2819 2817 2820 2820 2817 2821 2817 2816 2821 2820 2821 2822 2823 2822 2821 2816 2823 2821 1106 2819 2820 1106 1105 2819 2812 1107 2814 2814 1107 1108 1107 2819 1105 2812 2818 1107 1107 2818 2819 2816 2824 2823 2808 2824 2816 2808 2810 2825 2149 2826 2145 2149 2153 2826 2826 2827 2145 2826 2828 2827 2829 2145 2827 2829 2136 2134 2829 2134 2145 2829 2827 2830 1121 1124 1120 1121 2831 1124 2832 2831 1121 1121 2833 2832 1121 2834 2833 1121 1123 2834 1121 1118 1123 1124 2831 2835 2835 2831 2836 2835 2836 2837 2837 2836 2838 2837 2838 2839 2837 2839 2840 2840 2839 2841 2831 2842 2836 2831 2832 2842 1185 2843 1184 1185 1186 2843 2844 1187 1185 1187 2844 2845 1187 2845 1194 1194 2845 2846 2846 2845 2847 2846 2847 2848 2848 2849 2846 2848 2850 2849 2851 2849 2850 2851 2852 2849 1194 2846 1193 2846 2853 1193 2846 2849 2853 1193 2853 1189 1193 1189 1188 2849 2852 2854 2849 2854 2855 2855 2854 1198 2855 1198 1197 1187 1205 1186 2856 1206 1207 2856 1207 2252 2856 2252 2250 2857 1206 2856 2857 2856 2250 2857 2250 2247 2857 2247 2241 2857 2241 2246 2246 1209 2857 2857 1209 1206 2246 501 1209 1209 1208 1206 2858 1213 1212 1211 2859 1212 2858 1212 2859 2859 2860 2858 2859 2861 2860 2862 2860 2861 2862 2861 2863 2864 2863 2861 2864 2865 2863 2861 2866 2864 2861 2859 2866 1211 2866 2859 2867 2862 2863 2865 2868 2863 2867 2863 2868 2865 2869 2868 2870 2869 2865 2870 2865 2871 2871 2865 2864 2871 2872 2870 2871 2873 2872 2873 2871 2874 2874 2864 2866 2871 2864 2874 2873 2874 2875 2876 2875 2874 2874 2866 2876 2876 2866 1211 2876 2877 2875 2878 2877 2876 2878 1211 1210 2876 1211 2878 2878 2879 2877 2878 1210 2880 2879 2878 2880 2881 2882 2883 2882 2884 2883 2881 2885 2882 2885 2884 2882 2886 2887 2888 2152 2889 2154 2152 2626 2889 1597 1512 2890 1563 2890 1512 2891 2890 1563 2891 2892 2890 2892 2893 2890 2893 1597 2890 2892 2894 2893 2894 1598 1597 1597 2893 2894 2895 2892 2891 2895 1598 2894 2892 2895 2894 2895 2896 1598 1598 2896 2897 1583 2897 2896 1589 2898 1588 1583 2898 2897 2898 1583 1588 1589 1590 2898 1590 1598 2899 1598 2897 2899 2898 2899 2897 2898 1590 2899 2161 2175 2900 2175 2176 2900 2161 2900 2901 2176 2162 2902 2902 2162 2161 2902 2161 2901 1595 2903 1613 1595 1594 2903 1614 2903 1629 1614 1613 2903 2904 588 584 2904 584 2905 2905 583 580 2905 584 583 2292 2906 580 2906 2905 580 2906 2907 2905 2908 2904 2905 2908 2905 2907 2908 2909 2904 2910 2911 2912 1117 1119 2913 1342 1341 2914 2915 1576 1581 1593 1585 2915 2915 1585 1576 2916 2917 2918 2918 2919 2916 2916 2919 2920 2916 2920 2921 2922 2916 2921 2922 2921 2923 2924 2922 2923 2924 2923 2925 2925 2923 2926 2925 2926 2927 2923 2921 2928 2923 2928 2926 2929 2925 2927 2929 2930 2925 2930 2924 2925 2928 2931 2926 2927 2926 2931 2928 2932 2931 2933 2932 2928 2921 2933 2928 2921 2920 2933 2933 2934 2932 2934 2935 2932 2931 2932 2935 2934 2936 2935 2937 2935 2936 2937 2938 2935 2930 2939 2924 2927 2940 2929 2941 2940 2927 2927 2931 2941 2941 2942 2940 2941 2943 2942 2941 2944 2943 2943 2944 2945 2946 2945 2944 2946 2947 2945 2931 2935 2948 2948 2944 2941 2948 2935 2938 2948 2941 2931 2944 2948 2949 2944 2949 2946 2948 2938 2949 2950 2951 2844 2951 2845 2844 2951 2847 2845 2844 1185 2952 2844 2952 2950 2953 2950 2952 2953 2952 2954 2955 2954 2952 2955 2952 1185 2955 1182 1183 1182 2955 1185 2956 2954 2955 2955 1183 2956 2956 2957 2954 2956 2958 2957 2959 2582 2581 2959 2586 2582 2598 2593 2960 2593 2591 2960 2591 2587 2960 2961 2962 2963 2961 2964 2962 2963 2962 2965 2963 2965 2966 2966 2965 2967 2966 2967 2968 2969 2964 2961 2970 2964 2969 2970 2969 2971 2972 2971 2969 2972 2973 2971 2972 2974 2973 2975 2974 2972 2976 2974 2975 2977 2964 2970 2978 2967 2965 2978 2965 2979 2979 2965 2962 2964 2980 2962 2964 2977 2980 2979 2962 2980 2981 2982 2983 2984 2983 2982 2984 2982 2985 2986 2984 2985 2986 2985 2987 2988 2986 2987 2988 2987 2989 2989 2990 2988 2989 2991 2990 2991 2992 2990 2991 2993 2992 2994 2992 2993 2994 2993 2995 2994 2995 2996 2994 2996 2997 2996 2998 2997 2996 2999 2998 3000 2998 2999 3000 2999 3001 3002 3000 3001 3002 3001 3003 3004 3005 3006 3007 3005 3004 3007 3004 3008 3008 3009 3007 3008 3010 3009 3011 3012 3013 3014 3011 3013 3014 3013 3015 3015 3016 3014 3015 3017 3016 3018 3016 3017 3018 3019 3016 3019 3018 3020 3019 3020 3021 3022 3023 3024 3022 3025 3023 3022 3026 3025 3027 3025 3026 3027 3026 3028 3028 3029 3027 3028 3030 3029 3031 3029 3030 3031 3030 3032 3033 3031 3032 3033 3034 3031 3033 3035 3034 3033 3036 3035 3037 3035 3036 3037 3036 3038 3039 3037 3038 3039 3038 3040 3040 1353 3039 3040 1354 1353</p>
        </triangles>
      </mesh>
    </geometry>
    <geometry id="Geometry1" name="chr021_e_outline">
      <mesh>
        <source id="GeometrySource3" name="chr021_e_outlinePos">
          <float_array id="GeometrySource3-array" count="9072">0.688735 0.919806 0.04384 0.70074 0.920559 0.135347 0.690826 0.934708 0.037284 0.69738 0.994684 0.134319 0.701504 0.896462 0.136302 0.667706 1.04908 0.022313 0.674656 0.965081 -0.054041 0.674152 1.0779 0.133821 0.583717 1.19607 0.028167 0.578595 1.23676 0.140714 0.548718 1.26208 0.029857 0.564028 1.2556 0.149362 0.555837 1.27392 0.144147 0.659409 1.03067 -0.054098 0.465329 1.3502 0.046349 0.488507 1.34913 0.144424 0.435634 1.38636 0.147842 0.384737 1.41007 0.068664 0.313113 1.44323 0.153552 0.283206 1.45058 0.081463 0.27243 1.44094 -0.0273 0.228602 1.47023 0.076035 0.090856 1.47516 0.069752 0.205105 1.46144 -0.02342 0.184842 1.4815 0.158398 0.093019 1.48128 0.161894 0.367472 1.40328 -0.034009 0.266079 1.46933 0.154368 0.464044 1.33282 -0.041349 0.542071 1.24964 -0.053665 0.581549 1.17039 -0.052363 0.699338 0.885663 0.257195 0.700112 0.879551 0.272529 0.703454 0.932281 0.252753 0.730413 0.938931 0.363779 0.723865 0.865051 0.370613 0.699035 0.971583 0.252645 0.714158 1.06587 0.370649 0.684074 1.1011 0.251092 0.639073 1.22405 0.380813 0.436259 1.43701 0.294824 0.269607 1.4916 0.329036 0.259268 1.48387 0.267983 0.427068 1.42166 0.255563 0.54106 1.35836 0.290792 0.556805 1.34865 0.389288 0.443246 1.44713 0.398944 0.60457 1.27155 0.300741 0.097122 1.50529 0.28356 0.269607 1.4916 0.329036 0.09759 1.52326 0.341542 0.105062 1.50154 0.295394 0.259268 1.48387 0.267983 0.591852 1.27538 0.247978 0.589039 1.26412 0.242964 0.605752 1.24805 0.250132 0.502608 1.36901 0.253119 0.65177 1.18385 0.250516 0.657818 0.489339 0.94122 0.63252 0.463863 1.08481 0.670915 0.505338 1.08274 0.680003 0.516065 0.938987 0.656695 0.477864 1.14774 0.664477 0.495298 1.22455 0.643755 0.47997 1.2548 0.654409 0.493487 1.27938 0.599247 0.453239 1.19099 0.594333 0.454755 1.20165 0.598599 0.455982 1.08944 0.633684 0.464028 0.947275 0.521466 0.457793 1.13704 0.541428 0.471336 0.945784 0.512265 0.442974 1.23111 0.492809 0.510023 1.2182 0.318491 0.552738 1.10144 0.370122 0.479252 0.786558 0.00074 0.575707 1.01872 -0.000012 0.558535 1.30655 0.261122 0.547464 1.33849 0.384147 0.506757 1.22003 0.000008 0.517635 0.750557 0.214142 0.55913 1.58549 0 0.563646 1.57767 0.360831 0.531909 1.35477 0.46899 0.512023 1.37154 0.197113 0.521169 1.93535 0 0.512804 2.01679 0.142916 0.365627 2.11561 0.040057 0.363177 2.19497 0 0.354858 2.19646 0.261516 0.378292 2.16088 0.282731 0.377417 2.15323 0.350862 0.366422 2.04868 0.33491 0.534588 1.77701 0.336919 0.556555 1.48198 0.477138 0.407228 2.06113 0.474757 0.391512 2.02602 0.482935 0.378676 1.8984 0.591724 0.406606 1.84799 0.591196 0.408226 1.83014 0.56245 0.403589 1.74167 0.452099 0.509114 1.52586 0.635244 0.429668 1.68979 0.635013 0.432832 1.6641 0.587917 0.430743 1.59987 0.546297 0.44695 1.51348 0.486718 0.444146 1.44672 0.500522 0.445575 1.33412 0.574599 0.453891 1.40719 0.582511 0.45736 1.39684 0.633014 0.479138 1.34962 0.620743 0.471134 1.45939 0.643783 0.487967 1.4151 0.654259 0.496092 1.3403 0.642048 0.483683 1.52814 0.596843 0.459704 1.51017 0.63079 0.446145 1.52148 0.593218 0.453993 1.28549 0.583016 0.450339 1.29435 0.65284 0.509111 1.40472 0.665908 0.514407 1.34444 0.682706 0.514225 1.27883 0.688063 0.52184 1.22325 0.688926 0.524735 1.08374 0.409413 1.30835 1.95507 0.234396 1.51849 1.80262 0.435172 1.44303 1.75927 0.21517 1.37762 2.00559 0.373344 1.10118 2.10856 0.191382 1.14444 2.15837 0.167761 0.878639 2.20974 0.350479 0.855737 2.1634 0.160401 0.678333 2.22099 0.332794 0.660106 2.16669 0.185344 0.56344 2.22562 0.40947 0.557266 2.14499 0.707235 0.857413 1.75901 0.645073 1.07821 1.78865 0.726443 0.951639 1.68107 0.626317 0.943317 1.90177 0.518091 1.03464 2.03319 0.50065 0.816076 2.0745 0.608068 0.780533 1.95872 0.491462 0.646022 2.08128 0.597294 0.632607 1.96781 0.586739 0.540817 1.96823 0.674204 0.621734 1.79867 0.660152 0.527995 1.78448 0.541196 1.20885 1.88247 0.688483 0.72888 1.79079 0.688342 0.531462 1.63318 0.71163 0.608535 1.61334 0.731391 0.688037 1.60254 0.730703 0.565364 1.57698 0.716384 0.518455 1.56411 0.732276 0.650383 1.48992 0.733736 0.66601 1.42795 0.591724 0.406606 1.84799 0.591196 0.408226 1.83014 0.763969 0.609797 1.49211 0.753694 0.608198 1.43411 0.733873 0.646979 1.43175 0.761391 0.550602 1.49232 0.750089 0.551584 1.42907 0.750376 0.8013 1.55414 0.754235 0.732313 1.34926 0.769644 0.890358 1.44167 0.756047 1.12525 1.34299 0.77968 0.944877 1.28286 0.767575 0.695659 1.08938 0.764251 0.635971 1.08646 0.771679 0.721561 1.12823 0.762539 0.685145 1.04005 0.751487 0.642656 1.01237 0.77459 0.660429 1.23573 0.759309 0.659956 1.29859 0.75747 0.716965 1.29924 0.755321 0.640992 1.22738 0.742157 0.663625 1.33257 0.749505 0.703893 1.32623 -0.409413 1.30835 1.95507 -0.234396 1.51849 1.80262 -0.21517 1.37762 2.00559 -0.373344 1.10118 2.10856 -0.191382 1.14444 2.15837 -0.167761 0.878639 2.20974 -0.350479 0.855737 2.1634 -0.160401 0.678333 2.22099 -0.332794 0.660106 2.16669 -0.185344 0.56344 2.22562 -0.40947 0.557266 2.14499 -0.541196 1.20885 1.88247 -0.435172 1.44303 1.75927 -0.645073 1.07821 1.78865 -0.567281 1.33176 1.69416 -0.518091 1.03464 2.03319 -0.626317 0.943317 1.90177 -0.707235 0.857413 1.75901 -0.726443 0.951639 1.68107 -0.50065 0.816076 2.0745 -0.608068 0.780533 1.95872 -0.491462 0.646022 2.08128 -0.597294 0.632607 1.96781 -0.586739 0.540817 1.96823 -0.674203 0.621736 1.79868 -0.660149 0.527993 1.78449 -0.688483 0.72888 1.79079 -0.688963 0.528643 1.62929 -0.711631 0.608518 1.61333 -0.731391 0.688037 1.60254 -0.730686 0.565299 1.57699 -0.710286 0.512414 1.56838 -0.732276 0.650383 1.48992 -0.591724 0.406606 1.84799 -0.591196 0.408226 1.83014 -0.733736 0.66601 1.42795 -0.733873 0.646979 1.43175 -0.763969 0.609797 1.49211 -0.753694 0.608198 1.43411 -0.733873 0.646979 1.43175 -0.761386 0.55059 1.49233 -0.750089 0.551584 1.42907 -0.750376 0.8013 1.55414 -0.754235 0.732313 1.34926 -0.769644 0.890358 1.44167 -0.667372 1.20244 1.61046 -0.756047 1.12525 1.34299 -0.744837 1.06486 1.54098 -0.755321 0.640992 1.22738 -0.771679 0.721561 1.12823 -0.77459 0.660429 1.23573 -0.764251 0.635971 1.08646 -0.762539 0.685145 1.04005 -0.767575 0.695659 1.08938 -0.751487 0.642656 1.01237 -0.727225 0.643932 0.956832 -0.759309 0.659956 1.29859 -0.75747 0.716965 1.29924 -0.749505 0.703893 1.32623 -0.742157 0.663625 1.33257 -0.749505 0.703893 1.32623 -0.765577 0.767217 1.2829 -0.738317 0.661833 1.35299 -0.742157 0.663625 1.33257 0.742313 0.873282 0.268446 0.723865 0.865051 0.370613 0.700112 0.879551 0.272529 0.754608 0.779934 0.229614 0.796176 0.804605 0.351199 0.771538 0.823638 0.252334 0.703751 0.505388 1.41895 0.665908 0.514407 1.34444 0.65284 0.509111 1.40472 0.730009 0.499086 1.35719 0.750089 0.551584 1.42907 0.789467 0.557571 1.36565 0.682706 0.514225 1.27883 0.746845 0.503313 1.28795 0.688063 0.52184 1.22325 0.754347 0.497024 1.2326 0.688926 0.524735 1.08374 0.752638 0.491221 1.08008 0.744903 0.503591 0.94001 0.816521 0.55325 1.08198 0.687486 0.534017 0.943377 0.816356 0.559478 1.23267 0.80255 0.619638 1.08483 0.751487 0.642656 1.01237 0.764251 0.635971 1.08646 0.801593 0.626258 1.23054 0.755321 0.640992 1.22738 0.796676 0.630006 1.2915 0.759309 0.659956 1.29859 0.807013 0.565222 1.29359 0.785279 0.631588 1.36583 0.742157 0.663625 1.33257 0.738317 0.661833 1.35299 0.733873 0.646979 1.43175 0.753694 0.608198 1.43411 0.740926 0.755837 0.220326 0.764722 0.781605 0.349108 0.741986 0.770416 0.230861 0.748783 0.712151 1.01159 0.770086 0.689242 0.965739 0.745088 0.680674 1.00989 0.754251 0.651812 0.965011 0.72914 0.637246 0.959308 0.744069 0.865948 0.184947 0.688735 0.919806 0.04384 0.692397 0.941556 -0.049175 0.758099 0.84394 0.177705 0.716329 0.907475 -0.056039 0.771538 0.823638 0.252334 0.742313 0.873282 0.268446 0.699338 0.885663 0.257195 0.700112 0.879551 0.272529 0.754608 0.779934 0.229614 0.757793 0.799967 0.167723 0.722037 0.766742 0.161005 0.741986 0.770416 0.230861 0.718441 0.864099 -0.062747 0.698962 0.831286 -0.069623 0.694294 0.832113 -0.069372 0.717231 0.765536 0.163031 0.717001 0.743367 0.211625 0.740926 0.755837 0.220326 0.741986 0.770416 0.230861 0.717231 0.765536 0.163031 0.736242 0.652994 0.117314 0.717001 0.743367 0.211625 0.715031 0.703422 -0.066744 0.720108 0.526898 -0.057905 0.741577 0.511048 0.117356 0.695919 0.372788 -0.047536 0.714428 0.369403 0.117113 0.747593 0.616552 0.328913 0.739625 0.498858 0.31198 0.725266 0.690181 0.337952 0.483727 0.228166 -0.909659 0.55274 0.439262 -0.889798 0.403669 0.310323 -1.15309 0.127531 0.776613 -2.78921 0.099117 0.886467 -2.57548 0.077645 0.829058 -2.80134 0.094371 0.761737 -3.06236 0 0.788566 -3.06688 0 0.659191 -3.1285 0.098474 0.662126 -3.0969 0.0886 0.5485 -3.05232 0.155279 0.663343 -3.02696 0 0.513771 -3.0559 0.10508 0.51616 -2.91061 0.16754 0.544833 -2.93797 0.207734 0.55716 -2.57718 0.165713 0.477351 -2.1631 0.285565 0.573431 -2.1672 0.242564 0.689065 -2.50544 0.178579 0.537982 -2.63033 0.14481 0.501707 -2.57167 0 0.487344 -2.89652 0 0.472354 -2.57029 0 0.444501 -2.1679 0.241023 1.52526 0.248387 0.158047 1.53369 0.178637 0.238714 1.52077 0.176793 0.160113 1.53973 0.262362 0.443568 1.44873 0.234306 0.259268 1.48387 0.267983 0.427068 1.42166 0.255563 0.502608 1.36901 0.253119 0.526337 1.38946 0.230889 0.339866 1.49251 0.174608 0.43501 1.44397 0.166279 0.266079 1.46933 0.154368 0.184842 1.4815 0.158398 0.093019 1.48128 0.161894 0.09296 1.53258 0.184337 0.135673 1.48772 0.293236 0.105062 1.50154 0.295394 0.091655 1.54069 0.261518 0.097122 1.50529 0.28356 0.518052 1.38664 0.161944 0.435634 1.38636 0.147842 0.488507 1.34913 0.144424 0.593129 1.30987 0.160516 0.600678 1.31125 0.228147 0.599103 1.28272 0.221861 0.588378 1.27888 0.157079 0.6139 1.28443 0.225284 0.589039 1.26412 0.242964 0.605752 1.24805 0.250132 0.674552 1.19602 0.222577 0.608171 1.28281 0.157993 0.669304 1.19476 0.150448 0.580665 1.20647 0.130346 0.578595 1.23676 0.140714 0.65177 1.18385 0.250516 0.564028 1.2556 0.149362 0.555837 1.27392 0.144147 0.591852 1.27538 0.247978 0.704498 1.1033 0.148761 0.708221 1.10347 0.224367 0.725118 1.0131 0.150917 0.725666 1.01188 0.225985 0.700322 1.03515 0.251192 0.684074 1.1011 0.251092 0.72729 0.923983 0.152879 0.69738 0.994684 0.134319 0.70074 0.920559 0.135347 0.701504 0.896462 0.136302 0.744069 0.865948 0.184947 0.725444 0.922756 0.229883 0.699338 0.885663 0.257195 0.703454 0.932281 0.252753 0.699035 0.971583 0.252645 0.674152 1.0779 0.133821 1.48792 0.572617 -3.3012 1.20929 0.583402 -3.14192 1.38636 0.576401 -3.02654 1.33067 0.623602 -3.36265 1.37725 0.630347 -3.4092 1.45122 0.62122 -3.55572 1.69119 0.616904 -3.65918 1.5721 0.66728 -3.25915 1.69161 0.656514 -3.65993 1.48857 0.738008 -3.31257 1.38427 0.752482 -3.03169 1.21172 0.749486 -3.1501 1.32953 0.668441 -3.45979 1.32999 0.686087 -3.36515 1.14374 0.676535 -3.36203 1.37842 0.676422 -3.41071 1.45151 0.663943 -3.55703 1.69161 0.656514 -3.65993 1.5721 0.66728 -3.25915 0.178579 0.537982 -2.63033 0.301043 0.682471 -2.54163 0.307571 0.544231 -2.66584 0.16754 0.544833 -2.93797 0.336327 0.575968 -2.94281 0.155279 0.663343 -3.02696 0.094371 0.761737 -3.06236 0.155279 0.663343 -3.02696 0.160353 0.748983 -2.8998 1.14302 0.628531 -3.35977 1.3293 0.626577 -3.45845 0.071829 1.55183 0.190658 0.080229 1.51931 0.011697 0.09296 1.53258 0.184337 0.091655 1.54069 0.261518 0.070996 1.5575 0.258953 0 1.57284 0.190727 0.09759 1.52326 0.341542 0 1.58092 0.258868 0.097122 1.50529 0.28356 -0.09759 1.52326 0.341542 -0.070996 1.5575 0.258953 -0.064331 1.57006 0.41727 -0.091652 1.54069 0.261528 -0.071829 1.55183 0.190658 0 1.54737 0.016777 -0.092954 1.53258 0.18433 -0.097134 1.50528 0.28356 -0.090856 1.47516 0.069752 -0.080229 1.51931 0.011697 -0.093019 1.48128 0.161894 0.205198 0.095218 1.95521 0 -0.034297 1.87412 0 0.0782 1.99346 0.271204 -0.001457 1.87705 0.385553 0.130598 1.87395 0.502083 0.072687 1.69226 0.518224 0.167373 1.69732 0.596382 0.194783 1.40877 0.538425 0.235913 1.70274 0.417332 0.207662 1.93078 0.607736 0.26998 1.41401 0.632698 0.255241 1.11539 0.628351 0.145641 1.108 0.636178 0.345926 1.13621 0.204121 0.105884 2.03397 0.190685 0.195411 2.0581 0 0.096867 2.06185 0 0.165676 2.09731 0.183217 0.259748 2.05218 0.501342 0.022745 1.39768 0.587292 0.384424 1.14059 0.575805 0.322803 1.42215 0 0.233208 2.09709 0 0.269057 2.06953 0.578786 0.438168 0.963497 0.650855 0.403146 0.90337 0.680003 0.516065 0.938987 0.698734 0.557166 0.841407 0.694162 0.513466 0.846307 0.653849 0.472979 0.923484 0.657818 0.489339 0.94122 0.288364 -0.05285 1.68425 0 -0.07857 1.69205 0 -0.070573 1.42259 -0.632698 0.255241 1.11539 -0.628351 0.145641 1.108 -0.626391 0.105803 0.862812 -0.596382 0.194783 1.40877 -0.607736 0.26998 1.41401 -0.636178 0.345926 1.13621 -0.538425 0.235913 1.70274 -0.518224 0.167373 1.69732 -0.502083 0.072687 1.69226 -0.385553 0.130598 1.87395 -0.271204 -0.001457 1.87705 -0.205198 0.095218 1.95521 -0.417332 0.207662 1.93078 -0.204121 0.105884 2.03397 -0.190685 0.195411 2.0581 -0.183217 0.259748 2.05218 -0.400487 0.27441 1.9216 -0.503812 0.296648 1.69503 -0.575805 0.322803 1.42215 -0.587292 0.384424 1.14059 -0.578786 0.438168 0.963497 -0.650855 0.403146 0.90337 -0.680003 0.516065 0.938987 -0.653849 0.472979 0.923484 -0.694162 0.513466 0.846307 -0.657818 0.489339 0.94122 0.84992 0.21481 -1.07817 0.7883 0.241623 -0.90647 0.637387 0.220981 -0.993336 0.814062 0.19921 -0.893503 0.849836 0.176981 -1.07814 0.345245 0.333394 1.78527 0.34702 0.325831 1.86728 0.307825 0.390246 1.82246 0.272185 0.328104 1.85838 0.349711 0.286489 1.87033 0.326301 0.29669 1.75201 0.244127 0.283028 1.83426 0.503812 0.296648 1.69503 0.349711 0.286489 1.87033 0.456658 0.304038 1.69055 0.400487 0.27441 1.9216 0.183217 0.259748 2.05218 0.176725 0.285487 1.89548 0.139072 0.273582 2.0214 0.244127 0.283028 1.83426 0 0.269057 2.06953 0 0.290748 1.97469 0.0497 0.287306 1.93617 0.326301 0.29669 1.75201 0.354803 0.303321 1.70213 0.108121 0.262049 1.85251 0.293137 0.272536 1.73196 0 0.251986 1.88021 0.104268 0.285885 1.88609 0 0.334261 1.83095 0.115898 0.314343 1.82472 -0.000002 0.397799 1.632 0.171841 0.406065 1.62794 0.348881 0.300152 1.62447 0.247384 0.273886 1.76376 0.287281 0.30251 1.718 0.338317 0.328578 1.59085 0.383822 0.262905 1.55802 0.402241 0.310851 1.57933 0.475675 0.326999 1.41074 0.575805 0.322803 1.42215 0.534859 0.390287 1.1384 0.587292 0.384424 1.14059 0.395795 0.265412 1.39661 -0.001258 0.41512 1.39302 0.192308 0.438076 1.41192 0.369379 0.324828 1.40178 0.000353 0.417247 1.14588 0.237822 0.432525 1.16141 0.23732 0.326074 0.887556 0.001546 0.374721 0.821704 0.383327 0.298323 1.12234 0.446379 0.342653 0.941459 0.407793 0.307496 1.26094 0.578786 0.438168 0.963497 0.000008 0.517635 0.750557 0.370122 0.479252 0.786558 -0.234236 0.326088 0.887522 -0.234358 0.432639 1.16151 -0.383181 0.298332 1.12235 -0.446422 0.34264 0.941503 -0.407755 0.307566 1.26089 -0.53486 0.390287 1.1384 -0.475675 0.326999 1.41074 -0.575805 0.322803 1.42215 -0.587292 0.384424 1.14059 -0.402241 0.310851 1.57933 -0.456658 0.304038 1.69055 -0.503812 0.296648 1.69503 -0.349711 0.286489 1.87033 -0.400487 0.27441 1.9216 -0.183217 0.259748 2.05218 -0.176725 0.285487 1.89548 -0.139072 0.273582 2.0214 -0.244127 0.283028 1.83426 -0.0497 0.287306 1.93617 -0.326301 0.29669 1.75201 -0.354803 0.303321 1.70213 -0.108121 0.262049 1.85251 -0.293137 0.272536 1.73196 -0.104268 0.285885 1.88609 -0.115898 0.314343 1.82472 -0.171839 0.406067 1.62793 -0.348881 0.300152 1.62447 -0.247384 0.273886 1.76376 -0.287281 0.30251 1.718 -0.338317 0.328578 1.59085 -0.383822 0.262905 1.55802 -0.395794 0.265412 1.39661 -0.192131 0.438134 1.41166 -0.369378 0.324828 1.40178 0.747081 0.694785 1.02643 0.745088 0.680674 1.00989 0.727225 0.643932 0.956832 0.748783 0.712151 1.01159 0.762539 0.685145 1.04005 0.767575 0.695659 1.08938 0.75148 0.758511 1.07158 0.752537 0.768245 1.0146 0.755815 0.746245 0.975663 0.591724 0.406606 1.84799 0.621716 0.454939 1.99698 0.586739 0.540817 1.96823 0.630013 0.349507 2.00913 0.608391 0.263697 1.95668 0.621678 0.270606 2.01244 0.598778 0.242802 1.99695 0.565374 0.264795 2.0219 0.474757 0.391512 2.02602 0.477138 0.407228 2.06113 0.457158 0.445457 2.21715 0.40947 0.557266 2.14499 0.470689 0.312015 2.2287 0.466803 0.223584 2.21338 0.467666 0.210398 2.15451 0.446633 0.194365 2.1886 0.405542 0.20753 2.18651 0.282731 0.377417 2.15323 0.277884 0.333457 1.79586 0.307825 0.390246 1.82246 0.272185 0.328104 1.85838 0.244127 0.283028 1.83426 0.247384 0.273886 1.76376 0.326301 0.29669 1.75201 0.345245 0.333394 1.78527 0.071286 0.335256 1.97399 0.114987 0.334289 1.92165 0.126919 0.393176 1.96811 0.0497 0.287306 1.93617 0.104268 0.285885 1.88609 0.183375 0.33008 1.93677 0.176725 0.285487 1.89548 0.464303 0.344331 1.6915 0.38641 0.348938 1.7104 0.412063 0.410747 1.66372 0.435415 0.356325 1.60909 0.456658 0.304038 1.69055 0.354803 0.303321 1.70213 0.402241 0.310851 1.57933 0.38641 0.348938 1.7104 0.373839 0.352946 1.64366 0.412063 0.410747 1.66372 0.435415 0.356325 1.60909 0.348881 0.300152 1.62447 0.354803 0.303321 1.70213 0.402241 0.310851 1.57933 0.141598 0.315 2.02773 0.126919 0.393176 1.96811 0.183375 0.33008 1.93677 0.071286 0.335256 1.97399 0.139072 0.273582 2.0214 0.176725 0.285487 1.89548 0.0497 0.287306 1.93617 0.619191 0.568891 -2.16654 0.614689 0.560353 -2.0268 0.578133 0.602567 -2.04507 0.517011 0.561907 -2.12253 0.584484 0.520291 -2.03713 0.620153 0.530459 -2.16541 0.090856 1.47516 0.069752 0.093019 1.48128 0.161894 0.503812 0.296648 1.69503 0.400487 0.27441 1.9216 0.736392 0.501908 1.48841 0.703751 0.505388 1.41895 0.643783 0.487967 1.4151 0.642048 0.483683 1.52814 0.63079 0.446145 1.52148 0.282731 0.377417 2.15323 0.261516 0.378292 2.16088 0.090328 0.55982 2.23593 0 0.682853 2.23637 0 0.564268 2.23616 0.040057 0.363177 2.19497 0 0.354858 2.19646 0 0.88715 2.22572 0 1.16172 2.1795 0 1.40127 2.03099 -0.090328 0.55982 2.23593 -0.040057 0.363177 2.19497 -0.282731 0.377417 2.15323 -0.261516 0.378292 2.16088 -0.474757 0.391512 2.02602 -0.477138 0.407228 2.06113 0.158758 0.177498 2.26487 0.14989 0.151758 2.22714 0.106773 0.175737 2.21966 0.178668 0.175296 2.20412 0.174508 0.287867 2.29957 0.040057 0.363177 2.19497 0.186784 0.447643 2.29096 0.185344 0.56344 2.22562 0.261516 0.378292 2.16088 0.694969 0.318452 1.79748 0.665623 0.287816 1.78748 0.642322 0.309143 1.8192 0.666117 0.312015 1.74692 0.695035 0.375272 1.79887 0.635244 0.429668 1.68979 0.687976 0.436694 1.79659 0.660152 0.527995 1.78448 0.591196 0.408226 1.83014 0.682371 0.336573 1.60223 0.635013 0.432832 1.6641 0.705716 0.361663 1.61012 0.658054 0.353949 1.63589 0.63079 0.446145 1.52148 0.662709 0.350485 1.5701 0.688342 0.531462 1.63318 0.716384 0.518455 1.56411 0.559108 0.336775 1.32924 0.577246 0.405296 1.39264 0.633909 0.42686 1.34333 0.593152 0.412357 1.27974 0.593218 0.453993 1.28549 0.633014 0.479138 1.34962 0.574599 0.453891 1.40719 0.625407 0.421307 1.45659 0.581994 0.411326 1.38909 0.554025 0.330822 1.44372 0.568423 0.404048 1.50603 0.546297 0.44695 1.51348 0.620743 0.471134 1.45939 0.582511 0.45736 1.39684 0.51337 0.397867 1.44134 0.554025 0.330822 1.44372 0.581994 0.411326 1.38909 0.568423 0.404048 1.50603 0.486718 0.444146 1.44672 0.546297 0.44695 1.51348 0.582511 0.45736 1.39684 0.522977 0.402674 1.3288 0.577246 0.405296 1.39264 0.559108 0.336775 1.32924 0.593152 0.412357 1.27974 0.500522 0.445575 1.33412 0.574599 0.453891 1.40719 0.593218 0.453993 1.28549 0.574114 0.346288 1.23006 0.646347 0.432335 1.2475 0.606688 0.418676 1.18414 0.590309 0.411362 1.28746 0.583016 0.450339 1.29435 0.643755 0.47997 1.2548 0.599247 0.453239 1.19099 0.606688 0.418676 1.18414 0.536726 0.404078 1.22794 0.574114 0.346288 1.23006 0.590309 0.411362 1.28746 0.512265 0.442974 1.23111 0.583016 0.450339 1.29435 0.599247 0.453239 1.19099 0.574418 0.353665 1.14263 0.65282 0.429814 1.14757 0.607274 0.421557 1.09004 0.60279 0.415695 1.19382 0.594333 0.454755 1.20165 0.656695 0.477864 1.14774 0.598599 0.455982 1.08944 0.607274 0.421557 1.09004 0.541796 0.418091 1.14006 0.574418 0.353665 1.14263 0.60279 0.415695 1.19382 0.594333 0.454755 1.20165 0.521466 0.457793 1.13704 0.598599 0.455982 1.08944 0.139552 0.179112 2.17798 0.040057 0.363177 2.19497 0.106773 0.175737 2.21966 0.142916 0.365627 2.11561 0.178668 0.175296 2.20412 0.14989 0.151758 2.22714 0.261516 0.378292 2.16088 0.350862 0.366422 2.04868 0.405542 0.20753 2.18651 0.42008 0.206897 2.13499 0.282731 0.377417 2.15323 0.467666 0.210398 2.15451 0.446633 0.194365 2.1886 0.477138 0.407228 2.06113 0.666117 0.312015 1.74692 0.619505 0.308036 1.77113 0.665623 0.287816 1.78748 0.56245 0.403589 1.74167 0.635244 0.429668 1.68979 0.591196 0.408226 1.83014 0.642322 0.309143 1.8192 0.635244 0.429668 1.68979 0.635013 0.432832 1.6641 0.474757 0.391512 2.02602 0.477138 0.407228 2.06113 0.551406 0.2543 1.96246 0.474757 0.391512 2.02602 0.565374 0.264795 2.0219 0.482935 0.378676 1.8984 0.598778 0.242802 1.99695 0.608391 0.263697 1.95668 0.591724 0.406606 1.84799 0.587917 0.430743 1.59987 0.658054 0.353949 1.63589 0.628197 0.351067 1.60126 0.635013 0.432832 1.6641 0.662709 0.350485 1.5701 0.682371 0.336573 1.60223 0.63079 0.446145 1.52148 0.733736 0.66601 1.42795 0.738317 0.661833 1.35299 0.733873 0.646979 1.43175 0.749505 0.703893 1.32623 0.742157 0.663625 1.33257 0.732276 0.650383 1.48992 0.754235 0.732313 1.34926 0.680003 0.516065 0.938987 0.678903 0.546912 0.843188 0.698734 0.557166 0.841407 0.643783 0.487967 1.4151 0.703751 0.505388 1.41895 0.65284 0.509111 1.40472 0.701504 0.896462 0.136302 0.313113 1.44323 0.153552 0.849836 0.176981 -1.07814 0.84992 0.21481 -1.07817 0.636931 0.175246 -0.993746 1.32953 0.668441 -3.45979 1.14302 0.628531 -3.35977 1.3293 0.626577 -3.45845 1.33067 0.623602 -3.36265 1.32999 0.686087 -3.36515 1.37842 0.676422 -3.41071 1.37725 0.630347 -3.4092 1.45151 0.663943 -3.55703 1.45122 0.62122 -3.55572 1.69161 0.656514 -3.65993 1.69119 0.616904 -3.65918 -0.680003 0.516065 0.938987 -0.670915 0.505338 1.08274 -0.657818 0.489339 0.94122 -0.63252 0.463863 1.08481 -0.656695 0.477864 1.14774 -0.664477 0.495298 1.22455 -0.643755 0.47997 1.2548 -0.654409 0.493487 1.27938 -0.599247 0.453239 1.19099 -0.594333 0.454755 1.20165 -0.598599 0.455982 1.08944 -0.633684 0.464028 0.947275 -0.541428 0.471336 0.945784 -0.521466 0.457793 1.13704 -0.512265 0.442974 1.23111 -0.492807 0.510025 1.2182 -0.383839 0.506838 1.22014 -0.317084 0.552708 1.10157 -0.441041 0.471457 0.867439 -0.370106 0.479281 0.786558 -0.274041 0.547512 1.3386 -0.21414 0.559131 1.58548 -0.360463 0.531975 1.35469 -0.46899 0.512023 1.37154 -0.197113 0.521169 1.93535 -0.142916 0.365627 2.11561 -0.040057 0.363177 2.19497 -0.261516 0.378292 2.16088 -0.282731 0.377417 2.15323 -0.350862 0.366422 2.04868 -0.33491 0.534588 1.77701 -0.336924 0.556553 1.48193 -0.477138 0.407228 2.06113 -0.474757 0.391512 2.02602 -0.482935 0.378676 1.8984 -0.591724 0.406606 1.84799 -0.591196 0.408226 1.83014 -0.56245 0.403589 1.74167 -0.452099 0.509115 1.52586 -0.635234 0.429663 1.68978 -0.63389 0.43273 1.66445 -0.587999 0.430638 1.59964 -0.546297 0.44695 1.51348 -0.596745 0.459632 1.5103 -0.620589 0.470971 1.45925 -0.649809 0.482415 1.53942 -0.64378 0.487974 1.41505 -0.633014 0.479138 1.34962 -0.654259 0.496092 1.3403 -0.582511 0.45736 1.39684 -0.574599 0.453891 1.40719 -0.486718 0.444146 1.44672 -0.500522 0.445575 1.33412 -0.638323 0.448555 1.52187 -0.593218 0.453993 1.28549 -0.583016 0.450339 1.29435 -0.65284 0.509111 1.40472 -0.665908 0.514407 1.34444 -0.682706 0.514225 1.27883 -0.688063 0.52184 1.22325 -0.688926 0.524735 1.08374 -0.771538 0.823638 0.252334 -0.742313 0.873282 0.268446 -0.796176 0.804605 0.351199 -0.723865 0.865051 0.370613 -0.764184 0.863952 0.365049 -0.700112 0.879551 0.272529 -0.754608 0.779934 0.229614 -0.762955 0.751432 0.348777 -0.741986 0.770416 0.230861 -0.703751 0.505388 1.41895 -0.665908 0.514407 1.34444 -0.730009 0.499086 1.35719 -0.65284 0.509111 1.40472 -0.750089 0.551584 1.42907 -0.789467 0.557571 1.36565 -0.682706 0.514225 1.27883 -0.746845 0.503313 1.28795 -0.688063 0.52184 1.22325 -0.754347 0.497024 1.2326 -0.688926 0.524735 1.08374 -0.752638 0.491221 1.08008 -0.744903 0.503591 0.94001 -0.816521 0.55325 1.08198 -0.808823 0.56561 0.947464 -0.816356 0.559478 1.23267 -0.80255 0.619638 1.08483 -0.793685 0.631762 0.958163 -0.751487 0.642656 1.01237 -0.727225 0.643932 0.956832 -0.764251 0.635971 1.08646 -0.801593 0.626258 1.23054 -0.755321 0.640992 1.22738 -0.796676 0.630006 1.2915 -0.759309 0.659956 1.29859 -0.807013 0.565222 1.29359 -0.785279 0.631588 1.36583 -0.742157 0.663625 1.33257 -0.738317 0.661833 1.35299 -0.733873 0.646979 1.43175 -0.753694 0.608198 1.43411 -0.741986 0.770416 0.230861 -0.764722 0.781605 0.349108 -0.740926 0.755837 0.220326 -0.779996 0.722937 0.337713 -0.717001 0.743367 0.211625 -0.732925 0.682188 0.336298 -0.725266 0.690181 0.337952 -0.748783 0.712151 1.01159 -0.76966 0.726504 0.968724 -0.755815 0.746245 0.975663 -0.745088 0.680674 1.00989 -0.754251 0.651812 0.965011 -0.770086 0.689242 0.965739 -0.72914 0.637246 0.959308 -0.688735 0.919806 0.04384 -0.692397 0.941556 -0.049175 -0.674366 0.941716 -0.050062 -0.744069 0.865948 0.184947 -0.771538 0.823638 0.252334 -0.758099 0.84394 0.177705 -0.742313 0.873282 0.268446 -0.699338 0.885663 0.257195 -0.700112 0.879551 0.272529 -0.754608 0.779934 0.229614 -0.757793 0.799967 0.167723 -0.722037 0.766742 0.161005 -0.741986 0.770416 0.230861 -0.718441 0.864099 -0.062747 -0.717231 0.765536 0.163031 -0.717001 0.743367 0.211625 -0.740926 0.755837 0.220326 -0.741986 0.770416 0.230861 -0.241017 1.52525 0.248408 -0.158052 1.53368 0.178621 -0.160109 1.5401 0.261696 -0.238714 1.52077 0.176793 -0.092954 1.53258 0.18433 -0.091652 1.54069 0.261528 -0.104348 1.50229 0.294905 -0.097134 1.50528 0.28356 -0.443526 1.44872 0.234362 -0.259324 1.48398 0.267738 -0.426979 1.42167 0.255667 -0.339867 1.49251 0.174609 -0.266079 1.46933 0.154368 -0.184842 1.4815 0.158398 -0.435011 1.44398 0.166281 -0.518049 1.38664 0.161942 -0.435634 1.38636 0.147842 -0.488507 1.34913 0.144424 -0.526395 1.38947 0.230785 -0.593129 1.30987 0.160515 -0.600678 1.31125 0.228148 -0.599103 1.28272 0.221861 -0.588372 1.27889 0.157083 -0.6139 1.28443 0.225285 -0.589039 1.26412 0.242964 -0.605752 1.24805 0.250132 -0.674549 1.19603 0.222578 -0.608179 1.28281 0.157987 -0.669004 1.19476 0.150119 -0.65177 1.18385 0.250516 -0.579032 1.23655 0.140916 -0.56401 1.2556 0.14935 -0.555837 1.27392 0.144147 -0.591852 1.27538 0.247978 -0.705098 1.10314 0.149505 -0.708216 1.10346 0.224388 -0.725116 1.0131 0.150915 -0.725666 1.01188 0.225985 -0.700322 1.03515 0.251192 -0.684074 1.1011 0.251092 -0.72729 0.923983 0.152879 -0.697381 0.994683 0.13432 -0.70074 0.920559 0.135347 -0.701504 0.896462 0.136302 -0.744069 0.865948 0.184947 -0.725444 0.922756 0.229883 -0.699338 0.885663 0.257195 -0.703454 0.932281 0.252753 -0.699035 0.971583 0.252645 -0.674378 1.07787 0.134044 -0.741577 0.511048 0.117356 -0.695919 0.372788 -0.047536 -0.720108 0.526898 -0.057905 -0.736242 0.652994 0.117314 -0.747593 0.616552 0.328913 -0.739625 0.498858 0.31198 -0.714428 0.369403 0.117113 -0.715031 0.703422 -0.066744 -0.717001 0.743367 0.211625 -0.717231 0.765536 0.163031 -0.694294 0.832113 -0.069372 -0.483727 0.228166 -0.909659 -0.559614 0.252182 -0.697786 -0.475973 0.191109 -0.900516 -0.690826 0.934708 0.037284 -0.674366 0.941716 -0.050062 -0.674656 0.965081 -0.054041 -0.688735 0.919806 0.04384 -0.70074 0.920559 0.135347 -0.697381 0.994683 0.13432 -0.701504 0.896462 0.136302 -0.667706 1.04908 0.022311 -0.674378 1.07787 0.134044 -0.579032 1.23655 0.140916 -0.583717 1.19608 0.02817 -0.548719 1.26208 0.029859 -0.56401 1.2556 0.14935 -0.555837 1.27392 0.144147 -0.488507 1.34913 0.144424 -0.465329 1.3502 0.046349 -0.435634 1.38636 0.147842 -0.384737 1.41007 0.068664 -0.313113 1.44323 0.153552 -0.283206 1.45058 0.081463 -0.27243 1.44094 -0.0273 -0.228602 1.47023 0.076035 -0.205105 1.46144 -0.02342 -0.090856 1.47516 0.069752 -0.084951 1.46946 -0.017483 -0.184842 1.4815 0.158398 -0.093019 1.48128 0.161894 -0.266079 1.46933 0.154368 -0.542071 1.24964 -0.053665 -1.48792 0.572617 -3.3012 -1.5721 0.66728 -3.25915 -1.38636 0.576401 -3.02654 -1.20929 0.583402 -3.14192 -1.33067 0.623602 -3.36265 -1.37725 0.630347 -3.4092 -1.45122 0.62122 -3.55572 -1.69119 0.616904 -3.65918 -1.69161 0.656514 -3.65993 -1.32999 0.686087 -3.36515 -1.48857 0.738008 -3.31257 -1.37842 0.676422 -3.41071 -1.45151 0.663943 -3.55703 -1.69161 0.656514 -3.65993 -1.5721 0.66728 -3.25915 -0.178579 0.537982 -2.63033 -0.16754 0.544833 -2.93797 -0.307571 0.544231 -2.66584 -0.127531 0.776613 -2.78921 -0.160353 0.748983 -2.8998 -0.094371 0.761737 -3.06236 -1.14302 0.628531 -3.35977 -1.3293 0.626577 -3.45845 -0.094371 0.761737 -3.06236 -0.098474 0.662126 -3.0969 -0.0886 0.5485 -3.05232 -0.155279 0.663343 -3.02696 -0.16754 0.544833 -2.93797 -0.10508 0.51616 -2.91061 0 0.513771 -3.0559 -0.207734 0.557161 -2.57718 -0.178579 0.537982 -2.63033 -0.242564 0.689065 -2.50544 -0.285565 0.573431 -2.1672 0 0.472354 -2.57029 0 0.487344 -2.89652 -0.14481 0.501707 -2.57167 0 0.444501 -2.1679 -0.077645 0.829058 -2.80134 -0.127531 0.776613 -2.78921 -0.099117 0.886467 -2.57548 -0.184765 0.820593 -2.57344 -0.190723 0.7536 -2.64046 -0.34702 0.325831 1.86728 -0.345245 0.333394 1.78527 -0.307825 0.390246 1.82246 -0.272185 0.328104 1.85838 -0.349711 0.286489 1.87033 -0.326301 0.29669 1.75201 -0.244127 0.283028 1.83426 -0.748783 0.712151 1.01159 -0.747081 0.694785 1.02643 -0.745088 0.680674 1.00989 -0.762539 0.685145 1.04005 -0.727225 0.643932 0.956832 -0.767575 0.695659 1.08938 -0.75148 0.758511 1.07158 -0.771679 0.721561 1.12823 -0.621716 0.454939 1.99698 -0.591724 0.406606 1.84799 -0.586739 0.540817 1.96823 -0.630013 0.349507 2.00913 -0.608391 0.263697 1.95668 -0.621678 0.270606 2.01244 -0.598778 0.242802 1.99695 -0.565374 0.264795 2.0219 -0.474757 0.391512 2.02602 -0.457158 0.445457 2.21715 -0.477138 0.407228 2.06113 -0.40947 0.557266 2.14499 -0.470689 0.312015 2.2287 -0.466803 0.223584 2.21338 -0.467666 0.210398 2.15451 -0.446633 0.194365 2.1886 -0.405542 0.20753 2.18651 -0.282731 0.377417 2.15323 -0.307825 0.390246 1.82246 -0.277884 0.333457 1.79586 -0.272185 0.328104 1.85838 -0.244127 0.283028 1.83426 -0.247384 0.273886 1.76376 -0.326301 0.29669 1.75201 -0.345245 0.333394 1.78527 -0.114986 0.334289 1.92165 -0.071286 0.335257 1.97399 -0.126919 0.393176 1.96811 -0.0497 0.287306 1.93617 -0.104268 0.285885 1.88609 -0.183375 0.33008 1.93677 -0.176725 0.285487 1.89548 -0.38641 0.348938 1.7104 -0.464303 0.344331 1.6915 -0.412063 0.410747 1.66372 -0.435415 0.356325 1.60909 -0.456658 0.304038 1.69055 -0.354803 0.303321 1.70213 -0.402241 0.310851 1.57933 -0.373839 0.352946 1.64366 -0.38641 0.348938 1.7104 -0.412063 0.410747 1.66372 -0.435415 0.356325 1.60909 -0.348881 0.300152 1.62447 -0.354803 0.303321 1.70213 -0.402241 0.310851 1.57933 -0.126919 0.393176 1.96811 -0.141598 0.315 2.02773 -0.183375 0.33008 1.93677 -0.071286 0.335257 1.97399 -0.139072 0.273582 2.0214 -0.176725 0.285487 1.89548 -0.0497 0.287306 1.93617 -0.700112 0.879551 0.272529 -0.699338 0.885663 0.257195 -0.703454 0.932281 0.252753 -0.699035 0.971583 0.252645 -0.730413 0.938931 0.363779 -0.700322 1.03515 0.251192 -0.714158 1.06587 0.370649 -0.684074 1.1011 0.251092 -0.269611 1.4916 0.329045 -0.443246 1.44713 0.398944 -0.436259 1.43701 0.294821 -0.259324 1.48398 0.267738 -0.426979 1.42167 0.255667 -0.09759 1.52326 0.341542 -0.252445 1.50677 0.409939 -0.269611 1.4916 0.329045 -0.097134 1.50528 0.28356 -0.104348 1.50229 0.294905 -0.259324 1.48398 0.267738 -0.591852 1.27538 0.247978 -0.541061 1.35836 0.290794 -0.60457 1.27155 0.300741 -0.589039 1.26412 0.242964 -0.605752 1.24805 0.250132 -0.502643 1.36901 0.25306 -0.65177 1.18385 0.250516 -0.639073 1.22405 0.380813 -0.288364 -0.05285 1.68425 -0.309783 -0.054709 1.40412 -0.501342 0.022745 1.39768 -0.619191 0.568891 -2.16654 -0.584484 0.520291 -2.03713 -0.620153 0.530459 -2.16541 -0.736482 0.501983 1.48832 -0.703751 0.505388 1.41895 -0.64378 0.487974 1.41505 -0.649809 0.482415 1.53942 -0.635234 0.429663 1.68978 -0.63389 0.43273 1.66445 -0.14989 0.151758 2.22714 -0.158758 0.177498 2.26487 -0.106774 0.175737 2.21966 -0.178668 0.175296 2.20412 -0.174508 0.287867 2.29957 -0.040057 0.363177 2.19497 -0.186784 0.447643 2.29096 -0.185344 0.56344 2.22562 -0.261516 0.378292 2.16088 -0.665623 0.287816 1.78748 -0.694969 0.318452 1.79748 -0.642322 0.309143 1.8192 -0.666117 0.312015 1.74692 -0.695035 0.375272 1.79887 -0.635234 0.429663 1.68978 -0.687976 0.436694 1.79659 -0.660149 0.527993 1.78449 -0.591196 0.408226 1.83014 -0.63389 0.43273 1.66445 -0.682353 0.336565 1.60236 -0.706535 0.363028 1.60944 -0.658082 0.353952 1.63589 -0.638323 0.448555 1.52187 -0.662428 0.350352 1.57017 -0.707483 0.46812 1.62184 -0.688963 0.528643 1.62929 -0.578786 0.438168 0.963497 -0.507613 0.428444 0.949192 -0.577246 0.405296 1.39264 -0.559108 0.336775 1.32924 -0.633909 0.42686 1.34333 -0.593152 0.412357 1.27974 -0.574599 0.453891 1.40719 -0.633014 0.479138 1.34962 -0.593218 0.453993 1.28549 -0.581994 0.411326 1.38909 -0.625407 0.421307 1.45659 -0.554025 0.330822 1.44372 -0.568423 0.404048 1.50603 -0.582511 0.45736 1.39684 -0.620589 0.470971 1.45925 -0.546297 0.44695 1.51348 -0.554025 0.330822 1.44372 -0.51337 0.397867 1.44134 -0.581994 0.411326 1.38909 -0.568423 0.404048 1.50603 -0.486718 0.444146 1.44672 -0.582511 0.45736 1.39684 -0.546297 0.44695 1.51348 -0.577246 0.405296 1.39264 -0.522977 0.402674 1.3288 -0.559108 0.336775 1.32924 -0.593152 0.412357 1.27974 -0.593218 0.453993 1.28549 -0.500522 0.445575 1.33412 -0.574599 0.453891 1.40719 -0.574114 0.346288 1.23006 -0.606688 0.418676 1.18414 -0.646347 0.432335 1.2475 -0.590309 0.411362 1.28746 -0.599247 0.453239 1.19099 -0.643755 0.47997 1.2548 -0.583016 0.450339 1.29435 -0.536726 0.404078 1.22794 -0.606688 0.418676 1.18414 -0.574114 0.346288 1.23006 -0.590309 0.411362 1.28746 -0.599247 0.453239 1.19099 -0.512265 0.442974 1.23111 -0.583016 0.450339 1.29435 -0.574418 0.353665 1.14263 -0.607274 0.421557 1.09004 -0.65282 0.429814 1.14757 -0.60279 0.415695 1.19382 -0.598599 0.455982 1.08944 -0.656695 0.477864 1.14774 -0.594333 0.454755 1.20165 -0.541796 0.418091 1.14006 -0.607274 0.421557 1.09004 -0.574418 0.353665 1.14263 -0.60279 0.415695 1.19382 -0.598599 0.455982 1.08944 -0.521466 0.457793 1.13704 -0.594333 0.454755 1.20165 -0.040057 0.363177 2.19497 -0.139552 0.179112 2.17798 -0.106774 0.175737 2.21966 -0.142916 0.365627 2.11561 -0.178668 0.175296 2.20412 -0.14989 0.151758 2.22714 -0.261516 0.378292 2.16088 -0.350862 0.366422 2.04868 -0.405542 0.20753 2.18651 -0.282731 0.377417 2.15323 -0.42008 0.206897 2.13499 -0.467666 0.210398 2.15451 -0.446633 0.194365 2.1886 -0.477138 0.407228 2.06113 -0.619505 0.308036 1.77113 -0.666117 0.312015 1.74692 -0.665623 0.287816 1.78748 -0.56245 0.403589 1.74167 -0.635234 0.429663 1.68978 -0.591196 0.408226 1.83014 -0.642322 0.309143 1.8192 -0.474757 0.391512 2.02602 -0.551406 0.2543 1.96246 -0.565374 0.264795 2.0219 -0.482935 0.378676 1.8984 -0.598778 0.242802 1.99695 -0.608391 0.263697 1.95668 -0.591724 0.406606 1.84799 -0.688963 0.528643 1.62929 -0.638323 0.448555 1.52187 -0.649809 0.482415 1.53942 -0.587999 0.430638 1.59964 -0.658082 0.353952 1.63589 -0.63389 0.43273 1.66445 -0.628197 0.351067 1.60126 -0.662428 0.350352 1.57017 -0.682353 0.336565 1.60236 -0.638323 0.448555 1.52187 -0.703751 0.505388 1.41895 -0.64378 0.487974 1.41505 -0.65284 0.509111 1.40472 -0.502643 1.36901 0.25306 -0.701504 0.896462 0.136302 -0.313113 1.44323 0.153552 -0.093019 1.48128 0.161894 -0.84992 0.21481 -1.07817 -0.636931 0.175246 -0.993746 -0.637387 0.220981 -0.993336 -0.849836 0.176981 -1.07814 -0.620153 0.530459 -2.16541 -0.517011 0.561907 -2.12253 -0.619191 0.568891 -2.16654 -1.32953 0.668441 -3.45979 -1.14302 0.628531 -3.35977 -1.14374 0.676535 -3.36203 -1.3293 0.626577 -3.45845 -1.33067 0.623602 -3.36265 -1.32999 0.686087 -3.36515 -1.37842 0.676422 -3.41071 -1.37725 0.630347 -3.4092 -1.45151 0.663943 -3.55703 -1.45122 0.62122 -3.55572 -1.69161 0.656514 -3.65993 -1.69119 0.616904 -3.65918 0.654697 0.968558 -0.163137 0.674366 0.941716 -0.050062 0.639358 0.993544 -0.162661 0.61473 1.03074 -0.164224 0.084951 1.46946 -0.017483 0.257766 1.42509 -0.151092 0.35617 1.38642 -0.16163 0.165029 1.44717 -0.138529 0.087483 1.45972 -0.074751 0.088099 1.4506 -0.126263 0.219467 1.43978 -0.146671 0.417462 1.34568 -0.165399 0.454051 1.32362 -0.167547 0.471056 1.29022 -0.168227 0.485755 1.27501 -0.16893 0.5291 1.22868 -0.170755 0.576176 1.12554 -0.167596 0.588166 1.07103 -0.168244 0.700322 1.03515 0.251192 0.674143 1.20236 0.469524 0.568644 1.35506 0.511967 0.433548 1.45381 0.476603 0.551078 1.3675 0.612538 0.408197 1.45574 0.615454 0.248389 1.50526 0.498415 0.260709 1.49282 0.599888 0.096321 1.54454 0.554821 0.096641 1.54231 0.478555 0.252445 1.50677 0.409939 0.095283 1.53993 0.41783 0.252445 1.50677 0.409939 0.740464 0.848307 0.520931 0.763731 0.855592 0.614669 0.751011 0.858554 0.578792 0.093575 1.4037 -0.488597 0.094302 1.39716 -0.534408 0.095641 1.40266 -0.535579 0.138711 1.3941 -0.542734 0.188857 1.38379 -0.545137 0.221227 1.38532 -0.488174 0.085781 1.42138 -0.397056 0.233825 1.39902 -0.400083 0.089238 1.42814 -0.315956 0.245164 1.40811 -0.325721 0.360962 1.34147 -0.402088 0.367386 1.35355 -0.330995 0.354281 1.33024 -0.467345 0.354984 1.37722 -0.264787 0.239145 1.41982 -0.259284 0.478154 1.23006 -0.403485 0.47136 1.21091 -0.469121 0.3506 1.32435 -0.539254 0.462346 1.19091 -0.53729 0.510704 1.13727 -0.471061 0.513685 1.11509 -0.530268 0.535016 1.07833 -0.526683 0.557708 1.05639 -0.472551 0.088511 1.43481 -0.253199 0.471525 1.28299 -0.272586 0.523797 1.1932 -0.330764 0.542162 1.17918 -0.274011 0.577746 1.13483 -0.277678 0.561032 1.11561 -0.34604 0.599188 1.08421 -0.278826 0.615455 1.01008 -0.339022 0.646287 0.986076 -0.281057 0.536833 1.12607 -0.406238 0.586537 1.02772 -0.400541 0.649747 1.23838 0.610645 0.685843 1.15342 0.605245 0.709751 1.10355 0.49134 0.718346 1.06347 0.597624 0.741665 0.98413 0.588834 0.737697 0.959312 0.452016 0.740464 0.848307 0.520931 0.747089 0.915432 0.582559 0.751011 0.858554 0.578792 0.361346 1.23184 -0.816485 0.432805 1.18793 -0.721032 0.382642 1.22501 -0.764686 0.310337 1.27923 -0.816036 0.331129 1.29745 -0.712481 0.226082 1.334 -0.722416 0.338707 1.31059 -0.619505 0.2294 1.35868 -0.614617 0.151737 1.35787 -0.708611 0.128664 1.34825 -0.76498 0.192919 1.32015 -0.835534 0.139322 1.3836 -0.613729 0.090124 1.36396 -0.69181 0.095272 1.37499 -0.615571 0.085792 1.35168 -0.764164 0.103806 1.33438 -0.84801 0.094366 1.33165 -0.852785 0.10299 1.31506 -0.93434 0.099472 1.31407 -0.936687 0.178557 1.31473 -0.879723 0.10299 1.31506 -0.93434 0.174668 1.30419 -0.923818 0.23905 1.28332 -0.9181 0.301665 1.26649 -0.877906 0.28906 1.26137 -0.913395 0.50233 1.09878 -0.610084 0.474603 1.14232 -0.616161 0.418673 1.21252 -0.616324 0.418673 1.21252 -0.616324 -0.432805 1.18793 -0.721032 -0.361346 1.23184 -0.816485 -0.382642 1.22501 -0.764686 -0.310337 1.27923 -0.816036 -0.331129 1.29745 -0.712481 -0.226082 1.334 -0.722416 -0.338707 1.31059 -0.619505 -0.2294 1.35868 -0.614617 -0.151737 1.35787 -0.708611 -0.128664 1.34825 -0.76498 -0.192919 1.32015 -0.835534 -0.139322 1.3836 -0.613729 -0.090124 1.36396 -0.69181 -0.095272 1.37499 -0.615571 -0.085792 1.35168 -0.764164 -0.103806 1.33438 -0.84801 -0.094366 1.33165 -0.852785 -0.10299 1.31506 -0.93434 -0.099472 1.31407 -0.936687 -0.178557 1.31473 -0.879723 -0.10299 1.31506 -0.93434 -0.174668 1.30419 -0.923818 -0.23905 1.28332 -0.9181 -0.301665 1.26649 -0.877906 -0.28906 1.26137 -0.913395 -0.50233 1.09878 -0.610084 -0.474603 1.14232 -0.616161 -0.418673 1.21252 -0.616324 -0.418673 1.21252 -0.616324 0.687486 0.534017 0.943377 0.44103 0.471471 0.867442 0.010413 1.56952 0.981333 0 1.57858 0.902085 0.00842 1.57544 0.899536 0 1.57917 0.981936 -0.010413 1.56952 0.981333 0 1.61661 1.02913 0.009383 1.62423 1.00258 0 1.63997 0.858786 0.011257 1.63025 0.894424 -0.002044 1.62117 0.943719 -0.00842 1.57544 0.899536 -0.009383 1.62423 1.00258 -0.011257 1.63025 0.894424 0.002044 1.62117 0.943719 0.248551 1.6245 1.53829 0 1.65438 1.28217 0.252417 1.63185 1.27441 0 1.65253 1.56217 0.451573 1.53961 1.51076 0.456575 1.54768 1.25498 0.254361 1.58234 1.03477 0.452629 1.52488 1.03817 0.588489 1.42998 1.22971 0.592793 1.42929 1.03085 0.679586 1.26368 1.18358 0.674697 1.26089 1.40607 0.767285 1.14323 1.13852 0.586644 1.41698 1.47116 0.68533 1.26848 0.999063 0.588044 1.41894 0.835435 0.693545 1.26953 0.823162 0.771779 1.15 0.966741 0.775583 1.15058 0.79486 0.688883 1.26262 0.643252 0.667372 1.20244 1.61046 0.567281 1.33176 1.69416 0.744837 1.06486 1.54098 0.765577 0.767217 1.2829 0.791568 0.969804 1.07992 0.77525 0.837267 1.10831 0.772989 0.794662 1.2424 0.771339 0.804792 1.15368 0.799814 0.993053 0.925219 0.773823 0.884195 0.933521 0.776772 0.870188 1.05287 0.771885 0.885503 0.852788 0.798621 0.988087 0.760374 0.763731 0.855592 0.614669 0.793779 0.984414 0.617419 0.762785 1.13497 0.632084 0.777576 0.747476 1.14741 0.773193 0.737405 1.2423 0.727225 0.643932 0.956832 0.763194 0.752369 1.27358 0.155863 1.59449 1.03023 0.15961 1.59274 0.91716 0.081453 1.6068 0.962865 0.082692 1.59436 0.936645 0.081577 1.60759 0.918891 0.065247 1.60953 0.937882 0.011257 1.63025 0.894424 -0.002044 1.62117 0.943719 0.009383 1.62423 1.00258 0.071862 1.60453 0.998866 0.047614 1.60553 1.01707 0.067828 1.58513 1.01329 0.056424 1.60254 1.02525 0 1.61661 1.02913 0 1.60774 1.05752 0.084737 1.60268 0.861378 0.093101 1.58698 0.791143 0.241949 1.54253 0.812472 0.240077 1.54211 0.618354 0.092179 1.5766 0.600843 0.424583 1.48491 0.648449 0.437889 1.4951 0.83497 0.585461 1.40372 0.646356 0.064518 1.61653 0.791847 0.053568 1.60961 0.824128 0 1.63725 0.785481 0 1.62781 0.826549 0.04743 1.61567 0.858857 0 1.63997 0.858786 0.056933 1.59318 0.841304 0.069978 1.61017 0.869132 0.061882 1.61793 0.588188 0 1.63345 0.578877 -0.04743 1.61567 0.858857 -0.011257 1.63025 0.894424 -0.053568 1.60961 0.824128 -0.064518 1.61653 0.791847 -0.093101 1.58698 0.791143 -0.056933 1.59318 0.841304 -0.069978 1.61017 0.869132 -0.084737 1.60268 0.861378 -0.15961 1.59274 0.91716 -0.241949 1.54253 0.812472 -0.240077 1.54211 0.618354 -0.092179 1.5766 0.600843 -0.424583 1.48491 0.648449 -0.437889 1.4951 0.83497 -0.254361 1.58234 1.03477 -0.155863 1.59449 1.03023 -0.081453 1.6068 0.962865 -0.452629 1.52488 1.03817 -0.456575 1.54768 1.25498 -0.252417 1.63185 1.27441 -0.451573 1.53961 1.51076 -0.248551 1.6245 1.53829 -0.674697 1.26089 1.40607 -0.586644 1.41698 1.47116 -0.588489 1.42998 1.22971 -0.679586 1.26368 1.18358 -0.767285 1.14323 1.13852 -0.68533 1.26848 0.999063 -0.771779 1.15 0.966741 -0.592793 1.42929 1.03085 -0.588044 1.41894 0.835435 -0.693545 1.26953 0.823162 -0.775583 1.15058 0.79486 -0.799814 0.993053 0.925219 -0.798621 0.988087 0.760374 -0.771885 0.885503 0.852788 -0.773823 0.884195 0.933521 -0.791568 0.969804 1.07992 -0.776772 0.870188 1.05287 -0.77968 0.944877 1.28286 -0.77525 0.837267 1.10831 -0.772989 0.794662 1.2424 -0.771339 0.804792 1.15368 -0.763731 0.855592 0.614669 -0.793779 0.984414 0.617419 -0.762785 1.13497 0.632084 -0.688883 1.26262 0.643252 -0.777576 0.747476 1.14741 -0.773193 0.737405 1.2423 -0.763194 0.752369 1.27358 -0.763194 0.752369 1.27358 0.821187 0.847861 0.646336 0.760306 0.867795 0.82671 0.763731 0.855592 0.614669 0.784554 0.865709 0.86525 0.863066 0.779428 0.657083 0.814213 0.807672 0.879921 0.811029 0.855108 0.507071 0.740464 0.848307 0.520931 0.856039 0.779382 0.500556 0.764184 0.863952 0.365049 0.764714 0.852528 0.94188 0.776971 0.816696 0.978009 0.791729 0.751645 0.887217 0.780302 0.772065 0.977056 0.755815 0.746245 0.975663 0.752537 0.768245 1.0146 0.745818 0.753843 0.88174 0.786925 0.73205 0.666006 0.825017 0.718283 0.662997 0.783047 0.72593 0.578055 0.819404 0.720635 0.49734 0.750614 0.813149 1.00835 0.762955 0.751432 0.348777 0.779555 0.736403 0.495198 0.713842 0.766836 0.354366 0.741986 0.770416 0.230861 0.808823 0.56561 0.947464 0.780365 0.598063 0.831481 0.727697 0.536942 0.831384 0.678903 0.546912 0.843188 0.742342 0.612073 0.666384 0.726006 0.586522 0.67024 0.740728 0.644989 0.477039 0.731719 0.626729 0.666608 0.756737 0.65977 0.841551 0.719055 0.646111 0.870014 0.727225 0.643932 0.956832 0.793685 0.631762 0.958163 0.074499 1.3817 -0.782978 0 1.36828 -0.953993 0.074216 1.35289 -0.951351 0 1.40588 -0.782904 0.094366 1.33165 -0.852785 0.085792 1.35168 -0.764164 0.099472 1.31407 -0.936687 0.092076 1.32355 -0.986457 0.074215 1.34109 -0.995003 0.068431 1.28907 -1.06963 0.063859 1.30209 -1.07484 0 1.35517 -0.998136 0 1.31656 -1.09311 0.095268 1.30593 -1.01341 0.051656 1.37472 -0.762702 0 1.38181 -0.766033 0.045124 1.27917 -1.1153 0 1.28244 -1.13264 -0.063859 1.30209 -1.07484 -0.074215 1.34109 -0.995003 -0.068431 1.28907 -1.06963 -0.092076 1.32355 -0.986457 -0.074216 1.35289 -0.951351 -0.099472 1.31407 -0.936687 -0.094366 1.33165 -0.852785 -0.074499 1.3817 -0.782978 -0.085792 1.35168 -0.764164 -0.095268 1.30593 -1.01341 -0.051656 1.37472 -0.762702 -0.045124 1.27917 -1.1153 0.713842 0.766836 0.354366 0.779555 0.736403 0.495198 0.779996 0.722937 0.337713 0.797351 0.742922 0.488587 0.807775 0.679048 0.478868 0.732925 0.682188 0.336298 0.759279 0.638236 0.476913 0.740728 0.644989 0.477039 0.725266 0.690181 0.337952 0.717001 0.743367 0.211625 0.759792 0.622292 0.571168 0.817941 0.696575 0.573413 0.815758 0.66265 0.665749 0.808873 0.733059 0.663647 0.783047 0.72593 0.578055 0.786925 0.73205 0.666006 0.77979 0.7535 0.876484 0.745818 0.753843 0.88174 0.755815 0.746245 0.975663 0.797506 0.693998 0.877647 0.76966 0.726504 0.968724 0.7628 0.639335 0.87563 0.760338 0.619783 0.665806 0.719055 0.646111 0.870014 0.731719 0.626729 0.666608 0.092076 1.32355 -0.986457 0.095268 1.30593 -1.01341 0.130706 1.32275 -0.978116 0.099472 1.31407 -0.936687 0.10299 1.31506 -0.93434 0.174668 1.30419 -0.923818 0.182454 1.3149 -0.971388 0.236013 1.29712 -0.96766 0.23905 1.28332 -0.9181 0.309058 1.2616 -0.96601 0.286875 1.2418 -0.993674 0.387587 1.18625 -0.867711 0.387213 1.23556 -0.856203 0.28906 1.26137 -0.913395 0.361346 1.23184 -0.816485 0.470426 1.1622 -0.746238 0.432805 1.18793 -0.721032 0.453643 1.12154 -0.75633 0.50233 1.09878 -0.610084 0.540487 1.08754 -0.619375 0.543846 1.03788 -0.640102 0.529603 1.02779 -0.653309 0.575675 1.03726 -0.58316 0.552904 1.08358 -0.570729 0.164524 1.28094 -1.003 0.703647 0.933323 -0.166356 0.679497 0.960901 -0.159825 0.674366 0.941716 -0.050062 0.654697 0.968558 -0.163137 0.684883 0.954801 -0.217951 0.706145 0.889592 -0.175095 0.693218 0.915472 -0.219823 0.683277 0.865992 -0.16308 0.694294 0.832113 -0.069372 0.689053 0.745864 -0.233119 0.683277 0.865992 -0.16308 0.69876 0.550252 -0.23774 0.679114 0.377375 -0.223967 0.673879 0.579988 -0.4138 0.650677 0.794775 -0.414409 0.632011 0.610193 -0.618265 0.608459 0.847511 -0.574374 0.582483 0.889297 -0.670141 0.564411 0.982353 -0.549671 0.582298 0.629094 -0.87231 0.542529 0.878595 -0.862303 0.51923 0.657087 -1.15673 0.490736 0.492306 -1.15457 0.407142 0.522818 -1.49769 0.426133 0.648588 -1.50202 0.347948 0.40079 -1.49484 0.366445 0.560253 -1.73157 0.349797 0.493319 -1.77554 0.291983 0.463002 -1.81895 0.200259 0.299916 -1.48956 0.562411 0.257752 -0.684998 0.236582 0.179903 -1.14666 0.48654 0.874397 -1.16657 0.356721 1.09772 -1.17622 0.387587 1.18625 -0.867711 0.453643 1.12154 -0.75633 0.406138 0.835479 -1.50686 0.177626 0.407638 -1.82574 0 0.368246 -1.83734 0 0.245166 -1.48369 0.312989 1.023 -1.51229 0.268348 0.957446 -1.84491 0.333793 0.792575 -1.82634 0.362513 0.621743 -1.77882 0.228036 0.887435 -2.18897 0.272392 0.740467 -2.17358 0.316916 0.534311 -1.99301 0.322442 0.539758 -1.98356 0.128317 1.05643 -1.85489 0.14099 1.13787 -1.5139 0 1.10089 -1.85918 0 1.18208 -1.51405 0.158719 1.22512 -1.1853 0 1.26369 -1.18593 0 1.0123 -2.20472 0.115761 0.968634 -2.20149 0.045124 1.27917 -1.1153 0 1.28244 -1.13264 0.135212 1.26461 -1.1175 0.286875 1.2418 -0.993674 0.164524 1.28094 -1.003 0.068431 1.28907 -1.06963 0 0.921279 -2.57744 0 0.861095 -2.80446 0.184765 0.820593 -2.57344 0.190723 0.7536 -2.64046 1.20837 0.15041 0.215138 1.24484 0.240903 0.333973 1.36413 0.148404 0.199299 1.10943 0.160749 0.282567 1.10648 0.253447 0.329289 1.39226 0.241886 0.248196 1.56847 0.220467 0.094107 1.53794 0.155417 0.094824 1.23673 0.331539 0.286566 1.11092 0.339576 0.278512 1.49185 0.174433 0.060549 1.33664 0.181311 0.147334 1.36245 0.330945 0.195734 1.53885 0.31016 0.088747 1.56847 0.220467 0.094107 0.977214 0.264843 0.282269 0.985436 0.348794 0.219914 0.858077 0.346633 0.26311 0.861613 0.263749 0.321812 0.994009 0.293369 0.162152 0.746066 0.352877 0.270166 0.809121 0.327516 -0.081079 1.00854 0.252416 -0.19291 0.744718 0.273432 0.342921 0.775255 0.221128 -0.129077 1.10009 0.289941 0.163572 1.12826 0.250985 -0.185753 1.21665 0.285726 0.146307 1.20758 0.248454 -0.200991 1.33581 0.290914 0.144977 1.38727 0.235168 -0.172538 0.712344 0.329496 -0.110603 0.688127 0.347128 -0.037968 0.70821 0.359584 0.288934 0.649946 0.251818 -0.110254 0.693803 0.240705 -0.160891 1.48979 0.271215 0.055135 1.37097 0.215008 -0.235741 1.57227 0.292232 -0.071644 1.5359 0.26018 -0.0919 1.61232 0.214652 -0.06088 1.61182 0.272593 -0.247489 1.67035 0.20383 -0.23693 1.68216 0.261386 -0.415785 1.73663 0.203652 -0.415959 1.79122 0.185731 -0.6017 1.58639 0.253854 -0.279443 1.4282 0.254831 -0.322809 1.57186 0.223685 -0.507309 1.62049 0.215136 -0.43769 0 1.4803 -0.378309 0.060367 1.4994 -0.176956 0 1.51448 -0.172617 0.086533 1.45893 -0.378501 0.089599 1.47881 -0.219753 0.088091 1.48165 -0.163871 0.089238 1.42814 -0.315956 0.085781 1.42138 -0.397056 0.064569 1.44281 -0.39842 0 1.4589 -0.398098 0.080342 1.51137 -0.040533 0.087483 1.45972 -0.074751 0.084951 1.46946 -0.017483 0.046964 1.51292 -0.004395 0 1.53816 -0.038878 0 1.53405 -0.0002 0.088099 1.4506 -0.126263 0.088511 1.43481 -0.253199 -0.064569 1.44281 -0.39842 -0.086533 1.45893 -0.378501 -0.060367 1.4994 -0.176956 -0.089599 1.47881 -0.219753 -0.088091 1.48165 -0.163871 -0.089238 1.42814 -0.315956 -0.085781 1.42138 -0.397056 -0.046964 1.51292 -0.004395 -0.080342 1.51137 -0.040533 -0.084951 1.46946 -0.017483 -0.087483 1.45972 -0.074751 -0.088099 1.4506 -0.126263 -0.088511 1.43481 -0.253199 0.69988 0.894104 -0.216317 0.683277 0.865992 -0.16308 0.693218 0.915472 -0.219823 0.660289 0.888479 -0.267134 0.701772 0.831299 -0.224487 0.689053 0.745864 -0.233119 0.226551 1.45908 -0.167422 0.165029 1.44717 -0.138529 0.151736 1.47581 -0.162955 0.219467 1.43978 -0.146671 0.152052 1.47097 -0.229965 0.089599 1.47881 -0.219753 0.088091 1.48165 -0.163871 0.226472 1.45637 -0.229727 0.318818 1.42567 -0.177072 0.317797 1.42341 -0.237486 0.407327 1.38082 -0.182185 0.35617 1.38642 -0.16163 0.257766 1.42509 -0.151092 0.406388 1.37878 -0.241032 0.486985 1.31937 -0.18673 0.483413 1.31915 -0.249301 0.549182 1.24489 -0.190493 0.545495 1.24313 -0.255804 0.471525 1.28299 -0.272586 0.542162 1.17918 -0.274011 0.597621 1.16734 -0.256679 0.600161 1.16755 -0.187586 0.577746 1.13483 -0.277678 0.635432 1.08383 -0.185427 0.634843 1.0825 -0.25749 0.654633 1.03604 -0.185905 0.61473 1.03074 -0.164224 0.588166 1.07103 -0.168244 0.654112 1.03455 -0.257497 0.673377 0.985191 -0.187567 0.671946 0.973728 -0.261375 0.684883 0.954801 -0.217951 0.646287 0.986076 -0.281057 0.654697 0.968558 -0.163137 0.576176 1.12554 -0.167596 0.5291 1.22868 -0.170755 0.500636 1.24693 -0.15894 0.485755 1.27501 -0.16893 0.471056 1.29022 -0.168227 0.454051 1.32362 -0.167547 0.417462 1.34568 -0.165399 0.639358 0.993544 -0.162661 0.468195 1.20323 -0.578717 0.3506 1.32435 -0.539254 0.353106 1.3415 -0.580997 0.462346 1.19091 -0.53729 0.418673 1.21252 -0.616324 0.338707 1.31059 -0.619505 0.188857 1.38379 -0.545137 0.2294 1.35868 -0.614617 0.139322 1.3836 -0.613729 0.513516 1.1447 -0.576564 0.513685 1.11509 -0.530268 0.552904 1.08358 -0.570729 0.535016 1.07833 -0.526683 0.138711 1.3941 -0.542734 0.095272 1.37499 -0.615571 0.102121 1.40848 -0.585046 0.095641 1.40266 -0.535579 0.094302 1.39716 -0.534408 0.50233 1.09878 -0.610084 0.474603 1.14232 -0.616161 0.564411 0.982353 -0.549671 0.586016 1.01262 -0.542877 0.575675 1.03726 -0.58316 0.565904 1.0619 -0.527417 0.552904 1.08358 -0.570729 0.535016 1.07833 -0.526683 0.557708 1.05639 -0.472551 0.613254 1.01475 -0.404779 0.626101 0.959298 -0.417157 0.613102 0.92994 -0.413562 0.684883 0.954801 -0.217951 0.615455 1.01008 -0.339022 0.586537 1.02772 -0.400541 0.693218 0.915472 -0.219823 0.660289 0.888479 -0.267134 0.646287 0.986076 -0.281057 1.04047 0.564337 -2.70921 0.785401 0.591964 -3.07954 0.759504 0.562609 -2.71408 0.765868 0.677368 -2.6407 1.06912 0.665184 -2.63422 1.03875 0.741176 -2.71892 0.761111 0.753661 -2.72569 1.28463 0.580878 -2.82489 1.28146 0.729748 -2.82452 1.32954 0.656815 -2.7321 1.48065 0.683155 -2.98277 1.32954 0.656815 -2.7321 1.48065 0.683155 -2.98277 1.02596 0.697654 -3.23793 1.05382 0.679445 -3.31743 0.787889 0.758062 -3.08442 1.00547 0.707042 -2.77122 0.755413 0.719799 -2.77999 0.647256 0.763526 -3.06313 0.753811 0.699846 -3.33761 0.653302 0.70771 -3.21684 0.96023 0.689238 -3.40816 0.960564 0.702154 -3.25776 0.513779 0.732467 -2.77948 0.524168 0.771957 -3.02334 0.310778 0.749275 -2.74767 0.556589 0.711896 -3.19225 0.44639 0.710517 -3.30794 0.516703 0.766052 -2.72352 0.302727 0.761451 -2.67139 0.547954 0.689753 -2.62683 0.242564 0.689065 -2.50544 0.517572 0.560579 -2.71233 0.290178 0.680827 -3.1104 0.190723 0.7536 -2.64046 0.521571 0.584741 -3.01848 0.697918 0.587089 -3.07302 0.555831 0.660699 -3.19357 0.652442 0.661749 -3.21723 0.446555 0.669528 -3.30872 0.127531 0.776613 -2.78921 0.331955 0.748818 -2.93827 0.290178 0.680827 -3.1104 0.752572 0.656123 -3.33745 0.959813 0.648956 -3.40777 0.960889 0.646259 -3.25813 1.02338 0.641737 -3.23657 1.05407 0.632269 -3.31312 0.582482 1.00946 -0.592301 0.564411 0.982353 -0.549671 0.575675 1.03726 -0.58316 0.529603 1.02779 -0.653309 0.587392 0.961555 -0.624768 0.582483 0.889297 -0.670141 0.424583 1.48491 0.648449 0.551078 1.3675 0.612538 0.585461 1.40372 0.646356 0.408197 1.45574 0.615454 0.260709 1.49282 0.599888 0.240077 1.54211 0.618354 0.096321 1.54454 0.554821 0.078614 1.57276 0.566905 0.092179 1.5766 0.600843 0.688883 1.26262 0.643252 0.649747 1.23838 0.610645 0.685843 1.15342 0.605245 0.762785 1.13497 0.632084 0.061882 1.61793 0.588188 0.035696 1.58552 0.570121 0 1.59209 0.570609 0 1.63345 0.578877 -0.061882 1.61793 0.588188 0.718346 1.06347 0.597624 0.793779 0.984414 0.617419 0.741665 0.98413 0.588834 0.747089 0.915432 0.582559 0.763731 0.855592 0.614669 0.751011 0.858554 0.578792 -0.035696 1.58552 0.570121 -0.078614 1.57276 0.566905 -0.092179 1.5766 0.600843 -0.240077 1.54211 0.618354 -0.096321 1.54454 0.554821 -0.260709 1.49282 0.599888 -0.424583 1.48491 0.648449 -0.408197 1.45574 0.615454 -0.551078 1.3675 0.612538 -0.585461 1.40372 0.646356 -0.688883 1.26262 0.643252 -0.649747 1.23838 0.610645 -0.685843 1.15342 0.605245 -0.762785 1.13497 0.632084 -0.718346 1.06347 0.597624 -0.793779 0.984414 0.617419 -0.741665 0.98413 0.588834 -0.747089 0.915432 0.582559 -0.763731 0.855592 0.614669 -0.751011 0.858554 0.578792 0.046964 1.51292 -0.004395 0.084951 1.46946 -0.017483 0 1.53405 -0.0002 0.064331 1.57006 0.41727 0 1.6002 0.415088 0.06805 1.59589 0.556761 0 1.62259 0.554138 0 1.59209 0.570609 0.035696 1.58552 0.570121 0.078614 1.57276 0.566905 -0.06805 1.59589 0.556761 0.096321 1.54454 0.554821 0.096641 1.54231 0.478555 0.095283 1.53993 0.41783 -0.035696 1.58552 0.570121 -0.078614 1.57276 0.566905 -0.096321 1.54454 0.554821 -0.096641 1.54231 0.478555 -0.095283 1.53993 0.41783 -0.046964 1.51292 -0.004395 -0.084951 1.46946 -0.017483 0.807413 0.170829 0.26296 0.991126 0.1923 0.167064 0.98309 0.166552 0.2466 0.75912 0.157008 -0.073533 1.00728 0.208382 -0.191995 0.775255 0.221128 -0.129077 1.09722 0.18823 0.166143 1.21536 0.183968 0.146104 1.12682 0.201908 -0.184809 1.20642 0.198972 -0.199907 1.36565 0.173437 -0.174932 1.27042 0.197848 -0.233892 1.39925 0.200488 -0.27654 0.693189 0.165325 -0.10968 0.693803 0.240705 -0.160891 0.649946 0.251818 -0.110254 0.645435 0.152122 -0.036924 0.722673 0.181175 0.298099 0.663305 0.178939 0.305613 0.687513 0.276839 0.368597 0.626391 0.105803 0.862812 0.66734 0.338632 0.82196 0.623416 0.078035 0.590915 0.724886 0.46717 0.690283 0.728534 0.570187 0.677288 0.734824 0.489188 0.50379 0.741679 0.596797 0.493059 0.726006 0.586522 0.67024 0.633684 0.464028 0.947275 0.740728 0.644989 0.477039 0.747593 0.616552 0.328913 0.725266 0.690181 0.337952 0.739625 0.498858 0.31198 0.70821 0.359584 0.288934 0.70736 0.360199 0.540422 0.687513 0.276839 0.368597 0.623708 0.06426 0.32127 0.518323 -0.101959 0.605698 0.512569 -0.100517 0.303147 0.50804 -0.08661 0.894297 0.327621 -0.183719 0.610634 0.320122 -0.168139 0.906746 0 -0.217692 0.606937 0 -0.197203 0.909671 0 -0.216531 0.30872 0.324243 -0.183593 0.300558 0.503059 -0.0269 1.13186 0.314467 -0.102209 1.15109 0 -0.126833 1.15775 0.309783 -0.054709 1.40412 -0.320122 -0.168139 0.906746 -0.327621 -0.183719 0.610634 -0.324243 -0.183593 0.300558 -0.50804 -0.08661 0.894297 -0.518323 -0.101959 0.605698 -0.623416 0.078035 0.590915 -0.66734 0.338632 0.82196 -0.724886 0.46717 0.690283 -0.728534 0.570187 0.677288 -0.734824 0.489188 0.50379 -0.741679 0.596797 0.493059 -0.698735 0.557166 0.841407 -0.726006 0.586522 0.67024 -0.633684 0.464028 0.947275 -0.740728 0.644989 0.477039 -0.747593 0.616552 0.328913 -0.725266 0.690181 0.337952 -0.739625 0.498858 0.31198 -0.70821 0.359584 0.288934 -0.70736 0.360199 0.540422 -0.687513 0.276839 0.368597 -0.623708 0.06426 0.32127 -0.512569 -0.100517 0.303147 0.623708 0.06426 0.32127 0.687513 0.276839 0.368597 0.663305 0.178939 0.305613 0.645435 0.152122 -0.036924 0.583557 0.06525 -0.184228 0.647166 0.256807 -0.161945 0.649946 0.251818 -0.110254 0.688127 0.347128 -0.037968 0.70821 0.359584 0.288934 0.512569 -0.100517 0.303147 0.484132 -0.069173 -0.173342 0.324243 -0.183593 0.300558 0.314355 -0.152802 -0.16643 0 -0.19393 -0.162946 0 -0.216531 0.30872 0 -0.14995 -0.409109 0.300022 -0.096016 -0.409166 0 -0.088405 -0.630107 0.276134 -0.020659 -0.653652 0 -0.019002 -0.846757 0.259117 0.051321 -0.879377 0 0.119639 -1.13899 0.473023 0.069961 -0.680061 0.427527 0.140097 -0.913783 0.475973 0.191109 -0.900516 0.559614 0.252182 -0.697786 0.551325 0.178602 -0.648052 0.55349 0.181172 -0.644641 0.508045 0.122276 -0.695908 0.541717 0.070956 -0.407801 0.613258 0.253049 -0.409241 0.593028 0.417528 -0.660676 0.646884 0.396605 -0.412721 0.570123 0.127872 -0.715625 0.521357 0.177625 -0.933888 0.475973 0.191109 -0.900516 0.624405 0.1335 -0.739609 0.695418 0.13594 -0.780844 0.636931 0.175246 -0.993746 0.789444 0.150242 -0.907402 0.645396 0.190405 -0.685945 0.580482 0.188039 -0.656733 0.623702 0.246536 -0.735708 0.718691 0.190866 -0.748468 0.695552 0.246146 -0.777668 0.522214 0.224034 -0.932929 0.555573 0.246857 -0.722415 0.475973 0.191109 -0.900516 0.559614 0.252182 -0.697786 0.551325 0.178602 -0.648052 0.508045 0.122276 -0.695908 0.507591 0.428436 0.94918 0.44103 0.471471 0.867442 0.541428 0.471336 0.945784 0.633684 0.464028 0.947275 0.72914 0.637246 0.959308 0.753814 0.809423 1.07647 0.771339 0.804792 1.15368 0.777576 0.747476 1.14741 0.771679 0.721561 1.12823 0.750614 0.813149 1.00835 0.776772 0.870188 1.05287 0.764714 0.852528 0.94188 0.773823 0.884195 0.933521 0.771885 0.885503 0.852788 0.760306 0.867795 0.82671 0.763731 0.855592 0.614669 0.77525 0.837267 1.10831 1.78993 0.149167 -0.599326 1.73663 0.203652 -0.415959 1.79122 0.185731 -0.6017 1.68576 0.141006 -0.408278 1.67035 0.20383 -0.23693 1.63146 0.142094 -0.259601 1.61212 0.160626 -0.429961 1.58113 0.171103 -0.276125 1.56944 0.184579 -0.50695 1.42617 0.208101 -0.326251 1.53958 0.172695 -0.093899 1.57337 0.146543 -0.075115 1.61232 0.214652 -0.06088 1.37892 0.170901 -0.238855 0.45916 0.55194 -2.0935 0.541453 0.62245 -1.9558 0.397685 0.556436 -2.0659 0.478923 0.619271 -1.87477 0.334808 0.560506 -2.02237 0.399373 0.62227 -1.80745 0.492646 0.56436 -1.82728 0.409 0.563687 -1.7602 0.575036 0.567933 -1.9159 0.322442 0.539758 -1.98356 0.362419 0.613126 -1.77574 0.368704 0.564598 -1.73151 0.356742 0.512474 -1.77568 0.396102 0.507155 -1.80419 0.322442 0.539758 -1.98356 0.334524 0.514505 -2.01819 0.483222 0.510589 -1.86807 0.398864 0.510845 -2.06217 0.546685 0.513263 -1.94768 0.463233 0.505798 -2.08795 0.523473 0.51521 -2.12019 0.073496 1.43165 -0.590237 0.102121 1.40848 -0.585046 0.086382 1.45339 -0.420647 0.0746 1.37603 -0.756668 0 1.41446 -0.759851 0 1.45232 -0.592453 0 1.38181 -0.766033 0.051656 1.37472 -0.762702 0.085792 1.35168 -0.764164 0.093575 1.4037 -0.488597 0.085781 1.42138 -0.397056 0.064569 1.44281 -0.39842 0 1.47478 -0.419944 0 1.4589 -0.398098 0.090124 1.36396 -0.69181 0.094302 1.39716 -0.534408 0.095272 1.37499 -0.615571 -0.073496 1.43165 -0.590237 -0.0746 1.37603 -0.756668 -0.102121 1.40848 -0.585046 -0.086382 1.45339 -0.420647 -0.051656 1.37472 -0.762702 -0.085792 1.35168 -0.764164 -0.064569 1.44281 -0.39842 -0.085781 1.42138 -0.397056 -0.093575 1.4037 -0.488597 -0.090124 1.36396 -0.69181 -0.094302 1.39716 -0.534408 -0.095272 1.37499 -0.615571 0.164524 1.28094 -1.003 0.110123 1.31324 -1.04059 0.135212 1.26461 -1.1175 0.068431 1.28907 -1.06963 0.095268 1.30593 -1.01341 0.613102 0.92994 -0.413562 0.660289 0.888479 -0.267134 0.529603 1.02779 -0.653309 1.27083 0.244639 -0.234938 1.39991 0.239379 -0.276103 0 1.54109 1.8281 0.362419 0.613126 -1.77574 0.368704 0.564598 -1.73151 0.356742 0.512474 -1.77568 0.719055 0.646111 0.870014 0.765577 0.767217 1.2829 0.763194 0.752369 1.27358 0.687486 0.534017 0.943377 0.726006 0.586522 0.67024 0.088099 1.4506 -0.126263 0.354984 1.37722 -0.264787 0.239145 1.41982 -0.259284 0.088511 1.43481 -0.253199 0.599188 1.08421 -0.278826 0.775255 0.221128 -0.129077 1.00728 0.208382 -0.191995 1.00854 0.252416 -0.19291 1.12826 0.250985 -0.185753 1.12682 0.201908 -0.184809 1.20758 0.248454 -0.200991 1.20642 0.198972 -0.199907 1.27083 0.244639 -0.234938 1.27042 0.197848 -0.233892 1.39991 0.239379 -0.276103 1.39925 0.200488 -0.27654 1.38727 0.235168 -0.172538 1.36565 0.173437 -0.174932 1.37097 0.215008 -0.235741 1.37892 0.170901 -0.238855 1.42617 0.208101 -0.326251 1.4282 0.254831 -0.322809 1.57186 0.223685 -0.507309 1.56944 0.184579 -0.50695 1.62049 0.215136 -0.43769 1.61212 0.160626 -0.429961 1.79122 0.185731 -0.6017 1.78993 0.149167 -0.599326 0.521357 0.177625 -0.933888 0.522214 0.224034 -0.932929 0.475973 0.191109 -0.900516 0.637387 0.220981 -0.993336 0.334808 0.560506 -2.02237 0.322442 0.539758 -1.98356 0.334524 0.514505 -2.01819 0.397685 0.556436 -2.0659 0.398864 0.510845 -2.06217 0.45916 0.55194 -2.0935 0.463233 0.505798 -2.08795 0.523473 0.51521 -2.12019 0.517011 0.561907 -2.12253 0.620153 0.530459 -2.16541 0.619191 0.568891 -2.16654 0.446555 0.669528 -3.30872 0.44639 0.710517 -3.30794 0.290178 0.680827 -3.1104 0.556589 0.711896 -3.19225 0.555831 0.660699 -3.19357 0.653302 0.70771 -3.21684 0.652442 0.661749 -3.21723 0.753811 0.699846 -3.33761 0.752572 0.656123 -3.33745 0.96023 0.689238 -3.40816 0.959813 0.648956 -3.40777 0.960889 0.646259 -3.25813 0.960564 0.702154 -3.25776 1.02596 0.697654 -3.23793 1.02338 0.641737 -3.23657 1.05382 0.679445 -3.31743 1.05407 0.632269 -3.31312 1.14374 0.676535 -3.36203 -0.687486 0.534017 0.943377 -0.760306 0.867795 0.82671 -0.821187 0.847861 0.646336 -0.763731 0.855592 0.614669 -0.784554 0.865709 0.86525 -0.863066 0.779428 0.657083 -0.814213 0.807672 0.879921 -0.811029 0.855108 0.507071 -0.740464 0.848307 0.520931 -0.856039 0.779382 0.500556 -0.764714 0.852528 0.94188 -0.776971 0.816696 0.978009 -0.791729 0.751645 0.887217 -0.780302 0.772065 0.977056 -0.755815 0.746245 0.975663 -0.752537 0.768245 1.0146 -0.745818 0.753843 0.88174 -0.786925 0.73205 0.666006 -0.825017 0.718283 0.662997 -0.783047 0.72593 0.578055 -0.819404 0.720635 0.49734 -0.750614 0.813149 1.00835 -0.779555 0.736403 0.495198 -0.713842 0.766836 0.354366 -0.687486 0.534017 0.943377 -0.780365 0.598063 0.831481 -0.727697 0.536942 0.831384 -0.678904 0.546912 0.843189 -0.726006 0.586522 0.67024 -0.742342 0.612073 0.666384 -0.740728 0.644989 0.477039 -0.731719 0.626729 0.666608 -0.756737 0.65977 0.841551 -0.719055 0.646111 0.870014 -0.713842 0.766836 0.354366 -0.779555 0.736403 0.495198 -0.797351 0.742922 0.488587 -0.807775 0.679048 0.478868 -0.759279 0.638236 0.476913 -0.740728 0.644989 0.477039 -0.759792 0.622292 0.571168 -0.817941 0.696575 0.573413 -0.815758 0.66265 0.665749 -0.808873 0.733059 0.663647 -0.783047 0.72593 0.578055 -0.786925 0.73205 0.666006 -0.77979 0.7535 0.876484 -0.745818 0.753843 0.88174 -0.797506 0.693998 0.877647 -0.7628 0.639335 0.87563 -0.760338 0.619783 0.665806 -0.719055 0.646111 0.870014 -0.731719 0.626729 0.666608 -0.095268 1.30593 -1.01341 -0.092076 1.32355 -0.986457 -0.130706 1.32275 -0.978116 -0.099472 1.31407 -0.936687 -0.10299 1.31506 -0.93434 -0.174668 1.30419 -0.923818 -0.182454 1.3149 -0.971388 -0.236013 1.29712 -0.96766 -0.23905 1.28332 -0.9181 -0.164524 1.28094 -1.003 -0.286875 1.2418 -0.993674 -0.309058 1.2616 -0.96601 -0.387587 1.18625 -0.867711 -0.387213 1.23556 -0.856203 -0.28906 1.26137 -0.913395 -0.361346 1.23184 -0.816485 -0.470426 1.1622 -0.746238 -0.432805 1.18793 -0.721032 -0.453643 1.12154 -0.75633 -0.50233 1.09878 -0.610084 -0.540487 1.08754 -0.619375 -0.543845 1.03788 -0.640102 -0.529603 1.02779 -0.653309 -0.575675 1.03726 -0.58316 -0.552904 1.08358 -0.570729 -0.703647 0.933323 -0.166356 -0.716329 0.907475 -0.056039 -0.679497 0.960901 -0.159825 -0.654697 0.968558 -0.163137 -0.684883 0.954801 -0.217951 -0.698962 0.831286 -0.069623 -0.706145 0.889592 -0.175095 -0.694294 0.832113 -0.069372 -0.693218 0.915472 -0.219823 -0.683277 0.865992 -0.16308 -1.20837 0.15041 0.215138 -1.24484 0.240903 0.333973 -1.10943 0.160749 0.282567 -1.36413 0.148404 0.199299 -1.10648 0.253446 0.329289 -1.39226 0.241886 0.248196 -1.56847 0.220467 0.094107 -1.53794 0.155417 0.094824 -1.23673 0.331539 0.286566 -1.11092 0.339576 0.278512 -1.49185 0.174433 0.060549 -1.33664 0.181311 0.147334 -1.36245 0.330945 0.195734 -1.53885 0.31016 0.088747 -1.56847 0.220467 0.094107 -0.977214 0.264843 0.282269 -0.985436 0.348794 0.219914 -0.858077 0.346633 0.26311 -0.861613 0.263749 0.321812 -0.994009 0.293369 0.162152 -0.746066 0.352877 0.270166 -0.809121 0.327516 -0.081079 -1.00854 0.252416 -0.19291 -0.744718 0.273432 0.342921 -0.775255 0.221128 -0.129077 -1.10009 0.289941 0.163572 -1.12826 0.250985 -0.185753 -1.21665 0.285726 0.146307 -1.20758 0.248454 -0.200991 -1.33581 0.290914 0.144977 -1.38727 0.235168 -0.172538 -0.712344 0.329496 -0.110603 -0.688127 0.347128 -0.037968 -0.70821 0.359584 0.288934 -0.649946 0.251818 -0.110254 -0.693803 0.240705 -0.160891 -1.48979 0.271215 0.055135 -1.37097 0.215008 -0.235741 -1.57227 0.292232 -0.071644 -1.5359 0.26018 -0.0919 -1.61232 0.214652 -0.06088 -1.61182 0.272593 -0.247489 -1.67035 0.20383 -0.23693 -1.68216 0.261386 -0.415785 -1.73663 0.203652 -0.415959 -1.79122 0.185731 -0.6017 -1.58639 0.253854 -0.279443 -1.4282 0.254831 -0.322809 -1.57186 0.223685 -0.507309 -1.62049 0.215136 -0.43769 -0.683277 0.865992 -0.16308 -0.69988 0.894104 -0.216317 -0.693218 0.915472 -0.219823 -0.660289 0.888479 -0.267134 -0.701772 0.831299 -0.224487 -0.689053 0.745864 -0.233119 -0.165029 1.44717 -0.138529 -0.226551 1.45908 -0.167422 -0.151736 1.47581 -0.162955 -0.219467 1.43978 -0.146671 -0.152052 1.47097 -0.229965 -0.089599 1.47881 -0.219753 -0.088091 1.48165 -0.163871 -0.239145 1.41982 -0.259284 -0.088511 1.43481 -0.253199 -0.226472 1.45637 -0.229727 -0.318818 1.42567 -0.177072 -0.317797 1.42341 -0.237486 -0.407327 1.38082 -0.182185 -0.406388 1.37878 -0.241032 -0.486985 1.31937 -0.18673 -0.483413 1.31915 -0.249301 -0.54913 1.24491 -0.190428 -0.545495 1.24313 -0.255804 -0.471525 1.28299 -0.272586 -0.542162 1.17918 -0.274011 -0.597621 1.16734 -0.256679 -0.600161 1.16755 -0.187586 -0.52904 1.22896 -0.170995 -0.576176 1.12554 -0.167596 -0.577746 1.13483 -0.277678 -0.635432 1.08383 -0.185427 -0.634843 1.0825 -0.25749 -0.654633 1.03604 -0.185905 -0.61473 1.03074 -0.164224 -0.588166 1.07103 -0.168244 -0.654112 1.03455 -0.257497 -0.673377 0.985191 -0.187567 -0.671946 0.973728 -0.261375 -0.684883 0.954801 -0.217951 -0.646287 0.986076 -0.281057 -0.654697 0.968558 -0.163137 -0.639358 0.993544 -0.162661 -0.599188 1.08421 -0.278826 -0.485853 1.275 -0.16908 -0.471056 1.29022 -0.168227 -0.454051 1.32362 -0.167547 -0.417462 1.34568 -0.165399 -0.35617 1.38642 -0.16163 -0.257766 1.42509 -0.151092 -0.564411 0.982353 -0.549671 -0.608459 0.847511 -0.574374 -0.582483 0.889297 -0.670141 -0.632011 0.610193 -0.618265 -0.582298 0.629094 -0.87231 -0.542529 0.878595 -0.862303 -0.51923 0.657087 -1.15673 -0.490736 0.492306 -1.15457 -0.407142 0.522818 -1.49769 -0.426133 0.648588 -1.50202 -0.347948 0.40079 -1.49484 -0.366445 0.560253 -1.73157 -0.349797 0.493319 -1.77554 -0.291983 0.463002 -1.81895 -0.200259 0.299916 -1.48956 -0.403669 0.310323 -1.15309 -0.55274 0.439262 -0.889798 -0.562411 0.257752 -0.684998 -0.236582 0.179903 -1.14666 -0.48654 0.874397 -1.16657 -0.356721 1.09772 -1.17622 -0.406138 0.835479 -1.50686 -0.362513 0.621743 -1.77882 -0.333793 0.792575 -1.82634 -0.268348 0.957446 -1.84491 -0.228036 0.887435 -2.18897 -0.272392 0.740467 -2.17358 -0.316915 0.534311 -1.99301 -0.165713 0.477351 -2.1631 -0.177626 0.407638 -1.82574 0 0.368246 -1.83734 0 0.245166 -1.48369 -0.312989 1.023 -1.51229 0 0.119639 -1.13899 -0.259117 0.051321 -0.879377 0 -0.019002 -0.846757 -0.322442 0.539758 -1.98356 -0.276134 -0.020659 -0.653652 0 -0.088405 -0.630107 -0.300022 -0.096016 -0.409166 0 -0.14995 -0.409109 -0.314355 -0.152802 -0.16643 0 -0.19393 -0.162946 -0.324243 -0.183593 0.300558 0 -0.216531 0.30872 -0.356742 0.512474 -1.77568 -0.368704 0.564598 -1.73151 -0.362419 0.613126 -1.77574 -0.484132 -0.069173 -0.173342 -0.512569 -0.100517 0.303147 -0.583557 0.06525 -0.184228 -0.623708 0.06426 0.32127 -0.645435 0.152122 -0.036924 -0.663305 0.178939 0.305613 -0.687513 0.276839 0.368597 -0.647166 0.256807 -0.161945 -0.649946 0.251818 -0.110254 -0.688127 0.347128 -0.037968 -0.679114 0.377375 -0.223967 -0.69876 0.550252 -0.23774 -0.689053 0.745864 -0.233119 -0.683277 0.865992 -0.16308 -0.725266 0.690181 0.337952 -0.673879 0.579988 -0.4138 -0.650677 0.794775 -0.414409 -0.613102 0.92994 -0.413562 -0.660289 0.888479 -0.267134 -0.646884 0.396605 -0.412721 -0.593028 0.417528 -0.660676 -0.613258 0.253049 -0.409241 -0.541717 0.070956 -0.407801 -0.55349 0.181172 -0.644641 -0.551325 0.178602 -0.648052 -0.427527 0.140097 -0.913783 -0.473023 0.069961 -0.680061 -0.508045 0.122276 -0.695908 -0.654697 0.968558 -0.163137 -0.639358 0.993544 -0.162661 -0.659409 1.03067 -0.054098 -0.61473 1.03074 -0.164224 -0.367472 1.40328 -0.034009 -0.257766 1.42509 -0.151092 -0.35617 1.38642 -0.16163 -0.165029 1.44717 -0.138529 -0.087483 1.45972 -0.074751 -0.088099 1.4506 -0.126263 -0.219467 1.43978 -0.146671 -0.464044 1.33282 -0.041349 -0.417462 1.34568 -0.165399 -0.454051 1.32362 -0.167547 -0.471056 1.29022 -0.168227 -0.581549 1.17039 -0.052363 -0.485853 1.275 -0.16908 -0.52904 1.22896 -0.170995 -0.576176 1.12554 -0.167596 -0.588166 1.07103 -0.168244 -0.586016 1.01262 -0.542877 -0.564411 0.982353 -0.549671 -0.575675 1.03726 -0.58316 -0.565904 1.0619 -0.527417 -0.552904 1.08358 -0.570729 -0.535016 1.07833 -0.526683 -0.557708 1.05639 -0.472551 -0.613254 1.01475 -0.404779 -0.626101 0.959298 -0.417157 -0.613102 0.92994 -0.413562 -0.684883 0.954801 -0.217951 -0.615455 1.01008 -0.339022 -0.586537 1.02772 -0.400541 -0.693218 0.915472 -0.219823 -0.660289 0.888479 -0.267134 -0.646287 0.986076 -0.281057 -0.785401 0.591964 -3.07954 -1.04047 0.564337 -2.70921 -0.759504 0.562609 -2.71408 -0.765868 0.677368 -2.6407 -1.06912 0.665184 -2.63422 -1.03875 0.741176 -2.71892 -0.761111 0.753661 -2.72569 -1.28463 0.580878 -2.82489 -1.28146 0.729748 -2.82452 -1.32954 0.656815 -2.73209 -1.48065 0.683155 -2.98277 -1.38427 0.752482 -3.03169 -1.32954 0.656815 -2.73209 -1.48065 0.683155 -2.98277 -1.21172 0.749486 -3.1501 -1.14374 0.676535 -3.36203 -1.02596 0.697654 -3.23793 -1.05382 0.679445 -3.31742 -1.32953 0.668441 -3.45979 -0.787889 0.758062 -3.08442 -1.00547 0.707042 -2.77122 -0.755413 0.719799 -2.77999 -0.647256 0.763526 -3.06313 -0.753811 0.699846 -3.33761 -0.653302 0.70771 -3.21684 -0.96023 0.689238 -3.40816 -0.960564 0.702154 -3.25776 -0.513779 0.732467 -2.77948 -0.524168 0.771957 -3.02334 -0.310778 0.749275 -2.74767 -0.556589 0.711896 -3.19225 -0.44639 0.710517 -3.30794 -0.516703 0.766052 -2.72352 -0.302727 0.761451 -2.67139 -0.547954 0.689753 -2.62683 -0.301043 0.682471 -2.54163 -0.242564 0.689065 -2.50544 -0.517572 0.560579 -2.71233 -0.336327 0.575968 -2.94281 -0.155279 0.663343 -3.02696 -0.290178 0.680827 -3.1104 -0.190723 0.7536 -2.64046 -0.331955 0.748818 -2.93827 -0.155279 0.663343 -3.02696 -0.290178 0.680827 -3.1104 -0.521571 0.584741 -3.01848 -0.697918 0.587089 -3.07302 -0.555831 0.660699 -3.19357 -0.652442 0.661749 -3.21723 -0.446555 0.669528 -3.30872 -0.752572 0.656123 -3.33745 -0.959813 0.648956 -3.40777 -0.960889 0.646259 -3.25813 -1.02338 0.641737 -3.23657 -1.05407 0.632269 -3.31312 -0.564411 0.982353 -0.549671 -0.582482 1.00946 -0.592301 -0.575675 1.03726 -0.58316 -0.529603 1.02779 -0.653309 -0.587392 0.961555 -0.624768 -0.582483 0.889297 -0.670141 -0.807413 0.170829 0.26296 -0.98309 0.166552 0.2466 -0.991126 0.1923 0.167064 -0.75912 0.157008 -0.073533 -1.00728 0.208382 -0.191995 -0.775255 0.221128 -0.129077 -1.09722 0.18823 0.166143 -1.21535 0.183968 0.146104 -1.12682 0.201908 -0.184809 -1.20642 0.198972 -0.199907 -1.36565 0.173437 -0.174932 -1.27042 0.197848 -0.233892 -1.39925 0.200488 -0.27654 -0.693189 0.165325 -0.10968 -0.693803 0.240705 -0.160891 -0.649946 0.251818 -0.110254 -0.645435 0.152122 -0.036924 -0.722673 0.181175 0.298099 -0.663305 0.178939 0.305613 -0.687513 0.276839 0.368597 -0.115761 0.968634 -2.20149 -0.128317 1.05643 -1.85489 -0.14099 1.13787 -1.5139 -0.158719 1.22512 -1.1853 -0.045124 1.27917 -1.1153 -0.135212 1.26461 -1.1175 -0.286875 1.2418 -0.993674 -0.164524 1.28094 -1.003 -0.068431 1.28907 -1.06963 -0.387587 1.18625 -0.867711 -0.453643 1.12154 -0.75633 -0.529603 1.02779 -0.653309 -0.521357 0.177625 -0.933888 -0.570123 0.127872 -0.715625 -0.475973 0.191109 -0.900516 -0.624405 0.1335 -0.739609 -0.695418 0.13594 -0.780844 -0.636931 0.175246 -0.993746 -0.789444 0.150242 -0.907402 -0.849836 0.176981 -1.07814 -0.645396 0.190405 -0.685945 -0.580482 0.188039 -0.656733 -0.623702 0.246536 -0.735708 -0.718691 0.190866 -0.748468 -0.695552 0.246146 -0.777667 -0.522214 0.224034 -0.929659 -0.555573 0.246857 -0.722415 -0.475973 0.191109 -0.900516 -0.559614 0.252182 -0.697786 -0.637387 0.220981 -0.993336 -0.7883 0.241623 -0.90647 -0.84992 0.21481 -1.07817 -0.814062 0.19921 -0.893503 -0.551325 0.178602 -0.648052 -0.508045 0.122276 -0.695908 -0.72914 0.637246 0.959308 -0.752537 0.768245 1.0146 -0.753814 0.809423 1.07647 -0.771339 0.804792 1.15368 -0.777576 0.747476 1.14741 -0.750614 0.813149 1.00835 -0.776772 0.870188 1.05287 -0.764714 0.852528 0.94188 -0.755815 0.746245 0.975663 -0.773823 0.884195 0.933521 -0.771885 0.885503 0.852788 -0.760306 0.867795 0.82671 -0.763731 0.855592 0.614669 -0.77525 0.837267 1.10831 -0.723865 0.865051 0.370613 -0.674143 1.20236 0.469524 -0.568644 1.35506 0.511967 -0.556805 1.34865 0.389288 -0.433548 1.45381 0.476603 -0.551078 1.3675 0.612538 -0.408197 1.45574 0.615454 -0.248389 1.50526 0.498415 -0.260709 1.49282 0.599888 -0.096321 1.54454 0.554821 -0.096641 1.54231 0.478555 -0.252445 1.50677 0.409939 -0.095283 1.53993 0.41783 -0.503059 -0.0269 1.13186 -0.314467 -0.102209 1.15109 -1.73663 0.203652 -0.415959 -1.78993 0.149168 -0.599327 -1.79122 0.185731 -0.6017 -1.68576 0.141006 -0.408278 -1.67035 0.20383 -0.23693 -1.63146 0.142094 -0.259601 -1.61212 0.160626 -0.429961 -1.58113 0.171103 -0.276125 -1.56944 0.184579 -0.50695 -1.42617 0.208101 -0.326251 -1.53958 0.172695 -0.093899 -1.57337 0.146543 -0.075115 -1.61232 0.214652 -0.06088 -1.37892 0.170901 -0.238855 -0.614689 0.560353 -2.0268 -0.578133 0.602567 -2.04507 -0.517011 0.561907 -2.12253 -0.45916 0.55194 -2.0935 -0.541453 0.62245 -1.9558 -0.397685 0.556436 -2.0659 -0.478923 0.619271 -1.87477 -0.334808 0.560506 -2.02237 -0.399373 0.62227 -1.80745 -0.492646 0.56436 -1.82728 -0.409 0.563687 -1.7602 -0.575036 0.567933 -1.9159 -0.322442 0.539758 -1.98356 -0.362419 0.613126 -1.77574 -0.368704 0.564598 -1.73151 -0.356742 0.512474 -1.77568 -0.396102 0.507155 -1.80419 -0.322442 0.539758 -1.98356 -0.334524 0.514505 -2.01819 -0.483222 0.510589 -1.86807 -0.398864 0.510845 -2.06217 -0.546685 0.513263 -1.94768 -0.463233 0.505798 -2.08795 -0.523473 0.51521 -2.12019 -0.110123 1.31324 -1.04059 -0.164524 1.28094 -1.003 -0.135212 1.26461 -1.1175 -0.068431 1.28907 -1.06963 -0.095268 1.30593 -1.01341 -0.763731 0.855592 0.614669 -0.740464 0.848307 0.520931 -0.751011 0.858554 0.578792 -1.27083 0.244639 -0.234938 -1.39991 0.239379 -0.276103 -0.056424 1.60254 1.02525 0 1.61661 1.02913 -0.047614 1.60553 1.01707 -0.067828 1.58513 1.01329 -0.071862 1.60453 0.998866 -0.009383 1.62423 1.00258 0.002044 1.62117 0.943719 -0.065247 1.60953 0.937882 -0.081577 1.60759 0.918891 -0.082692 1.59436 0.936645 -0.70821 0.359584 0.288934 -0.585461 1.40372 0.646356 -0.370106 0.479281 0.786558 -0.441041 0.471457 0.867439 -0.541428 0.471336 0.945784 -0.633684 0.464028 0.947275 -0.719055 0.646111 0.870014 -0.678904 0.546912 0.843189 -0.680003 0.516065 0.938987 -0.698735 0.557166 0.841407 -0.687486 0.534017 0.943377 -0.726006 0.586522 0.67024 -0.061882 1.61793 0.588188 -0.094302 1.39716 -0.534408 -0.093575 1.4037 -0.488597 -0.095641 1.40266 -0.535579 -0.138711 1.3941 -0.542734 -0.188857 1.38379 -0.545137 -0.221227 1.38532 -0.488174 -0.085781 1.42138 -0.397056 -0.233825 1.39902 -0.400083 -0.089238 1.42814 -0.315956 -0.245164 1.40811 -0.325721 -0.360962 1.34147 -0.402088 -0.367386 1.35355 -0.330995 -0.354281 1.33024 -0.467345 -0.354984 1.37722 -0.264787 -0.239145 1.41982 -0.259284 -0.478154 1.23006 -0.403485 -0.47136 1.21091 -0.469121 -0.3506 1.32435 -0.539254 -0.462346 1.19091 -0.53729 -0.510704 1.13727 -0.471061 -0.513685 1.11509 -0.530268 -0.535016 1.07833 -0.526683 -0.557708 1.05639 -0.472551 -0.088511 1.43481 -0.253199 -0.471525 1.28299 -0.272586 -0.523797 1.1932 -0.330764 -0.542162 1.17918 -0.274011 -0.577746 1.13483 -0.277678 -0.561032 1.11561 -0.34604 -0.599188 1.08421 -0.278826 -0.615455 1.01008 -0.339022 -0.646287 0.986076 -0.281057 -0.536833 1.12607 -0.406238 -0.586537 1.02772 -0.400541 -0.649747 1.23838 0.610645 -0.685843 1.15342 0.605245 -0.709751 1.10355 0.49134 -0.718346 1.06347 0.597624 -0.741665 0.98413 0.588834 -0.737697 0.959312 0.452016 -0.740464 0.848307 0.520931 -0.747089 0.915432 0.582559 -0.751011 0.858554 0.578792 -0.088099 1.4506 -0.126263 -0.354984 1.37722 -0.264787 -0.468195 1.20323 -0.578717 -0.3506 1.32435 -0.539254 -0.462346 1.19091 -0.53729 -0.353106 1.3415 -0.580997 -0.513516 1.1447 -0.576564 -0.513685 1.11509 -0.530268 -0.552904 1.08358 -0.570729 -0.535016 1.07833 -0.526683 -0.188857 1.38379 -0.545137 -0.2294 1.35868 -0.614617 -0.139322 1.3836 -0.613729 -0.138711 1.3941 -0.542734 -0.095272 1.37499 -0.615571 -0.102121 1.40848 -0.585046 -0.095641 1.40266 -0.535579 -0.094302 1.39716 -0.534408 -0.338707 1.31059 -0.619505 -0.50233 1.09878 -0.610084 -0.474603 1.14232 -0.616161 -0.418673 1.21252 -0.616324 -1.00728 0.208382 -0.191995 -0.775255 0.221128 -0.129077 -1.00854 0.252416 -0.19291 -1.12826 0.250985 -0.185753 -1.12682 0.201908 -0.184809 -1.20758 0.248454 -0.200991 -1.20642 0.198972 -0.199907 -1.27083 0.244639 -0.234938 -1.27042 0.197848 -0.233892 -1.39991 0.239379 -0.276103 -1.39925 0.200488 -0.27654 -1.38727 0.235168 -0.172538 -1.36565 0.173437 -0.174932 -1.37097 0.215008 -0.235741 -1.37892 0.170901 -0.238855 -1.42617 0.208101 -0.326251 -1.4282 0.254831 -0.322809 -1.57186 0.223685 -0.507309 -1.56944 0.184579 -0.50695 -1.62049 0.215136 -0.43769 -1.61212 0.160626 -0.429961 -1.79122 0.185731 -0.6017 -1.78993 0.149168 -0.599327 -0.522214 0.224034 -0.929659 -0.521357 0.177625 -0.933888 -0.475973 0.191109 -0.900516 -0.322442 0.539758 -1.98356 -0.334808 0.560506 -2.02237 -0.334524 0.514505 -2.01819 -0.397685 0.556436 -2.0659 -0.398864 0.510845 -2.06217 -0.45916 0.55194 -2.0935 -0.463233 0.505798 -2.08795 -0.523473 0.51521 -2.12019 -0.44639 0.710517 -3.30794 -0.446555 0.669528 -3.30872 -0.290178 0.680827 -3.1104 -0.556589 0.711896 -3.19225 -0.555831 0.660699 -3.19357 -0.653302 0.70771 -3.21684 -0.652442 0.661749 -3.21723 -0.753811 0.699846 -3.33761 -0.752572 0.656123 -3.33745 -0.96023 0.689238 -3.40816 -0.959813 0.648956 -3.40777 -0.960889 0.646259 -3.25813 -0.960564 0.702154 -3.25776 -1.02596 0.697654 -3.23793 -1.02338 0.641737 -3.23657 -1.05382 0.679445 -3.31742 -1.05407 0.632269 -3.31312</float_array>
          <technique_common>
            <accessor source="#GeometrySource3-array" count="3024" stride="3">
              <param name="X" type="float"/>
              <param name="Y" type="float"/>
              <param name="Z" type="float"/>
            </accessor>
          </technique_common>
        </source>
        <source id="GeometrySource4" name="chr021_e_outlineNrm">
          <float_array id="GeometrySource4-array" count="9072">-0.973767 0.173735 0.14695 -0.993943 -0.035734 0.103924 -0.983378 -0.111051 0.143651 -0.975196 -0.173753 0.137126 -0.991134 -0.026276 0.13024 -0.90844 -0.380992 0.171993 -0.97148 -0.161162 0.173933 -0.88395 -0.441055 0.15525 -0.856979 -0.490569 0.157889 -0.841438 -0.523481 0.133975 -0.774718 -0.617907 0.134177 -0.84311 -0.531879 0.079181 -0.761079 -0.635696 0.129031 -0.892352 -0.387201 0.231912 -0.643627 -0.751746 0.143602 -0.680182 -0.716925 0.152879 -0.512309 -0.855569 0.074439 -0.460424 -0.882712 0.093964 -0.410378 -0.910752 0.046041 -0.362456 -0.925724 0.107981 -0.332317 -0.932709 0.140067 -0.144014 -0.983409 0.110301 -0.038211 -0.995436 0.087442 -0.132807 -0.98311 0.125922 -0.054604 -0.994454 0.089883 0.004863 -0.997792 0.066242 -0.467657 -0.87106 0.150175 -0.293022 -0.951354 0.095207 -0.643711 -0.74797 0.161795 -0.790952 -0.586079 0.175803 -0.86597 -0.460157 0.195835 -0.991466 0.095933 0.088273 -0.964838 0.129883 0.228515 -0.972156 0.028966 0.232539 -0.984246 -0.04087 0.172016 -0.985783 0.075482 0.150116 -0.975255 -0.088762 0.202484 -0.951306 -0.284458 0.118746 -0.922168 -0.373694 0.099798 -0.853582 -0.504441 0.130144 -0.417254 -0.888445 0.191219 -0.285218 -0.949306 0.13217 -0.278471 -0.94062 0.194134 -0.369475 -0.832885 0.412057 -0.691171 -0.702727 0.168692 -0.735083 -0.674056 0.072811 -0.459991 -0.8858 0.061367 -0.832512 -0.547948 0.08171 -0.164672 -0.923465 0.346549 -0.138774 -0.976962 0.162131 -0.171863 -0.957715 0.23075 -0.189935 0.143242 0.971291 -0.088173 -0.986236 0.13987 -0.816303 -0.525742 0.239258 -0.849167 -0.444384 0.285374 -0.776321 -0.578428 0.250494 -0.574537 -0.717404 0.394005 -0.90816 -0.415759 0.048896 -0.747379 0.664386 -0.004011 -0.535074 0.844802 -0.002371 -0.746538 0.66491 0.02398 -0.871882 0.486877 -0.052662 -0.733892 0.679123 -0.013924 -0.728099 0.684744 -0.031595 -0.540957 0.838087 -0.070533 -0.653258 0.751193 -0.094674 -0.272448 0.95802 0.089274 0.014367 -0.988992 0.14727 0.014371 0.998309 0.05632 -0.196632 0.979114 0.051682 0.707842 0.692132 0.14111 0.135143 0.97666 -0.166949 0.643151 0.756787 0.116746 0.2464 0.96747 -0.057342 0.206404 0.976065 -0.068521 0.331356 0.451356 -0.828542 0.000127 0.994434 -0.105358 -0.000031 0.999841 0.017843 0.073318 0.997226 -0.012807 0.248328 0.968371 -0.02431 -0.000477 0.737402 -0.675454 0.034206 0.998175 0.049757 0.000000 0.998504 0.054687 0.189388 0.970327 -0.150328 0.526811 0.849951 0.007294 0.158389 0.938657 0.306327 0 0.936049 0.35187 0.091853 0.77512 0.625102 0.24644 0.768751 0.59016 -0.000001 0.751046 0.66025 -0.193355 0.802919 0.563857 0.495556 0.801703 0.33421 0.171529 0.865666 0.470319 0.273495 0.936563 0.219204 0.179255 0.98376 0.009114 -0.153812 0.870634 0.467267 0.815246 0.563362 -0.134154 0.514225 0.774704 0.367976 0.20877 0.760174 0.615265 0.460176 0.878039 -0.131473 0.402552 0.907259 0.121789 0.448646 0.889286 0.088807 0.027086 0.911093 0.411309 0.409197 0.911639 -0.038375 0.557242 0.766428 -0.319484 0.3947 0.909199 -0.132545 0.701645 0.710392 -0.055118 0.688039 0.719748 0.092546 -0.137239 0.988542 -0.062856 -0.388089 0.921507 0.014544 -0.520651 0.85367 -0.013037 -0.479425 0.877321 0.021445 -0.664686 0.746929 -0.017045 -0.742223 0.668577 -0.045927 -0.554355 0.790069 0.26169 -0.200483 0.949182 0.242612 0.086859 0.757486 0.647047 -0.473774 0.880242 -0.026699 -0.112108 0.98673 -0.117453 -0.918868 0.382328 -0.097505 -0.777813 0.619353 -0.106817 -0.620401 0.77819 -0.097587 -0.746167 0.665603 0.014407 -0.733232 0.679273 0.030966 -0.521446 -0.566732 -0.637894 -0.26165 -0.846319 -0.463986 -0.535274 -0.729459 -0.425877 -0.265563 -0.660644 -0.702159 -0.431739 -0.331434 -0.8389 -0.226697 -0.354591 -0.907124 -0.186468 -0.123514 -0.974666 -0.385549 -0.090085 -0.918279 -0.195775 -0.050723 -0.979336 -0.382704 -0.028651 -0.923427 -0.26671 0.071247 -0.96114 -0.504736 0.091701 -0.858389 -0.935439 -0.040114 -0.351204 -0.86138 -0.311926 -0.400907 -0.944909 -0.144893 -0.29352 -0.847956 -0.161297 -0.50493 -0.677702 -0.257934 -0.688615 -0.629466 -0.051416 -0.775325 -0.822768 -0.03579 -0.567249 -0.625856 0.025892 -0.779509 -0.829679 0.056537 -0.55537 -0.791784 0.195144 -0.57879 -0.936246 0.141353 -0.321656 -0.923092 0.252845 -0.289777 -0.746042 -0.430007 -0.508444 -0.93598 0.067629 -0.345498 -0.922102 0.191919 -0.335998 -0.957171 0.166428 -0.236907 -0.97749 0.132647 -0.16407 -0.895569 0.124015 -0.427289 -0.922855 0.384908 -0.013613 -0.968928 -0.218239 -0.116406 -0.981455 0.179604 -0.066993 -0.883737 0.319048 -0.34237 -0.852214 0.518185 0.072214 -0.934842 -0.309063 -0.174788 -0.964781 -0.224599 0.136939 -0.89049 -0.454997 0.00218 -0.962568 0.237294 -0.130973 -0.893276 0.368724 0.257099 -0.986685 0.073656 -0.145006 -0.983681 0.160903 -0.080512 -0.994947 0.001772 -0.100388 -0.947547 -0.304992 -0.095572 -0.997413 -0.035661 -0.062409 -0.995516 0.051568 0.079302 -0.99393 0.109759 -0.007554 -0.993548 0.110407 -0.025935 -0.979057 0.083822 0.18553 -0.947677 0.040186 0.316693 -0.972195 0.234126 0.004702 -0.958882 0.053587 -0.278701 -0.962362 -0.023471 -0.270757 -0.932045 0.358894 0.049879 -0.885206 0.089615 -0.456485 -0.935852 0.009452 -0.352267 0.521447 -0.566732 -0.637894 0.26165 -0.846319 -0.463986 0.265563 -0.660644 -0.702158 0.431739 -0.331434 -0.8389 0.226697 -0.354591 -0.907124 0.186467 -0.123514 -0.974666 0.385549 -0.090085 -0.918279 0.195774 -0.050723 -0.979336 0.382705 -0.028651 -0.923426 0.266709 0.071247 -0.96114 0.504736 0.091701 -0.858389 0.746042 -0.430007 -0.508444 0.535274 -0.72946 -0.425877 0.86138 -0.311926 -0.400907 0.767545 -0.535599 -0.352149 0.677702 -0.257934 -0.688614 0.847956 -0.161297 -0.50493 0.935439 -0.040114 -0.351204 0.944909 -0.144893 -0.29352 0.629466 -0.051416 -0.775325 0.822769 -0.03579 -0.567249 0.625856 0.025892 -0.779509 0.829679 0.056536 -0.555371 0.79178 0.195143 -0.578795 0.936353 0.141349 -0.321346 0.922856 0.252821 -0.290547 0.93598 0.067629 -0.345497 0.914523 0.327962 -0.236829 0.95731 0.167297 -0.235733 0.97749 0.132643 -0.164072 0.892807 0.141861 -0.427518 0.584399 0.733476 -0.347117 0.969603 -0.215775 -0.115374 0.883733 0.319057 -0.342373 0.852222 0.518172 0.072212 0.983566 0.168055 -0.065993 0.998977 -0.015685 -0.042413 0.934853 -0.308988 -0.174863 0.964781 -0.224599 0.136939 0.89049 -0.454998 0.00218 0.959437 0.24434 -0.140636 0.893403 0.368241 0.257351 0.986685 0.073656 -0.145006 0.982619 0.16829 -0.078352 0.994947 0.001772 -0.100388 0.871335 -0.4066 -0.274686 0.947547 -0.304992 -0.095572 0.952147 -0.233295 -0.197459 0.932045 0.358894 0.049879 0.993548 0.110407 -0.025935 0.972195 0.234126 0.004702 0.99393 0.109759 -0.007554 0.979057 0.083821 0.185531 0.995516 0.051567 0.079302 0.947676 0.040185 0.316693 0.916336 -0.022105 0.399799 0.958882 0.053587 -0.278701 0.962362 -0.023471 -0.270757 0.935852 0.009452 -0.352267 0.885206 0.089616 -0.456486 0.974816 0.212043 -0.069076 0.991749 0.109669 -0.066385 0.976882 0.198167 -0.080189 0.973828 0.150932 -0.169937 -0.617485 -0.78583 0.034398 -0.053318 -0.9935 -0.10057 -0.156227 -0.981874 -0.107318 -0.841274 0.484569 0.239688 -0.952696 -0.029661 0.302474 -0.963374 -0.170051 0.207349 -0.266589 0.948847 -0.169171 0.195672 0.979633 0.045062 0.045504 0.994222 0.097222 -0.3238 0.937505 -0.127429 -0.760871 0.485804 -0.430198 -0.877756 0.382247 -0.288844 0.168325 0.979772 0.108229 -0.365046 0.928936 -0.061796 0.323002 0.945948 0.029194 -0.304406 0.950989 -0.054385 0.450949 0.892466 0.012236 -0.218586 0.975353 0.03012 -0.260641 0.943158 0.206202 -0.92493 0.37843 0.035995 0.449862 0.886736 0.106407 -0.936363 0.345502 -0.062062 -0.866195 -0.499267 0.020973 -0.30014 -0.95333 -0.032839 -0.379183 -0.925161 0.01725 -0.815395 -0.578852 -0.007846 -0.347038 -0.936481 0.050667 -0.884437 -0.462649 -0.061045 -0.594233 -0.803547 0.034622 -0.929473 0.324183 -0.176028 -0.882887 -0.375843 -0.281518 -0.503397 -0.84827 -0.164404 -0.496447 -0.848568 -0.182954 -0.673426 -0.636101 -0.376659 -0.858715 -0.140545 -0.492803 -0.794572 0.455123 0.401894 -0.512906 -0.858193 0.020799 -0.692122 -0.693881 0.198738 -0.882721 0.010794 -0.469773 -0.91941 0.25979 -0.295286 -0.81634 0.318639 -0.481725 -0.729737 0.620566 -0.287022 -0.287197 0.940359 -0.182325 -0.773209 -0.634128 -0.005472 -0.317205 -0.921356 -0.224687 -0.681522 -0.728631 -0.068007 -0.973317 -0.208181 0.096516 -0.93952 -0.336878 0.06177 -0.973146 -0.189842 0.130177 -0.622412 -0.781414 0.04467 -0.279424 -0.960108 0.010776 -0.170958 -0.918185 -0.357366 -0.89767 0.405503 0.172501 -0.904992 0.366475 0.21607 -0.646813 0.705739 0.289076 -0.589293 0.797982 0.126325 -0.962175 0.20012 0.184856 -0.790422 0.564126 0.238736 0.178882 0.945999 0.270348 -0.102164 0.94241 0.318476 -0.522429 0.792731 0.314079 -0.878967 0.333228 0.341139 -0.95127 -0.13214 0.278611 -0.985149 -0.16885 0.031174 -0.99275 -0.100506 0.065916 -0.976689 -0.21457 -0.006139 -0.990839 -0.09025 0.100466 -0.991031 0.060849 0.118973 -0.994407 0.081336 0.06737 -0.973139 0.202855 0.108863 -0.94802 0.31522 0.043531 -0.998052 -0.062331 -0.002657 -0.988565 0.150224 -0.013107 -0.957531 -0.287122 -0.026362 -0.849218 0.355443 0.390498 -0.940657 0.211731 0.265205 -0.735084 0.587384 0.338573 -0.641216 -0.74999 0.162348 -0.475464 -0.848529 0.232232 -0.540121 -0.811489 0.223056 -0.49508 -0.725837 0.477553 -0.000000 -0.872735 0.488194 -0.000000 0.041737 0.999129 -0.524222 0.049643 0.850133 -0.496278 0.607249 0.620449 -0.362785 -0.093331 0.927187 0 0.823271 0.567649 -0.330946 0.939065 0.092904 -0.283985 0.906267 0.313102 -0.821795 0.545501 0.164562 -0.380534 0.913148 0.146133 -0.903733 0.397636 0.158595 -0.991486 -0.098208 0.085506 0.060496 0.929687 -0.363349 -0.384041 0.920305 0.074508 0 0.995848 0.091031 0 0.998267 0.058848 0 0.989925 0.14159 -0.310311 -0.921914 -0.231908 -0.041708 -0.858797 0.510615 -0.24728 -0.902461 0.352727 -0.149853 -0.889766 -0.431116 -0.45761 -0.804134 -0.379422 -0.237255 -0.490333 -0.83862 -0.29917 -0.477866 -0.825918 -0.377641 -0.428624 -0.820774 -0.621593 -0.709481 -0.332052 -0.28063 -0.882898 0.37648 -0.375343 -0.708615 0.59748 -0.090578 -0.41111 0.907074 -0.004608 -0.372721 0.927932 0.060031 -0.370605 0.926848 0.043404 -0.883599 0.466228 -0.209176 -0.424581 -0.880895 -0.060065 -0.566743 -0.821703 -0.005116 -0.973542 -0.228449 0.765168 -0.250987 -0.592894 -0.552679 -0.667282 0.49928 -0.130936 -0.304596 0.943439 -0.207355 -0.264116 0.941938 -0.702633 -0.485151 0.520515 -0.762177 -0.551023 -0.339795 -0.914805 -0.399752 -0.057702 -0.526083 -0.359861 0.770543 -0.749577 -0.640458 -0.167178 -0.347068 -0.460968 -0.816733 -0.542642 -0.398526 -0.739403 -0.871622 -0.46116 -0.166151 -0.61797 -0.622828 0.47979 -0.593245 -0.337787 0.730726 -0.252263 -0.196057 0.947589 -0.016742 -0.339319 0.940522 -0.646114 -0.348818 -0.678869 -0.107521 -0.209696 0.971837 -0.246432 -0.168704 0.954364 -0.559703 -0.278368 -0.780541 -0.673846 -0.23951 0.698975 -0.945312 -0.276386 -0.173194 -0.942921 -0.116068 0.312135 -0.974834 -0.093717 -0.202275 -0.746498 -0.119942 -0.654489 -0.708223 -0.235868 -0.665422 -0.956135 -0.039091 0.290305 -0.493859 -0.047698 0.868233 -0.550494 -0.005838 0.834819 -0.654233 0.168952 0.73718 -0.994498 -0.093685 -0.04686 -0.957111 -0.017301 -0.289205 -0.801239 0.134633 -0.583001 -0.729466 -0.045327 -0.682514 -0.693123 -0.028792 -0.720244 -0.297763 -0.130994 0.94561 -0.279045 0.958435 -0.059477 0.04771 0.994294 0.095411 -0.281955 0.949473 -0.137847 0.118986 0.969073 0.216193 0.315619 0.932593 0.175088 0.126414 0.977571 0.168449 -0.486187 0.871115 -0.06915 -0.943766 -0.026164 -0.329578 -0.492318 -0.869698 0.035333 -0.228328 -0.971927 0.056783 -0.189264 -0.97708 -0.097432 0.028551 -0.998493 0.046861 0.053405 -0.981703 0.182776 0.120517 -0.939668 0.320155 0.082842 -0.95373 0.289026 0.27301 -0.9226 0.272533 0.115371 -0.955368 0.271959 -0.492318 -0.869698 0.035333 -0.943766 -0.026164 -0.329578 0.060496 0.929687 -0.363349 -0.349941 0.005368 -0.936757 -0.160894 0.9442 -0.2874 -0.283985 0.906267 0.313102 -0.011955 0.964544 0.263652 -0.362785 -0.093331 0.927187 -0.49508 -0.725837 0.477553 -0.362785 -0.093331 0.927187 -0.18385 -0.957797 0.220964 0.107041 0.982692 0.151192 0.026714 0.999173 0.030651 -0.382694 -0.916083 0.119738 -0.621449 -0.749086 0.229501 -0.834324 -0.544285 0.087511 -0.748178 -0.663003 -0.025632 -0.427565 -0.902439 0.052838 0 -0.991285 0.131737 -0.811599 -0.583834 0.021091 0 -0.995869 0.090801 -0.991177 -0.124129 0.046478 0.811597 -0.583837 0.021091 0.427569 -0.902436 0.052846 0.526315 -0.841704 0.120524 0.748221 -0.662954 -0.025633 0.382699 -0.916081 0.119736 0 -0.980567 0.196183 0.834364 -0.544227 0.087493 0.991123 -0.12458 0.046426 0.989707 -0.120615 0.077015 0.621446 -0.74909 0.229496 0.999635 -0.011883 0.024264 -0.203254 0.770609 -0.604028 0 0.896315 -0.443418 0.000000 0.835607 -0.549328 -0.306426 0.803501 -0.510381 -0.64233 0.540099 -0.543788 -0.702326 0.659955 -0.266828 -0.899286 0.226015 -0.374435 -0.919074 0.366901 -0.14383 -0.929235 -0.065767 -0.363589 -0.738625 0.236058 -0.631435 -0.974706 -0.130374 -0.181524 -0.99424 0.07659 -0.074972 -0.915058 0.391848 -0.095517 -0.94207 -0.297616 -0.154688 -0.34144 0.611767 -0.713554 -0.357591 0.074218 -0.930925 -0.000000 0.72095 -0.692987 -0.000000 0.265344 -0.964154 -0.368572 -0.159416 -0.915828 -0.661538 0.738521 -0.130208 -0.63643 -0.735936 -0.23099 -0.849741 -0.485626 -0.205201 -0.000000 -0.229436 -0.973324 0 -0.609566 -0.792735 -0.623144 -0.715073 -0.316801 -0.956438 -0.119378 -0.266412 -0.871882 0.486877 -0.052662 -0.84321 -0.461845 -0.275131 -0.959917 0.150869 -0.236215 -0.815854 0.318463 -0.482663 -0.724191 0.580036 -0.372969 -0.257068 0.957 -0.134411 0 0.996277 -0.086214 0 0.995236 -0.097496 0.99424 0.07659 -0.074972 0.915058 0.391848 -0.095517 0.935787 0.347562 -0.059193 0.919074 0.366901 -0.14383 0.974706 -0.130373 -0.181524 0.94207 -0.297615 -0.154688 0.929235 -0.065767 -0.363589 0.899286 0.226015 -0.374435 0.702326 0.659955 -0.266828 0.64233 0.540099 -0.543788 0.306426 0.803501 -0.510381 0.203253 0.770609 -0.604029 0.738624 0.236058 -0.631435 0.34144 0.611767 -0.713554 0.357591 0.074218 -0.930925 0.368572 -0.159416 -0.915828 0.683094 -0.285015 -0.67242 0.801887 -0.498721 -0.32902 0.849741 -0.485625 -0.205201 0.63643 -0.735935 -0.23099 0.623145 -0.715072 -0.3168 0.956438 -0.119378 -0.266411 0.871881 0.486877 -0.052662 0.815855 0.318463 -0.482662 0.959917 0.150869 -0.236215 0.724193 0.580034 -0.372968 -0.377453 -0.92372 0.065353 -0.157953 -0.987281 0.018079 0.045368 -0.991258 0.123895 -0.913286 -0.013705 -0.407089 -0.362835 0.929217 0.070041 -0.799828 -0.353781 0.484886 -0.610963 -0.447652 -0.652941 -0.095696 -0.992358 -0.077893 0.566137 -0.290983 -0.771244 -0.621068 0.163445 -0.766525 -0.268884 -0.464218 0.843921 0.878694 -0.300469 -0.370964 -0.133574 -0.980641 -0.143182 -0.045506 -0.98867 -0.143044 -0.063875 -0.991317 -0.114936 -0.067575 -0.983993 -0.164901 -0.059423 -0.981248 -0.183359 0.016215 -0.998566 -0.051022 -0.112913 -0.969156 -0.21906 0.119115 -0.982547 0.142874 0 -0.972832 -0.231512 0 -0.996803 -0.079905 0.085565 -0.971555 0.220814 0.079607 -0.995979 -0.041096 0.249175 -0.967147 -0.050382 -0.15277 -0.870955 -0.467011 -0.281608 -0.894358 -0.347592 0 -0.932373 -0.361498 0.227027 -0.781664 0.580914 -0.000000 -0.879554 -0.475799 -0.242399 -0.794616 -0.556622 0.000083 -0.975569 -0.219694 -0.173798 -0.945878 -0.274059 0.866228 -0.212861 0.452038 -0.005139 0.998746 -0.049795 -0.462098 -0.748457 -0.475687 -0.607518 -0.76165 -0.225413 -0.305777 -0.952093 0.004431 0.222857 -0.973382 0.053501 0.316095 -0.940835 -0.122117 -0.021252 -0.984829 -0.172219 0.383364 -0.913612 -0.135444 -0.097879 -0.965363 -0.241856 0.241521 -0.962645 -0.122406 0.004821 -0.999036 -0.043626 -0.189309 -0.979027 -0.075282 -0.637583 -0.766572 -0.076516 0.002847 -0.988107 0.153741 -0.252733 -0.952076 0.172271 -0.048121 -0.945608 -0.321728 -0.000057 -0.937202 -0.348787 -0.03427 -0.997646 0.059393 0.402719 -0.800702 -0.443502 -0.750575 -0.660747 0.007116 0.127982 -0.889341 -0.438969 -0.000477 0.737402 -0.675454 0.331356 0.451356 -0.828542 0.049614 -0.945355 -0.322246 0.254276 -0.951763 0.17173 0.03268 -0.997701 0.059368 -0.399939 -0.800543 -0.446296 0.74693 -0.664799 0.011738 -0.38315 -0.913711 -0.135378 -0.31604 -0.940842 -0.12221 0.021253 -0.984829 -0.17222 0.097885 -0.965362 -0.241856 -0.222856 -0.973382 0.053501 0.063875 -0.991317 -0.114936 0.133575 -0.980641 -0.143182 0.045506 -0.98867 -0.143044 0.067575 -0.983993 -0.164901 0.059423 -0.981248 -0.183359 -0.016215 -0.998566 -0.051022 0.112913 -0.969156 -0.21906 -0.119115 -0.982547 0.142874 -0.085566 -0.971555 0.220813 -0.079607 -0.995979 -0.041096 -0.249175 -0.967147 -0.050382 0.15277 -0.870955 -0.467011 0.281609 -0.894357 -0.347593 -0.227027 -0.781664 0.580914 0.242403 -0.794616 -0.556621 0.174385 -0.945774 -0.274046 -0.866228 -0.212861 0.452038 0.00514 0.998746 -0.049794 0.462093 -0.748463 -0.475683 0.60737 -0.761814 -0.225257 0.305779 -0.952092 0.004429 -0.241479 -0.962628 -0.122617 0.191996 -0.978992 -0.068645 0.63733 -0.766778 -0.076556 -0.92696 -0.220731 0.303351 0.074731 0.748502 -0.658908 0.981031 0.13558 -0.138548 -0.996373 0.076131 -0.038024 -0.704452 -0.604697 0.371604 -0.944707 -0.183095 0.272038 -0.983725 -0.04239 0.17461 -0.999244 0.036327 -0.01385 -0.989538 0.072908 -0.124498 -0.613321 0.349886 0.708108 -0.784666 -0.30896 -0.537442 -0.75273 -0.463215 -0.467791 -0.846352 -0.040742 -0.531064 -0.575734 0.466734 0.671335 -0.798445 0.207029 -0.565354 -0.188412 0.970674 -0.149305 0.293844 0.327653 -0.897941 0.488713 0.203443 -0.848393 -0.893419 0.053806 0.44599 -0.345186 -0.376871 -0.859544 -0.226089 -0.594462 -0.771686 -0.420306 0.037006 -0.906627 -0.47823 0.187008 -0.858093 -0.854936 0.340998 0.390902 -0.099896 0.972588 -0.209986 0.750332 0.510683 -0.419767 0.808837 0.264561 -0.525157 0.601393 -0.614091 0.511095 -0.095696 -0.992358 -0.077893 0.566137 -0.290983 -0.771244 0.878694 -0.300469 -0.370964 0.623522 -0.593467 0.508937 -0.268884 -0.464218 0.843921 -0.799828 -0.353781 0.484886 0.830614 -0.360483 -0.42442 0.202143 -0.633125 0.747189 -0.153358 -0.953099 -0.260927 0.941853 -0.3337 -0.039453 0.206371 -0.632463 0.746594 -0.951713 -0.301109 0.0598 -0.808074 -0.330834 0.487406 -0.842705 -0.341873 -0.415899 0.32604 -0.364197 -0.872387 -0.120755 -0.989419 -0.080422 -0.602793 -0.333012 0.725082 -0.859706 0.305588 -0.409294 0.70643 -0.381337 -0.596271 -0.085678 -0.501114 0.86113 0.32604 -0.364197 -0.872387 0.77619 -0.542535 0.321225 -0.120755 -0.989419 -0.080422 -0.602793 -0.333012 0.725082 0.743042 -0.59146 0.313152 0.70643 -0.381337 -0.596271 -0.085678 -0.501114 0.86113 -0.3206 -0.304315 -0.897 -0.153358 -0.953099 -0.260927 -0.951713 -0.301109 0.0598 0.830614 -0.360483 -0.42442 -0.252707 0.314983 -0.914836 -0.808074 -0.330834 0.487406 0.941853 -0.3337 -0.039453 -0.626698 -0.771467 0.109948 -0.983861 -0.05472 -0.170361 -0.130948 -0.973456 0.187711 0.241645 -0.924563 0.294604 -0.402613 0.914899 -0.029391 -0.718156 0.680446 -0.145758 -0.98971 -0.120579 0.077037 -0.999637 -0.011765 0.024256 -0.801887 -0.498721 -0.32902 -0.683094 -0.285015 -0.67242 -0.509607 0.859648 -0.036134 -0.458668 0.850288 0.258135 -0.198974 0.977821 0.065388 -0.339886 0.912476 0.227739 -0.253486 0.407383 0.877373 -0.327721 0.188683 -0.925742 -0.326467 0.189449 -0.926028 -0.07016 0.106891 -0.991792 -0.000000 -0.051159 -0.998691 0.000000 0.122007 -0.992529 -0.061792 0.201847 -0.977466 0.000005 0.186295 -0.982494 0 -0.125561 -0.992086 0 -0.359461 -0.93316 0 -0.685926 -0.727671 0.070159 0.106891 -0.991792 0.061796 0.201847 -0.977466 0.327722 0.188682 -0.925742 0.326478 0.189445 -0.926025 0.712219 0.201977 -0.672271 0.80203 -0.522976 0.28852 -0.170687 0.402332 -0.899442 0.013871 0.999706 0.01991 0.865187 0.336138 -0.372107 -0.867917 0.441124 0.228318 -0.182111 0.175805 -0.967434 0.931753 0.059004 -0.358265 -0.12484 -0.292515 -0.948077 -0.11216 -0.4894 -0.864817 -0.976497 0.212207 0.037701 -0.9282 0.223688 -0.297334 -0.203427 0.978421 -0.036185 0.178596 0.346771 -0.920789 -0.393691 0.391035 0.831925 -0.958111 -0.05813 -0.280434 -0.459216 0.219318 0.860825 -0.908154 -0.239781 -0.343165 -0.925512 -0.310755 -0.216471 0.28414 0.16526 -0.944433 -0.622567 0.765853 0.160875 -0.237378 0.216609 -0.94696 -0.93694 0.349488 -0.001299 0.175593 0.535617 -0.826003 -0.253486 0.407383 0.877373 0.197179 0.600889 0.774631 -0.922102 0.191919 -0.335998 -0.922855 0.384908 -0.013613 0.019958 0.997414 0.06904 -0.078592 0.547376 -0.833189 -0.92005 0.376965 -0.106796 -0.311291 0.394124 0.864734 -0.247984 -0.073064 0.966005 -0.97637 0.009226 -0.215909 -0.013028 0.261872 -0.965015 -0.927503 0.344107 -0.146042 -0.254226 0.34129 0.904925 -0.01394 0.99764 0.06723 -0.133774 0.478314 -0.867941 0.170263 0.290405 -0.941635 -0.947256 -0.071083 -0.312496 -0.199464 -0.16648 0.96566 0.853175 0.497472 0.156887 -0.01394 0.99764 0.06723 -0.254226 0.34129 0.904925 -0.133774 0.478314 -0.867941 0.900596 0.413072 0.135276 0.170263 0.290405 -0.941635 -0.199464 -0.16648 0.96566 0.873803 0.425414 0.235564 -0.078592 0.547376 -0.833189 0.019958 0.997414 0.06904 -0.311291 0.394124 0.864734 0.90966 0.394747 0.129201 -0.013028 0.261872 -0.965015 -0.247984 -0.073064 0.966005 -0.012545 0.995985 0.088641 -0.926737 0.362374 -0.099218 -0.397113 0.383497 0.833805 -0.088933 0.522294 -0.848115 0.05687 0.198186 -0.978513 -0.974529 -0.018747 -0.223477 -0.198955 -0.131949 0.971085 -0.397113 0.383497 0.833805 0.833921 0.501227 0.23097 -0.012545 0.995985 0.088641 -0.088933 0.522294 -0.848115 0.864208 0.470571 0.178069 0.05687 0.198186 -0.978513 -0.198955 -0.131949 0.971085 0.143672 0.988134 0.054306 -0.897998 0.439727 -0.015471 -0.262941 0.467719 0.843861 -0.142159 0.512582 -0.846788 0.035148 0.2158 -0.975805 -0.996256 0.080458 -0.031632 -0.073023 0.106332 0.991646 -0.262941 0.467719 0.843861 0.89455 0.444453 0.047342 0.143672 0.988134 0.054306 -0.142159 0.512582 -0.846788 0.035148 0.2158 -0.975805 0.886419 0.458654 0.062429 -0.073023 0.106332 0.991646 0.276243 0.432215 0.858417 0.931753 0.059004 -0.358265 0.865187 0.336138 -0.372107 0.088029 0.334015 0.938448 -0.867917 0.441124 0.228318 0.013871 0.999706 0.01991 -0.976497 0.212207 0.037701 0.273898 0.57233 0.772928 0.750332 0.510683 -0.419767 0.146445 0.62469 0.767018 0.808837 0.264561 -0.525157 -0.854936 0.340998 0.390902 -0.099896 0.972588 -0.209986 -0.893419 0.053806 0.44599 -0.393691 0.391035 0.831925 0.755963 0.633361 0.16545 -0.203427 0.978421 -0.036185 0.724227 0.561749 0.399917 -0.459216 0.219318 0.860825 0.28414 0.16526 -0.944433 0.178596 0.346771 -0.920789 -0.907176 0.399086 -0.133273 -0.868475 0.491002 0.068322 -0.712219 0.201977 -0.672271 -0.80203 -0.522976 0.28852 0.643192 0.695266 0.320794 0.488713 0.203443 -0.848393 0.293844 0.327653 -0.897941 0.587669 0.637998 0.497598 -0.188412 0.970674 -0.149305 -0.575734 0.466734 0.671335 -0.613321 0.349886 0.708108 0.845934 0.521413 0.111914 0.175593 0.535617 -0.826003 0.756621 0.652775 0.037554 -0.237378 0.216609 -0.94696 0.197179 0.600889 0.774631 -0.622567 0.765853 0.160875 -0.253486 0.407383 0.877373 -0.994936 0.081871 -0.058305 -0.976883 0.198167 -0.080189 -0.998977 -0.015687 -0.042413 -0.974816 0.212043 -0.069076 -0.973828 0.150932 -0.169937 -0.999565 -0.012551 -0.026705 -0.974566 0.214577 -0.064636 -0.871882 0.486877 -0.052662 0.409376 -0.894997 -0.177179 -0.84321 -0.461845 -0.275131 -0.199279 0.499298 0.843202 -0.199279 0.499298 0.843202 -0.199279 0.499298 0.843202 -0.447499 -0.879797 -0.160322 -0.116395 -0.326782 0.937905 0.368495 -0.000045 0.92963 0.368776 -0.001796 0.929517 0.403481 -0.011564 0.914915 -0.109681 0.029329 0.993534 0.466286 0.033877 0.883985 -0.000735 0.03203 0.999487 -0.744561 0.014209 0.667403 -0.700627 0.020899 0.713222 0.837714 0.002494 0.546104 0.846304 -0.002316 0.532695 0.629093 0.018446 0.777111 0.621393 0.019167 0.783264 0.395913 0.014347 0.918176 0.396092 0.012966 0.918119 0.871881 0.486877 -0.052662 0.746539 0.66491 0.02398 0.747379 0.664386 -0.004011 0.535074 0.844802 -0.00237 0.733891 0.679124 -0.013924 0.728099 0.684743 -0.031595 0.540957 0.838087 -0.070533 0.653258 0.751192 -0.094675 0.272448 0.95802 0.089272 -0.014369 -0.988993 0.147262 -0.014372 0.998309 0.056321 0.19663 0.979115 0.051682 -0.135108 0.976658 -0.166989 -0.707837 0.692138 0.14111 -0.643147 0.756791 0.116746 -0.246316 0.967489 -0.057389 -0.255359 0.966377 -0.030118 -0.202513 0.976809 -0.069521 -0.32683 0.924173 -0.197705 -0.3332 0.448389 -0.829413 -0.073827 0.997183 -0.01326 -0.034289 0.998209 0.04901 -0.201257 0.968317 -0.147844 -0.526366 0.850228 0.007209 -0.158389 0.938657 0.306327 -0.091851 0.77512 0.625102 -0.24644 0.768751 0.59016 0.193355 0.802919 0.563856 -0.495557 0.801703 0.33421 -0.171529 0.865666 0.470319 -0.27349 0.936566 0.219199 -0.180949 0.983428 0.011306 0.153812 0.870634 0.467267 -0.815246 0.563362 -0.134154 -0.514225 0.774704 0.367976 -0.20877 0.760174 0.615265 -0.460176 0.87804 -0.131473 -0.402578 0.907251 0.121769 -0.448677 0.889271 0.088802 -0.02555 0.910477 0.412771 -0.421526 0.905207 -0.054011 -0.547194 0.78174 -0.2991 -0.395155 0.90899 -0.132627 0.202263 0.951212 0.232993 0.448759 0.892507 0.045238 0.541219 0.779747 0.314765 0.650527 0.759457 -0.006297 0.5208 0.853582 -0.012834 0.742225 0.668573 -0.04596 0.387262 0.921838 0.015591 0.13724 0.988542 -0.062856 -0.701644 0.710393 -0.055119 -0.688038 0.71975 0.092541 0.025218 0.675338 0.737077 0.473774 0.880242 -0.026697 0.112108 0.98673 -0.117453 0.918706 0.382699 -0.097577 0.777812 0.619354 -0.106816 0.620401 0.77819 -0.097587 0.746166 0.665604 0.014407 0.733232 0.679273 0.030966 0.963374 -0.170051 0.207349 0.617486 -0.78583 0.034398 0.952696 -0.029661 0.302474 0.053318 -0.9935 -0.10057 0.57234 -0.814815 0.092213 0.156227 -0.981874 -0.107318 0.841275 0.484568 0.239688 0.366115 0.895368 0.253526 0.188339 0.963814 0.188656 0.266589 0.948847 -0.169171 -0.195672 0.979634 0.045062 0.3238 0.937505 -0.127429 -0.045502 0.994222 0.097222 0.760871 0.485804 -0.430198 0.877756 0.382247 -0.288844 -0.168324 0.979772 0.108229 0.365046 0.928936 -0.061797 -0.323002 0.945948 0.029194 0.304406 0.950989 -0.054385 -0.450949 0.892466 0.012236 0.218586 0.975353 0.03012 0.26064 0.943158 0.206202 0.92493 0.37843 0.035995 0.918361 0.348057 0.188335 0.936363 0.345503 -0.062062 0.866194 -0.499267 0.020973 0.789622 -0.612833 0.030533 0.300139 -0.95333 -0.03284 0.139087 -0.984312 -0.108562 0.379183 -0.925161 0.017252 0.815395 -0.578851 -0.007846 0.347038 -0.936481 0.050667 0.884437 -0.462649 -0.061045 0.594233 -0.803547 0.034622 0.929473 0.324183 -0.176028 0.882887 -0.375843 -0.281518 0.503397 -0.84827 -0.164404 0.496447 -0.848568 -0.182954 0.673426 -0.636101 -0.37666 0.858715 -0.140545 -0.492804 0.692128 -0.693875 0.198738 0.512905 -0.858194 0.020799 0.794571 0.455124 0.401894 0.916169 0.24525 0.316995 0.517029 0.740469 0.429402 0.455076 0.803627 0.383523 -0.728436 0.659787 0.184559 0.882721 0.010794 -0.469773 0.922961 -0.231761 -0.307295 0.723359 -0.617477 -0.308987 0.81634 0.31864 -0.481724 0.729737 0.620567 -0.287022 0.91941 0.259791 -0.295286 0.287196 0.94036 -0.182324 0.317205 -0.921356 -0.224687 0.681523 -0.72863 -0.068007 0.02718 -0.980473 -0.194767 0.77321 -0.634126 -0.005472 0.973146 -0.189842 0.130177 0.973317 -0.20818 0.096515 0.622412 -0.781414 0.04467 0.279424 -0.960108 0.010776 0.170958 -0.918184 -0.357366 0.89767 0.405503 0.1725 0.904992 0.366475 0.21607 0.646814 0.705739 0.289076 0.589296 0.79798 0.126322 0.962175 0.20012 0.184856 0.102165 0.942409 0.318477 0.522429 0.79273 0.314081 0.878965 0.333233 0.341139 0.951272 -0.132129 0.278611 0.310506 -0.921966 -0.231443 0.042463 -0.856683 0.514092 0.161828 -0.864457 -0.475948 0.247309 -0.902528 0.352537 -0.045403 -0.882032 0.468997 0.002198 -0.973561 -0.228415 0.104225 -0.540088 -0.83513 -0.79313 -0.228476 -0.564574 0.460098 -0.836927 -0.296417 0.238309 -0.492225 -0.837212 0.276398 -0.484487 -0.829986 0.280701 -0.883021 0.376139 0.090578 -0.411112 0.907073 0.004651 -0.372607 0.927978 0.375521 -0.708839 0.597102 0.552287 -0.667235 0.499777 0.13093 -0.304609 0.943436 0.207345 -0.264097 0.941945 0.644071 -0.72589 -0.241364 0.70263 -0.484838 0.520811 0.762226 -0.550798 -0.340049 0.914791 -0.399773 -0.057785 0.5256 -0.357841 0.771813 0.74956 -0.640464 -0.167231 0.347054 -0.460957 -0.816745 0.542632 -0.398522 -0.739412 0.871243 -0.462184 -0.165294 0.624496 -0.631032 0.460221 0.627606 -0.375686 0.681888 0.646112 -0.348808 -0.678876 0.171081 -0.200231 0.964696 0.112055 -0.205645 0.97219 0.246452 -0.168711 0.954358 0.559568 -0.278412 -0.780622 0.875013 -0.265829 0.404582 0.944729 -0.275115 -0.178324 0.942822 -0.115217 0.312748 0.97484 -0.093741 -0.202237 0.746458 -0.119871 -0.654546 0.708082 -0.235881 -0.665568 0.956137 -0.039094 0.290299 0.493676 -0.047961 0.868322 0.550493 -0.005844 0.834819 0.654232 0.168952 0.737181 0.994498 -0.093685 -0.04686 0.957111 -0.017301 -0.289205 0.801239 0.134633 -0.583001 0.729465 -0.045327 -0.682514 0.693123 -0.028792 -0.720244 0.315241 -0.118033 0.941643 0.994407 0.081336 0.06737 0.973139 0.202855 0.108863 0.991031 0.060849 0.118974 0.99275 -0.100506 0.065916 0.998052 -0.062331 -0.002657 0.988565 0.150224 -0.013108 0.94802 0.315221 0.043531 0.990839 -0.09025 0.100466 0.976689 -0.21457 -0.006139 0.985149 -0.16885 0.031174 0.986047 -0.147583 0.077007 0.849218 0.355443 0.390498 0.964825 -0.190184 0.1815 0.542277 0.592136 0.596079 0.983378 -0.111049 0.143655 0.981416 0.048791 0.185586 0.97148 -0.161162 0.173933 0.973767 0.173737 0.146949 0.993943 -0.035724 0.103925 0.975255 -0.173131 0.137491 0.991134 -0.026275 0.13024 0.908366 -0.380932 0.172514 0.884009 -0.440433 0.156678 0.84079 -0.524114 0.135561 0.856905 -0.490334 0.159019 0.77461 -0.617956 0.134574 0.839666 -0.537424 0.078335 0.761122 -0.635645 0.129031 0.680182 -0.716925 0.152879 0.643628 -0.751746 0.143603 0.512309 -0.855569 0.074439 0.460423 -0.882712 0.093964 0.410378 -0.910752 0.046042 0.362456 -0.925724 0.107981 0.332317 -0.932709 0.140067 0.144014 -0.983409 0.110301 0.132807 -0.98311 0.125922 0.038211 -0.995436 0.087442 0.058444 -0.992542 0.106983 0.054604 -0.994454 0.089883 -0.004863 -0.997792 0.066241 0.293022 -0.951353 0.095208 0.791077 -0.586071 0.175263 0.279045 0.958435 -0.059477 0.943766 -0.026163 -0.329578 0.281955 0.949473 -0.137847 -0.04771 0.994294 0.095411 -0.118986 0.969073 0.216193 -0.315619 0.932593 0.175088 -0.126414 0.977571 0.168449 0.486186 0.871115 -0.06915 0.492318 -0.869698 0.035333 -0.120517 -0.939668 0.320155 0.228328 -0.971927 0.056783 -0.273011 -0.9226 0.272534 -0.115371 -0.955368 0.271959 0.492318 -0.869698 0.035333 0.943766 -0.026163 -0.329578 -0.060497 0.929687 -0.363349 0.283985 0.906267 0.313102 0.160893 0.944201 -0.2874 0.641216 -0.74999 0.162348 0.18385 -0.957797 0.220964 0.495079 -0.725837 0.477554 -0.107041 0.982692 0.151192 -0.026714 0.999173 0.030651 0.495079 -0.725837 0.477554 0.524222 0.049643 0.850134 0.496278 0.60725 0.620448 0.362785 -0.093331 0.927188 0.283985 0.906267 0.313102 0.330946 0.939065 0.092904 0 0.823271 0.567649 0.821795 0.545501 0.164562 -0.060497 0.929687 -0.363349 0.991486 -0.098208 0.085506 0.903733 0.397636 0.158595 0 0.998267 0.058848 0 0.995848 0.091031 0.384041 0.920305 0.074508 0 0.989925 0.14159 0.540121 -0.811489 0.223056 0.641216 -0.74999 0.162348 0.475464 -0.848529 0.232232 0.787628 -0.575746 0.21945 0.517374 -0.855072 0.034286 0.610963 -0.447652 -0.652941 0.799828 -0.353781 0.484886 0.095696 -0.992358 -0.077893 -0.566137 -0.290982 -0.771244 0.621068 0.163445 -0.766525 0.268885 -0.464218 0.843921 -0.878695 -0.300469 -0.370964 0.996373 0.076131 -0.038024 0.926961 -0.220731 0.303351 -0.074724 0.748505 -0.658905 0.704452 -0.604697 0.371604 -0.981028 0.135601 -0.13855 0.944707 -0.183095 0.272037 0.983725 -0.04239 0.17461 0.955989 -0.09937 0.276062 0.784666 -0.30896 -0.537442 0.613321 0.349886 0.708108 0.752731 -0.463216 -0.46779 0.846352 -0.040742 -0.531064 0.575733 0.466734 0.671335 0.798445 0.207028 -0.565354 0.188412 0.970674 -0.149306 -0.293844 0.327653 -0.897942 -0.488713 0.203443 -0.848393 0.345186 -0.376871 -0.859544 0.893419 0.053806 0.44599 0.226089 -0.594462 -0.771686 0.420307 0.037006 -0.906627 0.478231 0.187008 -0.858093 0.854936 0.340998 0.390903 0.099898 0.972587 -0.209986 -0.750334 0.510683 -0.419765 -0.808837 0.264561 -0.525157 0.095696 -0.992358 -0.077893 -0.601393 -0.614091 0.511095 -0.566137 -0.290982 -0.771244 -0.878695 -0.300469 -0.370964 -0.623522 -0.593468 0.508937 0.268885 -0.464218 0.843921 0.799828 -0.353781 0.484886 -0.202143 -0.633125 0.747188 -0.830615 -0.360482 -0.424419 0.153358 -0.9531 -0.260926 -0.941854 -0.3337 -0.039451 -0.206369 -0.632462 0.746594 0.951712 -0.30111 0.059801 0.808075 -0.330832 0.487406 -0.32604 -0.364197 -0.872387 0.842705 -0.341873 -0.415899 0.120755 -0.989419 -0.080422 0.602792 -0.333012 0.725082 0.859706 0.305588 -0.409295 -0.70643 -0.381337 -0.596271 0.085678 -0.501114 0.86113 -0.776189 -0.542535 0.321225 -0.32604 -0.364197 -0.872387 0.120755 -0.989419 -0.080422 0.602792 -0.333012 0.725082 -0.743042 -0.59146 0.313152 -0.70643 -0.381337 -0.596271 0.085678 -0.501114 0.86113 0.153358 -0.9531 -0.260926 0.3206 -0.304314 -0.897 0.951712 -0.30111 0.059801 -0.830615 -0.360482 -0.424419 0.252706 0.314983 -0.914836 0.808075 -0.330832 0.487406 -0.941854 -0.3337 -0.039451 0.964838 0.129882 0.228515 0.991466 0.095931 0.088273 0.972156 0.028966 0.23254 0.975255 -0.088761 0.202484 0.984246 -0.040871 0.172017 0.98597 -0.093523 0.138259 0.951306 -0.284458 0.118746 0.922167 -0.373694 0.099798 0.285401 -0.949362 0.131367 0.459992 -0.8858 0.061367 0.417428 -0.888359 0.19124 0.279147 -0.94088 0.191888 0.369573 -0.83209 0.413573 0.171864 -0.957706 0.230784 0.190223 -0.978781 0.076175 0.140036 -0.976945 0.161148 0.16339 -0.925732 0.341063 0.198157 0.060723 0.978288 0.092319 -0.986106 0.1381 0.816334 -0.525741 0.239156 0.691224 -0.702717 0.168519 0.832512 -0.547947 0.08171 0.849171 -0.444377 0.285374 0.77632 -0.578428 0.250494 0.574725 -0.717538 0.393485 0.90816 -0.415759 0.048896 0.853582 -0.504441 0.130144 0.257069 0.957 -0.134411 0.194133 0.975178 -0.106493 0.661538 0.738521 -0.130208 0.626698 -0.771467 0.109948 0.402613 0.914898 -0.029391 0.718156 0.680446 -0.145758 0.524387 0.851404 -0.011392 0.458427 0.850444 0.258049 0.210607 0.974277 0.080176 0.249489 0.964765 -0.083575 0.903163 0.407224 -0.135884 0.844431 0.524597 0.10833 -0.01387 0.999706 0.019909 0.170687 0.402332 -0.899442 -0.865186 0.336139 -0.372106 0.867918 0.441124 0.228318 0.18211 0.175805 -0.967434 -0.931753 0.059004 -0.358265 0.124838 -0.292515 -0.948077 0.112157 -0.4894 -0.864817 0.976497 0.212207 0.037701 0.203425 0.978422 -0.036186 0.9282 0.223689 -0.297335 -0.178597 0.346772 -0.920789 0.393728 0.391021 0.831914 0.958123 -0.058148 -0.280391 0.459176 0.219334 0.860843 0.908199 -0.239775 -0.343048 0.92552 -0.310765 -0.21642 -0.284127 0.165288 -0.944432 0.019898 0.296699 -0.954764 0.622075 0.774246 0.116472 0.963772 0.264503 0.034382 -0.18098 0.538034 -0.823265 0.318709 0.223755 0.921064 -0.189289 0.584488 0.789014 0.992321 -0.120972 -0.025778 0.9607 -0.277197 0.014725 -0.127895 -0.88933 -0.439017 -0.519126 -0.678456 -0.519813 0.078592 0.547376 -0.833189 -0.019958 0.997414 0.06904 0.92005 0.376965 -0.106795 0.31129 0.394124 0.864734 0.013028 0.261872 -0.965015 0.97637 0.009226 -0.215907 0.247983 -0.073063 0.966005 0.254222 0.34129 0.904927 0.927649 0.343646 -0.146198 0.013939 0.99764 0.067232 0.133778 0.478315 -0.867939 0.198389 -0.166823 0.965822 0.947168 -0.075154 -0.311808 -0.171295 0.289811 -0.94163 0.013939 0.99764 0.067232 -0.853176 0.497471 0.156885 0.254222 0.34129 0.904927 0.133778 0.478315 -0.867939 -0.900596 0.413071 0.135278 0.198389 -0.166823 0.965822 -0.171295 0.289811 -0.94163 0.078592 0.547376 -0.833189 -0.873804 0.425414 0.235564 -0.019958 0.997414 0.06904 0.31129 0.394124 0.864734 0.247983 -0.073063 0.966005 -0.909661 0.394746 0.129201 0.013028 0.261872 -0.965015 0.012545 0.995985 0.088642 0.397114 0.383498 0.833805 0.926737 0.362374 -0.099218 0.088933 0.522294 -0.848115 0.198958 -0.131948 0.971085 0.974529 -0.018748 -0.223475 -0.056872 0.198185 -0.978513 -0.833921 0.501227 0.23097 0.397114 0.383498 0.833805 0.012545 0.995985 0.088642 0.088933 0.522294 -0.848115 0.198958 -0.131948 0.971085 -0.864208 0.470571 0.178068 -0.056872 0.198185 -0.978513 -0.143672 0.988134 0.054305 0.262941 0.467719 0.843861 0.897998 0.439727 -0.015471 0.14216 0.512583 -0.846787 0.073023 0.106331 0.991646 0.996256 0.080457 -0.03163 -0.035148 0.215801 -0.975805 -0.894551 0.444453 0.047341 0.262941 0.467719 0.843861 -0.143672 0.988134 0.054305 0.14216 0.512583 -0.846787 0.073023 0.106331 0.991646 -0.88642 0.458653 0.062427 -0.035148 0.215801 -0.975805 -0.931753 0.059004 -0.358265 -0.27624 0.432215 0.858418 -0.865186 0.336139 -0.372106 -0.088029 0.334014 0.938448 0.867918 0.441124 0.228318 -0.01387 0.999706 0.019909 0.976497 0.212207 0.037701 -0.273898 0.57233 0.772928 -0.750334 0.510683 -0.419765 -0.808837 0.264561 -0.525157 -0.146447 0.62469 0.767018 0.854936 0.340998 0.390903 0.099898 0.972587 -0.209986 0.893419 0.053806 0.44599 -0.755963 0.633361 0.165452 0.393728 0.391021 0.831914 0.203425 0.978422 -0.036186 -0.724247 0.561773 0.399846 0.459176 0.219334 0.860843 -0.284127 0.165288 -0.944432 -0.178597 0.346772 -0.920789 -0.488713 0.203443 -0.848393 -0.643192 0.695266 0.320794 -0.293844 0.327653 -0.897942 -0.587669 0.637998 0.497598 0.188412 0.970674 -0.149306 0.575733 0.466734 0.671335 0.613321 0.349886 0.708108 0.9607 -0.277197 0.014725 0.318709 0.223755 0.921064 0.932202 0.144206 0.331969 -0.847538 0.504806 0.163862 -0.18098 0.538034 -0.823265 0.019898 0.296699 -0.954764 -0.757343 0.652221 0.032232 -0.189289 0.584488 0.789014 0.622075 0.774246 0.116472 0.318709 0.223755 0.921064 0.199578 0.497948 0.843929 0.199578 0.497948 0.843929 0.199578 0.497948 0.843929 0.394546 -0.418693 -0.817942 0.447494 -0.879799 -0.160321 0.116401 -0.326785 0.937903 -0.060058 -0.370464 0.926903 -0.368775 -0.001793 0.929517 -0.403481 -0.011564 0.914915 -0.405718 -0.01849 0.913811 -0.368494 -0.000041 0.92963 -0.397536 0.055159 0.915927 -0.415563 0.095327 0.904555 -0.393167 0.037014 0.918722 0.109679 0.029325 0.993534 -0.466285 0.03388 0.883985 -0.464405 0.038949 0.884766 0.000734 0.032025 0.999487 0.744559 0.014206 0.667406 0.700623 0.020894 0.713225 -0.837714 0.002489 0.546104 -0.846305 -0.002319 0.532694 -0.629093 0.018446 0.777111 -0.621393 0.019167 0.783265 -0.395913 0.014346 0.918176 -0.396091 0.012965 0.91812 -0.866633 -0.47792 0.143315 -0.981416 0.048795 0.185586 -0.860569 -0.438459 0.259181 -0.80056 -0.503789 0.324501 -0.058444 -0.992542 0.106982 -0.346584 -0.924851 0.156624 -0.456422 -0.877271 0.148576 -0.07197 -0.985617 0.152904 -0.020888 -0.985473 0.16854 -0.016141 -0.984588 0.174142 -0.227396 -0.961525 0.154147 -0.534754 -0.83728 0.114021 -0.716407 -0.689435 0.106962 -0.810162 -0.567772 0.14585 -0.705163 -0.681847 0.1945 -0.836098 -0.51241 0.195898 -0.876173 -0.41124 0.251401 -0.85579 -0.279507 0.435315 -0.98597 -0.093523 0.138259 -0.870429 -0.484359 0.088035 -0.722588 -0.690106 0.040256 -0.430899 -0.902346 -0.009883 -0.65599 -0.752991 -0.051784 -0.388954 -0.918954 -0.065096 -0.248088 -0.967792 -0.042794 -0.278173 -0.95689 -0.08356 -0.256433 -0.966388 -0.018331 -0.241357 -0.969801 0.035109 -0.282846 -0.958232 0.042295 -0.210906 -0.971229 0.110602 -0.190223 -0.978781 0.076173 -0.808476 -0.536312 0.242354 -0.808476 -0.536312 0.242354 -0.808476 -0.536312 0.242354 -0.144706 -0.977738 0.151947 0.972801 -0.22666 0.047796 -0.093757 -0.995436 0.017823 -0.199601 -0.97985 0.007256 -0.238393 -0.958912 0.153806 -0.27747 -0.94397 0.178691 -0.144712 -0.980834 0.130475 -0.262643 -0.950391 0.166661 -0.120721 -0.986447 0.111123 -0.24818 -0.954931 0.162827 -0.556223 -0.808974 0.190203 -0.561179 -0.801708 0.205772 -0.563539 -0.811624 0.153917 -0.476325 -0.857247 0.195556 -0.200691 -0.968954 0.144403 -0.74156 -0.644674 0.185702 -0.764464 -0.59574 0.246349 -0.576177 -0.805867 0.136374 -0.777141 -0.574669 0.256531 -0.842063 -0.491876 0.221331 -0.83945 -0.521423 0.15311 -0.85509 -0.495811 0.151631 -0.864276 -0.465724 0.190074 -0.094315 -0.990088 0.104068 -0.67243 -0.654783 0.345104 -0.78212 -0.583019 0.219948 -0.800605 -0.588293 0.113768 -0.840382 -0.456714 0.291838 -0.852782 -0.434481 0.28981 -0.861816 -0.413105 0.294309 -0.860324 -0.422574 0.285085 -0.861773 -0.420068 0.284414 -0.849941 -0.462085 0.253135 -0.869783 -0.428392 0.244865 -0.848793 -0.528058 -0.026571 -0.930941 -0.36129 -0.053085 -0.959512 -0.280944 0.020168 -0.951784 -0.304426 -0.037845 -0.988398 -0.145473 0.043671 -0.993998 -0.085089 0.068761 -0.996695 0.007801 0.080854 -0.97414 -0.092928 0.20595 -0.978021 -0.080173 0.192475 -0.669264 -0.714633 0.203436 -0.701592 -0.708068 0.080046 -0.715161 -0.678505 0.167857 -0.471992 -0.849479 0.235817 -0.576693 -0.795711 0.185118 -0.316464 -0.924826 0.211064 -0.582298 -0.793523 0.176777 -0.332086 -0.917302 0.21972 -0.184112 -0.954815 0.233306 -0.165709 -0.965999 0.198458 -0.289817 -0.933849 0.2096 -0.140038 -0.966131 0.21675 -0.010819 -0.976064 0.217215 0.18499 -0.974304 0.128491 -0.072442 -0.981127 0.179282 -0.12824 -0.96871 0.212499 0.166075 -0.961049 0.220915 0.136538 -0.967832 0.211325 0.131615 -0.968594 0.210958 -0.256543 -0.942227 0.215393 -0.164934 -0.960895 0.222438 -0.24191 -0.93869 0.245644 -0.358853 -0.912702 0.195448 -0.488224 -0.833457 0.258816 -0.480193 -0.82783 0.29002 -0.845272 -0.523009 0.109437 -0.817516 -0.570646 0.077656 -0.756044 -0.649182 0.083426 -0.768577 -0.621791 0.150549 0.701592 -0.708069 0.080046 0.669264 -0.714633 0.203436 0.71516 -0.678506 0.167857 0.471992 -0.849479 0.235817 0.576693 -0.795711 0.185118 0.316464 -0.924826 0.211063 0.582298 -0.793523 0.176777 0.332086 -0.917302 0.21972 0.184113 -0.954815 0.233306 0.165709 -0.965999 0.198458 0.289817 -0.933849 0.2096 0.140038 -0.96613 0.216754 0.01082 -0.976064 0.217216 -0.18499 -0.974304 0.128493 0.072442 -0.981127 0.179283 0.12824 -0.96871 0.212499 -0.166075 -0.961049 0.220917 -0.136536 -0.967832 0.211329 -0.131612 -0.968593 0.210964 0.256543 -0.942227 0.215394 0.164934 -0.960895 0.222436 0.24191 -0.93869 0.245645 0.358853 -0.912702 0.195447 0.488224 -0.833458 0.258816 0.480193 -0.827831 0.290019 0.845272 -0.52301 0.109437 0.817516 -0.570646 0.077656 0.756044 -0.649183 0.083426 0.768577 -0.621791 0.150549 -0.913259 0.406004 0.033466 0.327865 0.923591 -0.198707 0.993589 -0.112441 -0.01175 -0.000000 -0.89831 -0.439362 0.990246 -0.116512 -0.076412 0.000001 -0.942394 0.334504 -0.993589 -0.11244 -0.011751 0.000000 -0.403389 0.915029 0.999711 0.01042 0.021654 0.000000 -0.286427 -0.958102 0.997448 -0.055788 -0.044556 0.990778 0.135474 0.002424 -0.990246 -0.116512 -0.076411 -0.999711 0.01042 0.021654 -0.997448 -0.055788 -0.044555 -0.990778 0.135474 0.002425 -0.249783 -0.947217 -0.20097 0 -0.997984 0.063459 -0.227 -0.97154 0.06769 0 -0.978514 -0.206182 -0.530647 -0.82597 -0.190231 -0.500037 -0.865107 0.039404 -0.260767 -0.951588 0.16273 -0.421759 -0.899107 0.11716 -0.775658 -0.631066 -0.010515 -0.730035 -0.682694 0.031255 -0.857741 -0.512579 -0.039301 -0.881401 -0.462793 -0.094632 -0.940288 -0.334757 -0.061614 -0.781242 -0.605772 -0.150669 -0.838023 -0.545021 -0.02589 -0.66602 -0.744219 0.050556 -0.816497 -0.577323 0.005498 -0.929719 -0.366212 -0.038878 -0.93199 -0.36079 0.034992 -0.821151 -0.567442 0.060999 -0.871335 -0.4066 -0.274686 -0.767545 -0.535599 -0.352149 -0.952147 -0.233295 -0.197459 -0.992306 0.10442 -0.066523 -0.99847 -0.029431 -0.046802 -0.995422 0.093345 -0.020513 -0.998239 0.041034 -0.042851 -0.999669 0.015695 0.020388 -0.999462 -0.020431 -0.025664 -0.976937 0.213339 0.009037 -0.989854 0.134939 0.044496 -0.968285 0.249808 0.004479 -0.999093 0.034021 0.025602 -0.970435 0.240999 0.013232 -0.999412 0.006446 0.033686 -0.939068 -0.331135 0.092196 -0.998317 0.055657 -0.016318 -0.995441 -0.00433 -0.095283 -0.916337 -0.022104 0.399798 -0.966597 0.006186 -0.256227 -0.101967 -0.983261 0.151 -0.277145 -0.94927 0.148586 -0.160442 -0.986288 0.038646 -0.125951 -0.991056 0.044096 -0.247444 -0.964748 -0.089631 -0.255669 -0.962448 -0.091252 -0.289635 -0.954595 -0.069717 -0.188228 -0.981047 -0.046009 -0.233399 -0.971085 -0.050178 -0.133142 -0.93839 -0.318901 -0.349141 -0.884343 -0.3099 -0.041223 -0.998639 0.031952 -0.076702 -0.976554 0.201146 0 -0.947465 -0.31986 0 -0.98501 0.172497 -0.203877 -0.96336 0.174274 -0.349062 -0.934535 0.069283 -0.276458 -0.955423 0.103626 -0.2775 -0.960552 0.018255 -0.421927 -0.905608 0.043033 -0.349361 -0.935235 0.057286 -0.357065 -0.927045 0.114425 -0.654616 -0.753028 0.066532 -0.488032 -0.871979 -0.038443 -0.487342 -0.844204 -0.223199 0 -0.999513 -0.031206 0.000000 -0.999986 -0.005284 -0.678521 -0.696155 -0.234471 0.000000 -0.990055 0.140682 -0.260209 -0.949654 0.174498 -0.236006 -0.936037 0.261029 -0.488744 -0.87235 0.011638 0 -0.999831 0.018383 0.678521 -0.696157 -0.234467 0.289635 -0.954595 -0.069717 0.487341 -0.844204 -0.223199 0.488032 -0.871979 -0.038443 0.349062 -0.934535 0.069283 0.260208 -0.949653 0.174502 0.236007 -0.936036 0.26103 0.203877 -0.96336 0.174276 0.277144 -0.94927 0.148586 0.276458 -0.955423 0.103626 0.2775 -0.960552 0.018255 0.421927 -0.905608 0.043032 0.349361 -0.935235 0.057286 0.357065 -0.927045 0.114425 0.260767 -0.951588 0.16273 0.101967 -0.983261 0.151 0.160442 -0.986288 0.038646 0.421759 -0.899107 0.11716 0.500037 -0.865107 0.039404 0.227 -0.97154 0.06769 0.530647 -0.82597 -0.190231 0.249783 -0.947217 -0.20097 0.881401 -0.462793 -0.094632 0.781242 -0.605772 -0.150669 0.775658 -0.631066 -0.010515 0.857741 -0.512579 -0.039301 0.940288 -0.334757 -0.061614 0.838023 -0.54502 -0.02589 0.929719 -0.366212 -0.038878 0.730035 -0.682694 0.031255 0.66602 -0.744219 0.050556 0.816497 -0.577323 0.005498 0.93199 -0.36079 0.034992 0.999462 -0.020431 -0.025664 0.999093 0.034021 0.025602 0.968285 0.249809 0.004479 0.976937 0.213339 0.009037 0.99847 -0.029431 -0.046802 0.989854 0.13494 0.044496 0.997413 -0.035661 -0.062409 0.995422 0.093345 -0.020513 0.998238 0.041034 -0.042851 0.999669 0.015692 0.020388 0.970435 0.240999 0.013231 0.999412 0.006445 0.033686 0.939068 -0.331135 0.092196 0.821151 -0.567442 0.060999 0.998317 0.055657 -0.016318 0.995441 -0.00433 -0.095283 0.966597 0.006186 -0.256227 0.977236 0.20044 -0.069525 -0.643995 -0.764894 -0.014436 -0.146856 -0.988353 0.039897 -0.101338 -0.994762 0.013355 -0.71179 -0.686905 -0.146685 -0.995073 -0.007089 -0.098886 -0.971363 -0.062602 -0.229204 -0.575549 -0.813349 0.084893 0.082481 -0.996111 -0.030975 -0.97852 -0.032156 0.203629 -0.57234 -0.814815 0.092213 -0.761409 -0.579556 -0.290468 -0.874902 -0.272386 -0.40044 -0.63353 0.749457 -0.192233 -0.925114 0.230049 -0.302063 -0.541417 0.812408 -0.216476 -0.804534 0.108182 -0.58397 0.053017 0.997618 -0.044118 0.307429 0.947486 -0.088084 -0.6141 0.777544 -0.135302 0.197648 0.980222 0.009989 -0.598805 0.771563 0.214762 -0.736121 -0.258101 -0.625707 -0.366115 0.895368 0.253526 0.35589 0.932022 0.068387 0.306496 0.9486 0.078857 -0.188336 0.963814 0.188656 -0.918361 0.348057 0.188335 -0.946183 0.188096 0.26336 -0.355498 0.887923 0.291915 0.242199 0.949563 0.199173 -0.971222 0.17955 0.156489 -0.740405 0.648162 0.178005 -0.962233 0.266704 0.054565 -0.706324 -0.703762 0.076325 -0.466146 -0.870302 0.159006 0.359606 -0.932669 0.028488 -0.139087 -0.984312 -0.108562 -0.789623 -0.612833 0.030533 -0.489799 -0.867611 0.085723 0 -0.979121 0.203276 -0.413894 -0.895626 0.162927 0 -0.992059 0.125771 -0.883471 -0.462883 0.07224 -0.895112 -0.42366 -0.138878 -0.845779 -0.53115 0.050375 -0.763254 -0.587735 0.268347 -0.34856 -0.851288 0.392193 -0.882483 -0.304515 0.358462 -0.412619 -0.794947 0.444752 0.000000 -0.926954 0.375176 -0.000000 -0.887105 0.461568 -0.456776 -0.768294 0.44842 -0.266667 -0.728396 -0.631132 0 -0.573956 -0.818886 -0.340818 -0.725398 0.598031 -0.000000 -0.757021 0.653391 0.412619 -0.794947 0.444753 0.348561 -0.851288 0.392191 0.882483 -0.304514 0.358463 0.763254 -0.587735 0.268347 0.413894 -0.895626 0.162926 0.845779 -0.53115 0.050373 0.883471 -0.462883 0.072239 0.489799 -0.867611 0.085722 0.895112 -0.423661 -0.138878 0.456772 -0.768296 0.44842 0.266667 -0.728393 -0.631136 0.340817 -0.725397 0.598032 0.25935 -0.9518 -0.163749 0.251863 -0.934043 -0.253236 -0.916169 0.245252 0.316995 -0.876376 -0.480153 0.037662 -0.909427 0.367475 0.194692 -0.455075 0.803628 0.383523 -0.458237 0.848385 0.265069 0.369563 0.910596 0.185037 0.728434 0.659789 0.184558 -0.51703 0.740469 0.429402 -0.347791 0.930583 0.114262 -0.98242 0.17443 0.06652 -0.913336 0.405616 -0.035964 -0.916065 -0.400015 -0.028517 -0.605928 -0.795519 0.000589 0.051118 -0.994249 0.094107 -0.723762 -0.686484 -0.070068 -0.004772 -0.999398 0.034366 -0.723358 -0.617478 -0.308988 -0.977853 0.13446 -0.160387 -0.922961 -0.231761 -0.307295 -0.51998 0.843803 -0.132733 -0.387147 0.920944 -0.044494 0.161856 0.985677 -0.047369 0.260655 0.964738 -0.036586 -0.056353 -0.984558 0.165742 -0.285685 -0.721495 0.630737 -0.195682 -0.952993 0.231327 0.067153 -0.985503 -0.155803 -0.081672 -0.971541 -0.222348 -0.200117 -0.948897 -0.244026 -0.256407 -0.923005 0.28691 -0.348588 -0.851521 0.391661 -0.359015 -0.90786 -0.216563 -0.676233 -0.595054 0.434303 -0.492004 -0.432401 0.75562 -0.825973 -0.100323 0.55471 -0.700415 -0.680679 0.214698 -0.253384 -0.960497 -0.115076 -0.314665 -0.918994 -0.237561 -0.854625 -0.434905 0.283681 -0.59812 -0.797514 -0.078895 -0.760444 0.157736 0.629955 -0.392501 -0.878685 -0.271763 -0.810616 -0.554211 0.18908 -0.869906 -0.071565 0.487998 -0.731338 0.166809 0.661302 -0.87172 -0.337988 0.35478 -0.760802 -0.633133 0.142559 -0.256497 -0.613247 0.747086 -0.929597 -0.361468 0.07204 -0.557724 -0.827967 -0.058442 -0.02718 -0.980473 -0.194767 -0.282084 -0.954683 -0.094917 -0.859981 -0.482445 0.166371 -0.925911 0.256915 0.276918 -0.951872 -0.055012 0.301519 -0.549163 0.736228 0.39546 -0.986047 -0.147583 0.077007 -0.984627 -0.094582 0.146849 -0.992033 -0.095558 0.082088 -0.988877 0.041966 0.142695 -0.96773 0.209405 0.140175 -0.982928 0.018287 0.183082 -0.969549 -0.155854 0.188901 -0.97968 -0.000118 0.200565 -0.961234 -0.198353 0.191532 -0.956621 -0.218955 0.192184 -0.926046 -0.33452 0.174743 -0.978029 -0.028737 0.206477 -0.928965 -0.307194 0.206533 -0.972243 -0.019036 0.2332 -0.920115 0.295032 0.257576 -0.92444 0.298505 0.237288 -0.970746 -0.011889 0.239815 -0.699318 0.663565 0.265776 -0.967499 0.199258 0.155697 -0.78701 0.586083 0.192672 -0.50038 0.82917 0.249192 -0.378104 0.870592 0.314813 -0.958156 0.194834 0.209708 -0.366021 0.846451 0.386716 -0.921761 -0.325615 0.210551 -0.756864 -0.606409 0.243775 -0.850115 -0.473932 0.22955 -0.86558 -0.429217 0.257963 -0.9318 -0.272869 0.239354 -0.313127 0.913938 0.258205 0 0.96232 0.27192 0 0.940515 0.339752 -0.736607 -0.634119 0.235167 -0.77468 -0.590611 0.225944 -0.953593 -0.208353 0.217371 -0.970597 -0.07547 0.228573 -0.806645 -0.556231 0.199828 -0.974113 -0.163546 0.156064 -0.903736 0.355513 0.238478 -0.736645 0.144757 0.660605 -0.466451 -0.853842 0.231036 -0.443719 -0.864139 0.237439 0 -0.969744 0.244125 0 -0.969129 0.246553 -0.428359 -0.856363 0.28836 0 -0.966214 0.25774 0 -0.969098 0.246675 -0.480756 -0.848266 0.222077 -0.196139 -0.916966 0.347424 0 -0.943332 0.331852 -0.314211 -0.881357 0.352818 -0.596964 -0.73621 0.318792 -0.312381 -0.925996 0.212012 -0.146428 -0.948668 0.280337 0 -0.970784 0.239954 0 -0.962762 0.270351 -0.787628 -0.575746 0.21945 -0.517374 -0.855072 0.034286 -0.040516 0.972463 -0.229507 -0.257397 0.228527 -0.938894 -0.278764 0.845283 -0.455837 0.06374 0.870869 -0.487365 0.17682 -0.02439 -0.983941 -0.575007 0.025779 -0.817742 -0.837661 0.02258 -0.545724 -0.485533 0.761834 -0.428797 -0.180829 -0.895309 -0.407092 0.047849 -0.951816 -0.302913 0.083217 0.995881 0.036009 0.104147 0.96148 0.254383 -0.262762 -0.915831 -0.303662 -0.574545 -0.749177 -0.329594 -0.837661 0.02258 -0.545724 0.024216 -0.163687 -0.986215 -0.009877 -0.998467 -0.054454 -0.123847 -0.947166 -0.295869 -0.18074 0.070523 -0.980999 -0.178634 -0.974841 0.133326 -0.204869 -0.974398 -0.09261 -0.160787 -0.958997 0.233394 -0.134851 -0.974028 0.181889 -0.283125 -0.052033 -0.957671 0.084006 -0.450921 0.888602 -0.027404 -0.981569 0.189131 -0.016061 -0.993965 0.108518 0.00778 -0.983028 0.18329 -0.006583 -0.994251 0.106875 0.070672 -0.961908 0.26408 -0.285073 -0.954904 0.083012 0.014216 -0.91506 0.403068 -0.57501 -0.796403 0.187366 -0.997259 0.022145 -0.070603 -0.309345 0.187481 0.932286 -0.044491 -0.485279 0.873227 0.127162 -0.961105 0.245167 0.323053 -0.942904 -0.081047 -0.517714 -0.854598 -0.040428 0.24419 -0.964027 0.104994 -0.963342 -0.022991 -0.26729 -0.445055 -0.888905 -0.108507 -0.94287 -0.102745 -0.316922 -0.159636 -0.973496 0.163774 -0.937166 -0.085849 -0.338157 -0.834028 -0.550006 -0.043493 0.063171 -0.991477 0.11394 0.086323 -0.995986 0.023669 -0.109583 -0.984445 0.137327 0.14104 -0.922134 0.360246 0 -0.9744 0.224821 -0.296108 -0.944687 0.141022 0 -0.987997 0.154473 -0.477136 -0.850983 0.219476 -0.608177 -0.787239 0.101858 -0.735106 -0.671498 0.093329 -0.999256 -0.030511 0.023596 -0.963388 -0.103014 0.247532 -0.228233 -0.618232 0.75213 0 -0.678915 0.734217 -0.594155 -0.804348 -0.001756 -0.993517 -0.109251 -0.031443 -0.929152 -0.251305 -0.271149 -0.437456 -0.837377 -0.327768 0 -0.993785 0.111313 -0.000000 -0.994406 -0.105626 -0.999879 -0.012126 -0.009801 -0.999217 0.036433 -0.015439 0.228233 -0.618232 0.75213 0.477136 -0.850983 0.219476 0.296108 -0.944687 0.141022 0.608177 -0.787239 0.101858 0.735106 -0.671498 0.093329 0.999256 -0.030511 0.023596 0.963388 -0.103014 0.247531 0.437456 -0.837377 -0.327769 0.594155 -0.804349 -0.001756 0.929152 -0.251304 -0.271149 0.993517 -0.109251 -0.031443 0.999879 -0.012126 -0.009801 0.999217 0.036433 -0.015439 -0.976162 -0.130664 0.173305 -0.938999 0.065648 -0.337595 -0.919443 -0.234944 0.315317 -0.746002 -0.048746 0.664157 -0.969382 0.07774 0.232927 -0.961988 0.118351 0.246115 -0.288069 -0.944264 -0.159317 -0.172879 -0.683949 -0.708751 -0.170305 -0.95123 -0.257213 -0.247348 -0.665906 -0.703838 -0.086767 -0.884585 0.458237 -0.058171 -0.827338 0.558684 -0.083518 -0.955523 -0.282844 -0.244835 -0.910568 0.333051 -0.399106 -0.88649 -0.234199 -0.340236 -0.860754 0.378604 -0.530985 -0.827283 -0.183459 -0.346302 -0.590497 -0.728964 -0.305379 -0.618221 -0.724256 -0.488603 -0.764442 0.420589 -0.695171 -0.696526 -0.177732 -0.614725 -0.684892 0.391198 -0.784215 -0.587777 -0.198807 -0.693742 -0.524018 0.494093 -0.350352 -0.401816 0.846048 -0.33816 -0.258157 0.904988 -0.818536 -0.460969 0.342791 -0.812068 -0.431411 -0.392976 -0.459076 -0.267483 0.847173 -0.853294 -0.366941 -0.370466 -0.880125 -0.374642 0.291588 -0.875688 -0.350479 -0.332167 -0.379736 -0.253371 -0.889721 -0.302466 -0.147226 -0.941721 -0.85748 -0.339738 0.386402 -0.940104 -0.235904 -0.246076 -0.94549 -0.071875 0.317619 -0.95511 -0.296232 -0.003504 -0.604841 -0.21265 0.767429 -0.741493 -0.133151 -0.657617 -0.386778 -0.175922 -0.905237 -0.474945 -0.303226 -0.826124 -0.491338 -0.48308 -0.724722 -0.445149 -0.362026 -0.819011 -0.448564 -0.291252 -0.844963 -0.472221 -0.499699 -0.72616 -0.351116 -0.484068 -0.801496 -0.547228 -0.270758 -0.79198 -0.759137 -0.616855 0.207849 -0.562478 -0.752703 -0.342137 -0.53576 -0.835201 0.124099 -0.741985 -0.601526 -0.296017 -0.589828 -0.476245 0.652145 -0.473323 -0.59213 0.652187 -0.231843 -0.961599 0.146888 -0.219591 -0.939604 0.262535 -0.085014 -0.981917 0.169149 -0.819407 -0.550403 0.160087 -0.771452 -0.532538 -0.34823 -0.845801 -0.523728 0.101638 -0.784555 -0.492115 -0.377222 -0.216951 -0.965864 0.141562 -0.166144 -0.924989 0.341748 -0.698632 -0.586485 0.409816 -0.034603 -0.992018 -0.121257 0.971327 -0.214777 0.10195 -0.648237 -0.339568 0.681529 -0.623581 -0.426508 0.655163 -0.77604 0.447506 0.444411 -0.951954 -0.046061 0.302757 -0.954627 -0.27562 0.112787 -0.80471 -0.592688 0.034085 -0.813799 -0.57935 -0.045662 -0.462132 -0.858969 -0.220468 -0.462514 -0.872512 -0.157492 -0.884684 -0.433384 0.171791 -0.94627 -0.019821 0.322769 -0.81549 0.410989 0.40751 -0.930774 -0.258109 0.258919 -0.573033 -0.818613 -0.038809 -0.449393 -0.884319 -0.126593 -0.946956 -0.00327 0.321348 -0.845734 0.381676 0.372904 -0.711846 -0.696526 0.09015 -0.042826 0.981933 -0.184318 0.012272 0.993054 0.117022 -0.006383 0.975841 -0.218387 -0.026686 -0.05798 -0.997961 -0.213671 -0.031255 -0.976406 -0.082488 -0.938973 -0.333955 -0.05535 -0.958778 -0.278715 -0.224199 0.957452 -0.181717 -0.113873 -0.967069 -0.22762 -0.610138 0.030587 -0.791705 -0.912363 -0.053544 -0.405865 -0.610138 0.030587 -0.791705 -0.912363 -0.053544 -0.405865 0.057779 -0.926061 0.372924 0.094675 -0.962647 0.25367 -0.032277 -0.999439 -0.008947 -0.007115 -0.999807 -0.018325 -0.051343 -0.998634 -0.009725 -0.027006 -0.999428 0.020374 0.035967 -0.973131 0.227426 0.239356 -0.909566 0.339704 -0.035821 -0.981222 0.189525 -0.195502 -0.973432 0.119204 -0.073953 -0.997067 -0.019717 0.075057 -0.995511 0.057655 -0.001984 -0.999897 0.014198 -0.148605 -0.940409 0.305856 0.227661 -0.962789 0.145631 -0.07079 -0.968757 -0.237696 -0.070145 -0.937265 -0.341488 -0.162524 -0.076288 -0.983751 -0.991486 -0.098208 0.085506 -0.062864 0.968626 -0.240439 0.250628 0.908391 0.33468 -0.517374 -0.855072 0.034286 0.071957 0.979908 0.186019 0.031731 0.984289 0.17369 -0.101596 0.91825 0.382747 0.306981 0.881238 0.35942 0.208214 0.952019 0.224292 -0.641216 -0.74999 0.162348 0.156807 -0.971752 0.176381 0.299483 -0.932098 0.203726 0.135592 0.961673 0.238329 0.017705 0.983475 0.180176 -0.198037 0.974895 0.101789 0.110492 0.940396 0.32163 -0.028656 0.990566 -0.134008 -0.95685 -0.239677 0.164294 -0.923 0.156986 -0.351322 -0.910573 -0.312081 0.271038 -0.725794 -0.379294 0.573899 -0.96077 -0.128944 0.245549 -0.907797 -0.177064 0.380201 -0.298373 -0.594678 0.746547 -0.35964 -0.444505 0.820412 -0.354854 -0.435568 0.82726 -0.300702 -0.635505 0.711134 -0.302902 -0.459364 0.835006 -0.333884 -0.477106 0.812952 -0.351147 -0.526279 0.77442 -0.380339 -0.714775 0.586889 -0.358297 -0.900856 0.245117 -0.447657 -0.326353 0.832525 -0.477268 -0.326736 0.815757 -0.388284 -0.268587 0.881531 -0.386352 -0.227904 0.893752 -0.300775 -0.406447 0.862749 -0.067521 -0.443668 0.893644 -0.000000 -0.256789 0.966467 0 -0.196014 0.980601 0.300774 -0.406446 0.862749 -0.408801 -0.187619 0.89313 -0.506879 -0.117493 0.853972 -0.472008 -0.18315 0.86236 -0.714332 0.08652 0.694438 -0.820552 0.075801 0.566524 -0.94121 -0.086517 0.326556 0.06752 -0.443667 0.893644 0.380338 -0.714774 0.586891 0.358297 -0.900855 0.24512 0.333884 -0.477106 0.812953 0.351146 -0.526279 0.77442 0.302901 -0.459364 0.835006 0.298374 -0.594679 0.746545 0.300703 -0.635507 0.711132 0.35964 -0.444504 0.820411 0.354855 -0.435568 0.82726 0.447657 -0.326353 0.832525 0.477268 -0.326737 0.815757 0.388284 -0.268587 0.881531 0.386352 -0.227904 0.893752 0.408801 -0.187619 0.89313 0.50688 -0.117493 0.853972 0.472008 -0.18315 0.86236 0.714332 0.08652 0.694438 0.820551 0.075801 0.566524 0.94121 -0.086517 0.326556 -0.240261 -0.63552 0.73375 -0.922459 -0.256366 0.288696 -0.000000 -0.786633 0.617421 -0.526315 -0.841705 0.120524 0 -0.988359 0.152142 -0.544204 -0.838701 0.020552 0 -0.999933 -0.011563 -0.000000 -0.484686 -0.874688 -0.144937 -0.580567 -0.801209 -0.695657 -0.530301 -0.484606 0.544204 -0.838701 0.020552 -0.875893 -0.482476 0.005412 -0.790595 -0.603007 0.106496 -0.695189 -0.712345 0.096319 0.144933 -0.580553 -0.801219 0.695656 -0.530299 -0.484609 0.875893 -0.482476 0.005412 0.790596 -0.603007 0.106496 0.695189 -0.712345 0.096318 0.240261 -0.63552 0.73375 0.922459 -0.256366 0.288696 -0.057114 0.971606 -0.229607 -0.086197 0.99496 0.051228 0.063595 0.921153 -0.383969 -0.067465 0.993646 0.090085 -0.081548 0.994491 0.065852 0.123698 0.613991 0.77956 0.05477 0.993499 0.099796 0.040228 0.995762 0.082701 0.048206 0.997921 0.042768 0.0422 0.998218 0.042194 0.268773 0.959009 0.089794 0.000068 0.999333 0.036511 0.047086 0.997119 0.059461 0.150724 0.939723 0.306924 0.272818 0.539118 0.79682 -0.309345 0.187481 0.932286 -0.770802 0.629896 0.095369 -0.051682 0.949278 -0.310163 -0.803426 0.586615 -0.101931 -0.957005 0.273382 -0.096976 -0.935787 0.347562 -0.059193 -0.97675 0.187197 -0.104484 -0.927019 0.372473 -0.043596 -0.974379 0.183787 -0.129644 -0.993534 -0.002449 -0.113513 -0.989314 0.143535 -0.02561 -0.998287 0.030771 -0.049768 -0.968202 -0.216016 -0.126181 -0.489875 0.867246 -0.088922 -0.994498 -0.094923 -0.044317 -0.998052 -0.062331 -0.002657 -0.957531 -0.287122 -0.026362 -0.988565 0.150224 -0.013107 -0.997259 0.022145 -0.070603 -0.964378 0.256859 -0.063236 -0.957005 0.273382 -0.096976 -0.883386 0.467868 0.02698 -0.652685 0.757103 -0.028238 -0.637228 0.768739 0.054601 -0.656817 0.743417 -0.126182 -0.21922 0.975326 -0.026103 -0.212898 0.965216 -0.151767 0 0.999594 -0.028499 0 0.987227 -0.159318 0 0.999557 0.029758 -0.22589 0.973296 0.04085 -0.637008 0.753554 -0.162411 -0.20431 0.953704 -0.220696 0 0.971893 -0.235423 -0.194133 0.975178 -0.106493 0.212898 0.965216 -0.151767 0.21922 0.975326 -0.026103 0.22589 0.973296 0.04085 0.656817 0.743417 -0.126182 0.652685 0.757103 -0.028238 0.927019 0.372473 -0.043596 0.97675 0.187197 -0.104484 0.974379 0.183787 -0.129644 0.993534 -0.002448 -0.113513 0.989314 0.143535 -0.02561 0.998287 0.030771 -0.049768 0.843217 -0.461834 -0.275126 0.968203 -0.216011 -0.126181 0.489879 0.867243 -0.088927 0.994498 -0.094923 -0.044317 0.998052 -0.062331 -0.002657 0.957531 -0.287121 -0.026362 0.988565 0.150224 -0.013108 0.997259 0.022145 -0.070603 0.964378 0.256859 -0.063236 0.957005 0.273382 -0.096976 0.883386 0.467868 0.02698 0.637228 0.768739 0.054601 -0.883386 0.467868 0.02698 -0.957005 0.273382 -0.096976 -0.803426 0.586615 -0.101931 -0.770802 0.629896 0.095369 -0.859486 0.496076 0.123258 -0.945083 0.297699 0.134879 -0.309345 0.187481 0.932286 -0.57501 -0.796403 0.187366 -0.997259 0.022145 -0.070603 -0.637228 0.768739 0.054601 -0.606983 0.780072 0.151852 -0.22589 0.973296 0.04085 -0.251603 0.960438 0.119392 0 0.995041 0.099469 0 0.999557 0.029758 0 0.972658 0.232243 -0.337774 0.904902 0.258962 0 0.955312 0.2956 -0.27503 0.910898 0.307609 0 0.928547 0.371215 -0.270155 0.885491 0.37805 0 0.920111 0.391659 -0.51714 0.817596 0.253185 -0.480431 0.763005 0.432446 -0.539903 0.586476 0.60378 -0.964825 -0.190184 0.1815 -0.410829 0.487083 -0.770694 -0.917169 0.361561 0.167558 -0.664688 0.71235 0.225271 -0.73452 0.648239 0.200666 -0.94305 0.289932 0.163084 -0.967458 0.156029 0.199197 -0.962256 0.180721 0.203476 -0.069039 0.997498 0.015229 0.161419 0.974498 0.155877 -0.539903 0.586476 0.60378 -0.096335 0.994899 -0.029909 -0.150014 0.987615 -0.045967 0.080264 0.983341 0.16309 -0.187327 0.981666 0.035214 -0.54753 0.0037 -0.836778 -0.368986 -0.026045 -0.92907 -0.085238 -0.986126 -0.142442 -0.753314 0.028561 -0.657041 -0.158846 -0.980691 -0.114079 0.181148 -0.980267 0.07913 0.030916 -0.997329 -0.06617 -0.539903 0.586476 0.60378 -0.964825 -0.190184 0.1815 -0.410829 0.487083 -0.770694 -0.664688 0.71235 0.225271 0.521301 -0.677602 -0.518749 0.327865 0.923591 -0.198707 0.135143 0.97666 -0.166949 -0.024959 -0.492654 -0.869867 0.953574 0.185115 -0.237547 -0.967586 0.207333 0.144187 -0.961627 0.013198 0.274041 -0.944812 -0.107305 0.309542 -0.955989 -0.09937 0.276062 -0.954388 0.294983 0.046146 -0.920246 0.382686 0.081848 -0.942858 0.329792 0.047496 -0.957142 0.286508 0.042334 -0.88069 0.47106 0.049886 -0.820178 0.571605 -0.023989 -0.802797 0.594384 -0.047174 -0.879305 0.419816 0.224895 -0.793103 0.548852 -0.2641 -0.937166 -0.085849 -0.338157 -0.834028 -0.550006 -0.043493 -0.300018 0.94777 -0.108266 -0.94287 -0.102745 -0.316922 -0.289101 0.946092 -0.146048 0.330418 0.940372 0.080776 0.290991 0.955398 0.050382 0.255071 0.965945 0.04347 0.110704 0.98896 0.0985 0.145914 0.98768 0.056544 -0.411714 0.898535 -0.152077 -0.963342 -0.022991 -0.26729 -0.15946 0.972734 0.168405 0.179939 -0.917486 0.354742 -0.056274 -0.996687 0.05872 0.15511 -0.944807 0.288584 -0.026183 -0.999587 -0.011822 0.276459 -0.939672 0.201462 0.075579 -0.996873 -0.023048 -0.674949 -0.042011 -0.736667 -0.601533 0.015097 -0.798705 -0.8548 -0.091844 -0.510766 -0.736645 0.144757 0.660605 -0.127141 -0.988816 -0.077955 -0.522796 0.026629 -0.852042 -0.459893 0.881226 -0.109268 -0.077197 0.984487 -0.157565 -0.736645 0.144757 0.660605 0.149597 0.988218 -0.032349 -0.195978 0.96561 -0.170851 0.029431 0.999174 -0.028022 -0.288553 0.947907 -0.134941 -0.029808 0.998997 -0.033422 -0.135951 0.989936 0.039293 -0.409453 -0.891409 0.194264 -0.733811 -0.656869 0.173332 -0.494223 -0.869037 0.022776 -0.542731 -0.773095 0.328278 0 -0.919921 0.392104 0 -0.983718 0.179719 0 -0.189915 0.981801 -0.168335 -0.611815 0.772882 -0.845281 -0.467937 0.257943 -0.995955 -0.01883 -0.087863 -0.965826 -0.141776 -0.216977 -0.262195 -0.745779 -0.612428 0 -0.998507 0.05463 0 -0.808874 -0.587983 -0.962399 -0.201043 0.182674 -0.933375 0.352933 -0.065193 -0.985793 0.162349 0.043069 0.409453 -0.891409 0.194264 0.542732 -0.773095 0.328277 0.733811 -0.656869 0.173333 0.494223 -0.869037 0.022776 0.168337 -0.611823 0.772875 0.845282 -0.467936 0.257942 0.262195 -0.745779 -0.612428 0.965826 -0.141777 -0.216977 0.995955 -0.01883 -0.087862 0.962399 -0.201043 0.182673 0.933375 0.352934 -0.06519 0.985793 0.162348 0.043069 -0.592198 -0.784827 0.182611 -0.298934 -0.922527 0.244094 -0.367343 -0.835579 0.408492 0.144943 -0.852756 0.501796 0.026341 -0.968792 -0.246473 -0.938505 -0.283423 0.197181 -0.962389 -0.19636 0.18775 -0.880258 -0.410247 0.23842 -0.005933 -0.994315 0.106314 -0.053164 -0.994868 0.086093 0 -0.879037 -0.476753 -0.127141 -0.988816 -0.077955 -0.522796 0.026629 -0.852042 -0.459893 0.881226 -0.109268 0.965765 0.245189 -0.084735 -0.976818 0.20442 -0.063556 -0.977236 0.20044 -0.069525 -0.913259 0.406004 0.033466 -0.968202 -0.216016 -0.126181 -0.090205 -0.740859 -0.665576 -0.2963 -0.592337 0.749229 -0.132918 -0.630479 0.764741 -0.027987 -0.604461 0.796143 -0.522199 -0.242444 0.817637 0.262339 0.012559 0.964894 0.153077 0.016021 0.988084 0.148533 0.016303 0.988773 0.043284 0.018121 0.998898 0.042334 0.018506 0.998932 0.324705 0.012369 0.945735 0.322961 0.014347 0.946303 0.365901 0.016549 0.930507 0.366245 0.014182 0.930411 -0.414881 0.005612 0.909858 -0.679158 0.146457 0.719232 -0.853084 0.233589 -0.466565 -0.63471 0.508298 -0.582045 0.95307 -0.012945 0.302474 0.910231 0.136395 0.390993 0.805702 -0.062269 0.58904 0.80084 -0.078377 0.593727 0.536487 -0.030828 0.843346 0.370304 0.018195 0.928732 0.408897 0.056166 0.910851 0.416009 0.066689 0.906912 0.69074 0.017478 0.722892 0.690301 0.022523 0.723172 0.497265 -0.024884 0.867242 0.492325 -0.027069 0.86999 0.586858 -0.02756 0.809221 0.404143 -0.013397 0.914598 0.689578 0.061314 0.721611 0.948974 0.022716 0.314535 0.692539 0.063895 0.718546 0.499814 0.081501 0.86229 0.487822 0.094786 0.867782 0.416995 0.126617 0.900046 0.413463 0.144616 0.898963 0.420234 0.109477 0.900788 0.415563 0.095327 0.904555 0.397537 0.055159 0.915927 0.393168 0.037014 0.918721 0.237244 -0.016263 0.971314 0.256258 -0.017392 0.966452 0.784996 -0.008654 0.61944 -0.394426 -0.018679 0.918738 -0.410021 -0.015673 0.911941 0.581109 -0.020002 0.81358 0.589696 -0.017885 0.807427 0.532675 -0.012098 0.846234 0.527347 -0.011146 0.849577 -0.413601 0.008353 0.91042 -0.373006 0.012897 0.927739 -0.924159 0.001607 0.382005 -0.931074 -0.00781 0.364748 0.482642 -0.014367 0.8757 0.53877 0.011486 0.842375 0.735303 0.050226 0.675875 0.709888 0.059607 0.701788 0.464405 0.038946 0.884766 0.913258 0.406004 0.033464 0.146854 -0.988353 0.039898 0.643996 -0.764893 -0.014436 0.101338 -0.994762 0.013355 0.71179 -0.686905 -0.146685 0.995073 -0.007089 -0.098886 0.971363 -0.062602 -0.229204 0.575549 -0.813349 0.084893 -0.082481 -0.996111 -0.030976 0.97852 -0.032156 0.203629 0.761409 -0.579556 -0.290469 0.874902 -0.272386 -0.400441 0.63353 0.749457 -0.192233 0.925114 0.23005 -0.302063 0.541416 0.812409 -0.216476 0.804535 0.108182 -0.58397 -0.053017 0.997618 -0.044118 -0.307429 0.947485 -0.088084 0.6141 0.777544 -0.135302 -0.197648 0.980222 0.009989 0.598804 0.771564 0.214762 0.736121 -0.258101 -0.625707 -0.35589 0.932022 0.068387 -0.306496 0.9486 0.078856 -0.449864 0.886736 0.106408 0.946183 0.188096 0.26336 0.355496 0.887923 0.291916 -0.242207 0.949561 0.199173 0.740407 0.64816 0.178005 0.971222 0.17955 0.156489 0.962233 0.266703 0.054565 0.706323 -0.703763 0.076325 0.466147 -0.870301 0.159006 -0.359605 -0.93267 0.028489 -0.259351 -0.9518 -0.163749 -0.251863 -0.934043 -0.253236 0.876376 -0.480152 0.037662 0.909427 0.367475 0.194692 0.458237 0.848386 0.265068 -0.369563 0.910596 0.185037 0.347791 0.930583 0.114262 0.98242 0.17443 0.06652 0.913336 0.405616 -0.035964 0.916065 -0.400015 -0.028517 0.605928 -0.79552 0.000589 -0.051118 -0.994249 0.094107 0.723762 -0.686483 -0.070068 0.004772 -0.999398 0.034366 0.977853 0.13446 -0.160387 0.51998 0.843803 -0.132733 0.387148 0.920944 -0.044494 -0.161856 0.985677 -0.047369 -0.260655 0.964738 -0.036586 0.285685 -0.721494 0.630738 0.056354 -0.984557 0.165744 0.195682 -0.952993 0.231327 -0.067152 -0.985503 -0.155804 0.081672 -0.971541 -0.222346 0.200117 -0.948896 -0.244026 0.256407 -0.923005 0.286908 0.348588 -0.851521 0.391661 0.359015 -0.90786 -0.216563 0.256497 -0.613247 0.747086 0.492005 -0.432401 0.755619 0.676234 -0.595054 0.434303 0.825973 -0.100323 0.55471 0.700415 -0.680679 0.214698 0.253384 -0.960497 -0.115075 0.314665 -0.918994 -0.237561 0.854625 -0.434905 0.283681 0.59812 -0.797513 -0.078895 0.760444 0.157735 0.629956 0.392501 -0.878685 -0.271763 0.810616 -0.554211 0.189081 0.869905 -0.071566 0.487999 0.731339 0.166808 0.6613 0.871719 -0.337987 0.354782 0.760802 -0.633132 0.142561 0.929597 -0.361469 0.07204 0.93952 -0.336878 0.06177 0.557724 -0.827966 -0.058442 0.282085 -0.954683 -0.094917 0.859981 -0.482446 0.16637 0.790421 0.564128 0.238737 0.925911 0.256916 0.276918 -0.178882 0.945998 0.270351 0.951872 -0.055012 0.301519 0.549161 0.73623 0.395458 0.040516 0.972463 -0.229507 0.257397 0.228527 -0.938894 -0.06374 0.870869 -0.487365 0.278764 0.845283 -0.455837 -0.17682 -0.02439 -0.983941 0.575007 0.025779 -0.817742 0.837661 0.022581 -0.545724 0.485533 0.761834 -0.428797 0.180829 -0.895309 -0.407092 -0.047849 -0.951816 -0.302913 -0.083217 0.995881 0.036009 -0.104147 0.961479 0.254383 0.262762 -0.91583 -0.303663 0.574544 -0.749177 -0.329594 0.837661 0.022581 -0.545724 -0.024216 -0.163687 -0.986215 0.009877 -0.998467 -0.054454 0.123847 -0.947166 -0.295869 0.18074 0.070523 -0.980999 0.178634 -0.974841 0.133326 0.204869 -0.974398 -0.09261 0.160787 -0.958997 0.233394 0.134851 -0.974028 0.181889 0.283125 -0.052033 -0.957671 -0.084006 -0.450921 0.888602 0.027404 -0.981569 0.189131 0.016061 -0.993965 0.108518 -0.00778 -0.983028 0.18329 0.006583 -0.994251 0.106875 -0.070672 -0.961908 0.264079 0.285073 -0.954904 0.083012 -0.014216 -0.91506 0.403068 0.57501 -0.796403 0.187366 0.997259 0.022145 -0.070603 0.309345 0.187481 0.932286 0.044491 -0.485279 0.873227 -0.127162 -0.961105 0.245167 -0.323053 -0.942904 -0.081047 0.517713 -0.854598 -0.040428 -0.24419 -0.964027 0.104994 0.963342 -0.022991 -0.26729 0.445055 -0.888905 -0.108507 0.94287 -0.102745 -0.316922 0.159635 -0.973496 0.163774 0.937166 -0.085849 -0.338157 0.834027 -0.550007 -0.043493 -0.063171 -0.991477 0.11394 -0.086323 -0.995986 0.02367 0.109583 -0.984445 0.137327 -0.14104 -0.922134 0.360246 0.939 0.065648 -0.337595 0.976162 -0.130663 0.173305 0.919444 -0.234943 0.315315 0.746003 -0.048746 0.664156 0.969382 0.07774 0.232926 0.961988 0.118351 0.246115 0.172879 -0.683949 -0.70875 0.288069 -0.944264 -0.159317 0.170305 -0.951229 -0.257214 0.247348 -0.665906 -0.703838 0.086767 -0.884586 0.458236 0.058171 -0.827338 0.558684 0.083518 -0.955523 -0.282845 0.132917 -0.63048 0.764741 0.027987 -0.604462 0.796142 0.244835 -0.910568 0.333051 0.399106 -0.88649 -0.234199 0.340236 -0.860754 0.378604 0.530985 -0.827283 -0.18346 0.488604 -0.764442 0.420588 0.695257 -0.696561 -0.177261 0.614797 -0.684858 0.391144 0.780141 -0.586265 -0.218343 0.693977 -0.524162 0.493609 0.350353 -0.401816 0.846048 0.33816 -0.258158 0.904988 0.818527 -0.461088 0.342654 0.81162 -0.431823 -0.393449 0.455639 -0.333223 -0.825443 0.386213 -0.176325 -0.9054 0.459077 -0.267483 0.847173 0.853294 -0.36694 -0.370466 0.880124 -0.374643 0.291588 0.875688 -0.350479 -0.332167 0.379735 -0.25337 -0.889722 0.302466 -0.147225 -0.941721 0.85748 -0.339739 0.386402 0.940104 -0.235904 -0.246076 0.94549 -0.071874 0.317619 0.95511 -0.296232 -0.003504 0.60484 -0.21265 0.76743 0.741493 -0.133151 -0.657616 0.547228 -0.270759 -0.791979 0.522198 -0.242444 0.817637 0.435257 -0.33235 -0.836717 0.450363 -0.289945 -0.844455 0.472221 -0.499699 -0.72616 0.351117 -0.48407 -0.801494 0.346302 -0.590497 -0.728964 0.30538 -0.618222 -0.724254 0.926046 -0.33452 0.174743 0.961234 -0.198353 0.191532 0.956621 -0.218955 0.192184 0.97968 -0.000118 0.200565 0.978029 -0.028737 0.206477 0.928965 -0.307194 0.206533 0.972243 -0.019036 0.2332 0.920115 0.295032 0.257576 0.92444 0.298505 0.237288 0.970746 -0.011889 0.239815 0.699318 0.663565 0.265776 0.967499 0.199258 0.155697 0.78701 0.586083 0.192672 0.50038 0.82917 0.249192 0.378104 0.870592 0.314813 0.735084 0.587384 0.338573 0.940657 0.211731 0.265205 0.958156 0.194834 0.209708 0.366021 0.846451 0.386716 0.921761 -0.325615 0.210551 0.756863 -0.606409 0.243775 0.9318 -0.272869 0.239354 0.970597 -0.07547 0.228573 0.953593 -0.208353 0.217371 0.77468 -0.590611 0.225944 0.806645 -0.556231 0.199828 0.974113 -0.163546 0.156064 0.903736 0.355512 0.238478 0.380534 0.913148 0.146133 0.313126 0.913938 0.258205 0 0.96232 0.27192 0 0.940515 0.339752 0.736607 -0.634119 0.235167 0 0.920111 0.391659 0.270155 0.885491 0.37805 0 0.928547 0.371215 0.736642 0.144762 0.660608 0.27503 0.910898 0.307609 0 0.955312 0.2956 0.337774 0.904902 0.258962 0 0.972658 0.232243 0.251603 0.960438 0.119392 0 0.995041 0.099469 0.22589 0.973296 0.04085 0 0.999557 0.029758 0.459893 0.881226 -0.109268 0.522797 0.026628 -0.852041 0.127141 -0.988817 -0.077955 0.606983 0.780072 0.151852 0.637228 0.768739 0.054601 0.859486 0.496076 0.123258 0.883386 0.467868 0.02698 0.770802 0.629896 0.095369 0.803426 0.586614 -0.101931 0.957005 0.273382 -0.096976 0.945084 0.297699 0.13488 0.309345 0.187481 0.932286 0.57501 -0.796403 0.187366 0.96773 0.209405 0.140175 0.988877 0.041967 0.142695 0.984627 -0.094582 0.146849 0.992033 -0.095558 0.082088 0.957531 -0.287121 -0.026362 0.982927 0.018287 0.183083 0.969549 -0.155854 0.188901 0.938505 -0.283423 0.197181 0.962389 -0.19636 0.18775 0.962256 0.180721 0.203476 0.967458 0.156029 0.199197 0.94305 0.289931 0.163084 0.73452 0.648239 0.200666 0.917169 0.361561 0.167558 0.410826 0.487084 -0.770695 0.480431 0.763005 0.432446 0.51714 0.817596 0.253185 0.664688 0.71235 0.225271 0.866633 -0.477921 0.143314 0.860569 -0.438459 0.25918 0.892352 -0.387201 0.231912 0.800559 -0.503789 0.324501 0.467657 -0.871059 0.150175 0.346584 -0.924851 0.156624 0.456422 -0.877271 0.148576 0.07197 -0.985617 0.152905 0.020888 -0.985473 0.168542 0.016141 -0.984588 0.174143 0.227396 -0.961525 0.154148 0.643738 -0.747978 0.161651 0.534754 -0.83728 0.11402 0.716407 -0.689435 0.106962 0.808712 -0.569654 0.146562 0.866082 -0.460016 0.195671 0.704525 -0.682725 0.193729 0.836259 -0.512472 0.195044 0.87639 -0.410906 0.251191 0.85579 -0.279507 0.435316 0.951954 -0.04606 0.302757 0.776039 0.447508 0.44441 0.954627 -0.27562 0.112788 0.80471 -0.592688 0.034085 0.813799 -0.57935 -0.045661 0.462133 -0.858969 -0.220468 0.462514 -0.872512 -0.157492 0.884684 -0.433385 0.171791 0.94627 -0.019822 0.322769 0.81549 0.410989 0.40751 0.930774 -0.25811 0.25892 0.573033 -0.818613 -0.038809 0.449392 -0.884319 -0.126593 0.946955 -0.00327 0.321349 0.845734 0.381676 0.372903 0.711846 -0.696526 0.09015 -0.012272 0.993054 0.117022 0.042826 0.981933 -0.184318 0.006383 0.975842 -0.218387 0.026687 -0.05798 -0.997961 0.213671 -0.031255 -0.976406 0.082488 -0.938973 -0.333955 0.05535 -0.958777 -0.278715 0.224199 0.957452 -0.181717 0.113873 -0.967069 -0.22762 0.610138 0.030587 -0.791705 0.912363 -0.053544 -0.405865 0.189264 -0.97708 -0.097433 0.610138 0.030587 -0.791705 0.912363 -0.053544 -0.405865 -0.028551 -0.998493 0.046861 -0.082842 -0.95373 0.289026 -0.05778 -0.926061 0.372924 -0.094675 -0.962647 0.253669 -0.053405 -0.981703 0.182776 0.032277 -0.999439 -0.008947 0.007115 -0.999807 -0.018325 0.051343 -0.998634 -0.009725 0.027006 -0.999428 0.020374 -0.035967 -0.973131 0.227426 -0.239356 -0.909566 0.339703 0.035821 -0.981222 0.189525 0.195502 -0.973432 0.119204 0.073954 -0.997067 -0.019717 -0.075057 -0.995511 0.057655 0.001984 -0.999897 0.014198 0.148604 -0.940409 0.305856 -0.227661 -0.962789 0.145631 0.07079 -0.968757 -0.237695 0.070145 -0.937265 -0.341488 0.162524 -0.076288 -0.983751 0.34994 0.005368 -0.936757 0.991486 -0.098208 0.085506 0.062864 0.968626 -0.240439 0.011955 0.964544 0.263652 0.362785 -0.093331 0.927188 -0.250628 0.908392 0.33468 0.517374 -0.855072 0.034286 -0.156807 -0.971752 0.176381 0.362785 -0.093331 0.927188 -0.299483 -0.932098 0.203726 -0.071957 0.979908 0.186019 -0.031731 0.984289 0.17369 0.101596 0.91825 0.382747 -0.306982 0.881238 0.35942 -0.208215 0.952019 0.224292 -0.135592 0.961673 0.238329 -0.017705 0.983475 0.180176 0.198037 0.974895 0.101789 -0.110492 0.940396 0.321631 0.028657 0.990566 -0.134007 0.922999 0.156986 -0.351323 0.95685 -0.239678 0.164294 0.910573 -0.312082 0.271038 0.725794 -0.379294 0.573898 0.96077 -0.128943 0.245548 0.907798 -0.177063 0.3802 0.057114 0.971606 -0.229607 -0.063595 0.921153 -0.383969 0.086197 0.99496 0.051228 0.067465 0.993646 0.090085 0.081548 0.994491 0.065852 -0.123698 0.613991 0.779561 -0.05477 0.993499 0.099796 -0.040228 0.995762 0.082701 -0.048206 0.997921 0.042768 -0.0422 0.998218 0.042194 -0.268773 0.959009 0.089794 -0.000068 0.999333 0.036511 -0.047086 0.997119 0.059461 -0.150724 0.939723 0.306924 -0.272818 0.539118 0.79682 0.309345 0.187481 0.932286 0.770802 0.629896 0.095369 0.051681 0.949278 -0.310163 0.803426 0.586614 -0.101931 0.957005 0.273382 -0.096976 0.480756 -0.848266 0.222077 0.466451 -0.853842 0.231036 0.443719 -0.864139 0.237439 0.428359 -0.856363 0.28836 0.196139 -0.916966 0.347424 0.314211 -0.881357 0.352819 0.596964 -0.736211 0.318792 0.312381 -0.925996 0.212012 0.146428 -0.948668 0.280337 0.850115 -0.473932 0.22955 0.86558 -0.429217 0.257963 0.880258 -0.410247 0.23842 -0.161419 0.974498 0.155877 0.069039 0.997498 0.015229 0.542277 0.592136 0.596079 0.096335 0.994899 -0.029909 0.150014 0.987615 -0.045968 -0.080264 0.983341 0.16309 0.187327 0.981666 0.035214 0.362836 0.929217 0.070041 0.54753 0.0037 -0.836778 0.368986 -0.026045 -0.92907 0.085955 -0.985862 -0.143834 0.753314 0.028561 -0.657041 0.158403 -0.980769 -0.114019 -0.18295 -0.97995 0.078919 -0.029187 -0.997338 -0.066823 0.542277 0.592136 0.596079 0.964825 -0.190184 0.1815 -0.046577 -0.991232 0.123651 0.157953 -0.987281 0.018079 0.377452 -0.92372 0.065353 0.913286 -0.013707 -0.407089 0.410826 0.487084 -0.770695 0.664688 0.71235 0.225271 -0.953572 0.185128 -0.237548 0.999244 0.036327 -0.01385 0.967586 0.207333 0.144186 0.961628 0.013197 0.274041 0.944812 -0.107305 0.309542 0.954388 0.294983 0.046146 0.920246 0.382686 0.081848 0.942858 0.329791 0.047496 0.989538 0.072908 -0.124498 0.957142 0.286507 0.042334 0.880691 0.471057 0.049886 0.820184 0.571597 -0.023989 0.802803 0.594375 -0.047174 0.879305 0.419815 0.224895 0.985783 0.075482 0.150116 0.870429 -0.484358 0.088035 0.722588 -0.690106 0.040256 0.735083 -0.674056 0.07281 0.430899 -0.902346 -0.009882 0.65599 -0.752991 -0.051783 0.388954 -0.918954 -0.065094 0.248088 -0.967792 -0.042794 0.278173 -0.95689 -0.083557 0.256433 -0.966388 -0.018334 0.241357 -0.969801 0.035106 0.282846 -0.958233 0.042288 0.210906 -0.971229 0.110602 0.637008 0.753554 -0.162411 0.20431 0.953704 -0.220696 0.937166 -0.085849 -0.338157 0.793104 0.548851 -0.2641 0.834027 -0.550007 -0.043493 0.300018 0.94777 -0.108266 0.94287 -0.102745 -0.316922 0.289101 0.946092 -0.146048 -0.330415 0.940373 0.080776 -0.290992 0.955398 0.050382 -0.25507 0.965945 0.04347 -0.110705 0.98896 0.0985 -0.145914 0.98768 0.056543 0.411713 0.898535 -0.152078 0.963342 -0.022991 -0.26729 0.15946 0.972734 0.168406 0.983861 -0.054721 -0.170361 0.130948 -0.973456 0.187711 -0.241646 -0.924562 0.294604 -0.17994 -0.917485 0.354743 0.056274 -0.996687 0.058721 -0.15511 -0.944807 0.288584 0.026183 -0.999587 -0.011822 -0.27646 -0.939672 0.201462 -0.07558 -0.996873 -0.023047 0.674949 -0.042011 -0.736667 0.601533 0.015097 -0.798705 0.8548 -0.091844 -0.510765 0.736642 0.144762 0.660608 0.127141 -0.988817 -0.077955 0.522797 0.026628 -0.852041 0.459893 0.881226 -0.109268 0.077197 0.984487 -0.157565 0.736642 0.144762 0.660608 -0.149596 0.988218 -0.032348 0.195978 0.96561 -0.170852 -0.029431 0.999174 -0.028021 0.288553 0.947907 -0.134941 0.029808 0.998997 -0.033422 0.135951 0.989936 0.039293 0.298935 -0.922527 0.244095 0.592199 -0.784827 0.182612 0.367344 -0.835579 0.408492 -0.144942 -0.852756 0.501796 -0.026341 -0.968792 -0.246472 0.808483 -0.536301 0.242356 0.808483 -0.536301 0.242356 0.808483 -0.536301 0.242356 0.005933 -0.994315 0.106314 0.053165 -0.994868 0.086093 0.076703 -0.976554 0.201145 0 -0.947465 -0.31986 0.34914 -0.884344 -0.309899 0.041223 -0.998639 0.031951 0.133143 -0.93839 -0.318899 0.233399 -0.971086 -0.050175 0.188228 -0.981047 -0.04601 0.255669 -0.962448 -0.091254 0.247443 -0.964747 -0.089634 0.125951 -0.991056 0.044094 0.997259 0.022145 -0.070603 0.654616 -0.753028 0.066532 -0.3332 0.448389 -0.829413 -0.32683 0.924173 -0.197705 -0.135108 0.976658 -0.166989 0.024961 -0.49265 -0.86987 -0.965756 0.245224 -0.084735 -0.40937 -0.894999 -0.177183 0.871881 0.486877 -0.052662 0.843217 -0.461834 -0.275126 0.913258 0.406004 0.033464 0.968203 -0.216011 -0.126181 0.488744 -0.87235 0.011637 -0.972801 -0.226659 0.047796 0.144706 -0.977739 0.151945 0.093757 -0.995435 0.017826 0.199601 -0.97985 0.007257 0.238393 -0.958912 0.153806 0.27747 -0.94397 0.17869 0.144712 -0.980833 0.130477 0.262643 -0.950391 0.166661 0.120721 -0.986447 0.111125 0.24818 -0.954931 0.162827 0.556223 -0.808974 0.190203 0.561179 -0.801708 0.205772 0.563539 -0.811624 0.153917 0.476325 -0.857246 0.195557 0.200691 -0.968953 0.144403 0.74156 -0.644674 0.185702 0.764464 -0.59574 0.246349 0.576177 -0.805867 0.136374 0.77714 -0.574669 0.256531 0.842063 -0.491876 0.221331 0.83945 -0.521423 0.15311 0.85509 -0.495812 0.151631 0.864276 -0.465725 0.190074 0.094315 -0.990088 0.10407 0.67243 -0.654783 0.345105 0.78212 -0.583019 0.219948 0.800605 -0.588293 0.113768 0.840382 -0.456714 0.291838 0.852781 -0.434481 0.28981 0.861816 -0.413105 0.294309 0.860324 -0.422574 0.285085 0.861773 -0.420068 0.284413 0.849941 -0.462085 0.253135 0.869783 -0.428392 0.244865 0.848793 -0.528058 -0.026571 0.930941 -0.36129 -0.053085 0.959512 -0.280944 0.020168 0.951784 -0.304425 -0.037845 0.988398 -0.145473 0.043671 0.993998 -0.085089 0.068761 0.996695 0.007801 0.080854 0.97414 -0.092928 0.20595 0.978021 -0.080174 0.192477 0.090205 -0.740859 -0.665576 0.2963 -0.592337 0.749228 0.759137 -0.616855 0.207849 0.562478 -0.752703 -0.342137 0.741985 -0.601525 -0.296017 0.53576 -0.835201 0.124099 0.819407 -0.550404 0.160087 0.771452 -0.532539 -0.34823 0.8458 -0.523729 0.101638 0.784554 -0.492115 -0.377224 0.231843 -0.961599 0.146887 0.219591 -0.939604 0.262534 0.085014 -0.981917 0.169148 0.21695 -0.965864 0.141562 0.166145 -0.924989 0.341746 0.698632 -0.586485 0.409815 0.034603 -0.992018 -0.121258 -0.971327 -0.214782 0.101945 0.473322 -0.59213 0.652187 0.648237 -0.339568 0.681529 0.623581 -0.426507 0.655163 0.589828 -0.476245 0.652146 -0.153077 0.016021 0.988084 -0.262339 0.012559 0.964894 -0.148533 0.016303 0.988773 -0.043284 0.018121 0.998898 -0.042334 0.018506 0.998932 -0.324705 0.012369 0.945735 -0.322961 0.014347 0.946303 -0.365901 0.016548 0.930507 -0.366245 0.014181 0.930411 0.41488 0.005612 0.909859 0.679158 0.146457 0.719232 0.853084 0.233589 -0.466566 0.63471 0.508298 -0.582045 -0.95307 -0.012945 0.302474 -0.910231 0.136395 0.390993 -0.805702 -0.062268 0.58904 -0.80084 -0.078376 0.593727 -0.536487 -0.030828 0.843345 -0.370305 0.018194 0.928732 -0.408897 0.056165 0.910851 -0.41601 0.066688 0.906912 -0.69074 0.01748 0.722892 -0.690301 0.022525 0.723172 -0.502139 -0.087681 0.860331 -0.501774 -0.076022 0.861652 -0.573791 -0.084837 0.814596 -0.948974 0.022716 0.314535 -0.689578 0.061314 0.721612 -0.692539 0.063895 0.718545 -0.499813 0.081501 0.86229 -0.487822 0.094786 0.867782 -0.416996 0.126616 0.900046 -0.413464 0.144616 0.898963 -0.420235 0.109477 0.900787 -0.256258 -0.017392 0.966452 -0.237244 -0.016262 0.971314 -0.784996 -0.008654 0.619441 0.394426 -0.018678 0.918738 0.410021 -0.015672 0.911941 -0.58111 -0.020001 0.813579 -0.589697 -0.017884 0.807427 -0.532675 -0.012098 0.846234 -0.527347 -0.011146 0.849577 0.4136 0.008353 0.91042 0.373005 0.012897 0.92774 0.924159 0.001608 0.382005 0.931074 -0.007809 0.364748 -0.482642 -0.014367 0.8757 -0.53877 0.011486 0.842374 -0.735303 0.050225 0.675875 -0.709888 0.059607 0.701788</float_array>
          <technique_common>
            <accessor source="#GeometrySource4-array" count="3024" stride="3">
              <param name="X" type="float"/>
              <param name="Y" type="float"/>
              <param name="Z" type="float"/>
            </accessor>
          </technique_common>
        </source>
        <source id="GeometrySource5" name="chr021_e_outlineUV">
          <float_array id="GeometrySource5-array" count="6048">0.676322 0.822549 0.698587 0.825531 0.676124 0.827879 0.698883 0.839088 0.697322 0.819002 0.674828 0.850316 0.658999 0.833425 0.69961 0.854557 0.67497 0.882294 0.699351 0.889215 0.67401 0.895892 0.701115 0.894423 0.698663 0.898635 0.660037 0.847784 0.67559 0.918103 0.698012 0.916384 0.697626 0.927876 0.677765 0.936266 0.696098 0.953378 0.677831 0.956551 0.657822 0.955433 0.67562 0.968094 0.670822 0.99845 0.656986 0.96916 0.694041 0.977907 0.691941 0.998231 0.658577 0.936875 0.695147 0.963141 0.658541 0.914891 0.658098 0.894121 0.659505 0.877904 0.702185 0.82867 0.705192 0.825882 0.702435 0.838141 0.723443 0.837234 0.722692 0.821292 0.702643 0.844688 0.725062 0.858028 0.702889 0.865269 0.726772 0.886064 0.713476 0.934376 0.717223 0.963883 0.704274 0.964866 0.70406 0.934376 0.713097 0.913999 0.728642 0.911359 0.729836 0.934742 0.713607 0.896014 0.705319 0.994631 0.717223 0.963883 0.718038 0.996505 0.705907 0.990521 0.704274 0.964866 0.703842 0.899666 0.70155 0.897591 0.703027 0.892226 0.703958 0.919186 0.70266 0.879532 0.908536 0.438563 0.908409 0.457132 0.897912 0.461471 0.897992 0.439316 0.904925 0.466395 0.897724 0.482381 0.903062 0.4833 0.89678 0.490331 0.912549 0.475257 0.911667 0.470317 0.914442 0.459738 0.916875 0.437809 0.91303 0.465124 0.926947 0.436452 0.912439 0.481519 0.925982 0.483009 0.95182 0.467664 0.944959 0.434079 0.998115 0.469811 0.998115 0.505544 0.95868 0.50356 0.944383 0.482987 0.998115 0.434079 0.965541 0.539457 0.998116 0.541275 0.94613 0.50617 0.92548 0.507961 0.966132 0.604321 0.998115 0.621901 0.972678 0.645649 0.98683 0.647945 0.998116 0.645967 0.958526 0.643353 0.948923 0.640161 0.93668 0.633405 0.94561 0.576663 0.947877 0.529353 0.924437 0.626649 0.918016 0.616459 0.91128 0.60379 0.904544 0.59112 0.901764 0.582889 0.898738 0.574097 0.924979 0.532913 0.895713 0.565306 0.89193 0.553766 0.890331 0.546003 0.910649 0.525642 0.910949 0.518374 0.911731 0.50151 0.911484 0.509131 0.911253 0.511012 0.902415 0.502379 0.901895 0.519189 0.894198 0.513039 0.895646 0.499871 0.884369 0.529464 0.899171 0.52981 0.887055 0.537467 0.911978 0.493881 0.912331 0.487645 0.889661 0.511228 0.88922 0.501566 0.888651 0.491552 0.888574 0.481987 0.88978 0.461727 0.325877 0.756485 0.298412 0.79256 0.329441 0.792439 0.29588 0.756188 0.324421 0.716934 0.295037 0.715073 0.296026 0.67358 0.329035 0.678886 0.299059 0.641214 0.335237 0.64773 0.306954 0.621829 0.356831 0.635905 0.408755 0.734831 0.380071 0.754889 0.408081 0.756927 0.379941 0.725101 0.350649 0.719328 0.359387 0.686334 0.385823 0.69729 0.368912 0.660726 0.396104 0.675412 0.403899 0.660723 0.425527 0.698015 0.437045 0.685769 0.351672 0.755869 0.416656 0.713813 0.460496 0.709978 0.454075 0.724102 0.445835 0.736398 0.464831 0.725441 0.470483 0.720481 0.465199 0.747709 0.469909 0.761121 0.432042 0.657906 0.439331 0.664265 0.471277 0.74109 0.479027 0.748974 0.474363 0.756108 0.475572 0.735329 0.483947 0.743181 0.438655 0.758452 0.469634 0.783414 0.439457 0.786792 0.415844 0.825714 0.445895 0.81899 0.500662 0.820572 0.512358 0.814687 0.492698 0.817957 0.507393 0.82594 0.518121 0.825708 0.491021 0.796344 0.48893 0.783941 0.47887 0.791288 0.497913 0.793359 0.484779 0.777882 0.477624 0.784984 0.204619 0.754551 0.231047 0.791428 0.234633 0.755201 0.207146 0.715128 0.236581 0.714169 0.236628 0.672696 0.203479 0.67702 0.234349 0.640281 0.198006 0.645751 0.226901 0.620692 0.17668 0.633345 0.17883 0.753138 0.200016 0.790306 0.150438 0.751301 0.173722 0.789012 0.180839 0.716728 0.151368 0.721618 0.122271 0.730478 0.122347 0.752505 0.172925 0.683568 0.146191 0.69373 0.164003 0.657761 0.136435 0.671639 0.128996 0.656787 0.106425 0.693342 0.095204 0.680829 0.114907 0.709323 0.071122 0.704301 0.077182 0.718542 0.08511 0.731007 0.066385 0.719595 0.061377 0.714671 0.065436 0.74175 0.100882 0.653188 0.093433 0.659353 0.060361 0.754971 0.056043 0.749867 0.059532 0.735016 0.051579 0.742683 0.056043 0.749867 0.055386 0.729176 0.046815 0.736804 0.091701 0.753154 0.060007 0.777143 0.0901 0.781333 0.146636 0.788353 0.112561 0.820754 0.121059 0.784862 0.031431 0.786268 0.035983 0.810959 0.038242 0.789435 0.016421 0.807191 0.021093 0.818568 0.027959 0.813372 0.010375 0.81806 0.004903 0.828042 0.040677 0.77713 0.050536 0.784727 0.051967 0.778484 0.045001 0.771218 0.051967 0.778484 0.057902 0.793005 0.047316 0.766711 0.045001 0.771218 0.886432 0.795806 0.89824 0.825577 0.89824 0.793678 0.8734 0.791549 0.879199 0.826287 0.879199 0.795806 0.785241 0.99607 0.774363 0.98199 0.774363 0.996071 0.785241 0.98199 0.794959 0.996071 0.794959 0.98199 0.774363 0.966482 0.785241 0.966482 0.774363 0.95263 0.785241 0.951697 0.774363 0.919166 0.785241 0.918496 0.785241 0.888677 0.794959 0.91849 0.774363 0.885216 0.794959 0.950673 0.804476 0.918333 0.813187 0.901555 0.813321 0.918153 0.804476 0.951014 0.815029 0.951495 0.804476 0.966482 0.815642 0.966482 0.794959 0.966482 0.804476 0.98199 0.817202 0.976283 0.815927 0.98199 0.813109 0.996071 0.804476 0.99607 0.844612 0.789828 0.846816 0.824276 0.846979 0.791579 0.844092 0.996493 0.841909 0.986824 0.839795 0.996493 0.837389 0.986823 0.831927 0.986823 0.9084 0.975623 0.906422 0.940288 0.91582 0.921271 0.91265 0.976294 0.920403 0.922943 0.909478 0.993796 0.901606 0.992673 0.8917 0.983621 0.891479 0.988813 0.916501 0.990969 0.918105 0.976916 0.925811 0.977929 0.92088 0.99254 0.926227 0.92472 0.930924 0.925177 0.936577 0.925435 0.931174 0.978497 0.933528 0.990386 0.924419 0.992382 0.92088 0.99254 0.803976 0.02857 0.822825 0.035122 0.808292 0.022373 0.812183 0.060489 0.836773 0.06147 0.841675 0.035308 0.857482 0.061852 0.859502 0.036882 0.831743 0.0065 0.846624 0.0065 0.816868 0.0065 0.85983 0.1978 0.826429 0.189322 0.839782 0.237656 0.673572 0.461127 0.666153 0.425662 0.661379 0.459886 0.663452 0.494482 0.653262 0.495928 0.653262 0.518279 0.663632 0.507061 0.678459 0.513418 0.673916 0.494786 0.681074 0.526552 0.697798 0.500727 0.689692 0.493881 0.715799 0.447159 0.759728 0.393676 0.740854 0.38267 0.704524 0.430181 0.709515 0.455471 0.725541 0.452433 0.709099 0.510896 0.74526 0.465008 0.782406 0.409141 0.877453 0.759322 0.893628 0.770074 0.87613 0.767528 0.894974 0.758937 0.838865 0.759028 0.872432 0.751748 0.839117 0.752138 0.824865 0.752624 0.823778 0.759194 0.857554 0.766482 0.838977 0.765437 0.868205 0.777778 0.884378 0.780372 0.911752 0.785214 0.913943 0.772619 0.899947 0.750873 0.905326 0.75068 0.914826 0.758551 0.913036 0.750486 0.82388 0.765292 0.83344 0.774769 0.8234 0.774682 0.808783 0.765146 0.808691 0.759359 0.803356 0.759661 0.803744 0.766061 0.800481 0.760294 0.80283 0.754938 0.797628 0.7551 0.788647 0.760751 0.800855 0.765392 0.789071 0.766268 0.795813 0.772852 0.799031 0.772982 0.788058 0.755757 0.803616 0.7731 0.808099 0.773684 0.806327 0.753257 0.777287 0.767144 0.776814 0.761207 0.766247 0.767866 0.765691 0.761687 0.768833 0.756846 0.776885 0.756522 0.755208 0.768588 0.764853 0.773177 0.755357 0.773225 0.750418 0.772849 0.745617 0.767207 0.754568 0.762167 0.748019 0.758312 0.755638 0.757377 0.760782 0.75717 0.775309 0.772727 0.710454 0.540476 0.696457 0.591688 0.672477 0.568191 0.731049 0.562232 0.734955 0.547506 0.749111 0.523378 0.743563 0.485686 0.697737 0.530258 0.743771 0.484338 0.52909 0.532647 0.569083 0.561465 0.544535 0.584029 0.499407 0.554972 0.511975 0.553825 0.508804 0.585952 0.508652 0.54328 0.489248 0.524079 0.486089 0.483743 0.539277 0.520755 0.632104 0.777241 0.607743 0.764945 0.63347 0.75803 0.678549 0.775651 0.676477 0.744798 0.69846 0.777242 0.52547 0.785312 0.52547 0.766142 0.545957 0.76646 0.734104 0.593231 0.742631 0.56417 0.959978 0.916611 0.959636 0.883856 0.955028 0.916343 0.955276 0.928371 0.960241 0.929465 0.971688 0.917141 0.950971 0.945481 0.971789 0.930242 0.951193 0.93094 0.996255 0.945158 0.983325 0.929287 0.98244 0.960597 0.991276 0.928116 0.983389 0.91643 0.971439 0.884731 0.991338 0.916086 0.99797 0.930584 0.996586 0.890555 0.983228 0.883674 0.997678 0.91068 0.281756 0.197086 0.25935 0.231614 0.28749 0.231853 0.259767 0.189801 0.269264 0.165658 0.236107 0.150199 0.242553 0.137372 0.19567 0.114915 0.249872 0.12866 0.284945 0.158817 0.201415 0.103954 0.148501 0.091986 0.143076 0.109117 0.154434 0.078561 0.293862 0.198983 0.30669 0.19932 0.2953 0.231935 0.304859 0.232002 0.31835 0.197091 0.187381 0.144957 0.157499 0.069945 0.206647 0.095265 0.316848 0.23207 0.3229 0.232098 0.125292 0.050647 0.110922 0.057033 0.116835 0.02779 0.097012 0.024611 0.098618 0.03314 0.11296 0.039723 0.118053 0.033227 0.229942 0.186364 0.230542 0.231367 0.186133 0.231001 0.147236 0.367797 0.142285 0.351018 0.098136 0.352677 0.196831 0.345482 0.200838 0.358989 0.153038 0.383607 0.249459 0.334599 0.243391 0.321451 0.236958 0.309473 0.270983 0.29374 0.260319 0.273528 0.283598 0.266758 0.284678 0.305115 0.292696 0.264846 0.306544 0.265398 0.315499 0.268785 0.290036 0.311221 0.255458 0.342236 0.205077 0.366681 0.156046 0.393367 0.124292 0.412905 0.110235 0.404885 0.116026 0.433823 0.111962 0.420871 0.097781 0.427316 0.117246 0.428412 0.597152 0.13529 0.584074 0.098445 0.548777 0.097613 0.58932 0.098074 0.597595 0.133445 0.165599 0.038157 0.185425 0.038157 0.185425 0.067358 0.20537 0.038157 0.185039 0.003308 0.152179 0.003307 0.222206 0.003308 0.91024 0.283893 0.93206 0.257198 0.91411 0.288277 0.924226 0.249455 0.960744 0.222232 0.963911 0.247635 0.969275 0.226007 0.948938 0.2615 0.99781 0.212809 0.99781 0.230129 0.985354 0.239308 0.935147 0.274817 0.928095 0.286265 0.977055 0.259767 0.943098 0.28138 0.99781 0.254681 0.974632 0.243472 0.99781 0.268394 0.978867 0.272416 0.99781 0.3048 0.971653 0.305574 0.922918 0.295203 0.942043 0.268158 0.949217 0.291095 0.942395 0.316018 0.926337 0.311127 0.91774 0.30414 0.902054 0.334837 0.889957 0.330989 0.881272 0.386677 0.872094 0.382411 0.922237 0.340005 0.99781 0.34172 0.964338 0.339201 0.935476 0.341294 0.99781 0.373649 0.95863 0.373338 0.952922 0.407474 0.99781 0.405579 0.927738 0.391926 0.894833 0.397678 0.931607 0.36661 0.866283 0.397809 0.997811 0.431276 0.958538 0.431276 0.952922 0.407474 0.95863 0.373338 0.927738 0.391926 0.894833 0.397678 0.931607 0.36661 0.881272 0.386677 0.902054 0.334837 0.889957 0.330989 0.872094 0.382411 0.91774 0.30414 0.91411 0.288277 0.91024 0.283893 0.93206 0.257198 0.924226 0.249455 0.960744 0.222232 0.963911 0.247635 0.969275 0.226007 0.948938 0.2615 0.985354 0.239308 0.935147 0.274817 0.928095 0.286265 0.977055 0.259767 0.943098 0.28138 0.974632 0.243472 0.978867 0.272416 0.971653 0.305574 0.922918 0.295203 0.942043 0.268158 0.949217 0.291095 0.942395 0.316018 0.926337 0.311127 0.922237 0.340005 0.964338 0.339201 0.935476 0.341294 0.236445 0.523325 0.237291 0.515621 0.253663 0.506727 0.231835 0.515236 0.244677 0.528558 0.237896 0.540474 0.220459 0.532339 0.219226 0.514218 0.224256 0.503908 0.857887 0.644668 0.82456 0.644098 0.82456 0.670991 0.82456 0.619597 0.829631 0.599831 0.82456 0.601538 0.82456 0.597889 0.81928 0.599561 0.792802 0.636168 0.886602 0.468493 0.85325 0.466397 0.85325 0.501118 0.85325 0.437376 0.85325 0.416442 0.857956 0.411774 0.85325 0.411795 0.847427 0.411718 0.811643 0.463244 0.260442 0.038157 0.261295 0.067358 0.278093 0.038157 0.292319 0.003308 0.260442 0.003307 0.228566 0.003307 0.242792 0.038157 0.278093 0.038157 0.260442 0.038157 0.261295 0.067358 0.292319 0.003308 0.260442 0.003307 0.242792 0.038157 0.228566 0.003307 0.185425 0.038157 0.20537 0.038157 0.185425 0.067358 0.165599 0.038157 0.185039 0.003308 0.222206 0.003308 0.152179 0.003307 0.278093 0.038157 0.260442 0.038157 0.261295 0.067358 0.242792 0.038157 0.260442 0.003307 0.292319 0.003308 0.228566 0.003307 0.185425 0.038157 0.185425 0.067358 0.165599 0.038157 0.20537 0.038157 0.185039 0.003308 0.152179 0.003307 0.222206 0.003308 0.718793 0.1348 0.71499 0.104709 0.708669 0.106174 0.69234 0.120305 0.721182 0.104657 0.720141 0.13251 0.948775 0.890905 0.946763 0.911062 0.255455 0.122731 0.292327 0.154537 0.479135 0.73057 0.489456 0.736286 0.497924 0.726551 0.480796 0.711019 0.462742 0.712432 0.342711 0.603191 0.331315 0.599618 0.286193 0.620483 0.266725 0.639316 0.266938 0.620254 0.278973 0.588099 0.267297 0.588108 0.266343 0.672087 0.265812 0.714473 0.265273 0.754852 0.24768 0.61994 0.255633 0.587815 0.191531 0.601103 0.203011 0.59782 0.136241 0.626306 0.14946 0.620827 0.783093 0.431191 0.783093 0.427264 0.775947 0.427765 0.788866 0.4278 0.783093 0.459754 0.742797 0.47777 0.783093 0.494009 0.783093 0.531152 0.817255 0.490442 0.785728 0.639615 0.785728 0.636421 0.780774 0.637087 0.791447 0.637948 0.785728 0.652003 0.813077 0.675255 0.785728 0.666919 0.785728 0.695231 0.763045 0.669469 0.867715 0.640014 0.847849 0.67136 0.867715 0.643929 0.861499 0.640757 0.895073 0.668438 0.873196 0.639322 0.867715 0.694479 0.885843 0.694479 0.22976 0.019692 0.213174 0.054374 0.228046 0.054374 0.242919 0.054374 0.257791 0.089057 0.228046 0.089057 0.198301 0.089057 0.228046 0.054374 0.242919 0.054374 0.22976 0.019692 0.213174 0.054374 0.198301 0.089057 0.228046 0.089057 0.257791 0.089057 0.293469 0.054375 0.293917 0.019692 0.282726 0.054374 0.304077 0.054374 0.293021 0.089057 0.314237 0.089057 0.271534 0.089057 0.293407 0.054375 0.304077 0.054374 0.293917 0.019692 0.282726 0.054374 0.292897 0.089057 0.314237 0.089057 0.271534 0.089057 0.22976 0.019692 0.228046 0.054374 0.242919 0.054374 0.213174 0.054374 0.198301 0.089057 0.228046 0.089057 0.257791 0.089057 0.282726 0.054374 0.293519 0.054374 0.293917 0.019692 0.304077 0.054374 0.293121 0.089057 0.314237 0.089057 0.271534 0.089057 0.22976 0.019692 0.228046 0.054374 0.242919 0.054374 0.213174 0.054374 0.198301 0.089057 0.228046 0.089057 0.257791 0.089057 0.282726 0.054374 0.293596 0.054374 0.293917 0.019692 0.304077 0.054374 0.314237 0.089057 0.293275 0.089057 0.271534 0.089057 0.508235 0.897535 0.537396 0.84581 0.516948 0.897525 0.508998 0.84581 0.497983 0.897545 0.508394 0.907318 0.482141 0.84581 0.508998 0.84581 0.516948 0.897525 0.508235 0.897535 0.537396 0.84581 0.497983 0.897545 0.508394 0.907318 0.482141 0.84581 0.497983 0.897545 0.508235 0.897535 0.508394 0.907318 0.508998 0.84581 0.482141 0.84581 0.537396 0.84581 0.516948 0.897525 0.457848 0.685346 0.464682 0.693519 0.397365 0.629951 0.384286 0.624132 0.508235 0.897535 0.537396 0.84581 0.516948 0.897525 0.508998 0.84581 0.508394 0.907318 0.497983 0.897545 0.482141 0.84581 0.561517 0.814817 0.56739 0.862195 0.559408 0.862204 0.586122 0.814817 0.551426 0.862213 0.559553 0.869599 0.535713 0.814817 0.469909 0.761121 0.482599 0.773299 0.474363 0.756108 0.477624 0.784984 0.484779 0.777882 0.465199 0.747709 0.469634 0.783414 0.598386 0.83182 0.618728 0.825402 0.620235 0.82807 0.591233 0.827154 0.591541 0.814765 0.594589 0.822596 0.9013 0.962836 0.858616 0.776325 0.597595 0.133445 0.597152 0.13529 0.632561 0.091904 0.744042 0.563401 0.734104 0.593231 0.742631 0.56417 0.731049 0.562232 0.73247 0.561249 0.73637 0.548263 0.734955 0.547506 0.75065 0.523599 0.749111 0.523378 0.743771 0.484338 0.743563 0.485686 0.897992 0.439316 0.897912 0.461471 0.908536 0.438563 0.908409 0.457132 0.904925 0.466395 0.897724 0.482381 0.903062 0.4833 0.89678 0.490331 0.912549 0.475257 0.911667 0.470317 0.914442 0.459738 0.916875 0.437809 0.926947 0.436452 0.91303 0.465124 0.912439 0.481519 0.925982 0.483009 0.944383 0.482987 0.95182 0.467664 0.935953 0.43411 0.944959 0.434079 0.95868 0.50356 0.965541 0.539457 0.94613 0.50617 0.92548 0.507961 0.966132 0.604321 0.972678 0.645649 0.98683 0.647945 0.958526 0.643353 0.948923 0.640161 0.93668 0.633405 0.94561 0.576663 0.947877 0.529353 0.924437 0.626649 0.918016 0.616459 0.91128 0.60379 0.904544 0.59112 0.901764 0.582889 0.898738 0.574097 0.924979 0.532913 0.895713 0.565306 0.89193 0.553766 0.890331 0.546003 0.910649 0.525642 0.899171 0.52981 0.901895 0.519189 0.884369 0.529464 0.894198 0.513039 0.902415 0.502379 0.895646 0.499871 0.911253 0.511012 0.911484 0.509131 0.910949 0.518374 0.911731 0.50151 0.887055 0.537467 0.911978 0.493881 0.912331 0.487645 0.889661 0.511228 0.88922 0.501566 0.888651 0.491552 0.888574 0.481987 0.88978 0.461727 0.879199 0.795806 0.886432 0.795806 0.879199 0.826287 0.89824 0.825577 0.886432 0.826287 0.89824 0.793678 0.8734 0.791549 0.8734 0.826287 0.866144 0.792968 0.785241 0.99607 0.774363 0.98199 0.785241 0.98199 0.774363 0.996071 0.794959 0.996071 0.794959 0.98199 0.774363 0.966482 0.785241 0.966482 0.774363 0.95263 0.785241 0.951697 0.774363 0.919166 0.785241 0.918496 0.785241 0.888677 0.794959 0.91849 0.794959 0.890094 0.794959 0.950673 0.804476 0.918333 0.804476 0.889973 0.813187 0.901555 0.815362 0.886356 0.813321 0.918153 0.804476 0.951014 0.815029 0.951495 0.804476 0.966482 0.815642 0.966482 0.794959 0.966482 0.804476 0.98199 0.817202 0.976283 0.815927 0.98199 0.813109 0.996071 0.804476 0.99607 0.846979 0.791579 0.846816 0.824276 0.844612 0.789828 0.84191 0.824276 0.840541 0.788445 0.835972 0.824276 0.832592 0.824276 0.844092 0.996493 0.846236 0.986824 0.851705 0.986824 0.839795 0.996493 0.837389 0.986823 0.841909 0.986824 0.831927 0.986823 0.906463 0.940292 0.915883 0.921258 0.910923 0.919675 0.908439 0.975638 0.909484 0.993838 0.912693 0.976323 0.901605 0.992693 0.891709 0.983614 0.891479 0.988813 0.916521 0.991024 0.918155 0.976965 0.925873 0.977981 0.920904 0.992607 0.926307 0.924703 0.931238 0.978556 0.933569 0.990469 0.924448 0.992447 0.920904 0.992607 0.877453 0.759322 0.893628 0.770074 0.894974 0.758937 0.87613 0.767528 0.913943 0.772619 0.914826 0.758551 0.905326 0.75068 0.913036 0.750486 0.838865 0.759028 0.872432 0.751748 0.839117 0.752138 0.857554 0.766482 0.868205 0.777778 0.884378 0.780372 0.838977 0.765437 0.82388 0.765292 0.83344 0.774769 0.8234 0.774682 0.823778 0.759194 0.808783 0.765146 0.808691 0.759359 0.803356 0.759661 0.803744 0.766061 0.800481 0.760294 0.80283 0.754938 0.797628 0.7551 0.788647 0.760751 0.800855 0.765392 0.789071 0.766268 0.788058 0.755757 0.799031 0.772982 0.803616 0.7731 0.808099 0.773684 0.806327 0.753257 0.777287 0.767144 0.776814 0.761207 0.766247 0.767866 0.765691 0.761687 0.768833 0.756846 0.776885 0.756522 0.755208 0.768588 0.764853 0.773177 0.755357 0.773225 0.750418 0.772849 0.745617 0.767207 0.754568 0.762167 0.748019 0.758312 0.755638 0.757377 0.760782 0.75717 0.775309 0.772727 0.471726 0.035123 0.454567 0.061075 0.475194 0.061282 0.490999 0.035768 0.48313 0.0065 0.467496 0.0065 0.453249 0.036399 0.502801 0.06218 0.506666 0.02396 0.510493 0.030825 0.522551 0.061152 0.449204 0.196046 0.44637 0.163571 0.443564 0.194278 0.676124 0.827879 0.658345 0.826306 0.658999 0.833425 0.676322 0.822549 0.698587 0.825531 0.698883 0.839088 0.697322 0.819002 0.674828 0.850316 0.69961 0.854557 0.699351 0.889215 0.67497 0.882294 0.67401 0.895892 0.701115 0.894423 0.698663 0.898635 0.698012 0.916384 0.67559 0.918103 0.697626 0.927876 0.677765 0.936266 0.696098 0.953378 0.677831 0.956551 0.657822 0.955433 0.67562 0.968094 0.656986 0.96916 0.670822 0.99845 0.653871 0.997054 0.694041 0.977907 0.691941 0.998231 0.695147 0.963141 0.658098 0.894121 0.452939 0.543609 0.442394 0.554477 0.417005 0.51759 0.440091 0.494928 0.469915 0.525257 0.472947 0.537972 0.488457 0.561139 0.486887 0.594633 0.487091 0.595927 0.265875 0.528486 0.280049 0.550989 0.260431 0.540769 0.24102 0.559015 0.238897 0.595709 0.289756 0.562739 0.379639 0.316708 0.423967 0.318413 0.380685 0.336188 0.308397 0.299963 0.296622 0.327289 0.290294 0.312346 0.475349 0.494321 0.484278 0.524058 0.639971 0.495928 0.636767 0.506617 0.621641 0.512398 0.626842 0.495928 0.613447 0.493761 0.60284 0.499043 0.618518 0.527002 0.586751 0.445603 0.597217 0.454037 0.601288 0.430367 0.563422 0.38107 0.559464 0.462668 0.59121 0.508852 0.576802 0.450555 0.524396 0.406302 0.640799 0.459578 0.631493 0.460496 0.636985 0.425295 0.621594 0.427675 0.615029 0.441847 0.185425 0.038157 0.165599 0.038157 0.185425 0.067358 0.20537 0.038157 0.185039 0.003308 0.152179 0.003307 0.222206 0.003308 0.231835 0.515236 0.236445 0.523325 0.237291 0.515621 0.244677 0.528558 0.253663 0.506727 0.237896 0.540474 0.220459 0.532339 0.22927 0.548103 0.874559 0.61077 0.841026 0.610966 0.874559 0.637678 0.874559 0.586295 0.869496 0.566588 0.874559 0.56826 0.874559 0.564615 0.879828 0.566287 0.906281 0.603167 0.830582 0.549159 0.797441 0.55013 0.830582 0.5843 0.830582 0.520423 0.830582 0.499434 0.825903 0.494494 0.830582 0.494834 0.836503 0.494968 0.871968 0.548579 0.261295 0.067358 0.260442 0.038157 0.278093 0.038157 0.292319 0.003308 0.260442 0.003307 0.228566 0.003307 0.242792 0.038157 0.260442 0.038157 0.278093 0.038157 0.261295 0.067358 0.292319 0.003308 0.260442 0.003307 0.242792 0.038157 0.228566 0.003307 0.20537 0.038157 0.185425 0.038157 0.185425 0.067358 0.165599 0.038157 0.185039 0.003308 0.222206 0.003308 0.152179 0.003307 0.260442 0.038157 0.278093 0.038157 0.261295 0.067358 0.242792 0.038157 0.260442 0.003307 0.292319 0.003308 0.228566 0.003307 0.185425 0.067358 0.185425 0.038157 0.165599 0.038157 0.20537 0.038157 0.185039 0.003308 0.152179 0.003307 0.222206 0.003308 0.705192 0.825882 0.702185 0.82867 0.702435 0.838141 0.702643 0.844688 0.723443 0.837234 0.702895 0.855 0.725062 0.858028 0.702889 0.865269 0.717223 0.963883 0.729836 0.934742 0.713476 0.934376 0.704274 0.964866 0.70406 0.934376 0.718038 0.996505 0.730364 0.967384 0.717223 0.963883 0.705319 0.994631 0.705907 0.990521 0.704274 0.964866 0.703842 0.899666 0.713097 0.913999 0.713607 0.896014 0.70155 0.897591 0.703027 0.892226 0.703958 0.919186 0.70266 0.879532 0.726772 0.886064 0.230322 0.275321 0.185389 0.282887 0.187722 0.315917 0.717207 0.132929 0.720939 0.103456 0.718626 0.130692 0.051944 0.724344 0.041485 0.7298 0.033261 0.719872 0.053533 0.7048 0.074386 0.679825 0.067347 0.687805 0.772425 0.538309 0.772249 0.542326 0.779551 0.539225 0.766676 0.538422 0.772249 0.571508 0.812088 0.593102 0.772249 0.606155 0.772249 0.643983 0.736995 0.6002 0.785728 0.636313 0.785728 0.639514 0.780774 0.637087 0.791447 0.637948 0.785728 0.651926 0.813077 0.675255 0.785728 0.66687 0.785728 0.695231 0.763045 0.669469 0.847849 0.67136 0.867715 0.640014 0.867715 0.643929 0.861499 0.640757 0.895073 0.668438 0.873196 0.639322 0.867715 0.671153 0.867715 0.694479 0.866283 0.397809 0.875994 0.399362 0.213174 0.054374 0.22976 0.019692 0.228046 0.054374 0.242919 0.054374 0.198301 0.089057 0.228046 0.089057 0.257791 0.089057 0.242919 0.054374 0.228046 0.054374 0.22976 0.019692 0.213174 0.054374 0.257791 0.089057 0.228046 0.089057 0.198301 0.089057 0.293917 0.019692 0.293469 0.054375 0.282726 0.054374 0.304077 0.054374 0.293021 0.089057 0.271534 0.089057 0.314237 0.089057 0.304077 0.054374 0.293407 0.054375 0.293917 0.019692 0.282726 0.054374 0.271534 0.089057 0.292897 0.089057 0.314237 0.089057 0.22976 0.019692 0.242919 0.054374 0.228046 0.054374 0.213174 0.054374 0.257791 0.089057 0.228046 0.089057 0.198301 0.089057 0.293519 0.054374 0.282726 0.054374 0.293917 0.019692 0.304077 0.054374 0.271534 0.089057 0.293121 0.089057 0.314237 0.089057 0.22976 0.019692 0.242919 0.054374 0.228046 0.054374 0.213174 0.054374 0.257791 0.089057 0.228046 0.089057 0.198301 0.089057 0.293596 0.054374 0.282726 0.054374 0.293917 0.019692 0.304077 0.054374 0.271534 0.089057 0.293275 0.089057 0.314237 0.089057 0.537396 0.84581 0.508235 0.897535 0.516948 0.897525 0.508998 0.84581 0.497983 0.897545 0.508394 0.907318 0.482141 0.84581 0.508998 0.84581 0.516948 0.897525 0.537396 0.84581 0.508235 0.897535 0.497983 0.897545 0.508394 0.907318 0.482141 0.84581 0.559408 0.862204 0.551426 0.862213 0.559553 0.869599 0.561517 0.814817 0.535713 0.814817 0.586122 0.814817 0.56739 0.862195 0.537396 0.84581 0.508235 0.897535 0.516948 0.897525 0.508998 0.84581 0.508394 0.907318 0.497983 0.897545 0.482141 0.84581 0.071122 0.704301 0.050671 0.69832 0.053533 0.7048 0.561517 0.814817 0.56739 0.862195 0.586122 0.814817 0.559408 0.862204 0.551426 0.862213 0.559553 0.869599 0.535713 0.814817 0.591541 0.814765 0.591233 0.827154 0.594589 0.822596 0.824865 0.752624 0.901317 0.962835 0.858616 0.776325 0.911752 0.785214 0.596694 0.13589 0.632211 0.091746 0.633697 0.092443 0.597149 0.134079 0.718626 0.130692 0.741027 0.117313 0.717207 0.132929 0.48551 0.524957 0.475349 0.494321 0.476806 0.493952 0.484278 0.524058 0.469915 0.525257 0.471259 0.526247 0.474347 0.537384 0.472947 0.537972 0.489942 0.560921 0.488457 0.561139 0.487091 0.595927 0.486887 0.594633 0.636457 0.835029 0.658345 0.826306 0.63645 0.841798 0.63531 0.849958 0.653871 0.997054 0.632219 0.954943 0.632124 0.935009 0.632458 0.972913 0.642855 0.995097 0.63204 0.991504 0.63238 0.962547 0.632092 0.921039 0.632161 0.914122 0.631721 0.907618 0.631806 0.902887 0.632432 0.891265 0.633851 0.870622 0.633732 0.860208 0.702895 0.855 0.741634 0.880181 0.748866 0.910544 0.742285 0.936407 0.769838 0.913684 0.769209 0.940941 0.744516 0.968206 0.766235 0.966552 0.75822 0.99701 0.741631 0.997553 0.730364 0.967384 0.731286 0.997382 0.730364 0.967384 0.748239 0.8171 0.765734 0.817466 0.761339 0.821087 0.572022 0.991047 0.561843 0.989154 0.562175 0.985005 0.56284 0.976714 0.563676 0.966282 0.576243 0.961474 0.591116 0.994598 0.594737 0.9615 0.60653 0.99679 0.609111 0.961019 0.596278 0.934322 0.610409 0.935105 0.582393 0.933783 0.627187 0.93991 0.625546 0.963933 0.596329 0.9025 0.582424 0.901378 0.565868 0.933385 0.565818 0.900038 0.580639 0.884561 0.565415 0.880267 0.5652 0.869704 0.577576 0.862917 0.621718 0.998671 0.627549 0.910389 0.611426 0.89077 0.626916 0.885437 0.626442 0.874616 0.607481 0.874081 0.624178 0.863795 0.606072 0.848059 0.61992 0.841271 0.594543 0.879132 0.592877 0.854527 0.769238 0.887302 0.768632 0.87195 0.744893 0.863559 0.767174 0.856049 0.765369 0.842488 0.737945 0.839458 0.748239 0.8171 0.763365 0.831782 0.761339 0.821087 0.509786 0.915807 0.529484 0.895686 0.523207 0.91255 0.517921 0.935107 0.539174 0.934959 0.537817 0.958831 0.563186 0.938395 0.562111 0.96246 0.539894 0.976609 0.52736 0.980337 0.515095 0.963746 0.560632 0.982213 0.540516 0.994459 0.559278 0.996156 0.523525 0.992776 0.511302 0.982706 0.509202 0.987266 0.494199 0.982375 0.493796 0.985448 0.506556 0.966685 0.494199 0.982375 0.496197 0.967154 0.498943 0.952898 0.507842 0.937089 0.50127 0.940815 0.553589 0.877971 0.555847 0.89229 0.558689 0.912315 0.558689 0.912315 0.529484 0.895686 0.509786 0.915807 0.523207 0.91255 0.517921 0.935107 0.539174 0.934959 0.537817 0.958831 0.563186 0.938395 0.562111 0.96246 0.539894 0.976609 0.52736 0.980337 0.515095 0.963746 0.560632 0.982213 0.540516 0.994459 0.559278 0.996156 0.523525 0.992776 0.511302 0.982706 0.509202 0.987266 0.494199 0.982375 0.493796 0.985448 0.506556 0.966685 0.494199 0.982375 0.496197 0.967154 0.498943 0.952898 0.507842 0.937089 0.50127 0.940815 0.553589 0.877971 0.555847 0.89229 0.558689 0.912315 0.558689 0.912315 0.890528 0.439648 0.935953 0.43411 0.360162 0.580134 0.326627 0.569092 0.326375 0.580624 0.363023 0.569092 0.359793 0.558361 0.38123 0.569092 0.372632 0.588279 0.30483 0.569092 0.315516 0.588774 0.343766 0.599106 0.325435 0.55778 0.371907 0.550201 0.31444 0.549609 0.342186 0.54096 0.300873 0.834686 0.263342 0.87485 0.304215 0.873839 0.264091 0.832896 0.333152 0.832663 0.339544 0.870917 0.309034 0.91192 0.345382 0.90473 0.367688 0.867383 0.373895 0.899113 0.399922 0.8635 0.389185 0.827494 0.425584 0.861195 0.360218 0.829707 0.406478 0.894547 0.379757 0.931034 0.412466 0.924204 0.432035 0.891443 0.43764 0.921107 0.417998 0.954937 0.382804 0.792157 0.35574 0.791974 0.408441 0.789431 0.471284 0.799403 0.455576 0.858259 0.4728 0.836082 0.471564 0.809354 0.477082 0.82538 0.458793 0.88959 0.476797 0.881465 0.472792 0.855366 0.479751 0.8984 0.465091 0.91963 0.495735 0.943249 0.46935 0.944617 0.443938 0.948251 0.486919 0.818253 0.480502 0.803138 0.523335 0.835827 0.475131 0.799521 0.291481 0.914861 0.292889 0.933737 0.277475 0.927213 0.277968 0.932231 0.277053 0.936309 0.272998 0.932121 0.266791 0.939945 0.265972 0.931213 0.26664 0.922111 0.275486 0.923803 0.270075 0.920067 0.275369 0.919134 0.272378 0.915204 0.264636 0.916782 0.263118 0.911357 0.279112 0.943627 0.280511 0.956514 0.311976 0.949899 0.313255 0.984155 0.280057 0.990779 0.352805 0.971933 0.349839 0.938699 0.386269 0.962447 0.271785 0.957626 0.269918 0.952525 0.261663 0.958235 0.261852 0.950482 0.267597 0.945386 0.261971 0.945158 0.273047 0.948312 0.274975 0.942133 0.269985 0.990779 0.260889 0.990779 0.256342 0.945183 0.257408 0.939805 0.253695 0.952217 0.251579 0.957225 0.242918 0.955761 0.250768 0.947897 0.249139 0.94167 0.244936 0.942986 0.231687 0.932573 0.211851 0.947897 0.208975 0.981961 0.241707 0.990779 0.170218 0.968329 0.174532 0.935359 0.216514 0.910256 0.234014 0.913909 0.247438 0.926769 0.180385 0.901726 0.187404 0.868265 0.222592 0.872419 0.195058 0.830313 0.22726 0.833398 0.139178 0.823352 0.168085 0.826485 0.159384 0.863777 0.127273 0.858849 0.101681 0.855748 0.119643 0.889528 0.094202 0.885635 0.152062 0.895141 0.144972 0.926713 0.112578 0.918859 0.087555 0.914994 0.067517 0.882966 0.060189 0.912679 0.046266 0.891055 0.0498 0.874318 0.071788 0.851927 0.054677 0.848537 0.082707 0.813179 0.0553 0.829421 0.057333 0.802904 0.051345 0.818692 0.028852 0.93526 0.055163 0.937474 0.080393 0.941873 0.106009 0.949321 0.041746 0.811387 0.048571 0.796482 0.054047 0.793023 0.054047 0.793023 0.886432 0.896139 0.89824 0.955364 0.89824 0.890756 0.886432 0.960747 0.879199 0.896139 0.879199 0.960747 0.886432 0.861799 0.89824 0.861798 0.879199 0.861798 0.886432 0.826287 0.892704 0.978272 0.882626 0.978272 0.8734 0.960747 0.877245 0.978272 0.870245 0.978272 0.876861 0.985971 0.866144 0.960747 0.866144 0.896139 0.8734 0.896139 0.866144 0.878969 0.8734 0.861798 0.883581 0.985971 0.8734 0.826287 0.866144 0.861799 0.866144 0.826287 0.866144 0.792968 0.794959 0.890094 0.794959 0.863508 0.785241 0.863232 0.7805 0.861163 0.794866 0.823951 0.788952 0.824473 0.802328 0.780066 0.801144 0.822439 0.804476 0.862624 0.811313 0.862155 0.815362 0.886356 0.804476 0.889973 0.95938 0.717546 0.969915 0.686896 0.958412 0.686573 0.970148 0.71752 0.950188 0.704939 0.95326 0.722974 0.948785 0.68667 0.953492 0.678911 0.958271 0.67897 0.957066 0.661888 0.960718 0.662792 0.969854 0.678943 0.969716 0.660612 0.950349 0.672572 0.960837 0.723683 0.970196 0.723804 0.961836 0.652858 0.969638 0.650351 0.978745 0.662655 0.981437 0.678794 0.984699 0.661696 0.990099 0.678663 0.981412 0.686399 0.992956 0.686349 0.992391 0.704637 0.980915 0.717382 0.989114 0.722716 0.991317 0.672277 0.979552 0.723541 0.980272 0.652739 0.856342 0.824276 0.856342 0.861546 0.84191 0.824276 0.846816 0.861546 0.84191 0.861546 0.835972 0.824276 0.835972 0.861546 0.827117 0.859385 0.832592 0.824276 0.840541 0.788445 0.835972 0.882098 0.844363 0.880168 0.84191 0.904581 0.846816 0.904581 0.856342 0.880168 0.856342 0.904581 0.846816 0.968571 0.856342 0.968571 0.851705 0.986824 0.84191 0.968571 0.846236 0.986824 0.835972 0.968571 0.835972 0.906511 0.824619 0.968571 0.822174 0.908799 0.898934 0.651887 0.907818 0.649339 0.904429 0.661324 0.893209 0.659788 0.89476 0.662472 0.902411 0.675858 0.909801 0.670953 0.916481 0.680374 0.910669 0.687567 0.925358 0.692024 0.933725 0.685782 0.935812 0.721044 0.925242 0.720485 0.91822 0.69747 0.917961 0.724763 0.928669 0.752984 0.920439 0.752006 0.938901 0.752567 0.92613 0.787228 0.933867 0.789121 0.940497 0.789483 0.947324 0.786634 0.939025 0.801599 0.930791 0.798737 0.917593 0.663093 0.92506 0.898812 0.921051 0.897109 0.91087 0.919689 0.915367 0.892519 0.924543 0.885832 0.929669 0.900403 0.934323 0.88969 0.938407 0.902828 0.789598 0.058455 0.802675 0.082532 0.78285 0.071859 0.829709 0.087977 0.853687 0.088981 0.820514 0.112997 0.790048 0.10578 0.809693 0.142636 0.776713 0.126912 0.767604 0.139503 0.754266 0.11641 0.798468 0.180325 0.761966 0.169022 0.783561 0.222435 0.808841 0.229233 0.787791 0.282087 0.768413 0.276417 0.807789 0.288718 0.768657 0.31753 0.775234 0.326691 0.779364 0.336564 0.833246 0.300029 0.860842 0.162481 0.871333 0.248829 0.750326 0.215035 0.71206 0.207093 0.711976 0.154261 0.728076 0.13974 0.739297 0.268499 0.795524 0.34771 0.817014 0.365065 0.860858 0.316202 0.707339 0.261848 0.700238 0.315033 0.727775 0.31946 0.757372 0.320849 0.692588 0.369885 0.716177 0.375058 0.756917 0.356536 0.757954 0.352739 0.673565 0.312828 0.675659 0.257775 0.653847 0.311763 0.654405 0.256131 0.677604 0.203069 0.654405 0.202022 0.653262 0.366699 0.671091 0.368094 0.659715 0.189597 0.654439 0.192079 0.673352 0.190393 0.695251 0.171264 0.6773 0.17131 0.661835 0.181962 0.653262 0.424329 0.653262 0.458652 0.681458 0.428423 0.691082 0.442965 0.101574 0.548445 0.099167 0.533248 0.122401 0.539322 0.0852 0.54638 0.082209 0.536583 0.121554 0.527886 0.153448 0.532154 0.150141 0.538981 0.097125 0.524717 0.080293 0.527165 0.148353 0.544857 0.122999 0.547392 0.117432 0.517679 0.145134 0.504294 0.155802 0.509207 0.061775 0.539978 0.060489 0.527727 0.039598 0.532394 0.041058 0.543882 0.060482 0.514855 0.020624 0.533255 0.030448 0.476945 0.064907 0.458347 0.020908 0.546574 0.026435 0.462014 0.077281 0.511465 0.084267 0.456702 0.095647 0.507082 0.098756 0.453567 0.114711 0.509458 0.129847 0.455745 0.015414 0.474091 0.005121 0.4844 0.009528 0.532329 0.001749 0.466902 0.01324 0.462056 0.140356 0.498358 0.134544 0.449797 0.157508 0.482892 0.153734 0.477951 0.167538 0.485834 0.170059 0.45624 0.180807 0.45898 0.187262 0.433865 0.197232 0.43329 0.210414 0.410942 0.168005 0.450727 0.145651 0.439128 0.171291 0.41659 0.17907 0.424934 0.970825 0.806091 0.961232 0.843385 0.971128 0.84469 0.958492 0.80565 0.955084 0.835267 0.955393 0.844059 0.950425 0.814025 0.953707 0.797977 0.959055 0.798386 0.970765 0.79856 0.960197 0.868331 0.950562 0.86225 0.952213 0.873757 0.963056 0.878469 0.971327 0.870347 0.971405 0.880262 0.949928 0.850628 0.949404 0.82785 0.98247 0.798203 0.983149 0.805455 0.981003 0.843231 0.989344 0.835018 0.989172 0.843814 0.993736 0.813704 0.990271 0.79771 0.979725 0.87834 0.982425 0.868159 0.993702 0.873461 0.995173 0.861928 0.994192 0.850297 0.994292 0.827511 0.475981 0.67831 0.454086 0.674846 0.476767 0.688022 0.498552 0.677698 0.476625 0.657402 0.478725 0.622513 0.874919 0.703699 0.8872 0.695282 0.89147 0.703369 0.875368 0.696508 0.889904 0.713065 0.908985 0.714325 0.908985 0.703039 0.873807 0.711805 0.855759 0.703748 0.854979 0.71103 0.836599 0.703797 0.845953 0.698651 0.867412 0.697088 0.83615 0.710255 0.819312 0.703639 0.819134 0.710132 0.802025 0.703482 0.802118 0.710009 0.816013 0.716906 0.792945 0.717184 0.786161 0.710553 0.786106 0.703491 0.783119 0.717205 0.770186 0.703499 0.770203 0.711097 0.760952 0.703637 0.760117 0.69794 0.769007 0.698414 0.761043 0.711601 0.751717 0.703774 0.751882 0.712104 0.745472 0.707148 0.752696 0.717925 0.747114 0.697247 0.779895 0.698276 0.802149 0.697993 0.807767 0.698189 0.813665 0.698395 0.818331 0.698558 0.824442 0.698772 0.831202 0.699008 0.753074 0.697565 0.613006 0.794538 0.580992 0.786886 0.581105 0.793993 0.61461 0.787323 0.605458 0.803254 0.580913 0.802227 0.54588 0.787862 0.557253 0.804775 0.536677 0.808068 0.628641 0.795272 0.634499 0.787309 0.644951 0.796037 0.645126 0.787301 0.533692 0.788303 0.521548 0.811021 0.520884 0.799053 0.524006 0.788653 0.51916 0.788828 0.637886 0.805676 0.624355 0.804559 0.947773 0.811161 0.938058 0.812029 0.939025 0.801599 0.931666 0.809632 0.930791 0.798737 0.924957 0.805839 0.924971 0.820504 0.930035 0.841022 0.937178 0.843519 0.94634 0.845789 0.924543 0.885832 0.923761 0.85445 0.924534 0.838902 0.934323 0.88969 0.942989 0.881119 0.922899 0.870833 0.633104 0.631056 0.694695 0.666285 0.633461 0.677067 0.615643 0.67604 0.620755 0.626262 0.607559 0.629073 0.602421 0.67555 0.644126 0.589728 0.598103 0.585791 0.616626 0.581959 0.579802 0.546502 0.629125 0.584382 0.661103 0.551823 0.524696 0.611054 0.51264 0.6013 0.540594 0.657031 0.598878 0.632896 0.592535 0.674283 0.539911 0.680666 0.500374 0.651145 0.516651 0.6723 0.494744 0.619246 0.51777 0.624276 0.584563 0.714572 0.542074 0.701909 0.578642 0.748625 0.516798 0.691419 0.495197 0.703549 0.595055 0.71693 0.589358 0.75425 0.61165 0.715797 0.605917 0.78152 0.634143 0.719668 0.70525 0.746919 0.584676 0.776104 0.686247 0.7119 0.694064 0.681166 0.715765 0.705434 0.71962 0.685249 0.730785 0.721442 0.564858 0.785534 0.548143 0.736009 0.520813 0.734407 0.740115 0.665079 0.744651 0.635457 0.723674 0.633727 0.719253 0.620317 0.729215 0.608221 0.437763 0.633805 0.412156 0.635886 0.43774 0.651883 0.46265 0.633563 0.43774 0.616715 0.43774 0.584338 0.352805 0.971933 0.387731 0.970377 0.386269 0.962447 0.353496 0.978274 0.321801 0.98788 0.313255 0.984155 0.282748 0.997821 0.276264 0.99481 0.280057 0.990779 0.417998 0.954937 0.419325 0.962678 0.437275 0.959996 0.443938 0.948251 0.269985 0.990779 0.268842 0.995753 0.260664 0.995995 0.260889 0.990779 0.2518 0.990779 0.455763 0.956188 0.46935 0.944617 0.470729 0.95216 0.482691 0.950123 0.495735 0.943249 0.494185 0.948629 0.252516 0.995411 0.245142 0.994149 0.241707 0.990779 0.208975 0.981961 0.238515 0.996874 0.200157 0.985337 0.170218 0.968329 0.169148 0.974608 0.135468 0.965628 0.137318 0.957779 0.106009 0.949321 0.104324 0.957 0.086553 0.95379 0.080393 0.941873 0.068257 0.949434 0.055163 0.937474 0.05346 0.944958 0.041581 0.942547 0.028852 0.93526 0.030145 0.940687 0.963056 0.878469 0.952213 0.873757 0.971405 0.880262 0.961609 0.960759 0.972026 0.960874 0.962464 0.985828 0.972211 0.984806 0.972274 0.992923 0.965632 0.992144 0.959043 0.990668 0.981974 0.985677 0.952294 0.989551 0.951839 0.972337 0.952346 0.960414 0.978903 0.992041 0.985469 0.990463 0.995 0.989242 0.994232 0.972022 0.994837 0.960109 0.979725 0.87834 0.993702 0.873461 0.03771 0.559363 0.071134 0.563466 0.066448 0.551911 0.05007 0.611321 0.096546 0.61494 0.057624 0.619996 0.08844 0.56038 0.107303 0.55693 0.116509 0.608761 0.132069 0.603222 0.159646 0.587805 0.145128 0.602166 0.163221 0.59953 0.042458 0.618488 0.04589 0.629642 0.032713 0.629533 0.027817 0.613742 0.02242 0.559632 0.009949 0.5626 0.009647 0.547483 0.099468 0.108204 0.095463 0.067101 0.051661 0.109109 0.070561 0.040581 0.06675 0.023578 0.037262 0.037472 0.033409 0.019289 0.065768 0.017901 0.119919 0.037633 0.029279 0.002725 0.003267 0.020005 0.003267 0.004096 0.003267 0.038048 0.003267 0.05989 0.045069 0.058948 0.016359 0.073649 0.003267 0.10944 0.053079 0.142004 0.003267 0.140944 0.100538 0.144809 0.053028 0.17514 0.100734 0.177318 0.051782 0.230327 0.100648 0.230374 0.003267 0.23037 0.003267 0.174446 0.141512 0.143448 0.142248 0.17678 0.141818 0.230664 0.185176 0.178435 0.100625 0.283511 0.052874 0.285315 0.003267 0.286221 0.099998 0.316049 0.052674 0.318393 0.051067 0.351356 0.092648 0.394416 0.070033 0.419709 0.066347 0.436648 0.03695 0.422857 0.033404 0.441016 0.09618 0.433947 0.065427 0.441116 0.119085 0.424062 0.029612 0.456722 0.003267 0.44109 0.003267 0.456722 0.003267 0.422951 0.003267 0.400954 0.043814 0.40134 0.016025 0.386912 0.003267 0.351135 0.003267 0.319625 0.902638 0.0065 0.876171 0.0065 0.886377 0.013571 0.885648 0.062025 0.899031 0.086598 0.872005 0.081214 0.873876 0.069955 0.863682 0.060207 0.86539 0.0065 0.924608 0.0065 0.920276 0.085588 0.947718 0.0065 0.945057 0.087451 0.990837 0.092641 0.990837 0.0065 0.980688 0.138404 0.93624 0.128872 0.964847 0.179418 0.921801 0.170537 0.943385 0.217736 0.902336 0.206559 0.90513 0.266113 0.889763 0.165555 0.873841 0.201577 0.865511 0.196155 0.863183 0.164875 0.872238 0.160488 0.872831 0.157795 0.879544 0.166988 0.89549 0.12232 0.868201 0.12007 0.836922 0.15502 0.846938 0.117321 0.599061 0.02781 0.644233 0.060468 0.648516 0.039832 0.598332 0.042381 0.59678 0.061769 0.632561 0.091904 0.595574 0.097332 0.586967 0.039878 0.586099 0.023109 0.576066 0.043045 0.587892 0.0605 0.579427 0.062561 0.535535 0.064478 0.571399 0.024197 0.529004 0.044907 0.576518 0.013051 0.586295 0.012197 0.610876 0.009042 0.875994 0.399362 0.917136 0.423734 0.875733 0.416193 0.864034 0.405213 0.246297 0.503799 0.207603 0.531716 0.208326 0.553526 0.222635 0.552431 0.22927 0.548103 0.209809 0.509851 0.19159 0.523703 0.206148 0.493271 0.191759 0.49475 0.194636 0.47303 0.20832 0.463733 0.216036 0.407005 0.198062 0.546514 0.23607 0.580098 0.227642 0.570799 0.237028 0.580378 0.221395 0.575153 0.198995 0.555705 0.19821 0.563651 0.219451 0.584413 0.195165 0.570113 0.215092 0.5939 0.182903 0.593083 0.170196 0.555637 0.17157 0.550435 0.173722 0.541591 0.166626 0.592075 0.67514 0.104618 0.703558 0.080956 0.663376 0.086706 0.702603 0.053726 0.657032 0.065384 0.70102 0.024787 0.712747 0.046966 0.712287 0.018656 0.713649 0.076088 0.653008 0.047022 0.698576 0.006139 0.711957 0.002747 0.725986 0.005451 0.724048 0.023414 0.771552 0.04379 0.767933 0.062174 0.722804 0.052558 0.763008 0.082922 0.723662 0.079764 0.75309 0.100324 0.740421 0.116806 0.958243 0.760823 0.952989 0.761435 0.95873 0.791174 0.958324 0.728296 0.970252 0.731261 0.970475 0.760695 0.970196 0.723804 0.960837 0.723683 0.95326 0.722974 0.950411 0.779303 0.953707 0.797977 0.959055 0.798386 0.970714 0.792106 0.970765 0.79856 0.951425 0.738212 0.949753 0.769403 0.949056 0.753414 0.982707 0.760637 0.982135 0.728114 0.990766 0.761169 0.982683 0.790992 0.979552 0.723541 0.989114 0.722716 0.98247 0.798203 0.990271 0.79771 0.993892 0.778994 0.991819 0.737925 0.994535 0.769086 0.993219 0.75309 0.373206 0.596016 0.407588 0.587599 0.403803 0.542427 0.43795 0.58061 0.410948 0.606004 0.769062 0.09806 0.781697 0.078116 0.748902 0.128726 0.110219 0.450175 0.128282 0.442992 0.26476 0.790522 0.76066 0.322847 0.767427 0.320513 0.77091 0.326648 0.250618 0.47692 0.471284 0.799403 0.475131 0.799521 0.599555 0.82784 0.651879 0.817039 0.908985 0.693025 0.844112 0.71725 0.868316 0.719512 0.908985 0.725053 0.773293 0.717225 0.057624 0.619996 0.096546 0.61494 0.096734 0.615912 0.116745 0.609692 0.116509 0.608761 0.132166 0.604184 0.132069 0.603222 0.145367 0.60311 0.145128 0.602166 0.164289 0.599877 0.163221 0.59953 0.160446 0.588578 0.159646 0.587805 0.166588 0.593033 0.166626 0.592075 0.182903 0.593083 0.182906 0.594194 0.215831 0.594743 0.215092 0.5939 0.220119 0.585199 0.219451 0.584413 0.237028 0.580378 0.23607 0.580098 0.644233 0.060468 0.644235 0.060513 0.648516 0.039832 0.634053 0.092604 0.770156 0.062524 0.771552 0.04379 0.767933 0.062174 0.765105 0.083644 0.763008 0.082922 0.75472 0.101726 0.75309 0.100324 0.740421 0.116806 0.741893 0.118413 0.720141 0.13251 0.718793 0.1348 0.730785 0.721442 0.732562 0.721695 0.70525 0.746919 0.717667 0.704902 0.715765 0.705434 0.72124 0.686047 0.71962 0.685249 0.741565 0.66575 0.740115 0.665079 0.745996 0.634528 0.744651 0.635457 0.723674 0.633727 0.724712 0.632352 0.721095 0.62069 0.719253 0.620317 0.730498 0.609087 0.729215 0.608221 0.735615 0.593673 0.890528 0.439648 0.89824 0.955364 0.886432 0.896139 0.89824 0.890756 0.886432 0.960747 0.879199 0.896139 0.879199 0.960747 0.886432 0.861799 0.89824 0.861798 0.879199 0.861798 0.892704 0.978272 0.882626 0.978272 0.8734 0.960747 0.877245 0.978272 0.870245 0.978272 0.876861 0.985971 0.866144 0.960747 0.866144 0.896139 0.8734 0.896139 0.866144 0.878969 0.8734 0.861798 0.883581 0.985971 0.866144 0.861799 0.866144 0.826287 0.774363 0.885216 0.794959 0.863508 0.785241 0.863232 0.7805 0.861163 0.788952 0.824473 0.794866 0.823951 0.802328 0.780066 0.801144 0.822439 0.804476 0.862624 0.811313 0.862155 0.856342 0.824276 0.856342 0.861546 0.846816 0.861546 0.84191 0.861546 0.835972 0.861546 0.827117 0.859385 0.835972 0.882098 0.844363 0.880168 0.84191 0.904581 0.846816 0.904581 0.856342 0.880168 0.856342 0.904581 0.846816 0.968571 0.856342 0.968571 0.84191 0.968571 0.835972 0.968571 0.835972 0.906511 0.824619 0.968571 0.822174 0.908799 0.90777 0.64892 0.898866 0.65136 0.904229 0.660905 0.893036 0.659196 0.894552 0.661908 0.902108 0.675464 0.909533 0.67062 0.916211 0.680073 0.91041 0.687261 0.917375 0.662802 0.933484 0.685512 0.925142 0.691756 0.935861 0.720868 0.925288 0.720274 0.918008 0.697191 0.918029 0.724594 0.928617 0.752863 0.920376 0.751892 0.938864 0.752472 0.926076 0.787017 0.933825 0.788928 0.940472 0.789283 0.947317 0.78645 0.938954 0.801397 0.930694 0.798539 0.925009 0.898736 0.920475 0.922928 0.920999 0.897022 0.915298 0.89242 0.924454 0.885699 0.931011 0.925144 0.929628 0.900317 0.936668 0.925392 0.934225 0.889586 0.938373 0.90271 0.101759 0.548638 0.099389 0.533357 0.08514 0.546429 0.12262 0.539693 0.082334 0.536498 0.12188 0.528199 0.153448 0.532154 0.150381 0.539675 0.097388 0.524781 0.08051 0.527086 0.148403 0.545522 0.123139 0.547881 0.117814 0.517916 0.145615 0.504595 0.156281 0.509564 0.061865 0.539867 0.060647 0.527588 0.039683 0.532263 0.041098 0.543803 0.060635 0.514717 0.020748 0.533117 0.030554 0.476802 0.065206 0.458208 0.0209 0.546433 0.026513 0.461858 0.077564 0.511349 0.084649 0.456586 0.096034 0.507061 0.099225 0.45352 0.115145 0.509626 0.130406 0.455818 0.015501 0.474047 0.005203 0.484359 0.00961 0.532171 0.001749 0.466902 0.013235 0.461982 0.140858 0.498573 0.135142 0.449888 0.158076 0.483168 0.154288 0.478207 0.168091 0.48614 0.170701 0.456488 0.181462 0.459239 0.187974 0.434091 0.19797 0.433544 0.211231 0.411187 0.168647 0.450918 0.146312 0.439215 0.172025 0.41675 0.179787 0.425118 0.454086 0.674846 0.475981 0.67831 0.476767 0.688022 0.498552 0.677698 0.476625 0.657402 0.478725 0.622513 0.758851 0.749588 0.771132 0.741171 0.754581 0.741501 0.770683 0.748362 0.756147 0.731805 0.74005 0.730545 0.738031 0.741831 0.777735 0.725358 0.739977 0.719817 0.772244 0.733065 0.790291 0.741122 0.791072 0.73384 0.809451 0.741074 0.809901 0.734615 0.826739 0.741231 0.826917 0.734738 0.844026 0.741388 0.843933 0.734861 0.830038 0.727965 0.853106 0.727686 0.85989 0.734317 0.859945 0.741379 0.843902 0.746877 0.866156 0.746594 0.862932 0.727665 0.875864 0.741371 0.875848 0.733773 0.885099 0.741234 0.885934 0.74693 0.877044 0.746456 0.885008 0.73327 0.894334 0.741096 0.894169 0.732766 0.904479 0.737722 0.896793 0.726945 0.901251 0.747623 0.892977 0.747305 0.872757 0.727645 0.832385 0.746475 0.82772 0.746312 0.821609 0.746099 0.814848 0.745863 0.800098 0.746219 0.778639 0.747782 0.554838 0.116646 0.53256 0.127557 0.542073 0.139444 0.499632 0.142715 0.510936 0.179769 0.547521 0.168606 0.525154 0.221462 0.499715 0.227781 0.519398 0.280427 0.538913 0.275144 0.499257 0.286638 0.537574 0.315815 0.530728 0.324775 0.526282 0.334443 0.47346 0.297229 0.468623 0.235611 0.482783 0.188266 0.448732 0.161289 0.436873 0.246092 0.558429 0.214371 0.596756 0.206813 0.568198 0.267643 0.548769 0.319342 0.578382 0.318466 0.606067 0.31458 0.612118 0.36922 0.588334 0.373981 0.548135 0.354765 0.544164 0.391514 0.509769 0.345115 0.487719 0.36173 0.445413 0.312584 0.600226 0.261366 0.402778 0.262668 0.406598 0.204015 0.365384 0.214691 0.547213 0.350972 0.387939 0.168209 0.344755 0.176343 0.374716 0.126911 0.330061 0.135538 0.36707 0.086018 0.32164 0.090225 0.366172 0.0065 0.32164 0.0065 0.535047 0.324825 0.538718 0.318807 0.545418 0.321251 0.391673 0.084322 0.389153 0.0065 0.412765 0.085352 0.410815 0.0065 0.426699 0.06123 0.426256 0.013515 0.436024 0.0065 0.439616 0.080375 0.438136 0.069155 0.448437 0.05941 0.457408 0.088209 0.480904 0.08795 0.507571 0.081553 0.527905 0.0761 0.498081 0.0065 0.489399 0.113094 0.519641 0.106762 0.5405 0.099279 0.528664 0.079642 0.463313 0.116709 0.472532 0.154369 0.442335 0.11902 0.415376 0.120777 0.436904 0.156407 0.437421 0.15909 0.435142 0.199562 0.419917 0.163791 0.430056 0.165396 0.636457 0.835029 0.63645 0.841798 0.660037 0.847784 0.63531 0.849958 0.658577 0.936875 0.632219 0.954943 0.632124 0.935009 0.632458 0.972913 0.642855 0.995097 0.63204 0.991504 0.63238 0.962547 0.658541 0.914891 0.632092 0.921039 0.632161 0.914122 0.631721 0.907618 0.659505 0.877904 0.631806 0.902887 0.632432 0.891265 0.633851 0.870622 0.633732 0.860208 0.938029 0.811819 0.947761 0.810953 0.938954 0.801397 0.931618 0.809434 0.930694 0.798539 0.924878 0.805662 0.924911 0.820304 0.929989 0.840807 0.937143 0.843293 0.946318 0.845554 0.924454 0.885699 0.923694 0.854253 0.924478 0.83868 0.934225 0.889586 0.942896 0.880964 0.92282 0.870677 0.438715 0.423859 0.379992 0.457062 0.380322 0.413219 0.36337 0.414249 0.367721 0.461983 0.355402 0.459155 0.350783 0.414693 0.390102 0.496844 0.346222 0.500509 0.361757 0.504377 0.328583 0.537116 0.318363 0.523617 0.375059 0.502264 0.406072 0.532044 0.29501 0.501879 0.260878 0.500011 0.274469 0.476075 0.264595 0.485366 0.25177 0.529557 0.291605 0.432017 0.347132 0.455439 0.341313 0.415819 0.291113 0.409531 0.254048 0.437709 0.268255 0.417558 0.249369 0.468143 0.269608 0.465746 0.333856 0.377379 0.293291 0.389289 0.328502 0.34491 0.268186 0.399316 0.249151 0.387572 0.343974 0.375137 0.338763 0.339517 0.359789 0.376298 0.356268 0.329423 0.354544 0.311521 0.381055 0.372695 0.421506 0.34904 0.444661 0.318083 0.452232 0.347311 0.333688 0.31565 0.299209 0.356799 0.277436 0.328601 0.271626 0.3582 0.430869 0.380894 0.438152 0.409736 0.463045 0.388071 0.465201 0.407296 0.474098 0.372674 0.482787 0.425563 0.486585 0.45363 0.467514 0.45464 0.461443 0.46801 0.472122 0.479858 0.412156 0.635886 0.437763 0.633805 0.43774 0.651883 0.46265 0.633563 0.43774 0.616715 0.43774 0.584338 0.037641 0.55928 0.066441 0.551872 0.071 0.563473 0.049734 0.611348 0.096546 0.61494 0.05729 0.620071 0.088352 0.560422 0.107238 0.557158 0.116509 0.608761 0.132069 0.603222 0.159646 0.587805 0.145128 0.602166 0.163221 0.59953 0.042096 0.618485 0.045533 0.629702 0.032336 0.629575 0.027486 0.613727 0.022348 0.559506 0.009851 0.562439 0.009607 0.547294 0.633707 0.36779 0.632759 0.31265 0.631976 0.257611 0.631224 0.203099 0.649202 0.18965 0.635617 0.190479 0.614095 0.171271 0.631979 0.171485 0.647161 0.182039 0.597664 0.154189 0.581626 0.139646 0.560901 0.128645 0.643845 0.060461 0.603755 0.026481 0.648111 0.039849 0.60173 0.040065 0.599129 0.058141 0.632211 0.091746 0.598125 0.091301 0.597149 0.134079 0.590628 0.037222 0.590745 0.021419 0.579616 0.03993 0.590436 0.056744 0.582128 0.058624 0.535512 0.064412 0.575475 0.022046 0.529004 0.044907 0.576357 0.013159 0.548711 0.097435 0.586864 0.092445 0.596694 0.13589 0.591954 0.091816 0.586101 0.012308 0.610599 0.009163 0.246297 0.503799 0.219226 0.514218 0.207603 0.531716 0.208326 0.553526 0.222635 0.552431 0.209809 0.509851 0.19159 0.523703 0.206148 0.493271 0.224256 0.503908 0.191759 0.49475 0.194636 0.47303 0.20832 0.463733 0.216036 0.407005 0.198062 0.546514 0.722692 0.821292 0.741634 0.880181 0.748866 0.910544 0.728642 0.911359 0.742285 0.936407 0.769838 0.913684 0.769209 0.940941 0.744516 0.968206 0.766235 0.966552 0.75822 0.99701 0.741631 0.997553 0.730364 0.967384 0.731286 0.997382 0.141137 0.317159 0.142115 0.284176 0.227642 0.570799 0.23607 0.580098 0.237028 0.580378 0.221013 0.576936 0.198995 0.555705 0.198031 0.565282 0.219451 0.584413 0.194667 0.571529 0.215092 0.5939 0.182903 0.593083 0.170177 0.556695 0.171772 0.551547 0.173722 0.541591 0.166626 0.592075 0.714762 0.103308 0.708392 0.104685 0.69156 0.118251 0.674861 0.102907 0.704157 0.080029 0.663319 0.085607 0.703137 0.053739 0.656947 0.064979 0.701062 0.025615 0.713233 0.047152 0.712178 0.019388 0.714325 0.07552 0.653008 0.047022 0.698176 0.007312 0.711416 0.003687 0.725495 0.005997 0.724023 0.023818 0.771587 0.042678 0.768227 0.061106 0.723297 0.052488 0.763133 0.081936 0.72416 0.079122 0.753046 0.099306 0.739602 0.115725 0.407588 0.587599 0.373206 0.596016 0.403803 0.542427 0.43795 0.58061 0.410948 0.606004 0.765734 0.817466 0.748239 0.8171 0.761339 0.821087 0.110748 0.450156 0.128895 0.443025 0.253202 0.915078 0.262499 0.916873 0.255648 0.919972 0.250082 0.918894 0.249643 0.923507 0.258599 0.922476 0.258651 0.931252 0.25162 0.931834 0.247353 0.935809 0.246657 0.93172 0.447231 0.0065 0.137318 0.957779 0.958538 0.431276 0.917136 0.423734 0.875733 0.416193 0.864034 0.405213 0.250618 0.47692 0.618728 0.825402 0.598386 0.83182 0.620235 0.82807 0.599555 0.82784 0.651879 0.817039 0.2518 0.990779 0.561843 0.989154 0.572022 0.991047 0.562175 0.985005 0.56284 0.976714 0.563676 0.966282 0.576243 0.961474 0.591116 0.994598 0.594737 0.9615 0.60653 0.99679 0.609111 0.961019 0.596278 0.934322 0.610409 0.935105 0.582393 0.933783 0.627187 0.93991 0.625546 0.963933 0.596329 0.9025 0.582424 0.901378 0.565868 0.933385 0.565818 0.900038 0.580639 0.884561 0.565415 0.880267 0.5652 0.869704 0.577576 0.862917 0.621718 0.998671 0.627549 0.910389 0.611426 0.89077 0.626916 0.885437 0.626442 0.874616 0.607481 0.874081 0.624178 0.863795 0.606072 0.848059 0.61992 0.841271 0.594543 0.879132 0.592877 0.854527 0.769238 0.887302 0.768632 0.87195 0.744893 0.863559 0.767174 0.856049 0.765369 0.842488 0.737945 0.839458 0.748239 0.8171 0.763365 0.831782 0.761339 0.821087 0.737066 0.751845 0.801939 0.72762 0.748484 0.791891 0.71647 0.78424 0.750089 0.784676 0.716584 0.791347 0.764119 0.792625 0.769978 0.784662 0.78043 0.793391 0.780605 0.784655 0.681358 0.785216 0.692732 0.802128 0.672156 0.805422 0.669171 0.785657 0.657027 0.808375 0.656362 0.796407 0.659485 0.786007 0.654639 0.786182 0.716391 0.79958 0.773364 0.80303 0.759834 0.801913 0.740936 0.800608 0.096546 0.61494 0.05729 0.620071 0.096734 0.615912 0.116745 0.609692 0.116509 0.608761 0.132166 0.604184 0.132069 0.603222 0.145367 0.60311 0.145128 0.602166 0.164289 0.599877 0.163221 0.59953 0.160446 0.588578 0.159646 0.587805 0.166588 0.593033 0.166626 0.592075 0.182903 0.593083 0.182906 0.594194 0.215831 0.594743 0.215092 0.5939 0.220119 0.585199 0.219451 0.584413 0.237028 0.580378 0.23607 0.580098 0.643847 0.060506 0.643845 0.060461 0.648111 0.039849 0.771587 0.042678 0.770437 0.061325 0.768227 0.061106 0.765201 0.082628 0.763133 0.081936 0.754596 0.100728 0.753046 0.099306 0.739602 0.115725 0.475789 0.372506 0.474098 0.372674 0.452232 0.347311 0.464833 0.388637 0.463045 0.388071 0.466758 0.406566 0.465201 0.407296 0.484182 0.424923 0.482787 0.425563 0.487776 0.454612 0.486585 0.45363 0.467514 0.45464 0.468422 0.456032 0.463167 0.467635 0.461443 0.46801 0.473392 0.47912 0.472122 0.479858</float_array>
          <technique_common>
            <accessor source="#GeometrySource5-array" count="3024" stride="2">
              <param name="S" type="float"/>
              <param name="T" type="float"/>
            </accessor>
          </technique_common>
        </source>
        <vertices id="Geometry1-vertices">
          <input semantic="POSITION" source="#GeometrySource3"/>
          <input semantic="NORMAL" source="#GeometrySource4"/>
          <input semantic="TEXCOORD" source="#GeometrySource5"/>
        </vertices>
        <triangles material="VisualMaterial10" count="3965">
          <input semantic="VERTEX" source="#Geometry1-vertices" offset="0"/>
          <p>0 1 2 3 2 1 0 4 1 3 5 2 5 6 2 3 7 5 7 8 5 7 9 8 9 10 8 11 10 9 11 12 10 5 13 6 12 14 10 12 15 14 15 16 14 17 14 16 17 16 18 17 18 19 17 19 20 21 22 23 24 22 21 24 25 22 17 20 26 19 27 21 19 18 27 21 27 24 10 14 28 10 28 29 5 30 13 5 8 30 31 32 33 32 34 33 32 35 34 36 33 34 36 34 37 38 37 39 40 41 42 40 42 43 44 45 46 44 46 40 47 39 45 47 45 44 48 49 50 51 49 48 52 49 51 44 53 47 54 47 53 54 55 47 44 56 53 40 43 56 40 56 44 57 47 55 47 57 39 58 59 60 60 61 58 62 60 59 63 60 62 64 63 62 65 63 64 62 66 64 67 66 62 68 62 59 68 59 69 70 66 67 70 68 71 72 66 70 73 72 70 73 70 71 74 75 76 77 74 76 78 79 74 78 74 77 76 75 80 77 81 78 82 81 77 83 79 78 84 79 83 73 79 84 85 81 82 85 82 86 85 86 87 87 86 88 88 86 89 90 85 87 91 85 90 92 85 91 93 81 85 93 85 92 84 83 94 93 94 81 94 83 78 81 94 78 95 93 92 96 93 95 96 97 93 97 98 93 93 98 99 100 93 99 101 93 100 93 101 94 94 101 84 102 101 100 102 103 101 104 101 103 105 101 104 105 106 101 106 84 101 107 73 84 72 73 107 107 84 106 107 106 108 108 106 109 109 110 108 110 65 64 111 110 109 111 112 110 113 65 110 110 112 113 111 114 112 111 105 115 104 115 105 115 114 111 104 116 115 114 115 116 64 117 110 118 107 117 72 107 118 118 117 64 119 113 112 120 113 119 113 120 65 63 65 121 121 65 120 122 63 121 60 63 122 123 60 122 124 125 126 127 125 124 128 127 124 129 127 128 128 130 129 131 130 128 130 131 132 132 131 133 133 134 132 135 134 133 136 137 138 139 137 136 128 140 131 139 140 137 131 140 141 131 141 133 140 139 141 136 142 139 141 139 142 141 142 143 133 141 143 133 143 135 143 142 144 144 145 143 143 145 135 146 145 144 147 145 146 148 128 124 137 140 148 140 128 148 149 146 144 144 142 149 149 142 136 146 150 147 151 150 146 149 136 152 151 146 152 152 146 149 153 150 151 154 150 153 152 155 151 156 155 152 147 157 145 158 157 147 159 153 151 159 151 155 155 160 159 161 160 155 162 154 153 162 153 159 162 159 163 163 159 160 152 164 156 152 136 164 138 164 136 156 164 165 166 165 164 138 166 164 166 167 168 169 170 171 172 170 169 173 170 172 174 175 176 177 175 174 178 179 175 180 181 182 180 182 183 183 182 184 185 183 184 186 183 185 185 187 186 186 187 188 189 188 187 190 188 189 183 191 180 180 191 192 191 193 194 195 191 183 183 186 195 195 193 191 196 193 195 197 193 196 198 193 197 188 199 186 195 199 196 195 186 199 196 200 197 196 199 200 201 200 199 201 188 190 201 199 188 202 200 201 202 201 203 203 201 190 202 203 204 204 203 205 204 206 202 202 206 200 200 206 197 207 204 205 204 207 208 206 209 197 209 206 204 204 208 209 207 210 208 211 210 207 209 208 212 213 205 203 214 205 213 212 215 209 216 215 212 210 217 208 208 217 212 217 218 212 212 218 219 220 217 210 210 211 220 220 221 217 217 221 218 197 209 222 222 198 197 209 215 222 222 215 223 223 224 222 224 198 222 193 198 225 224 226 227 228 229 230 228 231 229 231 232 233 234 232 231 234 235 232 236 228 230 230 237 236 236 237 238 236 238 239 215 240 223 223 240 241 240 215 242 242 215 216 243 240 242 244 245 246 247 248 249 250 251 252 253 251 250 254 253 250 255 253 254 251 253 256 255 257 253 256 253 257 256 257 258 257 259 258 258 259 260 261 260 259 261 262 260 259 263 261 260 262 264 265 263 259 265 266 263 267 266 268 269 266 265 269 268 266 270 268 269 271 270 269 272 270 271 273 269 265 271 269 273 273 255 271 273 257 255 273 259 257 265 259 273 271 274 272 271 255 274 274 275 272 274 276 275 276 274 277 277 274 278 274 255 278 278 255 254 279 280 281 282 283 284 284 285 286 287 288 289 290 287 291 292 287 290 293 287 292 293 294 287 295 294 293 292 290 296 296 290 297 297 298 296 296 298 299 297 300 298 297 290 300 298 300 301 298 302 303 304 298 303 305 298 304 305 306 298 307 308 309 308 310 311 312 313 314 308 312 315 308 315 309 312 314 316 309 315 317 318 319 320 321 322 323 321 323 324 323 325 324 325 326 324 324 326 327 326 328 327 327 328 329 330 328 326 330 331 328 328 331 332 333 334 335 332 331 333 333 335 336 333 336 337 332 333 337 333 331 338 331 339 338 340 341 338 342 343 344 345 343 342 344 346 342 346 347 342 347 345 342 348 347 346 349 348 346 350 349 346 351 346 344 352 346 351 344 353 351 344 343 354 354 353 344 343 355 354 356 355 343 345 356 343 345 347 357 345 357 358 358 359 345 359 356 345 360 359 358 361 346 352 350 346 361 362 361 352 363 361 362 363 364 361 364 350 361 365 350 364 365 349 350 364 366 365 367 366 364 367 368 366 368 369 366 370 369 368 368 371 370 372 368 367 372 371 368 373 371 372 373 372 374 374 372 375 372 367 375 370 371 376 375 367 377 377 367 378 378 367 364 378 364 363 369 379 366 379 349 365 366 379 365 380 371 373 381 371 380 382 381 380 383 381 382 383 384 381 381 384 385 371 385 376 381 385 371 386 383 382 382 387 386 386 387 388 389 386 388 390 386 389 391 383 386 386 390 391 390 392 391 391 392 393 383 394 384 391 394 383 393 394 391 382 395 387 380 373 395 380 395 382 373 374 395 396 397 398 399 396 400 396 401 400 402 401 396 402 396 403 404 402 403 405 406 407 408 409 410 405 409 411 411 412 405 405 412 413 405 414 406 405 413 414 415 416 417 418 419 420 421 422 423 399 424 397 425 424 399 426 427 428 429 426 428 426 430 431 430 426 429 432 430 429 431 430 433 434 432 429 435 436 437 436 431 433 436 433 437 438 436 435 439 440 431 439 431 436 436 438 439 439 438 441 435 442 438 443 444 441 445 443 441 446 447 448 449 447 446 446 450 449 449 450 451 452 451 450 453 451 452 450 454 452 454 453 452 455 454 450 456 453 454 453 456 457 453 457 458 457 456 459 448 460 446 450 460 455 450 446 460 455 460 461 460 462 461 462 460 448 461 462 463 455 461 464 453 465 451 456 466 459 467 466 456 456 454 467 464 461 468 468 461 463 469 464 468 466 470 459 459 470 471 472 473 474 472 475 476 451 477 449 478 477 479 447 449 478 478 449 477 480 481 482 483 481 480 480 484 483 485 484 480 486 483 484 487 483 486 483 487 488 487 486 489 488 487 489 478 490 447 489 490 488 448 447 491 491 447 490 491 490 489 489 486 492 491 493 448 491 489 493 448 493 462 493 489 492 462 494 463 494 493 492 494 468 463 493 494 462 494 492 495 495 469 468 495 468 494 492 486 496 495 492 496 496 486 497 497 486 498 498 486 484 498 484 499 499 484 485 485 500 499 485 480 501 502 503 504 505 503 502 506 507 508 506 509 507 510 509 506 511 512 513 513 512 514 511 515 512 515 514 512 516 515 511 517 514 515 518 519 520 521 519 518 522 519 521 519 522 523 523 522 524 525 519 523 526 524 522 527 524 526 528 524 527 529 520 519 530 520 529 531 525 523 532 530 529 532 525 531 531 528 533 533 528 527 534 531 523 528 531 534 535 531 533 536 531 535 536 532 531 535 537 536 536 537 538 539 530 532 529 540 532 540 525 532 541 532 536 536 538 541 541 538 542 542 532 541 532 543 539 543 532 542 539 543 544 543 545 544 546 544 545 518 520 546 520 544 546 545 547 546 546 547 548 549 545 543 550 538 537 551 538 550 551 542 538 552 542 551 542 552 543 552 549 543 550 553 551 551 553 554 553 555 554 556 555 553 549 557 545 557 554 555 545 557 547 557 558 547 555 558 557 559 549 552 557 549 559 559 554 557 559 551 554 552 551 559 547 560 548 556 561 555 555 561 562 553 563 556 563 561 556 564 563 553 550 564 553 563 564 565 563 565 566 565 564 567 568 565 569 569 570 568 568 570 571 569 572 570 570 572 573 573 574 570 575 574 573 576 574 575 575 577 576 578 577 575 527 526 579 579 577 578 579 526 577 575 580 578 579 581 527 581 533 527 573 582 575 583 582 573 584 533 581 584 535 533 580 584 578 585 584 580 583 585 582 584 586 578 584 581 586 587 535 584 587 537 535 585 587 584 588 537 587 537 588 550 589 585 583 590 582 585 590 585 580 591 587 585 587 591 588 588 591 592 591 585 592 593 589 572 569 593 572 585 589 593 592 585 593 594 565 567 569 565 594 594 593 569 592 595 588 595 564 550 550 588 595 564 595 567 567 595 596 596 595 592 596 592 593 567 596 594 594 596 593 597 598 599 597 600 598 601 597 599 602 597 601 597 602 603 600 604 605 606 607 608 609 607 606 610 609 606 609 610 611 612 611 610 612 613 611 613 609 611 609 614 607 607 614 608 614 609 613 615 616 617 618 616 615 619 618 615 619 615 620 621 619 620 619 621 622 618 623 616 616 623 617 622 623 619 619 623 618 624 625 626 627 624 626 628 624 627 629 624 628 630 625 624 630 624 629 631 632 633 631 634 632 632 634 635 633 632 636 632 635 636 636 635 637 638 639 640 640 641 638 638 641 642 638 642 639 639 642 643 642 641 644 645 646 647 647 646 648 646 645 649 649 648 646 649 645 650 651 648 649 652 653 654 652 655 653 656 655 652 652 654 656 656 654 657 658 655 656 659 660 661 659 661 662 659 663 660 664 663 659 665 666 428 467 454 667 455 464 668 454 668 667 455 668 454 163 669 162 669 154 162 670 669 163 671 669 670 154 669 672 672 669 671 154 672 673 135 674 134 134 674 675 134 676 132 185 677 187 676 677 132 677 130 132 678 677 676 679 676 134 679 678 676 680 678 679 681 130 677 130 681 129 681 677 185 185 184 681 129 681 682 681 184 682 682 683 129 129 683 127 182 683 184 184 683 682 684 677 678 187 677 684 684 189 187 685 189 684 678 685 684 680 685 678 189 686 190 687 686 189 203 190 688 688 190 689 690 691 692 691 690 693 690 694 693 692 694 690 695 694 692 695 696 694 697 696 695 693 694 698 696 698 694 697 698 696 699 700 701 700 699 702 699 703 702 701 703 699 702 703 704 703 705 704 704 705 706 707 703 701 705 707 706 703 707 705 708 709 710 709 708 711 712 708 710 712 713 708 709 714 710 715 710 714 712 710 715 716 717 718 719 716 718 719 718 720 720 718 721 718 722 721 717 722 718 723 724 725 726 723 725 726 727 723 723 727 728 728 729 723 723 729 724 730 731 732 733 731 730 734 733 730 730 732 734 735 733 734 734 732 736 737 738 739 740 737 739 737 741 738 738 741 742 743 737 740 741 737 743 744 745 746 744 747 745 747 748 745 745 748 749 750 745 749 746 745 750 751 752 753 752 754 753 755 754 752 756 754 755 755 752 757 757 752 751 758 759 760 758 761 759 761 762 759 759 762 763 760 759 764 764 759 763 765 766 767 766 768 767 766 769 768 770 769 766 770 766 771 771 766 765 772 773 774 775 773 772 772 774 776 772 776 775 776 774 777 775 776 778 779 780 781 782 780 779 781 780 783 783 780 784 785 781 783 779 781 785 786 787 788 787 786 789 789 786 790 789 791 787 787 791 792 787 792 788 150 793 147 794 793 150 795 135 145 796 135 795 797 798 799 800 798 797 797 799 801 802 797 801 797 802 800 800 802 803 804 805 806 807 805 804 805 808 806 806 808 804 809 808 805 804 808 810 811 812 813 814 812 811 815 812 814 816 811 813 814 811 817 818 819 820 821 822 823 288 287 824 352 825 362 351 825 352 351 353 825 826 827 828 829 830 831 831 832 829 829 832 833 833 832 834 834 832 835 835 836 834 837 836 835 836 837 838 838 837 839 840 841 842 843 842 841 841 844 843 845 844 841 845 846 844 847 846 845 846 848 844 844 848 849 844 850 843 843 850 851 850 852 851 849 848 853 853 852 850 853 848 854 855 853 854 853 855 852 855 856 852 857 858 856 857 77 76 76 859 857 857 856 860 860 77 857 860 861 77 77 861 82 860 856 862 863 856 855 862 856 863 861 864 82 82 864 86 864 865 86 86 866 89 86 865 866 864 867 865 868 867 864 864 869 868 870 864 861 870 869 864 862 871 860 863 871 862 871 861 860 870 861 871 870 872 869 870 873 872 870 874 873 874 870 875 875 870 876 870 877 876 870 871 878 878 877 870 878 871 863 878 879 877 878 880 879 878 881 880 882 881 878 882 883 881 882 884 883 883 884 885 885 884 886 884 887 886 847 887 846 888 887 847 886 887 888 889 887 884 890 887 889 863 891 878 891 890 889 891 882 878 854 892 855 892 891 863 892 890 891 855 892 863 883 885 893 893 881 883 887 894 846 892 895 894 854 895 892 846 894 895 886 888 896 896 888 897 847 897 888 847 898 897 845 898 847 841 899 845 845 899 898 841 900 899 901 902 903 902 904 905 906 904 902 907 908 909 910 911 912 913 911 910 912 914 910 915 914 912 916 912 911 912 917 915 917 912 916 918 917 916 917 918 919 919 918 920 921 919 920 920 922 921 923 921 924 923 919 921 925 919 923 926 923 927 923 926 925 928 927 929 926 928 930 930 931 926 925 926 931 932 931 930 931 932 933 933 932 934 915 917 935 925 931 935 935 931 933 935 919 925 917 919 935 935 933 915 936 933 934 915 933 936 937 936 934 937 938 936 938 939 936 915 940 914 936 939 940 936 940 915 941 942 943 943 942 944 945 943 946 945 946 947 948 949 950 951 952 953 951 954 952 955 956 957 958 956 955 958 959 960 961 959 958 962 961 958 963 961 962 959 964 960 960 964 965 964 966 965 967 966 964 966 968 965 969 966 970 970 966 971 972 971 966 973 974 975 976 974 973 974 977 975 975 977 978 978 979 975 980 979 978 981 976 973 973 975 982 973 982 981 982 975 979 981 982 983 981 984 976 985 976 984 986 976 985 976 986 974 981 987 984 987 981 988 988 989 987 990 989 988 988 981 991 988 992 990 988 991 992 992 991 993 993 994 992 992 994 995 994 996 995 994 997 996 996 997 998 998 999 996 995 996 1000 996 999 1000 1000 999 1001 1002 999 998 1000 1001 1003 1000 1003 995 995 1003 1004 1005 995 1004 992 995 1005 990 992 1005 993 1006 994 994 1006 997 999 1007 1001 1008 1007 999 1008 1009 1007 1010 1009 1008 1008 1011 1010 999 1012 1008 1002 1012 999 1012 1011 1008 1010 1013 1009 1013 1014 1009 1015 1014 1013 1013 1016 1015 1017 1016 1013 1018 1013 1010 1017 1013 1018 1017 1018 1019 1019 1018 1020 1018 1010 1021 1020 1018 1021 1021 1010 1011 1009 1022 1007 1014 1022 1009 1022 1001 1007 1003 1001 1022 1023 1024 1025 1023 1026 1027 1023 1028 1029 1026 1025 1030 1031 1027 1026 1026 1032 1031 1032 1030 1033 1026 1030 1032 1034 1035 1036 1037 1038 1039 1040 1038 1037 1041 1040 1037 1037 1042 1041 1043 1040 1041 1044 1042 1037 1045 1042 1044 1046 1045 1047 1048 1046 1047 1048 1049 1046 1050 1049 1048 1051 1050 1052 1053 1051 1052 1053 1054 1055 1055 1054 1056 1056 1054 1057 1056 1057 1058 1058 1057 1059 1060 1058 1059 1060 1059 1061 1060 1062 1058 1063 1062 1060 1055 1056 1064 1064 1058 1062 1064 1056 1058 1048 1047 1065 1066 1067 1068 1066 1068 1069 1066 1070 1071 1072 1066 1071 1066 1073 1067 1073 1066 1072 1073 1074 1067 1075 1076 1077 1077 1076 1078 1078 1076 1079 1079 1076 1080 1081 1082 1083 1084 1085 1086 1070 1087 1088 1089 326 325 1090 326 1089 1091 326 1090 1089 1092 1090 1093 1091 1092 1094 1091 1093 1095 326 1091 1095 1091 1094 1096 1094 1093 1096 1093 1097 1096 1098 1099 1100 1101 1102 1100 1102 1103 325 1104 1089 1104 1105 1089 1104 1106 1105 1105 1106 1107 1105 1107 1108 1109 1110 1111 1109 1111 1112 1109 1112 1113 1113 1110 1109 1114 1110 1113 1113 1112 1115 1116 1117 1118 1117 1119 1120 1121 1122 1123 1117 1122 1121 1121 1119 1117 1124 1125 1126 1127 1125 1124 1128 1125 1127 1128 1127 1129 1129 1130 1128 1129 1127 1131 1131 1130 1129 1127 1124 1132 1132 1124 1126 1131 1127 1132 1133 1134 1135 1136 1134 1133 1134 1136 1137 1134 1137 1138 1137 1139 1138 1139 1137 1140 1136 1133 1141 1141 1133 1135 1141 1137 1136 1140 1137 1141 1142 1143 1144 1144 1143 1145 1145 1143 1146 1143 1147 1146 1142 1148 1143 1148 1147 1143 1149 1150 1151 1150 1149 1152 1152 1149 1153 1149 1151 1154 1149 1154 1153 1153 1154 1155 1156 1157 1158 1159 1158 1157 1160 1159 1157 1156 1160 1157 1161 1160 1156 1162 1159 1160 1163 1164 1165 1163 1165 1166 1163 1166 1167 1167 1164 1163 1168 1164 1167 1167 1166 1169 1170 1171 1172 1173 1171 1170 1171 1174 1172 1173 1174 1171 1172 1174 1175 1176 1174 1173 1177 1178 1179 1179 1180 1181 1182 1183 1180 1184 1183 1182 1185 1186 1187 1185 1187 1188 1188 1187 1189 1190 1191 1192 1192 1193 1190 1192 1194 1193 1192 1195 1194 1196 1197 1198 1198 1199 1196 1200 1199 1198 1201 1187 1197 1189 1187 1201 1201 1197 1196 1202 1198 1203 1198 1202 1200 1202 1203 1184 1204 488 490 1204 490 478 1204 1205 1206 1207 1208 1209 1210 221 220 220 211 1210 1211 221 1210 1210 1212 1211 1210 211 1213 1213 1212 1210 1213 211 207 1214 207 205 1215 207 1214 1216 1217 1218 1217 1216 1219 1217 1220 1218 1219 1220 1217 1218 1220 1221 1222 1221 1220 1223 1221 1222 1224 1220 1219 1224 1222 1220 1223 1222 1224 1225 1226 1227 1226 1225 1228 1228 1229 1226 1226 1229 1227 1230 1229 1228 1229 1230 1231 1231 1230 1232 1233 1231 1232 1227 1229 1233 1229 1231 1233 1234 1235 1236 1234 1237 1235 1235 1238 1236 1238 1235 1239 1236 1238 1240 1236 1240 1234 1234 1240 1241 1240 1238 1241 571 1242 568 568 1243 566 568 1242 1243 1244 1245 1246 1245 1247 1246 1244 1246 1248 1248 1246 1249 1247 1250 1246 1246 1250 1249 1251 1252 1253 1252 1254 1253 1251 1255 1252 1252 1255 1256 1256 1257 1252 1252 1257 1254 1258 1259 1260 1258 1261 1259 1259 1262 1260 1259 1261 1262 1260 1262 1263 1262 1261 1264 1265 1266 1267 1266 1268 1267 1266 1269 1268 1265 1270 1266 1270 1269 1266 1271 1270 1265 1272 1273 1274 1272 1274 1275 1273 1276 1274 1274 1276 1277 1275 1274 1278 1278 1274 1277 1279 1280 1281 1282 1279 1281 1279 1283 1280 1282 1284 1279 1284 1283 1279 1285 1284 1282 1286 1287 1288 1286 1288 1289 1287 1290 1288 1288 1290 1291 1289 1288 1292 1292 1288 1291 1293 1294 1295 1296 1293 1295 1293 1297 1294 1298 1297 1293 1299 1293 1296 1298 1293 1299 1300 1301 1302 1303 1301 1300 1304 1302 1301 1303 1304 1301 1305 1302 1304 1306 1304 1303 1307 1308 1309 1310 1308 1307 1311 1308 1310 1312 1308 1311 1307 1313 1310 1310 1313 1311 1314 1315 1316 1317 1315 1314 1318 1315 1317 1317 1314 1319 1320 1314 1316 1319 1314 1320 1321 1322 1323 1324 1322 1321 1323 1322 1325 1322 1326 1325 1324 1326 1322 1327 1326 1324 1328 1329 1330 1331 1332 1333 1334 1332 1331 1331 1335 1334 1334 1335 1332 1332 1335 1336 1337 1335 1331 1338 1339 1340 981 1341 991 983 1341 981 993 1341 1006 991 1341 993 958 955 1342 1343 984 987 1343 985 984 1343 987 989 1344 974 986 977 974 1344 1345 1346 1347 1348 1346 1345 1349 1350 1351 1352 1353 1354 1355 1353 1352 1352 1356 1355 1357 1356 1352 1357 1358 1356 1356 1358 1359 1360 1359 1358 1361 1359 1360 1360 1362 1361 1361 1362 1363 6 1364 1365 6 1366 1364 1365 2 6 1365 0 2 13 1366 6 13 1367 1366 20 19 21 20 21 23 23 22 1368 26 14 17 1369 26 20 1369 1370 26 1368 1371 23 1372 1371 1368 1371 1372 1373 1374 20 23 1374 23 1371 1369 20 1374 1370 28 26 26 28 14 1375 28 1370 28 1375 1376 28 1376 1377 8 10 29 8 29 30 28 1378 29 1378 28 1377 29 1378 1379 30 29 1379 1380 13 30 30 1379 1380 1381 13 1380 13 1381 1367 37 1382 36 37 38 1382 1383 39 37 39 1383 1384 39 1384 45 45 1384 1385 1385 1384 1386 1385 1386 1387 1387 1388 1385 1387 1389 1388 1390 1388 1389 1390 1391 1388 45 1385 46 1385 1392 46 1385 1388 1392 46 1392 41 46 41 40 1388 1391 1393 1388 1393 1394 1394 1393 50 1394 50 49 39 57 38 1395 1396 1397 1398 1399 1400 1400 1401 1398 1398 1401 1402 1398 1402 1403 1404 1398 1403 1404 1403 1405 1406 1404 1405 1406 1405 1407 1407 1405 1408 1407 1408 1409 1405 1403 1410 1405 1410 1408 1411 1407 1409 1411 1412 1407 1412 1406 1407 1410 1413 1408 1409 1408 1413 1410 1414 1413 1403 1402 1415 1403 1415 1410 1415 1414 1410 1415 1416 1414 1413 1414 1417 1416 1417 1414 1416 1418 1417 1419 1417 1418 1419 1420 1417 1412 1421 1406 1409 1422 1411 1409 1413 1423 1423 1422 1409 1423 1424 1422 1423 1425 1424 1423 1426 1425 1425 1426 1427 1428 1427 1426 1428 1429 1427 1430 1417 1420 1430 1426 1423 1430 1423 1413 1413 1417 1430 1426 1431 1428 1430 1420 1431 1426 1430 1431 1432 1384 1383 1433 1432 1383 1432 1386 1384 1383 37 1434 1383 1434 1433 1435 1433 1434 1435 1434 1436 34 1437 37 1437 1434 37 1437 1436 1434 1437 34 35 1438 1436 1437 1437 35 1438 1438 1439 1436 1438 1440 1439 1441 1442 1443 1444 1441 1443 1445 1444 1443 1446 1444 1445 1445 1447 1446 1446 1447 1448 1446 1448 1449 1446 1449 1450 1446 1451 1444 1446 1450 1451 1452 1449 1448 1452 1453 1449 1449 1453 1450 1452 1454 1453 1450 1453 1455 1456 1451 1450 1450 1455 1456 1457 1456 1455 1458 1456 1457 1458 1457 1459 1456 1460 1451 1461 1460 1456 1461 1462 1460 1463 1460 1462 1464 1441 1444 1463 1464 1460 1464 1444 1451 1464 1451 1460 1464 1463 1465 1441 1464 1465 1442 1466 1467 1468 1443 1442 1445 1443 1468 1468 1442 1467 1447 1445 1469 1470 1471 1472 1471 1473 1472 1473 1474 1472 1473 1475 1474 1476 1474 1475 1476 1475 1477 1477 1475 1478 1478 1475 1479 1480 1475 1473 1479 1475 1480 1478 1481 1477 1482 1478 1479 1482 1481 1478 1483 1481 1482 1482 1479 1484 1480 1485 1479 1484 1479 1485 1485 1486 1484 1485 1487 1486 1486 1487 1488 1489 1485 1480 1489 1490 1485 1491 1490 1489 1489 1492 1491 1473 1493 1480 1471 1493 1473 1493 1492 1489 1480 1493 1489 1493 1471 1494 1492 1493 1494 1495 1470 1496 1472 1497 1470 1472 1474 1497 1470 1497 1496 1474 1476 1498 69 59 58 1499 61 60 71 68 69 71 79 73 1500 79 71 1500 74 79 75 74 1500 1499 60 123 1501 1502 1503 1504 1502 1501 1505 1502 1504 1506 1504 1501 1504 1506 1505 1507 1506 1501 1502 1508 1503 1508 1509 1503 1503 1509 1510 1501 1510 1507 1503 1510 1501 1511 1508 1502 1502 1505 1511 1506 1512 1505 1513 1508 1511 1513 1511 1514 1514 1505 1512 1511 1505 1514 1515 1516 1517 1518 1516 1515 1515 1517 1519 1519 1517 1520 1517 1521 1520 1520 1521 1522 126 1515 1519 125 1515 126 1515 125 1518 1520 1522 1523 1523 1522 1524 1523 1524 1525 1525 1526 1523 1526 1525 167 167 1525 1527 1520 1528 1519 1523 1528 1520 1523 1526 1528 1525 1524 1529 1525 1529 1527 1524 1530 1529 1530 1531 1529 1527 1529 1532 1529 1531 1532 1531 1533 1532 1534 1533 1531 1526 1535 1528 1519 1536 126 1528 1536 1519 1528 1535 1536 1537 1535 1526 1537 1526 167 1537 138 1535 1535 138 137 1535 137 1536 1536 137 148 126 148 124 1536 148 126 1537 167 166 1537 166 138 1538 165 166 167 1527 168 168 1538 166 1532 1539 1527 168 1527 1539 1539 1540 168 168 1540 1541 1541 1538 168 1541 1540 1542 1543 1539 1532 1532 1533 1543 1543 1544 1539 1545 1540 1539 1539 1544 1545 1544 1543 1546 1543 1533 1547 1546 1543 1547 1546 1547 1548 1548 1547 1549 1550 1533 1534 1533 1550 1547 1547 1550 1549 1551 1541 1542 1552 1541 1551 1551 171 1552 1552 171 174 171 177 174 171 170 177 1553 173 172 176 1552 174 1552 1554 1541 1554 1552 176 1541 1554 1538 1554 176 179 176 175 179 1517 1516 1555 1517 1555 1521 1521 1555 1556 1556 1555 1557 1556 1557 1558 1556 1558 1559 1559 1558 1560 1557 1560 1558 1559 1560 1561 1562 1560 1557 1561 1560 1562 1557 1563 1562 1564 1557 1555 1564 1563 1557 1563 1564 1565 1555 1566 1564 1565 1564 1566 1565 1566 1567 1566 1555 1567 1555 1516 1567 1567 1568 1565 1563 1565 1568 1569 1567 1516 1569 1568 1567 1556 1559 1570 1571 1556 1570 1556 1572 1521 1572 1556 1571 1573 1572 1571 1573 1571 1574 1575 1572 1573 1521 1576 1522 1576 1524 1522 1572 1576 1521 1575 1576 1572 1530 1524 1576 1530 1577 1531 1531 1577 1534 1577 1576 1575 1530 1576 1577 1571 1578 1574 1578 1571 1579 1579 1580 1578 1581 1580 1579 1582 1581 1579 1583 1582 1561 1581 1582 1583 1582 1584 1561 1579 1584 1582 1571 1570 1584 1579 1571 1584 1570 1585 1584 1584 1585 1561 1570 1559 1585 1585 1559 1561 1574 1578 1586 1578 1580 1586 1586 1580 1587 1581 1583 1588 1588 1583 1589 1581 1588 1590 1581 1590 1580 1580 1590 1591 1591 1590 1592 1592 1590 1593 1593 1588 1589 1590 1588 1593 1594 1593 1589 1595 1592 1593 1595 1593 1594 1595 1596 1592 1592 1596 1597 1597 1598 1592 1592 1599 1591 1592 1598 1599 1600 1598 1597 1601 1600 1597 1597 1596 1602 1597 1602 1601 1602 1596 1603 1603 1596 1604 1601 1602 1605 1602 1606 1605 1607 1606 1602 1603 1607 1602 1607 1603 1516 1606 1607 1608 1516 1609 1607 1518 1609 1516 1608 1607 1609 1608 1609 192 1609 1518 181 192 1609 181 192 181 180 192 194 1608 192 191 194 241 224 223 227 198 224 225 198 227 194 193 225 227 1610 225 225 1610 1611 194 225 1611 1608 194 1611 1608 1611 1606 1611 1610 1612 1612 1605 1606 1606 1611 1612 1612 1610 1613 226 1610 227 226 1613 1610 1614 1613 226 1614 1615 1613 1616 1615 1614 1605 1617 1601 1617 1605 1612 1612 1613 1617 1617 1613 1615 1617 1615 1618 1601 1617 1618 1618 1615 1619 1615 1616 1619 1619 1616 1620 1616 1621 1620 1620 1621 1622 1621 1623 1622 1624 1623 1621 1621 1616 1625 1625 1616 1614 1625 1624 1621 1626 1624 1625 241 1627 224 1627 226 224 1627 1614 226 1625 1614 1627 1625 1628 1626 1625 1627 1628 1628 1627 1629 1629 1627 241 1630 1628 1629 1623 1631 1622 1622 1631 1632 1633 1622 1632 1620 1622 1633 1633 1634 1620 1634 1619 1620 1629 1635 1630 1636 1635 1629 1635 1636 229 229 1636 230 229 231 233 1636 237 230 1637 237 1636 1637 1629 241 1636 1629 1637 237 1637 238 241 240 1638 1639 1640 1641 1642 1640 1639 1643 1642 1639 1644 1642 1643 1639 1641 1645 1645 1641 1646 1643 1639 1647 1647 1639 1645 1647 1645 248 248 1645 1648 1645 1646 1648 1648 244 248 248 244 249 1648 1646 245 1648 245 244 1642 1644 1649 1649 1640 1642 1649 1644 1650 1651 1650 1644 1652 1650 1651 1653 1652 1651 1654 1652 1653 1653 1651 1655 1655 1651 1656 1651 1644 1657 1657 1644 1643 1656 1651 1657 1656 1657 1658 1658 1657 1659 1647 248 1659 1657 1643 1659 1659 1643 1647 1654 1660 1652 1652 1660 1650 1650 1660 1649 1659 248 1661 1662 1658 1659 1659 1661 1662 1662 1661 1663 248 247 1661 1661 247 1664 1663 1661 1664 262 261 1665 1665 261 263 1665 1666 262 262 1666 1667 262 1667 264 264 1667 1668 1666 1669 1667 1667 1669 1670 1668 1667 1670 1670 1669 1671 1669 1672 1671 1673 1669 1666 1672 1669 1673 1672 1673 1674 1674 1673 1675 1676 1666 1665 1675 1673 1676 1673 1666 1676 1665 263 1676 1676 263 266 1676 266 267 1676 267 1675 1677 1678 1679 1680 1678 1677 1679 1681 1677 1677 1681 1682 1681 1679 1683 1683 1679 1684 1684 1679 1685 1685 1686 1684 1687 1686 1685 1688 1679 1678 1688 1687 1685 1685 1679 1688 1689 1687 1688 1684 1686 1690 1691 1680 1677 1691 1677 1682 1692 1680 1691 1686 1687 1693 1687 1689 1693 1693 1689 1694 1688 1695 1689 1696 1695 1688 1695 1696 1697 1697 1696 1698 1699 1698 1696 1688 1699 1696 1678 1699 1688 1699 1700 1698 1701 1700 1699 1678 1702 1699 1680 1702 1678 1699 1702 1701 1701 1702 1703 1697 1698 1704 1680 1705 1702 1692 1705 1680 1702 1705 1703 1689 1706 1694 1695 1706 1689 1695 1697 1706 280 1707 281 1708 1707 280 1709 280 279 1710 1708 280 1709 1710 280 1711 1710 1709 1712 1711 1709 1709 279 1712 1713 1711 1712 1713 1712 1714 1714 1712 1715 1712 1716 1715 1712 279 1716 1713 1717 1711 1714 1717 1713 1711 1717 1718 1710 1711 1718 1718 1717 1719 1720 1718 1719 1718 1720 1721 1710 1721 1708 1718 1721 1710 1721 1720 1722 1720 1723 1722 1723 1724 1722 1725 1724 1723 1723 1720 1726 1726 1720 1719 1725 1723 1727 1727 1723 1726 1727 282 1725 283 1727 1726 1727 283 282 1726 1719 1728 1728 283 1726 285 283 1728 285 284 283 1719 1717 1729 1728 1719 1729 1730 1728 1729 1731 1717 1714 1730 1729 1731 1731 1729 1717 286 285 1728 286 1728 1730 1732 1733 1734 1734 1735 1732 1736 1735 1734 1736 1734 1737 1737 1734 1738 1739 1737 1738 1740 1737 1739 1741 1740 1739 1739 1742 1741 1743 1741 1742 1744 1741 1743 1745 1740 1741 1744 1745 1741 1746 1745 1744 1744 1747 1746 1743 1747 1744 1746 1747 1748 1749 1747 1743 1748 1747 1750 1750 1747 1751 1752 1751 1747 1747 1749 1752 1752 1749 1753 1754 1751 1752 1754 1752 1753 1750 1751 1755 1755 1751 1754 1756 1739 1738 1733 1756 1734 1734 1756 1738 1742 1739 1756 1757 289 1758 291 289 1757 289 1759 1758 1760 1758 1759 1758 1761 1757 1761 1758 1760 289 288 1759 291 287 289 300 290 291 1762 291 1757 300 1762 301 300 291 1762 301 302 298 1757 1763 1762 1761 1763 1757 1764 301 1762 1762 1763 1764 302 301 1764 310 308 307 310 307 1765 1765 1766 310 1767 1766 1765 1768 310 1766 311 310 1768 311 312 308 311 313 312 316 315 312 1769 311 1768 313 311 1769 1766 1770 1768 1771 1770 1766 1770 1771 1772 1772 1771 1773 1774 1772 1773 1773 1775 1774 1776 1772 1774 1774 1777 1776 1776 1777 1778 1778 1779 1776 1778 1780 1779 1781 1780 1778 1782 1779 1780 1783 1782 1780 1781 1783 1780 1784 1782 1783 1785 1782 1784 1786 1782 1785 320 1779 1782 1786 320 1782 1779 320 319 1776 1779 319 1787 319 318 320 1788 318 1788 320 1786 1789 1781 1778 1778 1777 1789 1777 1790 1789 1777 1791 1790 1792 1791 1777 1793 1781 1789 1794 1786 1785 1785 334 1794 334 1795 1794 1795 1786 1794 341 1795 334 1786 1796 1788 1796 1786 1795 1793 1789 1797 1797 1789 1790 1798 1793 1797 1799 1793 1798 1799 1800 1793 1793 1800 1781 1800 1783 1781 1798 1801 1799 1799 1801 1802 1803 334 1785 1799 1802 1803 335 334 1803 1803 1802 335 1804 1785 1784 1803 1785 1804 1804 1800 1799 1804 1799 1803 1798 1797 1805 1798 1805 1801 1805 1797 1806 1797 1790 1806 1805 1806 1807 1807 1806 1808 1806 1790 1809 1806 1809 1808 1808 1809 1810 1811 1805 1807 1801 1805 1812 1812 1805 1811 1809 1813 1810 1810 1813 1814 1815 1813 1809 1809 1816 1815 1790 1816 1809 1791 1816 1790 1815 1816 1817 1818 1813 1815 1819 1812 1811 322 1812 1819 1819 1820 322 322 1820 323 1821 322 321 1801 1812 1821 1821 1812 322 1821 321 1822 336 335 1802 336 1821 1822 1801 1821 336 336 1802 1801 1820 325 323 329 324 327 329 328 332 338 334 333 338 341 334 339 331 330 338 339 340 1823 1824 1825 1826 1824 1823 1827 1824 1826 1824 1828 1825 1825 1828 1829 1825 1829 1830 1824 1831 1828 1824 1827 1831 1831 1827 1832 1830 1833 1825 1823 1825 1834 1825 1833 1834 1828 1831 1835 1835 1836 1828 1828 1836 1837 1827 1838 1832 1832 1838 1839 1838 1840 1839 1841 1840 1838 1839 1840 1842 1839 1842 1832 1840 1841 1843 1842 1840 1843 1843 1844 1842 1842 1844 1845 1843 1841 1846 1845 1844 1847 1842 1845 1848 1831 1832 1848 1848 1832 1842 1848 1845 1849 1848 1849 1850 1850 1831 1848 1850 1849 1851 1831 1852 1835 1852 1831 1850 1852 1850 1853 1854 1844 1843 1844 1854 1847 1843 1855 1854 1856 1855 1843 1843 1846 1856 1857 1854 1855 1858 1854 1857 1847 1854 1858 1835 1859 1836 1853 1859 1852 1852 1859 1835 1860 1859 1853 1836 1859 1861 1836 1861 1837 1861 1859 1862 1860 1862 1859 1837 1861 1863 1861 1862 1864 1864 1863 1861 1865 1863 1864 1864 1866 1865 1865 1866 1867 1866 1868 1867 1864 1869 1866 1864 1862 1869 1870 1862 1860 1862 1870 1869 1869 1870 1871 1868 1866 1872 1869 1871 1872 1866 1869 1872 1873 1874 1875 1876 1874 1873 1876 1877 1874 1874 1877 1878 1876 1879 1877 1880 1879 1876 1876 1873 1881 1880 1876 1881 1881 1873 1882 1874 1883 1875 1874 1878 1883 1884 1883 1878 1885 1883 1884 1885 1886 1883 1883 1886 1887 1875 1883 1887 1887 1886 1888 1878 1889 1884 1879 1890 1877 1882 1873 1891 1891 1873 1892 1892 1873 1893 1893 1873 1875 1892 1893 1894 1894 1893 1895 1896 1892 1894 1892 1897 1891 1897 1892 1896 1898 1887 1888 1899 1887 1898 1899 1875 1887 1893 1875 1899 1895 1893 1899 1898 1900 1899 1900 1901 1899 1899 1901 1895 1902 1895 1901 1903 1896 1894 1904 1905 1906 1907 1904 1906 1908 1905 1904 1908 1904 1907 1909 1908 1907 1909 1905 1908 1910 1911 1912 1913 1911 1910 1912 1914 1910 1912 1915 1914 1916 1915 1912 1910 1914 1917 1910 1917 1918 1918 1917 1919 1918 1919 1920 1920 1921 1918 1922 1910 1918 1913 1910 1922 1918 1921 1922 1920 1919 1923 1923 1924 1920 1925 1924 1923 1925 1926 1924 1927 1926 1925 1923 1928 1925 1925 1928 1927 1929 1927 1928 1930 1927 1929 1930 1926 1927 1931 1926 1930 1930 1929 1932 1930 1933 1931 1930 1932 1934 1934 1933 1930 1934 1935 1933 1935 1936 1933 1933 1936 1937 1938 1935 1934 1938 1939 1935 1940 1939 1938 1940 1941 1939 1938 1942 1940 1940 1942 1941 1939 1941 1943 1937 1944 1933 1933 1944 1931 1931 1945 1926 1944 1945 1931 1946 1926 1945 1926 1947 1924 1926 1946 1947 1947 1948 1924 1924 1948 1949 1924 1949 1920 1921 1920 1950 1920 1949 1950 1939 1951 1935 1951 1936 1935 1943 1951 1939 1952 1953 1954 1955 1953 1952 1952 1954 1956 1956 1954 1957 1958 1954 1953 1959 1954 1958 1954 1959 1957 1959 1958 1960 1952 1961 1955 1955 1961 1962 1963 1962 1961 1964 1962 1963 1965 1960 1958 1965 1966 1960 1965 1967 1966 1968 1967 1965 1969 1967 1968 1963 1961 1970 1971 1952 1956 1961 1952 1971 1970 1961 1971 1972 1973 1974 1975 1974 1973 1976 1974 1975 1976 1975 1977 1977 1975 1978 1975 1973 1979 1975 1979 1978 1979 1973 1980 1973 1972 1980 1980 1972 1981 1980 1982 1979 1982 1983 1979 1979 1983 1984 1978 1979 1984 1985 1982 1980 1986 1980 1981 1985 1980 1986 1983 1982 1987 1988 1989 1990 397 1989 1988 1990 1991 1988 1988 1991 1992 1991 1993 1992 1994 1993 1991 397 1988 1995 1992 1995 1988 1996 1992 1993 1997 1992 1996 1996 1998 1997 406 1998 1996 1999 1995 1992 2000 1995 1999 398 1995 2000 398 397 1995 2000 403 398 398 403 396 397 396 399 1996 407 406 407 409 405 410 409 407 407 2001 410 410 2001 2002 406 414 1998 407 2003 2001 2004 2003 407 1993 2004 1996 1993 1994 2004 2004 407 1996 2004 1994 2005 2005 2003 2004 2005 2006 2003 2006 2007 2003 2007 2006 2008 2003 2007 2009 2010 2003 2009 2001 2003 2010 2011 2006 2005 2011 2012 2006 2013 2012 2011 2008 2006 2014 2014 2006 2012 2012 2015 2014 2016 2005 1994 2016 2013 2011 2011 2005 2016 2017 2013 2016 2016 1994 2018 2018 1994 1991 1990 2018 1991 2016 2018 2017 2017 2018 416 2018 417 416 2019 416 415 2020 2018 1990 2020 417 2018 417 418 415 419 418 417 2020 419 417 420 419 2021 416 2022 2017 2022 2013 2017 2019 2022 416 2022 423 2013 2023 419 2020 2023 2021 419 1990 2023 2020 2024 2023 1990 2024 1990 1989 2024 2025 2023 2026 2025 2024 2027 2021 2023 2027 2023 2025 2022 2028 423 423 2028 421 422 2029 423 2013 423 2029 2012 2013 2029 2015 2012 2030 2030 2029 422 2030 2012 2029 2024 2031 2026 1989 2031 2024 2032 2031 1989 1989 2033 2032 1989 2034 2033 397 2034 1989 424 2034 397 2035 2034 424 2036 2037 2038 2039 2036 2038 2040 2037 2036 2040 2036 2039 2041 2040 2039 2041 2037 2040 2042 2043 2044 2045 2043 2042 2042 2046 2045 2047 2046 2042 2047 2048 2046 2049 2048 2047 2047 2050 2049 2043 2051 2044 2052 2051 2043 2052 2053 2051 2051 2053 2054 2050 2055 2049 2049 2055 2056 2056 2055 2057 2058 2057 2055 2059 2057 2058 2060 2054 2053 2061 2054 2060 2060 2062 2061 2063 2061 2062 2064 2061 2063 2065 2064 2063 2059 2066 2057 2067 2066 2059 2067 2059 2068 2068 2069 2067 2067 2069 2070 2070 2069 2071 2069 2072 2071 2071 2072 2073 2072 2074 2073 2075 2074 2072 2076 2074 2075 2077 2074 2076 2077 2076 2078 2078 2076 2079 2079 2080 2078 2081 2080 2079 2082 2080 2081 2081 2083 2082 2084 2083 2081 2084 2085 2083 440 426 431 427 426 440 440 2086 427 2087 427 2086 2088 2086 440 2089 430 432 2089 433 430 2090 433 2089 2089 2091 2090 2090 2091 2092 2093 2092 2091 2091 2094 2093 2095 2094 2091 2096 2090 2092 2096 2092 2093 2091 2097 2095 2098 2097 2091 2089 2098 2091 2099 2098 2089 2099 2089 432 2100 2096 2093 2101 2096 2100 2102 2096 2101 2103 2096 2102 437 433 2090 2103 437 2096 437 2090 2096 2104 437 2103 437 2104 435 444 439 441 444 440 439 2088 440 2105 2105 440 444 444 2106 2105 2106 444 443 1841 2107 1846 2108 2107 2109 2109 2107 1841 1838 1827 2109 2109 1827 1826 2109 1841 1838 2107 2108 2110 2110 2108 2111 2112 2110 2111 1823 2113 1826 2108 2109 2113 2113 2111 2108 2113 2109 1826 1823 2114 2113 1834 2114 1823 1834 1833 2114 2114 2115 2113 2115 2111 2113 2116 2115 2114 2114 1833 2117 2116 2114 2118 2114 2117 2119 2118 2114 2119 2112 2120 2110 2121 2120 2112 2121 2122 2120 2120 2122 2123 2110 2124 2107 1846 2107 2124 2120 2123 2124 2120 2124 2110 2124 2123 2125 2124 2125 1846 1846 2125 2126 1856 1846 2126 458 457 2127 2128 2127 457 2129 2127 2128 458 465 453 471 457 459 2128 457 471 471 474 2128 2128 474 2130 2130 474 2131 2131 2132 2130 2133 2132 2131 473 2131 474 2134 2131 473 2134 2133 2131 474 475 472 475 474 471 475 471 470 470 2135 475 475 2135 476 2136 2133 2134 2133 2136 2137 2137 2136 2138 2139 2133 2137 2132 2133 2139 2139 2140 2132 2129 2128 2141 2132 2140 2141 2141 2130 2132 2141 2128 2130 2140 2142 2141 2141 2142 2129 2129 2142 2143 2143 2144 2129 2144 2127 2129 2145 2144 2143 2146 2127 2144 2147 2146 2144 2144 2145 2147 2148 2146 2147 2147 2149 2148 2148 2149 2150 2149 2147 2151 2151 2147 2152 2147 2145 2152 465 458 2153 2153 458 2127 2146 2153 2127 2148 2154 2146 2150 2154 2148 2153 2154 465 2146 2154 2153 2155 2154 2150 2154 2155 2156 465 2154 2156 2156 2155 479 2156 477 465 465 477 451 479 477 2156 2150 2149 2157 2151 2158 2149 2157 2149 2158 2159 2158 2151 2158 2160 2157 2161 2160 2158 2161 482 2160 2162 482 2161 2162 2163 482 482 2163 480 501 480 2163 501 500 485 504 501 2163 2163 2164 504 504 2164 2165 2164 2166 2165 2165 2166 2167 2165 2168 504 2169 2168 2165 2165 2167 2169 2168 502 504 503 501 504 501 503 500 500 503 2170 2170 503 505 2169 2167 2171 2172 2171 2167 2173 2171 2172 2172 2167 2174 2174 2167 2166 2174 2166 2175 2175 2166 2176 2166 2164 2176 2162 2176 2163 2163 2176 2164 2177 2175 2176 2176 2162 2177 2162 2161 2178 2177 2162 2178 2178 2161 2179 2161 2158 2179 2179 2158 2159 2180 2181 2182 2183 2180 2182 2184 2180 2183 1769 2185 313 2183 2185 2184 2185 2186 313 2186 2185 2183 313 2187 314 313 2186 2187 314 2187 2188 316 314 2188 2184 2189 2180 2190 2189 2184 2190 2191 2189 2192 2191 2190 2192 2193 2191 2191 2193 2194 2193 2192 2195 2190 2196 2192 2195 2192 2196 2196 2197 2195 2198 2197 2196 2199 2197 2198 2200 2199 2198 1788 2201 2200 1788 1796 2201 2200 2201 2199 2196 2202 2198 2202 2200 2198 2203 2200 2202 2200 2203 1788 1788 2203 2204 1788 2204 318 2205 318 2204 1787 318 2205 2206 1787 2205 2207 1787 2206 2203 2208 2204 2202 2208 2203 2208 2207 2206 2209 2207 2208 2209 2196 2190 2184 2209 2190 2209 2208 2202 2209 2202 2196 2207 2209 2210 2184 2185 2210 1787 2207 2210 2210 2209 2184 2210 2185 1769 2211 1787 2210 2211 1776 319 319 1787 2211 1772 1776 2211 1768 2212 1769 1770 1772 2212 2210 2212 2211 2212 1772 2211 1770 2212 1768 1769 2212 2210 2213 2214 2215 2216 2214 2213 2216 2217 2214 2214 2217 2218 2217 2219 2218 2218 2219 510 2216 2213 2220 2220 2213 2221 2220 2221 2222 2222 2223 2220 2217 2216 2223 2223 2216 2220 2224 2223 2222 2224 2222 2225 2222 2226 2225 2222 2221 2226 2225 2226 2227 2228 2227 2226 2226 2221 2228 508 2224 2225 507 2224 508 2224 509 2223 2219 2217 509 509 2217 2223 2219 509 510 507 509 2224 2228 2221 2229 2221 2213 2229 2229 2213 2230 2213 2215 2230 2231 560 547 558 555 2231 2231 547 558 562 2231 555 2232 2231 562 2231 2233 560 2233 2231 2232 560 2233 2234 566 565 568 599 598 2235 603 600 597 603 604 600 2236 604 603 603 2237 2236 603 2238 2237 2239 2238 603 603 602 2239 604 2236 2240 2241 2240 2236 2242 2240 2241 2242 2241 2243 2243 2244 2242 2242 2244 2245 2245 2244 2246 2236 2247 2241 2237 2247 2236 2248 2249 2250 2251 2249 2248 2251 2252 2249 2253 2252 2251 2248 2254 2251 2254 2253 2251 2255 2253 2254 2254 2256 2255 2257 2255 2256 2258 2255 2257 2258 2253 2255 1830 2259 1833 2253 2259 2252 1833 2259 2258 1829 2259 1830 2259 2253 2258 2252 2259 2260 2260 2259 1829 1833 2258 2261 2261 2117 1833 2261 2258 2257 661 2262 662 661 660 2263 2263 2262 661 2262 2263 2264 2264 2263 2265 2265 2266 2264 2267 2266 2265 2265 2268 2267 2267 2268 2269 2263 660 2270 2268 2265 2270 2270 2265 2263 2267 2271 2266 2272 2271 2267 2267 2269 2272 2272 2269 2273 2269 2274 2273 2268 2275 2269 2275 2274 2269 2275 2276 2274 2277 2276 2275 2278 2275 2268 2268 2270 2278 2278 2277 2275 2279 2277 2278 660 2280 2270 2278 2270 2280 2278 2280 2279 2279 2280 2281 663 2280 660 2280 663 2281 2281 663 2282 2282 663 664 2087 665 427 427 665 428 2283 2284 2285 2283 2286 2284 2287 2286 2283 2288 2287 2283 2283 2285 2288 2287 2289 2286 2286 2289 2290 2286 2290 2291 2292 2285 2284 2293 2285 2292 2293 2294 2285 2288 2285 2295 2285 2294 2295 2295 2294 2296 2284 2286 2297 2297 2286 2291 2298 2292 2284 2297 2299 2284 2287 2288 2300 2287 2301 2289 2287 2300 2301 2301 2300 2302 2302 2300 2303 2303 2288 2295 2300 2288 2303 2289 2301 2304 2304 2301 2305 2303 2295 2306 2306 2295 2296 2306 2307 2303 2303 2308 2302 2307 2308 2303 2301 2309 2305 2302 2309 2301 2308 2310 2302 2311 2309 2302 2312 2313 2314 2313 2315 2314 2316 2315 2313 2312 2316 2313 1771 2317 1773 1773 2317 1775 2318 1771 1766 2317 1771 2318 1792 1777 2319 2319 1777 1774 1851 2320 1850 1850 2320 2321 1850 2321 1853 2322 127 683 683 182 2322 125 127 2322 2322 182 181 1518 125 2322 181 1518 2322 2323 1783 1800 2323 1800 1804 2324 1783 2323 2325 1783 2324 2325 1804 1784 1784 1783 2325 599 2235 2326 2327 814 817 2328 814 2327 2329 819 818 820 819 2330 1912 2331 1916 1911 2331 1912 1923 1919 2332 2332 1928 1923 2333 1917 1914 2333 1919 1917 2332 1919 2333 2333 1914 1915 2333 1915 2334 1938 2335 1942 1934 1932 2335 1934 2335 1938 2336 2337 2338 2337 2339 2338 2340 2339 2337 2339 2340 2341 2341 2340 2342 2341 2342 2343 2343 2342 2344 2343 2344 2345 2345 2344 2346 2345 2346 2347 2347 2346 2348 2348 2349 2347 2350 2349 2348 2350 2351 2349 2349 2351 2352 2352 2351 2353 2353 2351 2354 2353 2354 2355 2355 2354 2356 2356 2357 2355 2358 2357 2356 2359 2360 2361 2359 2362 2360 828 2362 2359 828 827 2362 2363 2364 2365 2363 2365 2366 2366 2365 2367 2366 2367 2368 2368 2367 2369 2370 2368 2369 2371 2368 2370 2370 2372 2371 2371 2372 2373 2374 2375 2376 2375 2374 2377 2377 2374 2378 2378 2379 2377 2380 2379 2378 2379 2380 2381 2381 2380 2382 2381 2382 2383 2383 2382 2384 2384 2385 2383 2383 2385 2386 2386 2385 2387 2387 2385 2388 2387 2388 2389 2389 2388 2390 2389 2390 2391 2391 2390 830 2391 830 829 2392 841 840 851 842 843 852 856 858 80 859 76 859 858 857 2392 900 841 2393 2394 2395 2396 2394 2393 2396 2397 2394 2398 2397 2396 2394 2399 2395 2395 2399 2400 2397 2401 2394 2394 2401 2399 903 2399 2401 905 2400 2399 905 2399 903 903 902 905 904 2400 905 2393 2402 2396 2402 2398 2396 2403 2398 2402 2398 2403 2404 2404 2403 2405 2405 2406 2404 2407 2406 2405 2404 2406 2408 2409 2404 2408 2398 2410 2397 2404 2410 2398 2410 2404 2409 2409 2411 2410 2410 2411 2412 2397 2412 2401 2401 2412 903 2410 2412 2397 2405 2413 2407 2403 2413 2405 2413 2403 2402 903 2412 908 2412 2414 908 2411 2414 2412 908 2414 2415 903 907 901 903 908 907 2415 909 908 924 921 922 2416 922 920 924 922 2417 2417 922 2418 922 2416 2418 2418 2416 2419 2420 2418 2419 2417 2418 2421 2421 2418 2420 2421 2420 2422 2423 2421 2422 2423 2424 2421 2421 2424 2417 2424 2423 2425 929 2424 2425 927 2424 929 927 923 924 2424 927 2417 2417 927 924 927 928 926 2426 942 941 2427 942 2426 942 2427 2428 942 2428 944 944 2428 2429 944 2429 946 946 943 944 946 2429 2430 2431 946 2430 947 946 2431 2432 2431 2430 2429 2432 2430 2433 2432 2429 2429 2428 2433 2433 2434 2432 2433 2435 2434 2428 2436 2433 2427 2436 2428 2433 2436 2435 2435 2436 2437 2435 2437 2438 2439 2438 2437 950 2438 2439 2434 2435 2440 2440 2435 2438 950 949 2438 2438 949 2440 949 948 953 949 953 2440 953 948 951 2441 2434 2440 2440 953 2441 2441 953 952 2442 2434 2441 2432 2434 2442 2441 2443 2442 2444 2431 2432 2442 2444 2432 2443 2444 2442 954 2443 2441 952 954 2441 2445 2446 2447 2446 2448 2447 2447 2448 2449 2450 2447 2449 2451 2447 2450 2450 2452 2451 2453 2452 2450 2445 2447 2454 2452 2454 2451 2454 2447 2451 2455 2454 2452 2452 2453 2456 2455 2452 2456 2455 2456 2457 2457 2456 2458 2456 2459 2458 2456 2453 2459 2458 2459 2460 2461 2457 2458 2458 2460 2461 2461 2460 2462 2463 2457 2461 2464 2461 2462 2465 2461 2464 2465 2466 2461 2461 2466 2463 2463 2466 2467 2466 2468 2467 2468 2466 2465 2465 2469 2468 2465 2464 2469 2470 956 2471 2472 956 2470 956 2472 957 2472 2473 957 2474 2472 2470 2474 2473 2472 956 958 2471 2471 958 960 2471 960 968 968 960 965 2475 968 966 2476 968 2475 2476 2471 968 2470 2471 2476 2475 966 2477 2477 966 969 2474 2470 2478 2478 2470 2476 2477 2479 2475 2475 2479 2476 2478 2476 2479 2480 2481 2482 2483 2481 2480 2481 2484 2482 2481 2483 2485 2485 2483 2486 2486 2483 2487 2485 2488 2481 2488 2484 2481 2489 2484 2488 2483 2490 2487 2483 2480 2491 2491 2490 2483 2492 2488 2485 2492 2485 2493 2493 2485 2494 2489 2495 2484 2496 2495 2489 2497 2495 2496 2498 2495 2497 2499 2496 2489 2496 2499 2497 2500 2498 2497 2497 2499 2500 2500 2499 2501 2501 2499 2502 2503 2498 2500 2501 2502 2504 2488 2505 2489 2505 2502 2499 2489 2505 2499 2506 2502 2505 2488 2507 2505 2507 2506 2505 2508 2506 2507 2509 2507 2488 2509 2488 2492 2507 2509 2510 2501 2504 2511 2500 2501 2511 2511 2512 2500 2500 2512 2513 2513 2503 2500 2511 2514 2512 2515 2514 2511 2511 2504 2515 2516 2510 2509 2493 2516 2492 2492 2516 2509 2517 2510 2516 2518 2516 2493 2494 2518 2493 2519 2516 2518 2516 2519 2517 2520 2518 2494 2518 2520 2521 2521 2519 2518 2521 2520 2522 2521 2522 2523 2523 2522 2524 2525 2523 2524 2526 2519 2521 2521 2523 2526 2519 2526 2527 2517 2519 2527 2527 2526 2528 2523 2525 2529 2528 2526 2529 2526 2523 2529 2530 2531 2532 2531 2533 2532 2534 2533 2531 2530 2534 2531 2535 2534 2530 2534 2535 2533 2536 2537 2538 2539 2537 2536 2537 2540 2538 2540 2541 2538 2538 2541 2542 2540 2543 2541 2541 2543 2544 2545 2540 2537 2540 2545 2543 2546 2545 2537 2545 2547 2543 2547 2545 2546 2548 2547 2546 2549 2547 2548 2548 2550 2549 2549 2550 2551 2550 2552 2551 2551 2552 2553 2551 2553 2554 2551 2554 2549 2553 2555 2554 2556 2555 2553 2552 2556 2553 2557 2556 2552 2558 2557 2552 2559 2557 2558 2560 2555 2556 2557 2561 2556 2559 2561 2557 2556 2561 2562 2562 2560 2556 2561 2563 2562 2561 2564 2563 2565 2561 2559 2565 2564 2561 2562 2563 2566 2563 2567 2566 2566 2567 2568 2569 2568 2567 2570 2566 2568 2570 2568 2569 2569 2567 2571 2572 2563 2564 2572 2567 2563 2571 2567 2572 2570 2573 2566 2573 2560 2562 2566 2573 2562 2558 2552 2574 2574 2552 2550 2574 2550 2575 2548 2576 2550 2575 2550 2576 2577 2576 2548 2577 2548 2578 2548 2546 2578 2537 2579 2546 2578 2546 2579 2539 2579 2537 2580 2581 2582 2581 2583 2582 2582 2583 2584 2582 2584 2585 2585 2584 2586 2584 2587 2586 2588 2586 2587 2589 2586 2588 2587 2590 2588 2591 2589 2588 2588 2590 2591 2591 2590 2592 2590 2593 2592 2594 2593 2590 2595 2594 2590 2595 2590 2587 2596 2587 2584 2596 2595 2587 2596 1034 2595 2597 1034 2596 2595 1034 2598 2598 2594 2595 2599 2585 2586 2586 2589 2599 2600 2585 2599 2599 2589 2601 2602 2589 2591 2589 2602 2601 2601 2602 2603 2604 2601 2603 2604 2603 2605 2605 2603 2606 2607 2606 2603 2593 2608 2607 1099 2606 2607 2607 2608 1099 2594 2609 2593 2609 2608 2593 2609 2594 2610 2610 2608 2609 1103 2608 2610 2598 2611 2594 2610 2594 2611 2600 2599 2612 2612 2599 2601 2612 2601 2604 2613 2611 2598 2614 2613 2598 2615 2613 2614 2616 2593 2607 2603 2616 2607 2616 2603 2602 2592 2593 2616 2614 2617 2615 2615 2617 2618 2618 2617 2619 2620 2618 2619 2621 2620 2619 2622 2620 2621 2621 2623 2622 2622 2623 2624 2592 2616 2625 2592 2625 2591 2591 2625 2626 2602 2591 2627 2627 2591 2626 2616 2602 2627 2628 2623 2621 2619 2628 2621 2629 2623 2628 2628 2630 2629 2629 2630 2631 2630 2632 2631 2631 2632 2633 2634 2631 2633 2635 2632 2630 2636 2632 2635 2635 1024 2636 2636 1024 2637 2635 2638 1024 2638 1025 1024 1029 1024 1023 1024 1029 2637 1025 1026 1023 1028 1023 1027 2639 1025 2638 1030 1025 2639 1030 2639 2640 2640 1033 1030 2641 1033 2640 2642 1027 1031 2643 2640 2639 2583 2644 2643 2581 2644 2583 2644 2640 2643 2580 2645 2581 2581 2645 2644 2644 2646 2640 2645 2646 2644 2647 2583 2643 2639 2647 2643 2638 2647 2639 2648 2583 2647 2648 2584 2583 2596 2584 2648 2596 2648 2597 2635 2649 2638 2630 2649 2635 2647 2649 2648 2638 2649 2647 2597 2648 2649 2650 2630 2628 2650 2628 2619 2650 2649 2630 2651 2649 2650 2651 2597 2649 2652 2597 2651 2597 1035 1034 1035 2597 2652 1036 2598 1034 2614 2598 2653 2598 1036 2653 2654 2614 2653 2617 2614 2654 2617 2654 2619 2619 2654 2650 2650 2655 2651 2652 2651 2655 2655 2650 2654 2654 2653 2655 2655 2653 1036 2656 1039 1038 2657 1039 2656 1039 1044 1037 1047 1045 1044 2657 2658 1039 2658 1044 1039 2659 2658 2657 1052 1050 1048 1052 1054 1053 1057 1054 2660 1052 2660 1054 2660 2661 1057 2662 2661 2660 2663 1061 1059 2663 2664 1061 2664 2663 2665 1059 2666 2663 1057 2666 1059 1057 2661 2666 2667 2660 1052 2667 2662 2660 1052 1048 2667 2667 2668 2662 2668 2667 2669 2669 2667 2670 2667 1048 1065 1065 1047 2671 1047 1044 2671 2671 1044 2658 2672 2667 1065 2667 2672 2670 1065 2671 2673 2672 1065 2673 2658 2674 2671 2673 2671 2674 2675 2658 2659 2658 2675 2674 2676 2677 2678 2676 2678 2679 2679 2678 2680 2680 2681 2679 2679 2681 2682 2679 2682 2683 2679 2683 2676 2676 2683 2684 2684 2677 2676 2685 2677 2684 2686 2684 2683 2686 2683 2687 2683 2682 2688 2687 2683 2688 2689 2684 2686 2689 2690 2684 2684 2690 2685 2686 2687 2691 2692 2693 2694 1069 2693 2692 2693 2695 2694 2696 2695 2693 2696 2697 2695 2695 2697 2698 2693 1069 2699 2693 2699 2696 2696 2700 2697 2701 2700 2696 2702 2700 2701 2703 2700 2702 2696 2699 2704 2699 2705 2704 1069 1068 2699 1068 2705 2699 1068 1067 2705 1069 1070 1066 2706 2700 2703 2703 1076 2706 2706 1076 1075 2706 1075 2707 2707 2708 2706 2709 2708 2707 2707 1075 2710 2702 1080 2703 2703 1080 1076 2706 2708 2711 2712 2700 2706 2712 2697 2700 2712 2698 2697 2711 2712 2706 2713 2698 2712 2713 2712 2711 2714 2713 2711 2714 2711 2715 2714 2715 2716 2715 2711 2717 2711 2718 2717 2711 2708 2718 2719 2713 2714 2720 2719 2714 2721 2719 2720 2722 2714 2716 2720 2714 2722 2723 2720 2722 2713 2724 2698 2719 2724 2713 2721 2724 2719 2725 2724 2721 2724 2725 2726 2695 2698 2726 2695 2726 2694 2726 2698 2724 2726 2725 2727 2727 1083 2726 2727 1081 1083 2728 1081 2727 2694 2726 2729 2726 1083 2729 2730 2729 1083 1083 1082 2730 2731 2730 1082 2732 2730 2731 2725 2733 2727 2727 2733 2728 2721 2733 2725 2721 1085 2733 2734 1085 2721 2721 2720 2734 1085 2734 2735 2735 1086 1085 2736 2720 2723 2734 2720 2736 2735 2734 2736 2737 2729 2730 2730 2732 2737 2729 2737 2694 2694 2737 2738 2694 2738 2692 2737 2739 2738 2738 2739 2740 2737 2732 2741 2737 2741 2739 2733 1085 1084 2742 2738 2740 2742 2692 2738 2743 2692 2742 2744 2692 2743 2745 2692 2744 1069 2692 2745 1069 1087 1070 1069 2745 1087 1087 2745 2746 2747 2748 2749 2748 2750 2749 2747 2751 2748 2751 2750 2748 2752 2751 2747 2751 2752 2750 2753 2498 2503 2754 2498 2753 2495 2498 2754 2753 2755 2754 2495 2754 2484 2484 2754 2482 2753 2756 2755 2755 2756 2757 2756 2758 2757 2755 2757 2759 2759 2754 2755 2759 2480 2482 2482 2754 2759 2760 2490 2491 2491 2480 2760 2760 2480 2759 2761 2760 2759 2759 2757 2761 2762 2760 2761 2763 2490 2760 2762 2764 2760 2760 2764 2765 2763 2760 2765 2766 2758 2756 2767 2758 2766 2766 2768 2767 2769 2768 2766 2766 2756 2770 2766 2770 2769 2770 2753 2503 2770 2756 2753 2769 2770 2771 2770 2503 2771 2772 2503 2513 2771 2503 2772 1092 1091 1090 2608 1096 1099 1103 1102 2608 1102 1094 1096 1102 1096 2608 2606 1099 1098 1098 1096 1097 2606 1098 2605 1101 1095 1094 1102 1101 1094 1820 1104 325 1820 1106 1104 1819 1106 1820 2605 1098 1107 1107 1098 1108 1811 2773 1819 1819 2773 1106 2773 1107 1106 2605 1107 2773 2774 2612 2604 2774 2605 2773 1807 2774 1811 2604 2605 2774 1811 2774 2773 1808 2775 1807 2775 2612 2774 1807 2775 2774 2775 2600 2612 1808 2776 2775 1810 2776 1808 2776 2600 2775 1810 2777 2776 1814 2777 1810 2776 2777 2778 2779 2600 2776 2778 2779 2776 2780 2779 2778 2778 2777 2781 2782 2600 2779 2782 2585 2600 2783 2585 2782 2582 2585 2784 2784 2585 2783 2785 2786 2787 2788 2786 2785 2788 2785 2789 2789 2785 2790 2789 2790 2791 2791 2790 2792 2793 2786 2788 2794 2786 2793 2793 2795 2794 2793 2796 2795 2796 2788 2789 2793 2788 2796 2795 2796 2797 2795 2797 2798 2794 2795 2799 2795 2798 2799 2799 2798 2800 2801 2794 2799 2800 2801 2799 2797 2802 2798 2803 2802 2797 2803 2804 2802 2805 2789 2791 2796 2805 2797 2805 2792 2804 2805 2791 2792 2805 2804 2803 2796 2789 2805 2797 2805 2803 2806 2794 2801 2806 2786 2794 2807 2786 2806 2787 2786 2807 1120 1118 1117 2808 1118 1120 1122 1117 1116 2809 1122 1116 2810 1122 2809 2810 2811 1122 2812 1122 2811 1123 1122 2812 2810 2809 2813 2810 2813 2814 2814 2813 2815 2809 1116 2816 2814 2815 2817 2817 2815 2818 2818 2815 2819 2818 2819 2820 2821 2810 2814 2811 2810 2821 1181 1177 1179 2822 1177 1181 1181 1180 1183 1183 1184 1203 1203 2823 1183 2823 1203 2824 2824 1203 2825 2824 2825 2826 2824 2826 2827 2827 2826 2828 2829 2828 2826 2830 2828 2829 2829 2831 2830 2832 2831 2829 2826 2825 1186 2829 2826 2833 2833 2826 1186 2833 1186 1185 2832 2829 2834 2834 2829 1191 2834 1191 1190 2825 1197 1186 1186 1197 1187 2825 1198 1197 1203 1198 2825 1206 483 488 481 483 1206 1206 2835 481 481 2835 482 482 2835 2160 2157 2836 2150 1206 2836 2835 2835 2836 2160 2150 2836 2155 2160 2836 2157 1205 2836 1206 479 2155 1205 1205 2155 2836 479 1204 478 1206 488 1204 1205 1204 479 2837 2838 2839 2840 2838 2837 2841 2840 2837 2842 2840 2841 2840 2842 2843 2843 2838 2840 2843 2842 2844 2845 2843 2844 2844 2846 2845 2847 2846 2844 2842 2847 2844 2842 2841 2848 2848 2847 2842 2848 2490 2847 2487 2490 2848 2487 2848 2486 2486 2848 2849 2848 2841 2849 2763 2850 2490 2850 2847 2490 2846 2847 2850 2851 1207 2852 2852 1207 2853 2853 2854 2852 2855 2851 2852 2852 2854 2855 2856 2855 2854 2857 2855 2856 2856 2858 2857 2857 2858 2859 2859 2860 2857 2861 2860 2859 2862 2851 2855 2855 2857 2862 2862 2857 2860 2858 2863 2859 2864 2861 2859 2859 2863 2864 2865 2861 2864 2865 2866 2861 2861 2866 2867 2861 2867 2860 2868 2867 2866 2869 2867 2868 2867 2869 2870 2860 2867 2870 2860 2870 2862 2870 2869 2871 2862 2872 2851 2871 2872 2870 2862 2870 2872 2873 2872 2871 2851 2872 1208 2851 1208 1207 2873 1208 2872 2874 1208 2873 1208 2874 1209 2875 2876 2877 2878 2875 2877 2879 2876 2875 2878 2879 2875 2880 2881 2882 2508 2507 2883 2883 2507 2884 2884 2507 2510 1516 1603 2885 2885 1569 1516 2885 2886 1569 2887 2886 2885 2888 2887 2885 1603 2888 2885 1604 2889 1603 2889 2887 2888 2888 1603 2889 2890 2887 2889 2887 2890 2886 1604 2890 2889 2891 2890 1604 2892 1589 2891 2891 1604 2892 2893 1595 1594 1589 2893 1594 2893 1589 2892 1596 1595 2893 1604 1596 2894 1596 2893 2894 2892 1604 2894 2894 2893 2892 2637 1029 2895 1029 1028 2895 1618 1619 2896 2896 1601 1618 1600 1601 2896 2896 1619 1634 566 1243 563 2897 561 563 1243 2897 563 2898 2897 1243 1242 2899 1243 1243 2899 2898 2900 2899 1242 2808 1120 2901 2902 2903 2904 2905 2903 2902 2902 2904 2906 1591 1599 2907 1591 2907 1580 1580 2907 1587 2908 2909 2910 2911 2910 2909 2911 2909 2912 2912 2909 2913 2909 2914 2913 2913 2914 2915 2914 2916 2915 2915 2916 2917 2915 2917 2918 2918 2917 2919 2920 2915 2918 2913 2915 2920 2917 2921 2919 2922 2921 2917 2916 2922 2917 2918 2919 2923 2923 2920 2918 2924 2920 2923 2925 2913 2920 2912 2913 2925 2924 2925 2920 2926 2925 2924 2924 2923 2927 2927 2926 2924 2928 2926 2927 2927 2929 2928 2930 2929 2927 2931 2922 2916 2932 2919 2921 2923 2919 2933 2932 2933 2919 2934 2933 2932 2935 2933 2934 2936 2933 2935 2936 2935 2937 2937 2938 2936 2939 2938 2937 2936 2940 2933 2933 2940 2923 2927 2923 2940 2927 2940 2930 2930 2940 2941 2941 2936 2938 2940 2936 2941 2824 2942 2823 2827 2942 2824 2942 2943 2823 1183 2823 2944 2944 2823 2943 2943 2945 2944 2944 2945 2946 2947 1181 1183 2946 2947 2944 1181 2947 2822 2944 2947 1183 2946 2948 2947 2822 2947 2948 2949 2948 2946 2950 2948 2949 2538 2951 2536 2542 2951 2538 2547 2549 2952 2549 2554 2952 2543 2547 2952 2953 2954 2955 2956 2954 2953 2953 2955 2957 2957 2955 2958 2957 2958 2959 2959 2958 2960 2956 2961 2954 2956 2962 2961 2961 2962 2963 2963 2964 2961 2965 2964 2963 2966 2964 2965 2966 2967 2964 2966 2968 2967 2956 2969 2962 2959 2970 2957 2957 2971 2953 2957 2970 2971 2953 2971 2972 2969 2956 2972 2972 2956 2953 2973 2974 2975 2975 2976 2973 2973 2976 2977 2976 2978 2977 2977 2978 2979 2978 2980 2979 2979 2980 2981 2982 2981 2980 2983 2981 2982 2984 2983 2982 2985 2983 2984 2984 2986 2985 2985 2986 2987 2987 2986 2988 2988 2986 2989 2990 2988 2989 2991 2988 2990 2990 2992 2991 2991 2992 2993 2992 2994 2993 2993 2994 2995 2996 2997 2998 2996 1347 2997 2997 1347 1346 2999 3000 3001 3000 3002 3001 3001 3002 3003 3004 3003 3002 3005 3003 3004 3004 3006 3005 1350 3006 3004 3006 1350 1349 3007 3008 3009 3010 3008 3007 3011 3008 3010 3010 3012 3011 3011 3012 3013 3014 3013 3012 3015 3013 3014 3014 3016 3015 3015 3016 3017 3016 3018 3017 3019 3018 3016 3020 3018 3019 3021 3018 3020 3020 3022 3021 3021 3022 3023 3022 1354 3023 3023 1354 1353</p>
        </triangles>
      </mesh>
    </geometry>
  </library_geometries>
  <library_controllers>
    <controller id="Controller">
      <skin source="#Geometry">
        <bind_shape_matrix>1 0 0 0 0 1 0 0 0 0 1 0 0 0 0 1</bind_shape_matrix>
        <source id="Controller-joints">
          <Name_array id="Controller-joints-array" count="39">chr021_e02 Scale chr021_e GRP_joint CP01 FP01 GP01 J_root J_center J_FfinL_1 J_FfinL_2 J_FfinL_3 J_FfinR_1 J_FfinR_2 J_FfinR_3 J_head J_mouth FacePos J_tail1 J_MfinL_1 J_MfinL_2 J_MfinR_1 J_MfinR_2 J_tail2 J_tail3 J_RfinL_1 J_RfinL_2 J_RfinR_1 J_RfinR_2 J_tail4 J_tailL_5 J_tailL_6 J_tailL_7 J_tailR_5 J_tailR_6 J_tailR_7 loc_001 TP01 GRP_mesh</Name_array>
          <technique_common>
            <accessor source="#Controller-joints-array" count="39" stride="1">
              <param name="JOINT" type="Name"/>
            </accessor>
          </technique_common>
        </source>
        <source id="Controller-bind_poses">
          <float_array id="Controller-bind_poses-array" count="624">1 0 0 0 0 1 0 0 0 0 1 0 0 0 0 1 0.285714 0 0 0 0 0.285714 0 0 0 0 0.285714 0 0 0 0 1 0.132275 0 0 0 0 0.132275 0 0 0 0 0.132275 0 0 0 0 1 0.132275 0 0 0 0 0.132275 0 0 0 0 0.132275 0 0 0 0 1 0.132275 0 0 0 0 0.132275 0 -0.18004 0 0 0.132275 -0.217289 0 0 0 1 0.132275 0 0 0 0 0.132275 0 -0.17858 0 0 0.132275 -0.35025 0 0 0 1 0.132275 0 0 0 0 0.132275 0 0 0 0 0.132275 0 0 0 0 1 0.132275 0 0 0 0 0.132275 0 0 0 0 0.132275 0 0 0 0 1 0.132275 0 0 0 0 0.132275 0 -0.09 0 0 0.132275 0 0 0 0 1 0.132275 0 0 -0.088391 0 0.132275 0 -0.033337 0 0 0.132275 -0.011337 0 0 0 1 0.132275 0 0 -0.135618 0 0.132275 0 -0.033337 0 0 0.132275 -0.013806 0 0 0 1 0.132275 0 0 -0.189412 0 0.132275 0 -0.033337 0 0 0.132275 0.001934 0 0 0 1 0.132275 0 0 0.088391 0 0.132275 0 -0.033337 0 0 0.132275 -0.011337 0 0 0 1 0.132275 0 0 0.135618 0 0.132275 0 -0.033337 0 0 0.132275 -0.013806 0 0 0 1 0.132275 0 0 0.189412 0 0.132275 0 -0.033337 0 0 0.132275 0.001934 0 0 0 1 0.132275 0 0 0 0 0.132275 0 -0.09 0 0 0.132275 -0.12 0 0 0 1 0.132275 0 0 0 0 0.132275 0 -0.052387 0 0 0.132275 -0.099733 0 0 0 1 0.132275 0 0 0 0 0.132275 0 -0.12 0 0 0.132275 -0.22 0 0 0 1 0.132275 0 0 0 0 0.132275 0 -0.09 0 0 0.132275 0.078251 0 0 0 1 0.132275 0 0 -0.067604 0 0.132275 0 -0.025388 0 0 0.132275 0.103765 0 0 0 1 0.132275 0 0 -0.094702 0 0.132275 0 -0.025388 0 0 0.132275 0.120177 0 0 0 1 0.132275 0 0 0.067604 0 0.132275 0 -0.025388 0 0 0.132275 0.103765 0 0 0 1 0.132275 0 0 0.094702 0 0.132275 0 -0.025388 0 0 0.132275 0.120177 0 0 0 1 0.132275 0 0 0 0 0.132275 0 -0.09 0 0 0.132275 0.162244 0 0 0 1 0.132275 0 0 0 0 0.132275 0 -0.09 0 0 0.132275 0.236046 0 0 0 1 0.132275 0 0 -0.040466 0 0.132275 0 -0.073 0 0 0.132275 0.246777 0 0 0 1 0.132275 0 0 -0.062097 0 0.132275 0 -0.073 0 0 0.132275 0.261584 0 0 0 1 0.132275 0 0 0.040466 0 0.132275 0 -0.073 0 0 0.132275 0.246777 0 0 0 1 0.132275 0 0 0.062097 0 0.132275 0 -0.073 0 0 0.132275 0.261584 0 0 0 1 0.132275 0 0 0 0 0.132275 0 -0.09 0 0 0.132275 0.347871 0 0 0 1 0.132275 0 0 -0.026878 0 0.132275 0 -0.09 0 0 0.132275 0.371762 0 0 0 1 0.132275 0 0 -0.08162 0 0.132275 0 -0.09 0 0 0.132275 0.376494 0 0 0 1 0.132275 0 0 -0.157331 0 0.132275 0 -0.09 0 0 0.132275 0.383775 0 0 0 1 0.132275 0 0 0.026878 0 0.132275 0 -0.09 0 0 0.132275 0.371762 0 0 0 1 0.132275 0 0 0.08162 0 0.132275 0 -0.09 0 0 0.132275 0.376494 0 0 0 1 0.132275 0 0 0.157331 0 0.132275 0 -0.09 0 0 0.132275 0.383775 0 0 0 1 1.32275e11 0 0 0 0 1.32275e11 0 0 0 0 1.32275e11 0 0 0 0 1 0.132275 0 0 0 0 0.132275 0 -0.31 0 0 0.132275 -0.225682 0 0 0 1 0.132275 0 0 0 0 0.132275 0 0 0 0 0.132275 0 0 0 0 1</float_array>
          <technique_common>
            <accessor source="#Controller-bind_poses-array" count="39" stride="16">
              <param name="TRANSFORM" type="float4x4"/>
            </accessor>
          </technique_common>
        </source>
        <source id="Controller-weights">
          <float_array id="Controller-weights-array" count="3679">1 0.1 0.9 0.1 0.9 0.1 0.9 0.1 0.9 0.1 0.9 0.1 0.9 0.1 0.9 0.1 0.9 0.1 0.9 0.1 0.9 0.1 0.9 0.1 0.9 0.1 0.9 0.1 0.9 0.9 0.1 0.1 0.9 0.3 0.7 0.5 0.5 0.9 0.1 0.9 0.1 0.9 0.1 0.9 0.1 0.9 0.1 0.9 0.1 0.9 0.1 0.9 0.1 0.9 0.1 0.9 0.1 0.9 0.1 0.9 0.1 0.9 0.1 0.9 0.1 0.9 0.1 0.1 0.9 0.1 0.9 0.1 0.9 0.9 0.1 0.9 0.1 0.9 0.1 0.9 0.1 0.1 0.9 0.1 0.9 0.1 0.9 0.9 0.1 0.8 0.2 0.9 0.1 0.9 0.1 0.1 0.9 0.1 0.9 0.1 0.9 0.1 0.9 0.1 0.9 0.1 0.9 0.1 0.9 0.1 0.9 0.9 0.1 0.9 0.1 0.8 0.2 0.7 0.3 0.5 0.5 0.1 0.9 0.1 0.9 0.1 0.9 0.1 0.9 0.1 0.9 0.1 0.9 0.8 0.2 0.2 0.8 0.8 0.2 0.1 0.9 0.1 0.9 0.1 0.9 0.9 0.1 0.9 0.1 0.9 0.1 0.8 0.2 0.8 0.2 0.8 0.2 0.9 0.1 0.9 0.1 0.5 0.5 0.5 0.5 0.5 0.5 0.9 0.1 0.6 0.4 0.9 0.1 0.7 0.3 0.8 0.2 0.9 0.1 0.9 0.1 0.9 0.1 0.7 0.3 0.9 0.1 0.8 0.2 0.8 0.2 0.7 0.3 0.1 0.9 0.7 0.3 0.9 0.1 0.9 0.1 0.9 0.1 0.9 0.1 0.1 0.9 0.9 0.1 0.9 0.1 0.9 0.1 0.9 0.1 0.9 0.1 0.9 0.1 0.8 0.2 0.8 0.2 0.5 0.5 0.5 0.5 0.9 0.1 0.1 0.9 0.1 0.9 0.3 0.7 0.1 0.9 0.1 0.9 0.1 0.9 0.1 0.9 0.9 0.1 0.9 0.1 0.9 0.1 0.1 0.9 0.1 0.9 0.9 0.1 0.9 0.1 0.1 0.9 0.1 0.9 0.1 0.9 0.1 0.9 0.1 0.9 0.1 0.9 0.1 0.9 0.1 0.9 0.1 0.9 0.1 0.9 0.1 0.9 0.1 0.9 0.1 0.9 0.1 0.9 0.1 0.9 0.1 0.9 0.1 0.9 0.1 0.9 0.9 0.1 0.9 0.1 0.8 0.2 0.9 0.1 0.8 0.2 0.8 0.2 0.9 0.1 0.4 0.6 0.5 0.5 0.7 0.3 0.5 0.5 0.5 0.5 0.4 0.6 0.8 0.2 0.8 0.2 0.8 0.2 0.9 0.1 0.9 0.1 0.9 0.1 0.9 0.1 0.9 0.1 0.1 0.9 0.1 0.9 0.1 0.9 0.1 0.9 0.1 0.9 0.1 0.9 0.9 0.1 0.9 0.1 0.9 0.1 0.7 0.3 0.5 0.5 0.5 0.5 0.8 0.2 0.8 0.2 0.9 0.1 0.2 0.8 0.2 0.8 0.1 0.9 0.2 0.8 0.1 0.9 0.2 0.8 0.2 0.8 0.2 0.8 0.2 0.8 0.2 0.8 0.2 0.8 0.1 0.9 0.2 0.8 0.2 0.8 0.2 0.8 0.1 0.9 0.2 0.8 0.2 0.8 0.2 0.8 0.2 0.8 0.1 0.9 0.1 0.9 0.2 0.8 0.1 0.9 0.1 0.9 0.2 0.8 0.2 0.8 0.2 0.8 0.2 0.8 0.2 0.8 0.2 0.8 0.1 0.9 0.1 0.9 0.2 0.8 0.2 0.8 0.2 0.8 0.5 0.5 0.5 0.5 0.5 0.5 0.5 0.5 0.5 0.5 0.5 0.5 0.4 0.6 0.4 0.6 0.3 0.7 0.3 0.7 0.4 0.6 0.3 0.7 0.5 0.5 0.2 0.8 0.2 0.8 0.4 0.6 0.5 0.5 0.5 0.5 0.5 0.5 0.5 0.5 0.5 0.5 0.5 0.5 0.5 0.5 0.2 0.8 0.2 0.8 0.3 0.7 0.2 0.8 0.2 0.8 0.3 0.7 0.2 0.8 0.3 0.7 0.2 0.8 0.4 0.6 0.4 0.6 0.2 0.8 0.2 0.8 0.2 0.8 0.2 0.8 0.2 0.8 0.2 0.8 0.2 0.8 0.2 0.8 0.2 0.8 0.6 0.4 0.8 0.2 0.7 0.3 0.8 0.2 0.6 0.4 0.7 0.3 0.5 0.5 0.5 0.5 0.7 0.3 0.9 0.1 0.9 0.1 0.5 0.5 0.7 0.3 0.5 0.5 0.9 0.1 0.9 0.1 0.9 0.1 0.1 0.9 0.1 0.9 0.1 0.9 0.1 0.9 0.1 0.9 0.1 0.9 0.1 0.9 0.5 0.5 0.5 0.5 0.5 0.5 0.5 0.5 0.8 0.2 0.6 0.4 0.7 0.3 0.8 0.2 0.6 0.4 0.7 0.3 0.5 0.5 0.5 0.5 0.7 0.3 0.9 0.1 0.9 0.1 0.5 0.5 0.7 0.3 0.5 0.5 0.9 0.1 0.9 0.1 0.9 0.1 0.1 0.9 0.1 0.9 0.1 0.9 0.1 0.9 0.1 0.9 0.1 0.9 0.1 0.9 0.5 0.5 0.5 0.5 0.5 0.5 0.5 0.5 0.5 0.5 0.4 0.6 0.6 0.4 0.4 0.6 0.6 0.4 0.6 0.4 0.6 0.4 0.6 0.4 0.4 0.6 0.4 0.6 0.5 0.5 0.4 0.6 0.6 0.4 0.4 0.6 0.5 0.5 0.7 0.3 0.8 0.2 0.7 0.3 0.8 0.2 0.8 0.2 0.7 0.3 0.6 0.4 0.6 0.4 0.7 0.3 0.5 0.5 0.7 0.3 0.8 0.2 0.8 0.2 0.7 0.3 0.8 0.2 0.5 0.5 0.4 0.6 0.4 0.6 0.5 0.5 0.4 0.6 0.2 0.8 0.9 0.1 0.7 0.3 0.8 0.2 0.9 0.1 0.8 0.2 0.5 0.5 0.6 0.4 0.7 0.3 0.5 0.5 0.3 0.7 0.2 0.8 0.2 0.8 0.2 0.8 0.9 0.1 0.9 0.1 0.9 0.1 0.6 0.4 0.5 0.5 0.5 0.5 0.5 0.5 0.5 0.5 0.5 0.5 0.4 0.6 0.5 0.5 0.6 0.4 0.6 0.4 0.6 0.4 0.6 0.4 0.6 0.4 0.6 0.4 0.6 0.4 0.4 0.6 0.4 0.6 0.3 0.7 0.3 0.7 0.2 0.8 0.2 0.8 0.2 0.8 0.4 0.6 0.2 0.8 0.4 0.6 0.4 0.6 0.3 0.7 0.3 0.7 0.4 0.6 0.4 0.6 0.4 0.6 0.2 0.8 0.2 0.8 0.4 0.6 0.4 0.6 0.4 0.6 0.3 0.7 0.3 0.7 0.4 0.6 0.4 0.6 0.4 0.6 0.5 0.5 0.3 0.7 0.2 0.8 0.2 0.8 0.2 0.8 0.4 0.6 0.6 0.4 0.6 0.4 0.5 0.5 0.6 0.4 0.7 0.3 0.7 0.3 0.8 0.2 0.8 0.2 0.8 0.2 0.8 0.2 0.7 0.3 0.7 0.3 0.8 0.2 0.7 0.3 0.5 0.5 0.5 0.5 0.5 0.5 0.4 0.6 0.4 0.6 0.4 0.6 0.5 0.5 0.3 0.7 0.5 0.5 0.6 0.4 0.7 0.3 0.7 0.3 0.9 0.1 0.8 0.2 0.9 0.1 0.8 0.2 0.2 0.8 0.2 0.8 0.2 0.8 0.2 0.8 0.9 0.1 0.9 0.1 0.9 0.1 0.9 0.1 0.9 0.1 0.5 0.5 0.3 0.7 0.2 0.8 0.5 0.5 0.3 0.7 0.5 0.5 0.2 0.8 0.2 0.8 0.2 0.8 0.1 0.9 0.6 0.4 0.6 0.4 0.5 0.5 0.6 0.4 0.8 0.2 0.9 0.1 0.8 0.2 0.3 0.7 0.3 0.7 0.3 0.7 0.2 0.8 0.8 0.2 0.2 0.8 0.1 0.9 0.9 0.1 0.8 0.2 0.8 0.2 0.8 0.2 0.4 0.6 0.4 0.6 0.2 0.8 0.4 0.6 0.8 0.2 0.8 0.2 0.1 0.9 0.9 0.1 0.1 0.9 0.9 0.1 0.9 0.1 0.9 0.1 0.1 0.9 0.1 0.9 0.1 0.9 0.2 0.8 0.2 0.8 0.1 0.9 0.2 0.8 0.1 0.9 0.9 0.1 0.9 0.1 0.2 0.8 0.2 0.8 0.9 0.1 0.2 0.8 0.1 0.9 0.2 0.8 0.1 0.9 0.1 0.9 0.9 0.1 0.9 0.1 0.1 0.9 0.1 0.9 0.9 0.1 0.2 0.8 0.1 0.9 0.1 0.9 0.2 0.8 0.2 0.8 0.2 0.8 0.2 0.8 0.2 0.8 0.3 0.7 0.3 0.7 0.3 0.7 0.3 0.7 0.3 0.7 0.3 0.7 0.8 0.2 0.8 0.2 0.8 0.2 0.8 0.2 0.3 0.7 0.8 0.2 0.4 0.6 0.9 0.1 0.1 0.9 0.1 0.9 0.1 0.9 0.1 0.9 0.1 0.9 0.1 0.9 0.1 0.9 0.1 0.9 0.1 0.9 0.1 0.9 0.1 0.9 0.8 0.2 0.8 0.2 0.1 0.9 0.8 0.2 0.6 0.4 0.6 0.4 0.6 0.4 0.5 0.5 0.5 0.5 0.5 0.5 0.5 0.5 0.5 0.5 0.5 0.5 0.1 0.9 0.2 0.8 0.2 0.8 0.2 0.8 0.2 0.8 0.1 0.9 0.2 0.8 0.1 0.9 0.2 0.8 0.2 0.8 0.2 0.8 0.2 0.8 0.3 0.7 0.1 0.9 0.1 0.9 0.1 0.9 0.3 0.7 0.1 0.9 0.4 0.6 0.4 0.6 0.6 0.4 0.5 0.5 0.5 0.5 0.5 0.5 0.2 0.8 0.8 0.2 0.3 0.7 0.3 0.7 0.8 0.2 0.7 0.3 0.8 0.2 0.3 0.7 0.5 0.5 0.5 0.5 0.8 0.2 0.3 0.7 0.2 0.8 0.9 0.1 0.9 0.1 0.3 0.7 0.3 0.7 0.3 0.7 0.7 0.3 0.2 0.8 0.3 0.7 0.3 0.7 0.2 0.8 0.1 0.9 0.7 0.3 0.1 0.9 0.1 0.9 0.7 0.3 0.6 0.4 0.5 0.5 0.5 0.5 0.1 0.9 0.8 0.2 0.2 0.8 0.8 0.2 0.8 0.2 0.8 0.2 0.7 0.3 0.5 0.5 0.5 0.5 0.3 0.7 0.3 0.7 0.1 0.9 0.1 0.9 0.9 0.1 0.9 0.1 0.8 0.2 0.8 0.2 0.3 0.7 0.1 0.9 0.3 0.7 0.1 0.9 0.2 0.8 0.2 0.8 0.3 0.7 0.2 0.8 0.5 0.5 0.6 0.4 0.3 0.7 0.5 0.5 0.5 0.5 0.7 0.3 0.9 0.1 0.8 0.2 0.8 0.2 0.5 0.5 0.3 0.7 0.3 0.7 0.5 0.5 0.1 0.9 0.1 0.9 0.5 0.5 0.5 0.5 0.5 0.5 0.5 0.5 0.5 0.5 0.4 0.6 0.4 0.6 0.1 0.9 0.3 0.7 0.3 0.7 0.3 0.7 0.4 0.6 0.2 0.8 0.2 0.8 0.2 0.8 0.2 0.8 0.5 0.5 0.6 0.4 0.6 0.4 0.7 0.3 0.7 0.3 0.8 0.2 0.8 0.2 0.9 0.1 0.9 0.1 0.8 0.2 0.7 0.3 0.8 0.2 0.6 0.4 0.6 0.4 0.5 0.5 0.5 0.5 0.3 0.7 0.2 0.8 0.4 0.6 0.2 0.8 0.4 0.6 0.2 0.8 0.2 0.8 0.3 0.7 0.4 0.6 0.4 0.6 0.4 0.6 0.1 0.9 0.2 0.8 0.1 0.9 0.1 0.9 0.1 0.9 0.1 0.9 0.2 0.8 0.2 0.8 0.1 0.9 0.1 0.9 0.1 0.9 0.2 0.8 0.2 0.8 0.2 0.8 0.4 0.6 0.2 0.8 0.3 0.7 0.4 0.6 0.4 0.6 0.2 0.8 0.2 0.8 0.2 0.8 0.2 0.8 0.2 0.8 0.2 0.8 0.2 0.8 0.2 0.8 0.2 0.8 0.2 0.8 0.2 0.8 0.2 0.8 0.2 0.8 0.2 0.8 0.2 0.8 0.2 0.8 0.2 0.8 0.2 0.8 0.2 0.8 0.2 0.8 0.2 0.8 0.2 0.8 0.2 0.8 0.2 0.8 0.2 0.8 0.2 0.8 0.2 0.8 0.2 0.8 0.2 0.8 0.2 0.8 0.2 0.8 0.2 0.8 0.2 0.8 0.2 0.8 0.2 0.8 0.2 0.8 0.2 0.8 0.2 0.8 0.2 0.8 0.2 0.8 0.2 0.8 0.2 0.8 0.2 0.8 0.2 0.8 0.2 0.8 0.2 0.8 0.2 0.8 0.2 0.8 0.2 0.8 0.2 0.8 0.5 0.5 0.5 0.5 0.5 0.5 0.5 0.5 0.5 0.5 0.5 0.5 0.5 0.5 0.5 0.5 0.5 0.5 0.5 0.5 0.5 0.5 0.5 0.5 0.5 0.5 0.5 0.5 0.5 0.5 0.5 0.5 0.5 0.5 0.5 0.5 0.5 0.5 0.5 0.5 0.5 0.5 0.5 0.5 0.5 0.5 0.5 0.5 0.5 0.5 0.5 0.5 0.5 0.5 0.4 0.6 0.4 0.6 0.4 0.6 0.2 0.8 0.3 0.7 0.4 0.6 0.2 0.8 0.2 0.8 0.2 0.8 0.8 0.2 0.3 0.7 0.8 0.2 0.7 0.3 0.7 0.3 0.8 0.2 0.5 0.5 0.5 0.5 0.3 0.7 0.3 0.7 0.8 0.2 0.8 0.2 0.7 0.3 0.7 0.3 0.8 0.2 0.7 0.3 0.7 0.3 0.7 0.3 0.5 0.5 0.5 0.5 0.5 0.5 0.5 0.5 0.5 0.5 0.5 0.5 0.2 0.8 0.2 0.8 0.2 0.8 0.2 0.8 0.2 0.8 0.2 0.8 0.2 0.8 0.2 0.8 0.2 0.8 0.2 0.8 0.2 0.8 0.2 0.8 0.2 0.8 0.2 0.8 0.2 0.8 0.2 0.8 0.2 0.8 0.2 0.8 0.2 0.8 0.2 0.8 0.2 0.8 0.2 0.8 0.2 0.8 0.2 0.8 0.2 0.8 0.2 0.8 0.2 0.8 0.2 0.8 0.2 0.8 0.2 0.8 0.2 0.8 0.2 0.8 0.2 0.8 0.2 0.8 0.2 0.8 0.2 0.8 0.2 0.8 0.2 0.8 0.2 0.8 0.2 0.8 0.2 0.8 0.2 0.8 0.2 0.8 0.2 0.8 0.1 0.9 0.1 0.9 0.2 0.8 0.2 0.8 0.2 0.8 0.2 0.8 0.2 0.8 0.2 0.8 0.2 0.8 0.2 0.8 0.1 0.9 0.2 0.8 0.2 0.8 0.2 0.8 0.2 0.8 0.1 0.9 0.1 0.9 0.1 0.9 0.9 0.1 0.8 0.2 0.8 0.2 0.7 0.3 0.7 0.3 0.7 0.3 0.8 0.2 0.8 0.2 0.6 0.4 0.6 0.4 0.6 0.4 0.6 0.4 0.5 0.5 0.5 0.5 0.5 0.5 0.5 0.5 0.5 0.5 0.3 0.7 0.3 0.7 0.1 0.9 0.1 0.9 0.4 0.6 0.4 0.6 0.2 0.8 0.2 0.8 0.4 0.6 0.8 0.2 0.2 0.8 0.2 0.8 0.8 0.2 0.2 0.8 0.1 0.9 0.3 0.7 0.3 0.7 0.3 0.7 0.5 0.5 0.5 0.5 0.8 0.2 0.6 0.4 0.3 0.7 0.5 0.5 0.8 0.2 0.5 0.5 0.3 0.7 0.5 0.5 0.3 0.7 0.8 0.2 0.8 0.2 0.8 0.2 0.2 0.8 0.2 0.8 0.3 0.7 0.2 0.8 0.3 0.7 0.7 0.3 0.7 0.3 0.3 0.7 0.3 0.7 0.2 0.8 0.2 0.8 0.3 0.7 0.7 0.3 0.3 0.7 0.2 0.8 0.1 0.9 0.1 0.9 0.2 0.8 0.8 0.2 0.3 0.7 0.7 0.3 0.3 0.7 0.2 0.8 0.3 0.7 0.7 0.3 0.3 0.7 0.8 0.2 0.8 0.2 0.6 0.4 0.3 0.7 0.2 0.8 0.3 0.7 0.8 0.2 0.7 0.3 0.8 0.2 0.2 0.8 0.5 0.5 0.5 0.5 0.8 0.2 0.3 0.7 0.2 0.8 0.9 0.1 0.9 0.1 0.3 0.7 0.5 0.5 0.7 0.3 0.3 0.7 0.3 0.7 0.7 0.3 0.2 0.8 0.7 0.3 0.8 0.2 0.8 0.2 0.5 0.5 0.2 0.8 0.8 0.2 0.8 0.2 0.2 0.8 0.8 0.2 0.3 0.7 0.2 0.8 0.3 0.7 0.8 0.2 0.3 0.7 0.8 0.2 0.3 0.7 0.8 0.2 0.7 0.3 0.7 0.3 0.3 0.7 0.8 0.2 0.8 0.2 0.5 0.5 0.5 0.5 0.8 0.2 0.8 0.2 0.8 0.2 0.3 0.7 0.3 0.7 0.7 0.3 0.7 0.3 0.7 0.3 0.7 0.3 0.5 0.5 0.7 0.3 0.7 0.3 0.5 0.5 0.7 0.3 0.7 0.3 0.7 0.3 0.3 0.7 0.7 0.3 0.4 0.6 0.4 0.6 0.2 0.8 0.2 0.8 0.8 0.2 0.4 0.6 0.1 0.9 0.2 0.8 0.1 0.9 0.1 0.9 0.1 0.9 0.3 0.7 0.2 0.8 0.3 0.7 0.1 0.9 0.2 0.8 0.1 0.9 0.6 0.4 0.2 0.8 0.6 0.4 0.2 0.8 0.6 0.4 0.1 0.9 0.1 0.9 0.8 0.2 0.8 0.2 0.8 0.2 0.6 0.4 0.2 0.8 0.1 0.9 0.6 0.4 0.2 0.8 0.6 0.4 0.3 0.7 0.4 0.6 0.4 0.6 0.2 0.8 0.2 0.8 0.4 0.6 0.2 0.8 0.1 0.9 0.1 0.9 0.1 0.9 0.3 0.7 0.2 0.8 0.3 0.7 0.1 0.9 0.1 0.9 0.2 0.8 0.1 0.9 0.8 0.2 0.2 0.8 0.5 0.5 0.8 0.2 0.8 0.2 0.2 0.8 0.1 0.9 0.2 0.8 0.5 0.5 0.5 0.5 0.2 0.8 0.1 0.9 0.8 0.2 0.8 0.2 0.8 0.2 0.8 0.2 0.8 0.2 0.8 0.2 0.8 0.2 0.7 0.3 0.5 0.5 0.5 0.5 0.3 0.7 0.1 0.9 0.1 0.9 0.9 0.1 0.8 0.2 0.8 0.2 0.9 0.1 0.8 0.2 0.7 0.3 0.6 0.4 0.8 0.2 0.6 0.4 0.5 0.5 0.5 0.5 0.2 0.8 0.8 0.2 0.8 0.2 0.6 0.4 0.5 0.5 0.8 0.2 0.6 0.4 0.5 0.5 0.5 0.5 0.5 0.5 0.5 0.5 0.5 0.5 0.2 0.8 0.3 0.7 0.6 0.4 0.3 0.7 0.5 0.5 0.6 0.4 0.2 0.8 0.2 0.8 0.1 0.9 0.3 0.7 0.6 0.4 0.2 0.8 0.5 0.5 0.5 0.5 0.5 0.5 0.5 0.5 0.6 0.4 0.5 0.5 0.5 0.5 0.5 0.5 0.4 0.6 0.9 0.1 0.9 0.1 0.5 0.5 0.9 0.1 0.9 0.1 0.9 0.1 0.5 0.5 0.4 0.6 0.4 0.6 0.4 0.6 0.4 0.6 0.7 0.3 0.5 0.5 0.5 0.5 0.5 0.5 0.9 0.1 0.5 0.5 0.4 0.6 0.9 0.1 0.9 0.1 0.4 0.6 0.4 0.6 0.5 0.5 0.7 0.3 0.5 0.5 0.5 0.5 0.2 0.8 0.1 0.9 0.2 0.8 0.2 0.8 0.1 0.9 0.4 0.6 0.2 0.8 0.2 0.8 0.2 0.8 0.1 0.9 0.8 0.2 0.8 0.2 0.8 0.2 0.9 0.1 0.4 0.6 0.2 0.8 0.2 0.8 0.2 0.8 0.2 0.8 0.2 0.8 0.2 0.8 0.2 0.8 0.2 0.8 0.3 0.7 0.3 0.7 0.3 0.7 0.3 0.7 0.3 0.7 0.3 0.7 0.5 0.5 0.5 0.5 0.5 0.5 0.5 0.5 0.5 0.5 0.5 0.5 0.6 0.4 0.6 0.4 0.8 0.2 0.8 0.2 0.8 0.2 0.8 0.2 0.9 0.1 0.9 0.1 0.2 0.8 0.2 0.8 0.8 0.2 0.6 0.4 0.2 0.8 0.2 0.8 0.5 0.5 0.5 0.5 0.5 0.5 0.5 0.5 0.7 0.3 0.7 0.3 0.7 0.3 0.7 0.3 0.7 0.3 0.8 0.2 0.8 0.2 0.8 0.2 0.8 0.2 0.3 0.7 0.3 0.7 0.3 0.7 0.3 0.7 0.5 0.5 0.5 0.5 0.5 0.5 0.5 0.5 0.8 0.2 0.8 0.2 0.5 0.5 0.3 0.7 0.5 0.5 0.2 0.8 0.5 0.5 0.3 0.7 0.5 0.5 0.2 0.8 0.2 0.8 0.2 0.8 0.1 0.9 0.6 0.4 0.6 0.4 0.5 0.5 0.6 0.4 0.9 0.1 0.9 0.1 0.8 0.2 0.3 0.7 0.3 0.7 0.3 0.7 0.2 0.8 0.8 0.2 0.2 0.8 0.9 0.1 0.8 0.2 0.8 0.2 0.8 0.2 0.4 0.6 0.4 0.6 0.2 0.8 0.4 0.6 0.8 0.2 0.8 0.2 0.9 0.1 0.1 0.9 0.1 0.9 0.2 0.8 0.2 0.8 0.2 0.8 0.2 0.8 0.2 0.8 0.1 0.9 0.3 0.7 0.3 0.7 0.3 0.7 0.3 0.7 0.3 0.7 0.3 0.7 0.8 0.2 0.8 0.2 0.9 0.1 0.8 0.2 0.8 0.2 0.9 0.1 0.3 0.7 0.8 0.2 0.4 0.6 0.9 0.1 0.1 0.9 0.1 0.9 0.1 0.9 0.1 0.9 0.1 0.9 0.1 0.9 0.1 0.9 0.1 0.9 0.1 0.9 0.1 0.9 0.1 0.9 0.1 0.9 0.8 0.2 0.8 0.2 0.1 0.9 0.8 0.2 0.6 0.4 0.6 0.4 0.6 0.4 0.5 0.5 0.5 0.5 0.5 0.5 0.5 0.5 0.5 0.5 0.5 0.5 0.2 0.8 0.2 0.8 0.1 0.9 0.2 0.8 0.2 0.8 0.2 0.8 0.2 0.8 0.2 0.8 0.3 0.7 0.3 0.7 0.1 0.9 0.5 0.5 0.1 0.9 0.5 0.5 0.5 0.5 0.5 0.5 0.5 0.5 0.5 0.5 0.4 0.6 0.4 0.6 0.1 0.9 0.3 0.7 0.3 0.7 0.3 0.7 0.4 0.6 0.2 0.8 0.2 0.8 0.2 0.8 0.2 0.8 0.5 0.5 0.6 0.4 0.6 0.4 0.7 0.3 0.7 0.3 0.8 0.2 0.8 0.2 0.9 0.1 0.9 0.1 0.8 0.2 0.7 0.3 0.8 0.2 0.6 0.4 0.6 0.4 0.5 0.5 0.5 0.5 0.3 0.7 0.2 0.8 0.2 0.8 0.2 0.8 0.2 0.8 0.2 0.8 0.2 0.8 0.2 0.8 0.2 0.8 0.2 0.8 0.2 0.8 0.2 0.8 0.2 0.8 0.2 0.8 0.2 0.8 0.2 0.8 0.2 0.8 0.2 0.8 0.2 0.8 0.2 0.8 0.2 0.8 0.2 0.8 0.2 0.8 0.2 0.8 0.2 0.8 0.2 0.8 0.2 0.8 0.2 0.8 0.2 0.8 0.2 0.8 0.2 0.8 0.2 0.8 0.2 0.8 0.2 0.8 0.2 0.8 0.2 0.8 0.2 0.8 0.2 0.8 0.2 0.8 0.2 0.8 0.2 0.8 0.2 0.8 0.2 0.8 0.2 0.8 0.2 0.8 0.2 0.8 0.2 0.8 0.2 0.8 0.2 0.8 0.2 0.8 0.2 0.8 0.5 0.5 0.5 0.5 0.5 0.5 0.6 0.4 0.4 0.6 0.4 0.6 0.4 0.6 0.2 0.8 0.2 0.8 0.3 0.7 0.1 0.9 0.1 0.9 0.2 0.8 0.3 0.7 0.1 0.9 0.1 0.9 0.1 0.9 0.2 0.8 0.5 0.5 0.6 0.4 0.2 0.8 0.3 0.7 0.1 0.9 0.2 0.8 0.3 0.7 0.3 0.7 0.1 0.9 0.3 0.7 0.1 0.9 0.3 0.7 0.5 0.5 0.8 0.2 0.8 0.2 0.9 0.1 0.9 0.1 0.9 0.1 0.9 0.1 0.9 0.1 0.9 0.1 0.9 0.1 0.5 0.5 0.5 0.5 0.7 0.3 0.5 0.5 0.2 0.8 0.1 0.9 0.2 0.8 0.2 0.8 0.1 0.9 0.2 0.8 0.2 0.8 0.2 0.8 0.2 0.8 0.2 0.8 0.2 0.8 0.2 0.8 0.2 0.8 0.2 0.8 0.2 0.8 0.2 0.8 0.2 0.8 0.2 0.8 0.5 0.5 0.5 0.5 0.5 0.5 0.5 0.5 0.5 0.5 0.5 0.5 0.5 0.5 0.4 0.6 0.4 0.6 0.4 0.6 0.2 0.8 0.3 0.7 0.4 0.6 0.2 0.8 0.2 0.8 0.2 0.8 0.3 0.7 0.8 0.2 0.8 0.2 0.8 0.2 0.3 0.7 0.3 0.7 0.8 0.2 0.7 0.3 0.7 0.3 0.7 0.3 0.7 0.3 0.5 0.5 0.5 0.5 0.8 0.2 0.3 0.7 0.8 0.2 0.7 0.3 0.8 0.2 0.7 0.3 0.3 0.7 0.3 0.7 0.7 0.3 0.7 0.3 0.7 0.3 0.7 0.3 0.7 0.3 0.7 0.3 0.7 0.3 0.7 0.3 0.7 0.3 0.8 0.2 0.7 0.3 0.7 0.3 0.7 0.3 0.7 0.3 0.7 0.3 0.8 0.2 0.3 0.7 0.3 0.7 0.5 0.5 0.8 0.2 0.5 0.5 0.5 0.5 0.5 0.5 0.5 0.5 0.5 0.5 0.5 0.5 0.5 0.5 0.8 0.2 0.9 0.1 0.8 0.2 0.7 0.3 0.7 0.3 0.7 0.3 0.8 0.2 0.8 0.2 0.6 0.4 0.6 0.4 0.6 0.4 0.6 0.4 0.5 0.5 0.5 0.5 0.5 0.5 0.5 0.5 0.5 0.5 0.3 0.7 0.3 0.7 0.1 0.9 0.1 0.9 0.4 0.6 0.4 0.6 0.2 0.8 0.2 0.8 0.4 0.6 0.7 0.3 0.2 0.8 0.2 0.8 0.7 0.3 0.2 0.8 0.1 0.9 0.3 0.7 0.3 0.7 0.3 0.7 0.5 0.5 0.5 0.5 0.8 0.2 0.6 0.4 0.3 0.7 0.5 0.5 0.8 0.2 0.5 0.5 0.3 0.7 0.5 0.5 0.3 0.7 0.8 0.2 0.5 0.5 0.8 0.2 0.2 0.8 0.7 0.3 0.2 0.8 0.7 0.3 0.3 0.7 0.2 0.8 0.8 0.2 0.7 0.3 0.9 0.1 0.2 0.8 0.5 0.5 0.8 0.2 0.8 0.2 0.2 0.8 0.7 0.3 0.2 0.8 0.5 0.5 0.5 0.5 0.7 0.3 0.7 0.3 0.9 0.1 0.9 0.1 0.9 0.1 0.9 0.1 0.1 0.9 0.2 0.8 0.1 0.9 0.2 0.8 0.2 0.8 0.8 0.2 0.8 0.2 0.9 0.1 0.9 0.1 0.8 0.2 0.7 0.3 0.6 0.4 0.6 0.4 0.5 0.5 0.5 0.5 0.2 0.8 0.8 0.2 0.1 0.9 0.2 0.8 0.1 0.9 0.2 0.8 0.2 0.8 0.2 0.8 0.2 0.8 0.2 0.8 0.2 0.8 0.1 0.9 0.1 0.9 0.1 0.9 0.8 0.2 0.8 0.2 0.5 0.5 0.5 0.5 0.5 0.5 0.5 0.5 0.7 0.3 0.7 0.3 0.6 0.4 0.3 0.7 0.5 0.5 0.7 0.3 0.7 0.3 0.6 0.4 0.8 0.2 0.7 0.3 0.7 0.3 0.7 0.3 0.5 0.5 0.5 0.5 0.5 0.5 0.5 0.5 0.5 0.5 0.5 0.5 0.1 0.9 0.2 0.8 0.2 0.8 0.2 0.8 0.1 0.9 0.2 0.8 0.2 0.8 0.2 0.8 0.5 0.5 0.6 0.4 0.6 0.4 0.6 0.4 0.6 0.4 0.6 0.4 0.6 0.4 0.5 0.5 0.5 0.5 0.5 0.5 0.5 0.5 0.7 0.3 0.6 0.4 0.8 0.2 0.2 0.8 0.7 0.3 0.7 0.3 0.5 0.5 0.3 0.7 0.1 0.9 0.1 0.9 0.8 0.2 0.9 0.1 0.9 0.1 0.8 0.2 0.4 0.6 0.2 0.8 0.5 0.5 0.5 0.5 0.5 0.5 0.5 0.5 0.5 0.5 0.5 0.5 0.4 0.6 0.4 0.6 0.3 0.7 0.3 0.7 0.4 0.6 0.3 0.7 0.5 0.5 0.2 0.8 0.2 0.8 0.4 0.6 0.5 0.5 0.5 0.5 0.5 0.5 0.5 0.5 0.5 0.5 0.5 0.5 0.5 0.5 0.2 0.8 0.2 0.8 0.3 0.7 0.2 0.8 0.2 0.8 0.3 0.7 0.2 0.8 0.3 0.7 0.2 0.8 0.4 0.6 0.4 0.6 0.2 0.8 0.2 0.8 0.2 0.8 0.2 0.8 0.2 0.8 0.2 0.8 0.2 0.8 0.2 0.8 0.2 0.8 0.2 0.8 0.2 0.8 0.5 0.5 0.5 0.5 0.5 0.5 0.5 0.5 0.5 0.5 0.5 0.5 0.5 0.5 0.5 0.5 0.5 0.5 0.5 0.5 0.5 0.5 0.5 0.5 0.5 0.5 0.5 0.5 0.5 0.5 0.5 0.5 0.5 0.5 0.5 0.5 0.5 0.5 0.5 0.5 0.2 0.8 0.2 0.8 0.2 0.8 0.3 0.7 0.3 0.7 0.3 0.7 0.3 0.7 0.3 0.7 0.3 0.7 0.5 0.5 0.5 0.5 0.5 0.5 0.5 0.5 0.5 0.5 0.5 0.5 0.6 0.4 0.6 0.4 0.8 0.2 0.8 0.2 0.8 0.2 0.8 0.2 0.9 0.1 0.9 0.1 0.7 0.3 0.7 0.3 0.9 0.1 0.8 0.2 0.8 0.2 0.7 0.3 0.7 0.3 0.7 0.3 0.5 0.5 0.5 0.5 0.5 0.5 0.5 0.5 0.5 0.5 0.5 0.5 0.7 0.3 0.7 0.3 0.7 0.3 0.7 0.3 0.7 0.3 0.7 0.3 0.7 0.3 0.8 0.2 0.8 0.2 0.3 0.7 0.3 0.7 0.3 0.7 0.3 0.7 0.5 0.5 0.5 0.5 0.5 0.5 0.5 0.5 0.8 0.2 0.8 0.2</float_array>
          <technique_common>
            <accessor source="#Controller-weights-array" count="3679" stride="1">
              <param name="WEIGHT" type="float"/>
            </accessor>
          </technique_common>
        </source>
        <joints>
          <input semantic="JOINT" source="#Controller-joints"/>
          <input semantic="INV_BIND_MATRIX" source="#Controller-bind_poses"/>
        </joints>
        <vertex_weights count="3041">
          <input semantic="JOINT" source="#Controller-joints" offset="0"/>
          <input semantic="WEIGHT" source="#Controller-weights" offset="1"/>
          <vcount>1 2 2 1 1 1 1 1 1 1 2 1 1 1 1 2 1 1 1 1 2 1 2 1 2 1 1 1 2 1 1 1 1 2 1 2 1 1 2 1 1 1 1 2 1 1 1 1 1 1 1 1 1 1 1 2 1 1 1 2 1 2 1 1 1 1 1 1 1 2 1 1 1 1 2 1 2 1 1 1 1 1 1 1 1 1 1 1 1 1 1 1 1 1 1 1 1 1 1 1 1 1 1 1 1 1 1 1 1 1 1 1 1 1 1 1 1 1 1 1 1 1 1 1 1 1 1 1 1 1 1 1 1 1 2 2 1 2 1 1 1 1 1 1 1 1 1 1 1 2 1 1 1 1 1 1 1 1 1 1 1 1 1 1 1 1 1 1 2 1 2 1 1 1 1 1 2 1 2 1 1 1 1 1 1 1 1 1 1 1 1 1 2 2 1 1 1 1 1 1 1 1 1 1 1 1 1 1 1 1 1 1 1 1 1 1 1 1 1 1 1 1 1 1 1 2 2 2 1 1 2 1 1 1 1 1 1 1 1 2 1 1 1 2 2 1 1 2 1 1 1 1 1 1 1 1 1 1 1 1 1 2 2 1 1 2 1 1 2 1 1 1 1 1 1 1 1 1 1 1 1 2 2 1 2 1 2 2 1 2 2 1 2 2 1 2 1 1 1 1 1 1 1 1 1 2 1 1 1 1 1 1 1 2 2 1 2 2 1 1 1 1 1 1 1 1 1 1 1 1 1 1 1 1 1 1 1 1 1 1 1 1 1 1 1 1 1 1 1 1 1 1 1 1 1 1 1 1 1 1 1 1 1 1 1 1 1 1 1 1 1 1 1 2 2 1 2 1 1 1 1 1 1 2 2 1 1 2 1 2 1 1 1 1 2 1 2 1 2 1 1 1 1 1 2 1 1 1 1 1 1 1 1 1 1 1 1 2 1 2 2 2 1 1 1 1 1 1 1 1 1 1 1 2 2 2 1 2 1 1 1 1 1 2 1 1 1 2 1 1 2 1 2 1 1 1 1 1 2 2 1 1 2 2 1 1 2 1 1 1 1 1 1 1 1 1 1 1 1 1 2 2 1 1 1 1 1 1 1 1 1 1 2 2 1 2 1 1 1 2 2 2 1 1 1 1 1 1 1 1 1 1 1 1 1 1 1 1 1 1 1 2 2 1 2 2 1 2 2 1 1 1 1 1 1 1 1 1 1 1 1 1 1 1 1 1 1 1 1 1 1 1 1 1 1 1 1 1 1 1 1 1 1 1 1 1 1 1 1 1 1 1 1 1 1 1 1 1 1 2 1 1 1 1 1 1 1 1 1 1 1 1 1 1 1 1 1 1 1 1 1 1 1 1 1 1 1 1 1 1 1 1 1 1 1 2 2 1 1 2 1 1 2 1 1 1 1 1 1 1 1 1 1 1 1 1 1 1 1 1 1 1 1 1 1 1 1 1 1 1 1 1 1 1 1 1 1 1 1 1 1 1 1 1 1 1 1 1 1 1 1 1 1 1 1 1 1 2 1 1 1 1 1 1 1 1 1 1 1 1 1 1 1 1 1 2 2 2 2 1 1 1 1 1 1 1 1 1 1 1 1 1 1 1 1 1 1 1 1 1 1 1 1 1 1 1 1 1 1 1 1 1 1 1 1 1 1 1 1 1 1 1 1 1 1 1 1 1 1 1 1 1 1 1 1 1 1 1 1 1 1 1 1 1 1 1 1 1 1 1 1 1 1 1 1 1 1 1 1 1 1 1 1 1 1 1 1 1 1 1 1 1 1 1 1 1 1 1 1 1 1 1 1 1 1 1 1 1 1 1 1 1 1 1 1 1 1 1 1 1 1 1 1 1 1 1 1 1 1 1 1 1 2 2 1 1 1 1 1 1 2 2 1 1 2 2 1 1 1 1 1 1 1 1 1 1 1 1 1 1 2 1 2 1 1 1 1 1 1 1 1 1 1 2 1 2 1 1 1 1 1 1 1 1 1 1 1 1 1 1 1 1 1 1 1 1 1 1 1 1 1 1 1 1 1 1 1 1 1 1 1 1 1 1 1 1 1 1 1 2 2 1 1 1 2 2 1 1 1 1 1 1 1 1 1 1 1 1 2 2 1 1 2 1 1 1 1 1 1 1 1 1 1 1 1 1 1 2 2 1 1 2 2 1 1 2 2 1 1 1 1 1 1 1 1 1 2 2 2 1 1 1 1 1 1 1 1 1 1 1 1 1 1 1 1 1 1 1 1 1 1 1 1 1 1 1 1 1 1 1 1 1 1 1 1 1 1 1 1 1 1 1 1 1 1 1 1 1 1 1 1 1 1 1 2 1 2 2 1 1 1 1 1 1 1 1 2 1 2 1 1 1 1 2 2 1 1 1 1 1 2 1 1 2 1 1 2 1 2 2 2 1 2 2 1 1 2 1 1 1 1 1 2 2 1 2 1 1 1 1 1 2 1 2 2 1 1 2 1 2 2 1 1 2 1 2 2 2 1 1 1 1 1 1 1 1 1 2 1 2 1 2 1 1 2 2 1 1 1 1 1 1 1 1 1 1 1 1 1 1 1 1 1 1 1 1 1 1 1 1 1 1 1 1 1 1 1 1 1 1 1 1 1 1 1 1 1 1 1 1 1 1 1 1 1 1 1 1 1 1 1 1 2 2 1 2 1 2 1 1 1 1 1 2 2 1 1 1 1 1 1 1 1 1 1 1 2 2 1 2 1 2 2 2 1 1 1 1 1 1 1 1 1 1 1 1 1 1 1 1 1 1 1 1 1 1 1 1 1 1 1 1 1 1 1 1 1 1 1 1 1 1 1 1 1 1 1 1 1 1 1 1 1 1 1 1 1 1 1 1 1 1 1 1 1 1 1 1 1 1 1 1 1 1 1 1 1 1 1 1 1 1 1 1 1 1 1 1 1 1 1 1 1 1 1 1 1 1 1 1 1 1 1 1 1 1 1 1 1 1 1 1 1 1 1 1 1 1 1 1 1 1 1 1 1 1 1 1 1 1 1 2 2 2 1 1 1 1 1 1 1 1 1 1 1 1 1 1 1 1 1 1 2 2 2 2 2 2 2 2 2 2 2 2 2 2 2 2 2 2 2 2 2 2 2 2 2 2 2 2 2 2 2 2 2 2 2 2 2 2 2 2 2 2 2 2 2 2 2 2 2 2 2 2 2 2 2 2 2 2 2 2 2 2 2 2 2 2 2 2 2 2 2 2 2 2 2 2 2 2 2 2 2 2 2 2 2 2 2 2 2 2 2 2 2 2 2 2 2 2 2 2 2 2 2 2 2 2 2 2 2 2 2 2 2 2 2 2 2 2 2 2 2 2 2 2 2 2 2 2 2 2 2 2 2 2 2 2 2 2 2 2 2 2 2 2 2 2 2 2 2 2 2 2 2 2 2 2 2 2 2 2 2 2 2 2 2 2 2 2 2 2 2 2 2 2 2 2 2 2 2 2 2 2 2 2 2 2 2 2 2 2 2 2 2 2 2 2 2 2 2 2 2 2 2 2 2 2 2 2 2 2 2 2 2 2 2 2 2 2 2 2 2 2 2 2 2 2 2 2 2 2 2 2 2 2 2 2 2 2 2 2 2 2 2 2 2 2 2 2 2 2 2 2 2 2 2 2 2 2 2 2 2 2 2 2 2 2 2 2 2 2 2 2 2 2 2 2 2 2 2 2 2 2 2 1 2 2 2 2 2 2 2 2 2 2 2 2 2 2 2 2 2 2 2 2 2 2 2 2 2 2 2 2 2 2 2 2 2 2 2 2 2 2 2 2 2 2 2 2 2 2 2 2 2 2 2 2 2 2 2 2 1 2 2 2 2 2 2 2 2 2 2 2 2 2 2 2 2 2 2 2 2 2 2 2 2 2 2 2 2 2 2 2 2 2 2 2 2 2 2 2 2 2 2 2 2 2 2 2 2 2 2 2 2 2 2 2 2 2 2 2 2 2 2 2 2 2 2 2 2 2 2 2 2 2 2 2 2 2 2 2 2 2 2 2 2 2 2 2 2 2 2 2 2 2 2 2 2 2 2 2 2 2 2 2 2 2 2 2 2 2 2 2 2 2 2 2 2 2 2 2 2 2 2 2 2 2 2 2 2 2 2 2 2 2 2 2 2 2 2 2 2 2 2 2 2 2 2 2 2 2 2 2 2 2 2 2 2 2 2 2 2 2 2 2 2 2 2 2 2 2 2 2 2 2 2 2 2 2 2 2 2 2 2 2 2 2 2 2 2 2 2 2 2 2 2 2 2 2 2 2 2 2 2 2 2 2 2 2 2 2 2 2 2 2 2 2 2 2 2 2 2 2 2 2 2 2 2 2 2 2 2 2 2 2 2 2 2 2 2 2 2 2 2 2 2 2 2 2 2 2 2 2 2 2 2 2 2 2 2 2 2 2 2 2 2 2 2 2 2 2 2 2 2 2 2 2 2 2 2 2 2 2 2 2 2 2 2 2 2 2 2 2 2 2 2 1 2 2 2 2 2 2 2 2 2 2 1 2 2 2 2 2 2 2 2 2 2 2 2 2 2 2 2 2 2 2 2 2 2 2 2 2 2 2 2 2 2 2 2 2 2 2 2 2 2 2 2 2 2 2 2 2 2 2 2 2 2 2 2 2 2 2 2 2 2 2 2 2 2 2 2 2 2 2 2 2 2 2 2 2 2 2 2 2 2 2 2 2 2 2 2 2 2 2 2 2 2 2 2 2 2 2 2 2 2 2 2 2 2 2 2 2 2 2 2 2 2 2 2 2 2 2 2 2 2 2 2 2 2 2 2 2 2 2 2 2 2 2 2 2 2 2 2 2 2 2 2 2 2 2 2 2 2 2 2 2 2 2 2 2 2 2 2 2 2 2 2 2 2 2 2 2 2 2 2 2 1 2 2 2 2 2 2 2 2 2 2 2 2 2 2 2 2 2 2 2 2 2 2 2 2 2 2 2 2 2 2 2 2 2 2 2 1 2 2 2 2 2 2 2 2 2 2 2 2 2 2 2 2 2 2 2 2 2 2 2 2 2 2 2 2 2 2 2 2 2 2 2 2 2 2 2 2 2 2 2 2 2 2 2 2 2 2 2 2 2 2 2 2 2 2 2 2 1 2 2 2 2 2 2 2 2 2 2 2 1 2 2 2 2 2 2 2 2 2 2 2 2 2 2 2 2 2 2 2 2 2 2 2 2 2 2 1 2 2 2 2 2 2 2 2 2 2 2 2 2 2 2 2 2 2 2 2 2 2 2 2 1 2 2 2 2 2 2 2 2 2 2 2 2 2 2 2 2 2 2 2 2 2 2 2 2 2 2 2 2 2 2 2 2 2 2 2 2 2 2 2 2 2 1 2 2 2 2 2 2 2 2 2 2 2 2 2 2 2 2 2 2 2 2 2 2 2 2 2 2 2 2 2 2 2 2 2 2 2 2 2 2 2 2 2 2 2 2 2 2 2 2 2 2 2 2 2 2 2 2 2 2 2 2 2 2 2 2 2 2 2 2 2 2 2 1 2 2 2 2 2 2 2 2 2 2 2 2 2 2 2 2 2 2 2 2 2 2 2 2 2 2 1 2 2 2 2 2 2 2 2 2 2 2 2 2 2 2 2 2 2 2 2 2 2 2 2 2 2 2 2 2 2 2 2 2 2 2 2 2 2 2 2 2 2 2 2 2 2 2 2 2 2 2 2 2 2 2 2 2 2 2 2 2 2 2 2 2 2 2 2 2 2 2 2 2 2 2 2 2 2 2 2 2 2 2 2 2 2 2 2 2 2 2 2 2 2 2 2 2 2 2 2 2 2 2 2 2 2 2 2 2 2 2 2 2 2 2 2 2 2 2 2 2 2 2 2 2 2 2 2 2 2 2 2 2 2 2 2 2 2 2 2 2 2 2 2 2 2 2 2 2 2 2 2 2 2 2 2 2 2 2 2 2 2 2 2 2 2 2 2 2 2 2 2 2 2 2 2 2 2 2 2 2 2 2 2 2 2 2 2 2 2 2 2 2 2 2 2 2 2 2 2 2 2 2 2 2 2 2 2 2 2 2 2 2 2 2 2 2 2 2 2 2 2 2 2 2 2 2 2 2 2 2 2 2 2 2 2 2 2 2 2 2 2 2 2 2 2 2 2 2 1 2 2 2 2 2 2 1 2 2 2 2 2 2 2 2 1 2 2 2 2 2 2 2 2 2 2 2 2 2 2 2 2 2 2 2 2 2 2 2 2 2 2 2 2 2 2 2 2 2 2 2 2 2 2 2 2 2 2 2 2 2 2 2 2 2 2 2 2 2 2 2 2 2 2 2 2 2 2 2 2 2 2 2 2 2 2 2 2 2 2 2 2 2 2 2 2 2 2 2 2 2 2 2 2 2 2 2 2 2 2 2 2 1 2 2 2 2 2 2 2 2 2 2 2 2 2 2 2 2 2 2 2 2 2 2 2 2 2 2 2 2 2 2 2 2 2 2 2 2 1 2 2 2 2 2 2 2 2 2 2 2 2 2 2 2 2 2 2 2 2 2 2 2 2 2 2 2 2 2 2 2 2 2 2 2 2 2 2 2 2 2 2 2 2 2 2 2 2 2 2 2 2 2 2 2 2 2 2 2 2 2 2 2 2 2 2 2 2 2 2 2 2 2 2 2 2 2 2 2 2 2 2 2 2 2 2 2 2 2 2 2 2 2 2 2 2 2 2 2 2 2 2 2 2 2 2 2 2 2 2 2 2 2 2 2 2 2 2 2 2 2 2 2 2 2 2 2 2 1 1 2 2 2 2 2 2 2 2 2 1 1 2 2 2 2 2 2 2 2 2 2 2 2 2 2 2 2 2 2 2 </vcount>
          <v>8 0 18 1 8 2 18 3 8 4 8 0 8 0 8 0 8 0 8 0 8 0 8 0 18 5 8 6 8 0 8 0 8 0 8 0 18 7 8 8 8 0 8 0 8 0 8 0 18 9 8 10 8 0 18 11 8 12 8 0 18 13 8 14 8 0 8 0 8 0 18 15 8 16 8 0 8 0 8 0 8 0 15 17 8 18 8 0 15 19 8 20 8 0 8 0 15 21 8 22 8 0 8 0 8 0 8 0 15 23 8 24 8 0 8 0 8 0 8 0 8 0 8 0 8 0 8 0 8 0 8 0 8 0 15 25 8 26 15 0 15 0 15 0 16 27 15 28 15 0 15 29 8 30 15 0 15 0 15 0 15 0 15 0 15 0 15 0 16 31 15 32 15 0 15 0 15 0 15 0 16 33 15 34 15 0 15 35 8 36 15 0 15 0 15 0 15 0 15 0 15 0 15 0 15 0 15 0 15 0 15 0 15 0 15 0 15 0 15 0 15 0 15 0 15 0 15 0 15 0 15 0 15 0 15 0 15 0 15 0 15 0 15 0 15 0 15 0 15 0 15 0 15 0 15 0 15 0 15 0 15 0 15 0 15 0 15 0 15 0 15 0 15 0 15 0 15 0 15 0 15 0 15 0 15 0 15 0 15 0 15 0 15 0 15 0 15 0 15 0 15 0 15 0 15 37 8 38 15 39 8 40 15 0 15 41 8 42 15 0 15 0 15 0 15 0 15 0 15 0 15 0 15 0 15 0 15 0 15 0 15 43 8 44 15 0 15 0 15 0 15 0 15 0 15 0 15 0 15 0 15 0 15 0 15 0 15 0 15 0 15 0 15 0 15 0 15 0 15 0 15 45 8 46 15 0 15 47 8 48 15 0 15 0 15 0 15 0 15 0 15 49 8 50 15 0 15 51 8 52 15 0 15 0 15 0 15 0 15 0 15 0 15 0 15 0 15 0 15 0 15 0 15 0 15 0 15 53 8 54 15 55 8 56 15 0 15 0 15 0 15 0 15 0 15 0 15 0 15 0 15 0 15 0 15 0 15 0 15 0 15 0 15 0 15 0 15 0 15 0 15 0 15 0 15 0 15 0 15 0 15 0 15 0 15 0 15 0 15 0 15 0 15 0 15 0 15 57 8 58 15 59 8 60 15 61 8 62 15 0 15 0 15 63 8 64 15 0 15 0 15 0 15 0 15 0 15 0 15 0 15 0 15 65 8 66 15 0 15 0 8 0 15 67 8 68 15 69 8 70 8 0 8 0 15 71 8 72 8 0 15 0 15 0 15 0 15 0 15 0 15 0 15 0 15 0 15 0 15 0 15 0 15 0 15 73 8 74 15 75 8 76 15 0 15 0 15 77 8 78 15 0 15 0 15 79 8 80 15 0 15 0 15 0 15 0 15 0 15 0 15 0 15 0 15 0 15 0 15 0 8 0 15 81 8 82 15 83 8 84 8 0 15 85 8 86 15 0 15 87 8 88 15 89 8 90 15 0 15 91 8 92 15 93 8 94 8 0 18 95 8 96 18 97 8 98 8 0 18 99 8 100 8 0 8 0 8 0 8 0 8 0 8 0 8 0 8 0 8 0 18 101 8 102 8 0 8 0 8 0 8 0 8 0 8 0 8 0 18 103 8 104 18 105 8 106 8 0 18 107 8 108 15 109 8 110 8 0 8 0 8 0 8 0 8 0 8 0 8 0 8 0 8 0 8 0 8 0 8 0 8 0 8 0 8 0 8 0 8 0 8 0 8 0 8 0 8 0 8 0 8 0 8 0 8 0 8 0 8 0 8 0 8 0 8 0 8 0 8 0 8 0 8 0 8 0 8 0 8 0 8 0 8 0 8 0 8 0 8 0 8 0 8 0 8 0 8 0 8 0 8 0 8 0 8 0 8 0 8 0 8 0 8 0 32 0 32 111 31 112 32 113 31 114 32 0 32 115 31 116 32 0 32 0 32 0 32 0 32 0 29 0 30 117 29 118 30 119 29 120 29 0 8 0 18 121 8 122 8 0 18 123 8 124 8 0 8 0 8 0 8 0 15 125 8 126 8 0 15 127 8 128 8 0 15 129 8 130 8 0 8 0 8 0 8 0 8 0 18 131 8 132 8 0 8 0 8 0 29 0 29 0 29 0 29 0 29 0 29 0 29 0 29 0 29 0 29 133 24 134 29 0 29 135 24 136 29 137 24 138 29 139 24 140 29 0 29 0 29 0 29 0 29 0 29 0 29 0 29 0 29 0 29 0 29 0 29 141 24 142 29 143 24 144 29 145 24 146 29 0 29 147 24 148 29 0 29 0 29 0 29 0 29 0 29 149 24 150 29 0 29 0 29 0 29 151 24 152 29 0 32 0 32 153 31 154 32 0 32 155 31 156 32 0 32 0 32 0 32 0 32 0 32 157 31 158 32 159 31 160 29 0 29 0 30 161 29 162 30 163 29 164 29 0 29 0 30 165 29 166 29 0 16 0 16 0 16 0 16 0 16 0 16 0 16 0 16 0 16 0 16 0 16 0 16 0 16 167 8 168 16 169 8 170 16 0 16 0 16 0 16 0 16 0 16 0 16 0 16 0 16 0 16 0 16 171 8 172 16 173 15 174 15 0 15 175 8 176 15 0 15 0 16 0 16 177 8 178 16 179 8 180 16 181 8 182 16 0 16 0 16 0 16 0 16 0 16 0 16 0 16 0 16 0 16 0 16 0 16 0 16 0 16 0 16 0 16 0 16 0 16 0 16 0 16 183 15 184 16 185 8 186 15 0 15 187 8 188 15 189 8 190 15 0 16 191 15 192 16 193 15 194 15 0 16 0 16 0 16 0 16 0 16 0 16 0 16 0 16 0 16 0 16 0 16 0 16 0 16 0 16 0 16 0 16 0 16 0 16 0 16 0 16 0 16 0 16 0 16 0 16 0 16 0 16 0 16 0 16 0 16 0 16 0 16 0 16 0 16 0 16 0 16 0 16 0 16 0 16 0 16 0 16 0 16 0 16 0 16 0 16 0 16 0 16 0 16 0 16 0 16 0 16 195 15 196 16 0 16 0 16 0 16 0 16 0 16 0 16 0 16 0 16 0 16 0 16 0 16 0 16 0 16 0 16 0 16 0 16 0 16 0 16 0 16 0 16 0 16 0 16 0 16 0 16 0 16 0 16 0 16 0 16 0 16 0 16 0 16 0 16 0 16 0 15 0 15 197 8 198 15 199 8 200 15 0 15 0 15 201 8 202 15 0 15 0 15 203 8 204 15 0 15 0 15 0 15 0 15 0 15 0 15 0 15 0 15 0 15 0 15 0 15 0 15 0 15 0 15 0 15 0 15 0 15 0 16 0 16 0 16 0 16 0 16 0 16 0 16 0 16 0 16 0 16 0 16 0 16 0 16 0 16 0 16 0 16 0 16 0 16 0 16 0 16 0 16 0 16 0 16 0 16 0 16 0 16 0 16 0 16 0 16 0 16 0 16 0 16 0 16 0 16 0 16 0 8 0 18 205 8 206 8 0 16 0 16 0 15 0 15 0 15 0 15 0 15 0 15 0 15 0 15 0 15 0 15 0 15 0 15 0 15 0 15 0 15 207 8 208 15 209 8 210 15 211 8 212 15 213 8 214 15 0 15 0 15 0 15 0 15 0 15 0 15 0 15 0 15 0 15 0 15 0 15 0 15 0 15 0 15 0 15 0 15 0 15 0 15 0 15 0 15 0 15 0 15 0 15 0 15 0 15 0 15 0 15 0 15 0 15 0 15 0 15 0 15 0 15 0 15 0 15 0 15 0 15 0 15 0 15 0 15 0 15 0 15 0 15 0 15 0 15 0 15 0 15 0 15 0 15 0 15 0 15 0 15 0 15 0 15 0 15 0 15 0 15 0 15 0 15 0 15 0 15 0 15 0 15 0 15 0 15 0 15 0 15 0 15 0 15 0 15 0 15 0 15 0 15 0 15 0 15 0 15 0 15 0 15 0 15 0 15 0 15 0 15 0 15 0 15 0 15 0 15 0 15 0 15 0 15 0 15 0 15 0 15 0 15 0 15 0 15 0 15 0 15 0 15 0 15 0 15 0 15 0 15 0 15 0 15 0 15 0 15 0 15 0 15 0 15 0 15 0 15 0 15 0 15 0 15 0 15 0 15 0 15 0 15 0 15 0 15 0 15 0 15 0 15 0 15 0 15 0 15 0 15 0 15 0 15 0 15 0 15 0 15 0 15 215 8 216 15 217 8 218 15 0 15 0 15 0 8 0 8 0 20 0 20 219 19 220 20 221 19 222 20 0 26 0 26 223 25 224 26 225 25 226 26 0 32 0 32 0 32 0 32 0 32 0 32 0 32 0 32 0 32 0 32 0 15 0 15 0 15 0 15 227 8 228 15 0 16 229 15 230 15 0 15 0 15 0 15 0 15 0 15 0 15 0 15 0 15 0 15 0 16 231 15 232 15 0 16 233 15 234 15 0 15 0 15 0 15 0 15 0 15 0 15 0 15 0 15 0 15 0 15 0 15 0 15 0 15 0 15 0 15 0 15 0 15 0 15 0 15 0 15 0 15 0 15 0 15 0 15 0 15 0 15 0 15 0 15 0 15 0 15 0 15 0 15 0 15 0 15 0 15 0 15 0 15 0 15 0 15 0 15 0 15 0 8 0 15 235 8 236 15 237 8 238 8 0 8 0 8 0 15 239 8 240 15 241 8 242 15 0 15 0 15 0 15 0 15 0 15 0 15 0 15 0 15 0 15 0 15 0 15 0 15 243 8 244 15 245 8 246 15 0 15 0 15 247 8 248 15 0 15 0 15 0 15 0 15 0 15 0 15 0 15 0 15 0 15 0 15 0 15 0 15 0 8 0 15 249 8 250 15 251 8 252 8 0 15 0 15 253 8 254 15 255 8 256 15 0 8 0 18 257 8 258 18 259 8 260 8 0 8 0 8 0 8 0 8 0 8 0 8 0 8 0 8 0 18 261 8 262 18 263 8 264 18 265 8 266 8 0 8 0 8 0 8 0 8 0 8 0 8 0 8 0 8 0 8 0 8 0 8 0 8 0 8 0 8 0 8 0 8 0 8 0 8 0 8 0 8 0 8 0 8 0 8 0 8 0 8 0 8 0 8 0 8 0 8 0 8 0 8 0 8 0 8 0 8 0 8 0 8 0 8 0 8 0 8 0 8 0 8 0 8 0 8 0 8 0 8 0 8 0 8 0 8 0 8 0 8 0 8 0 8 0 8 0 8 0 18 267 8 268 8 0 15 269 8 270 15 271 8 272 8 0 8 0 8 0 8 0 8 0 8 0 8 0 8 0 18 273 8 274 8 0 18 275 8 276 8 0 8 0 8 0 8 0 18 277 8 278 18 279 8 280 8 0 8 0 8 0 8 0 8 0 18 281 8 282 8 0 8 0 18 283 8 284 8 0 8 0 18 285 8 286 8 0 18 287 8 288 18 289 8 290 18 291 8 292 35 0 35 293 34 294 35 295 34 296 35 0 35 0 35 297 34 298 35 0 35 0 35 0 35 0 35 0 35 299 34 300 35 301 34 302 35 0 35 303 34 304 35 0 35 0 35 0 35 0 35 0 35 305 34 306 29 0 33 307 29 308 33 309 29 310 29 0 29 0 33 311 29 312 29 0 33 313 29 314 33 315 29 316 29 0 29 0 33 317 29 318 22 0 22 319 21 320 22 321 21 322 22 323 21 324 22 0 16 0 16 0 16 0 16 0 16 0 16 0 16 0 15 0 15 325 8 326 15 0 15 327 8 328 15 0 15 329 8 330 15 0 15 0 15 331 8 332 15 333 8 334 15 0 15 0 15 0 15 0 15 0 15 0 15 0 15 0 15 0 15 0 15 0 15 0 15 0 15 0 15 0 15 0 15 0 15 0 16 0 16 0 16 0 16 0 16 0 16 0 16 0 16 0 16 0 16 0 16 0 16 0 16 0 16 0 16 0 16 0 16 0 16 0 16 0 16 0 16 0 16 0 16 0 16 0 16 0 16 0 16 0 16 0 16 0 16 0 16 0 16 0 16 0 16 0 16 0 8 0 8 0 8 0 15 335 8 336 15 337 8 338 8 0 15 339 8 340 8 0 15 341 8 342 8 0 8 0 8 0 8 0 8 0 15 343 8 344 15 345 8 346 8 0 8 0 8 0 8 0 8 0 8 0 8 0 8 0 8 0 8 0 8 0 16 347 8 348 16 349 8 350 16 0 16 351 8 352 28 0 28 353 27 354 28 355 27 356 28 357 27 358 15 0 15 0 15 0 15 0 15 0 15 0 15 0 15 0 15 0 15 0 15 0 15 0 15 0 15 0 15 0 15 0 15 0 15 0 15 0 15 0 15 0 15 0 15 0 15 0 15 0 15 0 15 0 15 0 15 0 15 0 15 0 15 0 15 0 15 0 15 0 15 0 15 0 15 0 15 0 15 0 15 0 15 0 15 0 15 0 15 0 15 0 15 0 15 0 15 0 15 0 15 0 15 0 15 0 15 0 15 0 15 0 15 0 15 0 15 0 15 0 15 0 15 0 15 0 15 0 15 0 15 0 15 0 15 0 15 0 15 0 15 0 15 0 15 0 15 0 15 0 15 0 15 0 15 0 15 0 15 0 15 0 15 0 15 0 15 0 15 0 15 0 15 0 15 0 15 0 15 0 15 0 15 0 15 0 15 0 15 0 15 0 15 0 15 0 15 0 15 0 15 0 15 0 15 0 15 0 15 0 15 0 15 0 15 0 15 0 15 0 15 0 15 0 15 0 15 0 15 0 15 0 15 0 15 0 15 0 15 0 15 0 15 0 15 0 15 0 15 0 15 0 15 0 15 359 8 360 15 361 8 362 15 363 8 364 15 0 15 0 15 0 8 0 8 0 8 0 8 0 8 0 35 0 35 0 35 0 35 0 35 0 35 0 35 0 35 0 35 0 35 0 18 365 8 366 18 367 8 368 18 369 8 370 18 371 8 372 18 373 8 374 18 375 8 376 18 377 8 378 18 379 8 380 18 381 8 382 18 383 8 384 18 385 8 386 18 387 8 388 18 389 8 390 18 391 8 392 18 393 8 394 18 395 8 396 18 397 8 398 18 399 8 400 18 401 8 402 18 403 8 404 15 405 8 406 15 407 8 408 15 409 8 410 15 411 8 412 15 413 8 414 15 415 8 416 15 417 8 418 15 419 8 420 15 421 8 422 15 423 8 424 15 425 8 426 15 427 8 428 15 429 8 430 15 431 8 432 15 433 8 434 15 435 8 436 18 437 8 438 18 439 8 440 18 441 8 442 18 443 8 444 18 445 8 446 18 447 8 448 18 449 8 450 18 451 8 452 18 453 8 454 18 455 8 456 18 457 8 458 18 459 8 460 18 461 8 462 18 463 8 464 18 465 8 466 18 467 8 468 18 469 8 470 18 471 8 472 18 473 8 474 18 475 8 476 18 477 8 478 18 479 8 480 18 481 8 482 18 483 8 484 18 485 8 486 18 487 8 488 18 489 8 490 18 491 8 492 18 493 8 494 18 495 8 496 18 497 8 498 18 499 8 500 18 501 8 502 18 503 8 504 15 505 8 506 15 507 8 508 15 509 8 510 15 511 8 512 15 513 8 514 15 515 8 516 15 517 8 518 15 519 8 520 15 521 8 522 18 523 8 524 18 525 8 526 18 527 8 528 18 529 8 530 18 531 8 532 18 533 8 534 18 535 8 536 18 537 8 538 18 539 8 540 18 541 8 542 18 543 8 544 18 545 8 546 18 547 8 548 18 549 8 550 18 551 8 552 18 553 8 554 18 555 8 556 23 557 18 558 23 559 18 560 23 561 18 562 23 563 18 564 23 565 18 566 23 567 18 568 23 569 18 570 18 571 8 572 18 573 8 574 18 575 8 576 18 577 8 578 18 579 8 580 18 581 8 582 18 583 8 584 18 585 8 586 18 587 8 588 18 589 8 590 18 591 8 592 18 593 8 594 18 595 8 596 18 597 8 598 18 599 8 600 18 601 8 602 18 603 8 604 18 605 8 606 18 607 8 608 18 609 8 610 18 611 8 612 23 613 18 614 23 615 18 616 23 617 18 618 23 619 18 620 23 621 18 622 23 623 18 624 23 625 18 626 18 627 8 628 18 629 8 630 18 631 8 632 18 633 8 634 15 635 8 636 15 637 8 638 15 639 8 640 15 641 8 642 15 643 8 644 15 645 8 646 15 647 8 648 15 649 8 650 15 651 8 652 15 653 8 654 15 655 8 656 15 657 8 658 15 659 8 660 15 661 8 662 15 663 8 664 15 665 8 666 15 667 8 668 15 669 8 670 15 671 8 672 15 673 8 674 15 675 8 676 15 677 8 678 15 679 8 680 15 681 8 682 15 683 8 684 15 685 8 686 15 687 8 688 15 689 8 690 15 691 8 692 15 693 8 694 15 695 8 696 15 697 8 698 15 699 8 700 15 701 8 702 15 703 8 704 15 705 8 706 15 707 8 708 15 709 8 710 15 711 8 712 15 713 8 714 15 715 8 716 15 717 8 718 15 719 8 720 15 721 8 722 15 723 8 724 15 725 8 726 15 727 8 728 15 729 8 730 15 731 8 732 15 733 8 734 15 735 8 736 15 737 8 738 15 739 8 740 15 741 8 742 15 743 8 744 15 745 8 746 15 747 8 748 15 749 8 750 15 751 8 752 15 753 8 754 15 755 8 756 15 757 8 758 15 759 8 760 15 761 8 762 15 763 8 764 15 765 8 766 15 767 8 768 15 769 8 770 15 771 8 772 15 773 8 774 15 775 8 776 15 777 8 778 15 779 8 780 15 781 8 782 15 783 8 784 15 785 8 786 15 787 8 788 15 789 8 790 15 791 8 792 15 793 8 794 15 795 8 796 15 797 8 798 15 799 8 800 15 801 8 802 15 803 8 804 15 805 8 806 15 807 8 808 15 809 8 810 15 811 8 812 15 813 8 814 15 815 8 816 15 817 8 818 15 819 8 820 15 821 8 822 15 823 8 824 15 825 8 826 15 827 8 828 15 829 8 830 15 831 8 832 15 833 8 834 15 835 8 836 15 837 8 838 15 839 8 840 15 841 8 842 15 843 8 844 15 845 8 846 15 847 8 848 15 849 8 850 15 851 8 852 15 853 8 854 15 855 8 856 15 857 8 858 15 859 8 860 15 861 8 862 15 863 8 864 15 865 8 866 15 867 8 868 15 869 8 870 15 871 8 872 15 873 8 874 15 875 8 876 15 877 8 878 15 879 8 880 15 881 8 882 15 883 8 884 15 885 8 886 15 887 8 888 15 889 8 890 15 891 8 892 15 893 8 894 15 895 8 896 15 897 8 898 15 899 8 900 15 901 8 902 15 903 8 904 15 905 8 906 15 907 8 908 15 909 8 910 15 911 8 912 15 913 8 914 15 915 8 916 15 917 8 918 15 919 8 920 15 921 8 922 15 923 8 924 15 925 8 926 15 927 8 928 15 929 8 930 8 0 15 931 8 932 15 933 8 934 15 935 8 936 15 937 8 938 15 939 8 940 15 941 8 942 15 943 8 944 15 945 8 946 15 947 8 948 15 949 8 950 15 951 8 952 15 953 8 954 15 955 8 956 15 957 8 958 15 959 8 960 15 961 8 962 15 963 8 964 15 965 8 966 15 967 8 968 15 969 8 970 15 971 8 972 15 973 8 974 15 975 8 976 15 977 8 978 23 979 18 980 18 981 8 982 23 983 18 984 18 985 8 986 18 987 8 988 18 989 8 990 23 991 18 992 23 993 18 994 23 995 18 996 23 997 18 998 23 999 18 1000 23 1001 18 1002 23 1003 18 1004 23 1005 18 1006 18 1007 8 1008 18 1009 8 1010 23 1011 18 1012 23 1013 18 1014 18 1015 8 1016 23 1017 18 1018 23 1019 18 1020 23 1021 18 1022 23 1023 18 1024 23 1025 18 1026 18 1027 8 1028 18 1029 8 1030 23 1031 18 1032 23 1033 18 1034 18 1035 8 1036 23 1037 18 1038 15 1039 8 1040 15 1041 8 1042 8 0 15 1043 8 1044 15 1045 8 1046 15 1047 8 1048 15 1049 8 1050 15 1051 8 1052 15 1053 8 1054 15 1055 8 1056 15 1057 8 1058 15 1059 8 1060 15 1061 8 1062 15 1063 8 1064 15 1065 8 1066 15 1067 8 1068 15 1069 8 1070 15 1071 8 1072 15 1073 8 1074 15 1075 8 1076 15 1077 8 1078 15 1079 8 1080 23 1081 18 1082 23 1083 18 1084 23 1085 18 1086 23 1087 18 1088 23 1089 18 1090 23 1091 18 1092 23 1093 18 1094 23 1095 18 1096 23 1097 18 1098 23 1099 18 1100 23 1101 18 1102 18 1103 8 1104 18 1105 8 1106 23 1107 18 1108 18 1109 8 1110 18 1111 8 1112 18 1113 8 1114 18 1115 8 1116 18 1117 8 1118 18 1119 8 1120 18 1121 8 1122 18 1123 8 1124 18 1125 8 1126 18 1127 8 1128 23 1129 18 1130 18 1131 8 1132 18 1133 8 1134 18 1135 8 1136 18 1137 8 1138 18 1139 8 1140 18 1141 8 1142 18 1143 8 1144 18 1145 8 1146 18 1147 8 1148 18 1149 8 1150 18 1151 8 1152 18 1153 8 1154 18 1155 8 1156 9 1157 8 1158 15 1159 8 1160 18 1161 8 1162 15 1163 8 1164 18 1165 8 1166 18 1167 8 1168 18 1169 8 1170 18 1171 8 1172 18 1173 8 1174 18 1175 8 1176 23 1177 18 1178 18 1179 8 1180 23 1181 18 1182 23 1183 18 1184 23 1185 18 1186 23 1187 18 1188 23 1189 18 1190 24 1191 23 1192 24 1193 23 1194 24 1195 23 1196 23 1197 18 1198 23 1199 18 1200 23 1201 18 1202 18 1203 8 1204 18 1205 8 1206 23 1207 18 1208 23 1209 18 1210 23 1211 18 1212 23 1213 18 1214 24 1215 23 1216 24 1217 23 1218 24 1219 23 1220 29 1221 24 1222 29 1223 24 1224 24 1225 23 1226 29 1227 24 1228 29 1229 24 1230 23 1231 18 1232 24 1233 23 1234 24 1235 23 1236 24 1237 23 1238 29 1239 24 1240 23 1241 18 1242 23 1243 18 1244 18 1245 8 1246 18 1247 8 1248 18 1249 8 1250 18 1251 8 1252 18 1253 8 1254 18 1255 8 1256 18 1257 8 1258 18 1259 8 1260 18 1261 8 1262 18 1263 8 1264 18 1265 8 1266 18 1267 8 1268 18 1269 8 1270 18 1271 8 1272 18 1273 8 1274 16 1275 8 1276 18 1277 8 1278 16 1279 8 1280 9 1281 8 1282 9 1283 8 1284 9 1285 8 1286 18 1287 8 1288 9 1289 8 1290 9 1291 8 1292 9 1293 8 1294 18 1295 8 1296 18 1297 8 1298 18 1299 8 1300 18 1301 8 1302 18 1303 8 1304 18 1305 8 1306 18 1307 8 1308 11 1309 10 1310 11 1311 10 1312 11 1313 10 1314 11 1315 10 1316 11 1317 10 1318 11 1319 10 1320 11 1321 10 1322 11 1323 10 1324 11 1325 10 1326 11 1327 10 1328 10 1329 9 1330 10 1331 9 1332 11 1333 10 1334 11 1335 10 1336 11 1337 10 1338 11 1339 10 1340 10 1341 9 1342 10 1343 9 1344 10 1345 9 1346 10 1347 9 1348 10 1349 9 1350 11 1351 10 1352 11 1353 10 1354 11 1355 10 1356 11 1357 10 1358 11 1359 10 1360 11 1361 10 1362 11 1363 10 1364 11 1365 10 1366 11 1367 10 1368 11 1369 10 1370 11 1371 10 1372 11 1373 10 1374 11 1375 10 1376 11 1377 10 1378 11 1379 10 1380 11 1381 10 1382 11 1383 10 1384 18 1385 8 1386 18 1387 8 1388 18 1389 8 1390 18 1391 8 1392 18 1393 8 1394 18 1395 8 1396 18 1397 8 1398 18 1399 8 1400 18 1401 8 1402 18 1403 8 1404 18 1405 8 1406 18 1407 8 1408 18 1409 8 1410 18 1411 8 1412 18 1413 8 1414 18 1415 8 1416 18 1417 8 1418 18 1419 8 1420 18 1421 8 1422 18 1423 8 1424 18 1425 8 1426 18 1427 8 1428 18 1429 8 1430 18 1431 8 1432 18 1433 8 1434 18 1435 8 1436 18 1437 8 1438 18 1439 8 1440 18 1441 8 1442 18 1443 8 1444 18 1445 8 1446 18 1447 8 1448 18 1449 8 1450 18 1451 8 1452 18 1453 8 1454 18 1455 8 1456 18 1457 8 1458 18 1459 8 1460 18 1461 8 1462 18 1463 8 1464 18 1465 8 1466 18 1467 8 1468 18 1469 8 1470 18 1471 8 1472 18 1473 8 1474 18 1475 8 1476 18 1477 8 1478 18 1479 8 1480 18 1481 8 1482 18 1483 8 1484 18 1485 8 1486 18 1487 8 1488 18 1489 8 1490 18 1491 8 1492 18 1493 8 1494 18 1495 8 1496 18 1497 8 1498 18 1499 8 1500 18 1501 8 1502 18 1503 8 1504 18 1505 8 1506 18 1507 8 1508 18 1509 8 1510 18 1511 8 1512 18 1513 8 1514 18 1515 8 1516 18 1517 8 1518 18 1519 8 1520 18 1521 8 1522 18 1523 8 1524 18 1525 8 1526 18 1527 8 1528 18 1529 8 1530 18 1531 8 1532 18 1533 8 1534 18 1535 8 1536 18 1537 8 1538 18 1539 8 1540 18 1541 8 1542 18 1543 8 1544 18 1545 8 1546 18 1547 8 1548 18 1549 8 1550 18 1551 8 1552 18 1553 8 1554 18 1555 8 1556 18 1557 8 1558 18 1559 8 1560 18 1561 8 1562 18 1563 8 1564 18 1565 8 1566 18 1567 8 1568 18 1569 8 1570 18 1571 8 1572 18 1573 8 1574 18 1575 8 1576 18 1577 8 1578 18 1579 8 1580 18 1581 8 1582 18 1583 8 1584 18 1585 8 1586 18 1587 8 1588 18 1589 8 1590 18 1591 8 1592 18 1593 8 1594 18 1595 8 1596 18 1597 8 1598 18 1599 8 1600 18 1601 8 1602 18 1603 8 1604 18 1605 8 1606 18 1607 8 1608 18 1609 8 1610 18 1611 8 1612 18 1613 8 1614 31 1615 30 1616 32 1617 31 1618 31 1619 30 1620 32 1621 31 1622 32 1623 31 1624 32 1625 31 1626 32 1627 31 1628 32 1629 31 1630 32 0 32 1631 31 1632 32 1633 31 1634 31 1635 30 1636 31 1637 30 1638 30 1639 29 1640 30 1641 29 1642 31 1643 30 1644 30 1645 29 1646 30 1647 29 1648 30 1649 29 1650 29 0 18 1651 8 1652 18 1653 8 1654 18 1655 8 1656 18 1657 8 1658 18 1659 8 1660 18 1661 8 1662 15 1663 8 1664 15 1665 8 1666 15 1667 8 1668 15 1669 8 1670 15 1671 8 1672 15 1673 8 1674 15 1675 8 1676 15 1677 8 1678 15 1679 8 1680 15 1681 8 1682 15 1683 8 1684 15 1685 8 1686 15 1687 8 1688 15 1689 8 1690 15 1691 8 1692 15 1693 8 1694 15 1695 8 1696 15 1697 8 1698 15 1699 8 1700 15 1701 8 1702 15 1703 8 1704 15 1705 8 1706 15 1707 8 1708 15 1709 8 1710 15 1711 8 1712 15 1713 8 1714 15 1715 8 1716 15 1717 8 1718 15 1719 8 1720 15 1721 8 1722 15 1723 8 1724 15 1725 8 1726 15 1727 8 1728 15 1729 8 1730 15 1731 8 1732 15 1733 8 1734 15 1735 8 1736 15 1737 8 1738 15 1739 8 1740 15 1741 8 1742 15 1743 8 1744 15 1745 8 1746 15 1747 8 1748 15 1749 8 1750 18 1751 8 1752 18 1753 8 1754 15 1755 8 1756 15 1757 8 1758 15 1759 8 1760 15 1761 8 1762 15 1763 8 1764 15 1765 8 1766 15 1767 8 1768 15 1769 8 1770 15 1771 8 1772 15 1773 8 1774 15 1775 8 1776 15 1777 8 1778 15 1779 8 1780 18 1781 8 1782 18 1783 8 1784 15 1785 8 1786 11 1787 10 1788 11 1789 10 1790 11 1791 10 1792 11 1793 10 1794 11 1795 10 1796 11 1797 10 1798 11 1799 10 1800 11 1801 10 1802 11 1803 10 1804 11 1805 10 1806 11 1807 10 1808 11 1809 10 1810 11 1811 10 1812 11 1813 10 1814 11 1815 10 1816 11 1817 10 1818 11 1819 10 1820 11 1821 10 1822 11 1823 10 1824 11 1825 10 1826 11 1827 10 1828 10 1829 9 1830 10 1831 9 1832 10 1833 9 1834 10 1835 9 1836 10 1837 9 1838 9 1839 8 1840 10 1841 9 1842 10 1843 9 1844 9 1845 8 1846 10 1847 9 1848 11 1849 10 1850 11 1851 10 1852 11 1853 10 1854 11 1855 10 1856 11 1857 10 1858 11 1859 10 1860 9 1861 8 1862 9 1863 8 1864 9 1865 8 1866 9 1867 8 1868 9 1869 8 1870 11 1871 10 1872 11 1873 10 1874 11 1875 10 1876 9 1877 8 1878 29 1879 24 1880 29 1881 24 1882 29 1883 24 1884 29 1885 24 1886 29 1887 24 1888 24 1889 23 1890 29 1891 24 1892 24 1893 23 1894 23 1895 18 1896 23 1897 18 1898 23 1899 18 1900 23 1901 18 1902 23 1903 18 1904 23 1905 18 1906 23 1907 18 1908 23 1909 18 1910 24 1911 23 1912 23 1913 18 1914 23 1915 18 1916 23 1917 18 1918 23 1919 18 1920 18 1921 8 1922 23 1923 18 1924 23 1925 18 1926 24 1927 23 1928 29 1929 24 1930 23 1931 18 1932 23 1933 18 1934 23 1935 18 1936 18 1937 8 1938 18 1939 8 1940 18 1941 8 1942 23 1943 18 1944 23 1945 18 1946 23 1947 18 1948 23 1949 18 1950 23 1951 18 1952 23 1953 18 1954 24 1955 23 1956 24 1957 23 1958 24 1959 23 1960 23 1961 18 1962 23 1963 18 1964 23 1965 18 1966 18 1967 8 1968 18 1969 8 1970 23 1971 18 1972 24 1973 23 1974 24 1975 23 1976 24 1977 23 1978 24 1979 23 1980 23 1981 18 1982 24 1983 23 1984 24 1985 23 1986 29 1987 24 1988 29 0 9 1989 8 1990 9 1991 8 1992 9 1993 8 1994 9 1995 8 1996 9 1997 8 1998 9 1999 8 2000 9 2001 8 2002 9 2003 8 2004 10 2005 9 2006 32 2007 31 2008 31 2009 30 2010 32 2011 31 2012 31 2013 30 2014 32 2015 31 2016 31 2017 30 2018 32 2019 31 2020 32 2021 31 2022 32 2023 31 2024 31 2025 30 2026 31 2027 30 2028 32 2029 31 2030 32 2031 31 2032 31 2033 30 2034 31 2035 30 2036 31 2037 30 2038 32 2039 31 2040 32 2041 31 2042 30 2043 29 2044 30 2045 29 2046 30 2047 29 2048 30 2049 29 2050 30 2051 29 2052 30 2053 29 2054 30 2055 29 2056 30 2057 29 2058 29 0 30 2059 29 2060 30 2061 29 2062 30 2063 29 2064 16 2065 8 2066 16 2067 15 2068 16 2069 8 2070 15 2071 8 2072 15 2073 8 2074 15 2075 8 2076 15 2077 8 2078 15 2079 8 2080 16 2081 15 2082 15 2083 8 2084 15 2085 8 2086 15 2087 8 2088 15 2089 8 2090 9 2091 8 2092 16 2093 8 2094 9 2095 8 2096 16 2097 8 2098 16 2099 8 2100 16 2101 8 2102 16 2103 8 2104 16 2105 8 2106 16 2107 8 2108 16 2109 8 2110 16 2111 8 2112 18 2113 8 2114 18 2115 8 2116 16 2117 8 2118 16 2119 8 2120 16 2121 8 2122 16 2123 8 2124 16 2125 8 2126 18 2127 8 2128 16 2129 8 2130 16 2131 8 2132 16 2133 8 2134 16 2135 8 2136 16 2137 8 2138 15 2139 8 2140 15 2141 8 2142 15 2143 8 2144 15 2145 8 2146 15 2147 8 2148 15 2149 8 2150 15 2151 8 2152 15 2153 8 2154 12 2155 8 2156 16 2157 8 2158 12 2159 8 2160 16 2161 8 2162 16 2163 8 2164 20 2165 19 2166 20 2167 19 2168 18 2169 8 2170 20 2171 19 2172 20 2173 19 2174 20 2175 19 2176 20 2177 19 2178 20 0 20 2179 19 2180 20 2181 19 2182 20 2183 19 2184 20 2185 19 2186 20 2187 19 2188 20 2189 19 2190 20 2191 19 2192 18 2193 8 2194 18 2195 8 2196 20 2197 19 2198 20 2199 19 2200 20 0 20 2201 19 2202 18 2203 8 2204 18 2205 8 2206 16 2207 15 2208 15 2209 8 2210 15 2211 8 2212 16 2213 15 2214 16 2215 15 2216 16 2217 15 2218 15 2219 8 2220 15 2221 8 2222 15 2223 8 2224 15 2225 8 2226 15 2227 8 2228 15 2229 8 2230 15 2231 8 2232 15 2233 8 2234 15 2235 8 2236 15 2237 8 2238 15 2239 8 2240 15 2241 8 2242 15 2243 8 2244 18 2245 8 2246 18 2247 8 2248 18 2249 8 2250 26 2251 25 2252 26 0 26 2253 25 2254 26 2255 25 2256 26 2257 25 2258 26 2259 25 2260 26 2261 25 2262 26 2263 25 2264 26 2265 25 2266 26 2267 25 2268 26 2269 25 2270 26 2271 25 2272 26 2273 25 2274 24 2275 23 2276 26 2277 25 2278 26 2279 25 2280 26 2281 25 2282 26 2283 25 2284 24 2285 23 2286 26 2287 25 2288 26 2289 25 2290 26 2291 25 2292 26 2293 25 2294 26 2295 25 2296 26 2297 25 2298 26 2299 25 2300 26 0 18 2301 8 2302 18 2303 8 2304 18 2305 8 2306 18 2307 8 2308 18 2309 8 2310 18 2311 8 2312 18 2313 8 2314 18 2315 8 2316 18 2317 8 2318 18 2319 8 2320 18 2321 8 2322 18 2323 8 2324 18 2325 8 2326 18 2327 8 2328 18 2329 8 2330 18 2331 8 2332 18 2333 8 2334 18 2335 8 2336 18 2337 8 2338 18 2339 8 2340 18 2341 8 2342 18 2343 8 2344 18 2345 8 2346 18 2347 8 2348 18 2349 8 2350 18 2351 8 2352 18 2353 8 2354 18 2355 8 2356 18 2357 8 2358 23 2359 18 2360 23 2361 18 2362 23 2363 18 2364 23 2365 18 2366 23 2367 18 2368 18 2369 8 2370 18 2371 8 2372 26 2373 25 2374 26 2375 25 2376 26 2377 25 2378 15 2379 8 2380 15 2381 8 2382 15 0 15 2383 8 2384 15 2385 8 2386 15 2387 8 2388 18 2389 8 2390 18 2391 8 2392 18 2393 8 2394 18 2395 8 2396 18 2397 8 2398 10 2399 9 2400 10 2401 9 2402 10 2403 9 2404 11 2405 10 2406 11 2407 10 2408 11 2409 10 2410 11 2411 10 2412 11 2413 10 2414 11 2415 10 2416 11 2417 10 2418 11 2419 10 2420 11 2421 10 2422 11 2423 10 2424 11 2425 10 2426 11 2427 10 2428 11 2429 10 2430 11 2431 10 2432 11 2433 10 2434 11 2435 10 2436 11 2437 10 2438 11 2439 10 2440 11 2441 10 2442 11 2443 10 2444 20 2445 19 2446 20 2447 19 2448 18 2449 8 2450 24 2451 23 2452 26 2453 25 2454 26 2455 25 2456 26 2457 25 2458 26 2459 25 2460 26 2461 25 2462 26 2463 25 2464 30 2465 29 2466 30 2467 29 2468 30 2469 29 2470 30 2471 29 2472 30 2473 29 2474 31 2475 30 2476 31 2477 30 2478 31 2479 30 2480 31 2481 30 2482 32 2483 31 2484 32 2485 31 2486 32 2487 31 2488 32 2489 31 2490 32 2491 31 2492 32 2493 31 2494 32 2495 31 2496 32 2497 31 2498 32 2499 31 2500 32 2501 31 2502 15 2503 8 2504 15 2505 8 2506 15 2507 8 2508 15 2509 8 2510 15 2511 8 2512 15 2513 8 2514 15 2515 8 2516 15 2517 8 2518 15 2519 8 2520 15 2521 8 2522 15 2523 8 2524 8 0 15 2525 8 2526 15 2527 8 2528 15 2529 8 2530 15 2531 8 2532 15 2533 8 2534 15 2535 8 2536 15 2537 8 2538 15 2539 8 2540 15 2541 8 2542 15 2543 8 2544 15 2545 8 2546 15 2547 8 2548 15 2549 8 2550 15 2551 8 2552 15 2553 8 2554 15 2555 8 2556 15 2557 8 2558 15 2559 8 2560 15 2561 8 2562 15 2563 8 2564 15 2565 8 2566 15 2567 8 2568 15 2569 8 2570 15 2571 8 2572 15 2573 8 2574 15 2575 8 2576 8 0 15 2577 8 2578 15 2579 8 2580 15 2581 8 2582 15 2583 8 2584 15 2585 8 2586 15 2587 8 2588 15 2589 8 2590 15 2591 8 2592 15 2593 8 2594 15 2595 8 2596 15 2597 8 2598 15 2599 8 2600 15 2601 8 2602 15 2603 8 2604 15 2605 8 2606 15 2607 8 2608 15 2609 8 2610 15 2611 8 2612 15 2613 8 2614 15 2615 8 2616 15 2617 8 2618 15 2619 8 2620 23 2621 18 2622 23 2623 18 2624 23 2625 18 2626 23 2627 18 2628 23 2629 18 2630 23 2631 18 2632 23 2633 18 2634 23 2635 18 2636 23 2637 18 2638 23 2639 18 2640 23 2641 18 2642 23 2643 18 2644 18 2645 8 2646 18 2647 8 2648 23 2649 18 2650 18 2651 8 2652 18 2653 8 2654 18 2655 8 2656 18 2657 8 2658 18 2659 8 2660 18 2661 8 2662 18 2663 8 2664 18 2665 8 2666 18 2667 8 2668 18 2669 8 2670 18 2671 8 2672 18 2673 8 2674 18 2675 8 2676 18 2677 8 2678 18 2679 8 2680 18 2681 8 2682 18 2683 8 2684 18 2685 8 2686 14 2687 13 2688 14 2689 13 2690 14 2691 13 2692 14 2693 13 2694 14 2695 13 2696 14 2697 13 2698 14 2699 13 2700 14 2701 13 2702 14 2703 13 2704 14 2705 13 2706 13 2707 12 2708 13 2709 12 2710 14 2711 13 2712 14 2713 13 2714 14 2715 13 2716 14 2717 13 2718 13 2719 12 2720 13 2721 12 2722 13 2723 12 2724 13 2725 12 2726 13 2727 12 2728 14 2729 13 2730 14 2731 13 2732 14 2733 13 2734 14 2735 13 2736 14 2737 13 2738 14 2739 13 2740 14 2741 13 2742 14 2743 13 2744 14 2745 13 2746 14 2747 13 2748 14 2749 13 2750 14 2751 13 2752 14 2753 13 2754 14 2755 13 2756 14 2757 13 2758 14 2759 13 2760 14 2761 13 2762 18 2763 8 2764 18 2765 8 2766 18 2767 8 2768 18 2769 8 2770 18 2771 8 2772 18 2773 8 2774 18 2775 8 2776 18 2777 8 2778 18 2779 8 2780 18 2781 8 2782 18 2783 8 2784 18 2785 8 2786 18 2787 8 2788 18 2789 8 2790 18 2791 8 2792 18 2793 8 2794 18 2795 8 2796 18 2797 8 2798 18 2799 8 2800 18 2801 8 2802 18 2803 8 2804 18 2805 8 2806 18 2807 8 2808 18 2809 8 2810 18 2811 8 2812 18 2813 8 2814 18 2815 8 2816 18 2817 8 2818 18 2819 8 2820 18 2821 8 2822 18 2823 8 2824 18 2825 8 2826 18 2827 8 2828 18 2829 8 2830 18 2831 8 2832 18 2833 8 2834 18 2835 8 2836 18 2837 8 2838 18 2839 8 2840 18 2841 8 2842 18 2843 8 2844 18 2845 8 2846 18 2847 8 2848 18 2849 8 2850 18 2851 8 2852 18 2853 8 2854 18 2855 8 2856 18 2857 8 2858 18 2859 8 2860 18 2861 8 2862 18 2863 8 2864 18 2865 8 2866 18 2867 8 2868 18 2869 8 2870 18 2871 8 2872 18 2873 8 2874 18 2875 8 2876 18 2877 8 2878 18 2879 8 2880 18 2881 8 2882 18 2883 8 2884 18 2885 8 2886 18 2887 8 2888 18 2889 8 2890 18 2891 8 2892 12 2893 8 2894 15 2895 8 2896 18 2897 8 2898 12 2899 8 2900 12 2901 8 2902 12 2903 8 2904 18 2905 8 2906 16 2907 8 2908 12 2909 8 2910 12 2911 8 2912 12 2913 8 2914 16 2915 8 2916 18 2917 8 2918 18 2919 8 2920 18 2921 8 2922 18 2923 8 2924 18 2925 8 2926 18 2927 8 2928 18 2929 8 2930 18 2931 8 2932 18 2933 8 2934 18 2935 8 2936 18 2937 8 2938 18 2939 8 2940 18 2941 8 2942 18 2943 8 2944 18 2945 8 2946 18 2947 8 2948 18 2949 8 2950 18 2951 8 2952 18 2953 8 2954 18 2955 8 2956 18 2957 8 2958 18 2959 8 2960 18 2961 8 2962 18 2963 8 2964 18 2965 8 2966 18 2967 8 2968 18 2969 8 2970 18 2971 8 2972 18 2973 8 2974 18 2975 8 2976 18 2977 8 2978 18 2979 8 2980 18 2981 8 2982 18 2983 8 2984 18 2985 8 2986 18 2987 8 2988 18 2989 8 2990 18 2991 8 2992 18 2993 8 2994 18 2995 8 2996 18 2997 8 2998 18 2999 8 3000 18 3001 8 3002 18 3003 8 3004 18 3005 8 3006 18 3007 8 3008 18 3009 8 3010 18 3011 8 3012 18 3013 8 3014 18 3015 8 3016 18 3017 8 3018 35 3019 34 3020 34 3021 33 3022 34 3023 33 3024 34 3025 33 3026 35 3027 34 3028 35 3029 34 3030 34 3031 33 3032 35 3033 34 3034 35 3035 34 3036 35 3037 34 3038 35 3039 34 3040 35 3041 34 3042 35 3043 34 3044 34 3045 33 3046 35 3047 34 3048 34 3049 33 3050 34 3051 33 3052 34 3053 33 3054 34 3055 33 3056 35 3057 34 3058 35 3059 34 3060 33 3061 29 3062 33 3063 29 3064 33 3065 29 3066 33 3067 29 3068 33 3069 29 3070 33 3071 29 3072 33 3073 29 3074 29 0 33 3075 29 3076 33 3077 29 3078 34 3079 33 3080 33 3081 29 3082 34 3083 33 3084 33 3085 29 3086 29 0 33 3087 29 3088 33 3089 29 3090 34 3091 33 3092 35 3093 34 3094 35 3095 34 3096 35 3097 34 3098 35 3099 34 3100 35 3101 34 3102 35 0 18 3103 8 3104 18 3105 8 3106 18 3107 8 3108 18 3109 8 3110 18 3111 8 3112 18 3113 8 3114 14 3115 13 3116 14 3117 13 3118 14 3119 13 3120 14 3121 13 3122 14 3123 13 3124 14 3125 13 3126 14 3127 13 3128 14 3129 13 3130 14 3131 13 3132 14 3133 13 3134 14 3135 13 3136 14 3137 13 3138 14 3139 13 3140 14 3141 13 3142 14 3143 13 3144 14 3145 13 3146 14 3147 13 3148 14 3149 13 3150 14 3151 13 3152 14 3153 13 3154 14 3155 13 3156 13 3157 12 3158 13 3159 12 3160 13 3161 12 3162 13 3163 12 3164 13 3165 12 3166 12 3167 8 3168 13 3169 12 3170 13 3171 12 3172 12 3173 8 3174 13 3175 12 3176 14 3177 13 3178 14 3179 13 3180 14 3181 13 3182 14 3183 13 3184 14 3185 13 3186 14 3187 13 3188 12 3189 8 3190 12 3191 8 3192 12 3193 8 3194 12 3195 8 3196 12 3197 8 3198 14 3199 13 3200 14 3201 13 3202 14 3203 13 3204 12 3205 8 3206 12 3207 8 3208 12 3209 8 3210 12 3211 8 3212 12 3213 8 3214 12 3215 8 3216 12 3217 8 3218 12 3219 8 3220 12 3221 8 3222 13 3223 12 3224 21 3225 18 3226 21 3227 18 3228 18 3229 8 3230 22 3231 21 3232 22 3233 21 3234 22 3235 21 3236 22 3237 21 3238 22 3239 21 3240 21 3241 18 3242 22 3243 21 3244 22 3245 21 3246 22 3247 21 3248 21 3249 18 3250 21 3251 18 3252 18 3253 8 3254 18 3255 8 3256 18 3257 8 3258 18 3259 8 3260 23 3261 18 3262 23 3263 18 3264 23 3265 18 3266 23 3267 18 3268 23 3269 18 3270 15 3271 8 3272 15 3273 8 3274 15 3275 8 3276 15 3277 8 3278 15 3279 8 3280 15 3281 8 3282 15 3283 8 3284 15 3285 8 3286 15 3287 8 3288 15 3289 8 3290 15 3291 8 3292 15 3293 8 3294 8 0 15 3295 8 3296 15 3297 8 3298 15 3299 8 3300 15 3301 8 3302 15 3303 8 3304 15 3305 8 3306 15 3307 8 3308 15 3309 8 3310 15 3311 8 3312 15 3313 8 3314 15 3315 8 3316 15 3317 8 3318 16 3319 8 3320 16 3321 8 3322 28 3323 27 3324 28 3325 27 3326 28 3327 27 3328 28 3329 27 3330 27 3331 24 3332 27 3333 24 3334 28 3335 27 3336 28 3337 27 3338 28 3339 27 3340 24 3341 23 3342 27 3343 23 3344 27 3345 23 3346 27 3347 24 3348 27 3349 24 3350 24 3351 23 3352 27 3353 24 3354 28 3355 27 3356 28 3357 27 3358 28 3359 27 3360 28 3361 27 3362 28 3363 27 3364 28 3365 27 3366 28 0 23 3367 18 3368 23 3369 18 3370 23 3371 18 3372 23 3373 18 3374 23 3375 18 3376 15 3377 8 3378 15 3379 8 3380 15 3381 8 3382 18 3383 8 3384 15 3385 8 3386 15 3387 8 3388 15 3389 8 3390 15 3391 8 3392 15 3393 8 3394 15 3395 8 3396 15 3397 8 3398 15 3399 8 3400 15 3401 8 3402 15 3403 8 3404 27 3405 23 3406 27 3407 23 3408 27 3409 24 3410 15 3411 8 3412 16 3413 15 3414 16 3415 15 3416 15 3417 8 3418 16 3419 15 3420 16 3421 15 3422 16 3423 15 3424 21 3425 18 3426 18 3427 8 3428 18 3429 8 3430 15 3431 8 3432 15 3433 8 3434 15 3435 8 3436 18 3437 8 3438 18 3439 8 3440 18 3441 8 3442 18 3443 8 3444 18 3445 8 3446 18 3447 8 3448 18 3449 8 3450 18 3451 8 3452 18 3453 8 3454 18 3455 8 3456 18 3457 8 3458 18 3459 8 3460 18 3461 8 3462 18 3463 8 3464 18 3465 8 3466 18 3467 8 3468 18 3469 8 3470 18 3471 8 3472 18 3473 8 3474 18 3475 8 3476 18 3477 8 3478 18 3479 8 3480 18 3481 8 3482 18 3483 8 3484 18 3485 8 3486 18 3487 8 3488 18 3489 8 3490 18 3491 8 3492 18 3493 8 3494 18 3495 8 3496 18 3497 8 3498 18 3499 8 3500 18 3501 8 3502 18 3503 8 3504 15 3505 8 3506 15 3507 8 3508 15 3509 8 3510 15 3511 8 3512 15 3513 8 3514 15 3515 8 3516 15 3517 8 3518 15 3519 8 3520 15 3521 8 3522 18 3523 8 3524 18 3525 8 3526 18 3527 8 3528 18 3529 8 3530 18 3531 8 3532 18 3533 8 3534 18 3535 8 3536 18 3537 8 3538 18 3539 8 3540 18 3541 8 3542 18 3543 8 3544 18 3545 8 3546 18 3547 8 3548 18 3549 8 3550 18 3551 8 3552 18 3553 8 3554 18 3555 8 3556 18 3557 8 3558 18 3559 8 3560 18 3561 8 3562 18 3563 8 3564 18 3565 8 3566 13 3567 12 3568 13 3569 12 3570 13 3571 12 3572 14 3573 13 3574 14 3575 13 3576 14 3577 13 3578 14 3579 13 3580 14 3581 13 3582 14 3583 13 3584 14 3585 13 3586 14 3587 13 3588 14 3589 13 3590 14 3591 13 3592 14 3593 13 3594 14 3595 13 3596 14 3597 13 3598 14 3599 13 3600 14 3601 13 3602 14 3603 13 3604 14 3605 13 3606 14 3607 13 3608 14 3609 13 3610 14 3611 13 3612 21 3613 18 3614 21 3615 18 3616 18 3617 8 3618 22 3619 21 3620 22 3621 21 3622 22 0 22 0 27 3623 24 3624 24 3625 23 3626 27 3627 24 3628 28 3629 27 3630 28 3631 27 3632 28 3633 27 3634 28 3635 27 3636 28 3637 27 3638 28 3639 27 3640 28 0 28 0 33 3641 29 3642 33 3643 29 3644 33 3645 29 3646 33 3647 29 3648 33 3649 29 3650 34 3651 33 3652 34 3653 33 3654 34 3655 33 3656 34 3657 33 3658 35 3659 34 3660 35 3661 34 3662 35 3663 34 3664 35 3665 34 3666 35 3667 34 3668 35 3669 34 3670 35 3671 34 3672 35 3673 34 3674 35 3675 34 3676 35 3677 34 3678</v>
        </vertex_weights>
      </skin>
      <extra>
        <technique profile="FCOLLADA">
          <user_properties>SkinController</user_properties>
        </technique>
      </extra>
    </controller>
    <controller id="Controller1">
      <skin source="#Geometry1">
        <bind_shape_matrix>1 0 0 0 0 1 0 0 0 0 1 0 0 0 0 1</bind_shape_matrix>
        <source id="Controller1-joints">
          <Name_array id="Controller1-joints-array" count="39">chr021_e02 Scale chr021_e GRP_joint CP01 FP01 GP01 J_root J_center J_FfinL_1 J_FfinL_2 J_FfinL_3 J_FfinR_1 J_FfinR_2 J_FfinR_3 J_head J_mouth FacePos J_tail1 J_MfinL_1 J_MfinL_2 J_MfinR_1 J_MfinR_2 J_tail2 J_tail3 J_RfinL_1 J_RfinL_2 J_RfinR_1 J_RfinR_2 J_tail4 J_tailL_5 J_tailL_6 J_tailL_7 J_tailR_5 J_tailR_6 J_tailR_7 loc_001 TP01 GRP_mesh</Name_array>
          <technique_common>
            <accessor source="#Controller1-joints-array" count="39" stride="1">
              <param name="JOINT" type="Name"/>
            </accessor>
          </technique_common>
        </source>
        <source id="Controller1-bind_poses">
          <float_array id="Controller1-bind_poses-array" count="624">1 0 0 0 0 1 0 0 0 0 1 0 0 0 0 1 0.285714 0 0 0 0 0.285714 0 0 0 0 0.285714 0 0 0 0 1 0.132275 0 0 0 0 0.132275 0 0 0 0 0.132275 0 0 0 0 1 0.132275 0 0 0 0 0.132275 0 0 0 0 0.132275 0 0 0 0 1 0.132275 0 0 0 0 0.132275 0 -0.18004 0 0 0.132275 -0.217289 0 0 0 1 0.132275 0 0 0 0 0.132275 0 -0.17858 0 0 0.132275 -0.35025 0 0 0 1 0.132275 0 0 0 0 0.132275 0 0 0 0 0.132275 0 0 0 0 1 0.132275 0 0 0 0 0.132275 0 0 0 0 0.132275 0 0 0 0 1 0.132275 0 0 0 0 0.132275 0 -0.09 0 0 0.132275 0 0 0 0 1 0.132275 0 0 -0.088391 0 0.132275 0 -0.033337 0 0 0.132275 -0.011337 0 0 0 1 0.132275 0 0 -0.135618 0 0.132275 0 -0.033337 0 0 0.132275 -0.013806 0 0 0 1 0.132275 0 0 -0.189412 0 0.132275 0 -0.033337 0 0 0.132275 0.001934 0 0 0 1 0.132275 0 0 0.088391 0 0.132275 0 -0.033337 0 0 0.132275 -0.011337 0 0 0 1 0.132275 0 0 0.135618 0 0.132275 0 -0.033337 0 0 0.132275 -0.013806 0 0 0 1 0.132275 0 0 0.189412 0 0.132275 0 -0.033337 0 0 0.132275 0.001934 0 0 0 1 0.132275 0 0 0 0 0.132275 0 -0.09 0 0 0.132275 -0.12 0 0 0 1 0.132275 0 0 0 0 0.132275 0 -0.052387 0 0 0.132275 -0.099733 0 0 0 1 0.132275 0 0 0 0 0.132275 0 -0.12 0 0 0.132275 -0.22 0 0 0 1 0.132275 0 0 0 0 0.132275 0 -0.09 0 0 0.132275 0.078251 0 0 0 1 0.132275 0 0 -0.067604 0 0.132275 0 -0.025388 0 0 0.132275 0.103765 0 0 0 1 0.132275 0 0 -0.094702 0 0.132275 0 -0.025388 0 0 0.132275 0.120177 0 0 0 1 0.132275 0 0 0.067604 0 0.132275 0 -0.025388 0 0 0.132275 0.103765 0 0 0 1 0.132275 0 0 0.094702 0 0.132275 0 -0.025388 0 0 0.132275 0.120177 0 0 0 1 0.132275 0 0 0 0 0.132275 0 -0.09 0 0 0.132275 0.162244 0 0 0 1 0.132275 0 0 0 0 0.132275 0 -0.09 0 0 0.132275 0.236046 0 0 0 1 0.132275 0 0 -0.040466 0 0.132275 0 -0.073 0 0 0.132275 0.246777 0 0 0 1 0.132275 0 0 -0.062097 0 0.132275 0 -0.073 0 0 0.132275 0.261584 0 0 0 1 0.132275 0 0 0.040466 0 0.132275 0 -0.073 0 0 0.132275 0.246777 0 0 0 1 0.132275 0 0 0.062097 0 0.132275 0 -0.073 0 0 0.132275 0.261584 0 0 0 1 0.132275 0 0 0 0 0.132275 0 -0.09 0 0 0.132275 0.347871 0 0 0 1 0.132275 0 0 -0.026878 0 0.132275 0 -0.09 0 0 0.132275 0.371762 0 0 0 1 0.132275 0 0 -0.08162 0 0.132275 0 -0.09 0 0 0.132275 0.376494 0 0 0 1 0.132275 0 0 -0.157331 0 0.132275 0 -0.09 0 0 0.132275 0.383775 0 0 0 1 0.132275 0 0 0.026878 0 0.132275 0 -0.09 0 0 0.132275 0.371762 0 0 0 1 0.132275 0 0 0.08162 0 0.132275 0 -0.09 0 0 0.132275 0.376494 0 0 0 1 0.132275 0 0 0.157331 0 0.132275 0 -0.09 0 0 0.132275 0.383775 0 0 0 1 1.32275e11 0 0 0 0 1.32275e11 0 0 0 0 1.32275e11 0 0 0 0 1 0.132275 0 0 0 0 0.132275 0 -0.31 0 0 0.132275 -0.225682 0 0 0 1 0.132275 0 0 0 0 0.132275 0 0 0 0 0.132275 0 0 0 0 1</float_array>
          <technique_common>
            <accessor source="#Controller1-bind_poses-array" count="39" stride="16">
              <param name="TRANSFORM" type="float4x4"/>
            </accessor>
          </technique_common>
        </source>
        <source id="Controller1-weights">
          <float_array id="Controller1-weights-array" count="3681">1 0.1 0.9 0.1 0.9 0.1 0.9 0.1 0.9 0.1 0.9 0.1 0.9 0.1 0.9 0.1 0.9 0.1 0.9 0.1 0.9 0.1 0.9 0.1 0.9 0.1 0.9 0.1 0.9 0.1 0.9 0.1 0.9 0.2 0.8 0.3 0.7 0.5 0.5 0.5 0.5 0.9 0.1 0.9 0.1 0.8 0.2 0.9 0.1 0.9 0.1 0.9 0.1 0.9 0.1 0.9 0.1 0.9 0.1 0.9 0.1 0.8 0.2 0.9 0.1 0.9 0.1 0.9 0.1 0.9 0.1 0.9 0.1 0.1 0.9 0.1 0.9 0.9 0.1 0.9 0.1 0.1 0.9 0.9 0.1 0.9 0.1 0.9 0.1 0.1 0.9 0.1 0.9 0.1 0.9 0.1 0.9 0.1 0.9 0.1 0.9 0.1 0.9 0.1 0.9 0.2 0.8 0.1 0.9 0.1 0.9 0.1 0.9 0.2 0.8 0.3 0.7 0.8 0.2 0.1 0.9 0.1 0.9 0.1 0.9 0.1 0.9 0.9 0.1 0.9 0.1 0.1 0.9 0.8 0.2 0.9 0.1 0.9 0.1 0.8 0.2 0.8 0.2 0.5 0.5 0.5 0.5 0.7 0.3 0.1 0.9 0.1 0.9 0.5 0.5 0.8 0.2 0.1 0.9 0.1 0.9 0.1 0.9 0.1 0.9 0.9 0.1 0.9 0.1 0.5 0.5 0.7 0.3 0.8 0.2 0.8 0.2 0.1 0.9 0.9 0.1 0.9 0.1 0.6 0.4 0.5 0.5 0.7 0.3 0.1 0.9 0.8 0.2 0.8 0.2 0.8 0.2 0.8 0.2 0.9 0.1 0.5 0.5 0.5 0.5 0.5 0.5 0.9 0.1 0.9 0.1 0.9 0.1 0.8 0.2 0.9 0.1 0.8 0.2 0.5 0.5 0.5 0.5 0.5 0.5 0.9 0.1 0.8 0.2 0.8 0.2 0.8 0.2 0.8 0.2 0.2 0.8 0.3 0.7 0.4 0.6 0.5 0.5 0.1 0.9 0.1 0.9 0.1 0.9 0.1 0.9 0.9 0.1 0.9 0.1 0.9 0.1 0.9 0.1 0.1 0.9 0.1 0.9 0.1 0.9 0.1 0.9 0.9 0.1 0.9 0.1 0.9 0.1 0.9 0.1 0.9 0.1 0.1 0.9 0.1 0.9 0.1 0.9 0.1 0.9 0.1 0.9 0.1 0.9 0.1 0.9 0.2 0.8 0.1 0.9 0.1 0.9 0.9 0.1 0.9 0.1 0.1 0.9 0.1 0.9 0.1 0.9 0.1 0.9 0.1 0.9 0.1 0.9 0.1 0.9 0.1 0.9 0.9 0.1 0.8 0.2 0.5 0.5 0.5 0.5 0.8 0.2 0.1 0.9 0.1 0.9 0.1 0.9 0.9 0.1 0.9 0.1 0.1 0.9 0.8 0.2 0.8 0.2 0.1 0.9 0.9 0.1 0.9 0.1 0.9 0.1 0.1 0.9 0.1 0.9 0.1 0.9 0.1 0.9 0.1 0.9 0.9 0.1 0.9 0.1 0.5 0.5 0.5 0.5 0.7 0.3 0.8 0.2 0.8 0.2 0.5 0.5 0.8 0.2 0.8 0.2 0.2 0.8 0.1 0.9 0.2 0.8 0.2 0.8 0.1 0.9 0.2 0.8 0.2 0.8 0.2 0.8 0.2 0.8 0.2 0.8 0.2 0.8 0.2 0.8 0.2 0.8 0.2 0.8 0.2 0.8 0.2 0.8 0.2 0.8 0.2 0.8 0.1 0.9 0.2 0.8 0.1 0.9 0.2 0.8 0.2 0.8 0.2 0.8 0.2 0.8 0.2 0.8 0.2 0.8 0.1 0.9 0.1 0.9 0.1 0.9 0.2 0.8 0.2 0.8 0.2 0.8 0.5 0.5 0.5 0.5 0.5 0.5 0.5 0.5 0.5 0.5 0.5 0.5 0.4 0.6 0.4 0.6 0.3 0.7 0.3 0.7 0.4 0.6 0.3 0.7 0.5 0.5 0.2 0.8 0.2 0.8 0.4 0.6 0.5 0.5 0.5 0.5 0.5 0.5 0.5 0.5 0.5 0.5 0.5 0.5 0.5 0.5 0.2 0.8 0.2 0.8 0.3 0.7 0.2 0.8 0.2 0.8 0.3 0.7 0.2 0.8 0.3 0.7 0.3 0.7 0.4 0.6 0.4 0.6 0.2 0.8 0.2 0.8 0.2 0.8 0.2 0.8 0.2 0.8 0.2 0.8 0.2 0.8 0.2 0.8 0.2 0.8 0.8 0.2 0.6 0.4 0.7 0.3 0.8 0.2 0.6 0.4 0.7 0.3 0.5 0.5 0.5 0.5 0.7 0.3 0.9 0.1 0.9 0.1 0.5 0.5 0.7 0.3 0.5 0.5 0.9 0.1 0.9 0.1 0.9 0.1 0.1 0.9 0.1 0.9 0.1 0.9 0.1 0.9 0.1 0.9 0.1 0.9 0.1 0.9 0.1 0.9 0.5 0.5 0.5 0.5 0.5 0.5 0.5 0.5 0.6 0.4 0.8 0.2 0.7 0.3 0.8 0.2 0.6 0.4 0.7 0.3 0.5 0.5 0.5 0.5 0.7 0.3 0.9 0.1 0.9 0.1 0.5 0.5 0.7 0.3 0.5 0.5 0.9 0.1 0.9 0.1 0.9 0.1 0.1 0.9 0.1 0.9 0.1 0.9 0.1 0.9 0.1 0.9 0.1 0.9 0.1 0.9 0.1 0.9 0.5 0.5 0.5 0.5 0.5 0.5 0.5 0.5 0.9 0.1 0.4 0.6 0.6 0.4 0.4 0.6 0.4 0.6 0.6 0.4 0.6 0.4 0.6 0.4 0.6 0.4 0.4 0.6 0.4 0.6 0.5 0.5 0.4 0.6 0.6 0.4 0.4 0.6 0.5 0.5 0.8 0.2 0.7 0.3 0.7 0.3 0.8 0.2 0.8 0.2 0.7 0.3 0.6 0.4 0.6 0.4 0.7 0.3 0.5 0.5 0.7 0.3 0.8 0.2 0.7 0.3 0.8 0.2 0.5 0.5 0.4 0.6 0.4 0.6 0.5 0.5 0.4 0.6 0.2 0.8 0.9 0.1 0.9 0.1 0.9 0.1 0.9 0.1 0.7 0.3 0.8 0.2 0.9 0.1 0.8 0.2 0.5 0.5 0.6 0.4 0.7 0.3 0.5 0.5 0.3 0.7 0.2 0.8 0.2 0.8 0.2 0.8 0.9 0.1 0.9 0.1 0.9 0.1 0.9 0.1 0.6 0.4 0.5 0.5 0.5 0.5 0.5 0.5 0.5 0.5 0.5 0.5 0.4 0.6 0.5 0.5 0.6 0.4 0.6 0.4 0.6 0.4 0.6 0.4 0.6 0.4 0.6 0.4 0.6 0.4 0.4 0.6 0.3 0.7 0.3 0.7 0.2 0.8 0.2 0.8 0.2 0.8 0.4 0.6 0.2 0.8 0.3 0.7 0.4 0.6 0.3 0.7 0.4 0.6 0.4 0.6 0.4 0.6 0.4 0.6 0.4 0.6 0.2 0.8 0.2 0.8 0.4 0.6 0.4 0.6 0.4 0.6 0.3 0.7 0.3 0.7 0.4 0.6 0.4 0.6 0.4 0.6 0.5 0.5 0.3 0.7 0.2 0.8 0.2 0.8 0.2 0.8 0.4 0.6 0.6 0.4 0.6 0.4 0.5 0.5 0.6 0.4 0.7 0.3 0.7 0.3 0.8 0.2 0.8 0.2 0.8 0.2 0.8 0.2 0.7 0.3 0.7 0.3 0.7 0.3 0.5 0.5 0.5 0.5 0.5 0.5 0.4 0.6 0.4 0.6 0.4 0.6 0.5 0.5 0.3 0.7 0.5 0.5 0.6 0.4 0.7 0.3 0.7 0.3 0.9 0.1 0.8 0.2 0.9 0.1 0.8 0.2 0.2 0.8 0.2 0.8 0.2 0.8 0.2 0.8 0.9 0.1 0.9 0.1 0.9 0.1 0.9 0.1 0.3 0.7 0.5 0.5 0.2 0.8 0.5 0.5 0.3 0.7 0.5 0.5 0.2 0.8 0.2 0.8 0.2 0.8 0.1 0.9 0.6 0.4 0.6 0.4 0.5 0.5 0.6 0.4 0.9 0.1 0.8 0.2 0.8 0.2 0.3 0.7 0.3 0.7 0.3 0.7 0.2 0.8 0.7 0.3 0.1 0.9 0.2 0.8 0.1 0.9 0.9 0.1 0.8 0.2 0.8 0.2 0.8 0.2 0.3 0.7 0.4 0.6 0.2 0.8 0.3 0.7 0.7 0.3 0.8 0.2 0.9 0.1 0.9 0.1 0.9 0.1 0.1 0.9 0.1 0.9 0.9 0.1 0.9 0.1 0.9 0.1 0.1 0.9 0.1 0.9 0.1 0.9 0.2 0.8 0.2 0.8 0.1 0.9 0.2 0.8 0.1 0.9 0.9 0.1 0.9 0.1 0.2 0.8 0.2 0.8 0.2 0.8 0.1 0.9 0.2 0.8 0.1 0.9 0.1 0.9 0.1 0.9 0.9 0.1 0.9 0.1 0.9 0.1 0.1 0.9 0.9 0.1 0.2 0.8 0.1 0.9 0.2 0.8 0.1 0.9 0.2 0.8 0.2 0.8 0.1 0.9 0.2 0.8 0.2 0.8 0.1 0.9 0.3 0.7 0.2 0.8 0.3 0.7 0.3 0.7 0.3 0.7 0.3 0.7 0.6 0.4 0.8 0.2 0.9 0.1 0.8 0.2 0.9 0.1 0.8 0.2 0.3 0.7 0.8 0.2 0.3 0.7 0.1 0.9 0.1 0.9 0.1 0.9 0.1 0.9 0.1 0.9 0.1 0.9 0.1 0.9 0.1 0.9 0.1 0.9 0.1 0.9 0.1 0.9 0.8 0.2 0.8 0.2 0.1 0.9 0.8 0.2 0.6 0.4 0.6 0.4 0.6 0.4 0.5 0.5 0.5 0.5 0.5 0.5 0.5 0.5 0.5 0.5 0.5 0.5 0.1 0.9 0.2 0.8 0.2 0.8 0.1 0.9 0.2 0.8 0.2 0.8 0.2 0.8 0.2 0.8 0.2 0.8 0.1 0.9 0.2 0.8 0.2 0.8 0.3 0.7 0.3 0.7 0.4 0.6 0.4 0.6 0.6 0.4 0.5 0.5 0.5 0.5 0.5 0.5 0.2 0.8 0.8 0.2 0.3 0.7 0.3 0.7 0.8 0.2 0.7 0.3 0.8 0.2 0.3 0.7 0.5 0.5 0.5 0.5 0.8 0.2 0.9 0.1 0.3 0.7 0.3 0.7 0.3 0.7 0.8 0.2 0.6 0.4 0.7 0.3 0.5 0.5 0.5 0.5 0.8 0.2 0.7 0.3 0.3 0.7 0.3 0.7 0.6 0.4 0.2 0.8 0.1 0.9 0.7 0.3 0.7 0.3 0.3 0.7 0.7 0.3 0.3 0.7 0.7 0.3 0.3 0.7 0.3 0.7 0.2 0.8 0.2 0.8 0.2 0.8 0.2 0.8 0.2 0.8 0.1 0.9 0.1 0.9 0.2 0.8 0.8 0.2 0.8 0.2 0.8 0.2 0.1 0.9 0.3 0.7 0.3 0.7 0.5 0.5 0.1 0.9 0.1 0.9 0.5 0.5 0.5 0.5 0.5 0.5 0.3 0.7 0.1 0.9 0.5 0.5 0.5 0.5 0.5 0.5 0.5 0.5 0.5 0.5 0.4 0.6 0.4 0.6 0.2 0.8 0.2 0.8 0.4 0.6 0.7 0.3 0.2 0.8 0.2 0.8 0.8 0.2 0.2 0.8 0.1 0.9 0.3 0.7 0.3 0.7 0.3 0.7 0.5 0.5 0.5 0.5 0.8 0.2 0.6 0.4 0.3 0.7 0.5 0.5 0.8 0.2 0.5 0.5 0.5 0.5 0.6 0.4 0.6 0.4 0.6 0.4 0.7 0.3 0.7 0.3 0.8 0.2 0.8 0.2 0.9 0.1 0.7 0.3 0.6 0.4 0.8 0.2 0.8 0.2 0.4 0.6 0.2 0.8 0.2 0.8 0.4 0.6 0.2 0.8 0.2 0.8 0.3 0.7 0.4 0.6 0.4 0.6 0.4 0.6 0.1 0.9 0.2 0.8 0.1 0.9 0.1 0.9 0.1 0.9 0.1 0.9 0.2 0.8 0.2 0.8 0.4 0.6 0.4 0.6 0.2 0.8 0.2 0.8 0.2 0.8 0.3 0.7 0.4 0.6 0.1 0.9 0.1 0.9 0.1 0.9 0.2 0.8 0.2 0.8 0.2 0.8 0.2 0.8 0.2 0.8 0.2 0.8 0.2 0.8 0.2 0.8 0.2 0.8 0.2 0.8 0.2 0.8 0.2 0.8 0.2 0.8 0.2 0.8 0.2 0.8 0.2 0.8 0.2 0.8 0.2 0.8 0.2 0.8 0.2 0.8 0.2 0.8 0.2 0.8 0.2 0.8 0.2 0.8 0.2 0.8 0.2 0.8 0.2 0.8 0.2 0.8 0.2 0.8 0.2 0.8 0.2 0.8 0.2 0.8 0.2 0.8 0.2 0.8 0.2 0.8 0.2 0.8 0.2 0.8 0.2 0.8 0.2 0.8 0.2 0.8 0.2 0.8 0.3 0.7 0.2 0.8 0.2 0.8 0.2 0.8 0.2 0.8 0.2 0.8 0.2 0.8 0.2 0.8 0.2 0.8 0.2 0.8 0.5 0.5 0.5 0.5 0.5 0.5 0.5 0.5 0.5 0.5 0.5 0.5 0.5 0.5 0.5 0.5 0.5 0.5 0.5 0.5 0.5 0.5 0.5 0.5 0.5 0.5 0.5 0.5 0.5 0.5 0.5 0.5 0.5 0.5 0.5 0.5 0.5 0.5 0.5 0.5 0.5 0.5 0.5 0.5 0.5 0.5 0.5 0.5 0.5 0.5 0.5 0.5 0.5 0.5 0.4 0.6 0.4 0.6 0.4 0.6 0.2 0.8 0.3 0.7 0.4 0.6 0.2 0.8 0.2 0.8 0.3 0.7 0.3 0.7 0.8 0.2 0.8 0.2 0.8 0.2 0.3 0.7 0.3 0.7 0.8 0.2 0.7 0.3 0.7 0.3 0.7 0.3 0.9 0.1 0.7 0.3 0.9 0.1 0.5 0.5 0.5 0.5 0.8 0.2 0.3 0.7 0.8 0.2 0.8 0.2 0.8 0.2 0.7 0.3 0.3 0.7 0.3 0.7 0.7 0.3 0.7 0.3 0.5 0.5 0.7 0.3 0.7 0.3 0.7 0.3 0.5 0.5 0.7 0.3 0.1 0.9 0.7 0.3 0.7 0.3 0.1 0.9 0.7 0.3 0.8 0.2 0.7 0.3 0.7 0.3 0.7 0.3 0.7 0.3 0.7 0.3 0.8 0.2 0.3 0.7 0.3 0.7 0.5 0.5 0.5 0.5 0.5 0.5 0.5 0.5 0.5 0.5 0.5 0.5 0.5 0.5 0.5 0.5 0.2 0.8 0.2 0.8 0.2 0.8 0.2 0.8 0.2 0.8 0.2 0.8 0.2 0.8 0.2 0.8 0.2 0.8 0.2 0.8 0.2 0.8 0.2 0.8 0.2 0.8 0.2 0.8 0.2 0.8 0.2 0.8 0.2 0.8 0.2 0.8 0.2 0.8 0.2 0.8 0.2 0.8 0.2 0.8 0.2 0.8 0.2 0.8 0.2 0.8 0.2 0.8 0.2 0.8 0.2 0.8 0.2 0.8 0.2 0.8 0.2 0.8 0.2 0.8 0.2 0.8 0.2 0.8 0.2 0.8 0.2 0.8 0.2 0.8 0.2 0.8 0.2 0.8 0.2 0.8 0.2 0.8 0.2 0.8 0.2 0.8 0.2 0.8 0.1 0.9 0.1 0.9 0.1 0.9 0.1 0.9 0.1 0.9 0.2 0.8 0.2 0.8 0.2 0.8 0.2 0.8 0.2 0.8 0.2 0.8 0.2 0.8 0.2 0.8 0.1 0.9 0.2 0.8 0.2 0.8 0.2 0.8 0.2 0.8 0.1 0.9 0.1 0.9 0.1 0.9 0.2 0.8 0.4 0.6 0.4 0.6 0.2 0.8 0.2 0.8 0.2 0.8 0.1 0.9 0.3 0.7 0.3 0.7 0.3 0.7 0.5 0.5 0.3 0.7 0.5 0.5 0.8 0.2 0.8 0.2 0.5 0.5 0.2 0.8 0.8 0.2 0.2 0.8 0.3 0.7 0.6 0.4 0.9 0.1 0.3 0.7 0.4 0.6 0.4 0.6 0.2 0.8 0.2 0.8 0.4 0.6 0.2 0.8 0.2 0.8 0.1 0.9 0.1 0.9 0.1 0.9 0.3 0.7 0.2 0.8 0.3 0.7 0.1 0.9 0.2 0.8 0.1 0.9 0.6 0.4 0.2 0.8 0.6 0.4 0.2 0.8 0.6 0.4 0.1 0.9 0.1 0.9 0.8 0.2 0.8 0.2 0.8 0.2 0.9 0.1 0.6 0.4 0.2 0.8 0.1 0.9 0.6 0.4 0.2 0.8 0.3 0.7 0.9 0.1 0.4 0.6 0.4 0.6 0.2 0.8 0.2 0.8 0.8 0.2 0.4 0.6 0.2 0.8 0.2 0.8 0.1 0.9 0.1 0.9 0.1 0.9 0.3 0.7 0.2 0.8 0.3 0.7 0.1 0.9 0.1 0.9 0.1 0.9 0.3 0.7 0.2 0.8 0.2 0.8 0.3 0.7 0.2 0.8 0.5 0.5 0.6 0.4 0.3 0.7 0.1 0.9 0.3 0.7 0.1 0.9 0.3 0.7 0.3 0.7 0.1 0.9 0.5 0.5 0.5 0.5 0.7 0.3 0.8 0.2 0.8 0.2 0.8 0.2 0.2 0.8 0.9 0.1 0.9 0.1 0.9 0.1 0.9 0.1 0.9 0.1 0.9 0.1 0.9 0.1 0.5 0.5 0.5 0.5 0.7 0.3 0.5 0.5 0.1 0.9 0.8 0.2 0.9 0.1 0.2 0.8 0.5 0.5 0.8 0.2 0.8 0.2 0.2 0.8 0.7 0.3 0.2 0.8 0.5 0.5 0.5 0.5 0.7 0.3 0.9 0.1 0.9 0.1 0.9 0.1 0.9 0.1 0.9 0.1 0.7 0.3 0.4 0.6 0.3 0.7 0.2 0.8 0.9 0.1 0.8 0.2 0.8 0.2 0.9 0.1 0.9 0.1 0.7 0.3 0.7 0.3 0.6 0.4 0.6 0.4 0.5 0.5 0.5 0.5 0.2 0.8 0.8 0.2 0.9 0.1 0.8 0.2 0.9 0.1 0.8 0.2 0.7 0.3 0.7 0.3 0.8 0.2 0.7 0.3 0.8 0.2 0.6 0.4 0.6 0.4 0.6 0.4 0.6 0.4 0.5 0.5 0.5 0.5 0.5 0.5 0.5 0.5 0.5 0.5 0.7 0.3 0.7 0.3 0.6 0.4 0.3 0.7 0.5 0.5 0.7 0.3 0.8 0.2 0.5 0.5 0.8 0.2 0.7 0.3 0.7 0.3 0.7 0.3 0.5 0.5 0.5 0.5 0.5 0.5 0.5 0.5 0.5 0.5 0.5 0.5 0.5 0.5 0.4 0.6 0.9 0.1 0.9 0.1 0.5 0.5 0.9 0.1 0.9 0.1 0.9 0.1 0.5 0.5 0.4 0.6 0.4 0.6 0.4 0.6 0.4 0.6 0.7 0.3 0.5 0.5 0.5 0.5 0.5 0.5 0.9 0.1 0.5 0.5 0.4 0.6 0.9 0.1 0.9 0.1 0.4 0.6 0.4 0.6 0.5 0.5 0.7 0.3 0.5 0.5 0.5 0.5 0.1 0.9 0.2 0.8 0.2 0.8 0.2 0.8 0.1 0.9 0.4 0.6 0.2 0.8 0.5 0.5 0.3 0.7 0.5 0.5 0.9 0.1 0.8 0.2 0.5 0.5 0.8 0.2 0.8 0.2 0.9 0.1 0.9 0.1 0.9 0.1 0.4 0.6 0.2 0.8 0.2 0.8 0.2 0.8 0.2 0.8 0.2 0.8 0.2 0.8 0.2 0.8 0.2 0.8 0.3 0.7 0.3 0.7 0.3 0.7 0.3 0.7 0.3 0.7 0.3 0.7 0.5 0.5 0.5 0.5 0.5 0.5 0.5 0.5 0.5 0.5 0.5 0.5 0.6 0.4 0.6 0.4 0.8 0.2 0.8 0.2 0.8 0.2 0.8 0.2 0.9 0.1 0.9 0.1 0.8 0.2 0.7 0.3 0.9 0.1 0.8 0.2 0.7 0.3 0.7 0.3 0.7 0.3 0.5 0.5 0.5 0.5 0.5 0.5 0.5 0.5 0.5 0.5 0.5 0.5 0.7 0.3 0.7 0.3 0.7 0.3 0.7 0.3 0.7 0.3 0.7 0.3 0.7 0.3 0.8 0.2 0.8 0.2 0.3 0.7 0.3 0.7 0.3 0.7 0.3 0.7 0.5 0.5 0.5 0.5 0.5 0.5 0.5 0.5 0.8 0.2 0.9 0.1 0.5 0.5 0.3 0.7 0.2 0.8 0.5 0.5 0.3 0.7 0.5 0.5 0.2 0.8 0.2 0.8 0.2 0.8 0.6 0.4 0.6 0.4 0.5 0.5 0.6 0.4 0.9 0.1 0.8 0.2 0.8 0.2 0.3 0.7 0.3 0.7 0.3 0.7 0.2 0.8 0.7 0.3 0.2 0.8 0.1 0.9 0.9 0.1 0.8 0.2 0.8 0.2 0.8 0.2 0.4 0.6 0.3 0.7 0.2 0.8 0.3 0.7 0.7 0.3 0.8 0.2 0.1 0.9 0.2 0.8 0.2 0.8 0.2 0.8 0.2 0.8 0.2 0.8 0.3 0.7 0.2 0.8 0.3 0.7 0.3 0.7 0.3 0.7 0.3 0.7 0.6 0.4 0.8 0.2 0.8 0.2 0.8 0.2 0.3 0.7 0.8 0.2 0.3 0.7 0.1 0.9 0.1 0.9 0.1 0.9 0.1 0.9 0.1 0.9 0.1 0.9 0.1 0.9 0.1 0.9 0.1 0.9 0.1 0.9 0.1 0.9 0.1 0.9 0.8 0.2 0.8 0.2 0.1 0.9 0.8 0.2 0.6 0.4 0.6 0.4 0.6 0.4 0.5 0.5 0.5 0.5 0.5 0.5 0.5 0.5 0.5 0.5 0.5 0.5 0.2 0.8 0.1 0.9 0.2 0.8 0.2 0.8 0.2 0.8 0.1 0.9 0.2 0.8 0.1 0.9 0.2 0.8 0.2 0.8 0.3 0.7 0.3 0.7 0.1 0.9 0.5 0.5 0.1 0.9 0.5 0.5 0.5 0.5 0.5 0.5 0.3 0.7 0.1 0.9 0.5 0.5 0.5 0.5 0.5 0.5 0.5 0.5 0.5 0.5 0.4 0.6 0.4 0.6 0.2 0.8 0.2 0.8 0.4 0.6 0.7 0.3 0.2 0.8 0.2 0.8 0.8 0.2 0.2 0.8 0.1 0.9 0.3 0.7 0.3 0.7 0.3 0.7 0.5 0.5 0.5 0.5 0.8 0.2 0.6 0.4 0.3 0.7 0.5 0.5 0.8 0.2 0.5 0.5 0.5 0.5 0.6 0.4 0.6 0.4 0.6 0.4 0.7 0.3 0.7 0.3 0.8 0.2 0.8 0.2 0.9 0.1 0.7 0.3 0.6 0.4 0.8 0.2 0.8 0.2 0.2 0.8 0.2 0.8 0.2 0.8 0.2 0.8 0.2 0.8 0.2 0.8 0.2 0.8 0.2 0.8 0.2 0.8 0.2 0.8 0.2 0.8 0.2 0.8 0.2 0.8 0.2 0.8 0.2 0.8 0.2 0.8 0.2 0.8 0.2 0.8 0.2 0.8 0.2 0.8 0.2 0.8 0.2 0.8 0.2 0.8 0.2 0.8 0.2 0.8 0.2 0.8 0.2 0.8 0.2 0.8 0.2 0.8 0.2 0.8 0.2 0.8 0.2 0.8 0.2 0.8 0.2 0.8 0.2 0.8 0.2 0.8 0.2 0.8 0.2 0.8 0.2 0.8 0.2 0.8 0.3 0.7 0.2 0.8 0.2 0.8 0.2 0.8 0.2 0.8 0.2 0.8 0.2 0.8 0.2 0.8 0.2 0.8 0.2 0.8 0.5 0.5 0.5 0.5 0.5 0.5 0.6 0.4 0.2 0.8 0.8 0.2 0.3 0.7 0.3 0.7 0.8 0.2 0.7 0.3 0.8 0.2 0.3 0.7 0.5 0.5 0.5 0.5 0.8 0.2 0.3 0.7 0.2 0.8 0.9 0.1 0.3 0.7 0.3 0.7 0.3 0.7 0.7 0.3 0.6 0.4 0.3 0.7 0.3 0.7 0.2 0.8 0.1 0.9 0.7 0.3 0.1 0.9 0.5 0.5 0.5 0.5 0.8 0.2 0.7 0.3 0.2 0.8 0.8 0.2 0.8 0.2 0.7 0.3 0.8 0.2 0.7 0.3 0.5 0.5 0.5 0.5 0.3 0.7 0.3 0.7 0.1 0.9 0.1 0.9 0.8 0.2 0.5 0.5 0.8 0.2 0.3 0.7 0.1 0.9 0.3 0.7 0.1 0.9 0.2 0.8 0.2 0.8 0.3 0.7 0.2 0.8 0.5 0.5 0.6 0.4 0.3 0.7 0.3 0.7 0.2 0.8 0.2 0.8 0.1 0.9 0.4 0.6 0.4 0.6 0.4 0.6 0.2 0.8 0.5 0.5 0.7 0.3 0.5 0.5 0.5 0.5 0.9 0.1 0.9 0.1 0.9 0.1 0.9 0.1 0.9 0.1 0.2 0.8 0.2 0.8 0.1 0.9 0.2 0.8 0.1 0.9 0.2 0.8 0.2 0.8 0.2 0.8 0.2 0.8 0.2 0.8 0.2 0.8 0.1 0.9 0.2 0.8 0.2 0.8 0.2 0.8 0.1 0.9 0.2 0.8 0.2 0.8 0.2 0.8 0.2 0.8 0.5 0.5 0.5 0.5 0.5 0.5 0.5 0.5 0.5 0.5 0.5 0.5 0.5 0.5 0.4 0.6 0.4 0.6 0.4 0.6 0.2 0.8 0.3 0.7 0.4 0.6 0.2 0.8 0.2 0.8 0.3 0.7 0.8 0.2 0.3 0.7 0.8 0.2 0.8 0.2 0.3 0.7 0.3 0.7 0.8 0.2 0.7 0.3 0.7 0.3 0.7 0.3 0.9 0.1 0.9 0.1 0.7 0.3 0.9 0.1 0.8 0.2 0.8 0.2 0.5 0.5 0.5 0.5 0.8 0.2 0.3 0.7 0.8 0.2 0.8 0.2 0.8 0.2 0.7 0.3 0.3 0.7 0.3 0.7 0.7 0.3 0.7 0.3 0.5 0.5 0.7 0.3 0.7 0.3 0.7 0.3 0.5 0.5 0.7 0.3 0.5 0.5 0.1 0.9 0.7 0.3 0.7 0.3 0.1 0.9 0.7 0.3 0.1 0.9 0.7 0.3 0.1 0.9 0.7 0.3 0.7 0.3 0.8 0.2 0.7 0.3 0.7 0.3 0.7 0.3 0.8 0.2 0.3 0.7 0.3 0.7 0.5 0.5 0.5 0.5 0.5 0.5 0.5 0.5 0.5 0.5 0.5 0.5 0.5 0.5 0.5 0.5 0.2 0.8 0.4 0.6 0.4 0.6 0.2 0.8 0.2 0.8 0.2 0.8 0.1 0.9 0.3 0.7 0.3 0.7 0.3 0.7 0.5 0.5 0.3 0.7 0.5 0.5 0.8 0.2 0.8 0.2 0.5 0.5 0.2 0.8 0.8 0.2 0.2 0.8 0.3 0.7 0.2 0.8 0.3 0.7 0.7 0.3 0.3 0.7 0.2 0.8 0.2 0.8 0.1 0.9 0.1 0.9 0.2 0.8 0.8 0.2 0.6 0.4 0.5 0.5 0.8 0.2 0.1 0.9 0.9 0.1 0.2 0.8 0.5 0.5 0.8 0.2 0.8 0.2 0.2 0.8 0.7 0.3 0.2 0.8 0.5 0.5 0.5 0.5 0.8 0.2 0.9 0.1 0.9 0.1 0.9 0.1 0.8 0.2 0.8 0.2 0.8 0.2 0.9 0.1 0.9 0.1 0.9 0.1 0.8 0.2 0.8 0.2 0.8 0.2 0.9 0.1 0.7 0.3 0.7 0.3 0.6 0.4 0.9 0.1 0.6 0.4 0.5 0.5 0.5 0.5 0.2 0.8 0.8 0.2 0.1 0.9 0.1 0.9 0.2 0.8 0.1 0.9 0.1 0.9 0.2 0.8 0.2 0.8 0.2 0.8 0.2 0.8 0.2 0.8 0.2 0.8 0.1 0.9 0.1 0.9 0.8 0.2 0.8 0.2 0.8 0.2 0.9 0.1 0.9 0.1 0.8 0.2 0.7 0.3 0.7 0.3 0.8 0.2 0.7 0.3 0.8 0.2 0.6 0.4 0.6 0.4 0.6 0.4 0.6 0.4 0.5 0.5 0.8 0.2 0.5 0.5 0.5 0.5 0.5 0.5 0.5 0.5 0.5 0.5 0.5 0.5 0.7 0.3 0.7 0.3 0.6 0.4 0.3 0.7 0.5 0.5 0.7 0.3 0.8 0.2 0.5 0.5 0.8 0.2 0.7 0.3 0.7 0.3 0.7 0.3 0.5 0.5 0.5 0.5 0.5 0.5 0.5 0.5 0.5 0.5 0.2 0.8 0.1 0.9 0.2 0.8 0.2 0.8 0.1 0.9 0.2 0.8 0.2 0.8 0.2 0.8 0.3 0.7 0.5 0.5 0.6 0.4 0.6 0.4 0.6 0.4 0.6 0.4 0.6 0.4 0.6 0.4 0.5 0.5 0.5 0.5 0.5 0.5 0.5 0.5 0.3 0.7 0.2 0.8 0.5 0.5 0.4 0.6 0.3 0.7 0.2 0.8 0.8 0.2 0.8 0.2 0.8 0.2 0.9 0.1 0.4 0.6 0.2 0.8 0.5 0.5 0.5 0.5 0.5 0.5 0.5 0.5 0.5 0.5 0.5 0.5 0.4 0.6 0.4 0.6 0.3 0.7 0.3 0.7 0.4 0.6 0.3 0.7 0.5 0.5 0.2 0.8 0.2 0.8 0.4 0.6 0.5 0.5 0.5 0.5 0.5 0.5 0.5 0.5 0.5 0.5 0.5 0.5 0.5 0.5 0.2 0.8 0.2 0.8 0.3 0.7 0.2 0.8 0.2 0.8 0.3 0.7 0.2 0.8 0.3 0.7 0.3 0.7 0.4 0.6 0.4 0.6 0.2 0.8 0.2 0.8 0.2 0.8 0.2 0.8 0.2 0.8 0.2 0.8 0.2 0.8 0.2 0.8 0.2 0.8 0.2 0.8 0.2 0.8 0.5 0.5 0.5 0.5 0.5 0.5 0.5 0.5 0.5 0.5 0.5 0.5 0.5 0.5 0.5 0.5 0.5 0.5 0.5 0.5 0.5 0.5 0.5 0.5 0.5 0.5 0.5 0.5 0.5 0.5 0.5 0.5 0.5 0.5 0.5 0.5 0.5 0.5 0.5 0.5 0.2 0.8 0.2 0.8 0.2 0.8 0.3 0.7 0.3 0.7 0.3 0.7 0.3 0.7 0.3 0.7 0.3 0.7 0.5 0.5 0.5 0.5 0.5 0.5 0.5 0.5 0.5 0.5 0.5 0.5 0.6 0.4 0.6 0.4 0.8 0.2 0.8 0.2 0.8 0.2 0.8 0.2 0.9 0.1 0.9 0.1 0.8 0.2 0.8 0.2 0.9 0.1 0.7 0.3 0.7 0.3 0.7 0.3 0.5 0.5 0.5 0.5 0.5 0.5 0.5 0.5 0.5 0.5 0.7 0.3 0.7 0.3 0.7 0.3 0.7 0.3 0.7 0.3 0.7 0.3 0.7 0.3 0.8 0.2 0.8 0.2 0.3 0.7 0.3 0.7 0.3 0.7 0.3 0.7 0.5 0.5 0.5 0.5 0.5 0.5 0.5 0.5</float_array>
          <technique_common>
            <accessor source="#Controller1-weights-array" count="3681" stride="1">
              <param name="WEIGHT" type="float"/>
            </accessor>
          </technique_common>
        </source>
        <joints>
          <input semantic="JOINT" source="#Controller1-joints"/>
          <input semantic="INV_BIND_MATRIX" source="#Controller1-bind_poses"/>
        </joints>
        <vertex_weights count="3024">
          <input semantic="JOINT" source="#Controller1-joints" offset="0"/>
          <input semantic="WEIGHT" source="#Controller1-weights" offset="1"/>
          <vcount>1 1 1 1 1 1 2 1 2 1 1 1 1 2 2 1 1 1 1 1 2 1 1 2 1 1 2 1 2 2 2 1 1 1 2 2 1 2 1 2 1 1 1 1 1 2 2 1 1 1 1 1 1 1 1 1 1 1 1 1 1 1 1 1 1 1 1 1 1 2 1 2 1 1 1 2 1 1 1 1 2 1 1 1 1 1 1 1 1 1 1 1 1 1 1 1 1 1 1 1 1 1 1 1 1 1 1 1 1 1 1 1 1 1 1 1 1 1 1 1 1 1 1 1 1 2 2 1 1 1 1 1 1 1 1 1 1 1 1 1 1 1 1 1 1 1 1 1 1 1 1 1 1 1 1 1 1 1 1 1 1 1 1 1 1 1 1 2 2 1 1 2 1 1 1 1 2 1 1 1 1 2 1 1 1 1 1 1 1 1 1 1 2 1 2 1 1 1 1 1 1 1 1 1 1 1 1 1 1 1 1 1 1 1 1 1 1 1 1 1 1 1 1 1 1 2 2 2 1 2 1 1 1 1 1 2 1 2 1 1 1 2 1 1 1 2 1 1 2 1 1 1 1 1 1 1 1 1 1 1 1 1 2 1 2 1 1 1 1 1 1 1 1 1 1 1 1 1 1 1 2 1 1 2 1 2 2 1 1 2 1 2 1 1 1 1 1 1 1 1 2 2 2 1 1 1 1 1 1 1 2 2 1 2 2 2 2 2 1 2 2 1 2 1 1 1 1 1 1 2 1 1 1 1 2 2 2 1 2 2 1 2 1 1 1 1 1 1 1 1 1 1 1 1 1 1 1 1 1 1 1 1 1 1 1 1 1 1 1 1 1 1 1 1 1 1 1 1 1 1 1 1 1 1 1 1 1 1 1 1 1 1 1 1 1 1 1 2 2 1 1 1 1 1 1 1 2 2 1 1 2 1 1 1 1 1 2 2 1 2 2 1 2 2 2 1 1 2 1 1 1 1 1 1 1 1 1 2 1 1 2 1 1 1 2 1 1 1 1 1 1 1 1 1 1 1 1 1 2 1 1 1 1 1 1 2 1 1 1 1 2 2 1 2 2 2 1 1 1 2 1 2 2 1 1 1 1 1 1 1 1 1 1 1 1 1 1 1 1 1 2 2 1 2 2 1 1 2 2 2 1 1 1 1 1 1 1 1 1 1 1 1 1 1 1 1 1 1 1 1 1 1 1 1 1 1 1 1 1 1 1 1 1 1 1 1 1 1 1 1 1 1 1 1 1 1 1 1 2 1 2 2 2 1 1 1 2 1 1 1 1 1 1 1 1 1 1 1 1 1 1 1 1 1 1 1 1 1 1 1 1 1 1 1 1 1 1 1 1 2 1 1 1 2 2 2 1 1 1 1 1 1 1 1 1 1 1 1 1 1 1 1 1 1 1 1 1 1 1 1 1 1 1 1 1 1 1 1 1 1 1 1 1 1 1 1 1 1 1 1 1 1 1 1 1 1 1 1 1 1 2 2 2 2 1 1 1 1 1 1 1 1 1 1 1 1 1 1 1 1 1 1 1 2 1 1 1 1 1 1 1 1 1 1 1 1 1 1 1 1 1 1 1 1 1 1 1 1 1 1 1 1 1 1 1 1 1 1 1 1 1 1 1 1 1 1 1 1 1 1 1 1 1 1 1 1 1 1 1 1 1 1 1 1 1 1 1 1 1 1 1 1 1 1 1 1 1 1 1 1 1 1 1 1 1 1 1 1 1 1 1 1 1 1 1 1 1 1 1 1 1 1 1 1 1 1 1 1 1 1 1 1 1 1 1 1 1 1 1 1 1 1 1 1 1 1 1 1 1 1 1 1 1 1 1 1 1 1 1 2 2 1 1 1 1 1 1 1 2 1 2 1 1 1 1 1 1 1 1 1 1 1 1 1 1 1 1 1 1 1 1 2 2 1 1 1 1 1 2 2 1 1 1 1 1 1 1 1 1 1 1 1 1 1 1 1 1 1 1 1 1 1 1 1 1 1 1 1 1 1 1 1 1 1 1 1 1 1 1 1 1 1 1 2 2 2 1 1 2 1 1 1 1 1 1 1 1 1 1 1 1 1 2 1 2 1 1 2 1 2 1 1 1 1 1 1 1 1 1 1 1 1 2 1 2 1 2 2 1 2 2 1 2 2 2 1 2 2 1 1 1 1 1 1 1 1 1 1 2 1 1 1 1 1 1 1 1 1 1 1 1 1 1 1 1 1 1 1 1 1 1 1 1 1 1 1 1 1 1 1 1 1 1 1 1 1 1 1 1 1 1 1 1 1 1 1 1 1 1 1 1 1 1 1 2 2 1 2 2 2 2 1 1 2 1 2 2 1 2 2 1 1 1 1 1 1 1 2 1 1 1 1 2 1 1 1 1 2 1 2 1 2 1 1 1 2 1 1 2 2 1 1 1 1 1 1 1 1 1 1 1 1 1 2 1 2 1 2 1 1 1 1 2 1 1 1 1 1 2 2 1 2 2 2 1 1 2 2 2 1 1 1 1 1 1 1 1 1 1 1 2 1 2 2 1 1 1 1 1 1 1 1 1 1 1 1 1 1 1 1 1 1 1 1 1 1 1 1 1 1 1 1 1 1 1 1 1 1 1 1 1 1 1 1 1 1 1 1 1 1 1 1 1 1 1 1 1 1 1 1 1 2 1 2 1 1 2 1 1 1 1 2 1 1 1 1 1 1 1 1 1 1 1 2 1 2 2 1 2 1 1 1 1 1 1 1 1 1 1 1 1 1 1 1 1 1 1 1 1 1 1 1 1 1 1 1 1 1 1 1 1 1 2 2 1 1 1 1 1 1 1 1 1 1 1 1 1 1 1 1 1 1 1 1 1 1 1 1 1 1 1 1 1 1 1 1 1 1 1 1 1 1 1 1 1 1 1 1 1 1 1 1 1 1 1 1 1 1 1 1 1 1 1 1 1 1 1 1 1 1 1 1 1 1 1 1 1 1 1 1 1 1 1 1 1 1 1 1 1 1 1 1 1 1 1 1 1 1 1 1 1 1 1 1 1 1 2 2 1 1 2 1 1 2 2 1 1 1 1 1 1 1 1 1 2 2 2 2 2 2 2 2 2 2 2 2 2 2 2 2 2 2 1 2 2 2 2 2 2 2 2 2 2 2 2 2 2 2 2 2 2 2 2 2 2 2 2 2 2 2 2 2 2 2 2 2 2 2 2 2 2 2 2 2 2 2 2 2 2 2 2 2 2 2 2 2 2 2 2 2 2 2 2 2 2 2 2 2 2 2 2 2 2 2 2 2 2 2 2 2 2 2 2 2 2 2 2 2 2 2 2 2 2 2 2 2 2 2 2 2 2 2 2 2 2 2 2 2 2 2 2 2 2 2 2 2 2 2 2 2 2 2 2 2 2 2 2 2 2 2 2 2 2 2 2 2 2 2 2 2 2 2 2 2 2 2 2 2 2 2 2 2 2 2 2 2 2 2 2 2 2 2 2 2 2 2 2 2 2 2 2 2 2 2 2 2 2 2 2 2 2 2 2 2 2 2 2 2 2 2 2 2 2 2 2 2 2 2 2 2 2 2 2 2 2 2 2 2 2 2 2 2 2 2 2 2 2 2 2 2 2 2 2 2 2 2 2 2 2 2 2 2 2 2 2 2 2 2 2 2 2 2 2 2 2 2 2 2 2 2 2 2 2 2 2 2 2 2 2 2 2 2 2 2 2 2 2 2 2 2 2 2 2 2 2 2 2 2 2 2 2 2 2 2 1 2 2 2 2 2 2 2 2 2 2 2 2 2 2 2 2 2 2 2 2 2 2 2 2 2 2 2 2 2 2 2 2 2 2 2 2 2 2 2 2 2 2 2 2 2 2 2 2 2 2 2 1 2 2 2 2 2 2 2 2 2 2 2 2 2 2 2 2 2 2 2 2 2 2 2 2 2 2 2 2 2 2 2 2 2 2 2 2 2 2 2 2 2 2 2 2 2 2 2 2 2 2 2 2 2 2 2 2 2 2 2 2 2 2 2 2 2 2 2 2 2 2 2 2 2 2 2 2 2 2 2 2 2 2 2 2 2 2 2 2 2 2 2 2 2 2 2 2 2 2 2 2 2 2 2 2 2 2 2 2 2 2 2 2 2 2 2 2 2 2 2 2 2 2 2 2 2 2 2 2 2 2 2 2 2 2 2 2 2 2 2 2 2 2 2 2 2 2 2 2 2 2 2 2 2 2 2 2 2 2 2 2 2 2 2 2 2 2 2 2 2 2 2 2 2 2 2 2 2 2 2 2 2 2 2 2 2 2 2 2 2 2 2 2 2 2 2 2 2 2 2 2 2 2 2 2 2 2 2 2 2 2 2 2 2 2 2 2 2 2 2 2 2 2 2 2 2 2 2 2 2 2 2 2 2 2 2 2 2 2 2 2 2 2 2 2 2 2 2 2 2 2 2 2 2 2 2 2 2 2 2 2 2 2 2 2 2 2 2 2 2 2 2 2 2 2 2 2 2 2 2 2 2 2 2 2 2 2 2 2 2 2 2 2 2 2 2 2 2 2 2 2 2 2 2 2 2 2 2 2 2 2 2 1 2 2 2 2 2 2 2 2 2 2 2 2 2 2 2 2 2 2 2 2 2 2 2 2 2 2 2 2 2 2 2 2 2 2 2 2 2 2 2 2 2 2 2 2 2 2 2 2 2 2 2 2 2 2 2 2 2 2 2 2 2 2 2 2 2 2 2 2 2 2 2 2 2 2 2 2 2 2 2 2 2 2 2 2 2 2 2 2 2 2 2 2 2 2 2 2 2 2 2 2 2 2 2 2 2 2 2 2 2 2 2 2 2 2 2 2 2 2 2 2 2 2 2 2 2 2 2 2 2 2 2 2 2 2 2 2 2 2 2 2 2 2 2 2 2 2 2 2 2 2 2 2 2 2 2 2 2 2 2 2 2 2 2 2 2 2 2 2 2 2 2 2 2 2 2 2 2 2 2 2 2 2 2 2 2 2 2 2 2 2 2 2 2 2 2 2 2 2 2 2 2 2 2 2 2 2 2 2 2 2 2 2 2 2 2 2 2 2 2 2 2 2 2 2 2 2 2 2 2 2 2 2 2 2 2 2 2 2 2 2 2 2 2 2 2 2 2 2 2 2 2 2 2 2 2 2 2 2 2 2 2 2 2 2 2 2 2 2 2 2 2 2 2 2 2 2 2 2 2 2 2 2 2 2 2 2 2 2 2 2 2 2 2 2 2 2 2 2 2 2 2 2 2 2 2 2 2 2 2 2 2 2 2 2 2 2 2 2 2 2 2 2 2 2 2 2 2 2 2 2 2 2 2 2 2 2 2 2 2 2 2 2 2 1 1 2 2 2 2 2 2 2 2 2 2 2 2 2 2 2 2 2 2 2 2 2 2 2 2 2 2 2 2 2 2 2 2 2 2 2 2 2 2 2 2 2 2 2 2 2 2 2 2 2 2 2 2 2 2 2 2 2 2 2 2 2 2 2 2 2 2 2 2 2 2 2 2 2 2 2 2 2 2 2 2 2 2 2 2 2 2 2 2 2 2 2 2 2 2 2 2 2 2 2 2 2 2 2 2 2 2 2 2 2 2 2 2 2 2 2 2 2 2 2 2 2 2 2 2 2 2 2 2 2 2 2 2 2 2 2 2 2 2 2 2 2 2 2 2 2 2 2 2 2 2 2 2 2 2 2 2 2 2 2 2 2 2 2 2 2 2 2 2 2 2 2 2 2 2 2 2 2 2 2 2 2 2 2 2 2 2 2 2 2 2 2 2 2 2 2 2 2 2 2 2 2 2 2 2 2 2 2 2 2 2 2 2 2 2 2 2 2 2 2 2 2 2 2 2 2 2 2 2 2 2 2 2 2 2 2 2 2 2 2 2 2 2 2 2 2 2 2 2 2 2 2 2 2 2 2 2 2 2 2 2 2 2 2 2 2 2 2 2 2 2 2 2 2 2 2 2 2 2 2 2 2 2 2 2 2 2 2 2 2 2 2 2 2 2 2 2 2 2 2 2 2 2 2 2 2 2 2 2 2 2 2 2 2 2 2 2 2 2 2 2 2 2 2 2 2 2 2 2 2 2 2 2 2 2 2 2 1 2 2 2 2 2 2 2 2 2 2 2 2 2 2 2 2 2 2 2 2 2 2 2 2 2 2 2 2 2 2 2 2 2 2 2 2 2 2 2 2 2 2 2 2 2 2 2 2 2 2 2 2 2 2 2 2 2 2 2 2 2 2 2 2 2 2 2 2 2 2 2 2 2 2 2 2 2 2 2 2 2 1 2 2 2 2 2 2 2 2 2 2 2 1 2 2 2 2 2 2 2 2 2 2 2 2 2 2 2 2 2 2 2 2 2 2 2 2 2 2 2 2 2 2 2 2 2 2 2 2 2 2 2 2 2 2 2 2 2 2 2 2 2 2 2 2 2 2 2 2 2 2 2 2 2 2 2 2 2 2 2 2 2 2 2 2 2 2 2 2 2 2 2 2 2 2 2 2 2 2 2 2 2 2 2 2 2 2 2 2 2 2 1 2 2 2 2 2 2 2 2 2 2 2 2 2 2 2 2 2 2 2 2 2 2 2 2 2 2 2 2 2 2 2 2 2 2 2 2 2 2 2 2 2 2 2 2 2 2 2 2 2 2 2 2 2 2 2 2 2 2 2 2 2 2 2 2 2 2 2 2 2 2 2 2 2 2 2 2 2 2 2 2 2 2 2 2 2 2 2 2 2 2 2 2 2 2 2 2 2 2 2 2 2 2 2 2 2 2 2 2 2 2 2 2 2 2 2 2 2 2 2 2 </vcount>
          <v>8 0 8 0 8 0 8 0 8 0 8 0 18 1 8 2 8 0 18 3 8 4 8 0 8 0 8 0 8 0 18 5 8 6 18 7 8 8 8 0 8 0 8 0 8 0 8 0 18 9 8 10 8 0 8 0 18 11 8 12 8 0 8 0 18 13 8 14 8 0 18 15 8 16 18 17 8 18 18 19 8 20 8 0 8 0 8 0 15 21 8 22 15 23 8 24 8 0 15 25 8 26 8 0 15 27 8 28 8 0 8 0 8 0 8 0 8 0 15 29 8 30 15 31 8 32 8 0 8 0 8 0 8 0 8 0 8 0 8 0 8 0 8 0 8 0 8 0 15 0 15 0 15 0 15 0 15 0 15 0 15 0 15 0 15 0 15 0 15 0 16 33 15 34 15 0 16 35 15 36 15 0 15 0 15 0 15 37 8 38 15 0 15 0 15 0 15 0 15 39 8 40 15 0 15 0 15 0 15 0 15 0 15 0 15 0 15 0 15 0 15 0 15 0 15 0 15 0 15 0 15 0 15 0 15 0 15 0 15 0 15 0 15 0 15 0 15 0 15 0 15 0 15 0 15 0 15 0 15 0 15 0 15 0 15 0 15 0 15 0 15 0 15 0 15 0 15 0 15 0 15 0 15 0 15 0 15 0 15 0 15 41 8 42 15 43 8 44 15 0 15 0 15 0 15 0 15 0 15 0 15 0 15 0 15 0 15 0 15 0 15 0 15 0 15 0 15 0 15 0 15 0 15 0 15 0 15 0 15 0 15 0 15 0 15 0 15 0 15 0 15 0 15 0 15 0 15 0 15 0 15 0 15 0 15 0 15 0 15 0 15 0 15 0 15 0 15 0 15 45 8 46 15 47 8 48 15 0 15 0 15 49 8 50 15 0 15 0 15 0 15 0 15 51 8 52 15 0 15 0 15 0 15 0 15 53 8 54 15 0 15 0 15 0 15 0 15 0 15 0 15 0 15 0 15 0 15 0 15 55 8 56 15 0 15 57 8 58 15 0 15 0 15 0 15 0 15 0 15 0 15 0 15 0 15 0 15 0 15 0 15 0 15 0 15 0 15 0 15 0 15 0 15 0 15 0 15 0 15 0 15 0 15 0 15 0 15 0 15 0 15 0 15 0 15 0 15 0 15 59 8 60 15 61 8 62 15 63 8 64 15 0 15 65 8 66 15 0 15 0 15 0 15 0 15 0 15 67 8 68 15 0 15 69 8 70 15 0 15 0 15 0 15 71 8 72 15 0 15 0 8 0 15 73 8 74 8 0 8 0 15 75 8 76 8 0 15 0 15 0 15 0 15 0 15 0 15 0 15 0 15 0 15 0 15 0 15 0 15 0 15 77 8 78 15 0 15 79 8 80 15 0 15 0 15 0 15 0 15 0 15 0 15 0 15 0 15 0 15 0 15 0 15 0 15 0 15 0 8 0 15 81 8 82 8 0 15 0 15 83 8 84 15 0 15 85 8 86 15 87 8 88 8 0 8 0 18 89 8 90 8 0 18 91 8 92 8 0 8 0 8 0 8 0 8 0 8 0 8 0 8 0 18 93 8 94 18 95 8 96 18 97 8 98 8 0 8 0 8 0 8 0 8 0 8 0 8 0 18 99 8 100 18 101 8 102 8 0 18 103 8 104 9 105 8 106 15 107 8 108 15 109 8 110 15 111 8 112 18 0 23 113 18 114 23 115 18 116 29 0 29 117 24 118 29 0 29 0 29 0 29 0 29 0 29 0 30 119 29 120 29 0 29 0 29 0 29 0 29 121 24 122 29 123 24 124 30 125 29 126 29 0 29 127 24 128 29 129 24 130 29 0 29 131 24 132 8 0 8 0 8 0 8 0 8 0 8 0 8 0 8 0 8 0 8 0 8 0 8 0 8 0 8 0 8 0 8 0 8 0 8 0 8 0 8 0 8 0 8 0 8 0 8 0 8 0 8 0 8 0 8 0 8 0 8 0 8 0 8 0 8 0 8 0 8 0 8 0 8 0 8 0 8 0 8 0 8 0 8 0 8 0 8 0 8 0 8 0 8 0 8 0 8 0 8 0 8 0 8 0 8 0 8 0 32 0 32 133 31 134 32 135 31 136 32 0 32 0 32 0 32 0 32 0 32 0 32 0 32 137 31 138 32 139 31 140 32 0 32 0 32 141 31 142 32 0 32 0 32 0 32 0 29 0 30 143 29 144 30 145 29 146 29 0 30 147 29 148 30 149 29 150 29 0 30 151 29 152 30 153 29 154 32 155 31 156 32 0 8 0 18 157 8 158 8 0 8 0 8 0 8 0 8 0 8 0 8 0 8 0 8 0 15 159 8 160 8 0 8 0 18 161 8 162 8 0 8 0 8 0 18 163 8 164 8 0 16 0 16 0 16 0 16 0 16 0 16 0 16 0 16 0 16 0 16 0 16 0 16 0 16 165 8 166 16 0 16 0 16 0 16 0 16 0 16 0 16 167 8 168 16 0 16 0 16 0 16 0 16 169 15 170 16 171 15 172 15 0 15 173 8 174 15 175 8 176 16 177 15 178 15 0 16 0 16 0 16 179 8 180 16 0 16 181 8 182 16 183 8 184 16 0 16 0 16 0 16 0 16 0 16 0 16 0 16 0 16 0 16 0 16 0 16 0 16 0 16 0 16 0 16 0 16 0 16 185 15 186 16 187 15 188 15 0 16 189 15 190 15 191 8 192 15 0 20 0 20 193 19 194 20 195 19 196 20 197 19 198 20 0 16 0 16 0 16 0 16 0 16 0 16 0 16 0 16 0 16 0 16 0 16 0 16 0 16 0 16 0 16 0 16 0 16 0 16 0 16 0 16 0 16 0 16 0 16 0 16 0 16 0 16 0 16 0 16 0 16 0 16 0 16 0 16 0 16 0 16 0 16 0 16 0 16 0 16 0 16 0 16 0 16 0 16 0 16 0 16 0 16 0 16 0 16 0 16 199 15 200 16 0 16 201 15 202 15 203 8 204 15 205 8 206 16 0 16 0 16 0 16 207 15 208 16 0 16 0 16 0 16 0 16 0 16 0 16 0 16 0 16 0 16 0 16 0 16 0 16 0 16 0 16 0 16 0 16 0 16 0 16 0 16 0 16 0 16 0 16 0 16 0 16 0 16 0 16 0 16 0 16 0 16 0 15 0 15 0 15 209 8 210 15 0 15 0 15 0 15 211 8 212 15 213 8 214 15 215 8 216 15 0 15 0 15 0 15 0 15 0 15 0 15 0 15 0 15 0 15 0 15 0 15 0 15 0 15 0 15 0 15 0 15 0 15 0 16 0 16 0 16 0 16 0 16 0 16 0 16 0 16 0 16 0 16 0 16 0 16 0 16 0 16 0 16 0 16 0 16 0 16 0 16 0 16 0 16 0 16 0 16 0 16 0 16 0 16 0 16 0 16 0 16 0 16 0 16 0 16 0 16 0 16 0 16 0 26 0 26 217 25 218 26 219 25 220 26 221 25 222 26 223 25 224 26 0 8 0 8 0 16 0 16 0 15 0 15 0 15 0 15 0 15 0 15 0 15 0 15 0 15 0 15 0 15 0 15 0 15 0 15 0 15 225 8 226 15 0 15 0 15 0 15 0 15 0 15 0 15 0 15 0 15 0 15 0 15 0 15 0 15 0 15 0 15 0 15 0 15 0 15 0 15 0 15 0 15 0 15 0 15 0 15 0 15 0 15 0 15 0 15 0 15 0 15 0 15 0 15 0 15 0 15 0 15 0 15 0 15 0 15 0 15 0 15 0 15 0 15 0 15 0 15 0 15 0 15 0 15 0 15 0 15 0 15 0 15 0 15 0 15 0 15 0 15 0 15 0 15 0 15 0 15 0 15 0 15 0 15 0 15 0 15 0 15 0 15 0 15 0 15 0 15 0 15 0 15 0 15 0 15 0 15 0 15 0 15 0 15 0 15 0 15 0 15 0 15 0 15 0 15 0 15 0 15 0 15 0 15 0 15 0 15 0 15 0 15 0 15 0 15 0 15 0 15 0 15 0 15 0 15 0 15 0 15 0 15 0 15 0 15 0 15 0 15 0 15 0 15 0 15 0 15 0 15 0 15 0 15 0 15 0 15 0 15 0 15 0 15 0 15 0 15 0 15 0 15 0 15 0 15 0 15 0 15 0 15 0 15 0 15 0 15 0 15 0 15 0 15 0 15 0 15 0 15 0 15 227 8 228 15 229 8 230 15 0 15 0 15 0 8 0 8 0 20 0 20 0 20 231 19 232 32 0 32 233 31 234 32 0 32 0 32 0 32 0 32 0 32 0 32 0 32 0 32 0 15 0 15 0 15 0 15 0 15 0 15 0 15 0 15 0 15 0 15 0 15 0 16 235 15 236 16 237 15 238 15 0 15 0 15 0 15 0 15 0 16 239 15 240 15 241 8 242 15 0 15 0 15 0 15 0 15 0 15 0 15 0 15 0 15 0 15 0 15 0 15 0 15 0 15 0 15 0 15 0 15 0 15 0 15 0 15 0 15 0 15 0 15 0 15 0 15 0 15 0 15 0 15 0 15 0 15 0 15 0 15 0 15 0 15 0 15 0 15 0 15 0 15 0 15 0 15 0 15 0 8 0 8 0 15 243 8 244 15 245 8 246 15 247 8 248 8 0 8 0 15 249 8 250 8 0 15 0 15 0 15 0 15 0 15 0 15 0 15 0 15 0 15 0 15 0 15 0 15 0 15 251 8 252 15 0 15 253 8 254 15 0 15 0 15 255 8 256 15 0 15 257 8 258 15 0 15 0 15 0 15 0 15 0 15 0 15 0 15 0 15 0 15 0 15 0 8 0 15 259 8 260 8 0 15 261 8 262 8 0 15 263 8 264 15 265 8 266 15 0 15 267 8 268 15 269 8 270 15 0 15 271 8 272 15 273 8 274 15 275 8 276 8 0 18 277 8 278 18 279 8 280 8 0 8 0 8 0 8 0 8 0 8 0 8 0 8 0 8 0 8 0 18 281 8 282 8 0 8 0 8 0 8 0 8 0 8 0 8 0 8 0 8 0 8 0 8 0 8 0 8 0 8 0 8 0 8 0 8 0 8 0 8 0 8 0 8 0 8 0 8 0 8 0 8 0 8 0 8 0 8 0 8 0 8 0 8 0 8 0 8 0 8 0 8 0 8 0 8 0 8 0 8 0 8 0 8 0 8 0 8 0 8 0 8 0 8 0 8 0 8 0 8 0 8 0 8 0 8 0 8 0 8 0 8 0 18 283 8 284 18 285 8 286 8 0 15 287 8 288 15 289 8 290 12 291 8 292 18 293 8 294 8 0 8 0 18 295 8 296 18 0 18 297 8 298 18 299 8 300 8 0 18 301 8 302 18 303 8 304 8 0 8 0 8 0 8 0 8 0 8 0 8 0 18 305 8 306 8 0 8 0 8 0 8 0 18 307 8 308 8 0 8 0 8 0 8 0 18 309 8 310 8 0 18 311 8 312 8 0 18 313 8 314 8 0 8 0 8 0 18 315 8 316 35 0 35 0 35 317 34 318 35 319 34 320 35 0 35 0 35 0 35 0 35 0 35 0 35 0 35 0 35 0 35 0 35 0 29 0 29 0 33 321 29 322 29 0 33 323 29 324 29 0 35 325 34 326 35 0 29 0 29 0 29 0 33 327 29 328 29 0 29 0 29 0 29 0 29 0 33 329 29 330 29 331 24 332 29 0 29 333 24 334 29 335 24 336 29 337 24 338 29 0 29 0 29 339 24 340 29 341 24 342 33 343 29 344 16 0 16 0 16 0 16 0 16 0 16 0 16 0 15 0 15 0 15 0 15 0 15 345 8 346 15 0 15 347 8 348 15 349 8 350 15 0 15 0 15 0 15 0 15 0 15 0 15 0 15 0 15 0 15 0 15 0 15 0 15 0 15 0 15 0 15 0 15 0 15 0 16 0 16 0 16 0 16 0 16 0 16 0 16 0 16 0 16 0 16 0 16 0 16 0 16 0 16 0 16 0 16 0 16 0 16 0 16 0 16 0 16 0 16 0 16 0 16 0 16 0 16 0 16 0 16 0 16 0 16 0 16 0 16 0 16 0 16 0 16 0 8 0 8 0 8 0 8 0 15 351 8 352 8 0 15 353 8 354 8 0 8 0 15 355 8 356 8 0 8 0 8 0 8 0 15 357 8 358 8 0 8 0 8 0 8 0 8 0 8 0 8 0 8 0 8 0 8 0 8 0 15 359 8 360 16 0 16 361 8 362 16 363 8 364 28 0 28 365 27 366 28 0 15 0 15 0 15 0 15 0 15 0 15 0 15 0 15 0 15 0 15 0 15 0 15 0 15 0 15 0 15 0 15 0 15 0 15 0 15 0 15 0 15 0 15 0 15 0 15 0 15 0 15 0 15 0 15 0 15 0 15 0 15 0 15 0 16 367 15 368 16 369 15 370 15 0 15 0 15 0 15 0 15 0 15 0 15 0 15 0 15 0 15 0 15 0 15 0 15 0 15 0 15 0 15 0 15 0 15 0 15 0 15 0 15 0 15 0 15 0 15 0 15 0 15 0 15 0 15 0 15 0 15 0 15 0 15 0 15 0 15 0 15 0 15 0 15 0 15 0 15 0 15 0 15 0 15 0 15 0 15 0 15 0 15 0 15 0 15 0 15 0 15 0 15 0 15 0 15 0 15 0 15 0 15 0 15 0 15 0 15 0 15 0 15 0 15 0 15 0 15 0 15 0 15 0 15 0 15 0 15 0 15 0 15 0 15 0 15 0 15 0 15 0 15 0 15 0 15 0 15 0 15 0 15 0 15 0 15 0 15 0 15 0 15 0 15 0 15 0 15 0 15 0 15 0 15 0 15 0 15 0 15 0 15 0 15 0 8 0 8 0 8 0 8 0 22 0 22 371 21 372 22 373 21 374 22 0 28 0 28 375 27 376 28 0 35 0 35 377 34 378 35 379 34 380 35 0 35 0 35 0 35 0 35 0 35 0 35 0 35 0 35 0 18 381 8 382 18 383 8 384 18 385 8 386 18 387 8 388 18 389 8 390 18 391 8 392 18 393 8 394 18 395 8 396 18 397 8 398 18 399 8 400 18 401 8 402 18 403 8 404 18 405 8 406 18 407 8 408 18 409 8 410 18 411 8 412 18 413 8 414 18 415 8 416 8 0 15 417 8 418 15 419 8 420 15 421 8 422 15 423 8 424 15 425 8 426 15 427 8 428 15 429 8 430 15 431 8 432 15 433 8 434 15 435 8 436 15 437 8 438 15 439 8 440 15 441 8 442 15 443 8 444 15 445 8 446 18 447 8 448 18 449 8 450 18 451 8 452 18 453 8 454 18 455 8 456 18 457 8 458 18 459 8 460 18 461 8 462 18 463 8 464 18 465 8 466 18 467 8 468 18 469 8 470 18 471 8 472 18 473 8 474 18 475 8 476 18 477 8 478 18 479 8 480 18 481 8 482 18 483 8 484 18 485 8 486 18 487 8 488 18 489 8 490 18 491 8 492 18 493 8 494 18 495 8 496 18 497 8 498 18 499 8 500 18 501 8 502 18 503 8 504 18 505 8 506 18 507 8 508 18 509 8 510 18 511 8 512 18 513 8 514 15 515 8 516 15 517 8 518 15 519 8 520 15 521 8 522 15 523 8 524 15 525 8 526 15 527 8 528 15 529 8 530 15 531 8 532 18 533 8 534 18 535 8 536 18 537 8 538 18 539 8 540 18 541 8 542 18 543 8 544 18 545 8 546 18 547 8 548 18 549 8 550 18 551 8 552 18 553 8 554 18 555 8 556 18 557 8 558 18 559 8 560 18 561 8 562 18 563 8 564 18 565 8 566 23 567 18 568 23 569 18 570 23 571 18 572 23 573 18 574 23 575 18 576 23 577 18 578 23 579 18 580 23 581 18 582 18 583 8 584 18 585 8 586 18 587 8 588 18 589 8 590 18 591 8 592 18 593 8 594 18 595 8 596 18 597 8 598 18 599 8 600 18 601 8 602 18 603 8 604 18 605 8 606 18 607 8 608 18 609 8 610 18 611 8 612 18 613 8 614 18 615 8 616 18 617 8 618 18 619 8 620 18 621 8 622 18 623 8 624 23 625 18 626 23 627 18 628 23 629 18 630 23 631 18 632 23 633 18 634 23 635 18 636 23 637 18 638 23 639 18 640 18 641 8 642 18 643 8 644 18 645 8 646 18 647 8 648 15 649 8 650 16 651 15 652 15 653 8 654 15 655 8 656 15 657 8 658 15 659 8 660 15 661 8 662 15 663 8 664 15 665 8 666 15 667 8 668 15 669 8 670 15 671 8 672 15 673 8 674 15 675 8 676 15 677 8 678 15 679 8 680 15 681 8 682 15 683 8 684 15 685 8 686 15 687 8 688 15 689 8 690 15 691 8 692 15 693 8 694 15 695 8 696 15 697 8 698 15 699 8 700 15 701 8 702 15 703 8 704 15 705 8 706 15 707 8 708 15 709 8 710 15 711 8 712 15 713 8 714 15 715 8 716 15 717 8 718 15 719 8 720 15 721 8 722 15 723 8 724 15 725 8 726 15 727 8 728 15 729 8 730 15 731 8 732 15 733 8 734 15 735 8 736 15 737 8 738 15 739 8 740 15 741 8 742 15 743 8 744 15 745 8 746 15 747 8 748 15 749 8 750 15 751 8 752 15 753 8 754 15 755 8 756 15 757 8 758 15 759 8 760 15 761 8 762 15 763 8 764 15 765 8 766 15 767 8 768 15 769 8 770 15 771 8 772 15 773 8 774 15 775 8 776 15 777 8 778 15 779 8 780 15 781 8 782 15 783 8 784 15 785 8 786 15 787 8 788 15 789 8 790 15 791 8 792 15 793 8 794 15 795 8 796 15 797 8 798 15 799 8 800 15 801 8 802 15 803 8 804 15 805 8 806 15 807 8 808 15 809 8 810 15 811 8 812 15 813 8 814 15 815 8 816 15 817 8 818 15 819 8 820 15 821 8 822 15 823 8 824 15 825 8 826 15 827 8 828 15 829 8 830 15 831 8 832 15 833 8 834 15 835 8 836 15 837 8 838 15 839 8 840 15 841 8 842 15 843 8 844 15 845 8 846 15 847 8 848 15 849 8 850 15 851 8 852 15 853 8 854 15 855 8 856 15 857 8 858 15 859 8 860 15 861 8 862 15 863 8 864 15 865 8 866 15 867 8 868 15 869 8 870 15 871 8 872 15 873 8 874 15 875 8 876 15 877 8 878 15 879 8 880 15 881 8 882 15 883 8 884 15 885 8 886 15 887 8 888 15 889 8 890 15 891 8 892 15 893 8 894 15 895 8 896 15 897 8 898 15 899 8 900 15 901 8 902 15 903 8 904 15 905 8 906 15 907 8 908 15 909 8 910 15 911 8 912 15 913 8 914 15 915 8 916 15 917 8 918 15 919 8 920 15 921 8 922 15 923 8 924 15 925 8 926 15 927 8 928 15 929 8 930 15 931 8 932 15 933 8 934 15 935 8 936 15 937 8 938 15 939 8 940 15 941 8 942 15 943 8 944 15 945 8 946 15 947 8 948 15 949 8 950 15 951 8 952 15 953 8 954 15 955 8 956 15 957 8 958 15 959 8 960 15 961 8 962 15 963 8 964 15 965 8 966 15 967 8 968 15 969 8 970 15 971 8 972 15 973 8 974 15 975 8 976 15 977 8 978 8 0 15 979 8 980 15 981 8 982 15 983 8 984 15 985 8 986 15 987 8 988 15 989 8 990 15 991 8 992 15 993 8 994 15 995 8 996 15 997 8 998 15 999 8 1000 15 1001 8 1002 18 1003 8 1004 23 1005 18 1006 23 1007 18 1008 18 1009 8 1010 18 1011 8 1012 18 1013 8 1014 23 1015 18 1016 23 1017 18 1018 23 1019 18 1020 23 1021 18 1022 23 1023 18 1024 23 1025 18 1026 23 1027 18 1028 23 1029 18 1030 18 1031 8 1032 18 1033 8 1034 23 1035 18 1036 23 1037 18 1038 23 1039 18 1040 23 1041 18 1042 23 1043 18 1044 23 1045 18 1046 23 1047 18 1048 23 1049 18 1050 18 1051 8 1052 18 1053 8 1054 18 1055 8 1056 23 1057 18 1058 18 1059 8 1060 23 1061 18 1062 15 1063 8 1064 15 1065 8 1066 15 1067 8 1068 15 1069 8 1070 15 1071 8 1072 15 1073 8 1074 15 1075 8 1076 15 1077 8 1078 15 1079 8 1080 8 0 15 1081 8 1082 15 1083 8 1084 15 1085 8 1086 15 1087 8 1088 15 1089 8 1090 15 1091 8 1092 15 1093 8 1094 15 1095 8 1096 15 1097 8 1098 15 1099 8 1100 15 1101 8 1102 15 1103 8 1104 15 1105 8 1106 15 1107 8 1108 15 1109 8 1110 23 1111 18 1112 23 1113 18 1114 23 1115 18 1116 23 1117 18 1118 23 1119 18 1120 23 1121 18 1122 23 1123 18 1124 23 1125 18 1126 23 1127 18 1128 23 1129 18 1130 23 1131 18 1132 18 1133 8 1134 18 1135 8 1136 23 1137 18 1138 18 1139 8 1140 18 1141 8 1142 18 1143 8 1144 18 1145 8 1146 18 1147 8 1148 18 1149 8 1150 18 1151 8 1152 18 1153 8 1154 18 1155 8 1156 18 1157 8 1158 23 1159 18 1160 18 1161 8 1162 18 1163 8 1164 18 1165 8 1166 18 1167 8 1168 18 1169 8 1170 18 1171 8 1172 18 1173 8 1174 18 1175 8 1176 18 1177 8 1178 18 1179 8 1180 18 1181 8 1182 18 1183 8 1184 18 1185 8 1186 18 1187 8 1188 18 1189 8 1190 18 1191 8 1192 18 1193 8 1194 18 1195 8 1196 18 1197 8 1198 23 1199 18 1200 18 1201 8 1202 23 1203 18 1204 23 1205 18 1206 23 1207 18 1208 23 1209 18 1210 23 1211 18 1212 24 1213 23 1214 24 1215 23 1216 24 1217 23 1218 23 1219 18 1220 18 1221 8 1222 23 1223 18 1224 23 1225 18 1226 23 1227 18 1228 18 1229 8 1230 18 1231 8 1232 23 1233 18 1234 24 1235 23 1236 24 1237 23 1238 23 1239 18 1240 23 1241 18 1242 24 1243 23 1244 24 1245 23 1246 25 1247 23 1248 29 1249 24 1250 29 1251 24 1252 24 1253 23 1254 24 1255 23 1256 24 1257 23 1258 23 1259 18 1260 24 1261 23 1262 23 1263 18 1264 23 1265 18 1266 23 1267 18 1268 29 1269 24 1270 29 1271 24 1272 23 1273 18 1274 23 1275 18 1276 23 1277 18 1278 23 1279 18 1280 23 1281 18 1282 23 1283 18 1284 29 1285 24 1286 29 1287 24 1288 29 1289 24 1290 30 1291 29 1292 11 1293 10 1294 11 1295 10 1296 11 1297 10 1298 11 1299 10 1300 11 1301 10 1302 11 1303 10 1304 11 1305 10 1306 11 1307 10 1308 11 1309 10 1310 11 1311 10 1312 11 1313 10 1314 11 1315 10 1316 11 1317 10 1318 11 1319 10 1320 11 1321 10 1322 10 1323 9 1324 10 1325 9 1326 10 1327 9 1328 10 1329 9 1330 10 1331 9 1332 9 1333 8 1334 10 1335 9 1336 10 1337 9 1338 9 1339 8 1340 10 1341 9 1342 11 1343 10 1344 11 1345 10 1346 11 1347 10 1348 11 1349 10 1350 11 1351 10 1352 11 1353 10 1354 9 1355 8 1356 9 1357 8 1358 9 1359 8 1360 9 1361 8 1362 9 1363 8 1364 11 1365 10 1366 11 1367 10 1368 11 1369 10 1370 11 1371 10 1372 11 1373 10 1374 11 1375 10 1376 11 1377 10 1378 11 1379 10 1380 11 1381 10 1382 11 1383 10 1384 11 1385 10 1386 11 1387 10 1388 11 1389 10 1390 11 1391 10 1392 18 1393 8 1394 18 1395 8 1396 18 1397 8 1398 18 1399 8 1400 18 1401 8 1402 18 1403 8 1404 18 1405 8 1406 18 1407 8 1408 18 1409 8 1410 18 1411 8 1412 18 1413 8 1414 18 1415 8 1416 18 1417 8 1418 18 1419 8 1420 18 1421 8 1422 18 1423 8 1424 18 1425 8 1426 18 1427 8 1428 18 1429 8 1430 18 1431 8 1432 18 1433 8 1434 18 1435 8 1436 18 1437 8 1438 18 1439 8 1440 18 1441 8 1442 18 1443 8 1444 18 1445 8 1446 18 1447 8 1448 18 1449 8 1450 18 1451 8 1452 18 1453 8 1454 18 1455 8 1456 18 1457 8 1458 18 1459 8 1460 18 1461 8 1462 18 1463 8 1464 18 1465 8 1466 18 1467 8 1468 18 1469 8 1470 18 1471 8 1472 18 1473 8 1474 18 1475 8 1476 18 1477 8 1478 18 1479 8 1480 18 1481 8 1482 18 1483 8 1484 18 1485 8 1486 18 1487 8 1488 18 1489 8 1490 18 1491 8 1492 18 1493 8 1494 18 1495 8 1496 18 1497 8 1498 18 1499 8 1500 18 1501 8 1502 18 1503 8 1504 18 1505 8 1506 18 1507 8 1508 18 1509 8 1510 18 1511 8 1512 18 1513 8 1514 18 1515 8 1516 18 1517 8 1518 18 1519 8 1520 18 1521 8 1522 18 1523 8 1524 18 1525 8 1526 18 1527 8 1528 18 1529 8 1530 18 1531 8 1532 18 1533 8 1534 18 1535 8 1536 18 1537 8 1538 18 1539 8 1540 18 1541 8 1542 18 1543 8 1544 18 1545 8 1546 18 1547 8 1548 18 1549 8 1550 18 1551 8 1552 18 1553 8 1554 18 1555 8 1556 18 1557 8 1558 18 1559 8 1560 18 1561 8 1562 18 1563 8 1564 18 1565 8 1566 18 1567 8 1568 18 1569 8 1570 18 1571 8 1572 18 1573 8 1574 18 1575 8 1576 18 1577 8 1578 18 1579 8 1580 18 1581 8 1582 18 1583 8 1584 18 1585 8 1586 18 1587 8 1588 18 1589 8 1590 18 1591 8 1592 18 1593 8 1594 18 1595 8 1596 18 1597 8 1598 18 1599 8 1600 18 1601 8 1602 18 1603 8 1604 18 1605 8 1606 18 1607 8 1608 18 1609 8 1610 18 1611 8 1612 18 1613 8 1614 18 1615 8 1616 18 1617 8 1618 18 1619 8 1620 18 1621 8 1622 32 1623 31 1624 31 1625 30 1626 31 1627 30 1628 31 1629 30 1630 32 1631 31 1632 32 1633 31 1634 31 1635 30 1636 32 1637 31 1638 32 1639 31 1640 32 1641 31 1642 32 1643 31 1644 32 1645 31 1646 32 1647 31 1648 32 1649 31 1650 32 1651 31 1652 31 1653 30 1654 32 1655 31 1656 31 1657 30 1658 31 1659 30 1660 31 1661 30 1662 31 1663 30 1664 32 1665 31 1666 32 1667 31 1668 30 1669 29 1670 30 1671 29 1672 30 1673 29 1674 30 1675 29 1676 30 1677 29 1678 30 1679 29 1680 30 1681 29 1682 30 1683 29 1684 30 1685 29 1686 30 1687 29 1688 30 1689 29 1690 30 1691 29 1692 30 1693 29 1694 31 1695 30 1696 30 1697 29 1698 31 1699 30 1700 30 1701 29 1702 29 0 30 1703 29 1704 30 1705 29 1706 31 1707 30 1708 32 1709 31 1710 32 1711 31 1712 32 1713 31 1714 32 1715 31 1716 18 1717 8 1718 18 1719 8 1720 18 1721 8 1722 18 1723 8 1724 18 1725 8 1726 18 1727 8 1728 15 1729 8 1730 15 1731 8 1732 15 1733 8 1734 15 1735 8 1736 15 1737 8 1738 15 1739 8 1740 15 1741 8 1742 15 1743 8 1744 15 1745 8 1746 15 1747 8 1748 15 1749 8 1750 15 1751 8 1752 15 1753 8 1754 15 1755 8 1756 15 1757 8 1758 15 1759 8 1760 15 1761 8 1762 15 1763 8 1764 15 1765 8 1766 15 1767 8 1768 15 1769 8 1770 15 1771 8 1772 15 1773 8 1774 15 1775 8 1776 15 1777 8 1778 15 1779 8 1780 15 1781 8 1782 15 1783 8 1784 15 1785 8 1786 15 1787 8 1788 15 1789 8 1790 15 1791 8 1792 15 1793 8 1794 15 1795 8 1796 15 1797 8 1798 15 1799 8 1800 15 1801 8 1802 15 1803 8 1804 15 1805 8 1806 15 1807 8 1808 15 1809 8 1810 15 1811 8 1812 15 1813 8 1814 15 1815 8 1816 18 1817 8 1818 18 1819 8 1820 18 1821 8 1822 15 1823 8 1824 15 1825 8 1826 15 1827 8 1828 15 1829 8 1830 15 1831 8 1832 15 1833 8 1834 15 1835 8 1836 15 1837 8 1838 15 1839 8 1840 15 1841 8 1842 15 1843 8 1844 15 1845 8 1846 15 1847 8 1848 15 1849 8 1850 15 1851 8 1852 15 1853 8 1854 18 1855 8 1856 18 1857 8 1858 10 1859 9 1860 10 1861 9 1862 10 1863 9 1864 10 1865 9 1866 10 1867 9 1868 10 1869 9 1870 11 1871 10 1872 11 1873 10 1874 11 1875 10 1876 11 1877 10 1878 11 1879 10 1880 11 1881 10 1882 11 1883 10 1884 9 1885 8 1886 9 1887 8 1888 9 1889 8 1890 9 1891 8 1892 9 1893 8 1894 9 1895 8 1896 9 1897 8 1898 16 1899 8 1900 16 1901 8 1902 16 1903 8 1904 16 1905 8 1906 15 1907 8 1908 15 1909 8 1910 15 1911 8 1912 15 1913 8 1914 16 1915 15 1916 15 1917 8 1918 15 1919 8 1920 15 1921 8 1922 15 1923 8 1924 9 1925 8 1926 16 1927 8 1928 9 1929 8 1930 16 1931 8 1932 16 1933 8 1934 16 1935 8 1936 16 1937 8 1938 16 1939 8 1940 16 1941 8 1942 16 1943 8 1944 16 1945 8 1946 18 1947 8 1948 18 1949 8 1950 16 1951 8 1952 16 1953 8 1954 16 1955 8 1956 16 1957 8 1958 16 1959 8 1960 16 1961 8 1962 18 1963 8 1964 16 1965 8 1966 16 1967 8 1968 16 1969 8 1970 16 1971 8 1972 16 1973 8 1974 15 1975 8 1976 15 1977 8 1978 15 1979 8 1980 15 1981 8 1982 15 1983 8 1984 16 1985 15 1986 15 1987 8 1988 15 1989 8 1990 15 1991 8 1992 15 1993 8 1994 12 1995 8 1996 16 1997 8 1998 12 1999 8 2000 16 2001 8 2002 16 2003 8 2004 16 2005 8 2006 9 2007 8 2008 9 2009 8 2010 9 2011 8 2012 18 2013 8 2014 18 2015 8 2016 9 2017 8 2018 9 2019 8 2020 9 2021 8 2022 16 2023 8 2024 18 2025 8 2026 18 2027 8 2028 18 2029 8 2030 18 2031 8 2032 18 2033 8 2034 18 2035 8 2036 18 2037 8 2038 18 2039 8 2040 18 2041 8 2042 18 2043 8 2044 18 2045 8 2046 23 2047 18 2048 18 2049 8 2050 18 2051 8 2052 18 2053 8 2054 18 2055 8 2056 18 2057 8 2058 18 2059 8 2060 18 2061 8 2062 18 2063 8 2064 18 2065 8 2066 18 2067 8 2068 18 2069 8 2070 20 2071 19 2072 19 2073 18 2074 18 2075 8 2076 20 2077 19 2078 20 2079 19 2080 20 2081 19 2082 20 2083 19 2084 20 2085 19 2086 19 2087 18 2088 20 2089 19 2090 20 2091 19 2092 20 2093 19 2094 19 2095 18 2096 18 2097 8 2098 18 2099 8 2100 18 2101 8 2102 18 2103 8 2104 18 2105 8 2106 16 2107 15 2108 16 2109 15 2110 16 2111 15 2112 16 2113 15 2114 15 2115 8 2116 15 2117 8 2118 15 2119 8 2120 15 2121 8 2122 15 2123 8 2124 15 2125 8 2126 15 2127 8 2128 15 2129 8 2130 15 2131 8 2132 15 2133 8 2134 15 2135 8 2136 15 2137 8 2138 15 2139 8 2140 11 2141 10 2142 11 2143 10 2144 11 2145 10 2146 11 2147 10 2148 11 2149 10 2150 11 2151 10 2152 11 2153 10 2154 11 2155 10 2156 11 2157 10 2158 11 2159 10 2160 11 2161 10 2162 11 2163 10 2164 11 2165 10 2166 11 2167 10 2168 26 2169 25 2170 26 2171 25 2172 26 2173 25 2174 26 2175 25 2176 25 2177 24 2178 25 2179 24 2180 26 2181 25 2182 26 2183 25 2184 26 2185 25 2186 24 2187 23 2188 25 2189 24 2190 24 2191 23 2192 25 2193 23 2194 25 2195 24 2196 24 2197 23 2198 25 2199 24 2200 26 2201 25 2202 26 2203 25 2204 26 2205 25 2206 26 2207 25 2208 26 2209 25 2210 18 2211 8 2212 18 2213 8 2214 18 2215 8 2216 18 2217 8 2218 18 2219 8 2220 18 2221 8 2222 18 2223 8 2224 18 2225 8 2226 18 2227 8 2228 18 2229 8 2230 18 2231 8 2232 18 2233 8 2234 18 2235 8 2236 18 2237 8 2238 18 2239 8 2240 18 2241 8 2242 18 2243 8 2244 18 2245 8 2246 18 2247 8 2248 18 2249 8 2250 18 2251 8 2252 18 2253 8 2254 18 2255 8 2256 18 2257 8 2258 18 2259 8 2260 18 2261 8 2262 18 2263 8 2264 18 2265 8 2266 18 2267 8 2268 23 2269 18 2270 23 2271 18 2272 23 2273 18 2274 23 2275 18 2276 23 2277 18 2278 18 2279 8 2280 18 2281 8 2282 18 2283 8 2284 11 2285 10 2286 11 2287 10 2288 15 2289 8 2290 25 2291 24 2292 24 2293 23 2294 25 2295 23 2296 15 2297 8 2298 15 2299 8 2300 15 2301 8 2302 15 2303 8 2304 15 2305 8 2306 18 2307 8 2308 18 2309 8 2310 18 2311 8 2312 18 2313 8 2314 18 2315 8 2316 10 2317 9 2318 10 2319 9 2320 10 2321 9 2322 11 2323 10 2324 11 2325 10 2326 11 2327 10 2328 11 2329 10 2330 11 2331 10 2332 11 2333 10 2334 11 2335 10 2336 11 2337 10 2338 11 2339 10 2340 11 2341 10 2342 11 2343 10 2344 11 2345 10 2346 11 2347 10 2348 11 2349 10 2350 11 2351 10 2352 11 2353 10 2354 11 2355 10 2356 11 2357 10 2358 11 2359 10 2360 11 2361 10 2362 19 2363 18 2364 19 2365 18 2366 18 2367 8 2368 20 2369 19 2370 25 2371 24 2372 24 2373 23 2374 25 2375 24 2376 26 2377 25 2378 26 2379 25 2380 26 2381 25 2382 26 2383 25 2384 26 2385 25 2386 26 2387 25 2388 26 0 26 0 30 2389 29 2390 30 2391 29 2392 30 2393 29 2394 30 2395 29 2396 30 2397 29 2398 31 2399 30 2400 31 2401 30 2402 31 2403 30 2404 31 2405 30 2406 32 2407 31 2408 32 2409 31 2410 32 2411 31 2412 32 2413 31 2414 32 2415 31 2416 32 2417 31 2418 32 2419 31 2420 32 2421 31 2422 32 2423 31 2424 15 2425 8 2426 15 2427 8 2428 15 2429 8 2430 15 2431 8 2432 15 2433 8 2434 15 2435 8 2436 15 2437 8 2438 15 2439 8 2440 15 2441 8 2442 15 2443 8 2444 15 2445 8 2446 15 2447 8 2448 15 2449 8 2450 15 2451 8 2452 15 2453 8 2454 15 2455 8 2456 15 2457 8 2458 15 2459 8 2460 15 2461 8 2462 15 2463 8 2464 15 2465 8 2466 15 2467 8 2468 15 2469 8 2470 15 2471 8 2472 15 2473 8 2474 15 2475 8 2476 15 2477 8 2478 15 2479 8 2480 15 2481 8 2482 15 2483 8 2484 15 2485 8 2486 15 2487 8 2488 15 2489 8 2490 15 2491 8 2492 15 2493 8 2494 15 2495 8 2496 15 2497 8 2498 15 2499 8 2500 15 2501 8 2502 15 2503 8 2504 15 2505 8 2506 15 2507 8 2508 15 2509 8 2510 15 2511 8 2512 15 2513 8 2514 15 2515 8 2516 15 2517 8 2518 15 2519 8 2520 15 2521 8 2522 15 2523 8 2524 15 2525 8 2526 15 2527 8 2528 15 2529 8 2530 23 2531 18 2532 23 2533 18 2534 23 2535 18 2536 23 2537 18 2538 23 2539 18 2540 23 2541 18 2542 23 2543 18 2544 23 2545 18 2546 23 2547 18 2548 23 2549 18 2550 23 2551 18 2552 23 2553 18 2554 18 2555 8 2556 18 2557 8 2558 23 2559 18 2560 18 2561 8 2562 18 2563 8 2564 18 2565 8 2566 18 2567 8 2568 18 2569 8 2570 18 2571 8 2572 18 2573 8 2574 18 2575 8 2576 18 2577 8 2578 18 2579 8 2580 18 2581 8 2582 18 2583 8 2584 18 2585 8 2586 18 2587 8 2588 18 2589 8 2590 18 2591 8 2592 18 2593 8 2594 18 2595 8 2596 18 2597 8 2598 18 2599 8 2600 14 2601 13 2602 14 2603 13 2604 14 2605 13 2606 14 2607 13 2608 14 2609 13 2610 14 2611 13 2612 14 2613 13 2614 14 2615 13 2616 14 2617 13 2618 14 2619 13 2620 14 2621 13 2622 14 2623 13 2624 14 2625 13 2626 14 2627 13 2628 14 2629 13 2630 13 2631 12 2632 13 2633 12 2634 13 2635 12 2636 13 2637 12 2638 13 2639 12 2640 12 2641 8 2642 13 2643 12 2644 13 2645 12 2646 12 2647 8 2648 13 2649 12 2650 14 2651 13 2652 14 2653 13 2654 14 2655 13 2656 14 2657 13 2658 14 2659 13 2660 14 2661 13 2662 12 2663 8 2664 12 2665 8 2666 12 2667 8 2668 12 2669 8 2670 12 2671 8 2672 14 2673 13 2674 14 2675 13 2676 14 2677 13 2678 14 2679 13 2680 14 2681 13 2682 14 2683 13 2684 14 2685 13 2686 14 2687 13 2688 14 2689 13 2690 14 2691 13 2692 14 2693 13 2694 14 2695 13 2696 14 2697 13 2698 14 2699 13 2700 18 2701 8 2702 18 2703 8 2704 18 2705 8 2706 18 2707 8 2708 18 2709 8 2710 18 2711 8 2712 18 2713 8 2714 18 2715 8 2716 18 2717 8 2718 18 2719 8 2720 18 2721 8 2722 18 2723 8 2724 18 2725 8 2726 18 2727 8 2728 18 2729 8 2730 18 2731 8 2732 18 2733 8 2734 18 2735 8 2736 18 2737 8 2738 18 2739 8 2740 18 2741 8 2742 18 2743 8 2744 18 2745 8 2746 18 2747 8 2748 18 2749 8 2750 18 2751 8 2752 18 2753 8 2754 18 2755 8 2756 18 2757 8 2758 18 2759 8 2760 18 2761 8 2762 18 2763 8 2764 18 2765 8 2766 18 2767 8 2768 18 2769 8 2770 18 2771 8 2772 18 2773 8 2774 18 2775 8 2776 18 2777 8 2778 18 2779 8 2780 18 2781 8 2782 18 2783 8 2784 18 2785 8 2786 18 2787 8 2788 18 2789 8 2790 18 2791 8 2792 18 2793 8 2794 18 2795 8 2796 18 2797 8 2798 18 2799 8 2800 18 2801 8 2802 18 2803 8 2804 18 2805 8 2806 18 2807 8 2808 23 2809 18 2810 18 2811 8 2812 23 2813 18 2814 23 2815 18 2816 23 2817 18 2818 23 2819 18 2820 23 2821 18 2822 24 2823 23 2824 24 2825 23 2826 24 2827 23 2828 23 2829 18 2830 23 2831 18 2832 23 2833 18 2834 18 2835 8 2836 23 2837 18 2838 23 2839 18 2840 23 2841 18 2842 23 2843 18 2844 27 2845 23 2846 24 2847 23 2848 24 2849 23 2850 29 2851 24 2852 29 2853 24 2854 24 2855 23 2856 29 2857 24 2858 24 2859 23 2860 24 2861 23 2862 23 2863 18 2864 23 2865 18 2866 23 2867 18 2868 18 2869 8 2870 18 2871 8 2872 24 2873 23 2874 18 2875 8 2876 18 2877 8 2878 18 2879 8 2880 18 2881 8 2882 18 2883 8 2884 18 2885 8 2886 18 2887 8 2888 18 2889 8 2890 27 2891 23 2892 24 2893 23 2894 27 2895 24 2896 18 2897 8 2898 16 2899 8 2900 18 2901 8 2902 16 2903 8 2904 12 2905 8 2906 12 2907 8 2908 12 2909 8 2910 18 2911 8 2912 12 2913 8 2914 12 2915 8 2916 18 2917 8 2918 18 2919 8 2920 18 2921 8 2922 18 2923 8 2924 15 2925 8 2926 18 2927 8 2928 18 2929 8 2930 18 2931 8 2932 18 2933 8 2934 18 2935 8 2936 18 2937 8 2938 18 2939 8 2940 18 2941 8 2942 18 2943 8 2944 18 2945 8 2946 18 2947 8 2948 18 2949 8 2950 18 2951 8 2952 18 2953 8 2954 18 2955 8 2956 18 2957 8 2958 18 2959 8 2960 18 2961 8 2962 18 2963 8 2964 18 2965 8 2966 18 2967 8 2968 18 2969 8 2970 18 2971 8 2972 18 2973 8 2974 18 2975 8 2976 18 2977 8 2978 18 2979 8 2980 18 2981 8 2982 18 2983 8 2984 18 2985 8 2986 18 2987 8 2988 18 2989 8 2990 18 2991 8 2992 18 2993 8 2994 18 2995 8 2996 18 2997 8 2998 18 2999 8 3000 18 3001 8 3002 18 3003 8 3004 18 3005 8 3006 18 3007 8 3008 18 3009 8 3010 18 3011 8 3012 18 3013 8 3014 18 3015 8 3016 18 3017 8 3018 18 3019 8 3020 18 3021 8 3022 18 3023 8 3024 34 3025 33 3026 35 3027 34 3028 34 3029 33 3030 34 3031 33 3032 35 3033 34 3034 35 3035 34 3036 34 3037 33 3038 35 3039 34 3040 35 3041 34 3042 35 3043 34 3044 35 3045 34 3046 35 3047 34 3048 35 3049 34 3050 35 3051 34 3052 35 3053 34 3054 35 3055 34 3056 35 3057 34 3058 35 3059 34 3060 35 0 34 3061 33 3062 35 3063 34 3064 34 3065 33 3066 34 3067 33 3068 34 3069 33 3070 34 3071 33 3072 35 3073 34 3074 35 3075 34 3076 33 3077 29 3078 33 3079 29 3080 33 3081 29 3082 33 3083 29 3084 33 3085 29 3086 33 3087 29 3088 33 3089 29 3090 33 3091 29 3092 33 3093 29 3094 33 3095 29 3096 33 3097 29 3098 33 3099 29 3100 33 3101 29 3102 33 3103 29 3104 33 3105 29 3106 33 3107 29 3108 33 3109 29 3110 33 3111 29 3112 33 3113 29 3114 34 3115 33 3116 33 3117 29 3118 34 3119 33 3120 33 3121 29 3122 34 3123 33 3124 35 3125 34 3126 35 3127 34 3128 35 3129 34 3130 35 3131 34 3132 18 3133 8 3134 18 3135 8 3136 18 3137 8 3138 18 3139 8 3140 18 3141 8 3142 18 3143 8 3144 13 3145 12 3146 13 3147 12 3148 13 3149 12 3150 13 3151 12 3152 13 3153 12 3154 13 3155 12 3156 14 3157 13 3158 14 3159 13 3160 14 3161 13 3162 14 3163 13 3164 14 3165 13 3166 14 3167 13 3168 14 3169 13 3170 12 3171 8 3172 12 3173 8 3174 12 3175 8 3176 12 3177 8 3178 12 3179 8 3180 12 3181 8 3182 12 3183 8 3184 29 3185 24 3186 24 3187 23 3188 23 3189 18 3190 23 3191 18 3192 23 3193 18 3194 23 3195 18 3196 23 3197 18 3198 23 3199 18 3200 23 3201 18 3202 18 3203 8 3204 18 3205 8 3206 18 3207 8 3208 21 3209 18 3210 22 3211 21 3212 18 3213 8 3214 22 3215 21 3216 22 3217 21 3218 22 3219 21 3220 22 3221 21 3222 22 0 22 3223 21 3224 21 3225 18 3226 22 3227 21 3228 22 3229 21 3230 22 3231 21 3232 21 3233 18 3234 18 3235 8 3236 18 3237 8 3238 18 3239 8 3240 22 3241 21 3242 22 3243 21 3244 22 0 22 3245 21 3246 18 3247 8 3248 18 3249 8 3250 15 3251 8 3252 15 3253 8 3254 15 3255 8 3256 15 3257 8 3258 15 3259 8 3260 15 3261 8 3262 15 3263 8 3264 15 3265 8 3266 15 3267 8 3268 15 3269 8 3270 15 3271 8 3272 15 3273 8 3274 15 3275 8 3276 15 3277 8 3278 15 3279 8 3280 15 3281 8 3282 15 3283 8 3284 15 3285 8 3286 15 3287 8 3288 15 3289 8 3290 15 3291 8 3292 15 3293 8 3294 15 3295 8 3296 15 3297 8 3298 15 3299 8 3300 15 3301 8 3302 15 3303 8 3304 16 3305 8 3306 16 3307 8 3308 14 3309 13 3310 14 3311 13 3312 14 3313 13 3314 14 3315 13 3316 14 3317 13 3318 14 3319 13 3320 14 3321 13 3322 14 3323 13 3324 14 3325 13 3326 14 3327 13 3328 14 3329 13 3330 14 3331 13 3332 14 3333 13 3334 14 3335 13 3336 28 3337 27 3338 28 3339 27 3340 28 3341 27 3342 28 3343 27 3344 28 3345 27 3346 28 3347 27 3348 28 3349 27 3350 27 3351 24 3352 27 3353 24 3354 28 3355 27 3356 28 3357 27 3358 28 3359 27 3360 24 3361 23 3362 27 3363 24 3364 24 3365 23 3366 27 3367 23 3368 27 3369 24 3370 24 3371 23 3372 27 3373 24 3374 28 3375 27 3376 28 3377 27 3378 28 3379 27 3380 28 3381 27 3382 28 3383 27 3384 23 3385 18 3386 23 3387 18 3388 23 3389 18 3390 23 3391 18 3392 23 3393 18 3394 15 3395 8 3396 15 3397 8 3398 15 3399 8 3400 14 3401 13 3402 14 3403 13 3404 15 3405 8 3406 15 3407 8 3408 15 3409 8 3410 15 3411 8 3412 15 3413 8 3414 15 3415 8 3416 15 3417 8 3418 15 3419 8 3420 15 3421 8 3422 15 3423 8 3424 12 3425 8 3426 15 3427 8 3428 15 3429 8 3430 16 3431 15 3432 16 3433 15 3434 16 3435 15 3436 15 3437 8 3438 15 3439 8 3440 15 0 15 3441 8 3442 15 3443 8 3444 15 3445 8 3446 15 3447 8 3448 18 3449 8 3450 18 3451 8 3452 18 3453 8 3454 18 3455 8 3456 18 3457 8 3458 18 3459 8 3460 18 3461 8 3462 18 3463 8 3464 18 3465 8 3466 18 3467 8 3468 18 3469 8 3470 18 3471 8 3472 18 3473 8 3474 18 3475 8 3476 18 3477 8 3478 18 3479 8 3480 18 3481 8 3482 18 3483 8 3484 18 3485 8 3486 18 3487 8 3488 18 3489 8 3490 18 3491 8 3492 18 3493 8 3494 18 3495 8 3496 18 3497 8 3498 18 3499 8 3500 18 3501 8 3502 18 3503 8 3504 18 3505 8 3506 18 3507 8 3508 18 3509 8 3510 18 3511 8 3512 18 3513 8 3514 18 3515 8 3516 15 3517 8 3518 15 3519 8 3520 15 3521 8 3522 15 3523 8 3524 15 3525 8 3526 15 3527 8 3528 15 3529 8 3530 15 3531 8 3532 15 3533 8 3534 18 3535 8 3536 18 3537 8 3538 18 3539 8 3540 18 3541 8 3542 18 3543 8 3544 18 3545 8 3546 18 3547 8 3548 18 3549 8 3550 18 3551 8 3552 18 3553 8 3554 18 3555 8 3556 18 3557 8 3558 18 3559 8 3560 18 3561 8 3562 18 3563 8 3564 18 3565 8 3566 18 3567 8 3568 18 3569 8 3570 18 3571 8 3572 18 3573 8 3574 18 3575 8 3576 18 3577 8 3578 13 3579 12 3580 13 3581 12 3582 13 3583 12 3584 14 3585 13 3586 14 3587 13 3588 14 3589 13 3590 14 3591 13 3592 14 3593 13 3594 14 3595 13 3596 14 3597 13 3598 14 3599 13 3600 14 3601 13 3602 14 3603 13 3604 14 3605 13 3606 14 3607 13 3608 14 3609 13 3610 14 3611 13 3612 14 3613 13 3614 14 3615 13 3616 14 3617 13 3618 14 3619 13 3620 14 3621 13 3622 14 3623 13 3624 21 3625 18 3626 21 3627 18 3628 18 3629 8 3630 24 3631 23 3632 27 3633 24 3634 27 3635 24 3636 28 3637 27 3638 28 3639 27 3640 28 3641 27 3642 28 3643 27 3644 28 3645 27 3646 33 3647 29 3648 33 3649 29 3650 33 3651 29 3652 33 3653 29 3654 33 3655 29 3656 34 3657 33 3658 34 3659 33 3660 34 3661 33 3662 34 3663 33 3664 35 3665 34 3666 35 3667 34 3668 35 3669 34 3670 35 3671 34 3672 35 3673 34 3674 35 3675 34 3676 35 3677 34 3678 35 3679 34 3680</v>
        </vertex_weights>
      </skin>
      <extra>
        <technique profile="FCOLLADA">
          <user_properties>SkinController</user_properties>
        </technique>
      </extra>
    </controller>
  </library_controllers>
  <library_visual_scenes>
    <visual_scene id="VisualSceneNode" name="rdmscene">
      <node id="VisualSceneNode1" name="chr021_e02" sid="chr021_e02" type="JOINT">
        <matrix>1 0 0 0 0 1 0 0 0 0 1 0 0 0 0 1</matrix>
        <node id="VisualSceneNode2" name="Scale" sid="Scale" type="JOINT">
          <matrix>3.5 0 0 0 0 3.5 0 0 0 0 3.5 0 0 0 0 1</matrix>
          <node id="VisualSceneNode3" name="chr021_e" sid="chr021_e" type="JOINT">
            <matrix>2.16 0 0 0 0 2.16 0 0 0 0 2.16 0 0 0 0 1</matrix>
            <node id="VisualSceneNode4" name="GRP_joint" sid="GRP_joint" type="JOINT">
              <matrix>1 0 0 0 0 1 0 0 0 0 1 0 0 0 0 1</matrix>
              <node id="VisualSceneNode5" name="CP01" sid="CP01" type="JOINT">
                <matrix>1 0 0 0 0 1 0 0.18004 0 0 1 0.217289 0 0 0 1</matrix>
              </node>
              <node id="VisualSceneNode6" name="FP01" sid="FP01" type="JOINT">
                <matrix>1 0 0 0 0 1 0 0.17858 0 0 1 0.35025 0 0 0 1</matrix>
              </node>
              <node id="VisualSceneNode7" name="GP01" sid="GP01" type="JOINT">
                <matrix>1 0 0 0 0 1 0 0 0 0 1 0 0 0 0 1</matrix>
              </node>
              <node id="VisualSceneNode8" name="J_root" sid="J_root" type="JOINT">
                <matrix>1 0 0 0 0 1 0 0 0 0 1 0 0 0 0 1</matrix>
                <node id="VisualSceneNode9" name="J_center" sid="J_center" type="JOINT">
                  <matrix>1 0 0 0 0 1 0 0.09 0 0 1 0 0 0 0 1</matrix>
                  <node id="VisualSceneNode10" name="J_FfinL_1" sid="J_FfinL_1" type="JOINT">
                    <matrix>1 0 0 0.088391 0 1 0 -0.056662 0 0 1 0.011337 0 0 0 1</matrix>
                    <node id="VisualSceneNode11" name="J_FfinL_2" sid="J_FfinL_2" type="JOINT">
                      <matrix>1 0 0 0.047226 0 1 0 0 0 0 1 0.002469 0 0 0 1</matrix>
                      <node id="VisualSceneNode12" name="J_FfinL_3" sid="J_FfinL_3" type="JOINT">
                        <matrix>1 0 0 0.053794 0 1 0 0 0 0 1 -0.015741 0 0 0 1</matrix>
                      </node>
                    </node>
                  </node>
                  <node id="VisualSceneNode13" name="J_FfinR_1" sid="J_FfinR_1" type="JOINT">
                    <matrix>1 0 0 -0.088391 0 1 0 -0.056662 0 0 1 0.011337 0 0 0 1</matrix>
                    <node id="VisualSceneNode14" name="J_FfinR_2" sid="J_FfinR_2" type="JOINT">
                      <matrix>1 0 0 -0.047226 0 1 0 0 0 0 1 0.002469 0 0 0 1</matrix>
                      <node id="VisualSceneNode15" name="J_FfinR_3" sid="J_FfinR_3" type="JOINT">
                        <matrix>1 0 0 -0.053794 0 1 0 0 0 0 1 -0.015741 0 0 0 1</matrix>
                      </node>
                    </node>
                  </node>
                  <node id="VisualSceneNode16" name="J_head" sid="J_head" type="JOINT">
                    <matrix>1 0 0 0 0 1 0 0 0 0 1 0.12 0 0 0 1</matrix>
                    <node id="VisualSceneNode17" name="J_mouth" sid="J_mouth" type="JOINT">
                      <matrix>1 0 0 0 0 1 0 -0.037612 0 0 1 -0.020266 0 0 0 1</matrix>
                    </node>
                    <node id="VisualSceneNode18" name="FacePos" sid="FacePos" type="JOINT">
                      <matrix>1 0 0 0 0 1 0 0.03 0 0 1 0.1 0 0 0 1</matrix>
                    </node>
                  </node>
                  <node id="VisualSceneNode19" name="J_tail1" sid="J_tail1" type="JOINT">
                    <matrix>1 0 0 0 0 1 0 0 0 0 1 -0.078251 0 0 0 1</matrix>
                    <node id="VisualSceneNode20" name="J_MfinL_1" sid="J_MfinL_1" type="JOINT">
                      <matrix>1 0 0 0.067604 0 1 0 -0.064611 0 0 1 -0.025514 0 0 0 1</matrix>
                      <node id="VisualSceneNode21" name="J_MfinL_2" sid="J_MfinL_2" type="JOINT">
                        <matrix>1 0 0 0.027098 0 1 0 0 0 0 1 -0.016411 0 0 0 1</matrix>
                      </node>
                    </node>
                    <node id="VisualSceneNode22" name="J_MfinR_1" sid="J_MfinR_1" type="JOINT">
                      <matrix>1 0 0 -0.067604 0 1 0 -0.064611 0 0 1 -0.025513 0 0 0 1</matrix>
                      <node id="VisualSceneNode23" name="J_MfinR_2" sid="J_MfinR_2" type="JOINT">
                        <matrix>1 0 0 -0.027098 0 1 0 0 0 0 1 -0.016412 0 0 0 1</matrix>
                      </node>
                    </node>
                    <node id="VisualSceneNode24" name="J_tail2" sid="J_tail2" type="JOINT">
                      <matrix>1 0 0 0 0 1 0 0 0 0 1 -0.083993 0 0 0 1</matrix>
                      <node id="VisualSceneNode25" name="J_tail3" sid="J_tail3" type="JOINT">
                        <matrix>1 0 0 0 0 1 0 0 0 0 1 -0.073801 0 0 0 1</matrix>
                        <node id="VisualSceneNode26" name="J_RfinL_1" sid="J_RfinL_1" type="JOINT">
                          <matrix>1 0 0 0.040466 0 1 0 -0.017 0 0 1 -0.010731 0 0 0 1</matrix>
                          <node id="VisualSceneNode27" name="J_RfinL_2" sid="J_RfinL_2" type="JOINT">
                            <matrix>1 0 0 0.02163 0 1 0 0 0 0 1 -0.014806 0 0 0 1</matrix>
                          </node>
                        </node>
                        <node id="VisualSceneNode28" name="J_RfinR_1" sid="J_RfinR_1" type="JOINT">
                          <matrix>1 0 0 -0.040466 0 1 0 -0.017 0 0 1 -0.010731 0 0 0 1</matrix>
                          <node id="VisualSceneNode29" name="J_RfinR_2" sid="J_RfinR_2" type="JOINT">
                            <matrix>1 0 0 -0.02163 0 1 0 0 0 0 1 -0.014807 0 0 0 1</matrix>
                          </node>
                        </node>
                        <node id="VisualSceneNode30" name="J_tail4" sid="J_tail4" type="JOINT">
                          <matrix>1 0 0 0 0 1 0 0 0 0 1 -0.111825 0 0 0 1</matrix>
                          <node id="VisualSceneNode31" name="J_tailL_5" sid="J_tailL_5" type="JOINT">
                            <matrix>1 0 0 0.026878 0 1 0 0 0 0 1 -0.023891 0 0 0 1</matrix>
                            <node id="VisualSceneNode32" name="J_tailL_6" sid="J_tailL_6" type="JOINT">
                              <matrix>1 0 0 0.054741 0 1 0 0 0 0 1 -0.004731 0 0 0 1</matrix>
                              <node id="VisualSceneNode33" name="J_tailL_7" sid="J_tailL_7" type="JOINT">
                                <matrix>1 0 0 0.07571 0 1 0 0 0 0 1 -0.007281 0 0 0 1</matrix>
                              </node>
                            </node>
                          </node>
                          <node id="VisualSceneNode34" name="J_tailR_5" sid="J_tailR_5" type="JOINT">
                            <matrix>1 0 0 -0.026878 0 1 0 0 0 0 1 -0.023891 0 0 0 1</matrix>
                            <node id="VisualSceneNode35" name="J_tailR_6" sid="J_tailR_6" type="JOINT">
                              <matrix>1 0 0 -0.054742 0 1 0 0 0 0 1 -0.004732 0 0 0 1</matrix>
                              <node id="VisualSceneNode36" name="J_tailR_7" sid="J_tailR_7" type="JOINT">
                                <matrix>1 0 0 -0.07571 0 1 0 0 0 0 1 -0.007281 0 0 0 1</matrix>
                              </node>
                            </node>
                          </node>
                        </node>
                      </node>
                    </node>
                  </node>
                </node>
                <node id="VisualSceneNode37" name="loc_001" sid="loc_001" type="JOINT">
                  <matrix>0 0 0 0 0 0 0 0 0 0 0 0 0 0 0 1</matrix>
                </node>
              </node>
              <node id="VisualSceneNode38" name="TP01" sid="TP01" type="JOINT">
                <matrix>1 0 0 0 0 1 0 0.31 0 0 1 0.225682 0 0 0 1</matrix>
              </node>
            </node>
            <node id="VisualSceneNode39" name="GRP_mesh" sid="GRP_mesh" type="JOINT">
              <matrix>1 0 0 0 0 1 0 0 0 0 1 0 0 0 0 1</matrix>
            </node>
          </node>
        </node>
      </node>
      <node id="VisualSceneNode40" name="chr021_e" type="NODE">
        <matrix>1 0 0 0 0 1 0 0 0 0 1 0 0 0 0 1</matrix>
        <instance_controller url="#Controller">
          <skeleton>#VisualSceneNode1</skeleton>
          <bind_material>
            <technique_common>
              <instance_material symbol="VisualMaterial0" target="#VisualMaterial"/>
            </technique_common>
          </bind_material>
        </instance_controller>
      </node>
      <node id="VisualSceneNode41" name="chr021_e_outline" type="NODE">
        <matrix>1 0 0 0 0 1 0 0 0 0 1 0 0 0 0 1</matrix>
        <instance_controller url="#Controller1">
          <skeleton>#VisualSceneNode1</skeleton>
          <bind_material>
            <technique_common>
              <instance_material symbol="VisualMaterial10" target="#VisualMaterial1"/>
            </technique_common>
          </bind_material>
        </instance_controller>
      </node>
    </visual_scene>
  </library_visual_scenes>
  <scene>
    <instance_visual_scene url="#VisualSceneNode"/>
  </scene>
</COLLADA>
