<?xml version="1.0" encoding="utf-8"?>
<COLLADA xmlns="http://www.collada.org/2005/11/COLLADASchema" version="1.4.1">
  <asset>
    <contributor>
      <author>Blender User</author>
      <authoring_tool>Blender 2.77.0 commit date:2016-03-18, commit time:12:34, hash:22a2853</authoring_tool>
    </contributor>
    <created>2021-06-23T17:39:09</created>
    <modified>2021-06-23T17:39:09</modified>
    <unit name="meter" meter="1"/>
    <up_axis>Z_UP</up_axis>
  </asset>
  <library_images>
    <image id="chr582a01_png" name="chr582a01_png">
      <init_from>chr582a01.png</init_from>
    </image>
    <image id="chr582a01s_png" name="chr582a01s_png">
      <init_from>chr582a01s.png</init_from>
    </image>
  </library_images>
  <library_effects>
    <effect id="chr582_mat_000-effect">
      <profile_COMMON>
        <newparam sid="chr582a01_png-surface">
          <surface type="2D">
            <init_from>chr582a01_png</init_from>
          </surface>
        </newparam>
        <newparam sid="chr582a01_png-sampler">
          <sampler2D>
            <source>chr582a01_png-surface</source>
          </sampler2D>
        </newparam>
        <technique sid="common">
          <phong>
            <emission>
              <color sid="emission">0 0 0 1</color>
            </emission>
            <ambient>
              <color sid="ambient">0 0 0 1</color>
            </ambient>
            <diffuse>
              <texture texture="chr582a01_png-sampler" texcoord="chr582_0-mesh-map-0"/>
            </diffuse>
            <specular>
              <color sid="specular">0.5 0.5 0.5 1</color>
            </specular>
            <shininess>
              <float sid="shininess">50</float>
            </shininess>
            <index_of_refraction>
              <float sid="index_of_refraction">1</float>
            </index_of_refraction>
          </phong>
        </technique>
      </profile_COMMON>
    </effect>
    <effect id="chr582_mat_001-effect">
      <profile_COMMON>
        <newparam sid="chr582a01_png-surface">
          <surface type="2D">
            <init_from>chr582a01_png</init_from>
          </surface>
        </newparam>
        <newparam sid="chr582a01_png-sampler">
          <sampler2D>
            <source>chr582a01_png-surface</source>
          </sampler2D>
        </newparam>
        <technique sid="common">
          <phong>
            <emission>
              <color sid="emission">0 0 0 1</color>
            </emission>
            <ambient>
              <color sid="ambient">0 0 0 1</color>
            </ambient>
            <diffuse>
              <texture texture="chr582a01_png-sampler" texcoord="chr582_1-mesh-map-0"/>
            </diffuse>
            <specular>
              <color sid="specular">0.5 0.5 0.5 1</color>
            </specular>
            <shininess>
              <float sid="shininess">50</float>
            </shininess>
            <index_of_refraction>
              <float sid="index_of_refraction">1</float>
            </index_of_refraction>
          </phong>
        </technique>
      </profile_COMMON>
    </effect>
    <effect id="chr582_mat_002-effect">
      <profile_COMMON>
        <newparam sid="chr582a01_png-surface">
          <surface type="2D">
            <init_from>chr582a01_png</init_from>
          </surface>
        </newparam>
        <newparam sid="chr582a01_png-sampler">
          <sampler2D>
            <source>chr582a01_png-surface</source>
          </sampler2D>
        </newparam>
        <technique sid="common">
          <phong>
            <emission>
              <color sid="emission">0 0 0 1</color>
            </emission>
            <ambient>
              <color sid="ambient">0 0 0 1</color>
            </ambient>
            <diffuse>
              <texture texture="chr582a01_png-sampler" texcoord="chr582_2-mesh-map-0"/>
            </diffuse>
            <specular>
              <color sid="specular">0.5 0.5 0.5 1</color>
            </specular>
            <shininess>
              <float sid="shininess">50</float>
            </shininess>
            <index_of_refraction>
              <float sid="index_of_refraction">1</float>
            </index_of_refraction>
          </phong>
        </technique>
      </profile_COMMON>
    </effect>
    <effect id="chr582_mat_003-effect">
      <profile_COMMON>
        <newparam sid="chr582a01s_png-surface">
          <surface type="2D">
            <init_from>chr582a01s_png</init_from>
          </surface>
        </newparam>
        <newparam sid="chr582a01s_png-sampler">
          <sampler2D>
            <source>chr582a01s_png-surface</source>
          </sampler2D>
        </newparam>
        <technique sid="common">
          <phong>
            <emission>
              <color sid="emission">0 0 0 1</color>
            </emission>
            <ambient>
              <color sid="ambient">0 0 0 1</color>
            </ambient>
            <diffuse>
              <texture texture="chr582a01s_png-sampler"/>
            </diffuse>
            <specular>
              <color sid="specular">0.5 0.5 0.5 1</color>
            </specular>
            <shininess>
              <float sid="shininess">50</float>
            </shininess>
            <index_of_refraction>
              <float sid="index_of_refraction">1</float>
            </index_of_refraction>
          </phong>
        </technique>
      </profile_COMMON>
    </effect>
  </library_effects>
  <library_materials>
    <material id="chr582_mat_000-material" name="chr582_mat_000">
      <instance_effect url="#chr582_mat_000-effect"/>
    </material>
    <material id="chr582_mat_001-material" name="chr582_mat_001">
      <instance_effect url="#chr582_mat_001-effect"/>
    </material>
    <material id="chr582_mat_002-material" name="chr582_mat_002">
      <instance_effect url="#chr582_mat_002-effect"/>
    </material>
    <material id="chr582_mat_003-material" name="chr582_mat_003">
      <instance_effect url="#chr582_mat_003-effect"/>
    </material>
  </library_materials>
  <library_geometries>
    <geometry id="chr582_0-mesh" name="chr582_0">
      <mesh>
        <source id="chr582_0-mesh-positions">
          <float_array id="chr582_0-mesh-positions-array" count="4284">0 0.03562957 0.0116347 0 0.03491258 0.005361795 -0.004707098 0.03509396 0.01135027 -0.005112171 0.03423327 0.005417168 0 0.0320056 -4.015e-4 -0.005023539 0.03123307 -2.017e-4 -0.009012401 0.02944976 3.871e-4 -0.009660482 0.03222376 0.005654275 -0.009405791 0.03330737 0.01128298 -0.01159936 -0.001007199 -0.017847 -0.01320374 -9.389e-4 -0.01764523 -0.01242876 -7.447e-4 -0.01852142 -0.01141721 0.001140356 -0.01945418 -0.01079362 0.001947641 -0.01886969 -0.01042336 9.99e-4 -0.01952522 -0.009746968 0.001572728 -0.01919466 -0.01182705 -0.00133872 -0.01352179 -0.01099973 -5.942e-4 -0.01180464 -0.01350796 -3.602e-4 -0.01339638 -0.01234471 5.754e-4 -0.01173102 -0.01342916 -4.528e-4 -0.01955658 -0.01297748 4.116e-4 -0.01849937 -0.01287531 -1.491e-4 -0.01953029 -0.01214438 2.559e-4 -0.01918739 -0.01411819 -9.217e-4 -0.01771879 -0.01358318 -0.001098871 -0.01685005 -0.01480007 -0.001242697 -0.01753479 -0.006829023 0.001323997 -0.01508253 -0.006360173 0.002307415 -0.01329582 -0.008268892 -1.64e-5 -0.01341009 -0.007353246 0.001219153 -0.0118519 -0.01342916 -4.528e-4 -0.01955658 -0.01287531 -1.491e-4 -0.01953029 -0.01242876 -7.447e-4 -0.01852142 -0.01214438 2.559e-4 -0.01918739 -0.01480007 -0.001242697 -0.01753479 -0.01450502 -2.514e-4 -0.01688379 -0.01411819 -9.217e-4 -0.01771879 -0.00953406 2.022e-4 -0.01863396 -0.008550643 0.002352476 -0.01802009 -0.008073568 4.522e-4 -0.01727849 -0.009791672 0.004261434 -0.01617628 -0.007900774 0.003385663 -0.01641428 -0.01000791 0.003160238 -0.01764148 -0.01442015 -8.156e-4 -0.01619642 -0.01479458 -0.001122713 -0.0167886 -0.01442015 -8.156e-4 -0.01619642 -0.01479458 -0.001122713 -0.0167886 -0.01176899 3.374e-4 -0.02001249 -0.01141721 0.001140356 -0.01945418 -0.01138657 4.636e-4 -0.02053487 -0.01076078 6.89e-4 -0.02024734 -0.01138657 4.636e-4 -0.02053487 -0.01076078 6.89e-4 -0.02024734 -0.0109387 -1.34e-5 -0.0194717 -0.01042336 9.99e-4 -0.01952522 -0.01176899 3.374e-4 -0.02001249 -0.0136879 -5.515e-4 -0.01761269 -0.0136879 -5.515e-4 -0.01761269 -0.01432645 -7.162e-4 -0.01511448 -0.0139352 0.001115918 -0.01425415 -0.01442015 -8.156e-4 -0.01619642 -0.01358318 -0.001098871 -0.01685005 -0.01284539 -0.001533985 -0.01542294 -0.01042336 9.99e-4 -0.01952522 -0.0118274 3.368e-4 -0.01927042 -0.0118274 3.368e-4 -0.01927042 -0.01338708 -5.055e-4 -0.01794368 -0.01356613 -5.669e-4 -0.01887047 -0.01356613 -5.669e-4 -0.01887047 -0.01338708 -5.055e-4 -0.01794368 -0.01214438 2.559e-4 -0.01918739 -0.01167529 -3.561e-4 -0.01909196 -0.0136879 -5.515e-4 -0.01761269 -0.006829023 0.001323997 -0.01508253 -0.007138431 0.004188895 -0.01446932 -0.006360173 0.002307415 -0.01329582 -0.009053647 7.809e-4 -0.01054978 -0.01061189 0.001784384 -0.0100553 -0.01297509 0.002102077 -0.01259052 -0.01157695 0.003165483 -0.01684165 -0.01099354 0.004249811 -0.01533335 -0.0109387 -1.34e-5 -0.0194717 -0.01225358 7.76e-4 -0.01897668 -0.01221567 0.001840174 -0.01835799 -0.009105384 0.003546059 -0.008620679 -0.007368028 0.00247097 -0.00948596 -0.005191445 0.009723961 -0.01566106 -0.00638175 0.008313775 -0.01563411 -0.006149291 0.01039749 -0.01290166 -0.007576406 0.008556067 -0.01296848 -0.006637871 0.004551947 -0.01356422 -0.007956981 0.00572437 -0.01262331 -0.008731484 0.005151987 -0.01404345 -0.01134371 0.003304183 -0.01082658 -0.009937942 0.005220592 -0.01333457 -0.02035725 0.009797394 0.008753776 -0.02226781 0.01090162 0.009898781 -0.02250689 0.009929895 0.009619057 -0.02057105 0.00812596 0.008899748 -0.02260082 0.008815586 0.009426653 -0.02039486 0.008202552 0.006364583 -0.0199173 0.009432375 0.006612062 -0.02243989 9.919e-4 0.02248525 -0.02370417 0 0.0251525 -0.02202779 0 0.0223394 -0.02346575 0.00210309 0.02252465 -0.02446264 0.001200497 0.02233219 -0.0248754 0 0.02192318 -0.02528816 0 0.01952552 -0.02470099 0.001877546 0.02010738 -0.02554702 0 0.01906675 -0.02492535 0.002386689 0.01969009 -0.02170169 0.002317488 0.01992172 -0.02129507 0.002399682 0.01863789 -0.02305537 0.00377202 0.01972407 -0.02298945 0.003996253 0.01848351 -0.02290618 0.004028916 0.01598852 -0.02109509 0.001971483 0.01562446 -0.02283751 0.004250884 0.01456552 -0.02103328 0.002756059 0.01401853 -0.02182388 0.001815438 0.0203253 -0.02083599 0 0.01969045 -0.02123755 0 0.0201177 -0.02502477 0.002434194 0.01838195 -0.02202779 0 0.0223394 -0.02370417 0 0.0251525 -0.0248754 0 0.02192318 -0.02328306 0.003010988 0.02038127 -0.02326279 -4.254e-4 0.0198217 -0.02528816 0 0.01952552 -0.02319157 -4.254e-4 0.0193786 -0.02554702 0 0.01906675 -0.02430593 0.002885997 0.01406049 -0.02476209 3.892e-4 0.0146743 -0.02447915 0.002074599 0.01544123 -0.02572911 0 0.01779913 -0.02903908 0 0.02054738 -0.0313844 0 0.02260625 -0.03109318 0 0.01936459 -0.02882909 -4.254e-4 0.01781547 -0.02847492 -4.254e-4 0.01716828 -0.0271176 0 0.01887398 -0.02641165 0 0.01843297 -0.02909123 -4.254e-4 0.01822799 -0.02779746 0 0.01897299 -0.02064418 3.892e-4 0.01504969 -0.02039605 0 0.01845943 -0.02039605 0 0.01845943 -0.02083599 0 0.01969045 -0.02306258 -4.254e-4 0.01812928 -0.015527 0 0.01654118 -0.01537328 0 0.01785117 -0.01775699 -4.254e-4 0.0173856 -0.01736718 -4.254e-4 0.01866769 -0.02353614 0.01187676 0.008310556 -0.0239557 0.01052951 0.008222997 -0.0241357 0.009212374 0.007987797 -0.02324515 0.0102899 0.006253004 -0.02285701 0.01157593 0.006017982 -0.0243209 0.004369974 0.01192098 -0.02283751 0.004250884 0.01456552 -0.02591687 0.003026485 0.0115292 -0.02489262 0.00316596 0.013812 -0.02267801 0.004771292 0.01221859 -0.02267229 0.005883157 0.01000416 -0.02269059 0.007193922 0.009815096 -0.02436995 0.005701482 0.008268594 -0.02420318 0.007272422 0.008048951 -0.02436995 0.005701482 0.008268594 -0.02267229 0.005883157 0.01000416 -0.02405989 0.004882097 0.006181478 -0.0240063 0.006345987 0.006056129 -0.02202492 0.005051076 0.005018711 -0.02202898 0.006401956 0.005111098 -0.02176713 0.003441989 0.004857063 -0.0239858 0.003424346 0.005821943 -0.02202492 0.005051076 0.005018711 -0.02405989 0.004882097 0.006181478 -0.02181446 0.001773834 0.004667997 -0.02446311 0.001686096 0.005594313 -0.02194875 3.258e-4 0.005371332 -0.02432525 2.988e-4 0.006249368 -0.02067458 0.006982684 0.008737683 -0.02054029 0.005549669 0.008819699 -0.02267801 0.004771292 0.01221859 -0.02066189 0.00430876 0.01207661 -0.02267229 0.005883157 0.01000416 -0.02054029 0.005549669 0.008819699 -0.02021121 0.005024671 0.006156623 -0.02028703 0.006625711 0.006166338 -0.02028703 0.006625711 0.006166338 -0.02021121 0.005024671 0.006156623 -0.0198251 0.003590703 0.005939245 -0.02176713 0.003441989 0.004857063 -0.02021121 0.005024671 0.006156623 -0.02202492 0.005051076 0.005018711 -0.02181446 0.001773834 0.004667997 -0.01950085 0.001717627 0.006084322 -0.02186352 -3.14e-4 0.00872147 -0.0203185 -1.184e-4 0.007215321 -0.01951998 -2.428e-4 0.00901705 -0.02191597 -1.053e-4 0.006660759 -0.02355808 -1.559e-4 0.007017493 -0.02495068 -2.442e-4 0.008357048 -0.02674925 -3.61e-5 0.01409256 -0.02714318 -1.994e-4 0.01111161 -0.02585268 -3.546e-4 0.01147735 -0.02873647 3.892e-4 0.01351076 -0.01958888 3.621e-4 0.006379187 -0.02194875 3.258e-4 0.005371332 -0.02237921 -5.03e-5 0.01227188 -0.01903635 -1.131e-4 0.01196938 -0.02270317 -3.61e-5 0.01486206 -0.02476209 3.892e-4 0.0146743 -0.02064418 3.892e-4 0.01504969 -0.02290618 0.004028916 0.01598852 -0.016819 0.002761662 0.01918858 -0.01797747 0.001731753 0.01954549 -0.01592689 0.002024829 0.02113693 -0.0168761 9.912e-4 0.0214293 -0.01570081 0.002064526 0.0181846 -0.01585096 0.001672089 0.01856458 -0.01537328 0 0.01785117 -0.01573818 0 0.01848709 -0.02064418 3.892e-4 0.01504969 -0.01998716 0 0.0182299 -0.01990497 0.00194782 0.01521635 -0.01917165 0.002306938 0.01794296 -0.01990497 0.00194782 0.01521635 -0.01736295 0 0.02156269 -0.01857179 0 0.01970809 -0.01573818 0 0.01848709 -0.01504153 0 0.02056229 -0.01715505 -4.254e-4 0.0190975 -0.01736295 0 0.02156269 -0.01857179 0 0.01970809 -0.01585096 0.001672089 0.01856458 -0.01513379 9.423e-4 0.02062577 -0.01573818 0 0.01848709 -0.01504153 0 0.02056229 -0.01857179 0 0.01970809 -0.01797747 0.001731753 0.01954549 -0.01936101 0 0.0194844 -0.01849329 0.00224334 0.01944243 -0.01707655 0.003298819 0.01854199 -0.016819 0.002761662 0.01918858 -0.017488 0.003517389 0.01733559 -0.01835119 0.00323528 0.0145325 -0.01736027 0.002049088 0.01448541 -0.01599323 0.002074599 0.01697629 -0.01678431 3.892e-4 0.01420468 -0.015527 0 0.01654118 -0.01715505 -4.254e-4 0.0190975 -0.01857179 0 0.01970809 -0.01936101 0 0.0194844 -0.02029359 0.002870023 0.01386356 -0.01891517 0.003242552 0.01182192 -0.019261 0.003302395 0.00869745 -0.01736027 0.002049088 0.01448541 -0.01678431 3.892e-4 0.01420468 -0.01748269 0.001710176 0.01217281 -0.01767659 1.665e-4 0.01180166 -0.01840925 0.001485407 0.009009659 -0.01835119 0.00323528 0.0145325 -0.01842427 9.48e-5 0.009255349 -0.03109318 0 0.01936459 -0.0313844 0 0.02260625 -0.0309937 0.00111407 0.01938945 -0.02894467 0.001124024 0.02038151 -0.029872 0.002082586 0.01996016 -0.03054064 0 0.01675689 -0.03038519 0 0.01748281 -0.03035193 0.001803696 0.01702326 -0.03025972 0.001602709 0.01751422 -0.02641165 0 0.01843297 -0.02476209 3.892e-4 0.0146743 -0.02640718 0.002320468 0.01789754 -0.02535909 0.00250864 0.01530712 -0.02535909 0.00250864 0.01530712 -0.02903908 0 0.02054738 -0.03006178 0.001631975 0.01600027 -0.02799719 0.003737211 0.0168147 -0.02821362 0.001255393 0.01355946 -0.02660351 0.003219664 0.01424288 -0.02865517 0.00341022 0.01789045 -0.0288468 0.002822816 0.01823306 -0.02712196 0.002035677 0.01866227 -0.02767843 0.001643121 0.01876389 -0.0271176 0 0.01887398 -0.02779746 0 0.01897299 -0.02873647 3.892e-4 0.01351076 -0.0305382 0 0.01590359 -0.02532768 0.003109455 0.007861554 -0.02730596 0.001375794 0.0112828 -0.02873647 3.892e-4 0.01351076 -0.02821362 0.001255393 0.01355946 -0.02601915 0.001323223 0.00793159 -0.02714318 -1.994e-4 0.01111161 -0.02660351 0.003219664 0.01424288 -0.02615249 1.298e-4 0.008097469 -0.02189832 0.01303875 0.008613765 -0.02068918 0.01188969 0.009879946 -0.02205759 0.00870788 0.00527364 -0.02039486 0.008202552 0.006364583 -0.02363318 0.009003877 0.00620085 -0.004028141 0.03451579 0.01709699 0 0.03485137 0.0172792 -0.008671343 0.03318274 0.01643735 0 0.03377121 0.02037119 -0.003704786 0.03345507 0.0201655 -0.004533827 0.01199758 -0.01291215 -0.001502156 0.01280742 -0.01299113 -0.003528237 0.01091635 -0.01573079 0 0.01194828 -0.01573735 0 0.01319819 -0.01306176 0 0.01138246 -0.01803714 -0.002123594 0.01084965 -0.02100408 -0.002925395 0.0106371 -0.01813626 -7.747e-4 0.01117706 -0.02092611 -0.001087427 0.01125985 -0.02383387 -0.004466772 0.02769905 -0.004345417 0 0.02821475 -0.004662573 0 0.02393949 -0.007334887 -0.003721535 0.02340245 -0.007137954 -0.008342146 0.02589857 -0.003539443 -0.007242143 0.02216655 -0.006740987 -0.005064785 0.0130847 -0.01172125 -0.008775293 0.01586288 -0.009003162 -0.006235599 0.01769745 -0.009360969 -0.00266695 0.01882708 -0.009734153 0 0.01914036 -0.009801268 -0.008459091 0.01072889 -0.01062422 -0.009532272 0.008930265 -0.009846568 -0.01092618 0.01156198 -0.007343292 -0.01085019 0.01994645 -0.005485594 -0.01168817 0.02340638 -0.002076089 -0.0199173 0.009432375 0.006612062 -0.02154839 0.01128792 0.005402207 -0.01955294 0.01022833 0.006612658 -0.02192598 0.01007694 0.005540609 -0.02165263 0.01276916 0.006467998 -0.02030938 0.0138064 0.006659865 -0.0204662 0.01414597 0.008645594 -0.02019214 0.01211673 0.005676269 -0.01954823 0.01572376 0.009422898 -0.01976531 0.01541066 0.00762403 -0.01955294 0.01022833 0.006612658 -0.01957088 0.01028436 0.009311258 -0.01955616 0.0143004 0.006270766 -0.0189175 0.01276952 0.005655825 -0.01299655 0.02934741 0.006048679 -0.01256519 0.02680206 0.001131296 -0.01573115 0.02524185 0.007162392 -0.01519381 0.02291059 0.002566993 -0.01686376 0.02159345 0.008511066 -0.01663047 0.01932013 0.004301071 -0.01267296 0.03061485 0.01119208 -0.01260673 0.01707327 -0.004162192 -0.01010185 0.01384758 -0.008335292 -0.01307779 0.01384848 -0.002791643 -0.01524347 0.0169897 0.001001656 -0.01399421 0.02038502 -3.904e-4 -0.0107963 0.006169319 -0.005473196 -0.009927093 0.005743861 -0.008771061 -0.009295642 0.003599107 -0.007827997 -0.009100556 0.006871998 -0.01101899 -0.009518563 0.004847407 -0.009621977 -0.009078562 0.005865693 -0.01109296 -0.0078184 0.006481051 -0.01325166 -0.01116722 0.004679918 -0.01219016 -0.0112046 0.009093999 -0.006513953 -0.01240867 0.007838368 -5.263e-4 -0.01287305 0.01067638 -0.001702547 -0.0151028 0.01273447 0.0026021 -0.01804316 0.01550728 0.005684792 -0.01817655 0.01711088 0.01004689 -0.01725149 0.01785856 0.009830474 -0.01832228 0.01680058 0.007695913 -0.01703685 0.01734542 0.006982088 -0.01703685 0.01734542 0.006982088 -0.01653057 0.01602226 0.005079269 -0.01653057 0.01602226 0.005079269 -0.004401206 0.001662015 0.006568968 0 9.698e-4 0.007222235 -0.005046129 0.00288707 0.01133215 0 0.002268195 0.01180905 -0.007409036 0.001542091 -0.003444015 -0.006748199 0.001709878 -0.008321344 -0.003285944 3.917e-4 -0.003063023 -0.002821624 9.275e-4 -0.008498668 -0.003471434 7.347e-4 0.00214529 0 -1.95e-5 -0.002735078 0 2.293e-4 0.002527534 -0.009775698 0.004497647 0.0108152 -0.008926391 0.00278604 0.005952477 -0.009490489 0.003909647 -0.004440188 -0.01114451 0.00489974 5.002e-4 -0.008077561 0.001871228 0.001662433 -0.01257157 0.006009638 0.005042493 0 0.01502609 0.02854156 0 0.01698082 0.02857625 -0.003998517 0.01513779 0.02826678 -0.003895401 0.01699709 0.02823156 -0.003322184 0.009975671 -0.02106875 -0.00259155 0.01048129 -0.02406609 -0.001459479 0.01103299 -0.02808898 -0.001875281 0.01052248 -0.02822697 -0.002917826 0.009596347 -0.02431249 -0.00210607 0.009493052 -0.02832448 -0.002683997 0.008425176 -0.02451872 -0.01010829 0.005971074 0.01496338 -0.005395591 0.004690289 0.01581519 -0.01167005 0.03089827 0.01608669 0 0.02383399 0.02864915 -0.003113806 0.02365249 0.02825427 0 0.02124637 0.0291633 -0.003149569 0.02100902 0.02875477 0 0.003812134 0.01643067 -0.005388498 0.00623697 0.01899719 0 0.005662739 0.01939195 -0.01005303 0.007722139 0.0182085 -0.003876209 0.0109198 0.0255146 0 0.01081418 0.02578556 -0.004052281 0.01311606 0.02737045 0 0.01296019 0.02751165 -0.009858787 0.009759068 0.02113938 -0.005381405 0.008518159 0.02247142 0 0.008126676 0.02286612 -0.01453578 0.00930339 0.004178643 -0.0194419 0.01307439 0.0103349 -0.01804798 0.01453745 0.01114988 -0.01810818 0.01132935 0.009664475 -0.0169304 0.01563102 0.01191061 -0.01710647 0.01238858 0.01084929 -0.01731926 0.01364648 0.005405068 -0.01360899 0.007312238 0.00998938 -0.01581627 0.01064252 0.009067058 -0.0134527 0.008597254 0.01350307 -0.01556688 0.01136279 0.0122137 -0.01774269 0.01115447 0.006667137 -0.01774269 0.01115447 0.006667137 -0.01652187 0.01198023 0.00630182 -0.01637011 0.01346361 0.01157784 -0.01637011 0.01346361 0.01157784 -0.01616972 0.01241141 0.008726775 -0.01652187 0.01198023 0.00630182 -0.01628398 0.01391667 0.004893124 -0.01601409 0.0121535 0.005965054 -0.01616972 0.01241141 0.008726775 -0.01601409 0.0121535 0.005965054 -0.01628398 0.01391667 0.004893124 -0.01601409 0.0121535 0.005965054 -0.007419884 0.01340168 0.02637028 -0.00708729 0.01130473 0.02471041 -0.01008445 0.01672559 0.02521127 -0.01027417 0.01508402 0.02518588 -0.009029567 0.016694 0.0262885 -0.0125519 0.01477015 0.0228182 -0.01270538 0.01345187 0.021263 -0.01026839 0.01362848 0.02453714 -0.003461897 0.0315324 0.02307075 0 0.03163921 0.02337789 -0.007420182 0.03240078 0.01986837 -0.006665766 0.03090041 0.0225045 -0.01213538 0.02871429 0.01934957 -0.009779572 0.03081089 0.01939857 0 0.02943849 0.025518 -0.003196001 0.02929216 0.02545607 -0.001807034 0.01389759 -0.01197111 0 0.01437073 -0.01202332 -0.006034493 0.02867156 0.02458006 -0.01339048 0.009930074 0.01682639 -0.01280289 0.01153653 0.01959621 -0.009885251 0.01216906 0.02322918 -0.01459306 0.01363962 0.0181939 -0.01437038 0.01449173 0.02007019 -0.01535248 0.02654528 0.01160538 -0.01661646 0.02316319 0.01235371 -0.01693809 0.01953107 0.01298868 -0.01725149 0.01785856 0.009830474 -0.01645588 0.01456093 0.0147221 -0.0169304 0.01563102 0.01191061 -0.01680839 0.01662749 0.01418113 -0.01417458 0.02656835 0.01857376 -0.01468867 0.02701789 0.01568585 -0.007883787 0.0280143 0.023777 -0.006048381 0.0230754 0.02750569 -0.006440699 0.02030622 0.02785408 -0.01132553 0.02043008 0.02460438 -0.01325124 0.02005249 0.02277237 -0.01161307 0.01891499 0.0245524 -0.01346373 0.0182842 0.02246916 -0.0159142 0.02394729 0.01582103 -0.0133199 0.02307957 0.02156841 -0.01175427 0.02465569 0.02274429 -0.01353573 0.02464509 0.02078729 -0.01496315 0.01798743 0.02058553 -0.0143913 0.02066725 0.02096968 -0.01586407 0.01982617 0.0187729 -0.01636618 0.0213446 0.01610028 -0.006105542 0.0032655 -0.01229923 -0.006565213 0.002435505 -0.0106697 -0.006105542 0.0032655 -0.01229923 -0.005843639 0.006115496 -0.01564109 -0.006158888 0.005228579 -0.0141527 -0.003354549 0.007407784 -0.02130848 -0.00449568 0.006683886 -0.01863902 -0.003846526 0.008905291 -0.02113479 -0.00497967 0.008515596 -0.01839387 -0.004226922 0.009738862 -0.01820856 -0.002379298 0.00214076 -0.0129379 -0.001993656 0.003412187 -0.01594907 0 0.001855373 -0.01297771 0 0.00293982 -0.01600325 -0.004027426 0.004085183 -0.0158267 -0.004758596 0.002918124 -0.01297736 -0.01254135 0.003510773 -0.01388448 -0.01337069 0.002471745 -0.0154528 -0.01455289 4.759e-4 -0.01570695 -0.009632289 -9.992e-4 -0.01542198 -0.008073568 4.522e-4 -0.01727849 -0.01070731 -0.001155257 -0.01694279 -0.00953406 2.022e-4 -0.01863396 -0.006748199 0.001709878 -0.008321344 -0.005447924 0.00205785 -0.01063907 -0.004758596 0.002918124 -0.01297736 -0.006158888 0.005228579 -0.0141527 -0.004758596 0.002918124 -0.01297736 -0.0078184 0.006481051 -0.01325166 -0.009100556 0.006871998 -0.01101899 -0.009927093 0.005743861 -0.008771061 -0.009295642 0.003599107 -0.007827997 0 5.222e-4 -0.008664786 -0.005447924 0.00205785 -0.01063907 -0.001658499 0.004649043 -0.01897758 -0.003080189 0.005327284 -0.01888459 0 0.004281878 -0.01920497 -4.927e-4 0.005346477 -0.02192789 -0.0013116 0.005615592 -0.02181082 -0.007681429 0.01528096 0.02735769 -0.01644915 0.01784688 0.01681858 -0.01518607 0.01249432 0.01566308 -0.01164567 0.01628315 0.0240978 -0.01600128 0.01557517 0.0173726 -0.01559007 0.016828 0.0192427 -0.01404637 0.0162189 0.02128088 -0.01258713 0.01627737 0.02318453 -0.014418 0.01633286 0.02057737 -0.01473581 0.01632845 0.02052557 -0.001041889 0.00663948 -0.02481037 -0.001958668 0.007448375 -0.02463668 -0.002486824 0.006225585 -0.02156567 -0.001767039 0.008830547 -0.0283879 -0.001244187 0.008492052 -0.02843093 -0.00139749 0.01062548 -0.02897888 -0.001723527 0.009790241 -0.0290392 -0.006939589 0.01230627 -0.01138871 0 0.01778304 0.0292347 -0.003228962 0.01747256 0.02905637 -0.006775856 0.01705569 0.02791428 -0.009598553 0.01946628 0.02613341 -0.01095491 0.01749229 0.02572 -0.01180565 0.01691395 0.02450615 -0.01292699 0.01689398 0.0226292 -0.01442307 0.01660597 0.02110499 -0.01484519 0.01666897 0.0205422 -0.009687483 0.01766455 0.02593678 -0.008020281 0.02344107 0.0257228 -0.009026885 0.02180087 0.02569013 -0.015603 0.01793074 0.01879096 -0.008747398 0.02982288 0.02181088 -0.01497113 0.02407765 0.01879096 -0.01510006 0.02245318 0.01939779 -0.0124638 0.0264467 0.02100396 -0.01073807 0.0272336 0.02203756 -0.009705841 0.02415424 0.02462059 -0.009507656 0.02601975 0.02380883 0 0.0266835 0.02737295 -0.003145754 0.0265249 0.0269258 -0.005975544 0.0262261 0.0261287 -0.007621169 0.02570027 0.02512115 -0.01245009 0.02205651 0.02282935 -0.009873688 0.02909249 0.02154248 0 0.01700145 0.02889698 -0.003253996 0.01684075 0.02872633 -0.006750762 0.01648396 0.02760148 -0.009742379 0.01677435 0.02559244 -0.01088351 0.01684623 0.02560937 -0.0125665 0.0164206 0.02260345 -0.01171791 0.01626771 0.02445656 -0.01417368 0.0161702 0.02114355 -0.01075148 0.02262639 0.02425599 -0.0138275 0.001131713 -0.01703912 -0.001306951 0.009914577 -0.02955365 -0.001275599 0.00895667 -0.02914869 -0.01450502 -2.514e-4 -0.01688379 -0.01297748 4.116e-4 -0.01849937 -0.01338708 -5.055e-4 -0.01794368 -0.01380777 5.12e-5 -0.01779568 -0.0118274 3.368e-4 -0.01927042 -0.01214438 2.559e-4 -0.01918739 -0.0136879 -5.515e-4 -0.01761269 -0.01338708 -5.055e-4 -0.01794368 -0.0118274 3.368e-4 -0.01927042 -0.0109387 -1.34e-5 -0.0194717 -0.01678431 3.892e-4 0.01420468 -0.01871418 -3.61e-5 0.01462709 -0.02476209 3.892e-4 0.0146743 -0.02447915 0.002074599 0.01544123 -0.02290618 0.004028916 0.01598852 -0.02109509 0.001971483 0.01562446 -0.02064418 3.892e-4 0.01504969 -0.02064418 3.892e-4 0.01504969 -0.02270317 -3.61e-5 0.01486206 -0.02674925 -3.61e-5 0.01409256 -0.02476209 3.892e-4 0.0146743 -0.01489681 0 0.0235033 -0.01489681 0 0.0235033 -0.02328306 0.003010988 0.02038127 -0.02182388 0.001815438 0.0203253 -0.02123755 0 0.0201177 -0.02528816 0 0.01952552 -0.02326279 -4.254e-4 0.0198217 -0.02123755 0 0.0201177 -0.02528816 0 0.01952552 -0.02470099 0.001877546 0.02010738 -0.02767843 0.001643121 0.01876389 -0.0288468 0.002822816 0.01823306 -0.02779746 0 0.01897299 -0.02779746 0 0.01897299 -0.02909123 -4.254e-4 0.01822799 -0.03038519 0 0.01748281 -0.03038519 0 0.01748281 -0.03025972 0.001602709 0.01751422 -0.02476209 3.892e-4 0.0146743 -0.02572911 0 0.01779913 -0.0305382 0 0.01590359 -0.02873647 3.892e-4 0.01351076 -0.03054064 0 0.01675689 -0.02064418 3.892e-4 0.01504969 -0.01998716 0 0.0182299 -0.01573818 0 0.01848709 -0.02123755 0 0.0201177 -0.03038519 0 0.01748281 -0.01767659 1.665e-4 0.01180166 -0.01678431 3.892e-4 0.01420468 -0.01871418 -3.61e-5 0.01462709 -0.01842427 9.48e-5 0.009255349 -0.01958888 3.621e-4 0.006379187 -0.02194875 3.258e-4 0.005371332 -0.02432525 2.988e-4 0.006249368 -0.02615249 1.298e-4 0.008097469 -0.00724709 0.01674735 0.02744084 -0.008441269 0.01688683 0.02554512 -0.009029567 0.016694 0.0262885 -0.008311867 0.01788157 0.02628588 -0.008795559 0.01766639 0.02674657 -0.006669402 0.01719278 0.02669131 -0.007243931 0.01796239 0.02687221 -0.007633507 0.01782745 0.02756118 -0.008246958 0.01764029 0.02724635 -0.008795559 0.01766639 0.02674657 -0.009029567 0.016694 0.0262885 -0.008056342 0.01919615 0.02734637 -0.007633507 0.01782745 0.02756118 -0.008056342 0.01919615 0.02734637 -0.01010537 0.01583772 0.02556705 -0.009901165 0.01584553 0.0252605 -0.009742379 0.01677435 0.02559244 -0.009501099 0.01649409 0.02510136 -0.01065623 0.01551073 0.02448046 -0.01096767 0.0160408 0.02391558 -0.01137936 0.01552438 0.0249722 -0.01171791 0.01626771 0.02445656 -0.01095229 0.01580899 0.02564686 -0.01010537 0.01583772 0.02556705 -0.01088351 0.01684623 0.02560937 -0.009742379 0.01677435 0.02559244 -0.0107885 0.01450908 0.0255602 -0.01137936 0.01552438 0.0249722 -0.0107885 0.01450908 0.0255602 -0.01390606 0.01721495 0.02200871 -0.01314222 0.01745146 0.0216161 -0.01404637 0.0162189 0.02128088 -0.01299947 0.01626408 0.02089112 -0.01172405 0.0161575 0.0222904 -0.012443 0.01749789 0.02262318 -0.01258713 0.01627737 0.02318453 -0.01292383 0.01730793 0.023193 -0.01349318 0.0172317 0.0226618 -0.01390606 0.01721495 0.02200871 -0.01404637 0.0162189 0.02128088 -0.01319617 0.01870119 0.02285367 -0.01292383 0.01730793 0.023193 -0.01319617 0.01870119 0.02285367 -0.01171791 0.01626771 0.02445656 -0.008108556 0.01667517 0.02700257 -0.00724709 0.01674735 0.02744084 -0.008108556 0.01667517 0.02700257 -0.00724709 0.01674735 0.02744084 -0.01258713 0.01627737 0.02318453 -0.007621169 0.02570027 0.02512115 -0.008020281 0.02344107 0.0257228 -0.009026885 0.02180087 0.02569013 -0.01132553 0.02043008 0.02460438 -0.01325124 0.02005249 0.02277237 -0.0143913 0.02066725 0.02096968 -0.01510006 0.02245318 0.01939779 -0.01497113 0.02407765 0.01879096 -0.01417458 0.02656835 0.01857376 -0.01213538 0.02871429 0.01934957 -0.009873688 0.02909249 0.02154248 -0.007883787 0.0280143 0.023777 0 0.03562957 0.0116347 0.004707098 0.03509396 0.01135027 0 0.03491258 0.005361795 0.005112171 0.03423327 0.005417168 0 0.0320056 -4.015e-4 0.005023539 0.03123307 -2.017e-4 0.009012401 0.02944976 3.871e-4 0.009660482 0.03222376 0.005654275 0.009405791 0.03330737 0.01128298 0.01159936 -0.001007199 -0.017847 0.01242876 -7.447e-4 -0.01852142 0.01320374 -9.389e-4 -0.01764523 0.009746968 0.001572728 -0.01919466 0.01079362 0.001947641 -0.01886969 0.01042336 9.99e-4 -0.01952522 0.01141721 0.001140356 -0.01945418 0.01234471 5.754e-4 -0.01173102 0.01099973 -5.942e-4 -0.01180464 0.01350796 -3.602e-4 -0.01339638 0.01182705 -0.00133872 -0.01352179 0.01342916 -4.528e-4 -0.01955658 0.01287531 -1.491e-4 -0.01953029 0.01297748 4.116e-4 -0.01849937 0.01214438 2.559e-4 -0.01918739 0.01411819 -9.217e-4 -0.01771879 0.01480007 -0.001242697 -0.01753479 0.01358318 -0.001098871 -0.01685005 0.006829023 0.001323997 -0.01508253 0.008268892 -1.64e-5 -0.01341009 0.006360173 0.002307415 -0.01329582 0.007353246 0.001219153 -0.0118519 0.01342916 -4.528e-4 -0.01955658 0.01242876 -7.447e-4 -0.01852142 0.01287531 -1.491e-4 -0.01953029 0.01214438 2.559e-4 -0.01918739 0.01480007 -0.001242697 -0.01753479 0.01411819 -9.217e-4 -0.01771879 0.01450502 -2.514e-4 -0.01688379 0.00953406 2.022e-4 -0.01863396 0.008073568 4.522e-4 -0.01727849 0.009791672 0.004261434 -0.01617628 0.01000791 0.003160238 -0.01764148 0.007900774 0.003385663 -0.01641428 0.008550643 0.002352476 -0.01802009 0.01442015 -8.156e-4 -0.01619642 0.01479458 -0.001122713 -0.0167886 0.01442015 -8.156e-4 -0.01619642 0.01479458 -0.001122713 -0.0167886 0.01176899 3.374e-4 -0.02001249 0.01138657 4.636e-4 -0.02053487 0.01141721 0.001140356 -0.01945418 0.01076078 6.89e-4 -0.02024734 0.01138657 4.636e-4 -0.02053487 0.0109387 -1.34e-5 -0.0194717 0.01076078 6.89e-4 -0.02024734 0.01042336 9.99e-4 -0.01952522 0.01176899 3.374e-4 -0.02001249 0.0136879 -5.515e-4 -0.01761269 0.0136879 -5.515e-4 -0.01761269 0.01432645 -7.162e-4 -0.01511448 0.0139352 0.001115918 -0.01425415 0.01442015 -8.156e-4 -0.01619642 0.01284539 -0.001533985 -0.01542294 0.01358318 -0.001098871 -0.01685005 0.01042336 9.99e-4 -0.01952522 0.0118274 3.368e-4 -0.01927042 0.0118274 3.368e-4 -0.01927042 0.01338708 -5.055e-4 -0.01794368 0.01356613 -5.669e-4 -0.01887047 0.01356613 -5.669e-4 -0.01887047 0.01338708 -5.055e-4 -0.01794368 0.01167529 -3.561e-4 -0.01909196 0.01214438 2.559e-4 -0.01918739 0.0136879 -5.515e-4 -0.01761269 0.006829023 0.001323997 -0.01508253 0.006360173 0.002307415 -0.01329582 0.009053647 7.809e-4 -0.01054978 0.01061189 0.001784384 -0.0100553 0.01297509 0.002102077 -0.01259052 0.01157695 0.003165483 -0.01684165 0.01099354 0.004249811 -0.01533335 0.0109387 -1.34e-5 -0.0194717 0.01221567 0.001840174 -0.01835799 0.01225358 7.76e-4 -0.01897668 0.009105384 0.003546059 -0.008620679 0.007368028 0.00247097 -0.00948596 0.005191445 0.009723961 -0.01566106 0.006149291 0.01039749 -0.01290166 0.00638175 0.008313775 -0.01563411 0.007576406 0.008556067 -0.01296848 0.008731484 0.005151987 -0.01404345 0.007138431 0.004188895 -0.01446932 0.007956981 0.00572437 -0.01262331 0.006637871 0.004551947 -0.01356422 0.01134371 0.003304183 -0.01082658 0.009937942 0.005220592 -0.01333457 0.02035725 0.009797394 0.008753776 0.02250689 0.009929895 0.009619057 0.02226781 0.01090162 0.009898781 0.02057105 0.00812596 0.008899748 0.02260082 0.008815586 0.009426653 0.02039486 0.008202552 0.006364583 0.0199173 0.009432375 0.006612062 0.02243989 9.919e-4 0.02248525 0.02202779 0 0.0223394 0.02370417 0 0.0251525 0.02346575 0.00210309 0.02252465 0.02446264 0.001200497 0.02233219 0.0248754 0 0.02192318 0.02528816 0 0.01952552 0.02554702 0 0.01906675 0.02470099 0.001877546 0.02010738 0.02492535 0.002386689 0.01969009 0.02170169 0.002317488 0.01992172 0.02305537 0.00377202 0.01972407 0.02129507 0.002399682 0.01863789 0.02298945 0.003996253 0.01848351 0.02290618 0.004028916 0.01598852 0.02283751 0.004250884 0.01456552 0.02109509 0.001971483 0.01562446 0.02103328 0.002756059 0.01401853 0.02083599 0 0.01969045 0.02182388 0.001815438 0.0203253 0.02123755 0 0.0201177 0.02502477 0.002434194 0.01838195 0.02202779 0 0.0223394 0.0248754 0 0.02192318 0.02370417 0 0.0251525 0.02328306 0.003010988 0.02038127 0.02326279 -4.254e-4 0.0198217 0.02319157 -4.254e-4 0.0193786 0.02528816 0 0.01952552 0.02554702 0 0.01906675 0.02430593 0.002885997 0.01406049 0.02447915 0.002074599 0.01544123 0.02476209 3.892e-4 0.0146743 0.02572911 0 0.01779913 0.02903908 0 0.02054738 0.03109318 0 0.01936459 0.0313844 0 0.02260625 0.02641165 0 0.01843297 0.02847492 -4.254e-4 0.01716828 0.0271176 0 0.01887398 0.02882909 -4.254e-4 0.01781547 0.02779746 0 0.01897299 0.02909123 -4.254e-4 0.01822799 0.02064418 3.892e-4 0.01504969 0.02039605 0 0.01845943 0.02039605 0 0.01845943 0.02306258 -4.254e-4 0.01812928 0.02083599 0 0.01969045 0.015527 0 0.01654118 0.01775699 -4.254e-4 0.0173856 0.01537328 0 0.01785117 0.01736718 -4.254e-4 0.01866769 0.02353614 0.01187676 0.008310556 0.0239557 0.01052951 0.008222997 0.0241357 0.009212374 0.007987797 0.02324515 0.0102899 0.006253004 0.02285701 0.01157593 0.006017982 0.0243209 0.004369974 0.01192098 0.02283751 0.004250884 0.01456552 0.02591687 0.003026485 0.0115292 0.02489262 0.00316596 0.013812 0.02267801 0.004771292 0.01221859 0.02267229 0.005883157 0.01000416 0.02436995 0.005701482 0.008268594 0.02269059 0.007193922 0.009815096 0.02420318 0.007272422 0.008048951 0.02436995 0.005701482 0.008268594 0.02267229 0.005883157 0.01000416 0.02405989 0.004882097 0.006181478 0.0240063 0.006345987 0.006056129 0.02202492 0.005051076 0.005018711 0.02202898 0.006401956 0.005111098 0.02176713 0.003441989 0.004857063 0.02202492 0.005051076 0.005018711 0.0239858 0.003424346 0.005821943 0.02405989 0.004882097 0.006181478 0.02181446 0.001773834 0.004667997 0.02446311 0.001686096 0.005594313 0.02194875 3.258e-4 0.005371332 0.02432525 2.988e-4 0.006249368 0.02067458 0.006982684 0.008737683 0.02054029 0.005549669 0.008819699 0.02267801 0.004771292 0.01221859 0.02267229 0.005883157 0.01000416 0.02066189 0.00430876 0.01207661 0.02054029 0.005549669 0.008819699 0.02021121 0.005024671 0.006156623 0.02028703 0.006625711 0.006166338 0.02028703 0.006625711 0.006166338 0.02021121 0.005024671 0.006156623 0.0198251 0.003590703 0.005939245 0.02021121 0.005024671 0.006156623 0.02176713 0.003441989 0.004857063 0.02202492 0.005051076 0.005018711 0.02181446 0.001773834 0.004667997 0.01950085 0.001717627 0.006084322 0.02186352 -3.14e-4 0.00872147 0.01951998 -2.428e-4 0.00901705 0.0203185 -1.184e-4 0.007215321 0.02191597 -1.053e-4 0.006660759 0.02355808 -1.559e-4 0.007017493 0.02495068 -2.442e-4 0.008357048 0.02674925 -3.61e-5 0.01409256 0.02585268 -3.546e-4 0.01147735 0.02714318 -1.994e-4 0.01111161 0.02873647 3.892e-4 0.01351076 0.01958888 3.621e-4 0.006379187 0.02194875 3.258e-4 0.005371332 0.02237921 -5.03e-5 0.01227188 0.01903635 -1.131e-4 0.01196938 0.02476209 3.892e-4 0.0146743 0.02270317 -3.61e-5 0.01486206 0.02064418 3.892e-4 0.01504969 0.02290618 0.004028916 0.01598852 0.016819 0.002761662 0.01918858 0.01592689 0.002024829 0.02113693 0.01797747 0.001731753 0.01954549 0.0168761 9.912e-4 0.0214293 0.01570081 0.002064526 0.0181846 0.01537328 0 0.01785117 0.01585096 0.001672089 0.01856458 0.01573818 0 0.01848709 0.01917165 0.002306938 0.01794296 0.01998716 0 0.0182299 0.01990497 0.00194782 0.01521635 0.02064418 3.892e-4 0.01504969 0.01990497 0.00194782 0.01521635 0.01857179 0 0.01970809 0.01736295 0 0.02156269 0.01573818 0 0.01848709 0.01715505 -4.254e-4 0.0190975 0.01504153 0 0.02056229 0.01736295 0 0.02156269 0.01857179 0 0.01970809 0.01585096 0.001672089 0.01856458 0.01573818 0 0.01848709 0.01513379 9.423e-4 0.02062577 0.01504153 0 0.02056229 0.01857179 0 0.01970809 0.01936101 0 0.0194844 0.01797747 0.001731753 0.01954549 0.01849329 0.00224334 0.01944243 0.01707655 0.003298819 0.01854199 0.016819 0.002761662 0.01918858 0.01835119 0.00323528 0.0145325 0.017488 0.003517389 0.01733559 0.015527 0 0.01654118 0.01599323 0.002074599 0.01697629 0.01678431 3.892e-4 0.01420468 0.01736027 0.002049088 0.01448541 0.01715505 -4.254e-4 0.0190975 0.01857179 0 0.01970809 0.01936101 0 0.0194844 0.01891517 0.003242552 0.01182192 0.02029359 0.002870023 0.01386356 0.019261 0.003302395 0.00869745 0.01736027 0.002049088 0.01448541 0.01748269 0.001710176 0.01217281 0.01678431 3.892e-4 0.01420468 0.01767659 1.665e-4 0.01180166 0.01840925 0.001485407 0.009009659 0.01835119 0.00323528 0.0145325 0.01842427 9.48e-5 0.009255349 0.03109318 0 0.01936459 0.0309937 0.00111407 0.01938945 0.0313844 0 0.02260625 0.029872 0.002082586 0.01996016 0.02894467 0.001124024 0.02038151 0.03054064 0 0.01675689 0.03035193 0.001803696 0.01702326 0.03038519 0 0.01748281 0.03025972 0.001602709 0.01751422 0.02535909 0.00250864 0.01530712 0.02476209 3.892e-4 0.0146743 0.02640718 0.002320468 0.01789754 0.02641165 0 0.01843297 0.02535909 0.00250864 0.01530712 0.02903908 0 0.02054738 0.02660351 0.003219664 0.01424288 0.02799719 0.003737211 0.0168147 0.02821362 0.001255393 0.01355946 0.03006178 0.001631975 0.01600027 0.02865517 0.00341022 0.01789045 0.0288468 0.002822816 0.01823306 0.02712196 0.002035677 0.01866227 0.0271176 0 0.01887398 0.02767843 0.001643121 0.01876389 0.02779746 0 0.01897299 0.0305382 0 0.01590359 0.02873647 3.892e-4 0.01351076 0.02532768 0.003109455 0.007861554 0.02730596 0.001375794 0.0112828 0.02821362 0.001255393 0.01355946 0.02873647 3.892e-4 0.01351076 0.02714318 -1.994e-4 0.01111161 0.02601915 0.001323223 0.00793159 0.02660351 0.003219664 0.01424288 0.02615249 1.298e-4 0.008097469 0.02189832 0.01303875 0.008613765 0.02068918 0.01188969 0.009879946 0.02205759 0.00870788 0.00527364 0.02039486 0.008202552 0.006364583 0.02363318 0.009003877 0.00620085 0.004028141 0.03451579 0.01709699 0 0.03485137 0.0172792 0.008671343 0.03318274 0.01643735 0 0.03377121 0.02037119 0.003704786 0.03345507 0.0201655 0.004533827 0.01199758 -0.01291215 0.003528237 0.01091635 -0.01573079 0.001502156 0.01280742 -0.01299113 0 0.01194828 -0.01573735 0 0.01319819 -0.01306176 0 0.01138246 -0.01803714 0.002925395 0.0106371 -0.01813626 0.002123594 0.01084965 -0.02100408 7.747e-4 0.01117706 -0.02092611 0.001087427 0.01125985 -0.02383387 0.004466772 0.02769905 -0.004345417 0 0.02821475 -0.004662573 0 0.02393949 -0.007334887 0.003721535 0.02340245 -0.007137954 0.008342146 0.02589857 -0.003539443 0.007242143 0.02216655 -0.006740987 0.005064785 0.0130847 -0.01172125 0.006235599 0.01769745 -0.009360969 0.008775293 0.01586288 -0.009003162 0.00266695 0.01882708 -0.009734153 0 0.01914036 -0.009801268 0.008459091 0.01072889 -0.01062422 0.01092618 0.01156198 -0.007343292 0.009532272 0.008930265 -0.009846568 0.01085019 0.01994645 -0.005485594 0.01168817 0.02340638 -0.002076089 0.0199173 0.009432375 0.006612062 0.02154839 0.01128792 0.005402207 0.02192598 0.01007694 0.005540609 0.01955294 0.01022833 0.006612658 0.02165263 0.01276916 0.006467998 0.02030938 0.0138064 0.006659865 0.0204662 0.01414597 0.008645594 0.02019214 0.01211673 0.005676269 0.01976531 0.01541066 0.00762403 0.01954823 0.01572376 0.009422898 0.01955294 0.01022833 0.006612658 0.01957088 0.01028436 0.009311258 0.0189175 0.01276952 0.005655825 0.01955616 0.0143004 0.006270766 0.01299655 0.02934741 0.006048679 0.01256519 0.02680206 0.001131296 0.01573115 0.02524185 0.007162392 0.01686376 0.02159345 0.008511066 0.01519381 0.02291059 0.002566993 0.01663047 0.01932013 0.004301071 0.01267296 0.03061485 0.01119208 0.01260673 0.01707327 -0.004162192 0.01307779 0.01384848 -0.002791643 0.01010185 0.01384758 -0.008335292 0.01524347 0.0169897 0.001001656 0.01399421 0.02038502 -3.904e-4 0.0107963 0.006169319 -0.005473196 0.009295642 0.003599107 -0.007827997 0.009927093 0.005743861 -0.008771061 0.009100556 0.006871998 -0.01101899 0.009518563 0.004847407 -0.009621977 0.009078562 0.005865693 -0.01109296 0.0078184 0.006481051 -0.01325166 0.01116722 0.004679918 -0.01219016 0.0112046 0.009093999 -0.006513953 0.01240867 0.007838368 -5.263e-4 0.01287305 0.01067638 -0.001702547 0.0151028 0.01273447 0.0026021 0.01804316 0.01550728 0.005684792 0.01817655 0.01711088 0.01004689 0.01832228 0.01680058 0.007695913 0.01725149 0.01785856 0.009830474 0.01703685 0.01734542 0.006982088 0.01703685 0.01734542 0.006982088 0.01653057 0.01602226 0.005079269 0.01653057 0.01602226 0.005079269 0.004401206 0.001662015 0.006568968 0.005046129 0.00288707 0.01133215 0 9.698e-4 0.007222235 0 0.002268195 0.01180905 0.007409036 0.001542091 -0.003444015 0.003285944 3.917e-4 -0.003063023 0.006748199 0.001709878 -0.008321344 0.002821624 9.275e-4 -0.008498668 0.003471434 7.347e-4 0.00214529 0 2.293e-4 0.002527534 0 -1.95e-5 -0.002735078 0.009775698 0.004497647 0.0108152 0.008926391 0.00278604 0.005952477 0.009490489 0.003909647 -0.004440188 0.01114451 0.00489974 5.002e-4 0.008077561 0.001871228 0.001662433 0.01257157 0.006009638 0.005042493 0.003895401 0.01699709 0.02823156 0 0.01698082 0.02857625 0.003998517 0.01513779 0.02826678 0 0.01502609 0.02854156 0.003322184 0.009975671 -0.02106875 0.00259155 0.01048129 -0.02406609 0.001459479 0.01103299 -0.02808898 0.001875281 0.01052248 -0.02822697 0.002917826 0.009596347 -0.02431249 0.00210607 0.009493052 -0.02832448 0.002683997 0.008425176 -0.02451872 0.01010829 0.005971074 0.01496338 0.005395591 0.004690289 0.01581519 0.01167005 0.03089827 0.01608669 0 0.02383399 0.02864915 0 0.02124637 0.0291633 0.003113806 0.02365249 0.02825427 0.003149569 0.02100902 0.02875477 0 0.003812134 0.01643067 0.005388498 0.00623697 0.01899719 0 0.005662739 0.01939195 0.01005303 0.007722139 0.0182085 0.003876209 0.0109198 0.0255146 0.004052281 0.01311606 0.02737045 0 0.01081418 0.02578556 0 0.01296019 0.02751165 0.009858787 0.009759068 0.02113938 0.005381405 0.008518159 0.02247142 0 0.008126676 0.02286612 0.01453578 0.00930339 0.004178643 0.0194419 0.01307439 0.0103349 0.01804798 0.01453745 0.01114988 0.01810818 0.01132935 0.009664475 0.0169304 0.01563102 0.01191061 0.01710647 0.01238858 0.01084929 0.01731926 0.01364648 0.005405068 0.01360899 0.007312238 0.00998938 0.01581627 0.01064252 0.009067058 0.0134527 0.008597254 0.01350307 0.01556688 0.01136279 0.0122137 0.01774269 0.01115447 0.006667137 0.01774269 0.01115447 0.006667137 0.01652187 0.01198023 0.00630182 0.01637011 0.01346361 0.01157784 0.01616972 0.01241141 0.008726775 0.01637011 0.01346361 0.01157784 0.01652187 0.01198023 0.00630182 0.01628398 0.01391667 0.004893124 0.01601409 0.0121535 0.005965054 0.01616972 0.01241141 0.008726775 0.01601409 0.0121535 0.005965054 0.01628398 0.01391667 0.004893124 0.01601409 0.0121535 0.005965054 0.00708729 0.01130473 0.02471041 0.007419884 0.01340168 0.02637028 0.01008445 0.01672559 0.02521127 0.009029567 0.016694 0.0262885 0.01027417 0.01508402 0.02518588 0.0125519 0.01477015 0.0228182 0.01026839 0.01362848 0.02453714 0.01270538 0.01345187 0.021263 0.003461897 0.0315324 0.02307075 0 0.03163921 0.02337789 0.007420182 0.03240078 0.01986837 0.006665766 0.03090041 0.0225045 0.009779572 0.03081089 0.01939857 0.01213538 0.02871429 0.01934957 0 0.02943849 0.025518 0.003196001 0.02929216 0.02545607 0.001807034 0.01389759 -0.01197111 0 0.01437073 -0.01202332 0.006034493 0.02867156 0.02458006 0.01339048 0.009930074 0.01682639 0.01280289 0.01153653 0.01959621 0.009885251 0.01216906 0.02322918 0.01459306 0.01363962 0.0181939 0.01437038 0.01449173 0.02007019 0.01535248 0.02654528 0.01160538 0.01661646 0.02316319 0.01235371 0.01693809 0.01953107 0.01298868 0.01725149 0.01785856 0.009830474 0.0169304 0.01563102 0.01191061 0.01645588 0.01456093 0.0147221 0.01680839 0.01662749 0.01418113 0.01417458 0.02656835 0.01857376 0.01468867 0.02701789 0.01568585 0.007883787 0.0280143 0.023777 0.006048381 0.0230754 0.02750569 0.006440699 0.02030622 0.02785408 0.01132553 0.02043008 0.02460438 0.01161307 0.01891499 0.0245524 0.01325124 0.02005249 0.02277237 0.01346373 0.0182842 0.02246916 0.0159142 0.02394729 0.01582103 0.0133199 0.02307957 0.02156841 0.01353573 0.02464509 0.02078729 0.01175427 0.02465569 0.02274429 0.01496315 0.01798743 0.02058553 0.01586407 0.01982617 0.0187729 0.0143913 0.02066725 0.02096968 0.01636618 0.0213446 0.01610028 0.006105542 0.0032655 -0.01229923 0.006565213 0.002435505 -0.0106697 0.006105542 0.0032655 -0.01229923 0.005843639 0.006115496 -0.01564109 0.006158888 0.005228579 -0.0141527 0.003354549 0.007407784 -0.02130848 0.003846526 0.008905291 -0.02113479 0.00449568 0.006683886 -0.01863902 0.00497967 0.008515596 -0.01839387 0.004226922 0.009738862 -0.01820856 0.002379298 0.00214076 -0.0129379 0 0.001855373 -0.01297771 0.001993656 0.003412187 -0.01594907 0 0.00293982 -0.01600325 0.004758596 0.002918124 -0.01297736 0.004027426 0.004085183 -0.0158267 0.01254135 0.003510773 -0.01388448 0.01337069 0.002471745 -0.0154528 0.01455289 4.759e-4 -0.01570695 0.009632289 -9.992e-4 -0.01542198 0.008073568 4.522e-4 -0.01727849 0.01070731 -0.001155257 -0.01694279 0.00953406 2.022e-4 -0.01863396 0.006748199 0.001709878 -0.008321344 0.005447924 0.00205785 -0.01063907 0.004758596 0.002918124 -0.01297736 0.006158888 0.005228579 -0.0141527 0.004758596 0.002918124 -0.01297736 0.0078184 0.006481051 -0.01325166 0.009100556 0.006871998 -0.01101899 0.009927093 0.005743861 -0.008771061 0.009295642 0.003599107 -0.007827997 0 5.222e-4 -0.008664786 0.005447924 0.00205785 -0.01063907 0.001658499 0.004649043 -0.01897758 0.003080189 0.005327284 -0.01888459 0 0.004281878 -0.01920497 4.927e-4 0.005346477 -0.02192789 0.0013116 0.005615592 -0.02181082 0.007681429 0.01528096 0.02735769 0.01644915 0.01784688 0.01681858 0.01518607 0.01249432 0.01566308 0.01164567 0.01628315 0.0240978 0.01600128 0.01557517 0.0173726 0.01559007 0.016828 0.0192427 0.01404637 0.0162189 0.02128088 0.01258713 0.01627737 0.02318453 0.014418 0.01633286 0.02057737 0.01473581 0.01632845 0.02052557 0.001041889 0.00663948 -0.02481037 0.001958668 0.007448375 -0.02463668 0.002486824 0.006225585 -0.02156567 0.001767039 0.008830547 -0.0283879 0.001244187 0.008492052 -0.02843093 0.00139749 0.01062548 -0.02897888 0.001723527 0.009790241 -0.0290392 0.006939589 0.01230627 -0.01138871 0 0.01778304 0.0292347 0.003228962 0.01747256 0.02905637 0.006775856 0.01705569 0.02791428 0.009598553 0.01946628 0.02613341 0.01095491 0.01749229 0.02572 0.01180565 0.01691395 0.02450615 0.01292699 0.01689398 0.0226292 0.01442307 0.01660597 0.02110499 0.01484519 0.01666897 0.0205422 0.009687483 0.01766455 0.02593678 0.009026885 0.02180087 0.02569013 0.008020281 0.02344107 0.0257228 0.015603 0.01793074 0.01879096 0.008747398 0.02982288 0.02181088 0.01497113 0.02407765 0.01879096 0.01510006 0.02245318 0.01939779 0.0124638 0.0264467 0.02100396 0.01073807 0.0272336 0.02203756 0.009507656 0.02601975 0.02380883 0.009705841 0.02415424 0.02462059 0 0.0266835 0.02737295 0.003145754 0.0265249 0.0269258 0.005975544 0.0262261 0.0261287 0.007621169 0.02570027 0.02512115 0.01245009 0.02205651 0.02282935 0.009873688 0.02909249 0.02154248 0 0.01700145 0.02889698 0.003253996 0.01684075 0.02872633 0.006750762 0.01648396 0.02760148 0.009742379 0.01677435 0.02559244 0.01088351 0.01684623 0.02560937 0.0125665 0.0164206 0.02260345 0.01171791 0.01626771 0.02445656 0.01417368 0.0161702 0.02114355 0.01075148 0.02262639 0.02425599 0.0138275 0.001131713 -0.01703912 0.001306951 0.009914577 -0.02955365 0.001275599 0.00895667 -0.02914869 0.01450502 -2.514e-4 -0.01688379 0.01297748 4.116e-4 -0.01849937 0.01380777 5.12e-5 -0.01779568 0.01338708 -5.055e-4 -0.01794368 0.0118274 3.368e-4 -0.01927042 0.01214438 2.559e-4 -0.01918739 0.0136879 -5.515e-4 -0.01761269 0.01338708 -5.055e-4 -0.01794368 0.0118274 3.368e-4 -0.01927042 0.0109387 -1.34e-5 -0.0194717 0.01871418 -3.61e-5 0.01462709 0.01678431 3.892e-4 0.01420468 0.02447915 0.002074599 0.01544123 0.02476209 3.892e-4 0.0146743 0.02290618 0.004028916 0.01598852 0.02109509 0.001971483 0.01562446 0.02064418 3.892e-4 0.01504969 0.02270317 -3.61e-5 0.01486206 0.02064418 3.892e-4 0.01504969 0.02674925 -3.61e-5 0.01409256 0.02476209 3.892e-4 0.0146743 0.01489681 0 0.0235033 0.01489681 0 0.0235033 0.02328306 0.003010988 0.02038127 0.02182388 0.001815438 0.0203253 0.02123755 0 0.0201177 0.02528816 0 0.01952552 0.02326279 -4.254e-4 0.0198217 0.02123755 0 0.0201177 0.02528816 0 0.01952552 0.02470099 0.001877546 0.02010738 0.0288468 0.002822816 0.01823306 0.02767843 0.001643121 0.01876389 0.02779746 0 0.01897299 0.02779746 0 0.01897299 0.02909123 -4.254e-4 0.01822799 0.03038519 0 0.01748281 0.03025972 0.001602709 0.01751422 0.03038519 0 0.01748281 0.02476209 3.892e-4 0.0146743 0.02572911 0 0.01779913 0.0305382 0 0.01590359 0.02873647 3.892e-4 0.01351076 0.03054064 0 0.01675689 0.02064418 3.892e-4 0.01504969 0.01998716 0 0.0182299 0.01573818 0 0.01848709 0.02123755 0 0.0201177 0.03038519 0 0.01748281 0.01767659 1.665e-4 0.01180166 0.01871418 -3.61e-5 0.01462709 0.01678431 3.892e-4 0.01420468 0.01842427 9.48e-5 0.009255349 0.01958888 3.621e-4 0.006379187 0.02194875 3.258e-4 0.005371332 0.02432525 2.988e-4 0.006249368 0.02615249 1.298e-4 0.008097469 0.00724709 0.01674735 0.02744084 0.008441269 0.01688683 0.02554512 0.008311867 0.01788157 0.02628588 0.009029567 0.016694 0.0262885 0.008795559 0.01766639 0.02674657 0.006669402 0.01719278 0.02669131 0.007243931 0.01796239 0.02687221 0.007633507 0.01782745 0.02756118 0.008246958 0.01764029 0.02724635 0.009029567 0.016694 0.0262885 0.008795559 0.01766639 0.02674657 0.008056342 0.01919615 0.02734637 0.007633507 0.01782745 0.02756118 0.008056342 0.01919615 0.02734637 0.009501099 0.01649409 0.02510136 0.009901165 0.01584553 0.0252605 0.009742379 0.01677435 0.02559244 0.01010537 0.01583772 0.02556705 0.01096767 0.0160408 0.02391558 0.01065623 0.01551073 0.02448046 0.01171791 0.01626771 0.02445656 0.01137936 0.01552438 0.0249722 0.01095229 0.01580899 0.02564686 0.01088351 0.01684623 0.02560937 0.01010537 0.01583772 0.02556705 0.009742379 0.01677435 0.02559244 0.0107885 0.01450908 0.0255602 0.01137936 0.01552438 0.0249722 0.0107885 0.01450908 0.0255602 0.01299947 0.01626408 0.02089112 0.01314222 0.01745146 0.0216161 0.01404637 0.0162189 0.02128088 0.01390606 0.01721495 0.02200871 0.01172405 0.0161575 0.0222904 0.012443 0.01749789 0.02262318 0.01258713 0.01627737 0.02318453 0.01292383 0.01730793 0.023193 0.01349318 0.0172317 0.0226618 0.01404637 0.0162189 0.02128088 0.01390606 0.01721495 0.02200871 0.01319617 0.01870119 0.02285367 0.01292383 0.01730793 0.023193 0.01319617 0.01870119 0.02285367 0.01171791 0.01626771 0.02445656 0.008108556 0.01667517 0.02700257 0.00724709 0.01674735 0.02744084 0.008108556 0.01667517 0.02700257 0.00724709 0.01674735 0.02744084 0.01258713 0.01627737 0.02318453 0.007621169 0.02570027 0.02512115 0.008020281 0.02344107 0.0257228 0.009026885 0.02180087 0.02569013 0.01132553 0.02043008 0.02460438 0.01325124 0.02005249 0.02277237 0.0143913 0.02066725 0.02096968 0.01510006 0.02245318 0.01939779 0.01497113 0.02407765 0.01879096 0.01417458 0.02656835 0.01857376 0.01213538 0.02871429 0.01934957 0.009873688 0.02909249 0.02154248 0.007883787 0.0280143 0.023777</float_array>
          <technique_common>
            <accessor source="#chr582_0-mesh-positions-array" count="1428" stride="3">
              <param name="X" type="float"/>
              <param name="Y" type="float"/>
              <param name="Z" type="float"/>
            </accessor>
          </technique_common>
        </source>
        <source id="chr582_0-mesh-normals">
          <float_array id="chr582_0-mesh-normals-array" count="4269">-0.3150537 -0.3908339 -0.8648642 -0.496672 -0.4045951 -0.767867 -0.354718 -0.1042821 -0.9291396 -0.2726252 0.2763485 0.9215787 -0.9160504 0.3932949 0.07855522 -0.3213687 0.7720174 0.5483716 -0.6724563 0.6995877 0.2416191 -0.5525198 0.7919125 0.2599931 -0.2781196 0.9094968 0.3089743 -0.3803265 0.8564825 0.3489837 -0.8555759 0.5157138 0.04504632 -0.8960539 0.3576891 -0.2629564 -0.7588968 0.2263628 -0.6106028 -0.626197 0.17628 -0.7594752 -0.4359621 0.08304184 -0.8961257 -0.3982138 0.07413095 -0.9142923 -0.5949071 -0.04400837 -0.8025889 -0.8984147 -0.0120244 -0.4389835 -0.893674 0.2008187 -0.4012713 -0.8989197 -0.03067201 -0.4370384 -0.8547336 0.3630313 -0.370997 -0.8538926 0.3308876 -0.4017223 -0.7650314 0.5827081 -0.2741869 -0.2858082 0.9582586 0.007354974 -0.6639393 0.7399009 -0.1083117 0.02374368 0.9290273 0.3692487 0.5377808 0.5473944 0.6412107 -0.7855955 0.6160001 0.0581696 -0.8214522 -0.5682352 0.04822015 -0.2656409 -0.937312 -0.2255689 -0.1743535 -0.9837102 0.04376381 -0.8065029 -0.509245 0.3003709 -0.1242733 -0.8588046 -0.4970018 -0.3450539 -0.8426141 -0.4134482 -0.5232833 -0.6221963 -0.582277 -0.5632002 -0.6622958 -0.4941354 0.11585 -0.9310117 -0.3461157 0.2653343 -0.9350181 -0.2352423 -0.071446 -0.9483916 0.3089482 -0.7214683 -0.4395036 0.535089 -0.9130984 0.2489436 0.3229217 -0.9724498 0.2270901 0.05264484 -0.9412814 0.129311 -0.3118784 -0.1133482 -0.6655012 -0.7377401 0.4114021 -0.9112191 -0.02069216 -0.2754689 -0.35073 -0.8950451 -0.2377126 -0.2909378 -0.9267405 0.1455769 -0.7880992 -0.5980862 0.402581 -0.8360478 -0.3727636 0.5581943 -0.807932 -0.1888521 0.7019099 -0.7114319 0.03445607 0.5601874 -0.8124015 0.1618455 -0.04974561 -0.8147604 0.5776599 -0.6432489 -0.2786079 0.7131679 -0.8488614 0.2654256 0.4571473 -0.7309861 0.6813625 0.03747707 -0.75299 0.6420238 -0.1442623 -0.7542168 0.5129944 -0.4098706 -0.7357592 0.03891205 -0.6761245 -0.6833913 -0.3330892 -0.6496369 -0.6224988 -0.2756793 -0.7324591 -0.6658716 0.2968009 -0.6844884 -0.51187 0.636694 -0.5767235 -0.4386259 0.7721123 -0.459837 -0.1329131 0.6970078 -0.7046377 -0.0102545 0.7790082 -0.6269299 0.3963552 0.2904835 -0.8709316 0.3328459 0.1316612 -0.9337446 -0.324726 0.5154415 -0.7930152 -0.5782872 0.2945761 -0.760795 -0.4324885 0.259017 -0.8636342 -0.4360944 0.1681019 -0.8840608 -0.4119167 0.8605479 -0.2996368 -0.323689 0.9198249 -0.221693 0.09583032 0.8980278 -0.4293748 -0.009644031 0.8690355 -0.4946559 0.8104122 -0.562381 0.1641944 -0.6625777 0.7326809 0.1554661 -0.7598967 0.2865749 0.5834654 -0.4359374 -0.3144707 0.8432478 0.2096375 -0.7299014 0.6506121 0.6742331 -0.7004187 0.2341443 0.2825173 -0.9257118 -0.2514792 0.2142453 -0.9736257 -0.07843452 -0.3386074 -0.8564218 -0.3897266 -0.1924535 -0.9651364 0.1774076 -0.5070756 -0.8198664 -0.2658828 -0.7813151 -0.6076319 -0.1425844 -0.7449408 -0.5922843 0.3070222 -0.9790727 0.1393792 0.1482907 -0.8378298 0.4743521 -0.2702431 -0.6137098 0.423667 -0.6662333 0.6754574 0.524569 -0.5182515 0.6391396 0.5453836 -0.5422707 0.615242 0.3871089 -0.6867491 0.8065582 -0.04245203 -0.5896286 0.6291025 -0.2216646 -0.7450469 0.5217589 -0.3076961 -0.79567 0.1329126 -0.0655865 -0.9889554 -0.4189296 -0.8051739 -0.4197537 0.8954337 0.1424026 -0.421806 0.9256119 0.1208553 -0.3586597 0.3565224 -0.5758926 -0.7356898 -0.3912314 -0.67482 -0.6257444 -0.4505223 -0.3826174 -0.8066186 -0.7706911 -0.2826345 -0.5710982 -0.8875982 -0.02160775 -0.4601117 -0.9526751 -0.1925431 -0.2352389 0.687177 -0.6099321 -0.3946781 0.866611 -0.4522881 -0.2107626 0.2815735 -0.9051799 -0.3183801 0.1761561 -0.8682675 -0.4637678 -0.2549896 -0.9417372 -0.219343 -0.3723016 -0.9276258 -0.03003072 0.6828925 0.3377839 0.6477346 0.7198531 0.1550979 0.676577 0.8471764 0.25816 0.4643768 0.9332696 0.3249353 0.1530525 0.8349214 0.5311 0.1443571 0.7079638 0.4889244 0.5096473 -0.0686686 0.6386793 0.7664029 0.0461446 0.8944185 0.4448441 0.04699891 0.9944855 0.09375375 0.9574359 0.2862664 -0.03698879 0.8894202 0.45617 -0.02899318 0.01449644 0.9952214 -0.09656178 -0.8393186 0.5430651 -0.0249955 -0.7752473 0.4870245 0.4022423 -0.7151526 0.2318531 0.6593943 -0.9407979 0.1925788 0.2789493 -0.8647052 0.1191475 0.4879436 -0.9577472 0.2806221 -0.06302171 -0.8662058 0.4423198 -0.2324674 -0.9285113 0.2712532 -0.2535522 -0.7999663 0.5368613 -0.2680186 -0.8948741 0.4407839 -0.07007128 -0.4394144 0.8059492 -0.3966876 -0.3955019 0.773333 -0.4955142 0.004455685 0.870727 -0.4917467 0.09680777 0.8973949 -0.4304773 0.7713633 0.4435911 0.4563175 -0.05987858 0.6931211 0.7183299 0.8676953 0.2820597 0.4093254 -0.009033679 0.8554236 0.5178503 0.7824826 0.499905 0.3712359 -0.01934927 0.9212277 0.3885423 -0.837197 0.4984666 0.2250165 -0.8273885 0.4609997 0.3207923 -0.9425567 0.2372872 0.2351203 0.9105288 0.2569989 0.3238657 -0.9548095 0.2476291 0.1643739 -0.1234195 0.9499091 -0.2871243 -0.1392601 0.8181649 -0.5578647 -0.2630103 0.9184607 -0.2953906 -0.2772649 0.7833611 -0.5563 -0.5273408 0.7970692 -0.2942658 -0.2543751 0.9131561 -0.3184953 -0.2274025 0.7730341 -0.5922048 -0.2245007 0.7694858 -0.5979056 -0.1811617 0.5288665 -0.8291445 -0.1494851 0.5160564 -0.8434099 -0.1532364 0.4310213 -0.8892352 -0.08240109 0.4467667 -0.8908477 -0.204052 0.4904452 -0.8472464 -0.1167359 0.4928849 -0.8622281 -0.1278136 0.6426696 -0.7554069 -0.2664655 0.6115187 -0.7450109 -0.5000025 0.6816245 -0.5342149 -0.744693 0.6193516 -0.2486684 -0.7392916 0.6733096 -0.01010173 -0.5044145 0.8632239 -0.02026444 -0.2303245 0.9730883 -0.007049798 -0.1071203 0.9942048 0.009064018 -0.3223998 0.4053803 -0.8554095 -0.4028502 0.4686185 -0.7861988 -0.4965782 0.5196813 -0.6952278 -0.7076475 0.5125386 -0.4863532 -0.6975222 0.3856744 -0.603919 -0.6661486 0.3473727 -0.6599836 -0.7140038 0.2447053 -0.6559862 -0.8795244 0.02475082 -0.4752099 -0.764074 0.1392887 -0.6299124 -0.9034203 -0.1156666 -0.4128596 -0.8446228 0.09689891 -0.5265197 -0.9129896 -0.02441555 -0.4072517 -0.8389196 0.2131175 -0.5007942 -0.9560277 0.08905345 -0.2794289 -0.8712057 0.28853 -0.397179 -0.9804328 0.1783243 -0.08337873 -0.905631 0.3876567 -0.1719154 -0.9701012 0.2360935 0.05624616 -0.8881162 0.4594094 0.01388633 -0.9397156 0.2792503 0.1973674 -0.8546169 0.4914436 0.16767 -0.8351847 0.4944088 0.2408869 -0.6864087 0.6380052 0.3489878 -0.688125 0.6912075 0.2207176 -0.5814471 0.6893621 0.4320873 -0.4678004 0.854694 0.2250801 -0.4157387 0.7956777 0.4405206 -0.19459 0.9527464 0.2332577 -0.1847928 0.8765679 0.4443877 -0.09271782 0.9672809 0.2361589 -0.0943951 0.8870944 0.4518331 -0.1839715 0.7524582 0.632425 -0.07056009 0.7623973 0.6432508 -0.1912341 0.5895418 0.784774 -0.06915712 0.6098706 0.7894777 -0.2039593 0.4453045 0.8718398 -0.1444461 0.4814669 0.8644797 -0.2133259 0.2993277 0.9299973 -0.1372164 0.3019616 0.9433933 -0.1341908 0.1088297 0.9849614 -0.2004784 0.1259514 0.9715682 -0.05777186 -0.1600401 0.9854185 -0.156317 -0.1885143 0.9695501 -0.01403892 -0.4054811 0.9139957 -0.1372157 -0.4559614 0.8793584 -0.4191188 -0.2154343 0.882002 -0.4024342 -0.452914 0.79556 -0.2886489 -0.3390358 0.8953975 -0.3461838 -0.165111 0.9235233 -0.4847132 -0.232865 0.8431056 -0.5437615 -0.02649068 0.8388216 -0.8202061 -0.1056578 0.5622265 -0.7145113 0.1078847 0.6912558 -0.7655733 -0.07458883 0.6390103 -0.7681593 0.03070193 0.6395224 -0.8549416 -0.008911669 0.5186477 -0.837204 0.1067258 0.5363758 -0.9245409 0.06244176 0.3759323 -0.9154452 0.1731337 0.3632971 -0.9691995 0.1357495 0.205486 -0.9941936 0.05502611 0.09247314 -0.9983475 0.05398863 0.01968491 -0.9910756 0.02142435 -0.1315676 -0.9461055 -0.1053839 -0.306233 -0.9121497 -0.228129 -0.3404997 -0.9235148 -0.2134521 -0.3186828 -0.935738 -0.1047711 -0.3367753 -0.8572469 0.09219771 -0.5065841 -0.9372875 -0.1792416 -0.2989395 -0.8833172 0.08783423 -0.4604737 -0.7970186 0.3271698 -0.5076625 -0.8539457 -0.01742619 -0.5200704 -0.8507563 0.2328623 -0.4711571 -0.7641197 -0.4117707 -0.4965542 -0.9044652 0.1895238 -0.3821301 -0.7967723 -0.4103651 -0.4435702 -0.9460441 0.1142956 -0.3032114 -0.8390775 -0.402463 -0.3660225 -0.8915097 -0.3605287 -0.2742802 -0.7142059 -0.6287222 -0.3076011 -0.7157781 -0.5699551 -0.4035007 -0.5387814 -0.7549777 -0.373796 -0.7004437 -0.4412755 -0.5609409 -0.8301126 0.01098674 -0.5574877 -0.7804864 0.03201413 -0.6243525 -0.7761712 0.4298362 -0.4613018 -0.8420935 0.4592266 -0.282824 -0.6978592 0.6903514 -0.1908079 -0.7330965 0.6738591 -0.09210628 -0.4258061 0.9047464 -0.01110899 -0.4141817 0.9100338 -0.01709097 -0.2368562 0.9713515 0.01937937 -0.2390866 0.961901 -0.1326054 -0.4178755 0.8975533 -0.1406347 -0.4287654 0.8455367 -0.3181635 -0.3883551 0.6765467 -0.6256715 -0.2847442 0.5187655 -0.8061038 -0.5552078 0.3131895 -0.7704912 -0.9270855 0.2451007 0.2836161 -0.6745113 -0.5758113 -0.4620346 -0.7550167 0.6418207 -0.1342238 -0.6977688 0.6786025 -0.229385 -0.6557108 0.6777153 -0.3327842 -0.6158453 0.53088 -0.5821521 -0.5077454 0.3576527 -0.7837597 -0.9676558 0.1388643 -0.2106161 -0.9271411 -0.1013846 -0.3607363 -0.5497704 0.6170345 0.5630462 -0.5250804 0.5982345 0.605315 -0.3838682 0.669221 0.6362299 -0.4029712 0.5370711 0.7410593 -0.4290323 0.4080354 0.8058776 -0.433499 0.2723866 0.8590019 -0.4221756 0.1245804 0.8979129 -0.5128535 0.1280302 0.8488755 -0.6344937 0.1491472 0.7584016 -0.5502671 0.2749809 0.7884109 -0.5998333 0.3266823 0.7303963 -0.5767213 0.3439514 0.7410061 -0.504817 0.480127 0.7173827 -0.8311867 -0.1906831 0.5222727 -0.741741 -0.2259649 0.6314747 -0.7122261 -0.3671152 0.598298 -0.9089965 -0.1764339 -0.3776193 -0.924134 -0.3251865 -0.2005749 -0.881461 -0.4282175 -0.199139 -0.904515 -0.3648823 -0.2207117 -0.9160017 -0.3614077 -0.1741423 -0.8001924 -0.5926899 -0.09171128 -0.9153622 -0.4019073 0.02414065 -0.9520696 -0.2933177 0.0867654 -0.9798902 -0.1988956 -0.01599222 -0.3765497 -0.8239657 -0.4234277 -0.5033269 -0.7420501 -0.4427457 -0.5474262 -0.7251101 -0.4177799 -0.6457888 -0.6716081 -0.3631799 -0.4171721 -0.843317 -0.3387978 -0.3386691 -0.8656709 -0.3686693 -0.2631043 -0.8804426 -0.394458 -0.1911085 -0.9134576 -0.3592671 -0.2093003 -0.9325433 -0.2942047 -0.1693205 -0.9676419 -0.1870827 -0.3492627 -0.9259856 -0.1434101 -0.1891559 -0.981731 -0.02060019 -0.494534 -0.8683032 -0.03854578 -0.7916656 -0.6073912 -0.06589072 -0.7960461 -0.597149 -0.0986092 -0.7639576 -0.6442002 -0.03708082 -0.7393221 -0.6598202 0.134314 -0.8811895 -0.432736 0.1903806 -0.9411175 -0.2762284 0.1949254 -0.9882041 -0.1259822 0.08707058 -0.9891449 -0.06842315 0.1300406 -0.6381931 -0.706099 -0.3068124 -0.3364396 -0.8897766 -0.3083928 -0.2564828 -0.8997042 -0.353198 -0.2284346 -0.90617 -0.3559125 -0.1369386 -0.9326602 -0.3337556 -0.1451476 -0.9714151 -0.1878435 -0.1310804 -0.991206 -0.01812845 -0.2000854 -0.9743331 0.1031557 -0.4829311 -0.8746109 0.042818 -0.4917843 -0.8606073 0.1323001 -0.4945317 -0.8372919 0.2331965 -0.7433935 -0.6188435 0.2537695 -0.8466969 -0.4406987 0.298143 -0.9127143 -0.2722944 0.304645 -0.9710892 -0.03338795 0.2363709 -0.9299106 0.006836175 0.3677221 -0.9076063 -0.1113945 0.4047743 -0.5932675 -0.7856314 0.1755478 -0.6716393 -0.3458147 0.6552198 -0.681823 -0.4912934 0.5419853 -0.8484153 -0.1539715 0.5064428 -0.4876322 -0.8072269 0.3325653 -0.7428985 -0.5640255 0.3605234 -0.8073567 -0.4511358 0.3803311 -0.7799469 -0.4344093 0.4505234 -0.2185502 -0.9582212 0.184521 -0.2381695 -0.9258825 0.2932866 -0.2538886 -0.8897242 0.3793833 -0.4793941 -0.7401494 0.4715508 -0.7106503 -0.4923126 0.5025978 -0.6835228 -0.5149921 0.5172811 -0.7218213 -0.3450556 0.5999256 -0.587342 -0.4850416 0.6478921 -0.6330505 -0.1812508 0.7525925 -0.3961679 -0.5323745 0.7480832 -0.4390181 -0.2089036 0.873855 -0.1612322 -0.5279799 0.8338114 -0.1548517 -0.1958687 0.9683266 -0.2487964 -0.8351098 0.4906038 -0.5110146 -0.6489617 0.5636603 -0.5689379 -0.5855709 0.5774223 -0.36654 -0.6489681 0.6667 -0.1578178 -0.6869395 0.7093715 -0.2409487 -0.7687165 0.5924683 -0.1592504 -0.9813222 0.1079167 -0.1688922 -0.9644621 0.2031956 -0.1560766 -0.9401828 0.3028142 -0.170025 -0.8983157 0.4051179 -0.1203366 -0.83021 0.5443074 -0.09308296 -0.7792114 0.6198106 -0.06311321 -0.6849374 0.7258633 -0.05853551 -0.5332289 0.8439434 -0.07318592 -0.2386021 0.9683558 -0.07428389 -0.006225883 0.9972178 -0.1562598 0.02737599 0.9873365 -0.3243839 0.04550343 0.9448304 -0.5539826 0.04211634 0.8314623 -0.6538178 0.00463891 0.7566378 -0.661449 0.06488442 0.7471782 -0.6732816 -0.1186582 0.7298029 -0.7281675 -0.1778988 0.6619094 -0.8271829 -0.1932148 0.5276709 -0.8176448 -0.3725196 0.4389603 -0.9366297 0.3254246 0.129706 -0.8658596 0.3289052 0.3769729 -0.8220439 0.5256991 -0.2188251 -0.7351816 0.5111387 -0.4452474 -0.4159727 0.605312 -0.6786489 -0.3748075 0.6304371 -0.6797563 -0.8325338 0.5510551 -0.05679625 -0.7225117 0.1842444 0.6663564 -0.7680261 0.3157559 0.5571661 0.2042332 0.6071149 -0.7679196 0.7407109 0.4465629 -0.5019255 0.3107776 0.5933859 -0.7425029 -0.7678425 0.6069127 -0.2051222 -0.4207653 0.7704213 -0.478965 0.708903 0.4722867 -0.5238338 0.4844959 -0.6424034 -0.593786 0.5851738 -0.5579202 -0.5884698 0.1902561 -0.9267429 -0.3239603 0.1755147 -0.8900865 -0.4206433 -0.1325458 -0.9885854 -0.0716291 -0.1836051 -0.9778742 0.1002565 -0.004394769 -0.9911428 0.1327282 0.02188241 -0.9991151 0.03592133 0.02972584 -0.9913918 0.12751 -5.79858e-4 -0.9963185 0.08572745 -0.01071226 -0.9961525 0.08698022 0.004760921 -0.9999768 0.004882991 0.1390771 -0.9808949 -0.1360251 -0.002777159 -0.9998871 -0.01477104 -0.08835291 -0.9952903 0.0398885 -0.1895825 -0.9785535 -0.0805695 -0.1687704 -0.9576574 -0.2332571 0.008179068 -0.9994392 0.03247231 -0.2172368 -0.9760701 0.009766161 -0.2035313 -0.9790198 -0.009766042 -0.2927079 -0.9526817 -0.08197408 -0.2364311 -0.9240558 -0.3003685 -0.04092568 -0.9707419 -0.2366122 0.09949135 -0.9650358 -0.2425026 0.1916588 -0.9177957 -0.3477327 0.2259014 -0.9550304 -0.1920559 0.1335497 -0.9908803 -0.01791441 0.2319131 -0.9691277 0.08371335 -0.03256338 -0.9414694 -0.3355219 0.05231016 -0.9946876 0.08865875 0.2595942 -0.9607671 -0.0976606 0.1029111 -0.9937998 0.04208606 -0.2172661 -0.9609578 0.1713348 -0.01550358 -0.9943659 0.1048628 0 -1 0 0.9548095 0.2476291 0.1643739 0.837197 0.4984666 0.2250165 0.9425567 0.2372872 0.2351203 -0.8676953 0.2820597 0.4093254 0.05987858 0.6931211 0.7183299 -0.7713633 0.4435911 0.4563175 -0.7824826 0.499905 0.3712359 0.009033679 0.8554236 0.5178503 0.01934927 0.9212277 0.3885423 0.8273981 0.4609881 0.3207842 -0.9105288 0.2569989 0.3238657 0.2104919 -0.9769243 0.03622645 0.06888061 -0.9948167 0.0748012 0.02026468 -0.9949232 0.09857672 -0.1953197 -0.9782769 0.06946051 -0.04498499 -0.9958966 0.07852542 -0.01449644 0.9952214 -0.09656178 0.8393186 0.5430651 -0.0249955 0.8662058 0.4423198 -0.2324674 0.7752473 0.4870245 0.4022423 0.9407979 0.1925788 0.2789493 0.9577472 0.2806221 -0.06302171 0.9285113 0.2712532 -0.2535522 0.8647052 0.1191475 0.4879436 0.7151526 0.2318531 0.6593943 0.0686686 0.6386793 0.7664029 -0.0461446 0.8944185 0.4448441 -0.04699891 0.9944855 0.09375375 -0.8349214 0.5311 0.1443571 -0.8894202 0.45617 -0.02899318 -0.9332696 0.3249353 0.1530525 -0.9574359 0.2862664 -0.03698879 -0.8471764 0.25816 0.4643768 -0.7079638 0.4889244 0.5096473 -0.6828925 0.3377839 0.6477346 -0.7198531 0.1550979 0.676577 0.4473543 -0.7815119 -0.4348718 0.6303812 -0.5870434 -0.5079367 0.2818163 -0.9575771 -0.06021475 0.1594601 -0.9842279 -0.07660192 0.03308308 -0.9597452 0.2789173 0.04001051 -0.8970789 0.4400551 0.4763163 0.5144656 0.7130554 0.03372329 0.8643847 0.501699 -0.2713486 0.9567549 0.1048343 -0.2920979 0.421926 0.8582875 -0.873812 0.4371806 0.2128986 -0.3862191 0.706517 0.5930165 -0.621886 0.7150606 0.31929 -0.4737244 0.8066622 0.3533858 -0.2330454 0.9140533 0.3319585 -0.2958511 0.8768105 0.3790458 -0.7442064 0.6391905 0.1938874 -0.8928438 0.4434462 -0.07864838 -0.7991193 0.3401384 -0.4956957 -0.7870578 0.1993814 -0.5837699 -0.4902304 0.141304 -0.8600624 -0.4676155 -0.1493 -0.8712322 -0.790627 -0.0119329 -0.6121819 -0.7455138 -0.2238555 -0.6277722 -0.9458606 -0.07397925 -0.3160296 -0.9425578 0.1825664 -0.2797398 -0.9512989 -0.0471819 -0.3046378 -0.9048023 0.3473389 -0.2463508 -0.958627 0.20823 -0.1940997 -0.8475435 0.5168395 -0.1206111 -0.6028714 0.7976739 -0.01620554 -0.3593975 -0.434445 -0.825888 -0.7554682 0.6408387 0.136359 -0.525663 0.1680083 -0.8339376 -0.8581917 0.513267 0.007995903 -0.8708952 0.471979 0.1370311 -0.6515187 0.7245506 -0.2248331 -0.6639798 0.6923628 -0.2824264 -0.3458442 0.8094621 -0.4745133 -0.2406465 0.8424611 -0.4820255 0.2858082 0.9582586 0.007354974 -0.02374368 0.9290273 0.3692487 -0.5377808 0.5473944 0.6412107 0.9160504 0.3932949 0.07855522 0.2726252 0.2763485 0.9215787 0.3213687 0.7720174 0.5483716 0.6724563 0.6995877 0.2416191 0.5525198 0.7919125 0.2599931 0.2781196 0.9094968 0.3089743 0.3803265 0.8564825 0.3489837 0.8555759 0.5157138 0.04504632 0.8960539 0.3576891 -0.2629564 0.7588968 0.2263628 -0.6106028 0.626197 0.17628 -0.7594752 0.4359621 0.08304184 -0.8961257 0.3982138 0.07413095 -0.9142923 0.354718 -0.1042821 -0.9291396 0.5949071 -0.04400837 -0.8025889 0.496672 -0.4045951 -0.767867 0.8984147 -0.0120244 -0.4389835 0.893674 0.2008187 -0.4012713 0.8989197 -0.03067201 -0.4370384 0.8547336 0.3630313 -0.370997 0.8538926 0.3308876 -0.4017223 0.7650314 0.5827081 -0.2741869 0.6639393 0.7399009 -0.1083117 0.3150537 -0.3908339 -0.8648642 0.7855955 0.6160001 0.0581696 -0.814154 0.5085372 -0.2802555 -0.8867306 0.4370326 0.150703 -0.1754531 0.9273473 0.3305196 -0.07443577 0.9970856 -0.0167244 0.7424011 0.6235608 0.2449746 0.3799656 0.5353394 0.754346 -0.8412243 0.1646497 0.5150073 -0.9786741 0.1523494 0.1377919 -0.9241421 0.2653311 -0.2748835 -0.8367584 0.3281477 -0.4383543 -0.757753 0.530357 -0.3801736 -0.07062023 0.9900879 -0.1214034 0.7874338 0.594581 0.1625469 0.8763921 0.3589375 0.3210935 0.6487405 0.2911199 0.7031252 0.04321533 0.2773292 0.9598026 -0.199653 0.7579615 0.6209937 -0.8668139 0.03537201 0.4973757 0.2682323 0.1809171 0.9462138 0.8882364 0.3964774 0.2320389 0.9121497 -0.228129 -0.3404997 0.881461 -0.4282175 -0.199139 0.9235148 -0.2134521 -0.3186828 0.8466969 -0.4406987 0.298143 0.7428985 -0.5640255 0.3605234 0.7433935 -0.6188435 0.2537695 0.8811895 -0.432736 0.1903806 0.7393221 -0.6598202 0.134314 0.9153622 -0.4019073 0.02414065 0.924134 -0.3251865 -0.2005749 0.9089965 -0.1764339 -0.3776193 0.9461055 -0.1053839 -0.306233 0.9798902 -0.1988956 -0.01599222 0.9520696 -0.2933177 0.0867654 0.9411175 -0.2762284 0.1949254 0.9882041 -0.1259822 0.08707058 0.1548517 -0.1958687 0.9683266 0.1612322 -0.5279799 0.8338114 0.4390181 -0.2089036 0.873855 0.3961679 -0.5323745 0.7480832 0.6330505 -0.1812508 0.7525925 0.587342 -0.4850416 0.6478921 0.7218213 -0.3450556 0.5999256 0.6835228 -0.5149921 0.5172811 0.7799469 -0.4344093 0.4505234 0.8073567 -0.4511358 0.3803311 0.7106503 -0.4923126 0.5025978 0.9127143 -0.2722944 0.304645 0.9891449 -0.06842315 0.1300406 0.9941936 0.05502611 0.09247314 0.9983475 0.05398863 0.01968491 0.9804328 0.1783243 -0.08337873 0.9701012 0.2360935 0.05624616 0.905631 0.3876567 -0.1719154 0.8881162 0.4594094 0.01388633 0.744693 0.6193516 -0.2486684 0.7392916 0.6733096 -0.01010173 0.5273408 0.7970692 -0.2942658 0.5044145 0.8632239 -0.02026444 0.2595976 0.9181748 -0.2992728 0.2303245 0.9730883 -0.007049798 0.4678004 0.854694 0.2250801 0.688125 0.6912075 0.2207176 0.5814471 0.6893621 0.4320873 0.6864087 0.6380052 0.3489878 0.5497704 0.6170345 0.5630462 0.9910756 0.02142435 -0.1315676 0.9076063 -0.1113945 0.4047743 0.9710892 -0.03338795 0.2363709 0.9691995 0.1357495 0.205486 0.9397156 0.2792503 0.1973674 0.8546169 0.4914436 0.16767 0.8549416 -0.008911669 0.5186477 0.8311867 -0.1906831 0.5222727 0.9299106 0.006836175 0.3677221 0.9245409 0.06244176 0.3759323 0.9154452 0.1731337 0.3632971 0.9270855 0.2451007 0.2836161 0.8351847 0.4944088 0.2408869 0.837204 0.1067258 0.5363758 0.7681593 0.03070193 0.6395224 0.5250804 0.5982345 0.605315 0.504817 0.480127 0.7173827 0.4290323 0.4080354 0.8058776 0.5767213 0.3439514 0.7410061 0.4029712 0.5370711 0.7410593 0.3838682 0.669221 0.6362299 0.4157387 0.7956777 0.4405206 0.5998333 0.3266823 0.7303963 0.433499 0.2723866 0.8590019 0.2133259 0.2993277 0.9299973 0.2039593 0.4453045 0.8718398 0.1912341 0.5895418 0.784774 0.1839715 0.7524582 0.632425 0.1847928 0.8765679 0.4443877 0.19459 0.9527464 0.2332577 0.5502671 0.2749809 0.7884109 0.8390775 -0.402463 -0.3660225 0.8915097 -0.3605287 -0.2742802 0.9460441 0.1142956 -0.3032114 0.7967723 -0.4103651 -0.4435702 0.9044652 0.1895238 -0.3821301 0.7641197 -0.4117707 -0.4965542 0.8507563 0.2328623 -0.4711571 0.8539457 -0.01742619 -0.5200704 0.7970186 0.3271698 -0.5076625 0.8833172 0.08783423 -0.4604737 0.8572469 0.09219771 -0.5065841 0.9372875 -0.1792416 -0.2989395 0.935738 -0.1047711 -0.3367753 0.9160017 -0.3614077 -0.1741423 0.9045211 -0.3648847 -0.2206826 0.7639576 -0.6442002 -0.03708082 0.4945317 -0.8372919 0.2331965 0.4876322 -0.8072269 0.3325653 0.4793941 -0.7401494 0.4715508 0.5110146 -0.6489617 0.5636603 0.5689379 -0.5855709 0.5774223 0.36654 -0.6489681 0.6667 0.1578178 -0.6869395 0.7093715 0.06311321 -0.6849374 0.7258633 0.05853551 -0.5332289 0.8439434 0.07318592 -0.2386021 0.9683558 0.07428389 -0.006225883 0.9972178 0.1562598 0.02737599 0.9873365 0.3243839 0.04550343 0.9448304 0.5539826 0.04211634 0.8314623 0.6538178 0.00463891 0.7566378 0.661449 0.06488442 0.7471782 0.6732816 -0.1186582 0.7298029 0.7281675 -0.1778988 0.6619094 0.8271829 -0.1932148 0.5276709 0.8176448 -0.3725196 0.4389603 0.5932675 -0.7856314 0.1755478 0.741741 -0.2259649 0.6314747 0.7655733 -0.07458883 0.6390103 0.7145113 0.1078847 0.6912558 0.6344937 0.1491472 0.7584016 0.5128535 0.1280302 0.8488755 0.4221756 0.1245804 0.8979129 0.2004784 0.1259514 0.9715682 0.1341908 0.1088297 0.9849614 0.1372164 0.3019616 0.9433933 0.1444461 0.4814669 0.8644797 0.06915712 0.6098706 0.7894777 0.07056009 0.7623973 0.6432508 0.0943951 0.8870944 0.4518331 0.09271782 0.9672809 0.2361589 0.1071203 0.9942048 0.009064018 0.1298294 0.9471383 -0.2933827 0.2742467 0.7862085 -0.5537733 0.5000025 0.6816245 -0.5342149 0.7076475 0.5125386 -0.4863532 0.8712057 0.28853 -0.397179 0.9560277 0.08905345 -0.2794289 0.9129896 -0.02441555 -0.4072517 0.9034203 -0.1156666 -0.4128596 0.8795244 0.02475082 -0.4752099 0.7140038 0.2447053 -0.6559862 0.6158453 0.53088 -0.5821521 0.6557108 0.6777153 -0.3327842 0.6977688 0.6786025 -0.229385 0.7550167 0.6418207 -0.1342238 0.9676558 0.1388643 -0.2106161 0.7330965 0.6738591 -0.09210628 0.8420935 0.4592266 -0.282824 0.6978592 0.6903514 -0.1908079 0.7761712 0.4298362 -0.4613018 0.8301126 0.01098674 -0.5574877 0.7804864 0.03201413 -0.6243525 0.7004437 -0.4412755 -0.5609409 0.7157781 -0.5699551 -0.4035007 0.5387814 -0.7549777 -0.373796 0.7142059 -0.6287222 -0.3076011 0.6381931 -0.706099 -0.3068124 0.4171721 -0.843317 -0.3387978 0.3364396 -0.8897766 -0.3083928 0.2564828 -0.8997042 -0.353198 0.3386691 -0.8656709 -0.3686693 0.2284346 -0.90617 -0.3559125 0.2631043 -0.8804426 -0.394458 0.1369386 -0.9326602 -0.3337556 0.1911085 -0.9134576 -0.3592671 0.1451476 -0.9714151 -0.1878435 0.1693205 -0.9676419 -0.1870827 0.1310804 -0.991206 -0.01812845 0.1891559 -0.981731 -0.02060019 0.2000854 -0.9743331 0.1031557 0.494534 -0.8683032 -0.03854578 0.4829311 -0.8746109 0.042818 0.7960461 -0.597149 -0.0986092 0.4917843 -0.8606073 0.1323001 0.2381695 -0.9258825 0.2932866 0.2538886 -0.8897242 0.3793833 0.1560766 -0.9401828 0.3028142 0.170025 -0.8983157 0.4051179 0.2487964 -0.8351098 0.4906038 0.1203366 -0.83021 0.5443074 0.2409487 -0.7687165 0.5924683 0.09308296 -0.7792114 0.6198106 0.4178755 0.8975533 -0.1406347 0.6457888 -0.6716081 -0.3631799 0.8001924 -0.5926899 -0.09171128 0.6745113 -0.5758113 -0.4620346 0.7916656 -0.6073912 -0.06589072 0.9271411 -0.1013846 -0.3607363 0.5474262 -0.7251101 -0.4177799 0.5033269 -0.7420501 -0.4427457 0.3765497 -0.8239657 -0.4234277 0.2093003 -0.9325433 -0.2942047 0.3492627 -0.9259856 -0.1434101 0.156317 -0.1885143 0.9695501 0.4190937 -0.2154371 0.8820133 0.3461838 -0.165111 0.9235233 0.5437615 -0.02649068 0.8388216 0.4287654 0.8455367 -0.3181635 0.2543751 0.9131561 -0.3184953 0.2390866 0.961901 -0.1326054 0.4141817 0.9100338 -0.01709097 0.4258061 0.9047464 -0.01110899 0.2368562 0.9713515 0.01937937 0.1592504 -0.9813222 0.1079167 0.2185502 -0.9582212 0.184521 0.1688922 -0.9644621 0.2031956 0.6716258 -0.3458078 0.6552372 0.7122261 -0.3671152 0.598298 0.8202061 -0.1056578 0.5622265 0.4847132 -0.232865 0.8431056 0.2886489 -0.3390358 0.8953975 0.4024342 -0.452914 0.79556 0.1372157 -0.4559614 0.8793584 0.01403892 -0.4054811 0.9139957 0.05777186 -0.1600401 0.9854185 0.8484153 -0.1539715 0.5064428 0.681823 -0.4912934 0.5419853 0.1278136 0.6426696 -0.7554069 0.204052 0.4904452 -0.8472464 0.1167359 0.4928849 -0.8622281 0.08240109 0.4467667 -0.8908477 0.1532364 0.4310213 -0.8892352 0.1494851 0.5160564 -0.8434099 0.1811617 0.5288665 -0.8291445 0.2245007 0.7694858 -0.5979056 0.2274025 0.7730341 -0.5922048 0.3883551 0.6765467 -0.6256715 0.5077454 0.3576527 -0.7837597 0.764074 0.1392887 -0.6299124 0.8446228 0.09689891 -0.5265197 0.8389196 0.2131175 -0.5007942 0.6975222 0.3856744 -0.603919 0.4965782 0.5196813 -0.6952278 0.2664655 0.6115187 -0.7450109 0.1465523 0.8213583 -0.551265 0.3223998 0.4053803 -0.8554095 0.4028502 0.4686185 -0.7861988 0.6661486 0.3473727 -0.6599836 0.5552078 0.3131895 -0.7704912 0.2847442 0.5187655 -0.8061038 0.7485794 0.1990779 0.6324532 0.7613469 0.2849939 0.5823482 0.6498986 0.3118109 0.6931132 0.7079854 0.2328007 0.6667538 0.6123697 0.241194 0.7528805 0.5304239 0.2998818 0.7929196 0.5338457 0.4129888 0.737868 0.6696564 0.4356032 0.6015066 0.5934439 0.4559553 0.6632716 0.5231637 0.4332841 0.7338697 0.4632252 0.3679128 0.8062646 0.4399621 0.279249 0.8534948 0.5161992 0.2444576 0.8208404 0.6340131 0.2712272 0.7241984 0.7333214 0.275438 0.6215897 0.7686815 0.2208963 0.6002778 0.7982672 0.2198011 0.5607647 0.8156538 0.2778154 0.5074717 0.7577213 0.3922889 0.5215056 0.6628288 0.4906056 0.5656538 0.60481 0.4552326 0.653428 -0.34298 0.3876609 0.855619 -0.7433577 0.1058408 0.6604673 -0.3349481 0.1031548 0.9365729 -0.03439509 0.2108263 0.9769183 -0.1430726 0.11469 0.9830445 0.3967748 0.5476293 0.7366627 0.9856275 0.164556 0.03820919 0.8794516 0.4757388 -0.01541233 0.9752139 0.07132357 0.2094539 0.8881102 0.3422123 0.3068405 0.2900567 0.853415 0.4330707 -0.6967754 0.4949238 0.5191863 -0.9116057 0.120642 0.392964 -0.7746266 0.5598052 0.2942311 0.08862829 0.9960611 -0.002716183 0.1342236 0.9548864 -0.2649071 0.6211174 0.5750645 -0.5324605 0.769533 0.4939172 -0.4048021 0.7152853 0.3937624 -0.5773372 0.9197528 0.2844986 -0.2703988 0.7813151 -0.6076319 -0.1425844 0.9790727 0.1393792 0.1482907 0.9526751 -0.1925431 -0.2352389 0.8875982 -0.02160775 -0.4601117 0.8378298 0.4743521 -0.2702431 0.6625777 0.7326809 0.1554661 0.7598967 0.2865749 0.5834654 0.8488614 0.2654256 0.4571473 0.6432489 -0.2786079 0.7131679 0.7214683 -0.4395036 0.535089 0.04974561 -0.8147604 0.5776599 0.071446 -0.9483916 0.3089482 -0.5601874 -0.8124015 0.1618455 -0.4114021 -0.9112191 -0.02069216 -0.7019099 -0.7114319 0.03445607 -0.5581943 -0.807932 -0.1888521 -0.2653343 -0.9350181 -0.2352423 -0.402581 -0.8360478 -0.3727636 -0.8104122 -0.562381 0.1641944 0.7449408 -0.5922843 0.3070222 0.4359374 -0.3144707 0.8432478 -0.2096375 -0.7299014 0.6506121 -0.6742331 -0.7004187 0.2341443 -0.2825173 -0.9257118 -0.2514792 -0.2142453 -0.9736257 -0.07843452 0.3386074 -0.8564218 -0.3897266 0.1924535 -0.9651364 0.1774076 0.5070756 -0.8198664 -0.2658828 0.4189296 -0.8051739 -0.4197537 0.1242733 -0.8588046 -0.4970018 0.1133482 -0.6655012 -0.7377401 0.2754689 -0.35073 -0.8950451 0.2377126 -0.2909378 -0.9267405 -0.1455769 -0.7880992 -0.5980862 -0.11585 -0.9310117 -0.3461157 0.1743535 -0.9837102 0.04376381 0.8065029 -0.509245 0.3003709 0.9130984 0.2489436 0.3229217 0.7309861 0.6813625 0.03747707 0.323689 0.9198249 -0.221693 0.6137098 0.423667 -0.6662333 0.7706911 -0.2826345 -0.5710982 -0.1329126 -0.0655865 -0.9889554 0.4505223 -0.3826174 -0.8066186 0.3912314 -0.67482 -0.6257444 -0.3565224 -0.5758926 -0.7356898 -0.915545 0.1270818 -0.3816118 -0.6804023 0.5089741 -0.5272553 -0.6456626 0.5444306 -0.535458 0.009644031 0.8690355 -0.4946559 0.0102545 0.7790082 -0.6269299 0.4386259 0.7721123 -0.459837 0.1329131 0.6970078 -0.7046377 0.51187 0.636694 -0.5767235 0.324726 0.5154415 -0.7930152 0.5782872 0.2945761 -0.760795 0.4360944 0.1681019 -0.8840608 0.4324885 0.259017 -0.8636342 0.6658716 0.2968009 -0.6844884 0.7542168 0.5129944 -0.4098706 0.75299 0.6420238 -0.1442623 0.4119167 0.8605479 -0.2996368 -0.09583032 0.8980278 -0.4293748 -0.3963552 0.2904835 -0.8709316 -0.615242 0.3871089 -0.6867491 -0.3328459 0.1316612 -0.9337446 -0.6291025 -0.2216646 -0.7450469 -0.8065582 -0.04245203 -0.5896286 -0.8932965 0.174295 -0.4142979 -0.5217589 -0.3076961 -0.79567 0.9724498 0.2270901 0.05264484 0.8214522 -0.5682352 0.04822015 0.2656409 -0.937312 -0.2255689 0.3450539 -0.8426141 -0.4134482 0.5232833 -0.6221963 -0.582277 0.5632002 -0.6622958 -0.4941354 0.9412814 0.129311 -0.3118784 0.7357592 0.03891205 -0.6761245 0.6833913 -0.3330892 -0.6496369 0.6224988 -0.2756793 -0.7324591 -0.3320837 -0.2896615 -0.897673 -0.1402068 -0.4425642 -0.8857083 -0.02340829 0.09811961 -0.9948993 0.09198349 -0.06961327 -0.9933243 0.09457951 -0.5208743 -0.8483777 0.2570307 -0.2091769 -0.9434937 0.2993968 -0.5533195 -0.7773025 0.3842363 -0.2243769 -0.8955543 0.4605979 0.3425796 -0.8188338 0.7698355 0.5849223 -0.2553809 0.793923 0.4848869 0.3668392 0.8022973 0.5256378 0.2828855 0.6012511 0.553367 -0.5764393 0.5595431 0.7441551 0.3648902 0.453126 0.7144662 -0.5331181 0.8128873 0.5404396 0.2171158 0.638861 0.4034654 -0.6550362 0.9592436 0.1648638 0.2295031 0.7497352 0.1729524 -0.6387368 0.9738019 0.08423256 0.2112224 0.7796119 0.1821688 -0.5991826 0.9558991 0.1285783 0.2640541 0.8069575 0.06204545 -0.5873416 0.9620185 0.1099598 0.2498586 0.8080525 -0.02081394 -0.5887427 -0.0333575 0.04345935 -0.9984982 -0.05728358 0.0740078 -0.9956112 -0.5212047 0.04074293 -0.8524587 -0.507692 0.08902537 -0.8569267 -0.5376881 0.03177052 -0.842545 -0.02243137 0.1236016 -0.9920784 -0.4685881 -0.09231984 -0.8785797 0.02877897 0.02856534 -0.9991776 0.02899295 0.1222283 -0.9920786 0.5500802 0.3396495 -0.762922 0.5071457 0.372798 -0.7770618 0.5138187 0.7499141 -0.4166766 0.6037302 0.7486657 -0.273879 0.5392164 0.8099538 0.230696 0.6362929 0.646059 0.421591 0.5637803 0.1302252 0.8155938 0.5363047 1.83112e-4 0.8440245 0.1328195 -0.4656315 0.8749551 -0.1842436 -0.700443 0.6895172 -0.3726957 -0.9155642 0.1511291 -0.4587377 -0.8808216 0.117103 -0.3841116 -0.9170337 0.1072741 0.2100329 0.02829122 0.9772849 0.2535226 0.02957302 0.9668773 0.2580082 -0.1460947 0.9550331 0.2689961 -0.01443552 0.9630331 0.1718839 0.1954447 0.9655348 0.1190546 0.1321472 0.9840545 -0.8051626 0.01352006 0.5929002 -0.8618555 0.1090443 0.4952923 -0.9895483 0.06332689 0.1295531 -0.9919117 0.0310077 0.1230848 -0.7148522 -0.1344677 0.6862251 -0.9875988 -0.1432262 0.06430375 -0.9253408 -0.3360159 0.1756072 -0.5859398 -0.4760704 0.655768 -0.6663612 -0.7363422 0.1173167 -0.2049072 -0.7632596 0.612738 -0.5434909 -0.8344637 0.09103959 -0.3286595 -0.7676149 0.5502278 0.4790279 -0.04587018 0.8766004 -0.0302748 -0.9959862 0.08423233 0.2257231 -0.9630163 0.1471351 0.02530008 -0.9943024 0.1035503 -0.2527899 -0.9637941 -0.08484315 -0.08514755 -0.9954334 0.04315364 0.8325338 0.5510551 -0.05679625 0.7680261 0.3157559 0.5571661 0.7225117 0.1842444 0.6663564 -0.3107776 0.5933859 -0.7425029 -0.7407109 0.4465629 -0.5019255 -0.2042332 0.6071149 -0.7679196 0.7678425 0.6069127 -0.2051222 0.4207653 0.7704213 -0.478965 -0.708903 0.4722867 -0.5238338 0.004394769 -0.9911428 0.1327282 -0.02972584 -0.9913918 0.12751 -0.02188241 -0.9991151 0.03592133 -0.09949135 -0.9650358 -0.2425026 0.04092568 -0.9707419 -0.2366122 0.002777159 -0.9998871 -0.01477104 -0.1390771 -0.9808949 -0.1360251 0.01071226 -0.9961525 0.08698022 -0.004760921 -0.9999768 0.004882991 5.79858e-4 -0.9963185 0.08572745 0.08835291 -0.9952903 0.0398885 -0.008179068 -0.9994392 0.03247231 0.2035313 -0.9790198 -0.009766042 0.2172368 -0.9760701 0.009766161 -0.2319131 -0.9691277 0.08371335 -0.1335497 -0.9908803 -0.01791441 -0.2259014 -0.9550304 -0.1920559 -0.1916588 -0.9177957 -0.3477327 0.03256338 -0.9414694 -0.3355219 0.2364311 -0.9240558 -0.3003685 0.1687704 -0.9576574 -0.2332571 0.1895825 -0.9785535 -0.0805695 0.2927079 -0.9526817 -0.08197408 0.2172661 -0.9609578 0.1713348 0.01550358 -0.9943659 0.1048628 -0.05231016 -0.9946876 0.08865875 -0.1029111 -0.9937998 0.04208606 -0.2595942 -0.9607671 -0.0976606 0.1953197 -0.9782769 0.06946051 0.04498499 -0.9958966 0.07852542 -0.02026468 -0.9949232 0.09857672 -0.2104919 -0.9769243 0.03622645 -0.06888061 -0.9948167 0.0748012 0.08514755 -0.9954334 0.04315364 -0.02530008 -0.9943024 0.1035503 0.2527899 -0.9637941 -0.08484315 0.0302748 -0.9959862 0.08423233 -0.2257231 -0.9630163 0.1471351 0.3349481 0.1031548 0.9365729 0.7433577 0.1058408 0.6604673 0.34298 0.3876609 0.855619 -0.3967748 0.5476293 0.7366627 0.03439509 0.2108263 0.9769183 0.1430726 0.11469 0.9830445 -0.9856275 0.164556 0.03820919 -0.9752139 0.07132357 0.2094539 -0.8794516 0.4757388 -0.01541233 -0.8881102 0.3422123 0.3068405 -0.2900567 0.853415 0.4330707 0.6967754 0.4949238 0.5191863 0.9116057 0.120642 0.392964 0.7746266 0.5598052 0.2942311 -0.08862829 0.9960611 -0.002716183 -0.1342236 0.9548864 -0.2649071 -0.6211174 0.5750645 -0.5324605 -0.769533 0.4939172 -0.4048021 -0.7152853 0.3937624 -0.5773372 -0.9197528 0.2844986 -0.2703988 0.8867306 0.4370326 0.150703 0.814154 0.5085372 -0.2802555 0.1754531 0.9273473 0.3305196 0.07443577 0.9970856 -0.0167244 -0.7424011 0.6235608 0.2449746 -0.3799656 0.5353394 0.754346 0.8412243 0.1646497 0.5150073 0.9786741 0.1523494 0.1377919 0.9241421 0.2653311 -0.2748835 0.8367584 0.3281477 -0.4383543 0.757753 0.530357 -0.3801736 0.07062023 0.9900879 -0.1214034 -0.7874338 0.594581 0.1625469 -0.8763921 0.3589375 0.3210935 -0.6487405 0.2911199 0.7031252 -0.04321533 0.2773292 0.9598026 0.199653 0.7579615 0.6209937 -0.2682323 0.1809171 0.9462138 0.8668139 0.03537201 0.4973757 -0.8882364 0.3964774 0.2320389 0.8881968 0.4475928 -0.1037648 0.3295157 0.6957156 0.6382784 0.9707198 0.09161818 -0.2220567 0.9341621 0.0835005 -0.3469422 0.8412681 0.5029908 -0.1981626 0.1678571 0.8958078 0.4115246 0.09641104 0.9342931 0.3432222 -0.6375799 0.4358165 0.6352605 -0.6101109 0.3753566 0.6977623 -0.7841623 0.02322512 0.6201212 -0.7183109 0.04214763 0.6944445 0.4737244 0.8066622 0.3533858 0.3862191 0.706517 0.5930165 -0.03372329 0.8643847 0.501699 0.7554682 0.6408387 0.136359 0.873812 0.4371806 0.2128986 0.621886 0.7150606 0.31929 0.2330454 0.9140533 0.3319585 0.2958511 0.8768105 0.3790458 0.7442064 0.6391905 0.1938874 0.2920979 0.421926 0.8582875 -0.4763163 0.5144656 0.7130554 0.2713486 0.9567549 0.1048343 0.6028714 0.7976739 -0.01620554 0.8928438 0.4434462 -0.07864838 0.7991193 0.3401384 -0.4956957 0.7870578 0.1993814 -0.5837699 0.4902304 0.141304 -0.8600624 0.4676155 -0.1493 -0.8712322 0.790627 -0.0119329 -0.6121819 0.525663 0.1680083 -0.8339376 0.9425578 0.1825664 -0.2797398 0.9048023 0.3473389 -0.2463508 0.8475435 0.5168395 -0.1206111 0.958627 0.20823 -0.1940997 0.9512989 -0.0471819 -0.3046378 0.9458606 -0.07397925 -0.3160296 0.7455138 -0.2238555 -0.6277722 0.3593975 -0.434445 -0.825888 -0.7796119 0.1821688 -0.5991826 -0.9738019 0.08423256 0.2112224 -0.7497352 0.1729524 -0.6387368 0.02243137 0.1236016 -0.9920784 -0.02877897 0.02856534 -0.9991776 -0.638861 0.4034654 -0.6550362 -0.9592436 0.1648638 0.2295031 -0.2580082 -0.1460947 0.9550331 -0.02899295 0.1222283 -0.9920786 0.3320837 -0.2896615 -0.897673 0.4685881 -0.09231984 -0.8785797 0.5376881 0.03177052 -0.842545 0.05728358 0.0740078 -0.9956112 0.507692 0.08902537 -0.8569267 0.5212047 0.04074293 -0.8524587 0.0333575 0.04345935 -0.9984982 -0.8069575 0.06204545 -0.5873416 -0.8080525 -0.02081394 -0.5887427 -0.9620185 0.1099598 0.2498586 -0.9558991 0.1285783 0.2640541 -0.1718839 0.1954447 0.9655348 -0.2689961 -0.01443552 0.9630331 0.8051626 0.01352006 0.5929002 0.7148522 -0.1344677 0.6862251 0.9919117 0.0310077 0.1230848 0.9875988 -0.1432262 0.06430375 0.9253408 -0.3360159 0.1756072 0.5859398 -0.4760704 0.655768 0.6663612 -0.7363422 0.1173167 0.2049072 -0.7632596 0.612738 0.5434909 -0.8344637 0.09103959 0.3286595 -0.7676149 0.5502278 0.4587377 -0.8808216 0.117103 0.1842436 -0.700443 0.6895172 0.3726957 -0.9155642 0.1511291 -0.1328195 -0.4656315 0.8749551 -0.5363047 1.83112e-4 0.8440245 -0.5637803 0.1302252 0.8155938 -0.6362929 0.646059 0.421591 -0.5392164 0.8099538 0.230696 -0.6037302 0.7486657 -0.273879 -0.5138187 0.7499141 -0.4166766 -0.5071457 0.372798 -0.7770618 -0.4605979 0.3425796 -0.8188338 -0.2570307 -0.2091769 -0.9434937 -0.3842363 -0.2243769 -0.8955543 -0.2993968 -0.5533195 -0.7773025 -0.09457951 -0.5208743 -0.8483777 -0.09198349 -0.06961327 -0.9933243 0.1402068 -0.4425642 -0.8857083 0.02340829 0.09811961 -0.9948993 -0.453126 0.7144662 -0.5331181 -0.8128873 0.5404396 0.2171158 -0.2535226 0.02957302 0.9668773 0.3841116 -0.9170337 0.1072741 0.9895483 0.06332689 0.1295531 0.8618555 0.1090443 0.4952923 -0.1190546 0.1321472 0.9840545 -0.5595431 0.7441551 0.3648902 -0.2100329 0.02829122 0.9772849 -0.4790279 -0.04587018 0.8766004 -0.793923 0.4848869 0.3668392 -0.7698355 0.5849223 -0.2553809 -0.5500802 0.3396495 -0.762922 -0.6012511 0.553367 -0.5764393 -0.8022973 0.5256378 0.2828855 0.09717202 -0.9760539 0.1946187 0.02032536 -0.9987224 -0.04626625 0.1630029 -0.9843654 0.0667454 -0.007080435 -0.9997481 0.0213024 0.06878966 -0.954693 0.289533 -0.00640887 -0.9999713 -0.004058957 -0.2698837 -0.9623707 0.03170973 -0.2202231 -0.9754398 0.004364132 -0.1251906 -0.9840072 -0.1267166 -0.1185975 -0.9709672 -0.2077439 0.0573154 -0.993834 -0.09491533 0.2115911 -0.9773231 -0.008301258 -0.2009699 0.5279543 -0.8251518 -0.1189939 0.6424576 -0.7570263 0.3968076 0.5003585 -0.7695358 0.5081757 0.5718389 -0.6440169 -0.5708674 0.765826 -0.2960087 -0.8711475 0.4782399 0.1113045 -0.6947124 0.2568815 0.6718533 -0.7131907 0.221657 0.6650017 -0.8855397 0.4612644 -0.05526989 -0.2232173 0.8764194 0.4266887 0.6363884 0.534576 0.5560921 -0.1573265 0.9453935 0.2854461 -0.8857703 0.4273965 -0.1809507 -0.9323688 0.3486846 -0.09543424 -0.9479076 0.08731371 -0.3063457 -0.9761155 0.1082504 -0.1883624 -0.3016201 0.7119491 0.634156 0.5889613 0.5027748 0.632726 0.7601738 0.3511852 0.5466305 0.6832343 0.4162824 0.5999167 0.0639677 -0.6924446 -0.7186298 -0.2502316 -0.6875801 -0.6816288 -0.8764867 -0.4635897 0.1298295 -0.8536853 -0.5186142 0.047549 -0.7687363 -0.3276796 0.5492455 -0.7789796 -0.3652268 0.5097061 -0.3520394 -0.7730828 -0.5276471 0.4653044 -0.6667655 -0.5821647 0.5712987 -0.6273635 -0.5291815 0.2549896 -0.9417372 -0.219343 0.3723016 -0.9276258 -0.03003072 -0.2815735 -0.9051799 -0.3183801 -0.1761561 -0.8682675 -0.4637678 -0.687177 -0.6099321 -0.3946781 -0.866611 -0.4522881 -0.2107626 -0.5081757 0.5718389 -0.6440169 0.1189939 0.6424576 -0.7570263 -0.3968076 0.5003585 -0.7695358 0.2009699 0.5279543 -0.8251518 0.8855397 0.4612644 -0.05526989 0.8711475 0.4782399 0.1113045 0.7131907 0.221657 0.6650017 0.6947124 0.2568815 0.6718533 0.5708674 0.765826 -0.2960087 -0.004455685 0.870727 -0.4917467 -0.09680777 0.8973949 -0.4304773 0.4394144 0.8059492 -0.3966876 0.3955019 0.773333 -0.4955142 0.7999663 0.5368613 -0.2680186 0.8948741 0.4407839 -0.07007128 0.8536853 -0.5186142 0.047549 0.3520394 -0.7730828 -0.5276471 0.2502316 -0.6875801 -0.6816288 -0.4653044 -0.6667655 -0.5821647 0.7789796 -0.3652268 0.5097061 0.7687363 -0.3276796 0.5492455 0.8764867 -0.4635897 0.1298295 -0.0639677 -0.6924446 -0.7186298 -0.5712987 -0.6273635 -0.5291815 0.4159727 0.605312 -0.6786489 0.3748075 0.6304371 -0.6797563 0.8220439 0.5256991 -0.2188251 0.7351816 0.5111387 -0.4452474 0.9366297 0.3254246 0.129706 0.8658596 0.3289052 0.3769729 -0.1401733 -0.9822508 -0.1246392 0.01785379 -0.9976791 -0.06570822 -0.2053017 -0.9785326 0.01803672 0.001464843 -0.9996672 0.02575767 -0.263381 -0.957022 0.1214055 -0.007812917 -0.9999621 -0.003845393 0.1023005 -0.9566565 0.272659 0.1429821 -0.9800605 0.1379769 0.1863217 -0.9824848 0.002838313 0.221384 -0.9729726 -0.06567662 0.0436728 -0.9912289 -0.1247314 -0.1412119 -0.9685546 -0.2048442 -0.1630029 -0.9843654 0.0667454 -0.02032536 -0.9987224 -0.04626625 -0.09717202 -0.9760539 0.1946187 0.007080435 -0.9997481 0.0213024 -0.06878966 -0.954693 0.289533 0.00640887 -0.9999713 -0.004058957 0.2698837 -0.9623707 0.03170973 0.2202231 -0.9754398 0.004364132 0.1251906 -0.9840072 -0.1267166 0.1185975 -0.9709672 -0.2077439 -0.0573154 -0.993834 -0.09491533 -0.2115911 -0.9773231 -0.008301258 0.1325458 -0.9885854 -0.0716291 0.1836051 -0.9778742 0.1002565 -0.1902561 -0.9267429 -0.3239603 -0.1755147 -0.8900865 -0.4206433 -0.4844959 -0.6424034 -0.593786 -0.5851738 -0.5579202 -0.5884698 -0.6123697 0.241194 0.7528805 -0.6498986 0.3118109 0.6931132 -0.7079854 0.2328007 0.6667538 -0.7485794 0.1990779 0.6324532 -0.7613469 0.2849939 0.5823482 -0.6696564 0.4356032 0.6015066 -0.5934439 0.4559553 0.6632716 -0.5304239 0.2998818 0.7929196 -0.5338457 0.4129888 0.737868 -0.5231637 0.4332841 0.7338697 -0.60481 0.4552326 0.653428 -0.6628288 0.4906056 0.5656538 -0.7577213 0.3922889 0.5215056 -0.8156538 0.2778154 0.5074717 -0.7982672 0.2198011 0.5607647 -0.7686815 0.2208963 0.6002778 -0.7333214 0.275438 0.6215897 -0.6340131 0.2712272 0.7241984 -0.5161992 0.2444576 0.8208404 -0.4399621 0.279249 0.8534948 -0.4632252 0.3679128 0.8062646 0.001831114 -0.9999983 -2.74675e-4 -0.002075254 -0.9999557 0.009186208 0.1915972 -0.9769386 0.09424215 0.1732868 -0.9838712 0.04437458 -0.006347894 -0.9980872 -0.06149536 0.1481105 -0.9861724 -0.07434517 0.1658121 -0.9749438 -0.148294 -0.01306217 -0.9930629 -0.1168578 -0.1931259 -0.9753956 -0.1063291 -0.1618435 -0.9861378 -0.03659254 -0.1573582 -0.9842519 0.08054077 -0.1612625 -0.977463 0.1362369 -0.001831114 -0.9999983 -2.74675e-4 -0.1915972 -0.9769386 0.09424215 0.002075254 -0.9999557 0.009186208 -0.1732868 -0.9838712 0.04437458 0.006347894 -0.9980872 -0.06149536 -0.1481105 -0.9861724 -0.07434517 -0.1658121 -0.9749438 -0.148294 0.01306217 -0.9930629 -0.1168578 0.1931259 -0.9753956 -0.1063291 0.1618435 -0.9861378 -0.03659254 0.1573582 -0.9842519 0.08054077 0.1612625 -0.977463 0.1362369 -0.03308308 -0.9597452 0.2789173 -0.04001051 -0.8970789 0.4400551 -0.2818163 -0.9575771 -0.06021475 -0.1594601 -0.9842279 -0.07660192 -0.4473543 -0.7815119 -0.4348718 -0.6303812 -0.5870434 -0.5079367 -0.5505954 -0.1260134 0.8252063 -0.6723985 -0.1062678 0.7325214 -0.6228359 -0.2389348 0.7449737 -0.5097107 -0.278676 0.8139623 -0.4044458 -0.2620413 0.876218 -0.4233547 -0.1227155 0.8976145 -0.5633887 0.01590061 0.826039 0.06680679 -0.02053946 0.9975546 0.0127874 -0.03204488 0.9994047 -0.371109 0.03430312 0.9279555 -0.4434504 -0.02331697 0.8959956 -0.8339397 0.0367757 0.5506291 -0.8313837 -0.06152743 0.5522822 -0.4345054 -0.1142343 0.8933957 -0.7712894 -0.1240618 0.6242768 -0.8325739 -0.1593732 0.5304912 -0.7609094 -0.3388568 0.5533471 -0.7014202 -0.3159031 0.6389171 -0.6712688 -0.1023917 0.7341077 -0.7602629 0.06930899 0.6459077 0.5505954 -0.1260134 0.8252063 0.6228359 -0.2389348 0.7449737 0.6723985 -0.1062678 0.7325214 0.5633887 0.01590061 0.826039 0.4233547 -0.1227155 0.8976145 0.4044458 -0.2620413 0.876218 0.5097107 -0.278676 0.8139623 0.371109 0.03430312 0.9279555 -0.0127874 -0.03204488 0.9994047 -0.06680679 -0.02053946 0.9975546 0.4434504 -0.02331697 0.8959956 0.4345054 -0.1142343 0.8933957 0.8313837 -0.06152743 0.5522822 0.8339397 0.0367757 0.5506291 0.7712894 -0.1240618 0.6242768 0.7609094 -0.3388568 0.5533471 0.8325739 -0.1593732 0.5304912 0.7602629 0.06930899 0.6459077 0.6712688 -0.1023917 0.7341077 0.7014202 -0.3159031 0.6389171 0.1401733 -0.9822508 -0.1246392 0.2053017 -0.9785326 0.01803672 -0.01785379 -0.9976791 -0.06570822 0.1412119 -0.9685546 -0.2048442 -0.0436728 -0.9912289 -0.1247314 -0.221384 -0.9729726 -0.06567662 -0.1863217 -0.9824848 0.002838313 -0.1429821 -0.9800605 0.1379769 -0.001464843 -0.9996672 0.02575767 -0.1023005 -0.9566565 0.272659 0.007812917 -0.9999621 -0.003845393 0.263381 -0.957022 0.1214055 0.345871 0.8094536 -0.4745084 0.2406465 0.8424611 -0.4820255 0.6515187 0.7245506 -0.2248331 0.6639798 0.6923628 -0.2824264 0.8581917 0.513267 0.007995903 0.8708952 0.471979 0.1370311 0.1573265 0.9453935 0.2854461 -0.6363884 0.534576 0.5560921 0.2232173 0.8764194 0.4266887 0.8857703 0.4273965 -0.1809507 0.9323688 0.3486846 -0.09543424 0.9479044 0.08731621 -0.3063545 0.9761155 0.1082504 -0.1883624 0.3016201 0.7119491 0.634156 -0.5889613 0.5027748 0.632726 -0.7601738 0.3511852 0.5466305 -0.6832343 0.4162824 0.5999167 -0.9707198 0.09161818 -0.2220567 -0.3295157 0.6957156 0.6382784 -0.8881968 0.4475928 -0.1037648 -0.9341621 0.0835005 -0.3469422 -0.8412681 0.5029908 -0.1981626 -0.1678571 0.8958078 0.4115246 -0.09641104 0.9342931 0.3432222 0.6375799 0.4358165 0.6352605 0.6101109 0.3753566 0.6977623 0.7841623 0.02322512 0.6201212 0.7183109 0.04214763 0.6944445</float_array>
          <technique_common>
            <accessor source="#chr582_0-mesh-normals-array" count="1423" stride="3">
              <param name="X" type="float"/>
              <param name="Y" type="float"/>
              <param name="Z" type="float"/>
            </accessor>
          </technique_common>
        </source>
        <source id="chr582_0-mesh-map-0">
          <float_array id="chr582_0-mesh-map-0-array" count="11616">0.9814453 0.4296875 0.9326172 0.409668 0.980957 0.4057617 0.9130859 0.262207 0.9399414 0.2543945 0.9428711 0.2739258 0.9428711 0.2739258 0.9399414 0.2543945 0.980957 0.2597656 0.9428711 0.2739258 0.980957 0.2597656 0.9511719 0.3071289 0.9511719 0.3071289 0.980957 0.2597656 0.980957 0.2963867 0.9511719 0.3071289 0.980957 0.2963867 0.980957 0.3227539 0.9511719 0.3071289 0.980957 0.3227539 0.956543 0.3393555 0.9511719 0.3071289 0.956543 0.3393555 0.9365234 0.355957 0.9365234 0.355957 0.956543 0.3393555 0.9667969 0.3598633 0.9365234 0.355957 0.9667969 0.3598633 0.9599609 0.3745117 0.9599609 0.3745117 0.9667969 0.3598633 0.980957 0.3701172 0.9599609 0.3745117 0.980957 0.3701172 0.980957 0.3857422 0.9599609 0.3745117 0.980957 0.3857422 0.980957 0.4057617 0.9599609 0.3745117 0.980957 0.4057617 0.9472656 0.3925781 0.9472656 0.3925781 0.980957 0.4057617 0.9326172 0.409668 0.9472656 0.3925781 0.9326172 0.409668 0.8959961 0.3730469 0.9472656 0.3925781 0.8959961 0.3730469 0.9135742 0.3662109 0.9135742 0.3662109 0.8959961 0.3730469 0.8769531 0.3422852 0.9135742 0.3662109 0.8769531 0.3422852 0.8945313 0.3291016 0.8945313 0.3291016 0.8769531 0.3422852 0.8598633 0.3134766 0.8945313 0.3291016 0.8598633 0.3134766 0.8789063 0.3046875 0.8945313 0.3291016 0.8789063 0.3046875 0.9052734 0.2900391 0.8945313 0.3291016 0.9052734 0.2900391 0.9233399 0.3168945 0.9233399 0.3168945 0.9052734 0.2900391 0.9335938 0.2919922 0.9233399 0.3168945 0.9335938 0.2919922 0.9511719 0.3071289 0.9511719 0.3071289 0.9335938 0.2919922 0.9428711 0.2739258 0.9428711 0.2739258 0.9335938 0.2919922 0.9243164 0.28125 0.9428711 0.2739258 0.9243164 0.28125 0.9130859 0.262207 0.9052734 0.2900391 0.9243164 0.28125 0.9335938 0.2919922 0.9599609 0.3745117 0.9472656 0.3925781 0.9365234 0.355957 0.9365234 0.355957 0.9472656 0.3925781 0.9135742 0.3662109 0.9365234 0.355957 0.9135742 0.3662109 0.9233399 0.3168945 0.9233399 0.3168945 0.9135742 0.3662109 0.8945313 0.3291016 0.9233399 0.3168945 0.9511719 0.3071289 0.9365234 0.355957 0.9399414 0.2543945 0.980957 0.243164 0.980957 0.2597656 0.1308593 0.4375 0.0906372 0.4467774 0.09710693 0.4194336 0.1308593 0.4375 0.09710693 0.4194336 0.1315917 0.418457 0.04779046 0.4614258 0.07110595 0.453125 0.0770874 0.4765625 0.0770874 0.4765625 0.07110595 0.453125 0.08624267 0.4785156 0.08624267 0.4785156 0.07110595 0.453125 0.0906372 0.4467774 0.0906372 0.4467774 0.07110595 0.453125 0.04818719 0.4404297 0.0906372 0.4467774 0.04818719 0.4404297 0.09710693 0.4194336 0.09710693 0.4194336 0.04818719 0.4404297 0.0502929 0.4223633 0.09710693 0.4194336 0.0502929 0.4223633 0.09857177 0.394043 0.09710693 0.4194336 0.09857177 0.394043 0.1315917 0.418457 0.1315917 0.418457 0.09857177 0.394043 0.1275634 0.3979492 0.1315917 0.418457 0.1275634 0.3979492 0.1553955 0.4023438 0.1315917 0.418457 0.1553955 0.4023438 0.1579589 0.4243164 0.1315917 0.418457 0.1579589 0.4243164 0.1308593 0.4375 0.1308593 0.4375 0.1579589 0.4243164 0.1672363 0.4511719 0.04818719 0.4404297 0.07110595 0.453125 0.04779046 0.4614258 0.04818719 0.4404297 0.04779046 0.4614258 0.02793884 0.4526367 0.0502929 0.4223633 0.05316162 0.3989258 0.09857177 0.394043 0.02793884 0.4526367 0.04779046 0.4614258 0.02565002 0.4755859 0.02793884 0.4526367 0.02565002 0.4755859 0.01375573 0.4829102 0.02793884 0.4526367 0.01375573 0.4829102 0.0109024 0.4443359 0.02793884 0.4526367 0.0109024 0.4443359 0.04818719 0.4404297 0.04818719 0.4404297 0.0109024 0.4443359 0.01116943 0.4277344 0.04818719 0.4404297 0.01116943 0.4277344 0.0502929 0.4223633 0.0502929 0.4223633 0.01116943 0.4277344 0.01071923 0.402832 0.0502929 0.4223633 0.01071923 0.402832 0.05316162 0.3989258 0.05316162 0.3989258 0.01071923 0.402832 0.01009362 0.3686524 0.05316162 0.3989258 0.01009362 0.3686524 0.05297845 0.3676758 0.05316162 0.3989258 0.05297845 0.3676758 0.09857177 0.394043 0.09857177 0.394043 0.05297845 0.3676758 0.09887695 0.3706055 0.09857177 0.394043 0.09887695 0.3706055 0.1275634 0.3979492 0.1275634 0.3979492 0.09887695 0.3706055 0.1275634 0.3735352 0.1275634 0.3979492 0.1275634 0.3735352 0.1555175 0.3764649 0.1275634 0.3979492 0.1555175 0.3764649 0.1553955 0.4023438 0.1553955 0.4023438 0.1555175 0.3764649 0.1867675 0.3779297 0.1553955 0.4023438 0.1867675 0.3779297 0.1870117 0.4047852 0.1553955 0.4023438 0.1870117 0.4047852 0.1579589 0.4243164 0.1579589 0.4243164 0.1870117 0.4047852 0.1875 0.4370117 0.1579589 0.4243164 0.1875 0.4370117 0.1672363 0.4511719 0.1672363 0.4511719 0.1875 0.4370117 0.1828613 0.4658203 0.1672363 0.4511719 0.1828613 0.4658203 0.1697998 0.4858399 0.1697998 0.4858399 0.1828613 0.4658203 0.1790771 0.4868164 0.1790771 0.4868164 0.1828613 0.4658203 0.210083 0.4580078 0.210083 0.4580078 0.1828613 0.4658203 0.1875 0.4370117 0.210083 0.4580078 0.1875 0.4370117 0.2310791 0.4384766 0.2310791 0.4384766 0.1875 0.4370117 0.229248 0.4067383 0.2310791 0.4384766 0.229248 0.4067383 0.2634277 0.4316406 0.2634277 0.4316406 0.229248 0.4067383 0.2619629 0.4072266 0.2634277 0.4316406 0.2619629 0.4072266 0.2917481 0.4321289 0.2634277 0.4316406 0.2917481 0.4321289 0.2902832 0.4482422 0.2634277 0.4316406 0.2902832 0.4482422 0.2509766 0.4521484 0.2634277 0.4316406 0.2509766 0.4521484 0.2310791 0.4384766 0.2310791 0.4384766 0.2509766 0.4521484 0.2341307 0.465332 0.2310791 0.4384766 0.2341307 0.465332 0.210083 0.4580078 0.210083 0.4580078 0.2341307 0.465332 0.2386474 0.487793 0.2386474 0.487793 0.2341307 0.465332 0.2526856 0.4863281 0.2526856 0.4863281 0.2341307 0.465332 0.2509766 0.4521484 0.229248 0.4067383 0.1875 0.4370117 0.1870117 0.4047852 0.229248 0.4067383 0.1870117 0.4047852 0.2246093 0.3789063 0.2246093 0.3789063 0.1870117 0.4047852 0.1867675 0.3779297 0.2246093 0.3789063 0.1867675 0.3779297 0.2193603 0.3427734 0.2246093 0.3789063 0.2193603 0.3427734 0.2458496 0.3408203 0.2246093 0.3789063 0.2458496 0.3408203 0.25 0.3813477 0.2246093 0.3789063 0.25 0.3813477 0.229248 0.4067383 0.229248 0.4067383 0.25 0.3813477 0.2619629 0.4072266 0.01009362 0.3686524 0.009620666 0.3427734 0.05297845 0.3676758 0.1867675 0.3779297 0.1883544 0.3457031 0.2193603 0.3427734 0.1883544 0.3457031 0.1867675 0.3779297 0.1555175 0.3764649 0.1883544 0.3457031 0.1555175 0.3764649 0.1553955 0.34375 0.1553955 0.34375 0.1555175 0.3764649 0.1275634 0.3735352 0.1553955 0.34375 0.1275634 0.3735352 0.1243896 0.3417969 0.1243896 0.3417969 0.1275634 0.3735352 0.09887695 0.3706055 0.1243896 0.3417969 0.09887695 0.3706055 0.09234619 0.3427734 0.09234619 0.3427734 0.09887695 0.3706055 0.05297845 0.3676758 0.09234619 0.3427734 0.05297845 0.3676758 0.05374145 0.3393555 0.05374145 0.3393555 0.05297845 0.3676758 0.009620666 0.3427734 0.05374145 0.3393555 0.009620666 0.3427734 0.009254455 0.3178711 0.05374145 0.3393555 0.009254455 0.3178711 0.0581665 0.3100586 0.0581665 0.3100586 0.009254455 0.3178711 0.05230706 0.293457 0.0581665 0.3100586 0.05230706 0.293457 0.0883789 0.3081055 0.0883789 0.3081055 0.05230706 0.293457 0.09088134 0.293457 0.0883789 0.3081055 0.09088134 0.293457 0.1296386 0.293457 0.0883789 0.3081055 0.1296386 0.293457 0.1291503 0.3037109 0.1291503 0.3037109 0.1296386 0.293457 0.165039 0.3071289 0.1291503 0.3037109 0.165039 0.3071289 0.1553955 0.34375 0.1553955 0.34375 0.165039 0.3071289 0.1883544 0.3457031 0.1883544 0.3457031 0.165039 0.3071289 0.2011718 0.3071289 0.1883544 0.3457031 0.2011718 0.3071289 0.2193603 0.3427734 0.2193603 0.3427734 0.2011718 0.3071289 0.2390136 0.309082 0.2193603 0.3427734 0.2390136 0.309082 0.2458496 0.3408203 0.2458496 0.3408203 0.2390136 0.309082 0.2839356 0.3408203 0.2458496 0.3408203 0.2839356 0.3408203 0.25 0.3813477 0.25 0.3813477 0.2839356 0.3408203 0.2866211 0.3808594 0.25 0.3813477 0.2866211 0.3808594 0.2619629 0.4072266 0.2619629 0.4072266 0.2866211 0.3808594 0.2939453 0.4135742 0.2619629 0.4072266 0.2939453 0.4135742 0.2917481 0.4321289 0.2917481 0.4321289 0.2939453 0.4135742 0.3322754 0.4306641 0.2917481 0.4321289 0.3322754 0.4306641 0.333252 0.456543 0.2917481 0.4321289 0.333252 0.456543 0.2902832 0.4482422 0.2902832 0.4482422 0.333252 0.456543 0.3339844 0.4741211 0.1553955 0.34375 0.1243896 0.3417969 0.1291503 0.3037109 0.1291503 0.3037109 0.1243896 0.3417969 0.0883789 0.3081055 0.0883789 0.3081055 0.1243896 0.3417969 0.09234619 0.3427734 0.0883789 0.3081055 0.09234619 0.3427734 0.05374145 0.3393555 0.0883789 0.3081055 0.05374145 0.3393555 0.0581665 0.3100586 0.2885742 0.3144531 0.2839356 0.3408203 0.2390136 0.309082 0.008895874 0.293457 0.05230706 0.293457 0.009254455 0.3178711 0.3322754 0.4306641 0.2939453 0.4135742 0.329834 0.378418 0.329834 0.378418 0.2939453 0.4135742 0.2866211 0.3808594 0.329834 0.378418 0.2866211 0.3808594 0.2839356 0.3408203 0.329834 0.378418 0.2839356 0.3408203 0.3286133 0.3447266 0.3286133 0.3447266 0.2839356 0.3408203 0.2885742 0.3144531 0.3286133 0.3447266 0.2885742 0.3144531 0.3276367 0.3188477 0.3276367 0.3188477 0.2885742 0.3144531 0.3266602 0.293457 0.3266602 0.293457 0.2885742 0.3144531 0.2866211 0.293457 0.2866211 0.293457 0.2885742 0.3144531 0.243164 0.293457 0.243164 0.293457 0.2885742 0.3144531 0.2390136 0.309082 0.243164 0.293457 0.2390136 0.309082 0.206665 0.293457 0.206665 0.293457 0.2390136 0.309082 0.2011718 0.3071289 0.206665 0.293457 0.2011718 0.3071289 0.170166 0.293457 0.170166 0.293457 0.2011718 0.3071289 0.165039 0.3071289 0.170166 0.293457 0.165039 0.3071289 0.1296386 0.293457 0.6230469 0.7602539 0.6171875 0.7738037 0.6459961 0.7780762 0.6230469 0.7602539 0.6459961 0.7780762 0.6386719 0.7478027 0.6386719 0.7478027 0.6459961 0.7780762 0.6557617 0.7565918 0.6557617 0.7565918 0.6459961 0.7780762 0.6679688 0.7718506 0.7578125 0.2836914 0.7578125 0.2509766 0.7700195 0.2509766 0.7880859 0.2509766 0.7895508 0.2836914 0.7700195 0.2509766 0.7700195 0.2509766 0.7895508 0.2836914 0.7700195 0.2836914 0.7700195 0.2509766 0.7700195 0.2836914 0.7578125 0.2836914 0.7578125 0.2836914 0.7700195 0.2836914 0.7578125 0.3300781 0.7578125 0.3300781 0.7700195 0.2836914 0.7700195 0.3300781 0.7700195 0.3300781 0.7700195 0.2836914 0.7895508 0.2836914 0.7700195 0.3300781 0.7895508 0.2836914 0.7910156 0.3300781 0.7880859 0.2509766 0.8295899 0.2509766 0.8295899 0.2836914 0.7880859 0.2509766 0.8295899 0.2836914 0.7895508 0.2836914 0.7895508 0.2836914 0.8295899 0.2836914 0.8295899 0.3300781 0.7895508 0.2836914 0.8295899 0.3300781 0.7910156 0.3300781 0.7910156 0.3300781 0.8295899 0.3300781 0.7895508 0.3696289 0.7910156 0.3300781 0.7895508 0.3696289 0.7700195 0.3300781 0.7700195 0.3300781 0.7895508 0.3696289 0.7700195 0.3696289 0.7700195 0.3300781 0.7700195 0.3696289 0.7578125 0.3300781 0.7578125 0.3300781 0.7700195 0.3696289 0.7578125 0.3696289 0.7578125 0.3696289 0.7700195 0.3696289 0.7700195 0.4140625 0.7578125 0.3696289 0.7700195 0.4140625 0.7578125 0.4140625 0.7895508 0.3696289 0.7700195 0.4140625 0.7700195 0.3696289 0.7890625 0.4140625 0.7700195 0.4140625 0.7895508 0.3696289 0.7890625 0.4140625 0.7895508 0.3696289 0.8295899 0.3696289 0.8295899 0.3696289 0.7895508 0.3696289 0.8295899 0.3300781 0.8295899 0.4140625 0.7890625 0.4140625 0.8295899 0.3696289 0.6557617 0.7565918 0.6679688 0.7718506 0.6459961 0.7780762 0.6557617 0.7565918 0.6459961 0.7780762 0.6386719 0.7478027 0.6386719 0.7478027 0.6459961 0.7780762 0.6230469 0.7602539 0.6230469 0.7602539 0.6459961 0.7780762 0.6171875 0.7738037 0.5600586 0.7077637 0.5727539 0.7416992 0.5522461 0.7138672 0.5727539 0.7028809 0.5473633 0.6738281 0.5732422 0.6640625 0.5727539 0.7028809 0.5732422 0.6640625 0.5996094 0.673584 0.5727539 0.7028809 0.5996094 0.673584 0.5859375 0.7075195 0.5859375 0.7075195 0.5996094 0.673584 0.5952149 0.717041 0.5859375 0.7075195 0.5952149 0.717041 0.5727539 0.7416992 0.5859375 0.7075195 0.5727539 0.7416992 0.5727539 0.7028809 0.5727539 0.7028809 0.5727539 0.7416992 0.5600586 0.7077637 0.5727539 0.7028809 0.5600586 0.7077637 0.5473633 0.6738281 0.5473633 0.6738281 0.5600586 0.7077637 0.5522461 0.7138672 0.5473633 0.6738281 0.5522461 0.7138672 0.5322266 0.6862793 0.6181641 0.692627 0.5952149 0.717041 0.5996094 0.673584 0.2929688 0.5551758 0.3432617 0.579834 0.2800293 0.6008301 0.2800293 0.6008301 0.3432617 0.579834 0.3261719 0.6245117 0.2800293 0.6008301 0.3261719 0.6245117 0.2714844 0.6394043 0.5322266 0.8218994 0.4975586 0.7971192 0.5102539 0.777832 0.5102539 0.777832 0.4975586 0.7971192 0.4865723 0.7828369 0.5102539 0.777832 0.4865723 0.7828369 0.5024414 0.7667236 0.5024414 0.7667236 0.4865723 0.7828369 0.4472656 0.7304688 0.5024414 0.7667236 0.4472656 0.7304688 0.4682617 0.7121582 0.4682617 0.7121582 0.4472656 0.7304688 0.4055176 0.6872559 0.4682617 0.7121582 0.4055176 0.6872559 0.4296875 0.657959 0.4296875 0.657959 0.4055176 0.6872559 0.3911133 0.6159668 0.3911133 0.6159668 0.4055176 0.6872559 0.3674317 0.6520996 0.3911133 0.6159668 0.3674317 0.6520996 0.3432617 0.579834 0.3432617 0.579834 0.3674317 0.6520996 0.3261719 0.6245117 0.3261719 0.6245117 0.3674317 0.6520996 0.3129883 0.6586914 0.3261719 0.6245117 0.3129883 0.6586914 0.2714844 0.6394043 0.2714844 0.6394043 0.3129883 0.6586914 0.2651367 0.6689453 0.2714844 0.6394043 0.2651367 0.6689453 0.2298583 0.6547852 0.2714844 0.6394043 0.2298583 0.6547852 0.2305908 0.6271973 0.2714844 0.6394043 0.2305908 0.6271973 0.2800293 0.6008301 0.2800293 0.6008301 0.2305908 0.6271973 0.2333984 0.5876465 0.2800293 0.6008301 0.2333984 0.5876465 0.2929688 0.5551758 0.2929688 0.5551758 0.2333984 0.5876465 0.2376708 0.5424805 0.4865723 0.7828369 0.421875 0.7579346 0.4472656 0.7304688 0.4472656 0.7304688 0.421875 0.7579346 0.3852539 0.7160645 0.4472656 0.7304688 0.3852539 0.7160645 0.4055176 0.6872559 0.4055176 0.6872559 0.3852539 0.7160645 0.3493652 0.6855469 0.4055176 0.6872559 0.3493652 0.6855469 0.3674317 0.6520996 0.3674317 0.6520996 0.3493652 0.6855469 0.3129883 0.6586914 0.3129883 0.6586914 0.3493652 0.6855469 0.3017578 0.690918 0.3129883 0.6586914 0.3017578 0.690918 0.2651367 0.6689453 0.3310547 0.7160645 0.3017578 0.690918 0.3493652 0.6855469 0.3310547 0.7160645 0.3493652 0.6855469 0.3852539 0.7160645 0.3310547 0.7160645 0.3852539 0.7160645 0.3642578 0.7453613 0.3642578 0.7453613 0.3852539 0.7160645 0.421875 0.7579346 0.4279785 0.8455811 0.3876953 0.8291016 0.3972168 0.8067627 0.3972168 0.8067627 0.3876953 0.8291016 0.3422852 0.8005371 0.3972168 0.8067627 0.3422852 0.8005371 0.3515625 0.772583 0.3515625 0.772583 0.3422852 0.8005371 0.3071289 0.7706299 0.3515625 0.772583 0.3071289 0.7706299 0.315918 0.7436524 0.315918 0.7436524 0.3071289 0.7706299 0.2792969 0.7504883 0.315918 0.7436524 0.2792969 0.7504883 0.2900391 0.723877 0.2900391 0.723877 0.2792969 0.7504883 0.2468261 0.7304688 0.2900391 0.723877 0.2468261 0.7304688 0.2558594 0.7045899 0.2558594 0.7045899 0.2468261 0.7304688 0.2192382 0.7126465 0.2558594 0.7045899 0.2192382 0.7126465 0.2254638 0.6894531 0.2254638 0.6894531 0.2192382 0.7126465 0.1968994 0.7011719 0.2254638 0.6894531 0.1968994 0.7011719 0.197998 0.6801758 0.197998 0.6801758 0.1968994 0.7011719 0.1802978 0.6794434 0.197998 0.6801758 0.1802978 0.6794434 0.1728515 0.6557617 0.197998 0.6801758 0.1728515 0.6557617 0.1961669 0.6430664 0.1961669 0.6430664 0.1728515 0.6557617 0.1705322 0.630127 0.1961669 0.6430664 0.1705322 0.630127 0.19458 0.6157227 0.19458 0.6157227 0.1705322 0.630127 0.1682128 0.6079102 0.19458 0.6157227 0.1682128 0.6079102 0.1890869 0.5734863 0.1890869 0.5734863 0.1682128 0.6079102 0.1647949 0.5754395 0.1890869 0.5734863 0.1647949 0.5754395 0.1843261 0.5380859 0.1843261 0.5380859 0.1647949 0.5754395 0.1561279 0.5449219 0.1561279 0.5449219 0.1647949 0.5754395 0.1400146 0.5820313 0.1561279 0.5449219 0.1400146 0.5820313 0.1276855 0.5559082 0.1276855 0.5559082 0.1400146 0.5820313 0.1155395 0.5913086 0.1276855 0.5559082 0.1155395 0.5913086 0.1033325 0.5683594 0.1033325 0.5683594 0.1155395 0.5913086 0.09539794 0.6044922 0.1033325 0.5683594 0.09539794 0.6044922 0.07989501 0.5827637 0.07989501 0.5827637 0.09539794 0.6044922 0.07519531 0.6196289 0.07989501 0.5827637 0.07519531 0.6196289 0.05865478 0.5983887 0.05865478 0.5983887 0.07519531 0.6196289 0.04101562 0.612793 0.04101562 0.612793 0.07519531 0.6196289 0.05825799 0.6345215 0.04101562 0.612793 0.05825799 0.6345215 0.01911926 0.6413574 0.01911926 0.6413574 0.05825799 0.6345215 0.03900146 0.654541 0.01911926 0.6413574 0.03900146 0.654541 0.01712036 0.6462402 0.01712036 0.6462402 0.03900146 0.654541 0.03506463 0.659668 0.03506463 0.659668 0.03900146 0.654541 0.06097412 0.6811524 0.03506463 0.659668 0.06097412 0.6811524 0.05795288 0.6865234 0.05795288 0.6865234 0.06097412 0.6811524 0.08618164 0.7067871 0.08618164 0.7067871 0.06097412 0.6811524 0.08874511 0.699707 0.08618164 0.7067871 0.08874511 0.699707 0.09368896 0.7158203 0.09368896 0.7158203 0.08874511 0.699707 0.09735107 0.7099609 0.09368896 0.7158203 0.09735107 0.7099609 0.1084594 0.7229004 0.1084594 0.7229004 0.09735107 0.7099609 0.1160278 0.7038574 0.1084594 0.7229004 0.1160278 0.7038574 0.1384277 0.7211914 0.1384277 0.7211914 0.1160278 0.7038574 0.1451416 0.7070313 0.1384277 0.7211914 0.1451416 0.7070313 0.1572265 0.7294922 0.1572265 0.7294922 0.1451416 0.7070313 0.16333 0.7109375 0.1572265 0.7294922 0.16333 0.7109375 0.1734619 0.7194824 0.1734619 0.7194824 0.16333 0.7109375 0.1765136 0.704834 0.1734619 0.7194824 0.1765136 0.704834 0.19104 0.7165527 0.19104 0.7165527 0.1765136 0.704834 0.1968994 0.7011719 0.19104 0.7165527 0.1968994 0.7011719 0.2192382 0.7126465 0.19104 0.7165527 0.2192382 0.7126465 0.2139891 0.7399902 0.2139891 0.7399902 0.2192382 0.7126465 0.2468261 0.7304688 0.2139891 0.7399902 0.2468261 0.7304688 0.2370605 0.7606201 0.2370605 0.7606201 0.2468261 0.7304688 0.2607422 0.7615967 0.2607422 0.7615967 0.2468261 0.7304688 0.2792969 0.7504883 0.2607422 0.7615967 0.2792969 0.7504883 0.2790527 0.7781983 0.2790527 0.7781983 0.2792969 0.7504883 0.3071289 0.7706299 0.2790527 0.7781983 0.3071289 0.7706299 0.2976074 0.8029785 0.2976074 0.8029785 0.3071289 0.7706299 0.3422852 0.8005371 0.2976074 0.8029785 0.3422852 0.8005371 0.3347168 0.8273926 0.3347168 0.8273926 0.3422852 0.8005371 0.3876953 0.8291016 0.3347168 0.8273926 0.3876953 0.8291016 0.3806152 0.8516846 0.3806152 0.8516846 0.3876953 0.8291016 0.4172363 0.8658447 0.3806152 0.8516846 0.4172363 0.8658447 0.4086914 0.8908081 0.4086914 0.8908081 0.4172363 0.8658447 0.4304199 0.9005127 0.4304199 0.9005127 0.4172363 0.8658447 0.451416 0.8811035 0.4304199 0.9005127 0.451416 0.8811035 0.4511719 0.9089966 0.4511719 0.9089966 0.451416 0.8811035 0.4750977 0.8942261 0.4511719 0.9089966 0.4750977 0.8942261 0.4660645 0.9216309 0.4660645 0.9216309 0.4750977 0.8942261 0.5063477 0.9048462 0.4660645 0.9216309 0.5063477 0.9048462 0.4995117 0.9274292 0.4995117 0.9274292 0.5063477 0.9048462 0.5415039 0.9180908 0.4995117 0.9274292 0.5415039 0.9180908 0.5336914 0.9375 0.5336914 0.9375 0.5415039 0.9180908 0.5820313 0.9506226 0.5336914 0.9375 0.5820313 0.9506226 0.5791016 0.9659729 0.5791016 0.9659729 0.5820313 0.9506226 0.6210938 0.9709931 0.5791016 0.9659729 0.6210938 0.9709931 0.6191406 0.9796753 0.6191406 0.9796753 0.6210938 0.9709931 0.6279297 0.97995 0.6279297 0.97995 0.6210938 0.9709931 0.6333008 0.9701996 0.6279297 0.97995 0.6333008 0.9701996 0.6411133 0.9752808 0.6411133 0.9752808 0.6333008 0.9701996 0.6411133 0.9659119 0.6411133 0.9659119 0.6333008 0.9701996 0.628418 0.9588318 0.6411133 0.9659119 0.628418 0.9588318 0.6352539 0.9523621 0.6352539 0.9523621 0.628418 0.9588318 0.5917969 0.930542 0.6352539 0.9523621 0.5917969 0.930542 0.6064453 0.9198608 0.6064453 0.9198608 0.5917969 0.930542 0.5634766 0.8859253 0.6064453 0.9198608 0.5634766 0.8859253 0.574707 0.8649902 0.574707 0.8649902 0.5634766 0.8859253 0.5556641 0.8417969 0.5556641 0.8417969 0.5634766 0.8859253 0.5263672 0.8724365 0.5556641 0.8417969 0.5263672 0.8724365 0.5322266 0.8218994 0.5322266 0.8218994 0.5263672 0.8724365 0.5014649 0.8536377 0.5322266 0.8218994 0.5014649 0.8536377 0.4975586 0.7971192 0.4975586 0.7971192 0.5014649 0.8536377 0.4724121 0.826294 0.4975586 0.7971192 0.4724121 0.826294 0.4865723 0.7828369 0.4865723 0.7828369 0.4724121 0.826294 0.4584961 0.8096924 0.4865723 0.7828369 0.4584961 0.8096924 0.421875 0.7579346 0.421875 0.7579346 0.4584961 0.8096924 0.4064942 0.784668 0.421875 0.7579346 0.4064942 0.784668 0.3642578 0.7453613 0.3642578 0.7453613 0.4064942 0.784668 0.3515625 0.772583 0.3642578 0.7453613 0.3515625 0.772583 0.315918 0.7436524 0.3642578 0.7453613 0.315918 0.7436524 0.3310547 0.7160645 0.3310547 0.7160645 0.315918 0.7436524 0.2900391 0.723877 0.3310547 0.7160645 0.2900391 0.723877 0.3017578 0.690918 0.3017578 0.690918 0.2900391 0.723877 0.2558594 0.7045899 0.3017578 0.690918 0.2558594 0.7045899 0.2651367 0.6689453 0.2651367 0.6689453 0.2558594 0.7045899 0.2254638 0.6894531 0.2651367 0.6689453 0.2254638 0.6894531 0.2298583 0.6547852 0.2298583 0.6547852 0.2254638 0.6894531 0.197998 0.6801758 0.2298583 0.6547852 0.197998 0.6801758 0.1961669 0.6430664 0.2298583 0.6547852 0.1961669 0.6430664 0.2305908 0.6271973 0.2305908 0.6271973 0.1961669 0.6430664 0.19458 0.6157227 0.2305908 0.6271973 0.19458 0.6157227 0.2333984 0.5876465 0.2333984 0.5876465 0.19458 0.6157227 0.1890869 0.5734863 0.2333984 0.5876465 0.1890869 0.5734863 0.2376708 0.5424805 0.2376708 0.5424805 0.1890869 0.5734863 0.1843261 0.5380859 0.1805419 0.6965332 0.1802978 0.6794434 0.1968994 0.7011719 0.1805419 0.6965332 0.1968994 0.7011719 0.1765136 0.704834 0.4660645 0.9216309 0.4465332 0.9317017 0.4511719 0.9089966 0.5634766 0.8859253 0.5917969 0.930542 0.5512695 0.9043579 0.5634766 0.8859253 0.5512695 0.9043579 0.5263672 0.8724365 0.5263672 0.8724365 0.5512695 0.9043579 0.5151367 0.8884888 0.5263672 0.8724365 0.5151367 0.8884888 0.5014649 0.8536377 0.5014649 0.8536377 0.5151367 0.8884888 0.4870606 0.8742676 0.5014649 0.8536377 0.4870606 0.8742676 0.4604492 0.8527832 0.5014649 0.8536377 0.4604492 0.8527832 0.4724121 0.826294 0.4724121 0.826294 0.4604492 0.8527832 0.4421387 0.8250733 0.4724121 0.826294 0.4421387 0.8250733 0.4584961 0.8096924 0.4584961 0.8096924 0.4421387 0.8250733 0.4064942 0.784668 0.4064942 0.784668 0.4421387 0.8250733 0.3972168 0.8067627 0.4064942 0.784668 0.3972168 0.8067627 0.3515625 0.772583 0.4604492 0.8527832 0.4279785 0.8455811 0.4421387 0.8250733 0.4421387 0.8250733 0.4279785 0.8455811 0.3972168 0.8067627 0.4172363 0.8658447 0.3876953 0.8291016 0.4279785 0.8455811 0.4172363 0.8658447 0.4279785 0.8455811 0.451416 0.8811035 0.451416 0.8811035 0.4279785 0.8455811 0.4604492 0.8527832 0.451416 0.8811035 0.4604492 0.8527832 0.4750977 0.8942261 0.4750977 0.8942261 0.4604492 0.8527832 0.4870606 0.8742676 0.4750977 0.8942261 0.4870606 0.8742676 0.5063477 0.9048462 0.5063477 0.9048462 0.4870606 0.8742676 0.5151367 0.8884888 0.5063477 0.9048462 0.5151367 0.8884888 0.5415039 0.9180908 0.5415039 0.9180908 0.5151367 0.8884888 0.5512695 0.9043579 0.5415039 0.9180908 0.5512695 0.9043579 0.5864258 0.9391785 0.5864258 0.9391785 0.5512695 0.9043579 0.5917969 0.930542 0.5864258 0.9391785 0.5917969 0.930542 0.628418 0.9588318 0.5864258 0.9391785 0.628418 0.9588318 0.6235352 0.9675598 0.6235352 0.9675598 0.628418 0.9588318 0.6333008 0.9701996 0.6235352 0.9675598 0.6333008 0.9701996 0.6210938 0.9709931 0.6235352 0.9675598 0.6210938 0.9709931 0.5820313 0.9506226 0.6235352 0.9675598 0.5820313 0.9506226 0.5864258 0.9391785 0.5864258 0.9391785 0.5820313 0.9506226 0.5415039 0.9180908 0.1728515 0.6557617 0.1529541 0.6357422 0.1705322 0.630127 0.1705322 0.630127 0.1529541 0.6357422 0.1519775 0.6252442 0.1705322 0.630127 0.1519775 0.6252442 0.1682128 0.6079102 0.1682128 0.6079102 0.1519775 0.6252442 0.1483154 0.6069336 0.1682128 0.6079102 0.1483154 0.6069336 0.1647949 0.5754395 0.1647949 0.5754395 0.1483154 0.6069336 0.1400146 0.5820313 0.1400146 0.5820313 0.1483154 0.6069336 0.1279296 0.6137695 0.1400146 0.5820313 0.1279296 0.6137695 0.1155395 0.5913086 0.1155395 0.5913086 0.1279296 0.6137695 0.1115112 0.6247559 0.1155395 0.5913086 0.1115112 0.6247559 0.09539794 0.6044922 0.09539794 0.6044922 0.1115112 0.6247559 0.07519531 0.6196289 0.07519531 0.6196289 0.1115112 0.6247559 0.09259033 0.6428223 0.07519531 0.6196289 0.09259033 0.6428223 0.05825799 0.6345215 0.05825799 0.6345215 0.09259033 0.6428223 0.07769775 0.6611328 0.05825799 0.6345215 0.07769775 0.6611328 0.03900146 0.654541 0.03900146 0.654541 0.07769775 0.6611328 0.06097412 0.6811524 0.06097412 0.6811524 0.07769775 0.6611328 0.08874511 0.699707 0.08874511 0.699707 0.07769775 0.6611328 0.09863281 0.6835938 0.08874511 0.699707 0.09863281 0.6835938 0.09735107 0.7099609 0.09735107 0.7099609 0.09863281 0.6835938 0.1160278 0.7038574 0.1160278 0.7038574 0.09863281 0.6835938 0.1245727 0.6914063 0.1160278 0.7038574 0.1245727 0.6914063 0.1451416 0.7070313 0.1245727 0.6914063 0.09863281 0.6835938 0.1116943 0.668457 0.1116943 0.668457 0.09863281 0.6835938 0.07769775 0.6611328 0.1116943 0.668457 0.07769775 0.6611328 0.09259033 0.6428223 0.1116943 0.668457 0.09259033 0.6428223 0.1121826 0.6511231 0.1121826 0.6511231 0.09259033 0.6428223 0.1200561 0.6350098 0.1200561 0.6350098 0.09259033 0.6428223 0.1115112 0.6247559 0.1200561 0.6350098 0.1115112 0.6247559 0.1329345 0.6252442 0.1329345 0.6252442 0.1115112 0.6247559 0.1279296 0.6137695 0.1329345 0.6252442 0.1279296 0.6137695 0.1483154 0.6069336 0.1329345 0.6252442 0.1483154 0.6069336 0.1519775 0.6252442 0.1329345 0.6252442 0.1519775 0.6252442 0.1529541 0.6357422 0.1572265 0.7294922 0.1539306 0.7424317 0.1473388 0.7412109 0.1572265 0.7294922 0.1473388 0.7412109 0.1384277 0.7211914 0.1384277 0.7211914 0.1473388 0.7412109 0.1295166 0.732666 0.1384277 0.7211914 0.1295166 0.732666 0.1084594 0.7229004 0.2790527 0.7911377 0.2790527 0.7781983 0.2976074 0.8029785 0.2790527 0.7911377 0.2976074 0.8029785 0.2792969 0.8035889 0.2792969 0.8035889 0.2976074 0.8029785 0.2849121 0.8278809 0.2849121 0.8278809 0.2976074 0.8029785 0.3347168 0.8273926 0.2849121 0.8278809 0.3347168 0.8273926 0.3249512 0.8503418 0.3249512 0.8503418 0.3347168 0.8273926 0.3718262 0.87677 0.3718262 0.87677 0.3347168 0.8273926 0.3806152 0.8516846 0.3718262 0.87677 0.3806152 0.8516846 0.4086914 0.8908081 0.3718262 0.87677 0.4086914 0.8908081 0.3955078 0.9088135 0.2447509 0.8122559 0.2243652 0.7893067 0.2467041 0.8024902 0.2447509 0.8122559 0.2467041 0.8024902 0.2792969 0.8035889 0.2447509 0.8122559 0.2792969 0.8035889 0.2849121 0.8278809 0.4343262 0.9479675 0.4465332 0.9317017 0.4624024 0.9465332 0.4624024 0.9465332 0.4465332 0.9317017 0.4660645 0.9216309 0.4624024 0.9465332 0.4660645 0.9216309 0.4995117 0.9274292 0.4624024 0.9465332 0.4995117 0.9274292 0.4960938 0.9486694 0.4960938 0.9486694 0.4995117 0.9274292 0.5336914 0.9375 0.4960938 0.9486694 0.5336914 0.9375 0.5288086 0.9553833 0.5288086 0.9553833 0.5336914 0.9375 0.5791016 0.9659729 0.5288086 0.9553833 0.5791016 0.9659729 0.5249024 0.9715729 0.5288086 0.9553833 0.5249024 0.9715729 0.4926758 0.9642944 0.5288086 0.9553833 0.4926758 0.9642944 0.4960938 0.9486694 0.4960938 0.9486694 0.4926758 0.9642944 0.4636231 0.9632263 0.4960938 0.9486694 0.4636231 0.9632263 0.4624024 0.9465332 0.4624024 0.9465332 0.4636231 0.9632263 0.4360352 0.9649658 0.4624024 0.9465332 0.4360352 0.9649658 0.4343262 0.9479675 0.4343262 0.9479675 0.4360352 0.9649658 0.4111328 0.9385681 0.4111328 0.9385681 0.4360352 0.9649658 0.3991699 0.9640198 0.4111328 0.9385681 0.3991699 0.9640198 0.390625 0.9302368 0.390625 0.9302368 0.3991699 0.9640198 0.3505859 0.9579163 0.390625 0.9302368 0.3505859 0.9579163 0.3518067 0.9221802 0.390625 0.9302368 0.3518067 0.9221802 0.3955078 0.9088135 0.3955078 0.9088135 0.3518067 0.9221802 0.3620606 0.8979492 0.3955078 0.9088135 0.3620606 0.8979492 0.3718262 0.87677 0.3718262 0.87677 0.3620606 0.8979492 0.315918 0.8757324 0.3718262 0.87677 0.315918 0.8757324 0.3249512 0.8503418 0.3249512 0.8503418 0.315918 0.8757324 0.2766113 0.8564453 0.3249512 0.8503418 0.2766113 0.8564453 0.2849121 0.8278809 0.2849121 0.8278809 0.2766113 0.8564453 0.2358398 0.8372803 0.2849121 0.8278809 0.2358398 0.8372803 0.2447509 0.8122559 0.2447509 0.8122559 0.2358398 0.8372803 0.2149658 0.8006592 0.2447509 0.8122559 0.2149658 0.8006592 0.2243652 0.7893067 0.2243652 0.7893067 0.2149658 0.8006592 0.2010498 0.7757568 0.2243652 0.7893067 0.2010498 0.7757568 0.2226562 0.7786865 0.2226562 0.7786865 0.2010498 0.7757568 0.2054443 0.7613525 0.2226562 0.7786865 0.2054443 0.7613525 0.2139891 0.7399902 0.2226562 0.7786865 0.2139891 0.7399902 0.2370605 0.7606201 0.3620606 0.8979492 0.3518067 0.9221802 0.315918 0.8757324 0.5791016 0.9659729 0.6191406 0.9796753 0.5771484 0.9787293 0.5791016 0.9659729 0.5771484 0.9787293 0.5249024 0.9715729 0.5249024 0.9715729 0.5771484 0.9787293 0.5205078 0.9823761 0.5249024 0.9715729 0.5205078 0.9823761 0.4897461 0.9800568 0.5249024 0.9715729 0.4897461 0.9800568 0.4926758 0.9642944 0.4926758 0.9642944 0.4897461 0.9800568 0.4636231 0.9780731 0.4926758 0.9642944 0.4636231 0.9780731 0.4636231 0.9632263 0.4636231 0.9632263 0.4636231 0.9780731 0.4394531 0.9832916 0.4636231 0.9632263 0.4394531 0.9832916 0.4360352 0.9649658 0.4360352 0.9649658 0.4394531 0.9832916 0.407959 0.9900818 0.4360352 0.9649658 0.407959 0.9900818 0.3991699 0.9640198 0.3991699 0.9640198 0.407959 0.9900818 0.3508301 0.9868775 0.3991699 0.9640198 0.3508301 0.9868775 0.3505859 0.9579163 0.3505859 0.9579163 0.3508301 0.9868775 0.3010254 0.9498291 0.3505859 0.9579163 0.3010254 0.9498291 0.3518067 0.9221802 0.3518067 0.9221802 0.3010254 0.9498291 0.3056641 0.9098511 0.3518067 0.9221802 0.3056641 0.9098511 0.315918 0.8757324 0.315918 0.8757324 0.3056641 0.9098511 0.267334 0.8934326 0.315918 0.8757324 0.267334 0.8934326 0.2766113 0.8564453 0.2766113 0.8564453 0.267334 0.8934326 0.223999 0.8701172 0.2766113 0.8564453 0.223999 0.8701172 0.2358398 0.8372803 0.2358398 0.8372803 0.223999 0.8701172 0.2025146 0.8208008 0.2358398 0.8372803 0.2025146 0.8208008 0.2149658 0.8006592 0.2149658 0.8006592 0.2025146 0.8208008 0.1925048 0.7891846 0.2149658 0.8006592 0.1925048 0.7891846 0.2010498 0.7757568 0.2010498 0.7757568 0.1925048 0.7891846 0.1807861 0.7614746 0.2010498 0.7757568 0.1807861 0.7614746 0.2054443 0.7613525 0.2054443 0.7613525 0.1807861 0.7614746 0.1862792 0.7382813 0.2054443 0.7613525 0.1862792 0.7382813 0.2139891 0.7399902 0.2139891 0.7399902 0.1862792 0.7382813 0.19104 0.7165527 0.19104 0.7165527 0.1862792 0.7382813 0.1734619 0.7194824 0.1734619 0.7194824 0.1862792 0.7382813 0.1706542 0.7353516 0.1734619 0.7194824 0.1706542 0.7353516 0.1572265 0.7294922 0.1572265 0.7294922 0.1706542 0.7353516 0.1663818 0.7451172 0.1572265 0.7294922 0.1663818 0.7451172 0.1539306 0.7424317 0.1539306 0.7424317 0.1663818 0.7451172 0.152832 0.7458496 0.1539306 0.7424317 0.152832 0.7458496 0.1473388 0.7412109 0.1473388 0.7412109 0.152832 0.7458496 0.1430664 0.7446289 0.1473388 0.7412109 0.1430664 0.7446289 0.1295166 0.732666 0.1295166 0.732666 0.1430664 0.7446289 0.1256103 0.7370606 0.1295166 0.732666 0.1256103 0.7370606 0.1084594 0.7229004 0.1084594 0.7229004 0.1256103 0.7370606 0.1051635 0.7292481 0.1084594 0.7229004 0.1051635 0.7292481 0.09368896 0.7158203 0.223999 0.8701172 0.1834716 0.8465576 0.2025146 0.8208008 0.2025146 0.8208008 0.1834716 0.8465576 0.1791992 0.8073731 0.2025146 0.8208008 0.1791992 0.8073731 0.1925048 0.7891846 0.1925048 0.7891846 0.1791992 0.8073731 0.1713867 0.7764893 0.1925048 0.7891846 0.1713867 0.7764893 0.1807861 0.7614746 0.1807861 0.7614746 0.1713867 0.7764893 0.15625 0.7658692 0.1807861 0.7614746 0.15625 0.7658692 0.1663818 0.7451172 0.1807861 0.7614746 0.1663818 0.7451172 0.1862792 0.7382813 0.1862792 0.7382813 0.1663818 0.7451172 0.1706542 0.7353516 0.3056641 0.9098511 0.3010254 0.9498291 0.2573242 0.9313965 0.3056641 0.9098511 0.2573242 0.9313965 0.267334 0.8934326 0.267334 0.8934326 0.2573242 0.9313965 0.2092285 0.9082642 0.267334 0.8934326 0.2092285 0.9082642 0.223999 0.8701172 0.223999 0.8701172 0.2092285 0.9082642 0.1606445 0.8792114 0.223999 0.8701172 0.1606445 0.8792114 0.1834716 0.8465576 0.1834716 0.8465576 0.1606445 0.8792114 0.1606445 0.8314209 0.1834716 0.8465576 0.1606445 0.8314209 0.1791992 0.8073731 0.1791992 0.8073731 0.1606445 0.8314209 0.1572265 0.7952881 0.1791992 0.8073731 0.1572265 0.7952881 0.1713867 0.7764893 0.1713867 0.7764893 0.1572265 0.7952881 0.1416015 0.7762451 0.1713867 0.7764893 0.1416015 0.7762451 0.15625 0.7658692 0.15625 0.7658692 0.1416015 0.7762451 0.1287841 0.7650147 0.1287841 0.7650147 0.1416015 0.7762451 0.1081542 0.7781983 0.1287841 0.7650147 0.1081542 0.7781983 0.1016845 0.7674561 0.1016845 0.7674561 0.1081542 0.7781983 0.08374023 0.7880859 0.1016845 0.7674561 0.08374023 0.7880859 0.07543945 0.7736817 0.07543945 0.7736817 0.08374023 0.7880859 0.06005859 0.8027344 0.07543945 0.7736817 0.06005859 0.8027344 0.04971313 0.7896729 0.1606445 0.8792114 0.1357421 0.862793 0.1606445 0.8314209 0.1606445 0.8314209 0.1357421 0.862793 0.1403807 0.8161621 0.1606445 0.8314209 0.1403807 0.8161621 0.1572265 0.7952881 0.1572265 0.7952881 0.1403807 0.8161621 0.1416015 0.7762451 0.1416015 0.7762451 0.1403807 0.8161621 0.1156005 0.7896729 0.1416015 0.7762451 0.1156005 0.7896729 0.1081542 0.7781983 0.1081542 0.7781983 0.1156005 0.7896729 0.09368896 0.8028565 0.1081542 0.7781983 0.09368896 0.8028565 0.08374023 0.7880859 0.08374023 0.7880859 0.09368896 0.8028565 0.07208251 0.8184815 0.08374023 0.7880859 0.07208251 0.8184815 0.06005859 0.8027344 0.1159667 0.8468018 0.07208251 0.8184815 0.09368896 0.8028565 0.1159667 0.8468018 0.09368896 0.8028565 0.1403807 0.8161621 0.1403807 0.8161621 0.09368896 0.8028565 0.1156005 0.7896729 0.1357421 0.862793 0.1159667 0.8468018 0.1403807 0.8161621 0.3010254 0.9498291 0.3508301 0.9868775 0.2971192 0.9817658 0.3010254 0.9498291 0.2971192 0.9817658 0.2573242 0.9313965 0.2573242 0.9313965 0.2971192 0.9817658 0.2471923 0.9723511 0.2573242 0.9313965 0.2471923 0.9723511 0.2092285 0.9082642 0.2092285 0.9082642 0.2471923 0.9723511 0.1887207 0.9521484 0.2092285 0.9082642 0.1887207 0.9521484 0.1606445 0.8792114 0.1606445 0.8792114 0.1887207 0.9521484 0.1279296 0.9182129 0.1606445 0.8792114 0.1279296 0.9182129 0.1357421 0.862793 0.1357421 0.862793 0.1279296 0.9182129 0.1022338 0.9002686 0.1357421 0.862793 0.1022338 0.9002686 0.1159667 0.8468018 0.1159667 0.8468018 0.1022338 0.9002686 0.08013916 0.8827515 0.1159667 0.8468018 0.08013916 0.8827515 0.07208251 0.8184815 0.07208251 0.8184815 0.08013916 0.8827515 0.04333496 0.8395996 0.07208251 0.8184815 0.04333496 0.8395996 0.06005859 0.8027344 0.06005859 0.8027344 0.04333496 0.8395996 0.03149414 0.8199463 0.06005859 0.8027344 0.03149414 0.8199463 0.04971313 0.7896729 0.04971313 0.7896729 0.03149414 0.8199463 0.02479553 0.8096924 0.04971313 0.7896729 0.02479553 0.8096924 0.01638787 0.796875 0.04971313 0.7896729 0.01638787 0.796875 0.04092407 0.777832 0.04971313 0.7896729 0.04092407 0.777832 0.06665039 0.7644043 0.04971313 0.7896729 0.06665039 0.7644043 0.07543945 0.7736817 0.07543945 0.7736817 0.06665039 0.7644043 0.07537841 0.7615967 0.07543945 0.7736817 0.07537841 0.7615967 0.08496093 0.7585449 0.07543945 0.7736817 0.08496093 0.7585449 0.1016845 0.7674561 0.1016845 0.7674561 0.08496093 0.7585449 0.09747314 0.7563477 0.1016845 0.7674561 0.09747314 0.7563477 0.1142578 0.7550049 0.1016845 0.7674561 0.1142578 0.7550049 0.1287841 0.7650147 0.1287841 0.7650147 0.1142578 0.7550049 0.1269531 0.753418 0.1287841 0.7650147 0.1269531 0.753418 0.1447753 0.7508545 0.1287841 0.7650147 0.1447753 0.7508545 0.15625 0.7658692 0.15625 0.7658692 0.1447753 0.7508545 0.1513671 0.7487793 0.15625 0.7658692 0.1513671 0.7487793 0.1663818 0.7451172 0.1663818 0.7451172 0.1513671 0.7487793 0.152832 0.7458496 0.644043 0.817627 0.6577149 0.8343506 0.6298828 0.840332 0.644043 0.817627 0.6298828 0.840332 0.6279297 0.8087158 0.6279297 0.8087158 0.6298828 0.840332 0.6142578 0.8183594 0.6142578 0.8183594 0.6298828 0.840332 0.6054688 0.835083 0.6704102 0.5991211 0.6889649 0.5917969 0.6826172 0.5761719 0.6445313 0.5817871 0.6225586 0.5913086 0.6420899 0.5991211 0.6445313 0.5817871 0.6420899 0.5991211 0.6704102 0.5991211 0.6445313 0.5817871 0.6704102 0.5991211 0.6674805 0.5820313 0.6674805 0.5820313 0.6704102 0.5991211 0.6826172 0.5761719 0.6674805 0.5820313 0.6826172 0.5761719 0.6567383 0.5456543 0.6674805 0.5820313 0.6567383 0.5456543 0.6445313 0.5817871 0.6445313 0.5817871 0.6567383 0.5456543 0.6298828 0.5756836 0.6445313 0.5817871 0.6298828 0.5756836 0.6225586 0.5913086 0.5673828 0.7745361 0.5546875 0.7928467 0.5805664 0.8005371 0.5673828 0.7745361 0.5805664 0.8005371 0.5795899 0.7648926 0.5795899 0.7648926 0.5805664 0.8005371 0.5942383 0.774292 0.5942383 0.774292 0.5805664 0.8005371 0.6079102 0.793335 0.9301758 0.5964356 0.9472656 0.5554199 0.9589844 0.5949707 0.8657227 0.5964356 0.8984375 0.5612793 0.8979492 0.5964356 0.8979492 0.5964356 0.8984375 0.5612793 0.9301758 0.5964356 0.9301758 0.5964356 0.8984375 0.5612793 0.9472656 0.5554199 0.9472656 0.5554199 0.8984375 0.5612793 0.9355469 0.5061035 0.9355469 0.5061035 0.8984375 0.5612793 0.8974609 0.5068359 0.8974609 0.5068359 0.8984375 0.5612793 0.8505859 0.5556641 0.8974609 0.5068359 0.8505859 0.5556641 0.8632813 0.5053711 0.8974609 0.5068359 0.8632813 0.5053711 0.8759766 0.4833984 0.8505859 0.5556641 0.8984375 0.5612793 0.8657227 0.5964356 0.8505859 0.5556641 0.8657227 0.5964356 0.8339844 0.5925293 0.8339844 0.5925293 0.8027344 0.5883789 0.8242188 0.5527344 0.8339844 0.5925293 0.8242188 0.5527344 0.8505859 0.5556641 0.8505859 0.5556641 0.8242188 0.5527344 0.8354492 0.5041504 0.8505859 0.5556641 0.8354492 0.5041504 0.8632813 0.5053711 0.8632813 0.5053711 0.8354492 0.5041504 0.8613281 0.4672852 0.8632813 0.5053711 0.8613281 0.4672852 0.8759766 0.4833984 0.8759766 0.4833984 0.8613281 0.4672852 0.8969727 0.4682617 0.8759766 0.4833984 0.8969727 0.4682617 0.8974609 0.5068359 0.8974609 0.5068359 0.8969727 0.4682617 0.9228516 0.4819336 0.8974609 0.5068359 0.9228516 0.4819336 0.9355469 0.5061035 0.9355469 0.5061035 0.9228516 0.4819336 0.940918 0.4638672 0.9355469 0.5061035 0.940918 0.4638672 0.9628906 0.5058594 0.9355469 0.5061035 0.9628906 0.5058594 0.9472656 0.5554199 0.9472656 0.5554199 0.9628906 0.5058594 0.9697266 0.5527344 0.9472656 0.5554199 0.9697266 0.5527344 0.9589844 0.5949707 0.9589844 0.5949707 0.9697266 0.5527344 0.9882813 0.59375 0.940918 0.4638672 0.9228516 0.4819336 0.8969727 0.4443359 0.8969727 0.4443359 0.9228516 0.4819336 0.8969727 0.4682617 0.8969727 0.4443359 0.8969727 0.4682617 0.8613281 0.4672852 0.5258789 0.6208496 0.5258789 0.6401367 0.5512695 0.6306152 0.5263672 0.6015625 0.5258789 0.6208496 0.5512695 0.611084 0.5512695 0.611084 0.5258789 0.6208496 0.5512695 0.6306152 0.5512695 0.611084 0.5512695 0.6306152 0.5771484 0.6206055 0.6181641 0.692627 0.5996094 0.673584 0.5952149 0.717041 0.5522461 0.7138672 0.5727539 0.7416992 0.5600586 0.7077637 0.5522461 0.7138672 0.5600586 0.7077637 0.5473633 0.6738281 0.5473633 0.6738281 0.5600586 0.7077637 0.5727539 0.7028809 0.5473633 0.6738281 0.5727539 0.7028809 0.5732422 0.6640625 0.5732422 0.6640625 0.5727539 0.7028809 0.5996094 0.673584 0.5996094 0.673584 0.5727539 0.7028809 0.5859375 0.7075195 0.5996094 0.673584 0.5859375 0.7075195 0.5952149 0.717041 0.5952149 0.717041 0.5859375 0.7075195 0.5727539 0.7416992 0.5727539 0.7416992 0.5859375 0.7075195 0.5727539 0.7028809 0.5727539 0.7416992 0.5727539 0.7028809 0.5600586 0.7077637 0.5322266 0.6862793 0.5522461 0.7138672 0.5473633 0.6738281 0.5258789 0.6401367 0.5541992 0.6303711 0.5258789 0.6208496 0.5263672 0.6015625 0.5258789 0.6208496 0.5541992 0.611084 0.5541992 0.611084 0.5258789 0.6208496 0.5541992 0.6303711 0.5541992 0.611084 0.5541992 0.6303711 0.5800781 0.6206055 0.8295899 0.3300781 0.7895508 0.3696289 0.8295899 0.3696289 0.7700195 0.3696289 0.7700195 0.4140625 0.7895508 0.3696289 0.7895508 0.3696289 0.7700195 0.4140625 0.7890625 0.4140625 0.7895508 0.3696289 0.7890625 0.4140625 0.8295899 0.3696289 0.8295899 0.3696289 0.7890625 0.4140625 0.8295899 0.4140625 0.7578125 0.4140625 0.7700195 0.4140625 0.7578125 0.3696289 0.7578125 0.3696289 0.7700195 0.4140625 0.7700195 0.3696289 0.7578125 0.3696289 0.7700195 0.3696289 0.7578125 0.3300781 0.7578125 0.3300781 0.7700195 0.3696289 0.7700195 0.3300781 0.7700195 0.3300781 0.7700195 0.3696289 0.7895508 0.3696289 0.7700195 0.3300781 0.7895508 0.3696289 0.7910156 0.3300781 0.7910156 0.3300781 0.7895508 0.3696289 0.8295899 0.3300781 0.7910156 0.3300781 0.8295899 0.3300781 0.7895508 0.2836914 0.7895508 0.2836914 0.8295899 0.3300781 0.8295899 0.2836914 0.7895508 0.2836914 0.8295899 0.2836914 0.7880859 0.2509766 0.7880859 0.2509766 0.8295899 0.2836914 0.8295899 0.2509766 0.7895508 0.2836914 0.7880859 0.2509766 0.7700195 0.2509766 0.7895508 0.2836914 0.7700195 0.2509766 0.7700195 0.2836914 0.7700195 0.2836914 0.7700195 0.2509766 0.7578125 0.2836914 0.7700195 0.2836914 0.7578125 0.2836914 0.7578125 0.3300781 0.7700195 0.2836914 0.7578125 0.3300781 0.7700195 0.3300781 0.7700195 0.2836914 0.7700195 0.3300781 0.7895508 0.2836914 0.7895508 0.2836914 0.7700195 0.3300781 0.7910156 0.3300781 0.7578125 0.2836914 0.7700195 0.2509766 0.7578125 0.2509766 0.6142578 0.8183594 0.6054688 0.835083 0.6298828 0.840332 0.6142578 0.8183594 0.6298828 0.840332 0.6279297 0.8087158 0.6279297 0.8087158 0.6298828 0.840332 0.644043 0.817627 0.644043 0.817627 0.6298828 0.840332 0.6577149 0.8343506 0.9243164 0.28125 0.9335938 0.2919922 0.9047852 0.2905274 0.9125977 0.262207 0.9399414 0.2543945 0.9428711 0.2739258 0.9428711 0.2739258 0.9399414 0.2543945 0.980957 0.2602539 0.9428711 0.2739258 0.980957 0.2602539 0.9511719 0.3071289 0.9511719 0.3071289 0.980957 0.2602539 0.980957 0.296875 0.9511719 0.3071289 0.980957 0.296875 0.980957 0.3232422 0.9511719 0.3071289 0.980957 0.3232422 0.9560547 0.3393555 0.9511719 0.3071289 0.9560547 0.3393555 0.9370117 0.3530274 0.9370117 0.3530274 0.9560547 0.3393555 0.9667969 0.3603516 0.9370117 0.3530274 0.9667969 0.3603516 0.9594727 0.3740234 0.9594727 0.3740234 0.9667969 0.3603516 0.980957 0.3857422 0.9594727 0.3740234 0.980957 0.3857422 0.980957 0.4067383 0.9594727 0.3740234 0.980957 0.4067383 0.9458009 0.3930664 0.9458009 0.3930664 0.980957 0.4067383 0.9326172 0.409668 0.9458009 0.3930664 0.9326172 0.409668 0.8959961 0.3730469 0.9458009 0.3930664 0.8959961 0.3730469 0.9135742 0.3632813 0.9135742 0.3632813 0.8959961 0.3730469 0.8769531 0.3422852 0.9135742 0.3632813 0.8769531 0.3422852 0.8920899 0.3276367 0.8920899 0.3276367 0.8769531 0.3422852 0.8598633 0.3139649 0.8920899 0.3276367 0.8598633 0.3139649 0.878418 0.3046875 0.8920899 0.3276367 0.878418 0.3046875 0.9047852 0.2905274 0.8920899 0.3276367 0.9047852 0.2905274 0.9228516 0.3188477 0.9228516 0.3188477 0.9047852 0.2905274 0.9335938 0.2919922 0.9228516 0.3188477 0.9335938 0.2919922 0.9511719 0.3071289 0.9511719 0.3071289 0.9335938 0.2919922 0.9428711 0.2739258 0.9428711 0.2739258 0.9335938 0.2919922 0.9243164 0.28125 0.9428711 0.2739258 0.9243164 0.28125 0.9125977 0.262207 0.9135742 0.3632813 0.8920899 0.3276367 0.9228516 0.3188477 0.9594727 0.3740234 0.9458009 0.3930664 0.9370117 0.3530274 0.9370117 0.3530274 0.9458009 0.3930664 0.9135742 0.3632813 0.9370117 0.3530274 0.9135742 0.3632813 0.9228516 0.3188477 0.9370117 0.3530274 0.9228516 0.3188477 0.9511719 0.3071289 0.9326172 0.409668 0.980957 0.4067383 0.9814453 0.4306641 0.980957 0.2436523 0.980957 0.2602539 0.9399414 0.2543945 0.980957 0.3857422 0.9667969 0.3603516 0.980957 0.3701172 0.5942383 0.774292 0.6079102 0.793335 0.5805664 0.8005371 0.5942383 0.774292 0.5805664 0.8005371 0.5795899 0.7648926 0.5795899 0.7648926 0.5805664 0.8005371 0.5673828 0.7745361 0.5673828 0.7745361 0.5805664 0.8005371 0.5546875 0.7928467 0.9052734 0.2900391 0.9335938 0.2919922 0.9243164 0.28125 0.9399414 0.2543945 0.9130859 0.262207 0.9428711 0.2739258 0.9399414 0.2543945 0.9428711 0.2739258 0.980957 0.2597656 0.980957 0.2597656 0.9428711 0.2739258 0.9511719 0.3071289 0.980957 0.2597656 0.9511719 0.3071289 0.980957 0.2963867 0.980957 0.2963867 0.9511719 0.3071289 0.980957 0.3227539 0.980957 0.3227539 0.9511719 0.3071289 0.956543 0.3393555 0.956543 0.3393555 0.9511719 0.3071289 0.9365234 0.355957 0.956543 0.3393555 0.9365234 0.355957 0.9667969 0.3598633 0.9667969 0.3598633 0.9365234 0.355957 0.9599609 0.3745117 0.9667969 0.3598633 0.9599609 0.3745117 0.980957 0.3701172 0.980957 0.3701172 0.9599609 0.3745117 0.980957 0.3857422 0.980957 0.3857422 0.9599609 0.3745117 0.980957 0.4057617 0.980957 0.4057617 0.9599609 0.3745117 0.9472656 0.3925781 0.980957 0.4057617 0.9472656 0.3925781 0.9326172 0.409668 0.9326172 0.409668 0.9472656 0.3925781 0.8959961 0.3730469 0.8959961 0.3730469 0.9472656 0.3925781 0.9135742 0.3662109 0.8959961 0.3730469 0.9135742 0.3662109 0.8769531 0.3422852 0.8769531 0.3422852 0.9135742 0.3662109 0.8945313 0.3291016 0.8769531 0.3422852 0.8945313 0.3291016 0.8598633 0.3134766 0.8598633 0.3134766 0.8945313 0.3291016 0.8789063 0.3046875 0.8789063 0.3046875 0.8945313 0.3291016 0.9052734 0.2900391 0.9052734 0.2900391 0.8945313 0.3291016 0.9233399 0.3168945 0.9052734 0.2900391 0.9233399 0.3168945 0.9335938 0.2919922 0.9335938 0.2919922 0.9233399 0.3168945 0.9511719 0.3071289 0.9335938 0.2919922 0.9511719 0.3071289 0.9428711 0.2739258 0.9335938 0.2919922 0.9428711 0.2739258 0.9243164 0.28125 0.9243164 0.28125 0.9428711 0.2739258 0.9130859 0.262207 0.8945313 0.3291016 0.9135742 0.3662109 0.9233399 0.3168945 0.9233399 0.3168945 0.9135742 0.3662109 0.9365234 0.355957 0.9233399 0.3168945 0.9365234 0.355957 0.9511719 0.3071289 0.9365234 0.355957 0.9135742 0.3662109 0.9472656 0.3925781 0.9365234 0.355957 0.9472656 0.3925781 0.9599609 0.3745117 0.9814453 0.4296875 0.980957 0.4057617 0.9326172 0.409668 0.9399414 0.2543945 0.980957 0.2597656 0.980957 0.243164 0.7890625 0.2836914 0.7700195 0.2836914 0.7700195 0.3300781 0.7890625 0.2836914 0.7700195 0.3300781 0.7880859 0.3300781 0.7880859 0.3300781 0.7700195 0.3300781 0.7880859 0.3696289 0.7880859 0.3696289 0.7700195 0.3300781 0.7700195 0.3696289 0.7578125 0.2836914 0.7700195 0.2836914 0.7700195 0.2509766 0.7700195 0.2509766 0.7700195 0.2836914 0.7890625 0.2836914 0.7700195 0.2509766 0.7890625 0.2836914 0.7915039 0.2509766 0.7915039 0.2509766 0.7890625 0.2836914 0.8295899 0.2509766 0.8295899 0.2509766 0.7890625 0.2836914 0.8295899 0.2836914 0.8295899 0.2836914 0.7890625 0.2836914 0.7880859 0.3300781 0.8295899 0.2836914 0.7880859 0.3300781 0.8295899 0.3300781 0.8295899 0.3300781 0.7880859 0.3300781 0.8295899 0.3696289 0.8295899 0.3696289 0.7880859 0.3300781 0.7880859 0.3696289 0.8295899 0.3696289 0.7880859 0.3696289 0.7875977 0.4140625 0.7875977 0.4140625 0.7880859 0.3696289 0.7700195 0.4140625 0.7700195 0.4140625 0.7880859 0.3696289 0.7700195 0.3696289 0.7700195 0.4140625 0.7700195 0.3696289 0.7578125 0.3696289 0.7578125 0.3696289 0.7700195 0.3696289 0.7700195 0.3300781 0.7578125 0.3696289 0.7700195 0.3300781 0.7578125 0.3300781 0.7578125 0.3300781 0.7700195 0.3300781 0.7700195 0.2836914 0.7578125 0.3300781 0.7700195 0.2836914 0.7578125 0.2836914 0.7578125 0.2836914 0.7700195 0.2509766 0.7578125 0.2509766 0.7578125 0.4140625 0.7700195 0.4140625 0.7578125 0.3696289 0.8295899 0.3696289 0.7875977 0.4140625 0.8295899 0.4140625 0.2976074 0.8029785 0.2849121 0.8278809 0.3347168 0.8273926 0.1925048 0.7891846 0.1791992 0.8073731 0.2025146 0.8208008 0.1925048 0.7891846 0.2025146 0.8208008 0.2149658 0.8006592 0.2149658 0.8006592 0.2025146 0.8208008 0.2358398 0.8372803 0.2149658 0.8006592 0.2358398 0.8372803 0.2447509 0.8122559 0.2447509 0.8122559 0.2358398 0.8372803 0.2849121 0.8278809 0.2447509 0.8122559 0.2849121 0.8278809 0.2792969 0.8035889 0.2792969 0.8035889 0.2849121 0.8278809 0.2976074 0.8029785 0.2792969 0.8035889 0.2976074 0.8029785 0.2790527 0.7911377 0.2790527 0.7911377 0.2976074 0.8029785 0.2790527 0.7781983 0.2792969 0.8035889 0.2467041 0.8024902 0.2447509 0.8122559 0.2447509 0.8122559 0.2467041 0.8024902 0.2243652 0.7893067 0.2447509 0.8122559 0.2243652 0.7893067 0.2149658 0.8006592 0.2149658 0.8006592 0.2243652 0.7893067 0.2010498 0.7757568 0.2149658 0.8006592 0.2010498 0.7757568 0.1925048 0.7891846 0.2243652 0.7893067 0.2226562 0.7786865 0.2010498 0.7757568 0.04971313 0.7896729 0.06005859 0.8027344 0.07543945 0.7736817 0.07543945 0.7736817 0.06005859 0.8027344 0.08374023 0.7880859 0.07543945 0.7736817 0.08374023 0.7880859 0.1016845 0.7674561 0.1016845 0.7674561 0.08374023 0.7880859 0.1081542 0.7781983 0.1016845 0.7674561 0.1081542 0.7781983 0.1287841 0.7650147 0.1287841 0.7650147 0.1081542 0.7781983 0.1416015 0.7762451 0.1287841 0.7650147 0.1416015 0.7762451 0.15625 0.7658692 0.15625 0.7658692 0.1416015 0.7762451 0.1713867 0.7764893 0.1713867 0.7764893 0.1416015 0.7762451 0.1572265 0.7952881 0.1713867 0.7764893 0.1572265 0.7952881 0.1791992 0.8073731 0.1713867 0.7764893 0.1791992 0.8073731 0.1925048 0.7891846 0.1713867 0.7764893 0.1925048 0.7891846 0.1807861 0.7614746 0.1807861 0.7614746 0.1925048 0.7891846 0.2010498 0.7757568 0.1807861 0.7614746 0.2010498 0.7757568 0.2054443 0.7613525 0.2054443 0.7613525 0.2010498 0.7757568 0.2226562 0.7786865 0.2054443 0.7613525 0.2226562 0.7786865 0.2139891 0.7399902 0.2139891 0.7399902 0.2226562 0.7786865 0.2370605 0.7606201 0.2139891 0.7399902 0.2370605 0.7606201 0.2468261 0.7304688 0.2139891 0.7399902 0.2468261 0.7304688 0.2192382 0.7126465 0.2192382 0.7126465 0.2468261 0.7304688 0.2558594 0.7045899 0.2192382 0.7126465 0.2558594 0.7045899 0.2254638 0.6894531 0.2254638 0.6894531 0.2558594 0.7045899 0.2651367 0.6689453 0.2254638 0.6894531 0.2651367 0.6689453 0.2298583 0.6547852 0.2298583 0.6547852 0.2651367 0.6689453 0.2714844 0.6394043 0.2298583 0.6547852 0.2714844 0.6394043 0.2305908 0.6271973 0.2305908 0.6271973 0.2714844 0.6394043 0.2800293 0.6008301 0.2305908 0.6271973 0.2800293 0.6008301 0.2333984 0.5876465 0.2305908 0.6271973 0.2333984 0.5876465 0.19458 0.6157227 0.2305908 0.6271973 0.19458 0.6157227 0.1961669 0.6430664 0.1961669 0.6430664 0.19458 0.6157227 0.1705322 0.630127 0.1961669 0.6430664 0.1705322 0.630127 0.1728515 0.6557617 0.1728515 0.6557617 0.1705322 0.630127 0.1529541 0.6357422 0.2607422 0.7615967 0.2468261 0.7304688 0.2370605 0.7606201 0.15625 0.7658692 0.1713867 0.7764893 0.1807861 0.7614746 0.15625 0.7658692 0.1807861 0.7614746 0.1663818 0.7451172 0.1663818 0.7451172 0.1807861 0.7614746 0.1862792 0.7382813 0.1862792 0.7382813 0.1807861 0.7614746 0.2054443 0.7613525 0.1862792 0.7382813 0.2054443 0.7613525 0.2139891 0.7399902 0.1862792 0.7382813 0.2139891 0.7399902 0.19104 0.7165527 0.19104 0.7165527 0.2139891 0.7399902 0.2192382 0.7126465 0.19104 0.7165527 0.2192382 0.7126465 0.1968994 0.7011719 0.1968994 0.7011719 0.2192382 0.7126465 0.2254638 0.6894531 0.1968994 0.7011719 0.2254638 0.6894531 0.197998 0.6801758 0.197998 0.6801758 0.2254638 0.6894531 0.2298583 0.6547852 0.1572265 0.7294922 0.1539306 0.7424317 0.1663818 0.7451172 0.1572265 0.7294922 0.1663818 0.7451172 0.1706542 0.7353516 0.1706542 0.7353516 0.1663818 0.7451172 0.1862792 0.7382813 0.1706542 0.7353516 0.1862792 0.7382813 0.1734619 0.7194824 0.1734619 0.7194824 0.1862792 0.7382813 0.19104 0.7165527 0.1734619 0.7194824 0.19104 0.7165527 0.1765136 0.704834 0.1765136 0.704834 0.19104 0.7165527 0.1968994 0.7011719 0.1765136 0.704834 0.1968994 0.7011719 0.1805419 0.6965332 0.1805419 0.6965332 0.1968994 0.7011719 0.1802978 0.6794434 0.1802978 0.6794434 0.1968994 0.7011719 0.197998 0.6801758 0.1802978 0.6794434 0.197998 0.6801758 0.1728515 0.6557617 0.1728515 0.6557617 0.197998 0.6801758 0.1961669 0.6430664 0.1961669 0.6430664 0.197998 0.6801758 0.2298583 0.6547852 0.1961669 0.6430664 0.2298583 0.6547852 0.2305908 0.6271973 0.1572265 0.7294922 0.1706542 0.7353516 0.1734619 0.7194824 0.1572265 0.7294922 0.1734619 0.7194824 0.16333 0.7109375 0.16333 0.7109375 0.1734619 0.7194824 0.1765136 0.704834 0.16333 0.7109375 0.1451416 0.7070313 0.1572265 0.7294922 0.1705322 0.630127 0.1519775 0.6252442 0.1529541 0.6357422 0.1529541 0.6357422 0.1519775 0.6252442 0.1329345 0.6252442 0.1115112 0.6247559 0.1200561 0.6350098 0.1329345 0.6252442 0.1115112 0.6247559 0.1329345 0.6252442 0.1279296 0.6137695 0.1279296 0.6137695 0.1329345 0.6252442 0.1483154 0.6069336 0.1483154 0.6069336 0.1329345 0.6252442 0.1519775 0.6252442 0.1483154 0.6069336 0.1519775 0.6252442 0.1682128 0.6079102 0.1682128 0.6079102 0.1519775 0.6252442 0.1705322 0.630127 0.1682128 0.6079102 0.1705322 0.630127 0.19458 0.6157227 0.1121826 0.6511231 0.1200561 0.6350098 0.09259033 0.6428223 0.09259033 0.6428223 0.1200561 0.6350098 0.1115112 0.6247559 0.09259033 0.6428223 0.1115112 0.6247559 0.07519531 0.6196289 0.07519531 0.6196289 0.1115112 0.6247559 0.09539794 0.6044922 0.09539794 0.6044922 0.1115112 0.6247559 0.1155395 0.5913086 0.1155395 0.5913086 0.1115112 0.6247559 0.1279296 0.6137695 0.1155395 0.5913086 0.1279296 0.6137695 0.1400146 0.5820313 0.1400146 0.5820313 0.1279296 0.6137695 0.1483154 0.6069336 0.1400146 0.5820313 0.1483154 0.6069336 0.1647949 0.5754395 0.1647949 0.5754395 0.1483154 0.6069336 0.1682128 0.6079102 0.1647949 0.5754395 0.1682128 0.6079102 0.1890869 0.5734863 0.1890869 0.5734863 0.1682128 0.6079102 0.19458 0.6157227 0.1890869 0.5734863 0.19458 0.6157227 0.2333984 0.5876465 0.09259033 0.6428223 0.1116943 0.668457 0.1121826 0.6511231 0.5336914 0.9375 0.5820313 0.9506226 0.5415039 0.9180908 0.5336914 0.9375 0.5415039 0.9180908 0.4995117 0.9274292 0.4995117 0.9274292 0.5415039 0.9180908 0.5063477 0.9048462 0.4995117 0.9274292 0.5063477 0.9048462 0.4660645 0.9216309 0.4660645 0.9216309 0.5063477 0.9048462 0.4750977 0.8942261 0.4660645 0.9216309 0.4750977 0.8942261 0.4511719 0.9089966 0.4511719 0.9089966 0.4750977 0.8942261 0.451416 0.8811035 0.4511719 0.9089966 0.451416 0.8811035 0.4304199 0.9005127 0.4304199 0.9005127 0.451416 0.8811035 0.4172363 0.8658447 0.4304199 0.9005127 0.4172363 0.8658447 0.4086914 0.8908081 0.4086914 0.8908081 0.4172363 0.8658447 0.3806152 0.8516846 0.4086914 0.8908081 0.3806152 0.8516846 0.3718262 0.87677 0.3718262 0.87677 0.3806152 0.8516846 0.3347168 0.8273926 0.3718262 0.87677 0.3347168 0.8273926 0.3249512 0.8503418 0.3249512 0.8503418 0.3347168 0.8273926 0.2849121 0.8278809 0.3249512 0.8503418 0.2849121 0.8278809 0.2766113 0.8564453 0.2766113 0.8564453 0.2849121 0.8278809 0.2358398 0.8372803 0.2766113 0.8564453 0.2358398 0.8372803 0.223999 0.8701172 0.223999 0.8701172 0.2358398 0.8372803 0.2025146 0.8208008 0.223999 0.8701172 0.2025146 0.8208008 0.1834716 0.8465576 0.1834716 0.8465576 0.2025146 0.8208008 0.1791992 0.8073731 0.1834716 0.8465576 0.1791992 0.8073731 0.1606445 0.8314209 0.1606445 0.8314209 0.1791992 0.8073731 0.1572265 0.7952881 0.1606445 0.8314209 0.1572265 0.7952881 0.1403807 0.8161621 0.1403807 0.8161621 0.1572265 0.7952881 0.1416015 0.7762451 0.1403807 0.8161621 0.1416015 0.7762451 0.1156005 0.7896729 0.1156005 0.7896729 0.1416015 0.7762451 0.1081542 0.7781983 0.1156005 0.7896729 0.1081542 0.7781983 0.09368896 0.8028565 0.09368896 0.8028565 0.1081542 0.7781983 0.08374023 0.7880859 0.09368896 0.8028565 0.08374023 0.7880859 0.07208251 0.8184815 0.07208251 0.8184815 0.08374023 0.7880859 0.06005859 0.8027344 0.07208251 0.8184815 0.06005859 0.8027344 0.04333496 0.8395996 0.04333496 0.8395996 0.06005859 0.8027344 0.03149414 0.8199463 0.03149414 0.8199463 0.06005859 0.8027344 0.04971313 0.7896729 0.03149414 0.8199463 0.04971313 0.7896729 0.02479553 0.8096924 0.02479553 0.8096924 0.04971313 0.7896729 0.01638787 0.796875 0.01638787 0.796875 0.04971313 0.7896729 0.04092407 0.777832 0.04092407 0.777832 0.04971313 0.7896729 0.06665039 0.7644043 0.06665039 0.7644043 0.04971313 0.7896729 0.07543945 0.7736817 0.06665039 0.7644043 0.07543945 0.7736817 0.07537841 0.7615967 0.07537841 0.7615967 0.07543945 0.7736817 0.08496093 0.7585449 0.08496093 0.7585449 0.07543945 0.7736817 0.1016845 0.7674561 0.08496093 0.7585449 0.1016845 0.7674561 0.09747314 0.7563477 0.09747314 0.7563477 0.1016845 0.7674561 0.1142578 0.7550049 0.1142578 0.7550049 0.1016845 0.7674561 0.1287841 0.7650147 0.1142578 0.7550049 0.1287841 0.7650147 0.1269531 0.753418 0.1269531 0.753418 0.1287841 0.7650147 0.1447753 0.7508545 0.1447753 0.7508545 0.1287841 0.7650147 0.15625 0.7658692 0.1447753 0.7508545 0.15625 0.7658692 0.1513671 0.7487793 0.1513671 0.7487793 0.15625 0.7658692 0.1663818 0.7451172 0.1513671 0.7487793 0.1663818 0.7451172 0.152832 0.7458496 0.152832 0.7458496 0.1663818 0.7451172 0.1539306 0.7424317 0.152832 0.7458496 0.1539306 0.7424317 0.1473388 0.7412109 0.1473388 0.7412109 0.1539306 0.7424317 0.1572265 0.7294922 0.1473388 0.7412109 0.1572265 0.7294922 0.1384277 0.7211914 0.1384277 0.7211914 0.1572265 0.7294922 0.1451416 0.7070313 0.1384277 0.7211914 0.1451416 0.7070313 0.1160278 0.7038574 0.1160278 0.7038574 0.1451416 0.7070313 0.1245727 0.6914063 0.1160278 0.7038574 0.1245727 0.6914063 0.09863281 0.6835938 0.09863281 0.6835938 0.1245727 0.6914063 0.1116943 0.668457 0.09863281 0.6835938 0.1116943 0.668457 0.07769775 0.6611328 0.07769775 0.6611328 0.1116943 0.668457 0.09259033 0.6428223 0.07769775 0.6611328 0.09259033 0.6428223 0.05825799 0.6345215 0.05825799 0.6345215 0.09259033 0.6428223 0.07519531 0.6196289 0.05825799 0.6345215 0.07519531 0.6196289 0.04101562 0.612793 0.04101562 0.612793 0.07519531 0.6196289 0.05865478 0.5983887 0.05865478 0.5983887 0.07519531 0.6196289 0.07989501 0.5827637 0.07989501 0.5827637 0.07519531 0.6196289 0.09539794 0.6044922 0.07989501 0.5827637 0.09539794 0.6044922 0.1033325 0.5683594 0.1033325 0.5683594 0.09539794 0.6044922 0.1155395 0.5913086 0.1033325 0.5683594 0.1155395 0.5913086 0.1276855 0.5559082 0.1276855 0.5559082 0.1155395 0.5913086 0.1400146 0.5820313 0.1276855 0.5559082 0.1400146 0.5820313 0.1561279 0.5449219 0.1561279 0.5449219 0.1400146 0.5820313 0.1647949 0.5754395 0.1561279 0.5449219 0.1647949 0.5754395 0.1843261 0.5380859 0.1843261 0.5380859 0.1647949 0.5754395 0.1890869 0.5734863 0.1843261 0.5380859 0.1890869 0.5734863 0.2376708 0.5424805 0.2376708 0.5424805 0.1890869 0.5734863 0.2333984 0.5876465 0.2376708 0.5424805 0.2333984 0.5876465 0.2929688 0.5551758 0.2929688 0.5551758 0.2333984 0.5876465 0.2800293 0.6008301 0.2929688 0.5551758 0.2800293 0.6008301 0.3261719 0.6245117 0.3261719 0.6245117 0.2800293 0.6008301 0.2714844 0.6394043 0.3261719 0.6245117 0.2714844 0.6394043 0.3129883 0.6586914 0.3129883 0.6586914 0.2714844 0.6394043 0.2651367 0.6689453 0.3129883 0.6586914 0.2651367 0.6689453 0.3017578 0.690918 0.3017578 0.690918 0.2651367 0.6689453 0.2558594 0.7045899 0.3017578 0.690918 0.2558594 0.7045899 0.2900391 0.723877 0.2900391 0.723877 0.2558594 0.7045899 0.2468261 0.7304688 0.2900391 0.723877 0.2468261 0.7304688 0.2792969 0.7504883 0.2792969 0.7504883 0.2468261 0.7304688 0.2607422 0.7615967 0.2792969 0.7504883 0.2607422 0.7615967 0.2790527 0.7781983 0.2792969 0.7504883 0.2790527 0.7781983 0.3071289 0.7706299 0.3071289 0.7706299 0.2790527 0.7781983 0.2976074 0.8029785 0.3071289 0.7706299 0.2976074 0.8029785 0.3422852 0.8005371 0.3422852 0.8005371 0.2976074 0.8029785 0.3347168 0.8273926 0.3422852 0.8005371 0.3347168 0.8273926 0.3876953 0.8291016 0.3876953 0.8291016 0.3347168 0.8273926 0.3806152 0.8516846 0.3876953 0.8291016 0.3806152 0.8516846 0.4172363 0.8658447 0.3876953 0.8291016 0.4172363 0.8658447 0.4279785 0.8455811 0.4279785 0.8455811 0.4172363 0.8658447 0.451416 0.8811035 0.4279785 0.8455811 0.451416 0.8811035 0.4604492 0.8527832 0.4604492 0.8527832 0.451416 0.8811035 0.4750977 0.8942261 0.4604492 0.8527832 0.4750977 0.8942261 0.4870606 0.8742676 0.4870606 0.8742676 0.4750977 0.8942261 0.5063477 0.9048462 0.4870606 0.8742676 0.5063477 0.9048462 0.5151367 0.8884888 0.5151367 0.8884888 0.5063477 0.9048462 0.5415039 0.9180908 0.5151367 0.8884888 0.5415039 0.9180908 0.5512695 0.9043579 0.5512695 0.9043579 0.5415039 0.9180908 0.5864258 0.9391785 0.5512695 0.9043579 0.5864258 0.9391785 0.5917969 0.930542 0.5917969 0.930542 0.5864258 0.9391785 0.628418 0.9588318 0.5917969 0.930542 0.628418 0.9588318 0.6352539 0.9523621 0.6352539 0.9523621 0.628418 0.9588318 0.6411133 0.9659119 0.6411133 0.9659119 0.628418 0.9588318 0.6333008 0.9701996 0.6411133 0.9659119 0.6333008 0.9701996 0.6411133 0.9752808 0.6411133 0.9752808 0.6333008 0.9701996 0.6279297 0.97995 0.6279297 0.97995 0.6333008 0.9701996 0.6210938 0.9709931 0.6279297 0.97995 0.6210938 0.9709931 0.6191406 0.9796753 0.6191406 0.9796753 0.6210938 0.9709931 0.5791016 0.9659729 0.6191406 0.9796753 0.5791016 0.9659729 0.5771484 0.9787293 0.5771484 0.9787293 0.5791016 0.9659729 0.5249024 0.9715729 0.5771484 0.9787293 0.5249024 0.9715729 0.5205078 0.9823761 0.5205078 0.9823761 0.5249024 0.9715729 0.4897461 0.9800568 0.4897461 0.9800568 0.5249024 0.9715729 0.4926758 0.9642944 0.4897461 0.9800568 0.4926758 0.9642944 0.4636231 0.9780731 0.4636231 0.9780731 0.4926758 0.9642944 0.4636231 0.9632263 0.4636231 0.9780731 0.4636231 0.9632263 0.4394531 0.9832916 0.4394531 0.9832916 0.4636231 0.9632263 0.4360352 0.9649658 0.4394531 0.9832916 0.4360352 0.9649658 0.407959 0.9900818 0.407959 0.9900818 0.4360352 0.9649658 0.3991699 0.9640198 0.407959 0.9900818 0.3991699 0.9640198 0.3508301 0.9868775 0.3508301 0.9868775 0.3991699 0.9640198 0.3505859 0.9579163 0.3508301 0.9868775 0.3505859 0.9579163 0.3010254 0.9498291 0.3010254 0.9498291 0.3505859 0.9579163 0.3518067 0.9221802 0.3010254 0.9498291 0.3518067 0.9221802 0.3056641 0.9098511 0.3056641 0.9098511 0.3518067 0.9221802 0.315918 0.8757324 0.3056641 0.9098511 0.315918 0.8757324 0.267334 0.8934326 0.267334 0.8934326 0.315918 0.8757324 0.2766113 0.8564453 0.267334 0.8934326 0.2766113 0.8564453 0.223999 0.8701172 0.267334 0.8934326 0.223999 0.8701172 0.2092285 0.9082642 0.2092285 0.9082642 0.223999 0.8701172 0.1606445 0.8792114 0.2092285 0.9082642 0.1606445 0.8792114 0.1887207 0.9521484 0.1887207 0.9521484 0.1606445 0.8792114 0.1279296 0.9182129 0.1279296 0.9182129 0.1606445 0.8792114 0.1357421 0.862793 0.1279296 0.9182129 0.1357421 0.862793 0.1022338 0.9002686 0.1022338 0.9002686 0.1357421 0.862793 0.1159667 0.8468018 0.1022338 0.9002686 0.1159667 0.8468018 0.08013916 0.8827515 0.08013916 0.8827515 0.1159667 0.8468018 0.07208251 0.8184815 0.08013916 0.8827515 0.07208251 0.8184815 0.04333496 0.8395996 0.1159667 0.8468018 0.1357421 0.862793 0.1403807 0.8161621 0.1403807 0.8161621 0.1357421 0.862793 0.1606445 0.8314209 0.1606445 0.8314209 0.1357421 0.862793 0.1606445 0.8792114 0.1606445 0.8314209 0.1606445 0.8792114 0.1834716 0.8465576 0.1834716 0.8465576 0.1606445 0.8792114 0.223999 0.8701172 0.1403807 0.8161621 0.1156005 0.7896729 0.09368896 0.8028565 0.1403807 0.8161621 0.09368896 0.8028565 0.1159667 0.8468018 0.1159667 0.8468018 0.09368896 0.8028565 0.07208251 0.8184815 0.5512695 0.9043579 0.5263672 0.8724365 0.5151367 0.8884888 0.5249024 0.9715729 0.5791016 0.9659729 0.5288086 0.9553833 0.5249024 0.9715729 0.5288086 0.9553833 0.4926758 0.9642944 0.3718262 0.87677 0.3955078 0.9088135 0.4086914 0.8908081 0.4660645 0.9216309 0.4511719 0.9089966 0.4465332 0.9317017 0.3620606 0.8979492 0.315918 0.8757324 0.3518067 0.9221802 0.5415039 0.9180908 0.5820313 0.9506226 0.5864258 0.9391785 0.5864258 0.9391785 0.5820313 0.9506226 0.6235352 0.9675598 0.5864258 0.9391785 0.6235352 0.9675598 0.628418 0.9588318 0.628418 0.9588318 0.6235352 0.9675598 0.6333008 0.9701996 0.6333008 0.9701996 0.6235352 0.9675598 0.6210938 0.9709931 0.6210938 0.9709931 0.6235352 0.9675598 0.5820313 0.9506226 0.6210938 0.9709931 0.5820313 0.9506226 0.5791016 0.9659729 0.5791016 0.9659729 0.5820313 0.9506226 0.5336914 0.9375 0.5791016 0.9659729 0.5336914 0.9375 0.5288086 0.9553833 0.5288086 0.9553833 0.5336914 0.9375 0.4960938 0.9486694 0.5288086 0.9553833 0.4960938 0.9486694 0.4926758 0.9642944 0.4926758 0.9642944 0.4960938 0.9486694 0.4636231 0.9632263 0.4636231 0.9632263 0.4960938 0.9486694 0.4624024 0.9465332 0.4636231 0.9632263 0.4624024 0.9465332 0.4360352 0.9649658 0.4360352 0.9649658 0.4624024 0.9465332 0.4343262 0.9479675 0.4360352 0.9649658 0.4343262 0.9479675 0.4111328 0.9385681 0.4360352 0.9649658 0.4111328 0.9385681 0.3991699 0.9640198 0.3991699 0.9640198 0.4111328 0.9385681 0.390625 0.9302368 0.3991699 0.9640198 0.390625 0.9302368 0.3505859 0.9579163 0.3505859 0.9579163 0.390625 0.9302368 0.3518067 0.9221802 0.3518067 0.9221802 0.390625 0.9302368 0.3955078 0.9088135 0.3518067 0.9221802 0.3955078 0.9088135 0.3620606 0.8979492 0.3620606 0.8979492 0.3955078 0.9088135 0.3718262 0.87677 0.3620606 0.8979492 0.3718262 0.87677 0.315918 0.8757324 0.315918 0.8757324 0.3718262 0.87677 0.3249512 0.8503418 0.315918 0.8757324 0.3249512 0.8503418 0.2766113 0.8564453 0.4465332 0.9317017 0.4343262 0.9479675 0.4624024 0.9465332 0.4465332 0.9317017 0.4624024 0.9465332 0.4660645 0.9216309 0.4660645 0.9216309 0.4624024 0.9465332 0.4995117 0.9274292 0.4995117 0.9274292 0.4624024 0.9465332 0.4960938 0.9486694 0.4995117 0.9274292 0.4960938 0.9486694 0.5336914 0.9375 0.05825799 0.6345215 0.03900146 0.654541 0.07769775 0.6611328 0.07769775 0.6611328 0.03900146 0.654541 0.06097412 0.6811524 0.07769775 0.6611328 0.06097412 0.6811524 0.08874511 0.699707 0.07769775 0.6611328 0.08874511 0.699707 0.09863281 0.6835938 0.09863281 0.6835938 0.08874511 0.699707 0.09735107 0.7099609 0.09863281 0.6835938 0.09735107 0.7099609 0.1160278 0.7038574 0.4604492 0.8527832 0.4870606 0.8742676 0.5014649 0.8536377 0.5014649 0.8536377 0.4870606 0.8742676 0.5151367 0.8884888 0.5014649 0.8536377 0.5151367 0.8884888 0.5263672 0.8724365 0.5014649 0.8536377 0.5263672 0.8724365 0.5322266 0.8218994 0.5322266 0.8218994 0.5263672 0.8724365 0.5556641 0.8417969 0.5556641 0.8417969 0.5263672 0.8724365 0.5634766 0.8859253 0.5634766 0.8859253 0.5263672 0.8724365 0.5512695 0.9043579 0.5634766 0.8859253 0.5512695 0.9043579 0.5917969 0.930542 0.5634766 0.8859253 0.5917969 0.930542 0.6064453 0.9198608 0.6064453 0.9198608 0.5917969 0.930542 0.6352539 0.9523621 0.5556641 0.8417969 0.5634766 0.8859253 0.574707 0.8649902 0.574707 0.8649902 0.5634766 0.8859253 0.6064453 0.9198608 0.2971192 0.9817658 0.3508301 0.9868775 0.3010254 0.9498291 0.2971192 0.9817658 0.3010254 0.9498291 0.2573242 0.9313965 0.2573242 0.9313965 0.3010254 0.9498291 0.3056641 0.9098511 0.2573242 0.9313965 0.3056641 0.9098511 0.267334 0.8934326 0.2573242 0.9313965 0.267334 0.8934326 0.2092285 0.9082642 0.2573242 0.9313965 0.2092285 0.9082642 0.2471923 0.9723511 0.2471923 0.9723511 0.2092285 0.9082642 0.1887207 0.9521484 0.2971192 0.9817658 0.2573242 0.9313965 0.2471923 0.9723511 0.1430664 0.7446289 0.152832 0.7458496 0.1473388 0.7412109 0.1430664 0.7446289 0.1473388 0.7412109 0.1295166 0.732666 0.1295166 0.732666 0.1473388 0.7412109 0.1384277 0.7211914 0.1295166 0.732666 0.1384277 0.7211914 0.1084594 0.7229004 0.1084594 0.7229004 0.1384277 0.7211914 0.1160278 0.7038574 0.1084594 0.7229004 0.1160278 0.7038574 0.09735107 0.7099609 0.1084594 0.7229004 0.09735107 0.7099609 0.09368896 0.7158203 0.09368896 0.7158203 0.09735107 0.7099609 0.08874511 0.699707 0.09368896 0.7158203 0.08874511 0.699707 0.08618164 0.7067871 0.08618164 0.7067871 0.08874511 0.699707 0.06097412 0.6811524 0.08618164 0.7067871 0.06097412 0.6811524 0.05795288 0.6865234 0.05795288 0.6865234 0.06097412 0.6811524 0.03506463 0.659668 0.03506463 0.659668 0.06097412 0.6811524 0.03900146 0.654541 0.03506463 0.659668 0.03900146 0.654541 0.01712036 0.6462402 0.01712036 0.6462402 0.03900146 0.654541 0.01911926 0.6413574 0.01911926 0.6413574 0.03900146 0.654541 0.05825799 0.6345215 0.01911926 0.6413574 0.05825799 0.6345215 0.04101562 0.612793 0.1084594 0.7229004 0.09368896 0.7158203 0.1051635 0.7292481 0.1084594 0.7229004 0.1051635 0.7292481 0.1256103 0.7370606 0.1084594 0.7229004 0.1256103 0.7370606 0.1295166 0.732666 0.1295166 0.732666 0.1256103 0.7370606 0.1430664 0.7446289 0.3911133 0.6159668 0.4055176 0.6872559 0.4296875 0.657959 0.4296875 0.657959 0.4055176 0.6872559 0.4682617 0.7121582 0.4682617 0.7121582 0.4055176 0.6872559 0.4472656 0.7304688 0.4682617 0.7121582 0.4472656 0.7304688 0.5024414 0.7667236 0.5024414 0.7667236 0.4472656 0.7304688 0.4865723 0.7828369 0.5024414 0.7667236 0.4865723 0.7828369 0.5102539 0.777832 0.5102539 0.777832 0.4865723 0.7828369 0.4975586 0.7971192 0.5102539 0.777832 0.4975586 0.7971192 0.5322266 0.8218994 0.5322266 0.8218994 0.4975586 0.7971192 0.5014649 0.8536377 0.5014649 0.8536377 0.4975586 0.7971192 0.4724121 0.826294 0.5014649 0.8536377 0.4724121 0.826294 0.4604492 0.8527832 0.4604492 0.8527832 0.4724121 0.826294 0.4421387 0.8250733 0.4604492 0.8527832 0.4421387 0.8250733 0.4279785 0.8455811 0.4279785 0.8455811 0.4421387 0.8250733 0.3972168 0.8067627 0.4279785 0.8455811 0.3972168 0.8067627 0.3876953 0.8291016 0.3876953 0.8291016 0.3972168 0.8067627 0.3422852 0.8005371 0.3422852 0.8005371 0.3972168 0.8067627 0.3515625 0.772583 0.3422852 0.8005371 0.3515625 0.772583 0.3071289 0.7706299 0.3071289 0.7706299 0.3515625 0.772583 0.315918 0.7436524 0.3071289 0.7706299 0.315918 0.7436524 0.2792969 0.7504883 0.2792969 0.7504883 0.315918 0.7436524 0.2900391 0.723877 0.2900391 0.723877 0.315918 0.7436524 0.3310547 0.7160645 0.2900391 0.723877 0.3310547 0.7160645 0.3017578 0.690918 0.3017578 0.690918 0.3310547 0.7160645 0.3493652 0.6855469 0.3017578 0.690918 0.3493652 0.6855469 0.3129883 0.6586914 0.3129883 0.6586914 0.3493652 0.6855469 0.3674317 0.6520996 0.3129883 0.6586914 0.3674317 0.6520996 0.3261719 0.6245117 0.3261719 0.6245117 0.3674317 0.6520996 0.3432617 0.579834 0.3261719 0.6245117 0.3432617 0.579834 0.2929688 0.5551758 0.4472656 0.7304688 0.421875 0.7579346 0.4865723 0.7828369 0.3911133 0.6159668 0.3432617 0.579834 0.3674317 0.6520996 0.3911133 0.6159668 0.3674317 0.6520996 0.4055176 0.6872559 0.4055176 0.6872559 0.3674317 0.6520996 0.3493652 0.6855469 0.4055176 0.6872559 0.3493652 0.6855469 0.3852539 0.7160645 0.3852539 0.7160645 0.3493652 0.6855469 0.3310547 0.7160645 0.3852539 0.7160645 0.3310547 0.7160645 0.3642578 0.7453613 0.3642578 0.7453613 0.3310547 0.7160645 0.315918 0.7436524 0.3642578 0.7453613 0.315918 0.7436524 0.3515625 0.772583 0.3642578 0.7453613 0.3515625 0.772583 0.4064942 0.784668 0.4064942 0.784668 0.3515625 0.772583 0.3972168 0.8067627 0.4064942 0.784668 0.3972168 0.8067627 0.4421387 0.8250733 0.4064942 0.784668 0.4421387 0.8250733 0.4584961 0.8096924 0.4584961 0.8096924 0.4421387 0.8250733 0.4724121 0.826294 0.4584961 0.8096924 0.4724121 0.826294 0.4865723 0.7828369 0.4865723 0.7828369 0.4724121 0.826294 0.4975586 0.7971192 0.4865723 0.7828369 0.421875 0.7579346 0.4584961 0.8096924 0.4584961 0.8096924 0.421875 0.7579346 0.4064942 0.784668 0.4064942 0.784668 0.421875 0.7579346 0.3642578 0.7453613 0.3642578 0.7453613 0.421875 0.7579346 0.3852539 0.7160645 0.3852539 0.7160645 0.421875 0.7579346 0.4472656 0.7304688 0.3852539 0.7160645 0.4472656 0.7304688 0.4055176 0.6872559 0.9130859 0.1411132 0.925293 0.1123046 0.878418 0.1132812 0.9130859 0.1411132 0.878418 0.1132812 0.8867188 0.1596679 0.8867188 0.1596679 0.878418 0.1132812 0.847168 0.149414 0.847168 0.149414 0.878418 0.1132812 0.8291016 0.1210937 0.8291016 0.1210937 0.878418 0.1132812 0.8359375 0.0859375 0.925293 0.1123046 0.9086914 0.07910156 0.878418 0.1132812 0.878418 0.1132812 0.9086914 0.07910156 0.8735352 0.06298828 0.878418 0.1132812 0.8735352 0.06298828 0.8359375 0.0859375 0.8359375 0.0859375 0.8735352 0.06298828 0.8139649 0.04492187 0.8359375 0.0859375 0.8139649 0.04492187 0.7944336 0.08886718 0.8359375 0.0859375 0.7944336 0.08886718 0.8291016 0.1210937 0.8291016 0.1210937 0.7944336 0.08886718 0.7919922 0.1308593 0.8291016 0.1210937 0.7919922 0.1308593 0.8061524 0.1625975 0.8291016 0.1210937 0.8061524 0.1625975 0.847168 0.149414 0.847168 0.149414 0.8061524 0.1625975 0.8461914 0.1889648 0.847168 0.149414 0.8461914 0.1889648 0.8867188 0.1596679 0.8867188 0.1596679 0.8461914 0.1889648 0.894043 0.1958007 0.8867188 0.1596679 0.894043 0.1958007 0.9355469 0.184082 0.8867188 0.1596679 0.9355469 0.184082 0.9130859 0.1411132 0.9130859 0.1411132 0.9355469 0.184082 0.9638672 0.1499023 0.9130859 0.1411132 0.9638672 0.1499023 0.925293 0.1123046 0.925293 0.1123046 0.9638672 0.1499023 0.9697266 0.1191406 0.925293 0.1123046 0.9697266 0.1191406 0.9609375 0.0727539 0.925293 0.1123046 0.9609375 0.0727539 0.9086914 0.07910156 0.9086914 0.07910156 0.9609375 0.0727539 0.9277344 0.03027337 0.9086914 0.07910156 0.9277344 0.03027337 0.8735352 0.06298828 0.8735352 0.06298828 0.9277344 0.03027337 0.8710938 0.02441406 0.8735352 0.06298828 0.8710938 0.02441406 0.8139649 0.04492187 0.7700195 0.3696289 0.7861328 0.4140625 0.7700195 0.4140625 0.7700195 0.3696289 0.7700195 0.4140625 0.7578125 0.3696289 0.7578125 0.3696289 0.7700195 0.4140625 0.7578125 0.4140625 0.7578125 0.3300781 0.7700195 0.3696289 0.7578125 0.3696289 0.7700195 0.2509766 0.7700195 0.2836914 0.7578125 0.2509766 0.7578125 0.2509766 0.7700195 0.2836914 0.7578125 0.2836914 0.7578125 0.2836914 0.7700195 0.2836914 0.7578125 0.3300781 0.7578125 0.3300781 0.7700195 0.2836914 0.7700195 0.3300781 0.7578125 0.3300781 0.7700195 0.3300781 0.7700195 0.3696289 0.7700195 0.3696289 0.7700195 0.3300781 0.7905274 0.3696289 0.7700195 0.3696289 0.7905274 0.3696289 0.7861328 0.4140625 0.7861328 0.4140625 0.7905274 0.3696289 0.8295899 0.4140625 0.8295899 0.4140625 0.7905274 0.3696289 0.8295899 0.3696289 0.8295899 0.3696289 0.7905274 0.3696289 0.7900391 0.3300781 0.8295899 0.3696289 0.7900391 0.3300781 0.8295899 0.3300781 0.8295899 0.3300781 0.7900391 0.3300781 0.8295899 0.2836914 0.8295899 0.2836914 0.7900391 0.3300781 0.7905274 0.2836914 0.8295899 0.2836914 0.7905274 0.2836914 0.8295899 0.2509766 0.8295899 0.2509766 0.7905274 0.2836914 0.7944336 0.2509766 0.7944336 0.2509766 0.7905274 0.2836914 0.7700195 0.2509766 0.7700195 0.2509766 0.7905274 0.2836914 0.7700195 0.2836914 0.7700195 0.2836914 0.7905274 0.2836914 0.7700195 0.3300781 0.7700195 0.3300781 0.7905274 0.2836914 0.7900391 0.3300781 0.7700195 0.3300781 0.7900391 0.3300781 0.7905274 0.3696289 0.1296386 0.293457 0.165039 0.3071289 0.170166 0.293457 0.206665 0.293457 0.170166 0.293457 0.2011718 0.3071289 0.2011718 0.3071289 0.170166 0.293457 0.165039 0.3071289 0.2011718 0.3071289 0.165039 0.3071289 0.1883544 0.3457031 0.1883544 0.3457031 0.165039 0.3071289 0.1553955 0.34375 0.1883544 0.3457031 0.1553955 0.34375 0.1555175 0.3764649 0.1555175 0.3764649 0.1553955 0.34375 0.1275634 0.3735352 0.1555175 0.3764649 0.1275634 0.3735352 0.1275634 0.3979492 0.1275634 0.3979492 0.1275634 0.3735352 0.09887695 0.3706055 0.1275634 0.3979492 0.09887695 0.3706055 0.09857177 0.394043 0.09857177 0.394043 0.09887695 0.3706055 0.05297845 0.3676758 0.09857177 0.394043 0.05297845 0.3676758 0.05316162 0.3989258 0.05316162 0.3989258 0.05297845 0.3676758 0.01009362 0.3686524 0.05316162 0.3989258 0.01009362 0.3686524 0.01071923 0.402832 0.05316162 0.3989258 0.01071923 0.402832 0.0502929 0.4223633 0.0502929 0.4223633 0.01071923 0.402832 0.01116943 0.4277344 0.0502929 0.4223633 0.09857177 0.394043 0.05316162 0.3989258 0.01009362 0.3686524 0.05297845 0.3676758 0.009620666 0.3427734 0.1553955 0.34375 0.1291503 0.3037109 0.1243896 0.3417969 0.1553955 0.34375 0.1243896 0.3417969 0.1275634 0.3735352 0.1275634 0.3735352 0.1243896 0.3417969 0.09887695 0.3706055 0.09887695 0.3706055 0.1243896 0.3417969 0.09234619 0.3427734 0.09887695 0.3706055 0.09234619 0.3427734 0.05297845 0.3676758 0.05297845 0.3676758 0.09234619 0.3427734 0.05374145 0.3393555 0.05297845 0.3676758 0.05374145 0.3393555 0.009620666 0.3427734 0.009620666 0.3427734 0.05374145 0.3393555 0.009254455 0.3178711 0.009254455 0.3178711 0.05374145 0.3393555 0.0581665 0.3100586 0.009254455 0.3178711 0.0581665 0.3100586 0.05230706 0.293457 0.05230706 0.293457 0.0581665 0.3100586 0.0883789 0.3081055 0.05230706 0.293457 0.0883789 0.3081055 0.09088134 0.293457 0.09088134 0.293457 0.0883789 0.3081055 0.1296386 0.293457 0.1296386 0.293457 0.0883789 0.3081055 0.1291503 0.3037109 0.1296386 0.293457 0.1291503 0.3037109 0.165039 0.3071289 0.165039 0.3071289 0.1291503 0.3037109 0.1553955 0.34375 0.1291503 0.3037109 0.0883789 0.3081055 0.1243896 0.3417969 0.1243896 0.3417969 0.0883789 0.3081055 0.09234619 0.3427734 0.09234619 0.3427734 0.0883789 0.3081055 0.05374145 0.3393555 0.05374145 0.3393555 0.0883789 0.3081055 0.0581665 0.3100586 0.008895874 0.293457 0.009254455 0.3178711 0.05230706 0.293457 0.04779046 0.4614258 0.02793884 0.4526367 0.02565002 0.4755859 0.02565002 0.4755859 0.02793884 0.4526367 0.01375573 0.4829102 0.01375573 0.4829102 0.02793884 0.4526367 0.0109024 0.4443359 0.0109024 0.4443359 0.02793884 0.4526367 0.04818719 0.4404297 0.0109024 0.4443359 0.04818719 0.4404297 0.01116943 0.4277344 0.01116943 0.4277344 0.04818719 0.4404297 0.0502929 0.4223633 0.0502929 0.4223633 0.04818719 0.4404297 0.09710693 0.4194336 0.0502929 0.4223633 0.09710693 0.4194336 0.09857177 0.394043 0.09857177 0.394043 0.09710693 0.4194336 0.1315917 0.418457 0.09857177 0.394043 0.1315917 0.418457 0.1275634 0.3979492 0.1275634 0.3979492 0.1315917 0.418457 0.1553955 0.4023438 0.1275634 0.3979492 0.1553955 0.4023438 0.1555175 0.3764649 0.1555175 0.3764649 0.1553955 0.4023438 0.1867675 0.3779297 0.1555175 0.3764649 0.1867675 0.3779297 0.1883544 0.3457031 0.1883544 0.3457031 0.1867675 0.3779297 0.2193603 0.3427734 0.1883544 0.3457031 0.2193603 0.3427734 0.2011718 0.3071289 0.2011718 0.3071289 0.2193603 0.3427734 0.2390136 0.309082 0.2011718 0.3071289 0.2390136 0.309082 0.206665 0.293457 0.206665 0.293457 0.2390136 0.309082 0.243164 0.293457 0.243164 0.293457 0.2390136 0.309082 0.2885742 0.3144531 0.243164 0.293457 0.2885742 0.3144531 0.2866211 0.293457 0.2866211 0.293457 0.2885742 0.3144531 0.3266602 0.293457 0.3266602 0.293457 0.2885742 0.3144531 0.3276367 0.3188477 0.3276367 0.3188477 0.2885742 0.3144531 0.3286133 0.3447266 0.3286133 0.3447266 0.2885742 0.3144531 0.2839356 0.3408203 0.3286133 0.3447266 0.2839356 0.3408203 0.2866211 0.3808594 0.2866211 0.3808594 0.2839356 0.3408203 0.25 0.3813477 0.2866211 0.3808594 0.25 0.3813477 0.2619629 0.4072266 0.2619629 0.4072266 0.25 0.3813477 0.229248 0.4067383 0.2619629 0.4072266 0.229248 0.4067383 0.2634277 0.4316406 0.2634277 0.4316406 0.229248 0.4067383 0.2310791 0.4384766 0.2634277 0.4316406 0.2310791 0.4384766 0.2509766 0.4521484 0.2509766 0.4521484 0.2310791 0.4384766 0.2341307 0.465332 0.2509766 0.4521484 0.2341307 0.465332 0.2526856 0.4863281 0.2526856 0.4863281 0.2341307 0.465332 0.2386474 0.487793 0.2386474 0.487793 0.2341307 0.465332 0.210083 0.4580078 0.210083 0.4580078 0.2341307 0.465332 0.2310791 0.4384766 0.210083 0.4580078 0.2310791 0.4384766 0.1875 0.4370117 0.1875 0.4370117 0.2310791 0.4384766 0.229248 0.4067383 0.1875 0.4370117 0.229248 0.4067383 0.1870117 0.4047852 0.1870117 0.4047852 0.229248 0.4067383 0.2246093 0.3789063 0.1870117 0.4047852 0.2246093 0.3789063 0.1867675 0.3779297 0.1867675 0.3779297 0.2246093 0.3789063 0.2193603 0.3427734 0.2193603 0.3427734 0.2246093 0.3789063 0.2458496 0.3408203 0.2193603 0.3427734 0.2458496 0.3408203 0.2390136 0.309082 0.2390136 0.309082 0.2458496 0.3408203 0.2839356 0.3408203 0.2390136 0.309082 0.2839356 0.3408203 0.2885742 0.3144531 0.04818719 0.4404297 0.02793884 0.4526367 0.04779046 0.4614258 0.229248 0.4067383 0.25 0.3813477 0.2246093 0.3789063 0.2246093 0.3789063 0.25 0.3813477 0.2458496 0.3408203 0.2458496 0.3408203 0.25 0.3813477 0.2839356 0.3408203 0.2634277 0.4316406 0.2917481 0.4321289 0.2619629 0.4072266 0.2619629 0.4072266 0.2917481 0.4321289 0.2939453 0.4135742 0.2619629 0.4072266 0.2939453 0.4135742 0.2866211 0.3808594 0.2634277 0.4316406 0.2509766 0.4521484 0.2902832 0.4482422 0.2634277 0.4316406 0.2902832 0.4482422 0.2917481 0.4321289 0.2917481 0.4321289 0.2902832 0.4482422 0.333252 0.456543 0.2917481 0.4321289 0.333252 0.456543 0.3322754 0.4306641 0.2917481 0.4321289 0.3322754 0.4306641 0.2939453 0.4135742 0.2939453 0.4135742 0.3322754 0.4306641 0.329834 0.378418 0.2939453 0.4135742 0.329834 0.378418 0.2866211 0.3808594 0.2866211 0.3808594 0.329834 0.378418 0.3286133 0.3447266 0.2902832 0.4482422 0.3339844 0.4741211 0.333252 0.456543 0.1870117 0.4047852 0.1867675 0.3779297 0.1553955 0.4023438 0.1870117 0.4047852 0.1553955 0.4023438 0.1579589 0.4243164 0.1579589 0.4243164 0.1553955 0.4023438 0.1315917 0.418457 0.1579589 0.4243164 0.1315917 0.418457 0.1308593 0.4375 0.1308593 0.4375 0.1315917 0.418457 0.09710693 0.4194336 0.1308593 0.4375 0.09710693 0.4194336 0.0906372 0.4467774 0.0906372 0.4467774 0.09710693 0.4194336 0.04818719 0.4404297 0.0906372 0.4467774 0.04818719 0.4404297 0.07110595 0.453125 0.07110595 0.453125 0.04818719 0.4404297 0.04779046 0.4614258 0.07110595 0.453125 0.04779046 0.4614258 0.0770874 0.4765625 0.07110595 0.453125 0.0770874 0.4765625 0.08624267 0.4785156 0.07110595 0.453125 0.08624267 0.4785156 0.0906372 0.4467774 0.1875 0.4370117 0.1870117 0.4047852 0.1579589 0.4243164 0.1875 0.4370117 0.1579589 0.4243164 0.1672363 0.4511719 0.1672363 0.4511719 0.1579589 0.4243164 0.1308593 0.4375 0.210083 0.4580078 0.1875 0.4370117 0.1828613 0.4658203 0.1828613 0.4658203 0.1875 0.4370117 0.1672363 0.4511719 0.1828613 0.4658203 0.1672363 0.4511719 0.1697998 0.4858399 0.1828613 0.4658203 0.1697998 0.4858399 0.1790771 0.4868164 0.1828613 0.4658203 0.1790771 0.4868164 0.210083 0.4580078 0.9838867 0.8280029 0.9838867 0.7938233 0.9326172 0.7973633 0.9326172 0.7973633 0.9838867 0.7938233 0.9365234 0.770874 0.9365234 0.770874 0.9838867 0.7938233 0.9838867 0.7697754 0.9365234 0.770874 0.9838867 0.7697754 0.9511719 0.7363281 0.9511719 0.7363281 0.9838867 0.7697754 0.9838867 0.7512207 0.9511719 0.7363281 0.9838867 0.7512207 0.9697266 0.7182617 0.9511719 0.7363281 0.9697266 0.7182617 0.9501953 0.6811524 0.8779297 0.7297363 0.8461914 0.7138672 0.8530274 0.7539063 0.8779297 0.7297363 0.8530274 0.7539063 0.9008789 0.7701416 0.9008789 0.7701416 0.8530274 0.7539063 0.8461914 0.7888184 0.9008789 0.7701416 0.8461914 0.7888184 0.8955078 0.7989502 0.8955078 0.7989502 0.8461914 0.7888184 0.8486328 0.8251953 0.8955078 0.7989502 0.8486328 0.8251953 0.8984375 0.8317871 0.8984375 0.8317871 0.8486328 0.8251953 0.8476563 0.8519287 0.8984375 0.8317871 0.8476563 0.8519287 0.8955078 0.8564453 0.8955078 0.8564453 0.8476563 0.8519287 0.8505859 0.8765869 0.8955078 0.8564453 0.8505859 0.8765869 0.894043 0.8808594 0.894043 0.8808594 0.8505859 0.8765869 0.8466797 0.911499 0.894043 0.8808594 0.8466797 0.911499 0.8916016 0.9295654 0.8916016 0.9295654 0.8466797 0.911499 0.8432617 0.9429932 0.8916016 0.9295654 0.8432617 0.9429932 0.8901367 0.9587708 0.8916016 0.9295654 0.8901367 0.9587708 0.9404297 0.9467774 0.8916016 0.9295654 0.9404297 0.9467774 0.9394531 0.9192505 0.9394531 0.9192505 0.9404297 0.9467774 0.9838867 0.9328003 0.9394531 0.9192505 0.9838867 0.9328003 0.9838867 0.9028931 0.9394531 0.9192505 0.9838867 0.9028931 0.9838867 0.8720703 0.9394531 0.9192505 0.9838867 0.8720703 0.9370117 0.87677 0.9370117 0.87677 0.9838867 0.8720703 0.9838867 0.8453369 0.9370117 0.87677 0.9838867 0.8453369 0.9301758 0.8513184 0.9301758 0.8513184 0.9838867 0.8453369 0.9838867 0.8280029 0.9301758 0.8513184 0.9838867 0.8280029 0.9282227 0.8256836 0.9282227 0.8256836 0.9838867 0.8280029 0.9326172 0.7973633 0.9282227 0.8256836 0.9326172 0.7973633 0.8955078 0.7989502 0.8955078 0.7989502 0.9326172 0.7973633 0.9008789 0.7701416 0.9008789 0.7701416 0.9326172 0.7973633 0.9365234 0.770874 0.9008789 0.7701416 0.9365234 0.770874 0.9077149 0.7478027 0.9077149 0.7478027 0.9365234 0.770874 0.9511719 0.7363281 0.9077149 0.7478027 0.9511719 0.7363281 0.925293 0.7072754 0.925293 0.7072754 0.9511719 0.7363281 0.9501953 0.6811524 0.925293 0.7072754 0.9501953 0.6811524 0.90625 0.6604004 0.925293 0.7072754 0.90625 0.6604004 0.8852539 0.6860352 0.8852539 0.6860352 0.90625 0.6604004 0.8505859 0.644043 0.8852539 0.6860352 0.8505859 0.644043 0.84375 0.6691895 0.84375 0.6691895 0.8505859 0.644043 0.7919922 0.6667481 0.84375 0.6691895 0.7919922 0.6667481 0.7998047 0.7041016 0.7998047 0.7041016 0.7919922 0.6667481 0.7553711 0.6884766 0.7998047 0.7041016 0.7553711 0.6884766 0.7641602 0.7290039 0.7641602 0.7290039 0.7553711 0.6884766 0.7246094 0.734375 0.7641602 0.7290039 0.7246094 0.734375 0.6928711 0.7697754 0.6928711 0.7697754 0.7246094 0.734375 0.6928711 0.7512207 0.9282227 0.8256836 0.8955078 0.7989502 0.8984375 0.8317871 0.9282227 0.8256836 0.8984375 0.8317871 0.9301758 0.8513184 0.9301758 0.8513184 0.8984375 0.8317871 0.8955078 0.8564453 0.9301758 0.8513184 0.8955078 0.8564453 0.894043 0.8808594 0.9301758 0.8513184 0.894043 0.8808594 0.9370117 0.87677 0.9370117 0.87677 0.894043 0.8808594 0.8916016 0.9295654 0.9370117 0.87677 0.8916016 0.9295654 0.9394531 0.9192505 0.8530274 0.7539063 0.7993164 0.7924805 0.8461914 0.7888184 0.8461914 0.7888184 0.7993164 0.7924805 0.8022461 0.8272705 0.8461914 0.7888184 0.8022461 0.8272705 0.8486328 0.8251953 0.8486328 0.8251953 0.8022461 0.8272705 0.8476563 0.8519287 0.8476563 0.8519287 0.8022461 0.8272705 0.8017578 0.8474121 0.8476563 0.8519287 0.8017578 0.8474121 0.8505859 0.8765869 0.8505859 0.8765869 0.8017578 0.8474121 0.8022461 0.8692627 0.8505859 0.8765869 0.8022461 0.8692627 0.8466797 0.911499 0.8466797 0.911499 0.8022461 0.8692627 0.7978516 0.9023438 0.8466797 0.911499 0.7978516 0.9023438 0.8432617 0.9429932 0.8432617 0.9429932 0.7978516 0.9023438 0.7919922 0.9277954 0.7919922 0.9277954 0.7978516 0.9023438 0.7504883 0.883728 0.7919922 0.9277954 0.7504883 0.883728 0.7460938 0.9143067 0.7460938 0.9143067 0.7504883 0.883728 0.6928711 0.9328003 0.6928711 0.9328003 0.7504883 0.883728 0.6928711 0.9028931 0.6928711 0.9028931 0.7504883 0.883728 0.7519531 0.861084 0.6928711 0.9028931 0.7519531 0.861084 0.6928711 0.8720703 0.6928711 0.8720703 0.7519531 0.861084 0.6928711 0.8453369 0.6928711 0.8453369 0.7519531 0.861084 0.7485352 0.8278809 0.6928711 0.8453369 0.7485352 0.8278809 0.6928711 0.8280029 0.6928711 0.8280029 0.7485352 0.8278809 0.7543945 0.8067627 0.6928711 0.8280029 0.7543945 0.8067627 0.6928711 0.7938233 0.6928711 0.7938233 0.7543945 0.8067627 0.7592774 0.769165 0.6928711 0.7938233 0.7592774 0.769165 0.6928711 0.7697754 0.6928711 0.7697754 0.7592774 0.769165 0.7641602 0.7290039 0.7641602 0.7290039 0.7592774 0.769165 0.8056641 0.7541504 0.7641602 0.7290039 0.8056641 0.7541504 0.7998047 0.7041016 0.7998047 0.7041016 0.8056641 0.7541504 0.8461914 0.7138672 0.7998047 0.7041016 0.8461914 0.7138672 0.84375 0.6691895 0.84375 0.6691895 0.8461914 0.7138672 0.8779297 0.7297363 0.84375 0.6691895 0.8779297 0.7297363 0.8852539 0.6860352 0.8852539 0.6860352 0.8779297 0.7297363 0.925293 0.7072754 0.925293 0.7072754 0.8779297 0.7297363 0.9077149 0.7478027 0.9077149 0.7478027 0.8779297 0.7297363 0.9008789 0.7701416 0.7504883 0.883728 0.7978516 0.9023438 0.8022461 0.8692627 0.7504883 0.883728 0.8022461 0.8692627 0.7519531 0.861084 0.7519531 0.861084 0.8022461 0.8692627 0.8017578 0.8474121 0.7519531 0.861084 0.8017578 0.8474121 0.7485352 0.8278809 0.7485352 0.8278809 0.8017578 0.8474121 0.8022461 0.8272705 0.7485352 0.8278809 0.8022461 0.8272705 0.7993164 0.7924805 0.7485352 0.8278809 0.7993164 0.7924805 0.7543945 0.8067627 0.7543945 0.8067627 0.7993164 0.7924805 0.7592774 0.769165 0.7592774 0.769165 0.7993164 0.7924805 0.8056641 0.7541504 0.8056641 0.7541504 0.7993164 0.7924805 0.8530274 0.7539063 0.8056641 0.7541504 0.8530274 0.7539063 0.8461914 0.7138672 0.5258789 0.6208496 0.5258789 0.6401367 0.5512695 0.6303711 0.5263672 0.6015625 0.5258789 0.6208496 0.5512695 0.611084 0.5512695 0.611084 0.5258789 0.6208496 0.5512695 0.6303711 0.5512695 0.611084 0.5512695 0.6303711 0.5771484 0.6206055 0.6704102 0.5991211 0.6826172 0.5761719 0.6889649 0.5917969 0.6420899 0.5991211 0.6225586 0.5913086 0.6445313 0.5817871 0.6420899 0.5991211 0.6445313 0.5817871 0.6704102 0.5991211 0.6704102 0.5991211 0.6445313 0.5817871 0.6674805 0.5820313 0.6704102 0.5991211 0.6674805 0.5820313 0.6826172 0.5761719 0.6826172 0.5761719 0.6674805 0.5820313 0.6567383 0.5456543 0.6567383 0.5456543 0.6674805 0.5820313 0.6445313 0.5817871 0.6567383 0.5456543 0.6445313 0.5817871 0.6298828 0.5756836 0.6298828 0.5756836 0.6445313 0.5817871 0.6225586 0.5913086 0.9301758 0.5964356 0.9589844 0.5949707 0.9472656 0.5554199 0.9228516 0.4819336 0.8969727 0.4682617 0.8974609 0.5068359 0.9228516 0.4819336 0.8974609 0.5068359 0.9355469 0.5061035 0.9355469 0.5061035 0.8974609 0.5068359 0.8984375 0.5612793 0.9355469 0.5061035 0.8984375 0.5612793 0.9472656 0.5554199 0.9472656 0.5554199 0.8984375 0.5612793 0.9301758 0.5964356 0.9301758 0.5964356 0.8984375 0.5612793 0.8979492 0.5964356 0.8979492 0.5964356 0.8984375 0.5612793 0.8657227 0.5964356 0.8657227 0.5964356 0.8984375 0.5612793 0.8505859 0.5556641 0.8657227 0.5964356 0.8505859 0.5556641 0.8339844 0.5925293 0.8339844 0.5925293 0.8505859 0.5556641 0.8242188 0.5527344 0.8339844 0.5925293 0.8242188 0.5527344 0.8027344 0.5883789 0.8984375 0.5612793 0.8974609 0.5068359 0.8505859 0.5556641 0.9589844 0.5949707 0.9882813 0.59375 0.9697266 0.5527344 0.9589844 0.5949707 0.9697266 0.5527344 0.9472656 0.5554199 0.9472656 0.5554199 0.9697266 0.5527344 0.9628906 0.5058594 0.9472656 0.5554199 0.9628906 0.5058594 0.9355469 0.5061035 0.9355469 0.5061035 0.9628906 0.5058594 0.940918 0.4638672 0.9355469 0.5061035 0.940918 0.4638672 0.9228516 0.4819336 0.9228516 0.4819336 0.940918 0.4638672 0.8969727 0.4443359 0.9228516 0.4819336 0.8969727 0.4443359 0.8969727 0.4682617 0.8969727 0.4682617 0.8969727 0.4443359 0.8613281 0.4672852 0.8969727 0.4682617 0.8613281 0.4672852 0.8759766 0.4833984 0.8969727 0.4682617 0.8759766 0.4833984 0.8974609 0.5068359 0.8974609 0.5068359 0.8759766 0.4833984 0.8632813 0.5053711 0.8974609 0.5068359 0.8632813 0.5053711 0.8505859 0.5556641 0.8505859 0.5556641 0.8632813 0.5053711 0.8354492 0.5041504 0.8505859 0.5556641 0.8354492 0.5041504 0.8242188 0.5527344 0.8759766 0.4833984 0.8613281 0.4672852 0.8632813 0.5053711 0.8632813 0.5053711 0.8613281 0.4672852 0.8354492 0.5041504 0.5263672 0.6015625 0.5512695 0.611084 0.5258789 0.6208496 0.5512695 0.611084 0.5771484 0.6206055 0.5512695 0.6306152 0.5512695 0.611084 0.5512695 0.6306152 0.5258789 0.6208496 0.5258789 0.6208496 0.5512695 0.6306152 0.5258789 0.6401367 0.5263672 0.6015625 0.5541992 0.611084 0.5258789 0.6208496 0.5258789 0.6401367 0.5258789 0.6208496 0.5541992 0.6303711 0.5541992 0.6303711 0.5258789 0.6208496 0.5541992 0.611084 0.5541992 0.6303711 0.5541992 0.611084 0.5800781 0.6206055 0.5512695 0.611084 0.5771484 0.6206055 0.5512695 0.6303711 0.5263672 0.6015625 0.5512695 0.611084 0.5258789 0.6208496 0.5258789 0.6208496 0.5512695 0.611084 0.5512695 0.6303711 0.5258789 0.6208496 0.5512695 0.6303711 0.5258789 0.6401367 0.7700195 0.4140625 0.7861328 0.4140625 0.7700195 0.3696289 0.7700195 0.3696289 0.7578125 0.3300781 0.7578125 0.3696289 0.7700195 0.3696289 0.7578125 0.3696289 0.7700195 0.4140625 0.7700195 0.4140625 0.7578125 0.3696289 0.7578125 0.4140625 0.7700195 0.2509766 0.7578125 0.2509766 0.7700195 0.2836914 0.7700195 0.2836914 0.7578125 0.2509766 0.7578125 0.2836914 0.7700195 0.2836914 0.7578125 0.2836914 0.7578125 0.3300781 0.7700195 0.2836914 0.7578125 0.3300781 0.7700195 0.3300781 0.7700195 0.3300781 0.7578125 0.3300781 0.7700195 0.3696289 0.7700195 0.3300781 0.7700195 0.3696289 0.7905274 0.3696289 0.7905274 0.3696289 0.7700195 0.3696289 0.7861328 0.4140625 0.7905274 0.3696289 0.7861328 0.4140625 0.8295899 0.4140625 0.7905274 0.3696289 0.8295899 0.4140625 0.8295899 0.3696289 0.7905274 0.3696289 0.8295899 0.3696289 0.7900391 0.3300781 0.7900391 0.3300781 0.8295899 0.3696289 0.8295899 0.3300781 0.7900391 0.3300781 0.8295899 0.3300781 0.8295899 0.2836914 0.7900391 0.3300781 0.8295899 0.2836914 0.7905274 0.2836914 0.7905274 0.2836914 0.8295899 0.2836914 0.8295899 0.2509766 0.7905274 0.2836914 0.8295899 0.2509766 0.7944336 0.2509766 0.7905274 0.2836914 0.7944336 0.2509766 0.7700195 0.2509766 0.7905274 0.2836914 0.7700195 0.2509766 0.7700195 0.2836914 0.7905274 0.2836914 0.7700195 0.2836914 0.7700195 0.3300781 0.7905274 0.2836914 0.7700195 0.3300781 0.7900391 0.3300781 0.7900391 0.3300781 0.7700195 0.3300781 0.7905274 0.3696289 0.7700195 0.2836914 0.7890625 0.2836914 0.7700195 0.3300781 0.7700195 0.3300781 0.7890625 0.2836914 0.7880859 0.3300781 0.7700195 0.3300781 0.7880859 0.3300781 0.7880859 0.3696289 0.7700195 0.3300781 0.7880859 0.3696289 0.7700195 0.3696289 0.7700195 0.2836914 0.7578125 0.2836914 0.7700195 0.2509766 0.7700195 0.2836914 0.7700195 0.2509766 0.7890625 0.2836914 0.7890625 0.2836914 0.7700195 0.2509766 0.7915039 0.2509766 0.7890625 0.2836914 0.7915039 0.2509766 0.8295899 0.2509766 0.7890625 0.2836914 0.8295899 0.2509766 0.8295899 0.2836914 0.7890625 0.2836914 0.8295899 0.2836914 0.7880859 0.3300781 0.7880859 0.3300781 0.8295899 0.2836914 0.8295899 0.3300781 0.7880859 0.3300781 0.8295899 0.3300781 0.8295899 0.3696289 0.7880859 0.3300781 0.8295899 0.3696289 0.7880859 0.3696289 0.7880859 0.3696289 0.8295899 0.3696289 0.7875977 0.4140625 0.7880859 0.3696289 0.7875977 0.4140625 0.7700195 0.4140625 0.7880859 0.3696289 0.7700195 0.4140625 0.7700195 0.3696289 0.7700195 0.3696289 0.7700195 0.4140625 0.7578125 0.3696289 0.7700195 0.3696289 0.7578125 0.3696289 0.7700195 0.3300781 0.7700195 0.3300781 0.7578125 0.3696289 0.7578125 0.3300781 0.7700195 0.3300781 0.7578125 0.3300781 0.7700195 0.2836914 0.7700195 0.2836914 0.7578125 0.3300781 0.7578125 0.2836914 0.7578125 0.4140625 0.7578125 0.3696289 0.7700195 0.4140625 0.7578125 0.2836914 0.7578125 0.2509766 0.7700195 0.2509766 0.8295899 0.4140625 0.7875977 0.4140625 0.8295899 0.3696289 0.5859375 0.7075195 0.5727539 0.7416992 0.5952149 0.717041 0.5859375 0.7075195 0.5952149 0.717041 0.6181641 0.692627 0.5859375 0.7075195 0.6181641 0.692627 0.5996094 0.673584 0.5859375 0.7075195 0.5996094 0.673584 0.5727539 0.7028809 0.5727539 0.7028809 0.5996094 0.673584 0.5732422 0.6640625 0.5727539 0.7028809 0.5732422 0.6640625 0.5473633 0.6738281 0.5727539 0.7028809 0.5473633 0.6738281 0.5600586 0.7077637 0.5600586 0.7077637 0.5473633 0.6738281 0.5322266 0.6862793 0.5600586 0.7077637 0.5322266 0.6862793 0.5522461 0.7138672 0.5600586 0.7077637 0.5522461 0.7138672 0.5727539 0.7416992 0.5600586 0.7077637 0.5727539 0.7416992 0.5727539 0.7028809 0.5727539 0.7028809 0.5727539 0.7416992 0.5859375 0.7075195 0.9511719 0.3071289 0.9428711 0.2739258 0.9335938 0.2919922 0.980957 0.2436523 0.9399414 0.2543945 0.980957 0.2602539 0.980957 0.2602539 0.9399414 0.2543945 0.9428711 0.2739258 0.980957 0.2602539 0.9428711 0.2739258 0.9511719 0.3071289 0.980957 0.2602539 0.9511719 0.3071289 0.980957 0.296875 0.980957 0.296875 0.9511719 0.3071289 0.980957 0.3232422 0.9511719 0.3071289 0.9560547 0.3393555 0.980957 0.3232422 0.9399414 0.2543945 0.9125977 0.262207 0.9428711 0.2739258 0.9428711 0.2739258 0.9125977 0.262207 0.9243164 0.28125 0.9428711 0.2739258 0.9243164 0.28125 0.9335938 0.2919922 0.9335938 0.2919922 0.9243164 0.28125 0.9047852 0.2905274 0.9335938 0.2919922 0.9047852 0.2905274 0.9228516 0.3188477 0.9335938 0.2919922 0.9228516 0.3188477 0.9511719 0.3071289 0.9511719 0.3071289 0.9228516 0.3188477 0.9370117 0.3530274 0.9511719 0.3071289 0.9370117 0.3530274 0.9560547 0.3393555 0.9560547 0.3393555 0.9370117 0.3530274 0.9667969 0.3603516 0.9667969 0.3603516 0.9370117 0.3530274 0.9594727 0.3740234 0.9667969 0.3603516 0.9594727 0.3740234 0.980957 0.3857422 0.980957 0.3857422 0.9594727 0.3740234 0.980957 0.4067383 0.980957 0.4067383 0.9594727 0.3740234 0.9458009 0.3930664 0.980957 0.3857422 0.980957 0.3701172 0.9667969 0.3603516 0.9458009 0.3930664 0.9594727 0.3740234 0.9370117 0.3530274 0.9458009 0.3930664 0.9370117 0.3530274 0.9135742 0.3632813 0.9135742 0.3632813 0.9370117 0.3530274 0.9228516 0.3188477 0.9135742 0.3632813 0.9228516 0.3188477 0.8920899 0.3276367 0.8920899 0.3276367 0.9228516 0.3188477 0.9047852 0.2905274 0.8920899 0.3276367 0.9047852 0.2905274 0.878418 0.3046875 0.8920899 0.3276367 0.878418 0.3046875 0.8598633 0.3139649 0.8920899 0.3276367 0.8598633 0.3139649 0.8769531 0.3422852 0.8920899 0.3276367 0.8769531 0.3422852 0.9135742 0.3632813 0.9135742 0.3632813 0.8769531 0.3422852 0.8959961 0.3730469 0.9135742 0.3632813 0.8959961 0.3730469 0.9458009 0.3930664 0.9458009 0.3930664 0.8959961 0.3730469 0.9326172 0.409668 0.9458009 0.3930664 0.9326172 0.409668 0.980957 0.4067383 0.980957 0.4067383 0.9326172 0.409668 0.9814453 0.4306641 0.894043 0.8808594 0.8505859 0.8765869 0.8955078 0.8564453 0.9370117 0.87677 0.894043 0.8808594 0.9301758 0.8513184 0.9301758 0.8513184 0.894043 0.8808594 0.8955078 0.8564453 0.9301758 0.8513184 0.8955078 0.8564453 0.8984375 0.8317871 0.8984375 0.8317871 0.8955078 0.8564453 0.8476563 0.8519287 0.8476563 0.8519287 0.8955078 0.8564453 0.8505859 0.8765869 0.8476563 0.8519287 0.8505859 0.8765869 0.8017578 0.8474121 0.8984375 0.8317871 0.9282227 0.8256836 0.9301758 0.8513184 0.9301758 0.8513184 0.9282227 0.8256836 0.9838867 0.8280029 0.9301758 0.8513184 0.9838867 0.8280029 0.9838867 0.8453369 0.9301758 0.8513184 0.9838867 0.8453369 0.9370117 0.87677 0.9370117 0.87677 0.9838867 0.8453369 0.9838867 0.8720703 0.9370117 0.87677 0.9838867 0.8720703 0.9394531 0.9192505 0.9394531 0.9192505 0.9838867 0.8720703 0.9838867 0.9028931 0.9394531 0.9192505 0.9838867 0.9028931 0.9838867 0.9328003 0.9394531 0.9192505 0.9838867 0.9328003 0.9404297 0.9467774 0.9394531 0.9192505 0.9404297 0.9467774 0.8916016 0.9295654 0.8916016 0.9295654 0.9404297 0.9467774 0.8901367 0.9587708 0.8916016 0.9295654 0.8901367 0.9587708 0.8432617 0.9429932 0.8916016 0.9295654 0.8432617 0.9429932 0.8466797 0.911499 0.8466797 0.911499 0.8432617 0.9429932 0.7978516 0.9023438 0.8466797 0.911499 0.7978516 0.9023438 0.8022461 0.8692627 0.8022461 0.8692627 0.7978516 0.9023438 0.7504883 0.883728 0.8022461 0.8692627 0.7504883 0.883728 0.7519531 0.861084 0.7519531 0.861084 0.7504883 0.883728 0.6928711 0.9028931 0.7519531 0.861084 0.6928711 0.9028931 0.6928711 0.8720703 0.7519531 0.861084 0.6928711 0.8720703 0.6928711 0.8453369 0.7519531 0.861084 0.6928711 0.8453369 0.7485352 0.8278809 0.7485352 0.8278809 0.6928711 0.8453369 0.6928711 0.8280029 0.7485352 0.8278809 0.6928711 0.8280029 0.7543945 0.8067627 0.7543945 0.8067627 0.6928711 0.8280029 0.6928711 0.7938233 0.7543945 0.8067627 0.6928711 0.7938233 0.7592774 0.769165 0.7592774 0.769165 0.6928711 0.7938233 0.6928711 0.7697754 0.7592774 0.769165 0.6928711 0.7697754 0.7641602 0.7290039 0.7641602 0.7290039 0.6928711 0.7697754 0.7246094 0.734375 0.7641602 0.7290039 0.7246094 0.734375 0.7553711 0.6884766 0.7641602 0.7290039 0.7553711 0.6884766 0.7998047 0.7041016 0.7998047 0.7041016 0.7553711 0.6884766 0.7919922 0.6667481 0.7998047 0.7041016 0.7919922 0.6667481 0.84375 0.6691895 0.84375 0.6691895 0.7919922 0.6667481 0.8505859 0.644043 0.84375 0.6691895 0.8505859 0.644043 0.8852539 0.6860352 0.8852539 0.6860352 0.8505859 0.644043 0.90625 0.6604004 0.8852539 0.6860352 0.90625 0.6604004 0.925293 0.7072754 0.925293 0.7072754 0.90625 0.6604004 0.9501953 0.6811524 0.925293 0.7072754 0.9501953 0.6811524 0.9511719 0.7363281 0.9511719 0.7363281 0.9501953 0.6811524 0.9697266 0.7182617 0.9511719 0.7363281 0.9697266 0.7182617 0.9838867 0.7512207 0.9511719 0.7363281 0.9838867 0.7512207 0.9838867 0.7697754 0.9511719 0.7363281 0.9838867 0.7697754 0.9365234 0.770874 0.9365234 0.770874 0.9838867 0.7697754 0.9838867 0.7938233 0.9365234 0.770874 0.9838867 0.7938233 0.9326172 0.7973633 0.9326172 0.7973633 0.9838867 0.7938233 0.9838867 0.8280029 0.9326172 0.7973633 0.9838867 0.8280029 0.9282227 0.8256836 0.9326172 0.7973633 0.9282227 0.8256836 0.8955078 0.7989502 0.8955078 0.7989502 0.9282227 0.8256836 0.8984375 0.8317871 0.8955078 0.7989502 0.8984375 0.8317871 0.8486328 0.8251953 0.8486328 0.8251953 0.8984375 0.8317871 0.8476563 0.8519287 0.8486328 0.8251953 0.8476563 0.8519287 0.8022461 0.8272705 0.8022461 0.8272705 0.8476563 0.8519287 0.8017578 0.8474121 0.8022461 0.8272705 0.8017578 0.8474121 0.7485352 0.8278809 0.7485352 0.8278809 0.8017578 0.8474121 0.7519531 0.861084 0.7519531 0.861084 0.8017578 0.8474121 0.8022461 0.8692627 0.8022461 0.8692627 0.8017578 0.8474121 0.8505859 0.8765869 0.8022461 0.8692627 0.8505859 0.8765869 0.8466797 0.911499 0.8466797 0.911499 0.8505859 0.8765869 0.894043 0.8808594 0.8466797 0.911499 0.894043 0.8808594 0.8916016 0.9295654 0.8916016 0.9295654 0.894043 0.8808594 0.9370117 0.87677 0.8916016 0.9295654 0.9370117 0.87677 0.9394531 0.9192505 0.7246094 0.734375 0.6928711 0.7697754 0.6928711 0.7512207 0.6928711 0.9028931 0.7504883 0.883728 0.6928711 0.9328003 0.6928711 0.9328003 0.7504883 0.883728 0.7460938 0.9143067 0.7460938 0.9143067 0.7504883 0.883728 0.7919922 0.9277954 0.7919922 0.9277954 0.7504883 0.883728 0.7978516 0.9023438 0.7919922 0.9277954 0.7978516 0.9023438 0.8432617 0.9429932 0.8461914 0.7888184 0.8955078 0.7989502 0.8486328 0.8251953 0.8461914 0.7888184 0.8486328 0.8251953 0.8022461 0.8272705 0.8461914 0.7888184 0.8022461 0.8272705 0.7993164 0.7924805 0.7993164 0.7924805 0.8022461 0.8272705 0.7485352 0.8278809 0.7993164 0.7924805 0.7485352 0.8278809 0.7543945 0.8067627 0.7993164 0.7924805 0.7543945 0.8067627 0.7592774 0.769165 0.7993164 0.7924805 0.7592774 0.769165 0.8056641 0.7541504 0.8056641 0.7541504 0.7592774 0.769165 0.7641602 0.7290039 0.8056641 0.7541504 0.7641602 0.7290039 0.7998047 0.7041016 0.8056641 0.7541504 0.7998047 0.7041016 0.8461914 0.7138672 0.8461914 0.7138672 0.7998047 0.7041016 0.84375 0.6691895 0.8461914 0.7138672 0.84375 0.6691895 0.8779297 0.7297363 0.8779297 0.7297363 0.84375 0.6691895 0.8852539 0.6860352 0.8779297 0.7297363 0.8852539 0.6860352 0.925293 0.7072754 0.8779297 0.7297363 0.925293 0.7072754 0.9077149 0.7478027 0.9077149 0.7478027 0.925293 0.7072754 0.9511719 0.7363281 0.9077149 0.7478027 0.9511719 0.7363281 0.9365234 0.770874 0.9077149 0.7478027 0.9365234 0.770874 0.9008789 0.7701416 0.9008789 0.7701416 0.9365234 0.770874 0.9326172 0.7973633 0.9008789 0.7701416 0.9326172 0.7973633 0.8955078 0.7989502 0.9008789 0.7701416 0.8955078 0.7989502 0.8461914 0.7888184 0.9008789 0.7701416 0.8461914 0.7888184 0.8530274 0.7539063 0.8530274 0.7539063 0.8461914 0.7888184 0.7993164 0.7924805 0.8530274 0.7539063 0.7993164 0.7924805 0.8056641 0.7541504 0.8530274 0.7539063 0.8056641 0.7541504 0.8461914 0.7138672 0.8530274 0.7539063 0.8461914 0.7138672 0.8779297 0.7297363 0.8530274 0.7539063 0.8779297 0.7297363 0.9008789 0.7701416 0.9008789 0.7701416 0.8779297 0.7297363 0.9077149 0.7478027 0.5195313 0.5991211 0.5029297 0.6201172 0.5068359 0.598877 0.519043 0.6203613 0.5029297 0.6201172 0.5195313 0.5991211 0.519043 0.6203613 0.5195313 0.5991211 0.5263672 0.6015625 0.519043 0.6203613 0.5263672 0.6015625 0.5258789 0.6208496 0.519043 0.6203613 0.5258789 0.6208496 0.5258789 0.6401367 0.519043 0.6203613 0.5258789 0.6401367 0.519043 0.6418457 0.519043 0.6203613 0.519043 0.6418457 0.5029297 0.6201172 0.5029297 0.6201172 0.519043 0.6418457 0.4990234 0.6416016 0.5029297 0.6201172 0.4990234 0.6416016 0.4660645 0.6413574 0.5029297 0.6201172 0.4660645 0.6413574 0.4663086 0.6198731 0.5029297 0.6201172 0.4663086 0.6198731 0.5068359 0.598877 0.5068359 0.598877 0.4663086 0.6198731 0.4665527 0.5986328 0.6420899 0.5991211 0.6445313 0.5817871 0.6225586 0.5913086 0.6225586 0.5913086 0.6445313 0.5817871 0.6298828 0.5756836 0.6298828 0.5756836 0.6445313 0.5817871 0.6567383 0.5456543 0.6567383 0.5456543 0.6445313 0.5817871 0.6674805 0.5820313 0.6567383 0.5456543 0.6674805 0.5820313 0.6826172 0.5761719 0.6826172 0.5761719 0.6674805 0.5820313 0.6889649 0.5917969 0.6889649 0.5917969 0.6674805 0.5820313 0.6704102 0.5991211 0.6704102 0.5991211 0.6674805 0.5820313 0.6445313 0.5817871 0.6704102 0.5991211 0.6445313 0.5817871 0.6420899 0.5991211 0.5727539 0.7028809 0.5473633 0.6738281 0.5732422 0.6640625 0.5727539 0.7028809 0.5732422 0.6640625 0.5996094 0.673584 0.5727539 0.7028809 0.5996094 0.673584 0.5859375 0.7075195 0.5859375 0.7075195 0.5996094 0.673584 0.6181641 0.692627 0.5859375 0.7075195 0.6181641 0.692627 0.5952149 0.717041 0.5859375 0.7075195 0.5952149 0.717041 0.5727539 0.7416992 0.5859375 0.7075195 0.5727539 0.7416992 0.5727539 0.7028809 0.5727539 0.7028809 0.5727539 0.7416992 0.5600586 0.7077637 0.5727539 0.7028809 0.5600586 0.7077637 0.5473633 0.6738281 0.5473633 0.6738281 0.5600586 0.7077637 0.5322266 0.6862793 0.5322266 0.6862793 0.5600586 0.7077637 0.5522461 0.7138672 0.5522461 0.7138672 0.5600586 0.7077637 0.5727539 0.7416992 0.6704102 0.5991211 0.6674805 0.5820313 0.6420899 0.5991211 0.6420899 0.5991211 0.6674805 0.5820313 0.6445313 0.5817871 0.6420899 0.5991211 0.6445313 0.5817871 0.6225586 0.5913086 0.6225586 0.5913086 0.6445313 0.5817871 0.6298828 0.5756836 0.6298828 0.5756836 0.6445313 0.5817871 0.6567383 0.5456543 0.6567383 0.5456543 0.6445313 0.5817871 0.6674805 0.5820313 0.6567383 0.5456543 0.6674805 0.5820313 0.6826172 0.5761719 0.6826172 0.5761719 0.6674805 0.5820313 0.6704102 0.5991211 0.6826172 0.5761719 0.6704102 0.5991211 0.6889649 0.5917969 0.6142578 0.8183594 0.6054688 0.835083 0.6298828 0.840332 0.6142578 0.8183594 0.6298828 0.840332 0.6279297 0.8087158 0.6279297 0.8087158 0.6298828 0.840332 0.644043 0.817627 0.644043 0.817627 0.6298828 0.840332 0.6577149 0.8343506 0.6298828 0.5756836 0.6445313 0.5817871 0.6225586 0.5913086 0.6225586 0.5913086 0.6445313 0.5817871 0.6420899 0.5991211 0.6420899 0.5991211 0.6445313 0.5817871 0.6704102 0.5991211 0.6704102 0.5991211 0.6445313 0.5817871 0.6674805 0.5820313 0.6704102 0.5991211 0.6674805 0.5820313 0.6889649 0.5917969 0.6889649 0.5917969 0.6674805 0.5820313 0.6826172 0.5761719 0.6826172 0.5761719 0.6674805 0.5820313 0.6567383 0.5456543 0.6567383 0.5456543 0.6674805 0.5820313 0.6445313 0.5817871 0.6567383 0.5456543 0.6445313 0.5817871 0.6298828 0.5756836 0.644043 0.817627 0.6577149 0.8343506 0.6298828 0.840332 0.644043 0.817627 0.6298828 0.840332 0.6279297 0.8087158 0.6279297 0.8087158 0.6298828 0.840332 0.6142578 0.8183594 0.6142578 0.8183594 0.6298828 0.840332 0.6054688 0.835083 0.6445313 0.5817871 0.6567383 0.5456543 0.6674805 0.5820313 0.6674805 0.5820313 0.6567383 0.5456543 0.6826172 0.5761719 0.6567383 0.5456543 0.6445313 0.5817871 0.6298828 0.5756836 0.6298828 0.5756836 0.6445313 0.5817871 0.6225586 0.5913086 0.6225586 0.5913086 0.6445313 0.5817871 0.6420899 0.5991211 0.6420899 0.5991211 0.6445313 0.5817871 0.6674805 0.5820313 0.6420899 0.5991211 0.6674805 0.5820313 0.6704102 0.5991211 0.6704102 0.5991211 0.6674805 0.5820313 0.6826172 0.5761719 0.6704102 0.5991211 0.6826172 0.5761719 0.6889649 0.5917969 0.6230469 0.7602539 0.6171875 0.7738037 0.6459961 0.7780762 0.6230469 0.7602539 0.6459961 0.7780762 0.6386719 0.7478027 0.6386719 0.7478027 0.6459961 0.7780762 0.6557617 0.7565918 0.6557617 0.7565918 0.6459961 0.7780762 0.6679688 0.7718506 0.5019531 0.598877 0.503418 0.6201172 0.5195313 0.5991211 0.5195313 0.5991211 0.503418 0.6201172 0.519043 0.6203613 0.5195313 0.5991211 0.519043 0.6203613 0.5263672 0.6015625 0.5263672 0.6015625 0.519043 0.6203613 0.5258789 0.6208496 0.5258789 0.6208496 0.519043 0.6203613 0.5258789 0.6401367 0.5258789 0.6401367 0.519043 0.6203613 0.519043 0.6418457 0.519043 0.6418457 0.519043 0.6203613 0.503418 0.6201172 0.519043 0.6418457 0.503418 0.6201172 0.5053711 0.6416016 0.5053711 0.6416016 0.503418 0.6201172 0.4660645 0.6413574 0.4660645 0.6413574 0.503418 0.6201172 0.4663086 0.6198731 0.4663086 0.6198731 0.503418 0.6201172 0.4665527 0.5986328 0.4665527 0.5986328 0.503418 0.6201172 0.5019531 0.598877 0.5068359 0.598877 0.5029297 0.6201172 0.5195313 0.5991211 0.5195313 0.5991211 0.5029297 0.6201172 0.519043 0.6203613 0.5195313 0.5991211 0.519043 0.6203613 0.5263672 0.6015625 0.5263672 0.6015625 0.519043 0.6203613 0.5258789 0.6208496 0.5258789 0.6208496 0.519043 0.6203613 0.5258789 0.6401367 0.5258789 0.6401367 0.519043 0.6203613 0.519043 0.6418457 0.519043 0.6418457 0.519043 0.6203613 0.5029297 0.6201172 0.519043 0.6418457 0.5029297 0.6201172 0.4990234 0.6416016 0.4990234 0.6416016 0.5029297 0.6201172 0.4660645 0.6413574 0.4660645 0.6413574 0.5029297 0.6201172 0.4663086 0.6198731 0.4663086 0.6198731 0.5029297 0.6201172 0.5068359 0.598877 0.4663086 0.6198731 0.5068359 0.598877 0.4665527 0.5986328 0.5942383 0.774292 0.6079102 0.793335 0.5805664 0.8005371 0.5942383 0.774292 0.5805664 0.8005371 0.5795899 0.7648926 0.5795899 0.7648926 0.5805664 0.8005371 0.5673828 0.7745361 0.5673828 0.7745361 0.5805664 0.8005371 0.5546875 0.7928467 0.847168 0.149414 0.878418 0.1132812 0.8867188 0.1596679 0.8867188 0.1596679 0.878418 0.1132812 0.9130859 0.1411132 0.9130859 0.1411132 0.878418 0.1132812 0.925293 0.1123046 0.925293 0.1123046 0.878418 0.1132812 0.9086914 0.07910156 0.9086914 0.07910156 0.878418 0.1132812 0.8735352 0.06298828 0.847168 0.149414 0.8291016 0.1210937 0.878418 0.1132812 0.878418 0.1132812 0.8291016 0.1210937 0.8359375 0.0859375 0.878418 0.1132812 0.8359375 0.0859375 0.8735352 0.06298828 0.8735352 0.06298828 0.8359375 0.0859375 0.8139649 0.04492187 0.8735352 0.06298828 0.8139649 0.04492187 0.8710938 0.02441406 0.8735352 0.06298828 0.8710938 0.02441406 0.9277344 0.03027337 0.8735352 0.06298828 0.9277344 0.03027337 0.9086914 0.07910156 0.9086914 0.07910156 0.9277344 0.03027337 0.9609375 0.0727539 0.9086914 0.07910156 0.9609375 0.0727539 0.925293 0.1123046 0.925293 0.1123046 0.9609375 0.0727539 0.9697266 0.1191406 0.925293 0.1123046 0.9697266 0.1191406 0.9638672 0.1499023 0.925293 0.1123046 0.9638672 0.1499023 0.9130859 0.1411132 0.9130859 0.1411132 0.9638672 0.1499023 0.9355469 0.184082 0.9130859 0.1411132 0.9355469 0.184082 0.8867188 0.1596679 0.8867188 0.1596679 0.9355469 0.184082 0.894043 0.1958007 0.8867188 0.1596679 0.894043 0.1958007 0.8461914 0.1889648 0.8867188 0.1596679 0.8461914 0.1889648 0.847168 0.149414 0.847168 0.149414 0.8461914 0.1889648 0.8061524 0.1625975 0.847168 0.149414 0.8061524 0.1625975 0.8291016 0.1210937 0.8291016 0.1210937 0.8061524 0.1625975 0.7919922 0.1308593 0.8291016 0.1210937 0.7919922 0.1308593 0.7944336 0.08886718 0.8291016 0.1210937 0.7944336 0.08886718 0.8359375 0.0859375 0.8359375 0.0859375 0.7944336 0.08886718 0.8139649 0.04492187 0.5258789 0.6208496 0.519043 0.6203613 0.5258789 0.6401367 0.5258789 0.6401367 0.519043 0.6203613 0.519043 0.6418457 0.519043 0.6418457 0.519043 0.6203613 0.5073242 0.6203613 0.519043 0.6418457 0.5073242 0.6203613 0.5068359 0.6416016 0.5068359 0.6416016 0.5073242 0.6203613 0.4689942 0.6413574 0.4689942 0.6413574 0.5073242 0.6203613 0.4692383 0.6198731 0.4692383 0.6198731 0.5073242 0.6203613 0.4694824 0.5986328 0.4694824 0.5986328 0.5073242 0.6203613 0.5078125 0.598877 0.5078125 0.598877 0.5073242 0.6203613 0.5195313 0.5991211 0.5195313 0.5991211 0.5073242 0.6203613 0.519043 0.6203613 0.5195313 0.5991211 0.519043 0.6203613 0.5263672 0.6015625 0.5263672 0.6015625 0.519043 0.6203613 0.5258789 0.6208496 0.5258789 0.6208496 0.5258789 0.6401367 0.519043 0.6203613 0.519043 0.6203613 0.5258789 0.6401367 0.519043 0.6418457 0.519043 0.6203613 0.519043 0.6418457 0.5073242 0.6203613 0.5073242 0.6203613 0.519043 0.6418457 0.5068359 0.6416016 0.5073242 0.6203613 0.5068359 0.6416016 0.4689942 0.6413574 0.5073242 0.6203613 0.4689942 0.6413574 0.4692383 0.6198731 0.5073242 0.6203613 0.4692383 0.6198731 0.4694824 0.5986328 0.5073242 0.6203613 0.4694824 0.5986328 0.5078125 0.598877 0.5073242 0.6203613 0.5078125 0.598877 0.5195313 0.5991211 0.5073242 0.6203613 0.5195313 0.5991211 0.519043 0.6203613 0.519043 0.6203613 0.5195313 0.5991211 0.5263672 0.6015625 0.519043 0.6203613 0.5263672 0.6015625 0.5258789 0.6208496 0.6557617 0.7565918 0.6679688 0.7718506 0.6459961 0.7780762 0.6557617 0.7565918 0.6459961 0.7780762 0.6386719 0.7478027 0.6386719 0.7478027 0.6459961 0.7780762 0.6230469 0.7602539 0.6230469 0.7602539 0.6459961 0.7780762 0.6171875 0.7738037 0.71875 0.576416 0.7368164 0.5749512 0.7397461 0.590332 0.71875 0.576416 0.7397461 0.590332 0.7167969 0.5913086 0.71875 0.576416 0.7167969 0.5913086 0.6987305 0.592041 0.71875 0.576416 0.6987305 0.592041 0.7001953 0.576416 0.71875 0.576416 0.7001953 0.576416 0.7172852 0.5441895 0.71875 0.576416 0.7172852 0.5441895 0.7368164 0.5749512 0.7368164 0.5749512 0.7397461 0.590332 0.7158203 0.5913086 0.7368164 0.5749512 0.7158203 0.5913086 0.71875 0.576416 0.71875 0.576416 0.7158203 0.5913086 0.6987305 0.592041 0.71875 0.576416 0.6987305 0.592041 0.7001953 0.576416 0.71875 0.576416 0.7001953 0.576416 0.7172852 0.5441895 0.71875 0.576416 0.7172852 0.5441895 0.7368164 0.5749512 0.71875 0.576416 0.7368164 0.5749512 0.7397461 0.590332 0.71875 0.576416 0.7397461 0.590332 0.6987305 0.592041 0.71875 0.576416 0.6987305 0.592041 0.7001953 0.576416 0.71875 0.576416 0.7001953 0.576416 0.7172852 0.5441895 0.71875 0.576416 0.7172852 0.5441895 0.7368164 0.5749512 0.71875 0.576416 0.7397461 0.590332 0.7368164 0.5749512 0.71875 0.576416 0.7368164 0.5749512 0.7172852 0.5441895 0.71875 0.576416 0.7172852 0.5441895 0.7001953 0.576416 0.71875 0.576416 0.7001953 0.576416 0.6987305 0.592041 0.71875 0.576416 0.6987305 0.592041 0.7167969 0.5913086 0.71875 0.576416 0.7167969 0.5913086 0.7397461 0.590332 0.7158203 0.5913086 0.7397461 0.590332 0.7368164 0.5749512 0.7158203 0.5913086 0.7368164 0.5749512 0.71875 0.576416 0.71875 0.576416 0.7368164 0.5749512 0.7172852 0.5441895 0.71875 0.576416 0.7172852 0.5441895 0.7001953 0.576416 0.71875 0.576416 0.7001953 0.576416 0.6987305 0.592041 0.71875 0.576416 0.6987305 0.592041 0.7158203 0.5913086 0.71875 0.576416 0.7397461 0.590332 0.7368164 0.5749512 0.71875 0.576416 0.7368164 0.5749512 0.7172852 0.5441895 0.71875 0.576416 0.7172852 0.5441895 0.7001953 0.576416 0.71875 0.576416 0.7001953 0.576416 0.6987305 0.592041 0.71875 0.576416 0.6987305 0.592041 0.7397461 0.590332 0.5019531 0.598877 0.5195313 0.5991211 0.503418 0.6201172 0.5019531 0.598877 0.503418 0.6201172 0.4665527 0.5986328 0.4665527 0.5986328 0.503418 0.6201172 0.4663086 0.6198731 0.4663086 0.6198731 0.503418 0.6201172 0.4660645 0.6413574 0.4660645 0.6413574 0.503418 0.6201172 0.5053711 0.6416016 0.5053711 0.6416016 0.503418 0.6201172 0.519043 0.6418457 0.519043 0.6418457 0.503418 0.6201172 0.519043 0.6203613 0.519043 0.6418457 0.519043 0.6203613 0.5258789 0.6401367 0.5258789 0.6401367 0.519043 0.6203613 0.5258789 0.6208496 0.5258789 0.6208496 0.519043 0.6203613 0.5263672 0.6015625 0.5263672 0.6015625 0.519043 0.6203613 0.5195313 0.5991211 0.5195313 0.5991211 0.519043 0.6203613 0.503418 0.6201172 0.5673828 0.7745361 0.5546875 0.7928467 0.5805664 0.8005371 0.5673828 0.7745361 0.5805664 0.8005371 0.5795899 0.7648926 0.5795899 0.7648926 0.5805664 0.8005371 0.5942383 0.774292 0.5942383 0.774292 0.5805664 0.8005371 0.6079102 0.793335 0.5732422 0.6640625 0.5473633 0.6738281 0.5727539 0.7028809 0.5732422 0.6640625 0.5727539 0.7028809 0.5996094 0.673584 0.5996094 0.673584 0.5727539 0.7028809 0.5859375 0.7075195 0.5996094 0.673584 0.5859375 0.7075195 0.6181641 0.692627 0.6181641 0.692627 0.5859375 0.7075195 0.5952149 0.717041 0.5952149 0.717041 0.5859375 0.7075195 0.5727539 0.7416992 0.5727539 0.7416992 0.5859375 0.7075195 0.5727539 0.7028809 0.5727539 0.7416992 0.5727539 0.7028809 0.5600586 0.7077637 0.5600586 0.7077637 0.5727539 0.7028809 0.5473633 0.6738281 0.5600586 0.7077637 0.5473633 0.6738281 0.5322266 0.6862793 0.5600586 0.7077637 0.5322266 0.6862793 0.5522461 0.7138672 0.5600586 0.7077637 0.5522461 0.7138672 0.5727539 0.7416992 0.5952149 0.717041 0.5727539 0.7416992 0.5859375 0.7075195 0.5952149 0.717041 0.5859375 0.7075195 0.6181641 0.692627 0.6181641 0.692627 0.5859375 0.7075195 0.5996094 0.673584 0.5996094 0.673584 0.5859375 0.7075195 0.5727539 0.7028809 0.5996094 0.673584 0.5727539 0.7028809 0.5732422 0.6640625 0.5732422 0.6640625 0.5727539 0.7028809 0.5473633 0.6738281 0.5473633 0.6738281 0.5727539 0.7028809 0.5600586 0.7077637 0.5473633 0.6738281 0.5600586 0.7077637 0.5322266 0.6862793 0.5322266 0.6862793 0.5600586 0.7077637 0.5522461 0.7138672 0.5522461 0.7138672 0.5600586 0.7077637 0.5727539 0.7416992 0.5727539 0.7416992 0.5600586 0.7077637 0.5727539 0.7028809 0.5727539 0.7416992 0.5727539 0.7028809 0.5859375 0.7075195</float_array>
          <technique_common>
            <accessor source="#chr582_0-mesh-map-0-array" count="5808" stride="2">
              <param name="S" type="float"/>
              <param name="T" type="float"/>
            </accessor>
          </technique_common>
        </source>
        <vertices id="chr582_0-mesh-vertices">
          <input semantic="POSITION" source="#chr582_0-mesh-positions"/>
        </vertices>
        <polylist material="chr582_mat_000-material" count="1936">
          <input semantic="VERTEX" source="#chr582_0-mesh-vertices" offset="0"/>
          <input semantic="NORMAL" source="#chr582_0-mesh-normals" offset="1"/>
          <input semantic="TEXCOORD" source="#chr582_0-mesh-map-0" offset="2" set="0"/>
          <vcount>3 3 3 3 3 3 3 3 3 3 3 3 3 3 3 3 3 3 3 3 3 3 3 3 3 3 3 3 3 3 3 3 3 3 3 3 3 3 3 3 3 3 3 3 3 3 3 3 3 3 3 3 3 3 3 3 3 3 3 3 3 3 3 3 3 3 3 3 3 3 3 3 3 3 3 3 3 3 3 3 3 3 3 3 3 3 3 3 3 3 3 3 3 3 3 3 3 3 3 3 3 3 3 3 3 3 3 3 3 3 3 3 3 3 3 3 3 3 3 3 3 3 3 3 3 3 3 3 3 3 3 3 3 3 3 3 3 3 3 3 3 3 3 3 3 3 3 3 3 3 3 3 3 3 3 3 3 3 3 3 3 3 3 3 3 3 3 3 3 3 3 3 3 3 3 3 3 3 3 3 3 3 3 3 3 3 3 3 3 3 3 3 3 3 3 3 3 3 3 3 3 3 3 3 3 3 3 3 3 3 3 3 3 3 3 3 3 3 3 3 3 3 3 3 3 3 3 3 3 3 3 3 3 3 3 3 3 3 3 3 3 3 3 3 3 3 3 3 3 3 3 3 3 3 3 3 3 3 3 3 3 3 3 3 3 3 3 3 3 3 3 3 3 3 3 3 3 3 3 3 3 3 3 3 3 3 3 3 3 3 3 3 3 3 3 3 3 3 3 3 3 3 3 3 3 3 3 3 3 3 3 3 3 3 3 3 3 3 3 3 3 3 3 3 3 3 3 3 3 3 3 3 3 3 3 3 3 3 3 3 3 3 3 3 3 3 3 3 3 3 3 3 3 3 3 3 3 3 3 3 3 3 3 3 3 3 3 3 3 3 3 3 3 3 3 3 3 3 3 3 3 3 3 3 3 3 3 3 3 3 3 3 3 3 3 3 3 3 3 3 3 3 3 3 3 3 3 3 3 3 3 3 3 3 3 3 3 3 3 3 3 3 3 3 3 3 3 3 3 3 3 3 3 3 3 3 3 3 3 3 3 3 3 3 3 3 3 3 3 3 3 3 3 3 3 3 3 3 3 3 3 3 3 3 3 3 3 3 3 3 3 3 3 3 3 3 3 3 3 3 3 3 3 3 3 3 3 3 3 3 3 3 3 3 3 3 3 3 3 3 3 3 3 3 3 3 3 3 3 3 3 3 3 3 3 3 3 3 3 3 3 3 3 3 3 3 3 3 3 3 3 3 3 3 3 3 3 3 3 3 3 3 3 3 3 3 3 3 3 3 3 3 3 3 3 3 3 3 3 3 3 3 3 3 3 3 3 3 3 3 3 3 3 3 3 3 3 3 3 3 3 3 3 3 3 3 3 3 3 3 3 3 3 3 3 3 3 3 3 3 3 3 3 3 3 3 3 3 3 3 3 3 3 3 3 3 3 3 3 3 3 3 3 3 3 3 3 3 3 3 3 3 3 3 3 3 3 3 3 3 3 3 3 3 3 3 3 3 3 3 3 3 3 3 3 3 3 3 3 3 3 3 3 3 3 3 3 3 3 3 3 3 3 3 3 3 3 3 3 3 3 3 3 3 3 3 3 3 3 3 3 3 3 3 3 3 3 3 3 3 3 3 3 3 3 3 3 3 3 3 3 3 3 3 3 3 3 3 3 3 3 3 3 3 3 3 3 3 3 3 3 3 3 3 3 3 3 3 3 3 3 3 3 3 3 3 3 3 3 3 3 3 3 3 3 3 3 3 3 3 3 3 3 3 3 3 3 3 3 3 3 3 3 3 3 3 3 3 3 3 3 3 3 3 3 3 3 3 3 3 3 3 3 3 3 3 3 3 3 3 3 3 3 3 3 3 3 3 3 3 3 3 3 3 3 3 3 3 3 3 3 3 3 3 3 3 3 3 3 3 3 3 3 3 3 3 3 3 3 3 3 3 3 3 3 3 3 3 3 3 3 3 3 3 3 3 3 3 3 3 3 3 3 3 3 3 3 3 3 3 3 3 3 3 3 3 3 3 3 3 3 3 3 3 3 3 3 3 3 3 3 3 3 3 3 3 3 3 3 3 3 3 3 3 3 3 3 3 3 3 3 3 3 3 3 3 3 3 3 3 3 3 3 3 3 3 3 3 3 3 3 3 3 3 3 3 3 3 3 3 3 3 3 3 3 3 3 3 3 3 3 3 3 3 3 3 3 3 3 3 3 3 3 3 3 3 3 3 3 3 3 3 3 3 3 3 3 3 3 3 3 3 3 3 3 3 3 3 3 3 3 3 3 3 3 3 3 3 3 3 3 3 3 3 3 3 3 3 3 3 3 3 3 3 3 3 3 3 3 3 3 3 3 3 3 3 3 3 3 3 3 3 3 3 3 3 3 3 3 3 3 3 3 3 3 3 3 3 3 3 3 3 3 3 3 3 3 3 3 3 3 3 3 3 3 3 3 3 3 3 3 3 3 3 3 3 3 3 3 3 3 3 3 3 3 3 3 3 3 3 3 3 3 3 3 3 3 3 3 3 3 3 3 3 3 3 3 3 3 3 3 3 3 3 3 3 3 3 3 3 3 3 3 3 3 3 3 3 3 3 3 3 3 3 3 3 3 3 3 3 3 3 3 3 3 3 3 3 3 3 3 3 3 3 3 3 3 3 3 3 3 3 3 3 3 3 3 3 3 3 3 3 3 3 3 3 3 3 3 3 3 3 3 3 3 3 3 3 3 3 3 3 3 3 3 3 3 3 3 3 3 3 3 3 3 3 3 3 3 3 3 3 3 3 3 3 3 3 3 3 3 3 3 3 3 3 3 3 3 3 3 3 3 3 3 3 3 3 3 3 3 3 3 3 3 3 3 3 3 3 3 3 3 3 3 3 3 3 3 3 3 3 3 3 3 3 3 3 3 3 3 3 3 3 3 3 3 3 3 3 3 3 3 3 3 3 3 3 3 3 3 3 3 3 3 3 3 3 3 3 3 3 3 3 3 3 3 3 3 3 3 3 3 3 3 3 3 3 3 3 3 3 3 3 3 3 3 3 3 3 3 3 3 3 3 3 3 3 3 3 3 3 3 3 3 3 3 3 3 3 3 3 3 3 3 3 3 3 3 3 3 3 3 3 3 3 3 3 3 3 3 3 3 3 3 3 3 3 3 3 3 3 3 3 3 3 3 3 3 3 3 3 3 3 3 3 3 3 3 3 3 3 3 3 3 3 3 3 3 3 3 3 3 3 3 3 3 3 3 3 3 3 3 3 3 3 3 3 3 3 3 3 3 3 3 3 3 3 3 3 3 3 3 3 3 3 3 3 3 3 3 3 3 3 3 3 3 3 3 3 3 3 3 3 3 3 3 3 3 3 3 3 3 3 3 3 3 3 3 3 3 3 3 3 3 3 3 3 3 3 3 3 3 3 3 3 3 3 3 3 3 3 3 3 3 3 3 3 3 3 3 3 3 3 3 3 3 3 3 3 3 3 3 3 3 3 3 3 3 3 3 3 3 3 3 3 3 3 3 3 3 3 3 3 3 3 3 3 3 3 3 3 3 3 3 3 3 3 3 3 3 3 3 3 3 3 3 3 3 3 3 3 3 3 3 3 3 3 3 3 3 3 3 3 3 3 3 3 3 3 3 3 3 3 3 3 3 3 3 3 3 3 3 3 3 3 3 3 3 3 3 3 3 3 3 3 3 3 3 3 3 3 3 3 3 3 3 3 3 3 3 3 3 3 3 3 3 3 3 3 3 3 3 3 3 3 3 3 3 3 3 3 3 3 3 3 3 3 3 3 3 3 3 3 3 3 3 3 3 3 3 3 3 3 3 3 3 3 3 3 3 3 3 3 3 3 3 3 3 3 3 3 3 3 3 3 3 3 3 3 3 3 3 3 3 3 3 3 3 3 3 3 3 3 3 3 3 3 3 3 3 3 3 3 3 3 3 3 3 3 3 3 3 3 3 3 3 3 3 3 3 3 3 3 3 3 3 3 3 3 3 3 3 3 3 3 3 3 3 3 3 3 3 3 3 3 3 3 3 3 3 3 3 3 3 3 3 3 3 3 3 3 3 3 3 3 3 3 3 3 3 3 3 3 3 3 3 3 3 3 3 3 3 3 3 3 3 3 3 3 3 3 3 3 3 3 3 3 3 3 3 3 3 3 3 3 3 3 3 3 3 3 3 3 3 3 3 3 3 3 3 3 3 3 3 3 3 3 3 3 3 3 3 3 3 3 3 3 3 3 3 3 3 3 3 3 3 3 3 3 3 3 3 3 3 3 3 3 3 3 3 3 3 3 3 3 3 3 3 3 3 3 3 3 3 3 3 3 3 3 3 3 3 3 3 3 3 3 3 3 3 3 3 3 3 3 3 3 3 3 3 3 3 3 3 3 3 3 3 3 3 3 3 3 3 3 </vcount>
          <p>181 0 0 182 1 1 179 2 2 134 3 3 135 4 4 133 5 5 133 5 6 135 4 7 161 6 8 133 5 9 161 6 10 160 7 11 160 7 12 161 6 13 164 8 14 160 7 15 164 8 16 170 9 17 160 7 18 170 9 19 169 10 20 160 7 21 169 10 22 293 11 23 293 11 24 169 10 25 178 12 26 293 11 27 178 12 28 176 13 29 176 13 30 178 12 31 177 14 32 176 13 33 177 14 34 175 15 35 176 13 36 175 15 37 179 2 38 176 13 39 179 2 40 180 16 41 180 16 42 179 2 43 182 1 44 180 16 45 182 1 46 300 17 47 180 16 48 300 17 49 297 18 50 297 18 51 300 17 52 298 19 53 297 18 54 298 19 55 294 20 56 294 20 57 298 19 58 295 21 59 294 20 60 295 21 61 296 22 62 294 20 63 296 22 64 299 23 65 294 20 66 299 23 67 162 24 68 162 24 69 299 23 70 163 25 71 162 24 72 163 25 73 160 7 74 160 7 75 163 25 76 133 5 77 133 5 78 163 25 79 279 26 80 133 5 81 279 26 82 134 3 83 299 23 84 279 26 85 163 25 86 176 13 87 180 16 88 293 11 89 293 11 90 180 16 91 297 18 92 293 11 93 297 18 94 162 24 95 162 24 96 297 18 97 294 20 98 162 24 99 160 7 100 293 11 101 135 4 102 216 27 103 161 6 104 61 28 105 62 29 106 63 30 107 61 28 108 63 30 109 59 31 110 11 32 111 10 33 112 603 34 113 603 34 114 10 33 115 73 35 116 73 35 117 10 33 118 62 29 119 62 29 120 10 33 121 9 36 122 62 29 123 9 36 124 63 30 125 63 30 126 9 36 127 522 37 128 63 30 129 522 37 130 16 38 131 63 30 132 16 38 133 59 31 134 59 31 135 16 38 136 18 39 137 59 31 138 18 39 139 60 40 140 59 31 141 60 40 142 519 41 143 59 31 144 519 41 145 61 28 146 61 28 147 519 41 148 596 42 149 9 36 150 10 33 151 11 32 152 9 36 153 11 32 154 72 43 155 522 37 156 520 44 157 16 38 158 72 43 159 11 32 160 71 45 161 72 43 162 71 45 163 604 46 164 72 43 165 604 46 166 605 47 167 72 43 168 605 47 169 9 36 170 9 36 171 605 47 172 523 48 173 9 36 174 523 48 175 522 37 176 522 37 177 523 48 178 521 49 179 522 37 180 521 49 181 520 44 182 520 44 183 521 49 184 27 50 185 520 44 186 27 50 187 29 51 188 520 44 189 29 51 190 16 38 191 16 38 192 29 51 193 17 52 194 16 38 195 17 52 196 18 39 197 18 39 198 17 52 199 19 53 200 18 39 201 19 53 202 79 54 203 18 39 204 79 54 205 60 40 206 60 40 207 79 54 208 517 55 209 60 40 210 517 55 211 518 56 212 60 40 213 518 56 214 519 41 215 519 41 216 518 56 217 593 57 218 519 41 219 593 57 220 596 42 221 596 42 222 593 57 223 599 58 224 596 42 225 599 58 226 602 59 227 602 59 228 599 58 229 598 60 230 598 60 231 599 58 232 597 61 233 597 61 234 599 58 235 593 57 236 597 61 237 593 57 238 84 62 239 84 62 240 593 57 241 80 63 242 84 62 243 80 63 244 13 64 245 13 64 246 80 63 247 43 65 248 13 64 249 43 65 250 15 66 251 13 64 252 15 66 253 14 67 254 13 64 255 14 67 256 12 68 257 13 64 258 12 68 259 84 62 260 84 62 261 12 68 262 83 69 263 84 62 264 83 69 265 597 61 266 597 61 267 83 69 268 601 70 269 601 70 270 83 69 271 600 71 272 600 71 273 83 69 274 12 68 275 80 63 276 593 57 277 518 56 278 80 63 279 518 56 280 81 72 281 81 72 282 518 56 283 517 55 284 81 72 285 517 55 286 95 73 287 81 72 288 95 73 289 93 74 290 81 72 291 93 74 292 41 75 293 81 72 294 41 75 295 80 63 296 80 63 297 41 75 298 43 65 299 27 50 300 28 76 301 29 51 302 517 55 303 370 77 304 95 73 305 370 77 306 517 55 307 79 54 308 370 77 309 79 54 310 94 78 311 94 78 312 79 54 313 19 53 314 94 78 315 19 53 316 78 79 317 78 79 318 19 53 319 17 52 320 78 79 321 17 52 322 77 80 323 77 80 324 17 52 325 29 51 326 77 80 327 29 51 328 30 81 329 30 81 330 29 51 331 28 76 332 30 81 333 28 76 334 503 82 335 30 81 336 503 82 337 502 83 338 502 83 339 503 82 340 525 84 341 502 83 342 525 84 343 86 85 344 86 85 345 525 84 346 524 86 347 86 85 348 524 86 349 532 87 350 86 85 351 532 87 352 85 88 353 85 88 354 532 87 355 367 89 356 85 88 357 367 89 358 94 78 359 94 78 360 367 89 361 370 77 362 370 77 363 367 89 364 368 90 365 370 77 366 368 90 367 95 73 368 95 73 369 368 90 370 92 91 371 95 73 372 92 91 373 93 74 374 93 74 375 92 91 376 75 92 377 93 74 378 75 92 379 41 75 380 41 75 381 75 92 382 42 93 383 41 75 384 42 93 385 43 65 386 43 65 387 42 93 388 39 94 389 43 65 390 39 94 391 15 66 392 15 66 393 39 94 394 40 95 395 15 66 396 40 95 397 38 96 398 15 66 399 38 96 400 14 67 401 14 67 402 38 96 403 82 97 404 94 78 405 78 79 406 85 88 407 85 88 408 78 79 409 86 85 410 86 85 411 78 79 412 77 80 413 86 85 414 77 80 415 30 81 416 86 85 417 30 81 418 502 83 419 91 98 420 75 92 421 92 91 422 526 99 423 525 84 424 503 82 425 40 95 426 39 94 427 74 100 428 74 100 429 39 94 430 42 93 431 74 100 432 42 93 433 75 92 434 74 100 435 75 92 436 76 101 437 76 101 438 75 92 439 91 98 440 76 101 441 91 98 442 501 102 443 501 102 444 91 98 445 528 103 446 528 103 447 91 98 448 527 104 449 527 104 450 91 98 451 529 105 452 529 105 453 91 98 454 92 91 455 529 105 456 92 91 457 530 106 458 530 106 459 92 91 460 368 90 461 530 106 462 368 90 463 531 107 464 531 107 465 368 90 466 367 89 467 531 107 468 367 89 469 532 87 470 53 108 471 55 109 472 54 110 473 53 108 474 54 110 475 52 111 476 52 111 477 54 110 478 56 112 479 56 112 480 54 110 481 66 113 482 121 114 483 123 115 484 122 116 485 147 117 486 114 118 487 122 116 488 122 116 489 114 118 490 113 119 491 122 116 492 113 119 493 121 114 494 121 114 495 113 119 496 128 120 497 128 120 498 113 119 499 115 121 500 115 121 501 113 119 502 114 118 503 115 121 504 114 118 505 116 122 506 147 117 507 612 123 508 611 124 509 147 117 510 611 124 511 114 118 512 114 118 513 611 124 514 610 125 515 114 118 516 610 125 517 116 122 518 116 122 519 610 125 520 124 126 521 116 122 522 124 126 523 115 121 524 115 121 525 124 126 526 112 127 527 115 121 528 112 127 529 128 120 530 128 120 531 112 127 532 110 128 533 110 128 534 112 127 535 111 129 536 110 128 537 111 129 538 109 130 539 124 126 540 111 129 541 112 127 542 136 131 543 111 129 544 124 126 545 136 131 546 124 126 547 609 132 548 609 132 549 124 126 550 610 125 551 608 133 552 136 131 553 609 132 554 48 134 555 65 135 556 49 136 557 48 134 558 49 136 559 50 137 560 50 137 561 49 136 562 51 138 563 51 138 564 49 136 565 64 139 566 103 140 567 104 141 568 105 142 569 106 143 570 620 144 571 619 145 572 106 143 573 619 145 574 626 146 575 106 143 576 626 146 577 107 147 578 107 147 579 626 146 580 108 148 581 107 147 582 108 148 583 104 141 584 107 147 585 104 141 586 106 143 587 106 143 588 104 141 589 103 140 590 106 143 591 103 140 592 620 144 593 620 144 594 103 140 595 105 142 596 620 144 597 105 142 598 621 149 599 625 150 600 108 148 601 626 146 602 1 151 603 4 152 604 3 153 605 3 153 606 4 152 607 5 154 608 3 153 609 5 154 610 7 155 611 314 156 612 312 157 613 315 158 614 315 158 615 312 157 616 469 159 617 315 158 618 469 159 619 470 160 620 470 160 621 469 159 622 330 161 623 470 160 624 330 161 625 331 162 626 331 162 627 330 161 628 324 163 629 331 162 630 324 163 631 323 164 632 323 164 633 324 163 634 322 165 635 322 165 636 324 163 637 321 166 638 322 165 639 321 166 640 4 152 641 4 152 642 321 166 643 5 154 644 5 154 645 321 166 646 6 167 647 5 154 648 6 167 649 7 155 650 7 155 651 6 167 652 351 168 653 7 155 654 351 168 655 357 169 656 7 155 657 357 169 658 8 170 659 7 155 660 8 170 661 3 153 662 3 153 663 8 170 664 2 171 665 3 153 666 2 171 667 1 151 668 1 151 669 2 171 670 0 172 671 469 159 672 329 173 673 330 161 674 330 161 675 329 173 676 326 174 677 330 161 678 326 174 679 324 163 680 324 163 681 326 174 682 325 175 683 324 163 684 325 175 685 321 166 686 321 166 687 325 175 688 6 167 689 6 167 690 325 175 691 352 176 692 6 167 693 352 176 694 351 168 695 336 177 696 352 176 697 325 175 698 336 177 699 325 175 700 326 174 701 336 177 702 326 174 703 335 178 704 335 178 705 326 174 706 329 173 707 332 179 708 334 180 709 359 181 710 359 181 711 334 180 712 360 182 713 359 181 714 360 182 715 358 183 716 358 183 717 360 182 718 361 184 719 358 183 720 361 184 721 362 185 722 362 185 723 361 184 724 356 186 725 362 185 726 356 186 727 354 187 728 354 187 729 356 186 730 355 188 731 354 187 732 355 188 733 353 189 734 353 189 735 355 188 736 478 190 737 353 189 738 478 190 739 477 191 740 477 191 741 478 190 742 493 192 743 477 191 744 493 192 745 485 193 746 485 193 747 493 192 748 484 194 749 485 193 750 484 194 751 465 195 752 485 193 753 465 195 754 413 196 755 413 196 756 465 195 757 466 197 758 413 196 759 466 197 760 308 198 761 308 198 762 466 197 763 463 199 764 308 198 765 463 199 766 306 200 767 306 200 768 463 199 769 310 201 770 306 200 771 310 201 772 307 202 773 307 202 774 310 201 775 309 203 776 309 203 777 310 201 778 461 204 779 309 203 780 461 204 781 462 205 782 462 205 783 461 204 784 468 206 785 462 205 786 468 206 787 467 207 788 467 207 789 468 206 790 579 208 791 467 207 792 579 208 793 578 209 794 578 209 795 579 208 796 415 210 797 578 209 798 415 210 799 414 211 800 414 211 801 415 210 802 416 212 803 416 212 804 415 210 805 417 213 806 416 212 807 417 213 808 558 214 809 558 214 810 417 213 811 559 215 812 558 214 813 559 215 814 584 216 815 584 216 816 559 215 817 585 217 818 585 217 819 559 215 820 560 218 821 585 217 822 560 218 823 586 219 824 586 219 825 560 218 826 587 220 827 587 220 828 560 218 829 567 221 830 587 220 831 567 221 832 588 222 833 588 222 834 567 221 835 562 223 836 588 222 837 562 223 838 563 224 839 563 224 840 562 223 841 491 225 842 563 224 843 491 225 844 492 226 845 492 226 846 491 225 847 490 227 848 492 226 849 490 227 850 497 228 851 497 228 852 490 227 853 498 229 854 497 228 855 498 229 856 499 230 857 499 230 858 498 229 859 573 231 860 499 230 861 573 231 862 500 232 863 500 232 864 573 231 865 493 192 866 500 232 867 493 192 868 478 190 869 500 232 870 478 190 871 479 233 872 479 233 873 478 190 874 355 188 875 479 233 876 355 188 877 480 234 878 480 234 879 355 188 880 380 235 881 380 235 882 355 188 883 356 186 884 380 235 885 356 186 886 381 236 887 381 236 888 356 186 889 361 184 890 381 236 891 361 184 892 374 237 893 374 237 894 361 184 895 360 182 896 374 237 897 360 182 898 373 238 899 373 238 900 360 182 901 334 180 902 373 238 903 334 180 904 371 239 905 371 239 906 334 180 907 333 240 908 371 239 909 333 240 910 364 241 911 364 241 912 333 240 913 366 242 914 366 242 915 333 240 916 90 243 917 366 242 918 90 243 919 369 244 920 369 244 921 90 243 922 88 245 923 369 244 924 88 245 925 504 246 926 504 246 927 88 245 928 509 247 929 504 246 930 509 247 931 507 248 932 507 248 933 509 247 934 508 249 935 507 248 936 508 249 937 506 250 938 506 250 939 508 249 940 410 251 941 506 250 942 410 251 943 551 252 944 551 252 945 410 251 946 553 253 947 551 252 948 553 253 949 554 254 950 554 254 951 553 253 952 595 255 953 595 255 954 553 253 955 556 256 956 595 255 957 556 256 958 594 257 959 594 257 960 556 256 961 555 258 962 555 258 963 556 256 964 407 259 965 555 258 966 407 259 967 406 260 968 406 260 969 407 259 970 405 261 971 406 260 972 405 261 973 320 262 974 320 262 975 405 261 976 317 263 977 320 262 978 317 263 979 319 264 980 319 264 981 317 263 982 316 265 983 316 265 984 317 263 985 318 266 986 316 265 987 318 266 988 314 156 989 314 156 990 318 266 991 313 267 992 314 156 993 313 267 994 312 157 995 312 157 996 313 267 997 311 268 998 312 157 999 311 268 1000 469 159 1001 469 159 1002 311 268 1003 327 269 1004 469 159 1005 327 269 1006 329 173 1007 329 173 1008 327 269 1009 328 270 1010 329 173 1011 328 270 1012 335 178 1013 335 178 1014 328 270 1015 358 183 1016 335 178 1017 358 183 1018 362 185 1019 335 178 1020 362 185 1021 336 177 1022 336 177 1023 362 185 1024 354 187 1025 336 177 1026 354 187 1027 352 176 1028 352 176 1029 354 187 1030 353 189 1031 352 176 1032 353 189 1033 351 168 1034 351 168 1035 353 189 1036 477 191 1037 351 168 1038 477 191 1039 357 169 1040 357 169 1041 477 191 1042 485 193 1043 357 169 1044 485 193 1045 413 196 1046 357 169 1047 413 196 1048 8 170 1049 8 170 1050 413 196 1051 308 198 1052 8 170 1053 308 198 1054 2 171 1055 2 171 1056 308 198 1057 306 200 1058 2 171 1059 306 200 1060 0 172 1061 0 172 1062 306 200 1063 307 202 1064 572 271 1065 484 194 1066 493 192 1067 572 271 1068 493 192 1069 573 231 1070 504 246 1071 505 272 1072 369 244 1073 317 263 1074 405 261 1075 404 273 1076 317 263 1077 404 273 1078 318 266 1079 318 266 1080 404 273 1081 510 274 1082 318 266 1083 510 274 1084 313 267 1085 313 267 1086 510 274 1087 87 275 1088 313 267 1089 87 275 1090 89 276 1091 313 267 1092 89 276 1093 311 268 1094 311 268 1095 89 276 1096 557 277 1097 311 268 1098 557 277 1099 327 269 1100 327 269 1101 557 277 1102 328 270 1103 328 270 1104 557 277 1105 359 181 1106 328 270 1107 359 181 1108 358 183 1109 89 276 1110 332 179 1111 557 277 1112 557 277 1113 332 179 1114 359 181 1115 333 240 1116 334 180 1117 332 179 1118 333 240 1119 332 179 1120 90 243 1121 90 243 1122 332 179 1123 89 276 1124 90 243 1125 89 276 1126 88 245 1127 88 245 1128 89 276 1129 87 275 1130 88 245 1131 87 275 1132 509 247 1133 509 247 1134 87 275 1135 510 274 1136 509 247 1137 510 274 1138 508 249 1139 508 249 1140 510 274 1141 404 273 1142 508 249 1143 404 273 1144 408 278 1145 408 278 1146 404 273 1147 405 261 1148 408 278 1149 405 261 1150 407 259 1151 408 278 1152 407 259 1153 409 279 1154 409 279 1155 407 259 1156 556 256 1157 409 279 1158 556 256 1159 553 253 1160 409 279 1161 553 253 1162 410 251 1163 409 279 1164 410 251 1165 408 278 1166 408 278 1167 410 251 1168 508 249 1169 465 195 1170 583 280 1171 466 197 1172 466 197 1173 583 280 1174 571 281 1175 466 197 1176 571 281 1177 463 199 1178 463 199 1179 571 281 1180 464 282 1181 463 199 1182 464 282 1183 310 201 1184 310 201 1185 464 282 1186 461 204 1187 461 204 1188 464 282 1189 471 283 1190 461 204 1191 471 283 1192 468 206 1193 468 206 1194 471 283 1195 580 284 1196 468 206 1197 580 284 1198 579 208 1199 579 208 1200 580 284 1201 415 210 1202 415 210 1203 580 284 1204 487 285 1205 415 210 1206 487 285 1207 417 213 1208 417 213 1209 487 285 1210 488 286 1211 417 213 1212 488 286 1213 559 215 1214 559 215 1215 488 286 1216 560 218 1217 560 218 1218 488 286 1219 567 221 1220 567 221 1221 488 286 1222 561 287 1223 567 221 1224 561 287 1225 562 223 1226 562 223 1227 561 287 1228 491 225 1229 491 225 1230 561 287 1231 489 288 1232 491 225 1233 489 288 1234 490 227 1235 489 288 1236 561 287 1237 569 289 1238 569 289 1239 561 287 1240 488 286 1241 569 289 1242 488 286 1243 487 285 1244 569 289 1245 487 285 1246 568 290 1247 568 290 1248 487 285 1249 581 291 1250 581 291 1251 487 285 1252 580 284 1253 581 291 1254 580 284 1255 486 292 1256 486 292 1257 580 284 1258 471 283 1259 486 292 1260 471 283 1261 464 282 1262 486 292 1263 464 282 1264 571 281 1265 486 292 1266 571 281 1267 583 280 1268 497 228 1269 566 293 1270 565 294 1271 497 228 1272 565 294 1273 492 226 1274 492 226 1275 565 294 1276 564 295 1277 492 226 1278 564 295 1279 563 224 1280 451 296 1281 381 236 1282 374 237 1283 451 296 1284 374 237 1285 452 297 1286 452 297 1287 374 237 1288 429 298 1289 429 298 1290 374 237 1291 373 238 1292 429 298 1293 373 238 1294 372 299 1295 372 299 1296 373 238 1297 363 300 1298 363 300 1299 373 238 1300 371 239 1301 363 300 1302 371 239 1303 364 241 1304 363 300 1305 364 241 1306 365 301 1307 437 302 1308 444 303 1309 445 304 1310 437 302 1311 445 304 1312 452 297 1313 437 302 1314 452 297 1315 429 298 1316 516 305 1317 505 272 1318 515 306 1319 515 306 1320 505 272 1321 504 246 1322 515 306 1323 504 246 1324 507 248 1325 515 306 1326 507 248 1327 536 307 1328 536 307 1329 507 248 1330 506 250 1331 536 307 1332 506 250 1333 552 308 1334 552 308 1335 506 250 1336 551 252 1337 552 308 1338 551 252 1339 539 309 1340 552 308 1341 539 309 1342 535 310 1343 552 308 1344 535 310 1345 536 307 1346 536 307 1347 535 310 1348 512 311 1349 536 307 1350 512 311 1351 515 306 1352 515 306 1353 512 311 1354 511 312 1355 515 306 1356 511 312 1357 516 305 1358 516 305 1359 511 312 1360 534 313 1361 534 313 1362 511 312 1363 390 314 1364 534 313 1365 390 314 1366 388 315 1367 388 315 1368 390 314 1369 389 316 1370 388 315 1371 389 316 1372 387 317 1373 388 315 1374 387 317 1375 365 301 1376 365 301 1377 387 317 1378 396 318 1379 365 301 1380 396 318 1381 363 300 1382 363 300 1383 396 318 1384 397 319 1385 363 300 1386 397 319 1387 372 299 1388 372 299 1389 397 319 1390 399 320 1391 372 299 1392 399 320 1393 429 298 1394 429 298 1395 399 320 1396 436 321 1397 429 298 1398 436 321 1399 437 302 1400 437 302 1401 436 321 1402 439 322 1403 437 302 1404 439 322 1405 444 303 1406 444 303 1407 439 322 1408 481 323 1409 444 303 1410 481 323 1411 482 324 1412 482 324 1413 481 323 1414 483 325 1415 482 324 1416 483 325 1417 479 233 1418 482 324 1419 479 233 1420 480 234 1421 396 318 1422 387 317 1423 397 319 1424 551 252 1425 554 254 1426 550 326 1427 551 252 1428 550 326 1429 539 309 1430 539 309 1431 550 326 1432 538 327 1433 539 309 1434 538 327 1435 537 328 1436 539 309 1437 537 328 1438 535 310 1439 535 310 1440 537 328 1441 514 329 1442 535 310 1443 514 329 1444 512 311 1445 512 311 1446 514 329 1447 513 330 1448 512 311 1449 513 330 1450 511 312 1451 511 312 1452 513 330 1453 533 331 1454 511 312 1455 533 331 1456 390 314 1457 390 314 1458 533 331 1459 392 332 1460 390 314 1461 392 332 1462 389 316 1463 389 316 1464 392 332 1465 391 333 1466 389 316 1467 391 333 1468 387 317 1469 387 317 1470 391 333 1471 398 334 1472 387 317 1473 398 334 1474 397 319 1475 397 319 1476 398 334 1477 395 335 1478 397 319 1479 395 335 1480 399 320 1481 399 320 1482 395 335 1483 394 336 1484 399 320 1485 394 336 1486 436 321 1487 436 321 1488 394 336 1489 438 337 1490 436 321 1491 438 337 1492 439 322 1493 439 322 1494 438 337 1495 542 338 1496 439 322 1497 542 338 1498 481 323 1499 481 323 1500 542 338 1501 544 339 1502 481 323 1503 544 339 1504 483 325 1505 483 325 1506 544 339 1507 541 340 1508 483 325 1509 541 340 1510 479 233 1511 479 233 1512 541 340 1513 500 232 1514 500 232 1515 541 340 1516 499 230 1517 499 230 1518 541 340 1519 570 341 1520 499 230 1521 570 341 1522 497 228 1523 497 228 1524 570 341 1525 545 342 1526 497 228 1527 545 342 1528 566 293 1529 566 293 1530 545 342 1531 549 343 1532 566 293 1533 549 343 1534 565 294 1535 565 294 1536 549 343 1537 591 344 1538 565 294 1539 591 344 1540 564 295 1541 564 295 1542 591 344 1543 589 345 1544 564 295 1545 589 345 1546 563 224 1547 563 224 1548 589 345 1549 590 346 1550 563 224 1551 590 346 1552 588 222 1553 394 336 1554 411 347 1555 438 337 1556 438 337 1557 411 347 1558 472 348 1559 438 337 1560 472 348 1561 542 338 1562 542 338 1563 472 348 1564 475 349 1565 542 338 1566 475 349 1567 544 339 1568 544 339 1569 475 349 1570 476 350 1571 544 339 1572 476 350 1573 545 342 1574 544 339 1575 545 342 1576 541 340 1577 541 340 1578 545 342 1579 570 341 1580 398 334 1581 391 333 1582 383 351 1583 398 334 1584 383 351 1585 395 335 1586 395 335 1587 383 351 1588 385 352 1589 395 335 1590 385 352 1591 394 336 1592 394 336 1593 385 352 1594 412 353 1595 394 336 1596 412 353 1597 411 347 1598 411 347 1599 412 353 1600 421 354 1601 411 347 1602 421 354 1603 472 348 1604 472 348 1605 421 354 1606 473 355 1607 472 348 1608 473 355 1609 475 349 1610 475 349 1611 473 355 1612 459 356 1613 475 349 1614 459 356 1615 476 350 1616 476 350 1617 459 356 1618 458 357 1619 458 357 1620 459 356 1621 460 358 1622 458 357 1623 460 358 1624 456 359 1625 456 359 1626 460 358 1627 453 360 1628 456 359 1629 453 360 1630 540 361 1631 540 361 1632 453 360 1633 424 362 1634 540 361 1635 424 362 1636 402 363 1637 412 353 1638 419 364 1639 421 354 1640 421 354 1641 419 364 1642 426 365 1643 421 354 1644 426 365 1645 473 355 1646 473 355 1647 426 365 1648 459 356 1649 459 356 1650 426 365 1651 474 366 1652 459 356 1653 474 366 1654 460 358 1655 460 358 1656 474 366 1657 454 367 1658 460 358 1659 454 367 1660 453 360 1661 453 360 1662 454 367 1663 422 368 1664 453 360 1665 422 368 1666 424 362 1667 427 369 1668 422 368 1669 454 367 1670 427 369 1671 454 367 1672 426 365 1673 426 365 1674 454 367 1675 474 366 1676 419 364 1677 427 369 1678 426 365 1679 391 333 1680 392 332 1681 393 370 1682 391 333 1683 393 370 1684 383 351 1685 383 351 1686 393 370 1687 384 371 1688 383 351 1689 384 371 1690 385 352 1691 385 352 1692 384 371 1693 386 372 1694 385 352 1695 386 372 1696 412 353 1697 412 353 1698 386 372 1699 418 373 1700 412 353 1701 418 373 1702 419 364 1703 419 364 1704 418 373 1705 420 374 1706 419 364 1707 420 374 1708 427 369 1709 427 369 1710 420 374 1711 428 375 1712 427 369 1713 428 375 1714 422 368 1715 422 368 1716 428 375 1717 423 376 1718 422 368 1719 423 376 1720 424 362 1721 424 362 1722 423 376 1723 425 377 1724 424 362 1725 425 377 1726 402 363 1727 402 363 1728 425 377 1729 400 378 1730 402 363 1731 400 378 1732 401 379 1733 402 363 1734 401 379 1735 403 380 1736 402 363 1737 403 380 1738 653 381 1739 402 363 1740 653 381 1741 540 361 1742 540 361 1743 653 381 1744 697 382 1745 540 361 1746 697 382 1747 457 383 1748 540 361 1749 457 383 1750 456 359 1751 456 359 1752 457 383 1753 455 384 1754 456 359 1755 455 384 1756 543 385 1757 456 359 1758 543 385 1759 458 357 1760 458 357 1761 543 385 1762 547 386 1763 458 357 1764 547 386 1765 546 387 1766 458 357 1767 546 387 1768 476 350 1769 476 350 1770 546 387 1771 548 388 1772 476 350 1773 548 388 1774 545 342 1775 545 342 1776 548 388 1777 549 343 1778 45 389 1779 44 390 1780 36 391 1781 45 389 1782 36 391 1783 35 392 1784 35 392 1785 36 391 1786 37 393 1787 37 393 1788 36 391 1789 57 394 1790 1372 395 1791 1414 396 1792 1374 397 1793 1369 398 1794 1370 399 1795 1368 400 1796 1369 398 1797 1368 400 1798 1372 395 1799 1369 398 1800 1372 395 1801 1373 401 1802 1373 401 1803 1372 395 1804 1374 397 1805 1373 401 1806 1374 397 1807 1380 402 1808 1373 401 1809 1380 402 1810 1369 398 1811 1369 398 1812 1380 402 1813 1371 403 1814 1369 398 1815 1371 403 1816 1370 399 1817 32 404 1818 34 405 1819 33 406 1820 32 404 1821 33 406 1822 31 407 1823 31 407 1824 33 406 1825 69 408 1826 69 408 1827 33 406 1828 70 409 1829 927 410 1830 920 411 1831 919 412 1832 929 413 1833 925 414 1834 928 415 1835 928 415 1836 925 414 1837 927 410 1838 927 410 1839 925 414 1840 920 411 1841 920 411 1842 925 414 1843 918 416 1844 918 416 1845 925 414 1846 913 417 1847 913 417 1848 925 414 1849 926 418 1850 913 417 1851 926 418 1852 914 419 1853 913 417 1854 914 419 1855 915 420 1856 926 418 1857 925 414 1858 929 413 1859 926 418 1860 929 413 1861 1360 421 1862 1360 421 1863 1361 422 1864 1359 423 1865 1360 421 1866 1359 423 1867 926 418 1868 926 418 1869 1359 423 1870 1362 424 1871 926 418 1872 1362 424 1873 914 419 1874 914 419 1875 1362 424 1876 1363 425 1877 914 419 1878 1363 425 1879 915 420 1880 915 420 1881 1363 425 1882 916 426 1883 915 420 1884 916 426 1885 913 417 1886 913 417 1887 916 426 1888 917 427 1889 913 417 1890 917 427 1891 918 416 1892 918 416 1893 917 427 1894 1365 428 1895 918 416 1896 1365 428 1897 1366 429 1898 918 416 1899 1366 429 1900 920 411 1901 920 411 1902 1366 429 1903 921 430 1904 920 411 1905 921 430 1906 919 412 1907 919 412 1908 921 430 1909 922 431 1910 1365 428 1911 917 427 1912 1364 432 1913 1364 432 1914 917 427 1915 916 426 1916 1364 432 1917 916 426 1918 1363 425 1919 1345 433 1920 1346 434 1921 852 435 1922 1344 436 1923 1345 433 1924 851 437 1925 851 437 1926 1345 433 1927 852 435 1928 851 437 1929 852 435 1930 853 438 1931 1339 439 1932 1340 440 1933 822 441 1934 818 442 1935 819 443 1936 817 444 1937 818 442 1938 817 444 1939 1334 445 1940 1334 445 1941 817 444 1942 820 446 1943 1334 445 1944 820 446 1945 1333 447 1946 1333 447 1947 820 446 1948 1340 440 1949 1340 440 1950 820 446 1951 821 448 1952 1340 440 1953 821 448 1954 822 441 1955 822 441 1956 821 448 1957 819 443 1958 819 443 1959 821 448 1960 820 446 1961 819 443 1962 820 446 1963 817 444 1964 1335 449 1965 818 442 1966 1334 445 1967 1336 450 1968 840 451 1969 1337 452 1970 1338 453 1971 1337 452 1972 839 454 1973 839 454 1974 1337 452 1975 840 451 1976 839 454 1977 840 451 1978 841 438 1979 1324 455 1980 838 456 1981 1322 457 1982 826 458 1983 824 459 1984 838 456 1985 838 456 1986 824 459 1987 850 460 1988 838 456 1989 850 460 1990 1322 457 1991 1322 457 1992 850 460 1993 1323 461 1994 823 462 1995 824 459 1996 825 463 1997 825 463 1998 824 459 1999 826 458 2000 825 463 2001 826 458 2002 842 464 2003 842 464 2004 826 458 2005 828 465 2006 828 465 2007 826 458 2008 838 456 2009 828 465 2010 838 456 2011 830 466 2012 830 466 2013 838 456 2014 1324 455 2015 830 466 2016 1324 455 2017 829 467 2018 829 467 2019 1324 455 2020 1325 468 2021 829 467 2022 1325 468 2023 861 469 2024 861 469 2025 1325 468 2026 1326 470 2027 829 467 2028 861 469 2029 835 471 2030 829 467 2031 835 471 2032 827 472 2033 827 472 2034 835 471 2035 836 473 2036 827 472 2037 836 473 2038 842 464 2039 827 472 2040 842 464 2041 828 465 2042 827 472 2043 828 465 2044 829 467 2045 829 467 2046 828 465 2047 830 466 2048 836 473 2049 835 471 2050 837 474 2051 24 475 2052 58 476 2053 25 477 2054 24 475 2055 25 477 2056 26 478 2057 26 478 2058 25 477 2059 47 479 2060 47 479 2061 25 477 2062 46 480 2063 943 481 2064 971 482 2065 978 483 2066 860 484 2067 833 485 2068 834 486 2069 834 486 2070 833 485 2071 832 487 2072 834 486 2073 832 487 2074 901 488 2075 901 488 2076 832 487 2077 899 489 2078 901 488 2079 899 489 2080 900 490 2081 901 488 2082 900 490 2083 902 491 2084 901 488 2085 902 491 2086 972 492 2087 972 492 2088 902 491 2089 908 493 2090 972 492 2091 908 493 2092 907 494 2093 907 494 2094 908 493 2095 909 495 2096 907 494 2097 909 495 2098 911 496 2099 907 494 2100 911 496 2101 912 497 2102 912 497 2103 911 496 2104 923 498 2105 912 497 2106 923 498 2107 979 499 2108 912 497 2109 979 499 2110 977 500 2111 977 500 2112 979 499 2113 976 501 2114 977 500 2115 976 501 2116 974 502 2117 974 502 2118 976 501 2119 975 503 2120 974 502 2121 975 503 2122 973 504 2123 974 502 2124 973 504 2125 978 483 2126 974 502 2127 978 483 2128 970 505 2129 970 505 2130 978 483 2131 971 482 2132 970 505 2133 971 482 2134 901 488 2135 901 488 2136 971 482 2137 834 486 2138 834 486 2139 971 482 2140 943 481 2141 834 486 2142 943 481 2143 860 484 2144 977 500 2145 974 502 2146 970 505 2147 907 494 2148 912 497 2149 972 492 2150 972 492 2151 912 497 2152 977 500 2153 972 492 2154 977 500 2155 970 505 2156 972 492 2157 970 505 2158 901 488 2159 923 498 2160 911 496 2161 924 506 2162 831 507 2163 832 487 2164 833 485 2165 909 495 2166 908 493 2167 910 508 2168 68 509 2169 67 510 2170 21 511 2171 68 509 2172 21 511 2173 20 512 2174 20 512 2175 21 511 2176 22 513 2177 22 513 2178 21 511 2179 23 514 2180 1013 515 2181 877 516 2182 993 517 2183 848 518 2184 849 519 2185 847 520 2186 848 518 2187 847 520 2188 875 521 2189 875 521 2190 847 520 2191 874 522 2192 875 521 2193 874 522 2194 878 523 2195 878 523 2196 874 522 2197 884 524 2198 884 524 2199 874 522 2200 883 525 2201 883 525 2202 874 522 2203 1007 526 2204 883 525 2205 1007 526 2206 892 527 2207 892 527 2208 1007 526 2209 891 528 2210 892 527 2211 891 528 2212 890 529 2213 890 529 2214 891 528 2215 889 530 2216 889 530 2217 891 528 2218 893 531 2219 893 531 2220 891 528 2221 894 532 2222 893 531 2223 894 532 2224 896 533 2225 896 533 2226 894 532 2227 1014 534 2228 1014 534 2229 894 532 2230 1012 535 2231 1014 534 2232 1012 535 2233 1011 536 2234 1011 536 2235 1012 535 2236 1008 537 2237 1011 536 2238 1008 537 2239 1010 538 2240 1010 538 2241 1008 537 2242 1009 539 2243 1009 539 2244 1008 537 2245 1013 515 2246 1013 515 2247 1008 537 2248 876 540 2249 1013 515 2250 876 540 2251 877 516 2252 877 516 2253 876 540 2254 874 522 2255 877 516 2256 874 522 2257 847 520 2258 877 516 2259 847 520 2260 993 517 2261 993 517 2262 847 520 2263 849 519 2264 1008 537 2265 1012 535 2266 876 540 2267 876 540 2268 1012 535 2269 1007 526 2270 876 540 2271 1007 526 2272 874 522 2273 1007 526 2274 1012 535 2275 894 532 2276 1007 526 2277 894 532 2278 891 528 2279 895 541 2280 893 531 2281 896 533 2282 848 518 2283 875 521 2284 930 542 2285 964 543 2286 935 544 2287 959 545 2288 964 543 2289 959 545 2290 962 546 2291 962 546 2292 959 545 2293 939 547 2294 939 547 2295 959 545 2296 958 548 2297 937 549 2298 935 544 2299 936 550 2300 936 550 2301 935 544 2302 964 543 2303 936 550 2304 964 543 2305 963 551 2306 963 551 2307 964 543 2308 965 552 2309 965 552 2310 964 543 2311 966 553 2312 966 553 2313 964 543 2314 962 546 2315 966 553 2316 962 546 2317 961 554 2318 961 554 2319 962 546 2320 941 555 2321 941 555 2322 962 546 2323 939 547 2324 941 555 2325 939 547 2326 940 556 2327 940 556 2328 939 547 2329 956 557 2330 956 557 2331 939 547 2332 958 548 2333 956 557 2334 958 548 2335 957 558 2336 957 558 2337 958 548 2338 959 545 2339 957 558 2340 959 545 2341 960 559 2342 960 559 2343 959 545 2344 935 544 2345 960 559 2346 935 544 2347 937 549 2348 937 549 2349 936 550 2350 938 560 2351 955 561 2352 956 557 2353 957 558 2354 941 555 2355 940 556 2356 942 562 2357 1088 563 2358 1143 564 2359 1087 565 2360 1256 566 2361 1186 567 2362 1152 568 2363 1256 566 2364 1152 568 2365 1153 569 2366 1153 569 2367 1152 568 2368 1150 570 2369 1153 569 2370 1150 570 2371 1151 571 2372 1151 571 2373 1150 570 2374 1143 564 2375 1151 571 2376 1143 564 2377 1166 572 2378 1166 572 2379 1143 564 2380 1088 563 2381 1166 572 2382 1088 563 2383 1165 573 2384 1165 573 2385 1088 563 2386 1095 574 2387 1166 572 2388 1158 575 2389 1151 571 2390 1151 571 2391 1158 575 2392 1159 576 2393 1151 571 2394 1159 576 2395 1153 569 2396 1153 569 2397 1159 576 2398 1196 577 2399 1153 569 2400 1196 577 2401 1256 566 2402 1159 576 2403 1195 578 2404 1196 577 2405 1116 579 2406 1137 580 2407 1254 581 2408 1254 581 2409 1137 580 2410 1168 582 2411 1254 581 2412 1168 582 2413 1171 583 2414 1171 583 2415 1168 582 2416 1173 584 2417 1171 583 2418 1173 584 2419 1172 585 2420 1172 585 2421 1173 584 2422 1174 586 2423 1172 585 2424 1174 586 2425 1190 587 2426 1190 587 2427 1174 586 2428 1189 588 2429 1189 588 2430 1174 586 2431 1187 589 2432 1189 588 2433 1187 589 2434 1186 567 2435 1189 588 2436 1186 567 2437 1256 566 2438 1189 588 2439 1256 566 2440 1258 590 2441 1258 590 2442 1256 566 2443 1196 577 2444 1258 590 2445 1196 577 2446 1197 591 2447 1197 591 2448 1196 577 2449 1195 578 2450 1197 591 2451 1195 578 2452 1193 592 2453 1193 592 2454 1195 578 2455 1194 593 2456 1193 592 2457 1194 593 2458 1068 594 2459 1193 592 2460 1068 594 2461 1192 595 2462 1192 595 2463 1068 594 2464 1067 596 2465 1192 595 2466 1067 596 2467 1191 597 2468 1191 597 2469 1067 596 2470 1065 598 2471 1191 597 2472 1065 598 2473 1071 599 2474 1071 599 2475 1065 598 2476 721 600 2477 1071 599 2478 721 600 2479 722 601 2480 722 601 2481 721 600 2482 717 602 2483 722 601 2484 717 602 2485 715 603 2486 722 601 2487 715 603 2488 1022 604 2489 722 601 2490 1022 604 2491 1127 605 2492 1127 605 2493 1022 604 2494 1179 606 2495 1127 605 2496 1179 606 2497 1180 607 2498 1180 607 2499 1179 606 2500 1297 608 2501 1094 609 2502 1068 594 2503 1194 593 2504 1190 587 2505 1189 588 2506 1258 590 2507 1190 587 2508 1258 590 2509 1259 610 2510 1259 610 2511 1258 590 2512 1255 611 2513 1255 611 2514 1258 590 2515 1197 591 2516 1255 611 2517 1197 591 2518 1193 592 2519 1255 611 2520 1193 592 2521 1214 612 2522 1214 612 2523 1193 592 2524 1192 595 2525 1214 612 2526 1192 595 2527 1207 613 2528 1207 613 2529 1192 595 2530 1191 597 2531 1207 613 2532 1191 597 2533 1199 614 2534 1199 614 2535 1191 597 2536 1071 599 2537 1211 615 2538 1280 616 2539 1259 610 2540 1211 615 2541 1259 610 2542 1284 617 2543 1284 617 2544 1259 610 2545 1255 611 2546 1284 617 2547 1255 611 2548 1212 618 2549 1212 618 2550 1255 611 2551 1214 612 2552 1212 618 2553 1214 612 2554 1287 619 2555 1287 619 2556 1214 612 2557 1207 613 2558 1287 619 2559 1207 613 2560 1286 620 2561 1286 620 2562 1207 613 2563 1198 621 2564 1198 621 2565 1207 613 2566 1199 614 2567 1198 621 2568 1199 614 2569 1180 607 2570 1180 607 2571 1199 614 2572 1127 605 2573 1127 605 2574 1199 614 2575 1071 599 2576 1127 605 2577 1071 599 2578 722 601 2579 1211 615 2580 1284 617 2581 1212 618 2582 1211 615 2583 1212 618 2584 1213 622 2585 1213 622 2586 1212 618 2587 1287 619 2588 1213 622 2589 1205 623 2590 1211 615 2591 1179 606 2592 1285 624 2593 1297 608 2594 1297 608 2595 1285 624 2596 1200 625 2597 1294 626 2598 1295 627 2599 1200 625 2600 1294 626 2601 1200 625 2602 1185 628 2603 1185 628 2604 1200 625 2605 1178 629 2606 1178 629 2607 1200 625 2608 1285 624 2609 1178 629 2610 1285 624 2611 1177 630 2612 1177 630 2613 1285 624 2614 1179 606 2615 1177 630 2616 1179 606 2617 1022 604 2618 1283 631 2619 1295 627 2620 1201 632 2621 1201 632 2622 1295 627 2623 1294 626 2624 1201 632 2625 1294 626 2626 1130 633 2627 1130 633 2628 1294 626 2629 1293 634 2630 1293 634 2631 1294 626 2632 1182 635 2633 1182 635 2634 1294 626 2635 1185 628 2636 1182 635 2637 1185 628 2638 1175 636 2639 1175 636 2640 1185 628 2641 1178 629 2642 1175 636 2643 1178 629 2644 1024 637 2645 1024 637 2646 1178 629 2647 1177 630 2648 1024 637 2649 1177 630 2650 1020 638 2651 1020 638 2652 1177 630 2653 1022 604 2654 1020 638 2655 1022 604 2656 715 603 2657 1201 632 2658 1282 639 2659 1283 631 2660 1220 640 2661 1124 641 2662 1221 642 2663 1220 640 2664 1221 642 2665 1222 643 2666 1222 643 2667 1221 642 2668 1223 644 2669 1222 643 2670 1223 644 2671 1218 645 2672 1218 645 2673 1223 644 2674 802 646 2675 1218 645 2676 802 646 2677 1083 647 2678 1083 647 2679 802 646 2680 803 648 2681 1083 647 2682 803 648 2683 1080 649 2684 1080 649 2685 803 648 2686 1048 650 2687 1080 649 2688 1048 650 2689 1079 651 2690 1079 651 2691 1048 650 2692 1085 652 2693 1079 651 2694 1085 652 2695 1077 653 2696 1077 653 2697 1085 652 2698 1087 565 2699 1077 653 2700 1087 565 2701 1086 654 2702 1086 654 2703 1087 565 2704 1143 564 2705 1086 654 2706 1143 564 2707 1113 655 2708 1113 655 2709 1143 564 2710 1150 570 2711 1113 655 2712 1150 570 2713 1108 656 2714 1108 656 2715 1150 570 2716 1152 568 2717 1108 656 2718 1152 568 2719 1125 657 2720 1125 657 2721 1152 568 2722 1186 567 2723 1125 657 2724 1186 567 2725 1135 658 2726 1135 658 2727 1186 567 2728 1187 589 2729 1135 658 2730 1187 589 2731 1140 659 2732 1140 659 2733 1187 589 2734 1174 586 2735 1140 659 2736 1174 586 2737 1188 660 2738 1188 660 2739 1174 586 2740 1173 584 2741 1188 660 2742 1173 584 2743 1167 661 2744 1167 661 2745 1173 584 2746 1168 582 2747 1167 661 2748 1168 582 2749 1136 662 2750 1136 662 2751 1168 582 2752 1137 580 2753 1136 662 2754 1137 580 2755 1138 663 2756 1138 663 2757 1137 580 2758 1139 664 2759 1139 664 2760 1137 580 2761 1116 579 2762 1139 664 2763 1116 579 2764 1117 665 2765 1117 665 2766 1116 579 2767 1115 666 2768 1115 666 2769 1116 579 2770 1114 667 2771 1114 667 2772 1116 579 2773 1367 668 2774 1367 668 2775 1116 579 2776 1254 581 2777 1367 668 2778 1254 581 2779 1411 669 2780 1411 669 2781 1254 581 2782 1170 670 2783 1170 670 2784 1254 581 2785 1171 583 2786 1170 670 2787 1171 583 2788 1169 671 2789 1169 671 2790 1171 583 2791 1257 672 2792 1257 672 2793 1171 583 2794 1172 585 2795 1257 672 2796 1172 585 2797 1261 673 2798 1261 673 2799 1172 585 2800 1260 674 2801 1260 674 2802 1172 585 2803 1190 587 2804 1260 674 2805 1190 587 2806 1262 675 2807 1262 675 2808 1190 587 2809 1259 610 2810 1262 675 2811 1259 610 2812 1263 676 2813 1263 676 2814 1259 610 2815 1280 616 2816 1263 676 2817 1280 616 2818 1279 677 2819 1279 677 2820 1280 616 2821 1211 615 2822 1279 677 2823 1211 615 2824 1206 678 2825 1206 678 2826 1211 615 2827 1205 623 2828 1206 678 2829 1205 623 2830 1204 679 2831 1204 679 2832 1205 623 2833 1203 680 2834 1204 679 2835 1203 680 2836 1275 681 2837 1275 681 2838 1203 680 2839 1282 639 2840 1275 681 2841 1282 639 2842 1202 682 2843 1202 682 2844 1282 639 2845 1201 632 2846 1202 682 2847 1201 632 2848 1131 683 2849 1131 683 2850 1201 632 2851 1130 633 2852 1131 683 2853 1130 633 2854 1129 684 2855 1129 684 2856 1130 633 2857 1128 685 2858 1128 685 2859 1130 633 2860 1292 686 2861 1292 686 2862 1130 633 2863 1293 634 2864 1292 686 2865 1293 634 2866 1181 687 2867 1181 687 2868 1293 634 2869 1182 635 2870 1181 687 2871 1182 635 2872 1176 688 2873 1176 688 2874 1182 635 2875 1175 636 2876 1176 688 2877 1175 636 2878 1023 689 2879 1023 689 2880 1175 636 2881 1024 637 2882 1023 689 2883 1024 637 2884 1021 690 2885 1021 690 2886 1024 637 2887 1020 638 2888 1021 690 2889 1020 638 2890 714 691 2891 714 691 2892 1020 638 2893 715 603 2894 714 691 2895 715 603 2896 716 692 2897 716 692 2898 715 603 2899 717 602 2900 716 692 2901 717 602 2902 719 693 2903 719 693 2904 717 602 2905 721 600 2906 719 693 2907 721 600 2908 720 694 2909 720 694 2910 721 600 2911 1065 598 2912 720 694 2913 1065 598 2914 1066 695 2915 1066 695 2916 1065 598 2917 1067 596 2918 1066 695 2919 1067 596 2920 1069 696 2921 1069 696 2922 1067 596 2923 1068 594 2924 1069 696 2925 1068 594 2926 1070 697 2927 1070 697 2928 1068 594 2929 1094 609 2930 1070 697 2931 1094 609 2932 1095 574 2933 1070 697 2934 1095 574 2935 1075 698 2936 1075 698 2937 1095 574 2938 1088 563 2939 1075 698 2940 1088 563 2941 1073 699 2942 1073 699 2943 1088 563 2944 1087 565 2945 1073 699 2946 1087 565 2947 1047 700 2948 1047 700 2949 1087 565 2950 1085 652 2951 1047 700 2952 1085 652 2953 1048 650 2954 1047 700 2955 1048 650 2956 1046 701 2957 1046 701 2958 1048 650 2959 803 648 2960 1046 701 2961 803 648 2962 801 702 2963 801 702 2964 803 648 2965 802 646 2966 801 702 2967 802 646 2968 800 703 2969 800 703 2970 802 646 2971 1223 644 2972 800 703 2973 1223 644 2974 1224 704 2975 1224 704 2976 1223 644 2977 1221 642 2978 1224 704 2979 1221 642 2980 1118 705 2981 1118 705 2982 1221 642 2983 1122 706 2984 1118 705 2985 1122 706 2986 1119 707 2987 1119 707 2988 1122 706 2989 1121 708 2990 1119 707 2991 1121 708 2992 1120 709 2993 1120 709 2994 1121 708 2995 1269 710 2996 1269 710 2997 1121 708 2998 1270 711 2999 1269 710 3000 1270 711 3001 1308 712 3002 1308 712 3003 1270 711 3004 1309 713 3005 1309 713 3006 1270 711 3007 1267 714 3008 1309 713 3009 1267 714 3010 1268 715 3011 1268 715 3012 1267 714 3013 1265 716 3014 1268 715 3015 1265 716 3016 1264 717 3017 1264 717 3018 1265 716 3019 1253 718 3020 1264 717 3021 1253 718 3022 1252 719 3023 1252 719 3024 1253 718 3025 1251 720 3026 1251 720 3027 1253 718 3028 1249 721 3029 1251 720 3030 1249 721 3031 1228 722 3032 1228 722 3033 1249 721 3034 1227 723 3035 1228 722 3036 1227 723 3037 1226 724 3038 1226 724 3039 1227 723 3040 1225 725 3041 1226 724 3042 1225 725 3043 1247 726 3044 1247 726 3045 1225 725 3046 1104 727 3047 1247 726 3048 1104 727 3049 1107 728 3050 1107 728 3051 1104 727 3052 1102 729 3053 1107 728 3054 1102 729 3055 1105 730 3056 1105 730 3057 1102 729 3058 1101 731 3059 1105 730 3060 1101 731 3061 1112 732 3062 1112 732 3063 1101 731 3064 1111 733 3065 1112 732 3066 1111 733 3067 1109 734 3068 1109 734 3069 1111 733 3070 1113 655 3071 1109 734 3072 1113 655 3073 1108 656 3074 1109 734 3075 1108 656 3076 1098 735 3077 1098 735 3078 1108 656 3079 1126 736 3080 1098 735 3081 1126 736 3082 1100 737 3083 1100 737 3084 1126 736 3085 1132 738 3086 1132 738 3087 1126 736 3088 1133 739 3089 1132 738 3090 1133 739 3091 1134 740 3092 1134 740 3093 1133 739 3094 1141 741 3095 1134 740 3096 1141 741 3097 1142 742 3098 1142 742 3099 1141 741 3100 1136 662 3101 1142 742 3102 1136 662 3103 1138 663 3104 1141 741 3105 1133 739 3106 1140 659 3107 1140 659 3108 1133 739 3109 1135 658 3110 1135 658 3111 1133 739 3112 1126 736 3113 1135 658 3114 1126 736 3115 1125 657 3116 1125 657 3117 1126 736 3118 1108 656 3119 1140 659 3120 1188 660 3121 1167 661 3122 1140 659 3123 1167 661 3124 1141 741 3125 1141 741 3126 1167 661 3127 1136 662 3128 1118 705 3129 1031 743 3130 1224 704 3131 1253 718 3132 1265 716 3133 1266 744 3134 1253 718 3135 1266 744 3136 1249 721 3137 1077 653 3138 1078 745 3139 1079 651 3140 1218 645 3141 1083 647 3142 1219 746 3143 1110 747 3144 1111 733 3145 1101 731 3146 1221 642 3147 1124 641 3148 1122 706 3149 1122 706 3150 1124 641 3151 1123 748 3152 1122 706 3153 1123 748 3154 1121 708 3155 1121 708 3156 1123 748 3157 1270 711 3158 1270 711 3159 1123 748 3160 1267 714 3161 1267 714 3162 1123 748 3163 1124 641 3164 1267 714 3165 1124 641 3166 1265 716 3167 1265 716 3168 1124 641 3169 1220 640 3170 1265 716 3171 1220 640 3172 1266 744 3173 1266 744 3174 1220 640 3175 1250 749 3176 1266 744 3177 1250 749 3178 1249 721 3179 1249 721 3180 1250 749 3181 1227 723 3182 1227 723 3183 1250 749 3184 1230 750 3185 1227 723 3186 1230 750 3187 1225 725 3188 1225 725 3189 1230 750 3190 1229 751 3191 1225 725 3192 1229 751 3193 1248 752 3194 1225 725 3195 1248 752 3196 1104 727 3197 1104 727 3198 1248 752 3199 1103 753 3200 1104 727 3201 1103 753 3202 1102 729 3203 1102 729 3204 1103 753 3205 1101 731 3206 1101 731 3207 1103 753 3208 1078 745 3209 1101 731 3210 1078 745 3211 1110 747 3212 1110 747 3213 1078 745 3214 1077 653 3215 1110 747 3216 1077 653 3217 1111 733 3218 1111 733 3219 1077 653 3220 1086 654 3221 1111 733 3222 1086 654 3223 1113 655 3224 1219 746 3225 1229 751 3226 1230 750 3227 1219 746 3228 1230 750 3229 1218 645 3230 1218 645 3231 1230 750 3232 1222 643 3233 1222 643 3234 1230 750 3235 1250 749 3236 1222 643 3237 1250 749 3238 1220 640 3239 1131 683 3240 1273 754 3241 1202 682 3242 1202 682 3243 1273 754 3244 1274 755 3245 1202 682 3246 1274 755 3247 1281 756 3248 1202 682 3249 1281 756 3250 1275 681 3251 1275 681 3252 1281 756 3253 1276 757 3254 1275 681 3255 1276 757 3256 1204 679 3257 801 702 3258 800 703 3259 1026 758 3260 1026 758 3261 800 703 3262 1224 704 3263 1026 758 3264 1224 704 3265 1031 743 3266 1026 758 3267 1031 743 3268 1028 759 3269 1028 759 3270 1031 743 3271 1030 760 3272 1030 760 3273 1031 743 3274 1032 761 3275 1032 761 3276 1031 743 3277 1118 705 3278 1032 761 3279 1118 705 3280 1119 707 3281 1032 761 3282 1119 707 3283 1034 762 3284 1034 762 3285 1119 707 3286 1120 709 3287 1030 760 3288 1032 761 3289 1033 763 3290 1033 763 3291 1032 761 3292 1034 762 3293 1106 764 3294 1107 728 3295 1105 730 3296 1106 764 3297 1105 730 3298 1097 765 3299 1097 765 3300 1105 730 3301 1112 732 3302 1097 765 3303 1112 732 3304 1109 734 3305 1097 765 3306 1109 734 3307 1098 735 3308 1097 765 3309 1098 735 3310 1099 766 3311 1099 766 3312 1098 735 3313 1100 737 3314 1106 764 3315 1097 765 3316 1099 766 3317 1305 767 3318 1263 676 3319 1279 677 3320 1305 767 3321 1279 677 3322 1278 768 3323 1278 768 3324 1279 677 3325 1206 678 3326 1278 768 3327 1206 678 3328 1277 769 3329 1277 769 3330 1206 678 3331 1204 679 3332 1277 769 3333 1204 679 3334 1276 757 3335 1277 769 3336 1276 757 3337 1302 770 3338 1302 770 3339 1276 757 3340 1281 756 3341 1302 770 3342 1281 756 3343 1301 771 3344 1301 771 3345 1281 756 3346 1274 755 3347 1301 771 3348 1274 755 3349 1300 772 3350 1300 772 3351 1274 755 3352 1299 773 3353 1299 773 3354 1274 755 3355 1273 754 3356 1299 773 3357 1273 754 3358 1298 774 3359 1298 774 3360 1273 754 3361 1272 775 3362 1272 775 3363 1273 754 3364 1131 683 3365 1272 775 3366 1131 683 3367 1129 684 3368 1277 769 3369 1302 770 3370 1304 776 3371 1277 769 3372 1304 776 3373 1303 777 3374 1277 769 3375 1303 777 3376 1278 768 3377 1278 768 3378 1303 777 3379 1305 767 3380 1036 778 3381 1038 779 3382 1037 780 3383 1037 780 3384 1038 779 3385 1045 781 3386 1045 781 3387 1038 779 3388 1044 782 3389 1045 781 3390 1044 782 3391 1184 783 3392 1184 783 3393 1044 782 3394 1183 784 3395 1184 783 3396 1183 784 3397 1029 785 3398 1029 785 3399 1183 784 3400 1027 786 3401 1029 785 3402 1027 786 3403 1028 759 3404 1028 759 3405 1027 786 3406 1026 758 3407 1026 758 3408 1027 786 3409 1025 787 3410 1026 758 3411 1025 787 3412 801 702 3413 801 702 3414 1025 787 3415 1271 788 3416 801 702 3417 1271 788 3418 1046 701 3419 1046 701 3420 1271 788 3421 1074 789 3422 1046 701 3423 1074 789 3424 1047 700 3425 1047 700 3426 1074 789 3427 1073 699 3428 1073 699 3429 1074 789 3430 1072 790 3431 1073 699 3432 1072 790 3433 1075 698 3434 1075 698 3435 1072 790 3436 1076 791 3437 1075 698 3438 1076 791 3439 1070 697 3440 1070 697 3441 1076 791 3442 1069 696 3443 1069 696 3444 1076 791 3445 1050 792 3446 1069 696 3447 1050 792 3448 1066 695 3449 1066 695 3450 1050 792 3451 1039 793 3452 1066 695 3453 1039 793 3454 720 694 3455 720 694 3456 1039 793 3457 1035 794 3458 720 694 3459 1035 794 3460 719 693 3461 719 693 3462 1035 794 3463 718 795 3464 719 693 3465 718 795 3466 716 692 3467 1044 782 3468 1042 796 3469 1183 784 3470 1036 778 3471 718 795 3472 1035 794 3473 1036 778 3474 1035 794 3475 1038 779 3476 1038 779 3477 1035 794 3478 1039 793 3479 1038 779 3480 1039 793 3481 1040 797 3482 1040 797 3483 1039 793 3484 1050 792 3485 1040 797 3486 1050 792 3487 1049 798 3488 1049 798 3489 1050 792 3490 1076 791 3491 1049 798 3492 1076 791 3493 1072 790 3494 1049 798 3495 1072 790 3496 1043 799 3497 1043 799 3498 1072 790 3499 1074 789 3500 1043 799 3501 1074 789 3502 1271 788 3503 1043 799 3504 1271 788 3505 1041 800 3506 1041 800 3507 1271 788 3508 1025 787 3509 1041 800 3510 1025 787 3511 1183 784 3512 1183 784 3513 1025 787 3514 1027 786 3515 1183 784 3516 1042 796 3517 1041 800 3518 1041 800 3519 1042 796 3520 1043 799 3521 1043 799 3522 1042 796 3523 1049 798 3524 1049 798 3525 1042 796 3526 1040 797 3527 1040 797 3528 1042 796 3529 1044 782 3530 1040 797 3531 1044 782 3532 1038 779 3533 1208 801 3534 1209 802 3535 1210 803 3536 1208 801 3537 1210 803 3538 1296 804 3539 1296 804 3540 1210 803 3541 1306 805 3542 1306 805 3543 1210 803 3544 1291 806 3545 1291 806 3546 1210 803 3547 1290 807 3548 1209 802 3549 1288 808 3550 1210 803 3551 1210 803 3552 1288 808 3553 1289 809 3554 1210 803 3555 1289 809 3556 1290 807 3557 1290 807 3558 1289 809 3559 1427 810 3560 1290 807 3561 1427 810 3562 1416 811 3563 1290 807 3564 1416 811 3565 1291 806 3566 1291 806 3567 1416 811 3568 1417 812 3569 1291 806 3570 1417 812 3571 1418 813 3572 1291 806 3573 1418 813 3574 1306 805 3575 1306 805 3576 1418 813 3577 1419 814 3578 1306 805 3579 1419 814 3580 1296 804 3581 1296 804 3582 1419 814 3583 1420 815 3584 1296 804 3585 1420 815 3586 1421 816 3587 1296 804 3588 1421 816 3589 1208 801 3590 1208 801 3591 1421 816 3592 1422 817 3593 1208 801 3594 1422 817 3595 1209 802 3596 1209 802 3597 1422 817 3598 1423 818 3599 1209 802 3600 1423 818 3601 1424 819 3602 1209 802 3603 1424 819 3604 1288 808 3605 1288 808 3606 1424 819 3607 1425 820 3608 1288 808 3609 1425 820 3610 1289 809 3611 1289 809 3612 1425 820 3613 1426 821 3614 1289 809 3615 1426 821 3616 1427 810 3617 1001 822 3618 992 823 3619 1002 824 3620 1001 822 3621 1002 824 3622 1003 825 3623 1003 825 3624 1002 824 3625 1004 826 3626 1000 827 3627 1001 822 3628 1003 825 3629 985 828 3630 986 829 3631 987 830 3632 987 830 3633 986 829 3634 988 831 3635 988 831 3636 986 829 3637 1000 827 3638 1000 827 3639 986 829 3640 999 832 3641 1000 827 3642 999 832 3643 1001 822 3644 1001 822 3645 999 832 3646 991 833 3647 1001 822 3648 991 833 3649 992 823 3650 992 823 3651 991 833 3652 990 834 3653 990 834 3654 991 833 3655 989 835 3656 989 835 3657 991 833 3658 996 836 3659 989 835 3660 996 836 3661 995 837 3662 995 837 3663 996 836 3664 997 838 3665 997 838 3666 996 836 3667 998 839 3668 997 838 3669 998 839 3670 1006 840 3671 1006 840 3672 998 839 3673 1005 841 3674 1005 841 3675 998 839 3676 985 828 3677 985 828 3678 998 839 3679 986 829 3680 986 829 3681 998 839 3682 999 832 3683 999 832 3684 998 839 3685 996 836 3686 999 832 3687 996 836 3688 991 833 3689 1246 842 3690 1081 843 3691 1245 844 3692 1244 845 3693 1245 844 3694 1082 846 3695 1082 846 3696 1245 844 3697 1081 843 3698 1082 846 3699 1081 843 3700 1084 847 3701 1084 847 3702 1081 843 3703 808 848 3704 1084 847 3705 808 848 3706 792 849 3707 792 849 3708 808 848 3709 730 850 3710 792 849 3711 730 850 3712 732 851 3713 732 851 3714 730 850 3715 731 852 3716 732 851 3717 731 852 3718 733 853 3719 733 853 3720 731 852 3721 742 854 3722 733 853 3723 742 854 3724 1234 855 3725 1234 855 3726 742 854 3727 741 856 3728 1234 855 3729 741 856 3730 1235 857 3731 1234 855 3732 1235 857 3733 1236 858 3734 1236 858 3735 1235 857 3736 1237 859 3737 1236 858 3738 733 853 3739 1234 855 3740 741 856 3741 742 854 3742 743 860 3743 808 848 3744 798 861 3745 791 862 3746 808 848 3747 791 862 3748 730 850 3749 730 850 3750 791 862 3751 731 852 3752 731 852 3753 791 862 3754 790 863 3755 731 852 3756 790 863 3757 742 854 3758 742 854 3759 790 863 3760 744 864 3761 742 854 3762 744 864 3763 743 860 3764 743 860 3765 744 864 3766 1217 865 3767 1217 865 3768 744 864 3769 1216 866 3770 1217 865 3771 1216 866 3772 1239 867 3773 1239 867 3774 1216 866 3775 799 868 3776 1239 867 3777 799 868 3778 1238 869 3779 1238 869 3780 799 868 3781 1246 842 3782 1246 842 3783 799 868 3784 798 861 3785 1246 842 3786 798 861 3787 1081 843 3788 1081 843 3789 798 861 3790 808 848 3791 798 861 3792 799 868 3793 791 862 3794 791 862 3795 799 868 3796 790 863 3797 790 863 3798 799 868 3799 744 864 3800 744 864 3801 799 868 3802 1216 866 3803 1240 870 3804 1217 865 3805 1239 867 3806 724 871 3807 785 872 3808 786 873 3809 786 873 3810 785 872 3811 1318 874 3812 1318 874 3813 785 872 3814 1319 875 3815 1319 875 3816 785 872 3817 723 876 3818 1319 875 3819 723 876 3820 1237 859 3821 1237 859 3822 723 876 3823 1236 858 3824 1236 858 3825 723 876 3826 776 877 3827 1236 858 3828 776 877 3829 733 853 3830 733 853 3831 776 877 3832 773 878 3833 733 853 3834 773 878 3835 732 851 3836 732 851 3837 773 878 3838 774 879 3839 732 851 3840 774 879 3841 792 849 3842 792 849 3843 774 879 3844 1231 880 3845 792 849 3846 1231 880 3847 1084 847 3848 1084 847 3849 1231 880 3850 809 881 3851 1084 847 3852 809 881 3853 1082 846 3854 1082 846 3855 809 881 3856 806 882 3857 1082 846 3858 806 882 3859 1244 845 3860 1244 845 3861 806 882 3862 1243 883 3863 1243 883 3864 806 882 3865 807 884 3866 1243 883 3867 807 884 3868 1241 885 3869 1241 885 3870 807 884 3871 1242 886 3872 1242 886 3873 807 884 3874 1215 887 3875 1215 887 3876 807 884 3877 789 888 3878 789 888 3879 807 884 3880 805 889 3881 789 888 3882 805 889 3883 756 890 3884 756 890 3885 805 889 3886 754 891 3887 756 890 3888 754 891 3889 755 892 3890 755 892 3891 754 891 3892 793 893 3893 755 892 3894 793 893 3895 727 894 3896 727 894 3897 793 893 3898 796 895 3899 727 894 3900 796 895 3901 729 896 3902 729 896 3903 796 895 3904 797 897 3905 729 896 3906 797 897 3907 1314 898 3908 1314 898 3909 797 897 3910 1315 899 3911 1315 899 3912 797 897 3913 1311 900 3914 1311 900 3915 797 897 3916 796 895 3917 1311 900 3918 796 895 3919 1307 901 3920 1307 901 3921 796 895 3922 793 893 3923 1307 901 3924 793 893 3925 1232 902 3926 1232 902 3927 793 893 3928 794 903 3929 1232 902 3930 794 903 3931 1231 880 3932 1231 880 3933 794 903 3934 809 881 3935 809 881 3936 794 903 3937 804 904 3938 809 881 3939 804 904 3940 806 882 3941 806 882 3942 804 904 3943 805 889 3944 806 882 3945 805 889 3946 807 884 3947 723 876 3948 785 872 3949 724 871 3950 793 893 3951 754 891 3952 794 903 3953 794 903 3954 754 891 3955 804 904 3956 804 904 3957 754 891 3958 805 889 3959 727 894 3960 726 905 3961 755 892 3962 755 892 3963 726 905 3964 757 906 3965 755 892 3966 757 906 3967 756 890 3968 727 894 3969 729 896 3970 728 907 3971 727 894 3972 728 907 3973 726 905 3974 726 905 3975 728 907 3976 752 908 3977 726 905 3978 752 908 3979 753 909 3980 726 905 3981 753 909 3982 757 906 3983 757 906 3984 753 909 3985 788 910 3986 757 906 3987 788 910 3988 756 890 3989 756 890 3990 788 910 3991 789 888 3992 728 907 3993 795 911 3994 752 908 3995 1232 902 3996 1231 880 3997 774 879 3998 1232 902 3999 774 879 4000 1233 912 4001 1233 912 4002 774 879 4003 773 878 4004 1233 912 4005 773 878 4006 775 913 4007 775 913 4008 773 878 4009 776 877 4010 775 913 4011 776 877 4012 777 914 4013 777 914 4014 776 877 4015 723 876 4016 777 914 4017 723 876 4018 725 915 4019 725 915 4020 723 876 4021 724 871 4022 725 915 4023 724 871 4024 1317 916 4025 725 915 4026 1317 916 4027 787 917 4028 725 915 4029 787 917 4030 777 914 4031 1307 901 4032 1232 902 4033 1233 912 4034 1307 901 4035 1233 912 4036 1310 918 4037 1310 918 4038 1233 912 4039 775 913 4040 1311 900 4041 1307 901 4042 1312 919 4043 1312 919 4044 1307 901 4045 1310 918 4046 1312 919 4047 1310 918 4048 1316 920 4049 1312 919 4050 1316 920 4051 1313 921 4052 1312 919 4053 1313 921 4054 1311 900 4055 1054 922 4056 1154 923 4057 1058 924 4058 1058 924 4059 1154 923 4060 1063 925 4061 1063 925 4062 1154 923 4063 1156 926 4064 1063 925 4065 1156 926 4066 1149 927 4067 1149 927 4068 1156 926 4069 1162 928 4070 1149 927 4071 1162 928 4072 1161 929 4073 1149 927 4074 1161 929 4075 1096 930 4076 1059 931 4077 1060 932 4078 1057 933 4079 1059 931 4080 1057 933 4081 1056 934 4082 1056 934 4083 1057 933 4084 1015 935 4085 1056 934 4086 1015 935 4087 1055 936 4088 1055 936 4089 1015 935 4090 869 937 4091 1055 936 4092 869 937 4093 873 938 4094 873 938 4095 869 937 4096 870 939 4097 873 938 4098 870 939 4099 872 940 4100 872 940 4101 870 939 4102 871 941 4103 872 940 4104 871 941 4105 1019 942 4106 1019 942 4107 871 941 4108 882 943 4109 1019 942 4110 882 943 4111 886 944 4112 886 944 4113 882 943 4114 880 945 4115 886 944 4116 880 945 4117 885 946 4118 886 944 4119 885 946 4120 887 947 4121 886 944 4122 887 947 4123 888 948 4124 888 948 4125 887 947 4126 906 949 4127 888 948 4128 906 949 4129 905 950 4130 888 948 4131 905 950 4132 1018 951 4133 888 948 4134 1018 951 4135 1017 952 4136 1017 952 4137 1018 951 4138 1051 953 4139 1017 952 4140 1051 953 4141 1053 954 4142 1053 954 4143 1051 953 4144 1054 922 4145 1053 954 4146 1054 922 4147 1052 955 4148 1052 955 4149 1054 922 4150 1058 924 4151 1052 955 4152 1058 924 4153 1055 936 4154 1055 936 4155 1058 924 4156 1056 934 4157 1056 934 4158 1058 924 4159 1063 925 4160 1056 934 4161 1063 925 4162 1064 956 4163 1064 956 4164 1063 925 4165 1149 927 4166 1064 956 4167 1149 927 4168 1089 957 4169 1089 957 4170 1149 927 4171 1096 930 4172 1089 957 4173 1096 930 4174 1093 958 4175 1089 957 4176 1093 958 4177 1091 959 4178 1091 959 4179 1093 958 4180 1092 960 4181 1091 959 4182 1092 960 4183 1090 961 4184 1090 961 4185 1092 960 4186 1147 962 4187 1090 961 4188 1147 962 4189 1145 963 4190 1145 963 4191 1147 962 4192 1157 964 4193 1145 963 4194 1157 964 4195 1148 965 4196 1148 965 4197 1157 964 4198 1163 966 4199 1148 965 4200 1163 966 4201 1160 967 4202 1160 967 4203 1163 966 4204 1164 968 4205 1052 955 4206 1055 936 4207 873 938 4208 1052 955 4209 873 938 4210 1053 954 4211 1053 954 4212 873 938 4213 872 940 4214 1053 954 4215 872 940 4216 1019 942 4217 1053 954 4218 1019 942 4219 1017 952 4220 1017 952 4221 1019 942 4222 886 944 4223 1017 952 4224 886 944 4225 888 948 4226 1057 933 4227 1016 969 4228 1015 935 4229 1015 935 4230 1016 969 4231 812 970 4232 1015 935 4233 812 970 4234 869 937 4235 869 937 4236 812 970 4237 870 939 4238 870 939 4239 812 970 4240 811 971 4241 870 939 4242 811 971 4243 871 941 4244 871 941 4245 811 971 4246 814 972 4247 871 941 4248 814 972 4249 882 943 4250 882 943 4251 814 972 4252 881 973 4253 882 943 4254 881 973 4255 880 945 4256 880 945 4257 881 973 4258 879 974 4259 879 974 4260 881 973 4261 897 975 4262 879 974 4263 897 975 4264 898 976 4265 898 976 4266 897 975 4267 903 977 4268 903 977 4269 897 975 4270 904 978 4271 904 978 4272 897 975 4273 813 979 4274 904 978 4275 813 979 4276 815 980 4277 815 980 4278 813 979 4279 816 981 4280 816 981 4281 813 979 4282 810 982 4283 816 981 4284 810 982 4285 1061 983 4286 1061 983 4287 810 982 4288 1062 984 4289 1061 983 4290 1062 984 4291 1155 985 4292 1155 985 4293 1062 984 4294 1146 986 4295 1155 985 4296 1146 986 4297 1160 967 4298 1160 967 4299 1146 986 4300 1148 965 4301 1148 965 4302 1146 986 4303 1144 987 4304 1148 965 4305 1144 987 4306 1145 963 4307 1145 963 4308 1144 987 4309 1060 932 4310 1145 963 4311 1060 932 4312 1090 961 4313 1090 961 4314 1060 932 4315 1059 931 4316 1090 961 4317 1059 931 4318 1091 959 4319 1091 959 4320 1059 931 4321 1089 957 4322 1089 957 4323 1059 931 4324 1064 956 4325 1064 956 4326 1059 931 4327 1056 934 4328 897 975 4329 881 973 4330 814 972 4331 897 975 4332 814 972 4333 813 979 4334 813 979 4335 814 972 4336 811 971 4337 813 979 4338 811 971 4339 810 982 4340 810 982 4341 811 971 4342 812 970 4343 810 982 4344 812 970 4345 1016 969 4346 810 982 4347 1016 969 4348 1062 984 4349 1062 984 4350 1016 969 4351 1146 986 4352 1146 986 4353 1016 969 4354 1144 987 4355 1144 987 4356 1016 969 4357 1057 933 4358 1144 987 4359 1057 933 4360 1060 932 4361 947 988 4362 950 989 4363 949 990 4364 946 991 4365 947 988 4366 948 992 4367 948 992 4368 947 988 4369 949 990 4370 948 992 4371 949 990 4372 1332 438 4373 658 993 4374 660 994 4375 700 995 4376 654 996 4377 655 997 4378 656 998 4379 654 996 4380 656 998 4381 658 993 4382 658 993 4383 656 998 4384 659 999 4385 658 993 4386 659 999 4387 660 994 4388 660 994 4389 659 999 4390 666 1000 4391 666 1000 4392 659 999 4393 656 998 4394 666 1000 4395 656 998 4396 657 1001 4397 657 1001 4398 656 998 4399 655 997 4400 214 1002 4401 205 1003 4402 207 1004 4403 203 1005 4404 202 1006 4405 199 1007 4406 203 1005 4407 199 1007 4408 204 1008 4409 204 1008 4410 199 1007 4411 211 1009 4412 204 1008 4413 211 1009 4414 207 1004 4415 207 1004 4416 211 1009 4417 214 1002 4418 214 1002 4419 211 1009 4420 213 1010 4421 213 1010 4422 211 1009 4423 215 1011 4424 215 1011 4425 211 1009 4426 212 1012 4427 215 1011 4428 212 1012 4429 647 1013 4430 647 1013 4431 212 1012 4432 645 1014 4433 647 1013 4434 645 1014 4435 646 1015 4436 211 1009 4437 199 1007 4438 212 1012 4439 205 1003 4440 208 1016 4441 206 1017 4442 205 1003 4443 206 1017 4444 207 1004 4445 207 1004 4446 206 1017 4447 652 1018 4448 207 1004 4449 652 1018 4450 204 1008 4451 204 1008 4452 652 1018 4453 651 1019 4454 204 1008 4455 651 1019 4456 203 1005 4457 203 1005 4458 651 1019 4459 650 1020 4460 203 1005 4461 650 1020 4462 202 1006 4463 202 1006 4464 650 1020 4465 649 1021 4466 202 1006 4467 649 1021 4468 200 1022 4469 202 1006 4470 200 1022 4471 199 1007 4472 199 1007 4473 200 1022 4474 201 1023 4475 199 1007 4476 201 1023 4477 212 1012 4478 212 1012 4479 201 1023 4480 648 1024 4481 212 1012 4482 648 1024 4483 645 1014 4484 200 1022 4485 649 1021 4486 201 1023 4487 201 1023 4488 649 1021 4489 648 1024 4490 630 1025 4491 137 1026 4492 631 1027 4493 137 1026 4494 138 438 4495 139 1028 4496 137 1026 4497 139 1028 4498 631 1027 4499 631 1027 4500 139 1028 4501 632 1029 4502 624 1030 4503 125 1031 4504 623 1032 4505 622 1033 4506 623 1032 4507 127 1034 4508 127 1034 4509 623 1032 4510 125 1031 4511 127 1034 4512 125 1031 4513 126 438 4514 233 1035 4515 618 438 4516 235 1036 4517 232 1037 4518 233 1035 4519 234 1038 4520 234 1038 4521 233 1035 4522 235 1036 4523 234 1038 4524 235 1036 4525 236 1039 4526 289 1040 4527 275 1041 4528 287 1042 4529 287 1042 4530 286 1043 4531 288 1044 4532 287 1042 4533 288 1044 4534 289 1040 4535 289 1040 4536 288 1044 4537 290 1045 4538 271 1046 4539 272 1047 4540 273 1048 4541 273 1048 4542 272 1047 4543 274 1049 4544 273 1048 4545 274 1049 4546 286 1043 4547 273 1048 4548 286 1043 4549 285 1050 4550 285 1050 4551 286 1043 4552 287 1042 4553 285 1050 4554 287 1042 4555 277 1051 4556 277 1051 4557 287 1042 4558 275 1041 4559 277 1051 4560 275 1041 4561 276 1052 4562 277 1051 4563 276 1052 4564 278 1053 4565 277 1051 4566 278 1053 4567 282 1054 4568 282 1054 4569 278 1053 4570 284 1055 4571 282 1054 4572 284 1055 4573 283 1056 4574 282 1054 4575 283 1056 4576 281 1057 4577 281 1057 4578 283 1056 4579 291 1058 4580 281 1057 4581 291 1058 4582 292 1059 4583 281 1057 4584 292 1059 4585 271 1046 4586 281 1057 4587 271 1046 4588 273 1048 4589 281 1057 4590 273 1048 4591 285 1050 4592 281 1057 4593 285 1050 4594 282 1054 4595 282 1054 4596 285 1050 4597 277 1051 4598 221 1060 4599 250 1061 4600 245 1062 4601 245 1062 4602 250 1061 4603 247 1063 4604 245 1062 4605 247 1063 4606 228 1064 4607 245 1062 4608 228 1064 4609 244 1065 4610 221 1060 4611 222 1066 4612 223 1067 4613 221 1060 4614 223 1067 4615 250 1061 4616 250 1061 4617 223 1067 4618 252 1068 4619 250 1061 4620 252 1068 4621 251 1069 4622 250 1061 4623 251 1069 4624 249 1070 4625 250 1061 4626 249 1070 4627 247 1063 4628 247 1063 4629 249 1070 4630 248 1071 4631 247 1063 4632 248 1071 4633 227 1072 4634 247 1063 4635 227 1072 4636 228 1064 4637 228 1064 4638 227 1072 4639 226 1073 4640 228 1064 4641 226 1073 4642 243 1074 4643 228 1064 4644 243 1074 4645 244 1065 4646 244 1065 4647 243 1074 4648 242 1075 4649 244 1065 4650 242 1075 4651 245 1062 4652 245 1062 4653 242 1075 4654 246 1076 4655 245 1062 4656 246 1076 4657 221 1060 4658 221 1060 4659 246 1076 4660 222 1066 4661 241 1077 4662 242 1075 4663 243 1074 4664 222 1066 4665 224 1078 4666 223 1067 4667 225 1079 4668 226 1073 4669 227 1072 4670 981 1080 4671 982 1081 4672 980 1082 4673 981 1080 4674 980 1082 4675 1348 1083 4676 981 1080 4677 1348 1083 4678 1347 1084 4679 981 1080 4680 1347 1084 4681 983 1085 4682 983 1085 4683 1347 1084 4684 1341 1086 4685 983 1085 4686 1341 1086 4687 1342 1087 4688 983 1085 4689 1342 1087 4690 984 1088 4691 984 1088 4692 1342 1087 4693 1343 1089 4694 984 1088 4695 1343 1089 4696 994 1090 4697 984 1088 4698 994 1090 4699 982 1081 4700 984 1088 4701 982 1081 4702 983 1085 4703 983 1085 4704 982 1081 4705 981 1080 4706 186 1091 4707 120 1092 4708 256 1093 4709 117 1094 4710 118 1095 4711 119 1096 4712 119 1096 4713 118 1095 4714 120 1092 4715 119 1096 4716 120 1092 4717 186 1091 4718 119 1096 4719 186 1091 4720 185 1097 4721 185 1097 4722 186 1091 4723 187 1098 4724 186 1091 4725 188 1099 4726 187 1098 4727 118 1095 4728 146 1100 4729 120 1092 4730 120 1092 4731 146 1100 4732 229 1101 4733 120 1092 4734 229 1101 4735 256 1093 4736 256 1093 4737 229 1101 4738 264 1102 4739 256 1093 4740 264 1102 4741 257 1103 4742 256 1093 4743 257 1103 4744 186 1091 4745 186 1091 4746 257 1103 4747 258 1104 4748 186 1091 4749 258 1104 4750 188 1099 4751 188 1099 4752 258 1104 4753 195 1105 4754 195 1105 4755 258 1104 4756 193 1106 4757 195 1105 4758 193 1106 4759 194 1107 4760 194 1107 4761 193 1106 4762 197 1108 4763 197 1108 4764 193 1106 4765 198 1109 4766 194 1107 4767 196 1110 4768 195 1105 4769 198 1109 4770 193 1106 4771 258 1104 4772 198 1109 4773 258 1104 4774 263 1111 4775 263 1111 4776 258 1104 4777 257 1103 4778 263 1111 4779 257 1103 4780 261 1112 4781 261 1112 4782 257 1103 4783 264 1102 4784 261 1112 4785 264 1102 4786 259 1113 4787 261 1112 4788 259 1113 4789 260 1114 4790 261 1112 4791 260 1114 4792 262 1115 4793 261 1112 4794 262 1115 4795 263 1111 4796 263 1111 4797 262 1115 4798 265 1116 4799 263 1111 4800 265 1116 4801 198 1109 4802 198 1109 4803 265 1116 4804 209 1117 4805 198 1109 4806 209 1117 4807 197 1108 4808 197 1108 4809 209 1117 4810 210 1118 4811 305 1119 4812 157 1120 4813 158 1121 4814 303 1122 4815 305 1119 4816 340 1123 4817 340 1123 4818 305 1119 4819 158 1121 4820 340 1123 4821 158 1121 4822 159 1124 4823 159 1124 4824 158 1121 4825 156 1125 4826 156 1125 4827 158 1121 4828 157 1120 4829 156 1125 4830 157 1120 4831 98 1126 4832 159 1124 4833 338 1127 4834 340 1123 4835 340 1123 4836 338 1127 4837 339 1128 4838 340 1123 4839 339 1128 4840 337 1129 4841 340 1123 4842 337 1129 4843 303 1122 4844 303 1122 4845 337 1129 4846 304 1130 4847 303 1122 4848 304 1130 4849 174 1131 4850 174 1131 4851 304 1130 4852 191 1132 4853 174 1131 4854 191 1132 4855 192 1133 4856 174 1131 4857 192 1133 4858 173 1134 4859 174 1131 4860 173 1134 4861 172 1135 4862 172 1135 4863 173 1134 4864 171 1136 4865 172 1135 4866 171 1136 4867 167 1137 4868 172 1135 4869 167 1137 4870 168 1138 4871 168 1138 4872 167 1137 4873 166 1139 4874 168 1138 4875 166 1139 4876 100 1140 4877 100 1140 4878 166 1139 4879 183 1141 4880 100 1140 4881 183 1141 4882 99 1142 4883 99 1142 4884 183 1141 4885 190 1143 4886 99 1142 4887 190 1143 4888 101 1144 4889 99 1142 4890 101 1144 4891 102 1145 4892 99 1142 4893 102 1145 4894 96 1146 4895 96 1146 4896 102 1145 4897 347 1147 4898 96 1146 4899 347 1147 4900 348 1148 4901 348 1148 4902 347 1147 4903 441 1149 4904 348 1148 4905 441 1149 4906 432 1150 4907 432 1150 4908 441 1149 4909 446 1151 4910 432 1150 4911 446 1151 4912 434 1152 4913 434 1152 4914 446 1151 4915 449 1153 4916 434 1152 4917 449 1153 4918 443 1154 4919 434 1152 4920 443 1154 4921 431 1155 4922 431 1155 4923 443 1154 4924 433 1156 4925 431 1155 4926 433 1156 4927 376 1157 4928 376 1157 4929 433 1156 4930 377 1158 4931 376 1157 4932 377 1158 4933 378 1159 4934 378 1159 4935 377 1158 4936 379 1160 4937 378 1159 4938 379 1160 4939 375 1161 4940 375 1161 4941 379 1160 4942 382 1162 4943 375 1161 4944 382 1162 4945 435 1163 4946 435 1163 4947 382 1162 4948 447 1164 4949 435 1163 4950 447 1164 4951 448 1165 4952 435 1163 4953 448 1165 4954 442 1166 4955 435 1163 4956 442 1166 4957 350 1167 4958 350 1167 4959 442 1166 4960 440 1168 4961 350 1167 4962 440 1168 4963 344 1169 4964 344 1169 4965 440 1168 4966 339 1128 4967 344 1169 4968 339 1128 4969 338 1127 4970 344 1169 4971 338 1127 4972 341 1170 4973 341 1170 4974 338 1127 4975 159 1124 4976 341 1170 4977 159 1124 4978 155 1171 4979 155 1171 4980 159 1124 4981 156 1125 4982 155 1171 4983 156 1125 4984 97 1172 4985 97 1172 4986 156 1125 4987 98 1126 4988 97 1172 4989 98 1126 4990 96 1146 4991 96 1146 4992 98 1126 4993 99 1142 4994 99 1142 4995 98 1126 4996 100 1140 4997 100 1140 4998 98 1126 4999 157 1120 5000 100 1140 5001 157 1120 5002 168 1138 5003 168 1138 5004 157 1120 5005 305 1119 5006 168 1138 5007 305 1119 5008 172 1135 5009 172 1135 5010 305 1119 5011 303 1122 5012 172 1135 5013 303 1122 5014 174 1131 5015 449 1153 5016 446 1151 5017 450 1173 5018 190 1143 5019 183 1141 5020 189 1174 5021 189 1174 5022 183 1141 5023 184 1175 5024 184 1175 5025 183 1141 5026 165 1176 5027 165 1176 5028 183 1141 5029 166 1139 5030 165 1176 5031 166 1139 5032 167 1137 5033 301 1177 5034 341 1170 5035 155 1171 5036 301 1177 5037 155 1171 5038 97 1172 5039 301 1177 5040 97 1172 5041 302 1178 5042 302 1178 5043 97 1172 5044 96 1146 5045 302 1178 5046 96 1146 5047 348 1148 5048 302 1178 5049 348 1148 5050 432 1150 5051 302 1178 5052 432 1150 5053 430 1179 5054 430 1179 5055 432 1150 5056 434 1152 5057 430 1179 5058 434 1152 5059 431 1155 5060 430 1179 5061 431 1155 5062 345 1180 5063 345 1180 5064 431 1155 5065 376 1157 5066 345 1180 5067 376 1157 5068 346 1181 5069 346 1181 5070 376 1157 5071 378 1159 5072 346 1181 5073 378 1159 5074 375 1161 5075 346 1181 5076 375 1161 5077 349 1182 5078 349 1182 5079 375 1161 5080 435 1163 5081 349 1182 5082 435 1163 5083 350 1167 5084 349 1182 5085 350 1167 5086 342 1183 5087 342 1183 5088 350 1167 5089 344 1169 5090 342 1183 5091 344 1169 5092 341 1170 5093 342 1183 5094 341 1170 5095 301 1177 5096 342 1183 5097 301 1177 5098 343 1184 5099 343 1184 5100 301 1177 5101 302 1178 5102 343 1184 5103 302 1178 5104 430 1179 5105 343 1184 5106 430 1179 5107 345 1180 5108 343 1184 5109 345 1180 5110 346 1181 5111 343 1184 5112 346 1181 5113 342 1183 5114 342 1183 5115 346 1181 5116 349 1182 5117 142 1185 5118 141 1186 5119 143 1187 5120 140 1188 5121 141 1186 5122 142 1185 5123 140 1188 5124 142 1185 5125 145 1189 5126 140 1188 5127 145 1189 5128 144 1190 5129 140 1188 5130 144 1190 5131 644 1191 5132 140 1188 5133 644 1191 5134 639 1192 5135 140 1188 5136 639 1192 5137 141 1186 5138 141 1186 5139 639 1192 5140 637 1193 5141 141 1186 5142 637 1193 5143 638 1194 5144 141 1186 5145 638 1194 5146 615 1195 5147 141 1186 5148 615 1195 5149 143 1187 5150 143 1187 5151 615 1195 5152 616 1196 5153 1396 1197 5154 1397 1198 5155 1398 1199 5156 1398 1199 5157 1397 1198 5158 1399 1200 5159 1399 1200 5160 1397 1198 5161 1409 1201 5162 1409 1201 5163 1397 1198 5164 1401 1202 5165 1409 1201 5166 1401 1202 5167 1403 1203 5168 1403 1203 5169 1401 1202 5170 1402 1204 5171 1402 1204 5172 1401 1202 5173 1400 1205 5174 1400 1205 5175 1401 1202 5176 1397 1198 5177 1400 1205 5178 1397 1198 5179 1396 1197 5180 932 1206 5181 933 1207 5182 931 1208 5183 932 1206 5184 931 1208 5185 951 1209 5186 932 1206 5187 951 1209 5188 953 1210 5189 953 1210 5190 951 1209 5191 952 1211 5192 953 1210 5193 952 1211 5194 954 1212 5195 953 1210 5196 954 1212 5197 1331 1213 5198 953 1210 5199 1331 1213 5200 932 1206 5201 932 1206 5202 1331 1213 5203 934 1214 5204 932 1206 5205 934 1214 5206 933 1207 5207 933 1207 5208 934 1214 5209 944 1215 5210 944 1215 5211 934 1214 5212 945 1216 5213 945 1216 5214 934 1214 5215 1331 1213 5216 1385 1217 5217 1386 1218 5218 1381 1219 5219 1381 1219 5220 1386 1218 5221 1382 1220 5222 1381 1219 5223 1382 1220 5224 1383 1221 5225 1383 1221 5226 1382 1220 5227 1384 1222 5228 1384 1222 5229 1382 1220 5230 1395 1223 5231 1395 1223 5232 1382 1220 5233 1386 1218 5234 1395 1223 5235 1386 1218 5236 1388 1224 5237 1388 1224 5238 1386 1218 5239 1385 1217 5240 1388 1224 5241 1385 1217 5242 1387 1225 5243 770 1226 5244 780 1227 5245 767 1228 5246 770 1226 5247 767 1228 5248 766 1229 5249 766 1229 5250 767 1228 5251 768 1230 5252 768 1230 5253 767 1228 5254 769 1231 5255 682 1232 5256 683 1233 5257 684 1234 5258 684 1234 5259 683 1233 5260 685 1235 5261 685 1235 5262 683 1233 5263 686 1236 5264 686 1236 5265 683 1233 5266 687 1237 5267 686 1236 5268 687 1237 5269 688 1238 5270 688 1238 5271 687 1237 5272 689 1239 5273 689 1239 5274 687 1237 5275 695 1240 5276 695 1240 5277 687 1237 5278 683 1233 5279 695 1240 5280 683 1233 5281 682 1232 5282 765 1241 5283 778 1242 5284 764 1243 5285 765 1241 5286 764 1243 5287 763 1244 5288 763 1244 5289 764 1243 5290 762 1245 5291 762 1245 5292 764 1243 5293 779 1246 5294 668 1247 5295 681 1248 5296 671 1249 5297 671 1249 5298 681 1248 5299 673 1250 5300 681 1248 5301 668 1247 5302 667 1251 5303 667 1251 5304 668 1247 5305 669 1252 5306 669 1252 5307 668 1247 5308 670 1253 5309 670 1253 5310 668 1247 5311 671 1249 5312 670 1253 5313 671 1249 5314 672 1254 5315 672 1254 5316 671 1249 5317 673 1250 5318 672 1254 5319 673 1250 5320 674 1255 5321 750 1256 5322 771 1257 5323 751 1258 5324 750 1256 5325 751 1258 5326 749 1259 5327 749 1259 5328 751 1258 5329 759 1260 5330 759 1260 5331 751 1258 5332 758 1261 5333 865 1262 5334 866 1263 5335 867 1264 5336 867 1264 5337 866 1263 5338 868 1265 5339 867 1264 5340 868 1265 5341 1356 1266 5342 1356 1266 5343 868 1265 5344 967 1267 5345 967 1267 5346 868 1265 5347 968 1268 5348 968 1268 5349 868 1265 5350 969 1269 5351 969 1269 5352 868 1265 5353 866 1263 5354 969 1269 5355 866 1263 5356 1355 1270 5357 1355 1270 5358 866 1263 5359 1354 1271 5360 1354 1271 5361 866 1263 5362 1320 1272 5363 1320 1272 5364 866 1263 5365 1321 1273 5366 1321 1273 5367 866 1263 5368 865 1262 5369 854 1274 5370 855 1275 5371 856 1276 5372 856 1276 5373 855 1275 5374 857 1277 5375 856 1276 5376 857 1277 5377 858 1278 5378 858 1278 5379 857 1277 5380 859 1279 5381 859 1279 5382 857 1277 5383 1358 1280 5384 1358 1280 5385 857 1277 5386 1353 1281 5387 1353 1281 5388 857 1277 5389 855 1275 5390 1353 1281 5391 855 1275 5392 1351 1282 5393 1351 1282 5394 855 1275 5395 1352 1283 5396 1352 1283 5397 855 1275 5398 1329 1284 5399 1329 1284 5400 855 1275 5401 854 1274 5402 1329 1284 5403 854 1274 5404 1330 1285 5405 783 1286 5406 784 1287 5407 746 1288 5408 783 1286 5409 746 1288 5410 745 1289 5411 745 1289 5412 746 1288 5413 747 1290 5414 747 1290 5415 746 1288 5416 748 1291 5417 592 1292 5418 495 1293 5419 582 1294 5420 582 1294 5421 495 1293 5422 494 1295 5423 494 1295 5424 495 1293 5425 496 1296 5426 496 1296 5427 495 1293 5428 574 1297 5429 574 1297 5430 495 1293 5431 575 1298 5432 592 1292 5433 576 1299 5434 495 1293 5435 495 1293 5436 576 1299 5437 577 1300 5438 495 1293 5439 577 1300 5440 575 1298 5441 575 1298 5442 577 1300 5443 713 1301 5444 575 1298 5445 713 1301 5446 712 1302 5447 575 1298 5448 712 1302 5449 711 1303 5450 575 1298 5451 711 1303 5452 574 1297 5453 574 1297 5454 711 1303 5455 710 1304 5456 574 1297 5457 710 1304 5458 496 1296 5459 496 1296 5460 710 1304 5461 709 1305 5462 496 1296 5463 709 1305 5464 708 1306 5465 496 1296 5466 708 1306 5467 494 1295 5468 494 1295 5469 708 1306 5470 707 1307 5471 494 1295 5472 707 1307 5473 582 1294 5474 582 1294 5475 707 1307 5476 706 1308 5477 582 1294 5478 706 1308 5479 705 1309 5480 582 1294 5481 705 1309 5482 592 1292 5483 592 1292 5484 705 1309 5485 704 1310 5486 592 1292 5487 704 1310 5488 576 1299 5489 576 1299 5490 704 1310 5491 703 1311 5492 576 1299 5493 703 1311 5494 702 1312 5495 576 1299 5496 702 1312 5497 577 1300 5498 577 1300 5499 702 1312 5500 713 1301 5501 843 1313 5502 844 1314 5503 845 1315 5504 845 1315 5505 844 1314 5506 846 1316 5507 846 1316 5508 844 1314 5509 863 1317 5510 846 1316 5511 863 1317 5512 1350 1318 5513 1350 1318 5514 863 1317 5515 1349 1319 5516 1349 1319 5517 863 1317 5518 1327 1320 5519 1327 1320 5520 863 1317 5521 1328 1321 5522 1328 1321 5523 863 1317 5524 862 1322 5525 862 1322 5526 863 1317 5527 864 1323 5528 864 1323 5529 863 1317 5530 844 1314 5531 864 1323 5532 844 1314 5533 1357 1324 5534 1357 1324 5535 844 1314 5536 843 1313 5537 129 1325 5538 130 1326 5539 131 1327 5540 131 1327 5541 130 1326 5542 132 1328 5543 131 1327 5544 132 1328 5545 150 1329 5546 150 1329 5547 132 1328 5548 636 1330 5549 150 1329 5550 636 1330 5551 635 1331 5552 150 1329 5553 635 1331 5554 614 1332 5555 150 1329 5556 614 1332 5557 613 1333 5558 150 1329 5559 613 1333 5560 148 1334 5561 150 1329 5562 148 1334 5563 149 1335 5564 150 1329 5565 149 1335 5566 131 1327 5567 131 1327 5568 149 1335 5569 643 1336 5570 131 1327 5571 643 1336 5572 129 1325 5573 761 1337 5574 760 1338 5575 740 1339 5576 761 1337 5577 740 1339 5578 739 1340 5579 739 1340 5580 740 1339 5581 738 1341 5582 738 1341 5583 740 1339 5584 772 1342 5585 661 1343 5586 662 1344 5587 663 1345 5588 661 1343 5589 663 1345 5590 699 1346 5591 661 1343 5592 699 1346 5593 698 1347 5594 661 1343 5595 698 1347 5596 665 1348 5597 661 1343 5598 665 1348 5599 664 1349 5600 661 1343 5601 664 1349 5602 662 1344 5603 676 1350 5604 678 1351 5605 677 1352 5606 676 1350 5607 677 1352 5608 675 1353 5609 675 1353 5610 677 1352 5611 696 1354 5612 675 1353 5613 696 1354 5614 680 1355 5615 675 1353 5616 680 1355 5617 679 1356 5618 675 1353 5619 679 1356 5620 676 1350 5621 690 1357 5622 691 1358 5623 692 1359 5624 690 1357 5625 692 1359 5626 701 1360 5627 690 1357 5628 701 1360 5629 694 1361 5630 690 1357 5631 694 1361 5632 693 1362 5633 690 1357 5634 693 1362 5635 691 1358 5636 1375 1363 5637 1376 1364 5638 1377 1365 5639 1375 1363 5640 1377 1365 5641 1378 1366 5642 1375 1363 5643 1378 1366 5644 1379 1367 5645 1375 1363 5646 1379 1367 5647 1412 1368 5648 1375 1363 5649 1412 1368 5650 1413 1369 5651 1375 1363 5652 1413 1369 5653 1376 1364 5654 1390 1370 5655 1392 1371 5656 1391 1372 5657 1390 1370 5658 1391 1372 5659 1389 1373 5660 1389 1373 5661 1391 1372 5662 1393 1374 5663 1389 1373 5664 1393 1374 5665 1394 1375 5666 1389 1373 5667 1394 1375 5668 1410 1376 5669 1389 1373 5670 1410 1376 5671 1390 1370 5672 1404 1377 5673 1405 1378 5674 1406 1379 5675 1404 1377 5676 1406 1379 5677 1407 1380 5678 1404 1377 5679 1407 1380 5680 1408 1381 5681 1404 1377 5682 1408 1381 5683 1415 1382 5684 1404 1377 5685 1415 1382 5686 1405 1378 5687 151 1383 5688 152 1384 5689 153 1385 5690 151 1383 5691 153 1385 5692 606 1386 5693 606 1386 5694 153 1385 5695 607 1387 5696 607 1387 5697 153 1385 5698 640 1388 5699 640 1388 5700 153 1385 5701 641 1389 5702 641 1389 5703 153 1385 5704 255 1390 5705 255 1390 5706 153 1385 5707 154 1391 5708 255 1390 5709 154 1391 5710 254 1392 5711 254 1392 5712 154 1391 5713 253 1393 5714 253 1393 5715 154 1391 5716 642 1394 5717 642 1394 5718 154 1391 5719 152 1384 5720 152 1384 5721 154 1391 5722 153 1385 5723 735 1395 5724 737 1396 5725 736 1397 5726 735 1395 5727 736 1397 5728 734 1398 5729 734 1398 5730 736 1397 5731 782 1399 5732 782 1399 5733 736 1397 5734 781 1400 5735 217 1401 5736 218 1402 5737 219 1403 5738 217 1401 5739 219 1403 5740 237 1404 5741 237 1404 5742 219 1403 5743 238 1405 5744 237 1404 5745 238 1405 5746 239 1406 5747 239 1406 5748 238 1405 5749 240 1407 5750 240 1407 5751 238 1405 5752 617 1408 5753 617 1408 5754 238 1405 5755 219 1403 5756 617 1408 5757 219 1403 5758 220 1409 5759 220 1409 5760 219 1403 5761 218 1402 5762 220 1409 5763 218 1402 5764 231 1410 5765 220 1409 5766 231 1410 5767 230 1411 5768 220 1409 5769 230 1411 5770 617 1408 5771 266 1412 5772 267 1413 5773 268 1414 5774 266 1412 5775 268 1414 5776 633 1415 5777 633 1415 5778 268 1414 5779 634 1416 5780 634 1416 5781 268 1414 5782 270 1417 5783 634 1416 5784 270 1417 5785 628 1418 5786 628 1418 5787 270 1417 5788 627 1419 5789 627 1419 5790 270 1417 5791 269 1420 5792 627 1419 5793 269 1420 5794 629 1421 5795 629 1421 5796 269 1420 5797 280 1422 5798 280 1422 5799 269 1420 5800 267 1413 5801 267 1413 5802 269 1420 5803 270 1417 5804 267 1413 5805 270 1417 5806 268 1414 5807</p>
        </polylist>
      </mesh>
    </geometry>
    <geometry id="chr582_1-mesh" name="chr582_1">
      <mesh>
        <source id="chr582_1-mesh-positions">
          <float_array id="chr582_1-mesh-positions-array" count="642">0 0.01700145 0.02889698 -0.003253996 0.01684075 0.02872633 0 0.0169596 0.0282002 -0.003287792 0.01692837 0.02782738 -0.006692767 0.01937586 0.02173316 -0.008985161 0.01906722 0.02133989 -0.00680685 0.01927185 0.01628816 -0.009958744 0.01764589 0.01622629 -0.003394663 0.02012509 0.01633578 0 0.02022868 0.01662087 -0.00343883 0.01984906 0.02221399 0 0.01984971 0.02334517 -0.003676772 0.01726925 0.02630299 -0.003812432 0.01723968 0.02730029 0 0.01740419 0.02693796 0 0.01728999 0.02767449 0 0.01670569 0.02551275 -0.003177464 0.01655656 0.02510339 -0.009130358 0.01524871 0.02013903 -0.006620228 0.0160219 0.02322769 -0.007203102 0.0145182 0.02002048 -0.005305171 0.0149073 0.02258509 -0.009358346 0.01670098 0.02460807 -0.007901549 0.01659256 0.02404159 -0.01081085 0.01630896 0.02331089 -0.01065772 0.01582515 0.02145737 -0.01172405 0.0161575 0.0222904 -0.01299947 0.01626408 0.02089112 0 0.01853096 0.01314991 -0.003605186 0.01809054 0.01292508 -0.006339192 0.01739037 0.01315158 -0.006807208 0.01757669 0.0254603 -0.003341794 0.01750338 0.02671879 -0.01141685 0.01801145 0.02104043 -0.001926243 0.01769477 0.01937508 -0.002695322 0.01764655 0.01714855 -0.003630459 0.01703995 0.02005237 -0.004669368 0.01698511 0.01797825 0 0.01637095 0.02298587 -0.00272125 0.01506567 0.0240181 0 0.01530647 0.02418315 -0.002153933 0.01622456 0.02233916 -0.005305171 0.0149073 0.02258509 -0.004762351 0.01606166 0.02135413 -0.007203102 0.0145182 0.02002048 -0.006395161 0.01574909 0.01918548 -0.0033499 0.01721215 0.01434928 0 0.0163784 0.01173466 -0.003844439 0.01584017 0.01154017 0 0.01760566 0.01401799 -0.00568819 0.01529896 0.01196098 -0.005267441 0.01654297 0.01507127 -0.007919788 0.01412898 0.01352918 -0.008377075 0.01382476 0.01554298 -0.007169008 0.0150699 0.01614069 -0.008117675 0.01382791 0.0172159 0 0.01793569 0.01663267 0 0.01790022 0.01911807 0 0.01727426 0.02126306 -0.01057302 0.01596045 0.01485234 -0.01344233 0.01610481 0.01904928 -0.01063895 0.01525789 0.01714289 -0.01221156 0.01599425 0.01947593 -0.01171791 0.01626771 0.02445656 -0.0125665 0.0164206 0.02260345 -0.01096767 0.0160408 0.02391558 -0.01199746 0.01613569 0.0222544 0 0.01759392 0.02713495 -0.009742379 0.01677435 0.02559244 -0.009501099 0.01649409 0.02510136 -0.006750762 0.01648396 0.02760148 -0.006740987 0.01662755 0.02655005 -0.008992671 0.01786708 0.02424049 -0.01344728 0.01622569 0.02088564 -0.01417368 0.0161702 0.02114355 -0.01404637 0.0162189 0.02128088 -0.014418 0.01633286 0.02057737 -0.01414358 0.0161696 0.02025681 -0.01473581 0.01632845 0.02052557 -0.01431983 0.01645255 0.0202232 -0.01473581 0.01632845 0.02052557 -0.01008445 0.01672559 0.02521127 -0.01164567 0.01628315 0.0240978 -0.009029567 0.016694 0.0262885 -0.008441269 0.01688683 0.02554512 -0.003895401 0.01699709 0.02823156 0 0.01698082 0.02857625 -0.006669402 0.01719278 0.02669131 -0.01296108 0.01691395 0.0195105 -0.008377075 0.01382476 0.01554298 -0.007919788 0.01412898 0.01352918 -0.00568819 0.01529896 0.01196098 -0.008106052 0.01550483 0.01324975 -0.01230597 0.0173189 0.02076858 -0.0109871 0.01704967 0.02299195 0 0.0163784 0.01173466 -0.003844439 0.01584017 0.01154017 -0.008117675 0.01382791 0.0172159 -0.00272125 0.01506567 0.0240181 0 0.01530647 0.02418315 -0.01258713 0.01627737 0.02318453 -0.00724709 0.01674735 0.02744084 -0.006669402 0.01719278 0.02669131 -0.008441269 0.01688683 0.02554512 -0.00724709 0.01674735 0.02744084 -0.008108556 0.01667517 0.02700257 -0.009029567 0.016694 0.0262885 0 0.01700145 0.02889698 0 0.0169596 0.0282002 0.003253996 0.01684075 0.02872633 0.003287792 0.01692837 0.02782738 0.006692767 0.01937586 0.02173316 0.00680685 0.01927185 0.01628816 0.008985161 0.01906722 0.02133989 0.009958744 0.01764589 0.01622629 0.003394663 0.02012509 0.01633578 0.00343883 0.01984906 0.02221399 0 0.02022868 0.01662087 0 0.01984971 0.02334517 0.003676772 0.01726925 0.02630299 0 0.01740419 0.02693796 0.003812432 0.01723968 0.02730029 0 0.01728999 0.02767449 0 0.01670569 0.02551275 0.003177464 0.01655656 0.02510339 0.009130358 0.01524871 0.02013903 0.007203102 0.0145182 0.02002048 0.006620228 0.0160219 0.02322769 0.005305171 0.0149073 0.02258509 0.009358346 0.01670098 0.02460807 0.01081085 0.01630896 0.02331089 0.007901549 0.01659256 0.02404159 0.01065772 0.01582515 0.02145737 0.01172405 0.0161575 0.0222904 0.01299947 0.01626408 0.02089112 0 0.01853096 0.01314991 0.003605186 0.01809054 0.01292508 0.006339192 0.01739037 0.01315158 0.006807208 0.01757669 0.0254603 0.003341794 0.01750338 0.02671879 0.01141685 0.01801145 0.02104043 0.001926243 0.01769477 0.01937508 0.003630459 0.01703995 0.02005237 0.002695322 0.01764655 0.01714855 0.004669368 0.01698511 0.01797825 0.00272125 0.01506567 0.0240181 0.002153933 0.01622456 0.02233916 0 0.01637095 0.02298587 0 0.01530647 0.02418315 0.005305171 0.0149073 0.02258509 0.007203102 0.0145182 0.02002048 0.004762351 0.01606166 0.02135413 0.006395161 0.01574909 0.01918548 0.0033499 0.01721215 0.01434928 0.003844439 0.01584017 0.01154017 0 0.0163784 0.01173466 0 0.01760566 0.01401799 0.00568819 0.01529896 0.01196098 0.005267441 0.01654297 0.01507127 0.007919788 0.01412898 0.01352918 0.007169008 0.0150699 0.01614069 0.008377075 0.01382476 0.01554298 0.008117675 0.01382791 0.0172159 0 0.01793569 0.01663267 0 0.01790022 0.01911807 0 0.01727426 0.02126306 0.01057302 0.01596045 0.01485234 0.01063895 0.01525789 0.01714289 0.01344233 0.01610481 0.01904928 0.01221156 0.01599425 0.01947593 0.01171791 0.01626771 0.02445656 0.01096767 0.0160408 0.02391558 0.0125665 0.0164206 0.02260345 0.01199746 0.01613569 0.0222544 0 0.01759392 0.02713495 0.009742379 0.01677435 0.02559244 0.006750762 0.01648396 0.02760148 0.009501099 0.01649409 0.02510136 0.006740987 0.01662755 0.02655005 0.008992671 0.01786708 0.02424049 0.01417368 0.0161702 0.02114355 0.01344728 0.01622569 0.02088564 0.01404637 0.0162189 0.02128088 0.014418 0.01633286 0.02057737 0.01414358 0.0161696 0.02025681 0.01431983 0.01645255 0.0202232 0.01473581 0.01632845 0.02052557 0.01473581 0.01632845 0.02052557 0.01164567 0.01628315 0.0240978 0.01008445 0.01672559 0.02521127 0.008441269 0.01688683 0.02554512 0.009029567 0.016694 0.0262885 0.003895401 0.01699709 0.02823156 0 0.01698082 0.02857625 0.006669402 0.01719278 0.02669131 0.01296108 0.01691395 0.0195105 0.007919788 0.01412898 0.01352918 0.008377075 0.01382476 0.01554298 0.008106052 0.01550483 0.01324975 0.00568819 0.01529896 0.01196098 0.01230597 0.0173189 0.02076858 0.0109871 0.01704967 0.02299195 0 0.0163784 0.01173466 0.003844439 0.01584017 0.01154017 0.008117675 0.01382791 0.0172159 0.00272125 0.01506567 0.0240181 0 0.01530647 0.02418315 0.01258713 0.01627737 0.02318453 0.00724709 0.01674735 0.02744084 0.006669402 0.01719278 0.02669131 0.00724709 0.01674735 0.02744084 0.008441269 0.01688683 0.02554512 0.008108556 0.01667517 0.02700257 0.009029567 0.016694 0.0262885</float_array>
          <technique_common>
            <accessor source="#chr582_1-mesh-positions-array" count="214" stride="3">
              <param name="X" type="float"/>
              <param name="Y" type="float"/>
              <param name="Z" type="float"/>
            </accessor>
          </technique_common>
        </source>
        <source id="chr582_1-mesh-normals">
          <float_array id="chr582_1-mesh-normals-array" count="642">-0.1273245 0.979929 0.1533876 -0.05490309 0.9926198 -0.1081277 -0.1139574 0.9887191 -0.09720253 0.07065105 -0.993632 -0.08777213 0.1045876 -0.9890813 -0.1038247 0.1174376 -0.9532956 -0.2782734 0.2074092 -0.9003499 -0.3825594 0.1522584 -0.8635302 -0.480763 0.2340224 -0.7929847 -0.5625024 0.3022964 -0.8634291 -0.4038655 0.3704755 -0.7543797 -0.5419033 0.3753274 -0.8385505 -0.3949208 0.6536082 -0.5591804 -0.5100134 0.5466637 -0.8278391 -0.125862 0.5694919 -0.79091 -0.2239207 0.4996306 -0.7558702 0.4231188 0.4797964 -0.8256428 0.2968322 0.7425652 0.01263499 0.6696546 0.7874645 0.4118914 0.4585252 0.4602578 0.8862429 0.05230963 0.1893699 0.9724856 -0.1356871 0.1150268 0.9901955 -0.07925832 0.1499427 0.9675627 -0.2033215 0.1091053 0.979964 -0.1666335 -0.04037642 0.9829214 -0.1795425 -0.01257365 0.9972883 -0.07251226 -0.08887183 0.9941316 -0.06167924 -0.05359065 0.9798303 -0.1925113 0.04193389 0.94684 -0.3189603 -0.09183096 0.993813 0.06247186 0.0190131 0.9727834 -0.2309349 -0.04266542 0.9885076 0.1450259 -0.005432367 0.9907158 -0.1358411 -0.02737593 0.9707317 0.2386009 -0.06085449 0.9608238 0.2703967 -0.02472019 0.9456861 0.3241402 -0.1632187 0.8982525 0.4080469 -0.318594 -0.8821384 0.3468858 0.1709982 -0.9617165 -0.2141522 0.120948 -0.9636776 0.2381116 0.1208546 -0.962778 -0.2417703 0.01672464 0.8027539 -0.596076 0.1357185 0.7804653 -0.6102906 0.2162895 0.8474264 -0.4848583 0.2702772 0.9219211 -0.2775102 0.1654725 0.9762634 0.1397452 0.01413053 0.9881922 0.1525672 0.4393875 0.895469 0.07123219 0.8939565 -0.406022 0.1897048 -0.06271642 0.9506349 0.3039077 0.5315513 -0.1187193 0.838665 0.3630306 -0.6017854 0.7113813 0.3141974 -0.9025201 0.2945123 0.3053725 -0.9440729 -0.1243952 0.1331867 -0.7078368 0.6937063 0.04608362 -0.9971469 0.05978667 0.05548363 -0.9716964 -0.2296254 0.07758033 -0.8599455 -0.5044553 0.08548402 -0.9451161 -0.3153541 0.01123088 -0.9822165 0.1874158 0.02704012 -0.7488847 0.6621486 0.02108877 -0.5404044 0.8411411 0.1602247 -0.4963306 0.8532198 0.3815248 -0.2901187 0.8776504 0.5932404 0.4321273 0.6792142 0.594905 0.7917214 0.1387999 0.4580663 0.8691326 -0.1865043 0.3272556 0.8567607 -0.3985785 0.3556995 0.727086 -0.5872172 0.1987987 0.633751 -0.7475553 -0.01699906 0.6887535 -0.7247964 -0.2623398 -0.9641203 0.0406205 -0.2720217 -0.9243181 0.2676573 0.3220714 -0.9188175 -0.2281326 0.262098 -0.8431815 -0.4694141 -0.01162767 -0.9832892 -0.1816791 0.06424313 -0.9511348 -0.3020192 -0.4797964 -0.8256428 0.2968322 -0.7874645 0.4118914 0.4585252 -0.8939617 -0.4060244 0.1896754 -0.5694919 -0.79091 -0.2239207 -0.06424313 -0.9511348 -0.3020192 0.01162767 -0.9832892 -0.1816791 -0.262098 -0.8431815 -0.4694141 -0.3220714 -0.9188175 -0.2281326 -0.6536082 -0.5591804 -0.5100134 -0.3753274 -0.8385505 -0.3949208 0.2720217 -0.9243181 0.2676573 0.2623398 -0.9641203 0.0406205 -0.1045876 -0.9890813 -0.1038247 -0.07065105 -0.993632 -0.08777213 -0.1174376 -0.9532956 -0.2782734 -0.2074092 -0.9003499 -0.3825594 -0.1522584 -0.8635302 -0.480763 -0.2340224 -0.7929847 -0.5625024 -0.3022964 -0.8634291 -0.4038655 -0.3704755 -0.7543797 -0.5419033 -0.5466637 -0.8278391 -0.125862 -0.4996306 -0.7558702 0.4231188 -0.7425652 0.01263499 0.6696546 -0.4602578 0.8862429 0.05230963 -0.1893699 0.9724856 -0.1356871 -0.2702772 0.9219211 -0.2775102 -0.1499427 0.9675627 -0.2033215 -0.2162895 0.8474264 -0.4848583 -0.04193389 0.94684 -0.3189603 -0.0190131 0.9727834 -0.2309349 0.09183096 0.993813 0.06247186 0.05490309 0.9926198 -0.1081277 0.05359065 0.9798303 -0.1925113 0.1139574 0.9887191 -0.09720253 0.04037642 0.9829214 -0.1795425 0.08887183 0.9941316 -0.06167924 0.01257365 0.9972883 -0.07251226 -0.1091053 0.979964 -0.1666335 -0.1150268 0.9901955 -0.07925832 -0.4393875 0.895469 0.07123219 -0.1654725 0.9762634 0.1397452 0.06271642 0.9506349 0.3039077 -0.01413053 0.9881922 0.1525672 0.318594 -0.8821384 0.3468858 -0.1357185 0.7804653 -0.6102906 0.1273245 0.979929 0.1533876 -0.1709982 -0.9617165 -0.2141522 -0.3141974 -0.9025201 0.2945123 -0.3053725 -0.9440729 -0.1243952 -0.1208546 -0.962778 -0.2417703 -0.120948 -0.9636776 0.2381116 -0.1331867 -0.7078368 0.6937063 -0.3630306 -0.6017854 0.7113813 -0.5315513 -0.1187193 0.838665 0.06085449 0.9608238 0.2703967 0.1632187 0.8982525 0.4080469 0.04266542 0.9885076 0.1450259 0.005432367 0.9907158 -0.1358411 -0.01672464 0.8027539 -0.596076 -0.1987987 0.633751 -0.7475553 -0.3556995 0.727086 -0.5872172 -0.3272556 0.8567607 -0.3985785 -0.4580663 0.8691326 -0.1865043 -0.594905 0.7917214 0.1387999 -0.5932404 0.4321273 0.6792142 -0.3815248 -0.2901187 0.8776504 -0.1602247 -0.4963306 0.8532198 -0.02108877 -0.5404044 0.8411411 -0.02704012 -0.7488847 0.6621486 -0.01123088 -0.9822165 0.1874158 -0.08548402 -0.9451161 -0.3153541 -0.07758033 -0.8599455 -0.5044553 -0.05548363 -0.9716964 -0.2296254 -0.04608362 -0.9971469 0.05978667 0.01699906 0.6887535 -0.7247964 0.02737593 0.9707317 0.2386009 0.02472019 0.9456861 0.3241402 0.2514501 0.9352088 -0.2493137 0.2245606 0.9742047 -0.02230954 0.4994397 0.8562957 -0.1315969 0.1863819 0.9610862 0.2039 0.2146397 0.8556899 0.4708766 0.3118448 0.9053815 0.2881619 0.4389575 0.8967148 0.05673515 0.6852114 0.7283347 -0.003753781 0.6355642 0.7592894 -0.1397783 0.7212548 0.692506 0.01507633 0.764181 0.6390811 0.08719456 0.6441091 0.7452805 0.1722812 0.7181558 0.6479607 0.2537701 0.436697 0.8030781 0.4054149 0.4831746 0.7348026 0.4760332 0.2283766 0.8072382 0.5442525 0.1700516 0.8248052 0.5392393 0.1737178 0.900879 0.3977931 0.08707106 0.9868972 0.1358406 0.1178643 0.9910434 -0.06277757 0.1409363 0.9410203 -0.3076002 0.1282419 0.8854554 -0.4466799 0.2363681 0.8888601 -0.3925023 0.4661766 0.8350589 -0.2921577 0.1058104 0.7431446 0.6607121 -0.2245606 0.9742047 -0.02230954 -0.4389575 0.8967148 0.05673515 -0.3118448 0.9053815 0.2881619 -0.2514501 0.9352088 -0.2493137 -0.4994397 0.8562957 -0.1315969 -0.6852114 0.7283347 -0.003753781 -0.6441091 0.7452805 0.1722812 -0.436697 0.8030781 0.4054149 -0.1863819 0.9610862 0.2039 -0.2146397 0.8556899 0.4708766 -0.2283766 0.8072382 0.5442525 -0.4831746 0.7348026 0.4760332 -0.7181558 0.6479607 0.2537701 -0.764181 0.6390811 0.08719456 -0.7212548 0.692506 0.01507633 -0.6355642 0.7592894 -0.1397783 -0.4661766 0.8350589 -0.2921577 -0.2363681 0.8888601 -0.3925023 -0.1282419 0.8854554 -0.4466799 -0.1409363 0.9410203 -0.3076002 -0.1178643 0.9910434 -0.06277757 -0.08707106 0.9868972 0.1358406 -0.1737178 0.900879 0.3977931 -0.1700516 0.8248052 0.5392393 -0.1058104 0.7431446 0.6607121 -0.3347964 0.9005931 0.2772065 -0.1869016 0.9613654 0.2021003 -0.2855676 0.9257066 0.2480291 -0.1578726 0.9714373 0.1771604 -0.1096247 0.9797862 0.1673364 0.3347964 0.9005931 0.2772065 0.2855676 0.9257066 0.2480291 0.1869016 0.9613654 0.2021003 0.1578726 0.9714373 0.1771604 0.1096247 0.9797862 0.1673364</float_array>
          <technique_common>
            <accessor source="#chr582_1-mesh-normals-array" count="214" stride="3">
              <param name="X" type="float"/>
              <param name="Y" type="float"/>
              <param name="Z" type="float"/>
            </accessor>
          </technique_common>
        </source>
        <source id="chr582_1-mesh-map-0">
          <float_array id="chr582_1-mesh-map-0-array" count="1740">0.5927734 0.1762695 0.6035156 0.1835937 0.5825195 0.196289 0.411377 0.4726563 0.4211426 0.4199219 0.4204102 0.4716797 0.4204102 0.4716797 0.4211426 0.4199219 0.4331055 0.4213867 0.4204102 0.4716797 0.4331055 0.4213867 0.4384766 0.4731445 0.4384766 0.4731445 0.4331055 0.4213867 0.4538574 0.4238281 0.4538574 0.4238281 0.4331055 0.4213867 0.4533692 0.3803711 0.4538574 0.4238281 0.4533692 0.3803711 0.472168 0.3935547 0.472168 0.3935547 0.4533692 0.3803711 0.4692383 0.3544922 0.472168 0.3935547 0.4692383 0.3544922 0.487793 0.3613281 0.472168 0.3935547 0.487793 0.3613281 0.519043 0.3608399 0.519043 0.3608399 0.487793 0.3613281 0.5219727 0.3442383 0.519043 0.3608399 0.5219727 0.3442383 0.5878906 0.3769531 0.5878906 0.3769531 0.5219727 0.3442383 0.5395508 0.3330078 0.5878906 0.3769531 0.5395508 0.3330078 0.6035156 0.340332 0.6035156 0.340332 0.5395508 0.3330078 0.5493164 0.3212891 0.6035156 0.340332 0.5493164 0.3212891 0.6069336 0.3071289 0.6069336 0.3071289 0.5493164 0.3212891 0.574707 0.2880859 0.574707 0.2880859 0.5493164 0.3212891 0.5537109 0.2783203 0.574707 0.2880859 0.5537109 0.2783203 0.5893555 0.2558594 0.5893555 0.2558594 0.5537109 0.2783203 0.5683594 0.2514649 0.5893555 0.2558594 0.5683594 0.2514649 0.5776367 0.230957 0.5776367 0.230957 0.5683594 0.2514649 0.5532227 0.2456054 0.5776367 0.230957 0.5532227 0.2456054 0.5639649 0.2255859 0.5776367 0.230957 0.5639649 0.2255859 0.5825195 0.196289 0.5776367 0.230957 0.5825195 0.196289 0.59375 0.199707 0.59375 0.199707 0.5825195 0.196289 0.6035156 0.1835937 0.59375 0.199707 0.6035156 0.1835937 0.6171875 0.1992187 0.6171875 0.1992187 0.6035156 0.1835937 0.6230469 0.1586914 0.6171875 0.1992187 0.6230469 0.1586914 0.6655274 0.1479492 0.6655274 0.1479492 0.6230469 0.1586914 0.659668 0.1357421 0.6655274 0.1479492 0.659668 0.1357421 0.7124024 0.1206054 0.7124024 0.1206054 0.659668 0.1357421 0.7094727 0.1103515 0.7094727 0.1103515 0.659668 0.1357421 0.6542969 0.1230468 0.7094727 0.1103515 0.6542969 0.1230468 0.7050781 0.09765625 0.59375 0.199707 0.6171875 0.1992187 0.5776367 0.230957 0.5776367 0.230957 0.6171875 0.1992187 0.5893555 0.2558594 0.6118164 0.1503906 0.6542969 0.1230468 0.6230469 0.1586914 0.6230469 0.1586914 0.6542969 0.1230468 0.659668 0.1357421 0.4416504 0.3745117 0.4533692 0.3803711 0.4211426 0.4199219 0.4211426 0.4199219 0.4533692 0.3803711 0.4331055 0.4213867 0.472168 0.3935547 0.5112305 0.4316406 0.4538574 0.4238281 0.5112305 0.4316406 0.5947266 0.4750977 0.5053711 0.4785156 0.5112305 0.4316406 0.5053711 0.4785156 0.4538574 0.4238281 0.4538574 0.4238281 0.5053711 0.4785156 0.4384766 0.4731445 0.7124024 0.1206054 0.7202149 0.1420898 0.6708984 0.1713867 0.7124024 0.1206054 0.6708984 0.1713867 0.6655274 0.1479492 0.6655274 0.1479492 0.6708984 0.1713867 0.6401367 0.2070312 0.6655274 0.1479492 0.6401367 0.2070312 0.6171875 0.1992187 0.6171875 0.1992187 0.6401367 0.2070312 0.5893555 0.2558594 0.5893555 0.2558594 0.6401367 0.2070312 0.6210938 0.2617188 0.5893555 0.2558594 0.6210938 0.2617188 0.574707 0.2880859 0.574707 0.2880859 0.6210938 0.2617188 0.6069336 0.3071289 0.53125 0.3007813 0.5395508 0.2705078 0.5537109 0.2783203 0.53125 0.3007813 0.5537109 0.2783203 0.5371094 0.3012695 0.5371094 0.3012695 0.5537109 0.2783203 0.5493164 0.3212891 0.5371094 0.3012695 0.5493164 0.3212891 0.5292969 0.3115234 0.5292969 0.3115234 0.5493164 0.3212891 0.5395508 0.3330078 0.5292969 0.3115234 0.5395508 0.3330078 0.5219727 0.3442383 0.5244141 0.3056641 0.53125 0.3007813 0.5292969 0.3115234 0.5292969 0.3115234 0.53125 0.3007813 0.5371094 0.3012695 0.6035156 0.340332 0.6357422 0.3706055 0.5878906 0.3769531 0.5878906 0.3769531 0.6357422 0.3706055 0.6362305 0.4174805 0.5864258 0.4267578 0.5947266 0.4750977 0.5112305 0.4316406 0.5864258 0.4267578 0.5112305 0.4316406 0.515625 0.3984375 0.515625 0.3984375 0.5112305 0.4316406 0.472168 0.3935547 0.515625 0.3984375 0.472168 0.3935547 0.519043 0.3608399 0.515625 0.3984375 0.519043 0.3608399 0.5878906 0.3769531 0.515625 0.3984375 0.5878906 0.3769531 0.5864258 0.4267578 0.5864258 0.4267578 0.5878906 0.3769531 0.6362305 0.4174805 0.5864258 0.4267578 0.6362305 0.4174805 0.6494141 0.4545899 0.5864258 0.4267578 0.6494141 0.4545899 0.5947266 0.4750977 0.4011231 0.5241699 0.411377 0.4726563 0.4111328 0.5241699 0.4111328 0.5241699 0.411377 0.4726563 0.4204102 0.4716797 0.4111328 0.5241699 0.4204102 0.4716797 0.4287109 0.5241699 0.4287109 0.5241699 0.4204102 0.4716797 0.4384766 0.4731445 0.4287109 0.5241699 0.4384766 0.4731445 0.496582 0.5241699 0.496582 0.5241699 0.4384766 0.4731445 0.5053711 0.4785156 0.496582 0.5241699 0.5053711 0.4785156 0.5986328 0.5241699 0.5986328 0.5241699 0.5053711 0.4785156 0.5947266 0.4750977 0.5986328 0.5241699 0.5947266 0.4750977 0.6552734 0.5241699 0.6552734 0.5241699 0.5947266 0.4750977 0.6494141 0.4545899 0.6552734 0.5241699 0.6494141 0.4545899 0.6860352 0.5241699 0.6860352 0.5241699 0.6494141 0.4545899 0.6713867 0.4321289 0.6713867 0.4321289 0.6494141 0.4545899 0.6362305 0.4174805 0.6713867 0.4321289 0.6362305 0.4174805 0.6621094 0.402832 0.6621094 0.402832 0.6362305 0.4174805 0.6357422 0.3706055 0.6621094 0.402832 0.6357422 0.3706055 0.6523438 0.3588867 0.6523438 0.3588867 0.6357422 0.3706055 0.6035156 0.340332 0.6523438 0.3588867 0.6035156 0.340332 0.6474609 0.3286133 0.6474609 0.3286133 0.6035156 0.340332 0.6069336 0.3071289 0.6474609 0.3286133 0.6069336 0.3071289 0.6484375 0.3037109 0.6484375 0.3037109 0.6069336 0.3071289 0.6210938 0.2617188 0.6484375 0.3037109 0.6210938 0.2617188 0.6503906 0.2592774 0.6503906 0.2592774 0.6210938 0.2617188 0.6401367 0.2070312 0.6503906 0.2592774 0.6401367 0.2070312 0.6650391 0.2163085 0.6650391 0.2163085 0.6401367 0.2070312 0.6708984 0.1713867 0.6650391 0.2163085 0.6708984 0.1713867 0.6972656 0.1855468 0.6972656 0.1855468 0.6708984 0.1713867 0.7202149 0.1420898 0.6972656 0.1855468 0.7202149 0.1420898 0.7304688 0.1665039 0.4624024 0.3427734 0.489502 0.3305664 0.4692383 0.3544922 0.4692383 0.3544922 0.489502 0.3305664 0.4941406 0.340332 0.4692383 0.3544922 0.4941406 0.340332 0.487793 0.3613281 0.487793 0.3613281 0.4941406 0.340332 0.5219727 0.3442383 0.5219727 0.3442383 0.4941406 0.340332 0.5166016 0.3222656 0.5219727 0.3442383 0.5166016 0.3222656 0.5292969 0.3115234 0.5292969 0.3115234 0.5166016 0.3222656 0.5136719 0.3134766 0.5292969 0.3115234 0.5136719 0.3134766 0.5244141 0.3056641 0.5166016 0.3222656 0.4941406 0.340332 0.5136719 0.3134766 0.5136719 0.3134766 0.4941406 0.340332 0.489502 0.3305664 0.5395508 0.3330078 0.5493164 0.3212891 0.5292969 0.3115234 0.5395508 0.3330078 0.5292969 0.3115234 0.5219727 0.3442383 0.5244141 0.3056641 0.5136719 0.3134766 0.5292969 0.3115234 0.5292969 0.3115234 0.5136719 0.3134766 0.5166016 0.3222656 0.5292969 0.3115234 0.5166016 0.3222656 0.5219727 0.3442383 0.5219727 0.3442383 0.5166016 0.3222656 0.4941406 0.340332 0.5219727 0.3442383 0.4941406 0.340332 0.487793 0.3613281 0.487793 0.3613281 0.4941406 0.340332 0.4692383 0.3544922 0.4692383 0.3544922 0.4941406 0.340332 0.489502 0.3305664 0.4692383 0.3544922 0.489502 0.3305664 0.4624024 0.3427734 0.489502 0.3305664 0.4941406 0.340332 0.5136719 0.3134766 0.5136719 0.3134766 0.4941406 0.340332 0.5166016 0.3222656 0.4211426 0.4199219 0.411377 0.4726563 0.4204102 0.4716797 0.4211426 0.4199219 0.4204102 0.4716797 0.4331055 0.4213867 0.4331055 0.4213867 0.4204102 0.4716797 0.4384766 0.4731445 0.4331055 0.4213867 0.4384766 0.4731445 0.4538574 0.4238281 0.4331055 0.4213867 0.4538574 0.4238281 0.4533692 0.3803711 0.4533692 0.3803711 0.4538574 0.4238281 0.472168 0.3935547 0.4533692 0.3803711 0.472168 0.3935547 0.4692383 0.3544922 0.4692383 0.3544922 0.472168 0.3935547 0.487793 0.3613281 0.487793 0.3613281 0.472168 0.3935547 0.519043 0.3608399 0.487793 0.3613281 0.519043 0.3608399 0.5219727 0.3442383 0.5219727 0.3442383 0.519043 0.3608399 0.5878906 0.3769531 0.5219727 0.3442383 0.5878906 0.3769531 0.5395508 0.3330078 0.5395508 0.3330078 0.5878906 0.3769531 0.6035156 0.340332 0.5395508 0.3330078 0.6035156 0.340332 0.5493164 0.3212891 0.5493164 0.3212891 0.6035156 0.340332 0.6069336 0.3071289 0.5493164 0.3212891 0.6069336 0.3071289 0.574707 0.2880859 0.574707 0.2880859 0.6069336 0.3071289 0.6210938 0.2617188 0.574707 0.2880859 0.6210938 0.2617188 0.5893555 0.2558594 0.5893555 0.2558594 0.6210938 0.2617188 0.6401367 0.2070312 0.5893555 0.2558594 0.6401367 0.2070312 0.6171875 0.1992187 0.6171875 0.1992187 0.6401367 0.2070312 0.6655274 0.1479492 0.6171875 0.1992187 0.6655274 0.1479492 0.6230469 0.1586914 0.6171875 0.1992187 0.6230469 0.1586914 0.6035156 0.1835937 0.6171875 0.1992187 0.6035156 0.1835937 0.59375 0.199707 0.59375 0.199707 0.6035156 0.1835937 0.5825195 0.196289 0.59375 0.199707 0.5825195 0.196289 0.5776367 0.230957 0.5776367 0.230957 0.5825195 0.196289 0.5639649 0.2255859 0.5776367 0.230957 0.5639649 0.2255859 0.5532227 0.2456054 0.5776367 0.230957 0.5532227 0.2456054 0.5683594 0.2514649 0.5776367 0.230957 0.5683594 0.2514649 0.5893555 0.2558594 0.5893555 0.2558594 0.5683594 0.2514649 0.5537109 0.2783203 0.5893555 0.2558594 0.5537109 0.2783203 0.574707 0.2880859 0.574707 0.2880859 0.5537109 0.2783203 0.5493164 0.3212891 0.5493164 0.3212891 0.5537109 0.2783203 0.5371094 0.3012695 0.5493164 0.3212891 0.5371094 0.3012695 0.5292969 0.3115234 0.5292969 0.3115234 0.5371094 0.3012695 0.53125 0.3007813 0.5292969 0.3115234 0.53125 0.3007813 0.5244141 0.3056641 0.59375 0.199707 0.5776367 0.230957 0.6171875 0.1992187 0.6171875 0.1992187 0.5776367 0.230957 0.5893555 0.2558594 0.5395508 0.2705078 0.53125 0.3007813 0.5537109 0.2783203 0.5537109 0.2783203 0.53125 0.3007813 0.5371094 0.3012695 0.4416504 0.3745117 0.4211426 0.4199219 0.4533692 0.3803711 0.4533692 0.3803711 0.4211426 0.4199219 0.4331055 0.4213867 0.6655274 0.1479492 0.6401367 0.2070312 0.6708984 0.1713867 0.5825195 0.196289 0.6035156 0.1835937 0.5927734 0.1762695 0.5112305 0.4316406 0.5864258 0.4267578 0.515625 0.3984375 0.515625 0.3984375 0.5864258 0.4267578 0.5878906 0.3769531 0.515625 0.3984375 0.5878906 0.3769531 0.519043 0.3608399 0.515625 0.3984375 0.519043 0.3608399 0.472168 0.3935547 0.515625 0.3984375 0.472168 0.3935547 0.5112305 0.4316406 0.5112305 0.4316406 0.472168 0.3935547 0.4538574 0.4238281 0.4538574 0.4238281 0.4384766 0.4731445 0.5053711 0.4785156 0.4538574 0.4238281 0.5053711 0.4785156 0.5112305 0.4316406 0.5112305 0.4316406 0.5053711 0.4785156 0.5947266 0.4750977 0.5112305 0.4316406 0.5947266 0.4750977 0.5864258 0.4267578 0.5864258 0.4267578 0.5947266 0.4750977 0.6494141 0.4545899 0.5864258 0.4267578 0.6494141 0.4545899 0.6362305 0.4174805 0.5864258 0.4267578 0.6362305 0.4174805 0.5878906 0.3769531 0.5878906 0.3769531 0.6362305 0.4174805 0.6357422 0.3706055 0.5878906 0.3769531 0.6357422 0.3706055 0.6035156 0.340332 0.6542969 0.1230468 0.6118164 0.1503906 0.6230469 0.1586914 0.6542969 0.1230468 0.6230469 0.1586914 0.659668 0.1357421 0.659668 0.1357421 0.6230469 0.1586914 0.6655274 0.1479492 0.659668 0.1357421 0.6655274 0.1479492 0.7124024 0.1206054 0.7124024 0.1206054 0.6655274 0.1479492 0.6708984 0.1713867 0.7124024 0.1206054 0.6708984 0.1713867 0.7202149 0.1420898 0.7202149 0.1420898 0.6708984 0.1713867 0.6972656 0.1855468 0.6972656 0.1855468 0.6708984 0.1713867 0.6650391 0.2163085 0.6650391 0.2163085 0.6708984 0.1713867 0.6401367 0.2070312 0.6650391 0.2163085 0.6401367 0.2070312 0.6503906 0.2592774 0.6503906 0.2592774 0.6401367 0.2070312 0.6210938 0.2617188 0.6503906 0.2592774 0.6210938 0.2617188 0.6484375 0.3037109 0.6484375 0.3037109 0.6210938 0.2617188 0.6069336 0.3071289 0.6484375 0.3037109 0.6069336 0.3071289 0.6474609 0.3286133 0.6474609 0.3286133 0.6069336 0.3071289 0.6035156 0.340332 0.6474609 0.3286133 0.6035156 0.340332 0.6523438 0.3588867 0.6523438 0.3588867 0.6035156 0.340332 0.6357422 0.3706055 0.6523438 0.3588867 0.6357422 0.3706055 0.6621094 0.402832 0.6621094 0.402832 0.6357422 0.3706055 0.6362305 0.4174805 0.6621094 0.402832 0.6362305 0.4174805 0.6713867 0.4321289 0.6713867 0.4321289 0.6362305 0.4174805 0.6494141 0.4545899 0.6713867 0.4321289 0.6494141 0.4545899 0.6860352 0.5241699 0.6860352 0.5241699 0.6494141 0.4545899 0.6552734 0.5241699 0.6552734 0.5241699 0.6494141 0.4545899 0.5947266 0.4750977 0.6552734 0.5241699 0.5947266 0.4750977 0.5986328 0.5241699 0.5986328 0.5241699 0.5947266 0.4750977 0.5053711 0.4785156 0.5986328 0.5241699 0.5053711 0.4785156 0.496582 0.5241699 0.496582 0.5241699 0.5053711 0.4785156 0.4384766 0.4731445 0.496582 0.5241699 0.4384766 0.4731445 0.4287109 0.5241699 0.4287109 0.5241699 0.4384766 0.4731445 0.4204102 0.4716797 0.4287109 0.5241699 0.4204102 0.4716797 0.4111328 0.5241699 0.4111328 0.5241699 0.4204102 0.4716797 0.411377 0.4726563 0.4111328 0.5241699 0.411377 0.4726563 0.4011231 0.5241699 0.7304688 0.1665039 0.7202149 0.1420898 0.6972656 0.1855468 0.659668 0.1357421 0.7124024 0.1206054 0.7094727 0.1103515 0.659668 0.1357421 0.7094727 0.1103515 0.6542969 0.1230468 0.6542969 0.1230468 0.7094727 0.1103515 0.7050781 0.09765625 0.4807129 0.1845703 0.4516602 0.177246 0.4719238 0.2050781 0.4287109 0.1694335 0.3942871 0.1733398 0.420166 0.1870117 0.4287109 0.1694335 0.420166 0.1870117 0.4516602 0.177246 0.4516602 0.177246 0.420166 0.1870117 0.4414063 0.1977539 0.4516602 0.177246 0.4414063 0.1977539 0.4719238 0.2050781 0.4719238 0.2050781 0.4414063 0.1977539 0.4592285 0.2290039 0.4719238 0.2050781 0.4592285 0.2290039 0.4868164 0.2402343 0.4868164 0.2402343 0.4592285 0.2290039 0.465332 0.246582 0.465332 0.246582 0.4592285 0.2290039 0.4472656 0.2446289 0.4472656 0.2446289 0.4592285 0.2290039 0.4272461 0.2182617 0.4472656 0.2446289 0.4272461 0.2182617 0.4165039 0.2314453 0.4165039 0.2314453 0.4272461 0.2182617 0.4050293 0.2006835 0.4165039 0.2314453 0.4050293 0.2006835 0.3891602 0.2089843 0.3891602 0.2089843 0.4050293 0.2006835 0.3730469 0.1791992 0.3730469 0.1791992 0.4050293 0.2006835 0.3942871 0.1733398 0.3730469 0.1791992 0.3942871 0.1733398 0.3881836 0.1503906 0.3881836 0.1503906 0.3942871 0.1733398 0.4064942 0.1503906 0.4064942 0.1503906 0.3942871 0.1733398 0.4287109 0.1694335 0.4064942 0.1503906 0.4287109 0.1694335 0.4321289 0.1503906 0.4321289 0.1503906 0.4287109 0.1694335 0.4516602 0.177246 0.4321289 0.1503906 0.4516602 0.177246 0.4577637 0.1503906 0.4577637 0.1503906 0.4516602 0.177246 0.4807129 0.1845703 0.4577637 0.1503906 0.4807129 0.1845703 0.4846192 0.1503906 0.4846192 0.1503906 0.4807129 0.1845703 0.5151367 0.1503906 0.5151367 0.1503906 0.4807129 0.1845703 0.5112305 0.1933593 0.5112305 0.1933593 0.4807129 0.1845703 0.5053711 0.2138671 0.5053711 0.2138671 0.4807129 0.1845703 0.4719238 0.2050781 0.5053711 0.2138671 0.4719238 0.2050781 0.4868164 0.2402343 0.4592285 0.2290039 0.4414063 0.1977539 0.4272461 0.2182617 0.4272461 0.2182617 0.4414063 0.1977539 0.420166 0.1870117 0.4272461 0.2182617 0.420166 0.1870117 0.4050293 0.2006835 0.4050293 0.2006835 0.420166 0.1870117 0.3942871 0.1733398 0.3881836 0.1503906 0.3718262 0.1503906 0.3730469 0.1791992 0.4516602 0.177246 0.4414063 0.1977539 0.420166 0.1870117 0.4516602 0.177246 0.4807129 0.1845703 0.4719238 0.2050781 0.4516602 0.177246 0.4719238 0.2050781 0.4414063 0.1977539 0.4414063 0.1977539 0.4719238 0.2050781 0.4592285 0.2290039 0.4414063 0.1977539 0.4592285 0.2290039 0.4272461 0.2182617 0.4414063 0.1977539 0.4272461 0.2182617 0.420166 0.1870117 0.420166 0.1870117 0.4272461 0.2182617 0.4050293 0.2006835 0.4287109 0.1694335 0.4516602 0.177246 0.420166 0.1870117 0.4287109 0.1694335 0.420166 0.1870117 0.3942871 0.1733398 0.3942871 0.1733398 0.420166 0.1870117 0.4050293 0.2006835 0.3942871 0.1733398 0.4050293 0.2006835 0.3730469 0.1791992 0.3730469 0.1791992 0.4050293 0.2006835 0.3891602 0.2089843 0.3891602 0.2089843 0.4050293 0.2006835 0.4165039 0.2314453 0.4165039 0.2314453 0.4050293 0.2006835 0.4272461 0.2182617 0.4165039 0.2314453 0.4272461 0.2182617 0.4472656 0.2446289 0.4472656 0.2446289 0.4272461 0.2182617 0.4592285 0.2290039 0.4472656 0.2446289 0.4592285 0.2290039 0.465332 0.246582 0.465332 0.246582 0.4592285 0.2290039 0.4868164 0.2402343 0.4868164 0.2402343 0.4592285 0.2290039 0.4719238 0.2050781 0.4868164 0.2402343 0.4719238 0.2050781 0.5053711 0.2138671 0.5053711 0.2138671 0.4719238 0.2050781 0.4807129 0.1845703 0.5053711 0.2138671 0.4807129 0.1845703 0.5112305 0.1933593 0.5112305 0.1933593 0.4807129 0.1845703 0.5151367 0.1503906 0.5151367 0.1503906 0.4807129 0.1845703 0.4846192 0.1503906 0.4846192 0.1503906 0.4807129 0.1845703 0.4577637 0.1503906 0.4577637 0.1503906 0.4807129 0.1845703 0.4516602 0.177246 0.4577637 0.1503906 0.4516602 0.177246 0.4321289 0.1503906 0.4321289 0.1503906 0.4516602 0.177246 0.4287109 0.1694335 0.4321289 0.1503906 0.4287109 0.1694335 0.4064942 0.1503906 0.4064942 0.1503906 0.4287109 0.1694335 0.3942871 0.1733398 0.4064942 0.1503906 0.3942871 0.1733398 0.3881836 0.1503906 0.3881836 0.1503906 0.3942871 0.1733398 0.3730469 0.1791992 0.3881836 0.1503906 0.3730469 0.1791992 0.3718262 0.1503906 0.6230469 0.1586914 0.6035156 0.1835937 0.6118164 0.1503906 0.6118164 0.1503906 0.6035156 0.1835937 0.6020508 0.1611328 0.6020508 0.1611328 0.6035156 0.1835937 0.5927734 0.1762695 0.6230469 0.1586914 0.6118164 0.1503906 0.6035156 0.1835937 0.6035156 0.1835937 0.6118164 0.1503906 0.6020508 0.1611328 0.6035156 0.1835937 0.6020508 0.1611328 0.5927734 0.1762695</float_array>
          <technique_common>
            <accessor source="#chr582_1-mesh-map-0-array" count="870" stride="2">
              <param name="S" type="float"/>
              <param name="T" type="float"/>
            </accessor>
          </technique_common>
        </source>
        <vertices id="chr582_1-mesh-vertices">
          <input semantic="POSITION" source="#chr582_1-mesh-positions"/>
        </vertices>
        <polylist material="chr582_mat_001-material" count="290">
          <input semantic="VERTEX" source="#chr582_1-mesh-vertices" offset="0"/>
          <input semantic="NORMAL" source="#chr582_1-mesh-normals" offset="1"/>
          <input semantic="TEXCOORD" source="#chr582_1-mesh-map-0" offset="2" set="0"/>
          <vcount>3 3 3 3 3 3 3 3 3 3 3 3 3 3 3 3 3 3 3 3 3 3 3 3 3 3 3 3 3 3 3 3 3 3 3 3 3 3 3 3 3 3 3 3 3 3 3 3 3 3 3 3 3 3 3 3 3 3 3 3 3 3 3 3 3 3 3 3 3 3 3 3 3 3 3 3 3 3 3 3 3 3 3 3 3 3 3 3 3 3 3 3 3 3 3 3 3 3 3 3 3 3 3 3 3 3 3 3 3 3 3 3 3 3 3 3 3 3 3 3 3 3 3 3 3 3 3 3 3 3 3 3 3 3 3 3 3 3 3 3 3 3 3 3 3 3 3 3 3 3 3 3 3 3 3 3 3 3 3 3 3 3 3 3 3 3 3 3 3 3 3 3 3 3 3 3 3 3 3 3 3 3 3 3 3 3 3 3 3 3 3 3 3 3 3 3 3 3 3 3 3 3 3 3 3 3 3 3 3 3 3 3 3 3 3 3 3 3 3 3 3 3 3 3 3 3 3 3 3 3 3 3 3 3 3 3 3 3 3 3 3 3 3 3 3 3 3 3 3 3 3 3 3 3 3 3 3 3 3 3 3 3 3 3 3 3 3 3 3 3 3 3 3 3 3 3 3 3 3 3 3 3 3 3 3 3 3 3 3 3 </vcount>
          <p>83 0 0 84 1 1 81 2 2 1 3 3 70 4 4 3 5 5 3 5 6 70 4 7 71 6 8 3 5 9 71 6 10 32 7 11 32 7 12 71 6 13 31 8 14 31 8 15 71 6 16 69 9 17 31 8 18 69 9 19 72 10 20 72 10 21 69 9 22 65 11 23 72 10 24 65 11 25 94 12 26 72 10 27 94 12 28 33 13 29 33 13 30 94 12 31 93 14 32 33 13 33 93 14 34 7 15 35 7 15 36 93 14 37 88 16 38 7 15 39 88 16 40 59 17 41 59 17 42 88 16 43 60 18 44 59 17 45 60 18 46 61 19 47 61 19 48 60 18 49 62 20 50 62 20 51 60 18 52 27 21 53 62 20 54 27 21 55 25 22 56 25 22 57 27 21 58 26 23 59 25 22 60 26 23 61 24 24 62 24 24 63 26 23 64 100 25 65 24 24 66 100 25 67 82 26 68 24 24 69 82 26 70 81 2 71 24 24 72 81 2 73 22 27 74 22 27 75 81 2 76 84 1 77 22 27 78 84 1 79 23 28 80 23 28 81 84 1 82 87 29 83 23 28 84 87 29 85 12 30 86 12 30 87 87 29 88 13 31 89 12 30 90 13 31 91 14 32 92 14 32 93 13 31 94 15 33 95 15 33 96 13 31 97 85 34 98 15 33 99 85 34 100 86 35 101 22 27 102 23 28 103 24 24 104 24 24 105 23 28 106 25 22 107 101 36 108 85 34 109 87 29 110 87 29 111 85 34 112 13 31 113 68 37 114 69 9 115 70 4 116 70 4 117 69 9 118 71 6 119 72 10 120 4 38 121 31 8 122 4 38 123 8 39 124 10 40 125 4 38 126 10 40 127 31 8 128 31 8 129 10 40 130 32 7 131 14 32 132 16 41 133 17 42 134 14 32 135 17 42 136 12 30 137 12 30 138 17 42 139 19 43 140 12 30 141 19 43 142 23 28 143 23 28 144 19 43 145 25 22 146 25 22 147 19 43 148 18 44 149 25 22 150 18 44 151 62 20 152 62 20 153 18 44 154 61 19 155 76 45 156 75 46 157 27 21 158 76 45 159 27 21 160 77 47 161 77 47 162 27 21 163 60 18 164 77 47 165 60 18 166 79 48 167 79 48 168 60 18 169 88 16 170 79 48 171 88 16 172 93 14 173 80 49 174 76 45 175 79 48 176 79 48 177 76 45 178 77 47 179 59 17 180 92 50 181 7 15 182 7 15 183 92 50 184 30 51 185 6 52 186 8 39 187 4 38 188 6 52 189 4 38 190 5 53 191 5 53 192 4 38 193 72 10 194 5 53 195 72 10 196 33 13 197 5 53 198 33 13 199 7 15 200 5 53 201 7 15 202 6 52 203 6 52 204 7 15 205 30 51 206 6 52 207 30 51 208 29 54 209 6 52 210 29 54 211 8 39 212 0 55 213 1 3 214 2 56 215 2 56 216 1 3 217 3 5 218 2 56 219 3 5 220 67 57 221 67 57 222 3 5 223 32 7 224 67 57 225 32 7 226 11 58 227 11 58 228 32 7 229 10 40 230 11 58 231 10 40 232 9 59 233 9 59 234 10 40 235 8 39 236 9 59 237 8 39 238 28 60 239 28 60 240 8 39 241 29 54 242 28 60 243 29 54 244 95 61 245 95 61 246 29 54 247 96 62 248 96 62 249 29 54 250 30 51 251 96 62 252 30 51 253 91 63 254 91 63 255 30 51 256 92 50 257 91 63 258 92 50 259 90 64 260 90 64 261 92 50 262 59 17 263 90 64 264 59 17 265 89 65 266 89 65 267 59 17 268 61 19 269 89 65 270 61 19 271 97 66 272 97 66 273 61 19 274 18 44 275 97 66 276 18 44 277 20 67 278 20 67 279 18 44 280 19 43 281 20 67 282 19 43 283 21 68 284 21 68 285 19 43 286 17 42 287 21 68 288 17 42 289 98 69 290 98 69 291 17 42 292 16 41 293 98 69 294 16 41 295 99 70 296 63 71 297 64 72 298 65 11 299 65 11 300 64 72 301 66 73 302 65 11 303 66 73 304 94 12 305 94 12 306 66 73 307 93 14 308 93 14 309 66 73 310 73 74 311 93 14 312 73 74 313 79 48 314 79 48 315 73 74 316 74 75 317 79 48 318 74 75 319 78 76 320 73 74 321 66 73 322 74 75 323 74 75 324 66 73 325 64 72 326 195 77 327 168 78 328 185 79 329 195 77 330 185 79 331 200 80 332 186 81 333 180 82 334 185 79 335 185 79 336 180 82 337 181 83 338 185 79 339 181 83 340 200 80 341 200 80 342 181 83 343 173 84 344 200 80 345 173 84 346 201 85 347 201 85 348 173 84 349 171 86 350 171 86 351 173 84 352 172 87 353 171 86 354 172 87 355 170 88 356 172 87 357 173 84 358 180 82 359 180 82 360 173 84 361 181 83 362 176 89 363 109 90 364 110 91 365 176 89 366 110 91 367 178 92 368 178 92 369 110 91 370 139 93 371 178 92 372 139 93 373 138 94 374 178 92 375 138 94 376 177 95 377 177 95 378 138 94 379 179 96 380 177 95 381 179 96 382 171 86 383 171 86 384 179 96 385 201 85 386 201 85 387 179 96 388 140 97 389 201 85 390 140 97 391 200 80 392 200 80 393 140 97 394 114 98 395 200 80 396 114 98 397 195 77 398 195 77 399 114 98 400 166 99 401 195 77 402 166 99 403 168 78 404 168 78 405 166 99 406 167 100 407 168 78 408 167 100 409 169 101 410 169 101 411 167 100 412 125 102 413 169 101 414 125 102 415 132 103 416 132 103 417 125 102 418 127 104 419 132 103 420 127 104 421 131 105 422 131 105 423 127 104 424 119 106 425 131 105 426 119 106 427 194 107 428 131 105 429 194 107 430 190 108 431 131 105 432 190 108 433 129 109 434 129 109 435 190 108 436 189 110 437 129 109 438 189 110 439 130 111 440 130 111 441 189 110 442 188 112 443 130 111 444 188 112 445 207 113 446 130 111 447 207 113 448 133 114 449 130 111 450 133 114 451 132 103 452 132 103 453 133 114 454 134 115 455 132 103 456 134 115 457 169 101 458 169 101 459 134 115 460 168 78 461 168 78 462 134 115 463 184 116 464 168 78 465 184 116 466 185 79 467 185 79 468 184 116 469 183 117 470 185 79 471 183 117 472 187 118 473 129 109 474 130 111 475 131 105 476 131 105 477 130 111 478 132 103 479 182 119 480 183 117 481 134 115 482 134 115 483 183 117 484 184 116 485 175 120 486 176 89 487 177 95 488 177 95 489 176 89 490 178 92 491 119 106 492 127 104 493 124 121 494 189 110 495 190 108 496 191 122 497 111 123 498 112 124 499 113 125 500 113 125 501 112 124 502 114 98 503 113 125 504 114 98 505 140 97 506 113 125 507 140 97 508 179 96 509 113 125 510 179 96 511 111 123 512 111 123 513 179 96 514 138 94 515 138 94 516 139 93 517 116 126 518 138 94 519 116 126 520 111 123 521 111 123 522 116 126 523 115 127 524 111 123 525 115 127 526 112 124 527 112 124 528 115 127 529 136 128 530 112 124 531 136 128 532 137 129 533 112 124 534 137 129 535 114 98 536 114 98 537 137 129 538 198 130 539 114 98 540 198 130 541 166 99 542 192 131 543 208 132 544 194 107 545 192 131 546 194 107 547 121 133 548 121 133 549 194 107 550 119 106 551 121 133 552 119 106 553 120 134 554 120 134 555 119 106 556 124 121 557 120 134 558 124 121 559 123 135 560 123 135 561 124 121 562 205 136 563 205 136 564 124 121 565 128 137 566 128 137 567 124 121 568 127 104 569 128 137 570 127 104 571 126 138 572 126 138 573 127 104 574 125 102 575 126 138 576 125 102 577 204 139 578 204 139 579 125 102 580 167 100 581 204 139 582 167 100 583 197 140 584 197 140 585 167 100 586 166 99 587 197 140 588 166 99 589 196 141 590 196 141 591 166 99 592 198 130 593 196 141 594 198 130 595 199 142 596 199 142 597 198 130 598 137 129 599 199 142 600 137 129 601 203 143 602 203 143 603 137 129 604 136 128 605 203 143 606 136 128 607 202 144 608 202 144 609 136 128 610 135 145 611 135 145 612 136 128 613 115 127 614 135 145 615 115 127 616 117 146 617 117 146 618 115 127 619 116 126 620 117 146 621 116 126 622 118 147 623 118 147 624 116 126 625 139 93 626 118 147 627 139 93 628 174 148 629 174 148 630 139 93 631 110 91 632 174 148 633 110 91 634 108 149 635 108 149 636 110 91 637 109 90 638 108 149 639 109 90 640 107 150 641 206 151 642 123 135 643 205 136 644 121 133 645 120 134 646 122 152 647 121 133 648 122 152 649 192 131 650 192 131 651 122 152 652 193 153 653 153 154 654 143 155 655 158 156 656 141 157 657 146 158 658 142 159 659 141 157 660 142 159 661 143 155 662 143 155 663 142 159 664 144 160 665 143 155 666 144 160 667 158 156 668 158 156 669 144 160 670 160 161 671 158 156 672 160 161 673 159 162 674 159 162 675 160 161 676 161 163 677 161 163 678 160 161 679 162 164 680 162 164 681 160 161 682 152 165 683 162 164 684 152 165 685 150 166 686 150 166 687 152 165 688 151 167 689 150 166 690 151 167 691 149 168 692 149 168 693 151 167 694 145 169 695 145 169 696 151 167 697 146 158 698 145 169 699 146 158 700 147 170 701 147 170 702 146 158 703 165 171 704 165 171 705 146 158 706 141 157 707 165 171 708 141 157 709 164 172 710 164 172 711 141 157 712 143 155 713 164 172 714 143 155 715 163 173 716 163 173 717 143 155 718 153 154 719 163 173 720 153 154 721 156 174 722 156 174 723 153 154 724 155 175 725 155 175 726 153 154 727 154 176 728 154 176 729 153 154 730 157 177 731 157 177 732 153 154 733 158 156 734 157 177 735 158 156 736 159 162 737 160 161 738 144 160 739 152 165 740 152 165 741 144 160 742 142 159 743 152 165 744 142 159 745 151 167 746 151 167 747 142 159 748 146 158 749 147 170 750 148 178 751 145 169 752 35 179 753 37 180 754 36 181 755 35 179 756 46 182 757 51 183 758 35 179 759 51 183 760 37 180 761 37 180 762 51 183 763 54 184 764 37 180 765 54 184 766 45 185 767 37 180 768 45 185 769 36 181 770 36 181 771 45 185 772 43 186 773 34 187 774 35 179 775 36 181 776 34 187 777 36 181 778 41 188 779 41 188 780 36 181 781 43 186 782 41 188 783 43 186 784 39 189 785 39 189 786 43 186 787 42 190 788 42 190 789 43 186 790 44 191 791 44 191 792 43 186 793 45 185 794 44 191 795 45 185 796 55 192 797 55 192 798 45 185 799 54 184 800 55 192 801 54 184 802 53 193 803 53 193 804 54 184 805 52 194 806 52 194 807 54 184 808 51 183 809 52 194 810 51 183 811 50 195 812 50 195 813 51 183 814 46 182 815 50 195 816 46 182 817 48 196 818 48 196 819 46 182 820 47 197 821 47 197 822 46 182 823 49 198 824 49 198 825 46 182 826 56 199 827 56 199 828 46 182 829 35 179 830 56 199 831 35 179 832 57 200 833 57 200 834 35 179 835 34 187 836 57 200 837 34 187 838 58 201 839 58 201 840 34 187 841 41 188 842 58 201 843 41 188 844 38 202 845 38 202 846 41 188 847 39 189 848 38 202 849 39 189 850 40 203 851 102 204 852 103 205 853 104 206 854 104 206 855 103 205 856 105 207 857 105 207 858 103 205 859 106 208 860 209 209 861 210 210 862 211 211 863 211 211 864 210 210 865 212 212 866 211 211 867 212 212 868 213 213 869</p>
        </polylist>
      </mesh>
    </geometry>
    <geometry id="chr582_2-mesh" name="chr582_2">
      <mesh>
        <source id="chr582_2-mesh-positions">
          <float_array id="chr582_2-mesh-positions-array" count="354">-6.178e-4 0.0154854 -0.0232284 0 0.01620656 -0.01910245 0 0.01951193 -0.02200531 0 0.02130913 -0.02641117 0 0.02185738 -0.0286774 -8.379e-4 0.01758342 -0.02829897 0 0.02174669 -0.03037261 0 0.02128529 -0.03580898 0 0.02086418 -0.03759539 -7.532e-4 0.0155707 -0.03742229 0 0.02012217 -0.03961169 0 0.01120996 -0.0508632 -1.691e-4 0.01178568 -0.04857939 0 0.01220357 -0.05021059 -1.155e-4 0.009995996 -0.04860067 -3.029e-4 0.01386302 -0.04374068 0 0.01764798 -0.0434401 0 0.01662546 -0.04507285 -5.53e-4 0.002327144 -0.03746587 -0.001085758 0.009788572 -0.0376026 -2.816e-4 0.006781697 -0.04424357 -4.996e-4 0.0101844 -0.04395765 -9.76e-4 0.005431354 -0.03269773 -0.001276016 0.009870588 -0.03222638 -0.001306951 0.009914577 -0.02955365 -0.001275599 0.00895667 -0.02914869 -9.241e-4 0.005763292 -0.02853387 0 0.002029836 -0.02101522 0 0.004281878 -0.01920497 -4.927e-4 0.005346477 -0.02192789 -7.747e-4 0.01117706 -0.02092611 0 0.01138246 -0.01803714 -0.001041889 0.00663948 -0.02481037 -3.751e-4 0.003220856 -0.02450531 -0.001087427 0.01125985 -0.02383387 -0.001026093 0.01347005 -0.0281201 -7.956e-4 0.01740676 -0.03243029 -0.001114368 0.01349258 -0.03247535 0 3.727e-4 -0.02403259 -5.55e-4 0.002375483 -0.02863878 0 -9.017e-4 -0.02694118 -5.541e-4 0.001915991 -0.03259736 0 -0.002213597 -0.0366618 0 0.002104878 -0.04243218 0 -8.691e-4 -0.03942555 0 0.01017725 -0.05050468 0 0.007693409 -0.0486418 0 0.01318395 -0.04854375 0 -0.00103724 -0.0298022 0 -0.002048492 -0.03236705 -0.001459479 0.01103299 -0.02808898 -0.001306951 0.009914577 -0.02955365 0 0.01829868 -0.04102689 -0.00139749 0.01062548 -0.02897888 0 0.02056837 -0.03291928 0 0.003408253 -0.04446524 0 0.01450115 -0.04661226 0 0.004804193 -0.0471087 -0.001244187 0.008492052 -0.02843093 6.178e-4 0.0154854 -0.0232284 0 0.01951193 -0.02200531 0 0.01620656 -0.01910245 0 0.02130913 -0.02641117 8.379e-4 0.01758342 -0.02829897 0 0.02185738 -0.0286774 0 0.02174669 -0.03037261 0 0.02128529 -0.03580898 7.532e-4 0.0155707 -0.03742229 0 0.02086418 -0.03759539 0 0.02012217 -0.03961169 0 0.01120996 -0.0508632 0 0.01220357 -0.05021059 1.691e-4 0.01178568 -0.04857939 1.155e-4 0.009995996 -0.04860067 3.029e-4 0.01386302 -0.04374068 0 0.01662546 -0.04507285 0 0.01764798 -0.0434401 2.816e-4 0.006781697 -0.04424357 0 0.007693409 -0.0486418 0 0.004804193 -0.0471087 0 0.003408253 -0.04446524 5.53e-4 0.002327144 -0.03746587 0.001085758 0.009788572 -0.0376026 4.996e-4 0.0101844 -0.04395765 9.76e-4 0.005431354 -0.03269773 0.001276016 0.009870588 -0.03222638 0.001306951 0.009914577 -0.02955365 0.001275599 0.00895667 -0.02914869 9.241e-4 0.005763292 -0.02853387 0 0.002029836 -0.02101522 4.927e-4 0.005346477 -0.02192789 0 0.004281878 -0.01920497 7.747e-4 0.01117706 -0.02092611 0 0.01138246 -0.01803714 3.751e-4 0.003220856 -0.02450531 0.001041889 0.00663948 -0.02481037 0.001087427 0.01125985 -0.02383387 0.001026093 0.01347005 -0.0281201 7.956e-4 0.01740676 -0.03243029 0.001114368 0.01349258 -0.03247535 0 3.727e-4 -0.02403259 0 -9.017e-4 -0.02694118 5.55e-4 0.002375483 -0.02863878 5.541e-4 0.001915991 -0.03259736 0 -0.002213597 -0.0366618 0 -8.691e-4 -0.03942555 0 0.002104878 -0.04243218 0 0.01017725 -0.05050468 0 0.01318395 -0.04854375 0 -0.00103724 -0.0298022 0 -0.002048492 -0.03236705 0.001459479 0.01103299 -0.02808898 0.001306951 0.009914577 -0.02955365 0 0.01829868 -0.04102689 0.00139749 0.01062548 -0.02897888 0 0.02056837 -0.03291928 0 0.01450115 -0.04661226 0.001244187 0.008492052 -0.02843093</float_array>
          <technique_common>
            <accessor source="#chr582_2-mesh-positions-array" count="118" stride="3">
              <param name="X" type="float"/>
              <param name="Y" type="float"/>
              <param name="Z" type="float"/>
            </accessor>
          </technique_common>
        </source>
        <source id="chr582_2-mesh-normals">
          <float_array id="chr582_2-mesh-normals-array" count="354">-0.982002 0.08331614 0.1695011 -0.9653384 0.05627655 0.254862 -0.9828642 0.0972945 0.1565624 -0.989755 0.1085248 0.09277713 -0.9885039 0.1264699 0.0828585 -0.9826319 0.1720376 0.06955361 -0.9907162 0.1119751 0.07709163 -0.9978525 -0.007538199 -0.06506669 -0.9957008 -0.09201365 -0.01065099 -0.9996826 -0.01110893 -0.02261459 -0.9982894 -0.02295058 -0.05377513 -0.9974879 0.06845444 -0.01821988 -0.9948706 0.06549453 -0.07709193 -0.9942505 0.1030629 0.02905416 -0.9834485 0.1742337 -0.04971563 -0.9918335 0.1226859 0.03485256 -0.9809923 0.1935494 0.01388597 -0.9790974 0.1998114 -0.03799682 -0.9901483 0.1376392 -0.02572721 -0.9702809 0.2412502 -0.01879948 -0.9852899 0.1695355 -0.02148568 -0.9926157 0.09827274 -0.07111036 -0.9894018 0.1394422 -0.04049897 -0.9887912 0.1226871 -0.08508747 -0.9890844 0.1091353 -0.09900301 -0.9941077 0.07809907 -0.0751692 -0.9960986 0.08224779 -0.03198355 -0.9947879 0.07663249 -0.06726324 -0.991447 0.1009575 -0.08270704 -0.996193 0.04727351 -0.07324498 -0.9893928 0.1216789 -0.07934916 -0.9935697 0.07663267 -0.08334678 -0.9973644 0.002472043 -0.0725134 -0.9966122 -0.03970575 -0.07202583 -0.997551 -0.02969515 -0.06332737 -0.9963864 -0.0458396 -0.07150614 -0.9948401 -0.06552505 -0.07745814 -0.996667 -0.0561859 -0.05914628 -0.9956439 -0.07992857 -0.04800599 -0.9906093 -0.09805685 -0.09527963 -0.9930194 -0.1028177 -0.05780249 -0.9892628 -0.1197552 -0.08377373 -0.9911375 -0.1304385 -0.02514767 -0.9913377 -0.1310471 0.008728325 -0.9902345 -0.1368187 0.02676552 -0.9875985 -0.1546708 0.02694833 -0.9904878 -0.1323295 0.03772121 -0.9889953 -0.142279 0.04055958 -0.9878939 -0.1418209 0.06286871 -0.9909608 -0.1208258 0.05829179 -0.9888605 -0.1196057 0.08859795 -0.9849416 -0.1421577 0.09839344 -0.9847562 -0.1089833 0.1355654 -0.9844499 -0.1711198 0.03970515 -0.9930505 -0.1156662 -0.02172935 -0.9924964 -0.1205791 0.02029484 -0.99677 -0.002685606 -0.08026409 -0.9981782 -0.04806709 -0.03646993 -0.9967731 -0.07763969 -0.02038651 0.9849416 -0.1421577 0.09839344 0.9878939 -0.1418209 0.06286871 0.9844499 -0.1711198 0.03970515 0.9930505 -0.1156662 -0.02172935 0.9924964 -0.1205791 0.02029484 0.9904878 -0.1323295 0.03772121 0.9957008 -0.09201365 -0.01065099 0.9913377 -0.1310471 0.008728325 0.9930194 -0.1028177 -0.05780249 0.9978525 -0.007538199 -0.06506669 0.9948401 -0.06552505 -0.07745814 0.99677 -0.002685606 -0.08026409 0.9966122 -0.03970575 -0.07202583 0.996193 0.04727351 -0.07324498 0.9941077 0.07809907 -0.0751692 0.9926157 0.09827274 -0.07111036 0.9974879 0.06845444 -0.01821988 0.9901483 0.1376392 -0.02572721 0.9942505 0.1030629 0.02905416 0.9918335 0.1226859 0.03485256 0.989755 0.1085248 0.09277713 0.9907162 0.1119751 0.07709163 0.982002 0.08331614 0.1695011 0.9981782 -0.04806709 -0.03646993 0.9967731 -0.07763969 -0.02038651 0.9847562 -0.1089833 0.1355654 0.9888605 -0.1196057 0.08859795 0.9909608 -0.1208258 0.05829179 0.9889953 -0.142279 0.04055958 0.9875985 -0.1546708 0.02694833 0.9902345 -0.1368187 0.02676552 0.9911375 -0.1304385 -0.02514767 0.9892628 -0.1197552 -0.08377373 0.9906093 -0.09805685 -0.09527963 0.9956439 -0.07992857 -0.04800599 0.996667 -0.0561859 -0.05914628 0.9963864 -0.0458396 -0.07150614 0.997551 -0.02969515 -0.06332737 0.9973644 0.002472043 -0.0725134 0.9935697 0.07663267 -0.08334678 0.9893928 0.1216789 -0.07934916 0.991447 0.1009575 -0.08270704 0.9947879 0.07663249 -0.06726324 0.9960986 0.08224779 -0.03198355 0.9890844 0.1091353 -0.09900301 0.9887912 0.1226871 -0.08508747 0.9894018 0.1394422 -0.04049897 0.9852899 0.1695355 -0.02148568 0.9702809 0.2412502 -0.01879948 0.9790974 0.1998114 -0.03799682 0.9809923 0.1935494 0.01388597 0.9826319 0.1720376 0.06955361 0.9885039 0.1264699 0.0828585 0.9828642 0.0972945 0.1565624 0.9653384 0.05627655 0.254862 0.9834485 0.1742337 -0.04971563 0.9948706 0.06549453 -0.07709193 0.9982894 -0.02295058 -0.05377513 0.9996826 -0.01110893 -0.02261459</float_array>
          <technique_common>
            <accessor source="#chr582_2-mesh-normals-array" count="118" stride="3">
              <param name="X" type="float"/>
              <param name="Y" type="float"/>
              <param name="Z" type="float"/>
            </accessor>
          </technique_common>
        </source>
        <source id="chr582_2-mesh-map-0">
          <float_array id="chr582_2-mesh-map-0-array" count="900">0.0692749 0.1298828 0.04544067 0.1274414 0.05493164 0.08886718 0.0692749 0.1298828 0.05493164 0.08886718 0.08813476 0.09570312 0.08813476 0.09570312 0.05493164 0.08886718 0.07855224 0.06298828 0.08813476 0.09570312 0.07855224 0.06298828 0.1138916 0.04882812 0.0927124 0.1298828 0.0692749 0.1298828 0.08813476 0.09570312 0.2027587 0.1420898 0.1636962 0.1767578 0.1599121 0.1416015 0.1599121 0.1416015 0.1636962 0.1767578 0.1385498 0.1411132 0.1599121 0.1416015 0.1385498 0.1411132 0.1619873 0.1123046 0.1619873 0.1123046 0.1385498 0.1411132 0.1339111 0.1352539 0.1619873 0.1123046 0.1339111 0.1352539 0.1271972 0.1123046 0.1271972 0.1123046 0.1339111 0.1352539 0.1267089 0.1323242 0.1271972 0.1123046 0.1267089 0.1323242 0.0927124 0.1298828 0.1271972 0.1123046 0.0927124 0.1298828 0.08813476 0.09570312 0.1271972 0.1123046 0.08813476 0.09570312 0.1289062 0.07958984 0.1289062 0.07958984 0.08813476 0.09570312 0.1138916 0.04882812 0.1289062 0.07958984 0.1138916 0.04882812 0.13208 0.04492187 0.1289062 0.07958984 0.13208 0.04492187 0.1456298 0.04589837 0.1289062 0.07958984 0.1456298 0.04589837 0.1618652 0.08105468 0.1618652 0.08105468 0.1456298 0.04589837 0.1660156 0.05517578 0.1618652 0.08105468 0.1660156 0.05517578 0.1893309 0.04980462 0.1618652 0.08105468 0.1893309 0.04980462 0.20166 0.0961914 0.20166 0.0961914 0.1893309 0.04980462 0.2036132 0.05322259 0.20166 0.0961914 0.2036132 0.05322259 0.2196044 0.05957031 0.20166 0.0961914 0.2196044 0.05957031 0.230957 0.07373046 0.20166 0.0961914 0.230957 0.07373046 0.2521973 0.1098632 0.2521973 0.1098632 0.230957 0.07373046 0.25 0.07958984 0.2521973 0.1098632 0.25 0.07958984 0.2631836 0.08740234 0.2521973 0.1098632 0.2631836 0.08740234 0.2753906 0.1044921 0.2521973 0.1098632 0.2753906 0.1044921 0.2907715 0.1264648 0.2907715 0.1264648 0.2753906 0.1044921 0.2905274 0.1152343 0.2907715 0.1264648 0.2905274 0.1152343 0.3039551 0.1230468 0.2907715 0.1264648 0.3039551 0.1230468 0.309082 0.1313475 0.2907715 0.1264648 0.309082 0.1313475 0.2910156 0.1411132 0.2910156 0.1411132 0.309082 0.1313475 0.3061524 0.1396484 0.2910156 0.1411132 0.3061524 0.1396484 0.2912598 0.1591796 0.2910156 0.1411132 0.2912598 0.1591796 0.2561035 0.1665039 0.2561035 0.1665039 0.2912598 0.1591796 0.2790527 0.1821289 0.2561035 0.1665039 0.2790527 0.1821289 0.2578125 0.1933593 0.2561035 0.1665039 0.2578125 0.1933593 0.2416992 0.2041015 0.2561035 0.1665039 0.2416992 0.2041015 0.2017822 0.20166 0.2017822 0.20166 0.2416992 0.2041015 0.2176513 0.227539 0.2017822 0.20166 0.2176513 0.227539 0.1955566 0.2382812 0.2017822 0.20166 0.1955566 0.2382812 0.1628417 0.2050781 0.1628417 0.2050781 0.1955566 0.2382812 0.1611328 0.2373046 0.1628417 0.2050781 0.1611328 0.2373046 0.140625 0.2294921 0.1628417 0.2050781 0.140625 0.2294921 0.1312255 0.20166 0.1312255 0.20166 0.140625 0.2294921 0.1177368 0.2285156 0.1312255 0.20166 0.1177368 0.2285156 0.09814453 0.1953125 0.09814453 0.1953125 0.1177368 0.2285156 0.09442138 0.2182617 0.09814453 0.1953125 0.09442138 0.2182617 0.07019042 0.2050781 0.09814453 0.1953125 0.07019042 0.2050781 0.07739257 0.1782225 0.07739257 0.1782225 0.07019042 0.2050781 0.05548089 0.1875 0.2027587 0.1420898 0.1599121 0.1416015 0.1619873 0.1123046 0.1005859 0.1674804 0.1295166 0.1523437 0.130371 0.1743164 0.1005859 0.1674804 0.130371 0.1743164 0.09814453 0.1953125 0.09814453 0.1953125 0.130371 0.1743164 0.1312255 0.20166 0.1312255 0.20166 0.130371 0.1743164 0.1636962 0.1767578 0.1312255 0.20166 0.1636962 0.1767578 0.1628417 0.2050781 0.1628417 0.2050781 0.1636962 0.1767578 0.2017822 0.20166 0.2017822 0.20166 0.1636962 0.1767578 0.2027587 0.1420898 0.2017822 0.20166 0.2027587 0.1420898 0.2561035 0.1665039 0.2561035 0.1665039 0.2027587 0.1420898 0.2536621 0.13916 0.2561035 0.1665039 0.2536621 0.13916 0.2910156 0.1411132 0.2910156 0.1411132 0.2536621 0.13916 0.2907715 0.1264648 0.2907715 0.1264648 0.2536621 0.13916 0.2521973 0.1098632 0.2521973 0.1098632 0.2536621 0.13916 0.2027587 0.1420898 0.2521973 0.1098632 0.2027587 0.1420898 0.20166 0.0961914 0.20166 0.0961914 0.2027587 0.1420898 0.1619873 0.1123046 0.20166 0.0961914 0.1619873 0.1123046 0.1618652 0.08105468 0.1618652 0.08105468 0.1619873 0.1123046 0.1271972 0.1123046 0.1618652 0.08105468 0.1271972 0.1123046 0.1289062 0.07958984 0.07739257 0.1782225 0.1005859 0.1674804 0.09814453 0.1953125 0.1384277 0.1411132 0.1636962 0.1767578 0.1352539 0.1489257 0.1352539 0.1489257 0.1636962 0.1767578 0.130371 0.1743164 0.1352539 0.1489257 0.130371 0.1743164 0.1295166 0.1523437 0.07739257 0.1782225 0.09814453 0.1953125 0.1005859 0.1674804 0.1295166 0.1523437 0.1005859 0.1674804 0.130371 0.1743164 0.130371 0.1743164 0.1005859 0.1674804 0.09814453 0.1953125 0.130371 0.1743164 0.09814453 0.1953125 0.1312255 0.20166 0.130371 0.1743164 0.1312255 0.20166 0.1636962 0.1767578 0.1636962 0.1767578 0.1312255 0.20166 0.1628417 0.2050781 0.1636962 0.1767578 0.1628417 0.2050781 0.2017822 0.20166 0.1636962 0.1767578 0.2017822 0.20166 0.2027587 0.1420898 0.2027587 0.1420898 0.2017822 0.20166 0.2561035 0.1665039 0.2027587 0.1420898 0.2561035 0.1665039 0.2536621 0.13916 0.2536621 0.13916 0.2561035 0.1665039 0.2910156 0.1411132 0.2536621 0.13916 0.2910156 0.1411132 0.2907715 0.1264648 0.2536621 0.13916 0.2907715 0.1264648 0.2521973 0.1098632 0.2536621 0.13916 0.2521973 0.1098632 0.2027587 0.1420898 0.2027587 0.1420898 0.2521973 0.1098632 0.20166 0.0961914 0.2027587 0.1420898 0.20166 0.0961914 0.1619873 0.1123046 0.1619873 0.1123046 0.20166 0.0961914 0.1618652 0.08105468 0.1619873 0.1123046 0.1618652 0.08105468 0.1271972 0.1123046 0.1271972 0.1123046 0.1618652 0.08105468 0.1289062 0.07958984 0.1271972 0.1123046 0.1289062 0.07958984 0.08813476 0.09570312 0.1271972 0.1123046 0.08813476 0.09570312 0.0927124 0.1298828 0.0927124 0.1298828 0.08813476 0.09570312 0.0692749 0.1298828 0.1384277 0.1411132 0.1352539 0.1489257 0.1636962 0.1767578 0.1636962 0.1767578 0.1352539 0.1489257 0.130371 0.1743164 0.130371 0.1743164 0.1352539 0.1489257 0.1295166 0.1523437 0.07739257 0.1782225 0.05548089 0.1875 0.07019042 0.2050781 0.07739257 0.1782225 0.07019042 0.2050781 0.09814453 0.1953125 0.09814453 0.1953125 0.07019042 0.2050781 0.09442138 0.2182617 0.09814453 0.1953125 0.09442138 0.2182617 0.1177368 0.2285156 0.09814453 0.1953125 0.1177368 0.2285156 0.1312255 0.20166 0.1312255 0.20166 0.1177368 0.2285156 0.140625 0.2294921 0.1312255 0.20166 0.140625 0.2294921 0.1628417 0.2050781 0.1628417 0.2050781 0.140625 0.2294921 0.1611328 0.2373046 0.1628417 0.2050781 0.1611328 0.2373046 0.1955566 0.2382812 0.1628417 0.2050781 0.1955566 0.2382812 0.2017822 0.20166 0.2017822 0.20166 0.1955566 0.2382812 0.2176513 0.227539 0.2017822 0.20166 0.2176513 0.227539 0.2416992 0.2041015 0.2017822 0.20166 0.2416992 0.2041015 0.2561035 0.1665039 0.2561035 0.1665039 0.2416992 0.2041015 0.2578125 0.1933593 0.2561035 0.1665039 0.2578125 0.1933593 0.2790527 0.1821289 0.2561035 0.1665039 0.2790527 0.1821289 0.2912598 0.1591796 0.2561035 0.1665039 0.2912598 0.1591796 0.2910156 0.1411132 0.2910156 0.1411132 0.2912598 0.1591796 0.3061524 0.1396484 0.2910156 0.1411132 0.3061524 0.1396484 0.309082 0.1313475 0.2910156 0.1411132 0.309082 0.1313475 0.2907715 0.1264648 0.2907715 0.1264648 0.309082 0.1313475 0.3039551 0.1230468 0.2907715 0.1264648 0.3039551 0.1230468 0.2905274 0.1152343 0.2907715 0.1264648 0.2905274 0.1152343 0.2753906 0.1044921 0.2907715 0.1264648 0.2753906 0.1044921 0.2521973 0.1098632 0.2521973 0.1098632 0.2753906 0.1044921 0.2631836 0.08740234 0.2521973 0.1098632 0.2631836 0.08740234 0.25 0.07958984 0.2521973 0.1098632 0.25 0.07958984 0.230957 0.07373046 0.2521973 0.1098632 0.230957 0.07373046 0.20166 0.0961914 0.20166 0.0961914 0.230957 0.07373046 0.2196044 0.05957031 0.20166 0.0961914 0.2196044 0.05957031 0.2036132 0.05322259 0.20166 0.0961914 0.2036132 0.05322259 0.1893309 0.04980462 0.20166 0.0961914 0.1893309 0.04980462 0.1618652 0.08105468 0.1618652 0.08105468 0.1893309 0.04980462 0.1660156 0.05517578 0.1618652 0.08105468 0.1660156 0.05517578 0.1456298 0.04589837 0.1618652 0.08105468 0.1456298 0.04589837 0.1289062 0.07958984 0.1289062 0.07958984 0.1456298 0.04589837 0.13208 0.04492187 0.1289062 0.07958984 0.13208 0.04492187 0.1138916 0.04882812 0.1289062 0.07958984 0.1138916 0.04882812 0.08813476 0.09570312 0.08813476 0.09570312 0.1138916 0.04882812 0.07855224 0.06298828 0.08813476 0.09570312 0.07855224 0.06298828 0.05493164 0.08886718 0.08813476 0.09570312 0.05493164 0.08886718 0.0692749 0.1298828 0.0692749 0.1298828 0.05493164 0.08886718 0.04544067 0.1274414 0.0927124 0.1298828 0.1267089 0.1323242 0.1271972 0.1123046 0.1271972 0.1123046 0.1267089 0.1323242 0.1339111 0.1352539 0.1271972 0.1123046 0.1339111 0.1352539 0.1619873 0.1123046 0.1619873 0.1123046 0.1339111 0.1352539 0.1385498 0.1411132 0.1619873 0.1123046 0.1385498 0.1411132 0.1599121 0.1416015 0.1599121 0.1416015 0.1385498 0.1411132 0.1636962 0.1767578 0.1599121 0.1416015 0.1636962 0.1767578 0.2027587 0.1420898 0.1599121 0.1416015 0.2027587 0.1420898 0.1619873 0.1123046</float_array>
          <technique_common>
            <accessor source="#chr582_2-mesh-map-0-array" count="450" stride="2">
              <param name="S" type="float"/>
              <param name="T" type="float"/>
            </accessor>
          </technique_common>
        </source>
        <vertices id="chr582_2-mesh-vertices">
          <input semantic="POSITION" source="#chr582_2-mesh-positions"/>
        </vertices>
        <polylist material="chr582_mat_002-material" count="150">
          <input semantic="VERTEX" source="#chr582_2-mesh-vertices" offset="0"/>
          <input semantic="NORMAL" source="#chr582_2-mesh-normals" offset="1"/>
          <input semantic="TEXCOORD" source="#chr582_2-mesh-map-0" offset="2" set="0"/>
          <vcount>3 3 3 3 3 3 3 3 3 3 3 3 3 3 3 3 3 3 3 3 3 3 3 3 3 3 3 3 3 3 3 3 3 3 3 3 3 3 3 3 3 3 3 3 3 3 3 3 3 3 3 3 3 3 3 3 3 3 3 3 3 3 3 3 3 3 3 3 3 3 3 3 3 3 3 3 3 3 3 3 3 3 3 3 3 3 3 3 3 3 3 3 3 3 3 3 3 3 3 3 3 3 3 3 3 3 3 3 3 3 3 3 3 3 3 3 3 3 3 3 3 3 3 3 3 3 3 3 3 3 3 3 3 3 3 3 3 3 3 3 3 3 3 3 3 3 3 3 3 3 </vcount>
          <p>30 0 0 31 1 1 1 2 2 30 0 3 1 2 4 0 3 5 0 3 6 1 2 7 2 4 8 0 3 9 2 4 10 3 5 11 34 6 12 30 0 13 0 3 14 19 7 15 22 8 16 23 9 17 23 9 18 22 8 19 51 10 20 23 9 21 51 10 22 37 11 23 37 11 24 51 10 25 53 12 26 37 11 27 53 12 28 35 13 29 35 13 30 53 12 31 50 14 32 35 13 33 50 14 34 34 6 35 35 13 36 34 6 37 0 3 38 35 13 39 0 3 40 5 15 41 5 15 42 0 3 43 3 5 44 5 15 45 3 5 46 4 16 47 5 15 48 4 16 49 6 17 50 5 15 51 6 17 52 36 18 53 36 18 54 6 17 55 54 19 56 36 18 57 54 19 58 7 20 59 36 18 60 7 20 61 9 21 62 9 21 63 7 20 64 8 22 65 9 21 66 8 22 67 10 23 68 9 21 69 10 23 70 52 24 71 9 21 72 52 24 73 15 25 74 15 25 75 52 24 76 16 26 77 15 25 78 16 26 79 17 27 80 15 25 81 17 27 82 56 28 83 15 25 84 56 28 85 12 29 86 12 29 87 56 28 88 47 30 89 12 29 90 47 30 91 13 31 92 12 29 93 13 31 94 11 32 95 12 29 96 11 32 97 14 33 98 14 33 99 11 32 100 45 34 101 14 33 102 45 34 103 46 35 104 14 33 105 46 35 106 20 36 107 20 36 108 46 35 109 57 37 110 20 36 111 57 37 112 55 38 113 20 36 114 55 38 115 43 39 116 20 36 117 43 39 118 18 40 119 18 40 120 43 39 121 44 41 122 18 40 123 44 41 124 42 42 125 18 40 126 42 42 127 41 43 128 41 43 129 42 42 130 49 44 131 41 43 132 49 44 133 48 45 134 41 43 135 48 45 136 39 46 137 39 46 138 48 45 139 40 47 140 39 46 141 40 47 142 33 48 143 33 48 144 40 47 145 38 49 146 33 48 147 38 49 148 27 50 149 33 48 150 27 50 151 29 51 152 29 51 153 27 50 154 28 52 155 19 7 156 23 9 157 37 11 158 32 53 159 58 54 160 26 55 161 32 53 162 26 55 163 33 48 164 33 48 165 26 55 166 39 46 167 39 46 168 26 55 169 22 8 170 39 46 171 22 8 172 41 43 173 41 43 174 22 8 175 18 40 176 18 40 177 22 8 178 19 7 179 18 40 180 19 7 181 20 36 182 20 36 183 19 7 184 21 56 185 20 36 186 21 56 187 14 33 188 14 33 189 21 56 190 12 29 191 12 29 192 21 56 193 15 25 194 15 25 195 21 56 196 19 7 197 15 25 198 19 7 199 9 21 200 9 21 201 19 7 202 37 11 203 9 21 204 37 11 205 36 18 206 36 18 207 37 11 208 35 13 209 36 18 210 35 13 211 5 15 212 29 51 213 32 53 214 33 48 215 24 57 216 22 8 217 25 58 218 25 58 219 22 8 220 26 55 221 25 58 222 26 55 223 58 54 224 90 59 225 94 60 226 95 61 227 117 62 228 95 61 229 88 63 230 88 63 231 95 61 232 94 60 233 88 63 234 94 60 235 102 64 236 88 63 237 102 64 238 84 65 239 84 65 240 102 64 241 103 66 242 84 65 243 103 66 244 81 67 245 84 65 246 81 67 247 82 68 248 82 68 249 81 67 250 77 69 251 82 68 252 77 69 253 83 70 254 83 70 255 77 69 256 73 71 257 83 70 258 73 71 259 72 72 260 83 70 261 72 72 262 74 73 263 83 70 264 74 73 265 82 68 266 82 68 267 74 73 268 67 74 269 82 68 270 67 74 271 99 75 272 99 75 273 67 74 274 98 76 275 99 75 276 98 76 277 97 77 278 97 77 279 98 76 280 63 78 281 97 77 282 63 78 283 59 79 284 97 77 285 59 79 286 96 80 287 96 80 288 59 79 289 92 81 290 86 82 291 87 83 292 84 65 293 84 65 294 87 83 295 88 63 296 88 63 297 87 83 298 117 62 299 90 59 300 91 84 301 89 85 302 90 59 303 89 85 304 94 60 305 94 60 306 89 85 307 100 86 308 94 60 309 100 86 310 101 87 311 94 60 312 101 87 313 102 64 314 102 64 315 101 87 316 109 88 317 102 64 318 109 88 319 103 66 320 103 66 321 109 88 322 110 89 323 103 66 324 110 89 325 104 90 326 103 66 327 104 90 328 81 67 329 81 67 330 104 90 331 105 91 332 81 67 333 105 91 334 106 92 335 81 67 336 106 92 337 77 69 338 77 69 339 106 92 340 80 93 341 77 69 342 80 93 343 79 94 344 77 69 345 79 94 346 78 95 347 77 69 348 78 95 349 73 71 350 73 71 351 78 95 352 107 96 353 73 71 354 107 96 355 70 97 356 73 71 357 70 97 358 72 72 359 72 72 360 70 97 361 71 98 362 72 72 363 71 98 364 108 99 365 72 72 366 108 99 367 116 100 368 72 72 369 116 100 370 74 73 371 74 73 372 116 100 373 75 101 374 74 73 375 75 101 376 76 102 377 74 73 378 76 102 379 113 103 380 74 73 381 113 103 382 67 74 383 67 74 384 113 103 385 69 104 386 67 74 387 69 104 388 68 105 389 67 74 390 68 105 391 66 106 392 67 74 393 66 106 394 98 76 395 98 76 396 66 106 397 115 107 398 98 76 399 115 107 400 65 108 401 98 76 402 65 108 403 63 78 404 63 78 405 65 108 406 64 109 407 63 78 408 64 109 409 62 110 410 63 78 411 62 110 412 59 79 413 59 79 414 62 110 415 60 111 416 59 79 417 60 111 418 61 112 419 59 79 420 61 112 421 92 81 422 92 81 423 61 112 424 93 113 425 96 80 426 111 114 427 97 77 428 97 77 429 111 114 430 114 115 431 97 77 432 114 115 433 99 75 434 99 75 435 114 115 436 112 116 437 99 75 438 112 116 439 85 117 440 85 117 441 112 116 442 84 65 443 85 117 444 84 65 445 82 68 446 85 117 447 82 68 448 99 75 449</p>
        </polylist>
      </mesh>
    </geometry>
    <geometry id="chr582_3-mesh" name="chr582_3">
      <mesh>
        <source id="chr582_3-mesh-positions">
          <float_array id="chr582_3-mesh-positions-array" count="5238">0 0.03522229 0.005268156 0 0.03595298 0.01163762 -0.004777789 0.03540909 0.011348 -0.005192995 0.03453069 0.005321443 0 0.03227287 -5.837e-4 -0.005108833 0.03148692 -3.82e-4 -0.009817898 0.03248649 0.00555706 -0.009165346 0.02967149 2.118e-4 -0.009554862 0.03359216 0.01127505 -0.01156187 -0.001308321 -0.01795893 -0.01243275 -0.001034796 -0.01866441 -0.01331532 -0.001211345 -0.01777899 -0.01083666 0.002173185 -0.01909768 -0.01154035 0.001349747 -0.01966768 -0.01027649 0.001071453 -0.01980412 -0.009618878 0.001666665 -0.01947635 -0.01101589 -8.577e-4 -0.01161783 -0.01185011 -0.001645565 -0.01342189 -0.01374125 -5.023e-4 -0.01322335 -0.01255273 4.853e-4 -0.01150029 -0.01320159 5.653e-4 -0.01867467 -0.0136078 -5.277e-4 -0.01981556 -0.01283299 -1.015e-4 -0.01984739 -0.01221948 2.727e-4 -0.01950138 -0.01410168 -9.844e-4 -0.01803565 -0.01500833 -0.001404881 -0.01772177 -0.01361179 -0.001415789 -0.01690757 -0.006050169 0.002219796 -0.0133242 -0.006532669 0.001215875 -0.01515322 -0.008087694 -2.792e-4 -0.01335769 -0.007135093 9.927e-4 -0.0117762 -0.01283299 -1.015e-4 -0.01984739 -0.0136078 -5.277e-4 -0.01981556 -0.01243275 -0.001034796 -0.01866441 -0.01221948 2.727e-4 -0.01950138 -0.01480108 -1.583e-4 -0.0169751 -0.01500833 -0.001404881 -0.01772177 -0.01410168 -9.844e-4 -0.01803565 -0.01384013 -6.849e-4 -0.01786488 -0.009352564 2.15e-5 -0.01883149 -0.01084882 -2.666e-4 -0.01965177 -0.007826864 2.97e-4 -0.0174188 -0.008351683 0.002477586 -0.01824218 -0.007694005 0.003562033 -0.01658958 -0.00979489 0.004542589 -0.01633626 -0.01001119 0.003412187 -0.0178442 -0.01467365 -0.001002132 -0.01612198 -0.01504606 -0.001292884 -0.01667678 -0.01504606 -0.001292884 -0.01667678 -0.01467365 -0.001002132 -0.01612198 -0.01204633 2.311e-4 -0.02014058 -0.01145833 4.327e-4 -0.02084869 -0.01154035 0.001349747 -0.01966768 -0.01201438 2.827e-4 -0.01952868 -0.01056098 7.486e-4 -0.02049463 -0.01027649 0.001071453 -0.01980412 -0.01145833 4.327e-4 -0.02084869 -0.01084882 -2.666e-4 -0.01965177 -0.01056098 7.486e-4 -0.02049463 -0.01027649 0.001071453 -0.01980412 -0.01204633 2.311e-4 -0.02014058 -0.01201438 2.827e-4 -0.01952868 -0.01384013 -6.849e-4 -0.01786488 -0.0142306 0.001196444 -0.0141496 -0.01458728 -8.809e-4 -0.01501739 -0.0148673 5.494e-4 -0.01568979 -0.0129019 -0.001852214 -0.01540875 -0.01361179 -0.001415789 -0.01690757 -0.01467365 -0.001002132 -0.01612198 -0.01361399 -6.671e-4 -0.01810789 -0.01385605 -7.091e-4 -0.01888918 -0.01385605 -7.091e-4 -0.01888918 -0.01361399 -6.671e-4 -0.01810789 -0.01171207 -5.713e-4 -0.01933056 -0.01221948 2.727e-4 -0.01950138 -0.01384013 -6.849e-4 -0.01786488 -0.00691998 0.00435847 -0.01463699 -0.006532669 0.001215875 -0.01515322 -0.006050169 0.002219796 -0.0133242 -0.006594896 0.004530668 -0.013884 -0.01075279 0.001682639 -0.009782493 -0.008985877 5.449e-4 -0.01033931 -0.01324963 0.002187967 -0.0124427 -0.0117188 0.003415226 -0.01699036 -0.01112669 0.004528284 -0.01543027 -0.01084882 -2.666e-4 -0.01965177 -0.01244068 8.712e-4 -0.01922279 -0.01238119 0.002045989 -0.01854449 -0.01320159 5.653e-4 -0.01867467 -0.009346365 0.00335443 -0.008521378 -0.007430255 0.002158761 -0.009428679 -0.006656885 0.008389055 -0.01578652 -0.005403459 0.009943187 -0.01576858 -0.006348431 0.01056909 -0.01308983 -0.007834196 0.008661866 -0.01313269 -0.008155345 0.005861282 -0.0128389 -0.00870037 0.0054425 -0.01418232 -0.01158952 0.003396809 -0.01063793 -0.0100426 0.005518198 -0.01340621 -0.0201677 0.009643375 0.008965849 -0.02259033 0.009882688 0.009927988 -0.02234989 0.01091122 0.01021152 -0.02075713 0.01189899 0.01019603 -0.02033978 0.008082449 0.009121656 -0.02268785 0.008810877 0.009738147 -0.02041405 0.006987154 0.008929371 -0.02011406 0.008184075 0.006205201 -0.01963549 0.009344995 0.006479442 -0.01936227 0.0100345 0.00643754 -0.02219045 0.001135349 0.02263283 -0.02178841 -1.763e-4 0.02246659 -0.02373009 -8.24e-5 0.02546411 -0.02346867 0.002379894 0.0226922 -0.02473026 0.001349568 0.02243596 -0.02513128 -1.817e-4 0.0220009 -0.02496016 0.001997709 0.02025926 -0.0255295 -1.928e-4 0.01962137 -0.02581089 -1.706e-4 0.01914346 -0.0251761 0.002544105 0.01982009 -0.02102506 0.002571523 0.01868456 -0.02147275 0.0024755 0.02008652 -0.02304047 0.004061341 0.01986789 -0.02297437 0.004317939 0.01851379 -0.0208078 0.002117276 0.01565223 -0.02290588 0.004352331 0.01599276 -0.02284979 0.004551351 0.01468449 -0.02090847 0.002984583 0.0142104 -0.02158468 0.00195086 0.02049577 -0.02058929 -1.606e-4 0.01982438 -0.02101969 -1.921e-4 0.02026009 -0.02529615 0.002609789 0.01837378 -0.02513128 -1.817e-4 0.0220009 -0.02373009 -8.24e-5 0.02546411 -0.02178841 -1.763e-4 0.02246659 -0.02326649 -7.484e-4 0.01983743 -0.02329957 0.003259599 0.0205875 -0.02319085 -7.488e-4 0.01938158 -0.0255295 -1.928e-4 0.01962137 -0.02581089 -1.706e-4 0.01914346 -0.02440989 0.003135681 0.01423794 -0.02477031 0.002212226 0.01541185 -0.02477145 6.88e-5 0.0147174 -0.0260052 -1.651e-4 0.01776558 -0.03134596 -1.97e-4 0.01932126 -0.03152859 -7.66e-5 0.02288538 -0.0288704 -2.068e-4 0.02073001 -0.02910077 -7.483e-4 0.01824158 -0.02846837 -7.484e-4 0.01715326 -0.02883148 -7.487e-4 0.01782238 -0.0270214 -1.768e-4 0.01912719 -0.02620345 -1.811e-4 0.01860159 -0.02767378 -2.118e-4 0.01918375 -0.02063089 7.26e-5 0.01511412 -0.02011632 -1.595e-4 0.01848971 -0.02058929 -1.606e-4 0.01982438 -0.02011632 -1.595e-4 0.01848971 -0.02306056 -7.482e-4 0.0181095 -0.01509815 -1.659e-4 0.01788765 -0.0152682 -1.681e-4 0.0164445 -0.01776283 -7.48e-4 0.01736426 -0.01736766 -7.487e-4 0.0186761 -0.02426588 0.01058298 0.008297264 -0.02379906 0.01205158 0.00838077 -0.02207922 0.01327943 0.008731782 -0.02445071 0.009239554 0.008056163 -0.02451229 0.007314026 0.008134365 -0.0234875 0.01034581 0.006046414 -0.02306371 0.01170647 0.005806267 -0.02284979 0.004551351 0.01468449 -0.02449959 0.004626095 0.01200515 -0.02268391 0.005076289 0.01232588 -0.02488493 0.003466427 0.01393145 -0.02613157 0.003265798 0.01149421 -0.02561748 0.003225088 0.007776439 -0.02270466 0.006108999 0.01023328 -0.02467197 0.005806863 0.008316993 -0.02274614 0.007257103 0.0101273 -0.02467197 0.005806863 0.008316993 -0.02270466 0.006108999 0.01023328 -0.02431368 0.004922986 0.00598526 -0.02426725 0.006366193 0.00586611 -0.0238853 0.009062767 0.006007075 -0.0220173 0.005080819 0.004696846 -0.0220105 0.006425917 0.004789113 -0.02174204 0.003481388 0.004536986 -0.0220173 0.005080819 0.004696846 -0.02418828 0.003481388 0.005576372 -0.02179324 0.001728773 0.004348397 -0.02431368 0.004922986 0.00598526 -0.02465558 0.00167191 0.005334794 -0.02445 7.8e-5 0.00604856 -0.02194255 9.85e-5 0.005141377 -0.02026975 0.005687773 0.008930563 -0.02050858 0.00456959 0.01219093 -0.02268391 0.005076289 0.01232588 -0.02270466 0.006108999 0.01023328 -0.02026975 0.005687773 0.008930563 -0.01993817 0.005097091 0.005999267 -0.0199998 0.006649196 0.006019592 -0.01993817 0.005097091 0.005999267 -0.0199998 0.006649196 0.006019592 -0.02174204 0.003481388 0.004536986 -0.01957041 0.003655195 0.005750477 -0.01993817 0.005097091 0.005999267 -0.0220173 0.005080819 0.004696846 -0.02179324 0.001728773 0.004348397 -0.01924508 0.001713693 0.005886316 -0.02186268 -6.373e-4 0.008716642 -0.01945865 -5.592e-4 0.008991062 -0.02026391 -4.282e-4 0.007139801 -0.02190274 -4.193e-4 0.006584227 -0.0235902 -4.681e-4 0.006939113 -0.02499568 -5.614e-4 0.008313059 -0.02674478 -3.594e-4 0.01409792 -0.02585977 -6.778e-4 0.01148909 -0.02734595 -4.356e-4 0.01102393 -0.0289843 2.53e-4 0.01335388 -0.01939648 1.724e-4 0.006201565 -0.02194255 9.85e-5 0.005141377 -0.02237576 -3.725e-4 0.01229995 -0.0190078 -4.35e-4 0.01198238 -0.02477145 6.88e-5 0.0147174 -0.02270174 -3.59e-4 0.01484376 -0.02063089 7.26e-5 0.01511412 -0.01872277 -3.59e-4 0.01461201 -0.02290588 0.004352331 0.01599276 -0.01808571 0.001869142 0.01981747 -0.01675879 0.00303632 0.01934838 -0.01585477 0.002308249 0.02127498 -0.01706653 0.001153767 0.02163398 -0.01555168 0.001767992 0.01864135 -0.01541399 0.002205789 0.01823329 -0.01509815 -1.659e-4 0.01788765 -0.01550108 -2.176e-4 0.0185182 -0.02025759 -1.569e-4 0.01831245 -0.02063089 7.26e-5 0.01511412 -0.02012366 0.002137899 0.01536011 -0.0194118 0.00250864 0.01802211 -0.02012366 0.002137899 0.01536011 -0.01756656 -1.508e-4 0.02176368 -0.01871442 -1.841e-4 0.0199325 -0.01714885 -7.485e-4 0.01911056 -0.01478719 -1.966e-4 0.02052652 -0.01550108 -2.176e-4 0.0185182 -0.01756656 -1.508e-4 0.02176368 -0.01476228 -7.98e-5 0.02378618 -0.01871442 -1.841e-4 0.0199325 -0.01483231 0.001055002 0.02059495 -0.01555168 0.001767992 0.01864135 -0.01550108 -2.176e-4 0.0185182 -0.01478719 -1.966e-4 0.02052652 -0.01808571 0.001869142 0.01981747 -0.01871442 -1.841e-4 0.0199325 -0.0195595 -1.434e-4 0.01969563 -0.01861613 0.002416491 0.01968646 -0.0170198 0.00359869 0.01864886 -0.01675879 0.00303632 0.01934838 -0.01746386 0.00383991 0.01733011 -0.01829081 0.003553092 0.01453477 -0.01572996 0.002239048 0.01688563 -0.0170992 0.002220094 0.01440083 -0.01652276 2.298e-4 0.01410079 -0.0152682 -1.681e-4 0.0164445 -0.0195595 -1.434e-4 0.01969563 -0.0187202 0.003500521 0.01181668 -0.0203045 0.003149569 0.01402568 -0.01829081 0.003553092 0.01453477 -0.01897209 0.003445804 0.008671998 -0.01652276 2.298e-4 0.01410079 -0.0170992 0.002220094 0.01440083 -0.01719009 0.001822531 0.01209312 -0.01744318 -4.83e-5 0.01173853 -0.01810449 0.001544415 0.008919179 -0.01818335 -1.065e-4 0.009177982 -0.03134596 -1.97e-4 0.01932126 -0.03128099 0.00125879 0.01935595 -0.03152859 -7.66e-5 0.02288538 -0.0299263 0.002372205 0.02009326 -0.02874732 0.001245439 0.02060729 -0.03063488 -2.048e-4 0.01746565 -0.03081303 -1.74e-4 0.01676648 -0.03063637 0.001957595 0.01701819 -0.03055071 0.001740813 0.01754355 -0.02477145 6.88e-5 0.0147174 -0.02620345 -1.811e-4 0.01860159 -0.02618169 0.002480566 0.01806557 -0.02513569 0.002691984 0.01545238 -0.02513569 0.002691984 0.01545238 -0.0288704 -2.068e-4 0.02073001 -0.02802574 0.004059493 0.01681387 -0.03031069 0.001791775 0.0158692 -0.0284413 0.001444697 0.01342946 -0.02667468 0.003532826 0.01420521 -0.02874892 0.003686249 0.01803046 -0.02894508 0.003055155 0.01843553 -0.02758407 0.001746892 0.0190553 -0.02701103 0.002160966 0.01893889 -0.0270214 -1.768e-4 0.01912719 -0.02767378 -2.118e-4 0.01918375 -0.0289843 2.53e-4 0.01335388 -0.03080189 -1.592e-4 0.01580482 -0.02758228 0.001493275 0.01116269 -0.0284413 0.001444697 0.01342946 -0.0289843 2.53e-4 0.01335388 -0.02734595 -4.356e-4 0.01102393 -0.02630811 0.001388192 0.007801771 -0.02638775 -4.97e-5 0.007967352 -0.02667468 0.003532826 0.01420521 -0.02072572 0.01431596 0.008737087 -0.02011406 0.008184075 0.006205201 -0.02205026 0.008747875 0.004952788 -0.004090011 0.03482341 0.01717406 0 0.0351656 0.0173555 -0.008808076 0.03346323 0.01651585 0 0.03405678 0.02052325 -0.003766 0.03373587 0.02031296 -0.001575589 0.01305747 -0.01318264 -0.004659414 0.01221632 -0.01311445 -0.003666818 0.01118981 -0.01583379 0 0.01225376 -0.0158438 0 0.01345366 -0.01326012 0 0.01170599 -0.01803958 -0.003060638 0.01092731 -0.0181818 -0.002257525 0.01114398 -0.02100956 -9.824e-4 0.01139509 -0.02088993 -0.001351535 0.01144599 -0.02382135 -0.004548609 0.02789711 -0.004586875 0 0.02842426 -0.004908919 -0.003784298 0.02356088 -0.007412493 0 0.02409982 -0.007615745 -0.00849545 0.02606779 -0.003765583 -0.007369697 0.0223146 -0.006996989 -0.005156815 0.01325249 -0.01198208 -0.006339788 0.01782727 -0.009638249 -0.008954882 0.01596415 -0.009252369 -0.00710386 0.01242178 -0.01164209 -0.002716064 0.01896584 -0.01002216 0 0.0192852 -0.01009052 -0.008689999 0.01080805 -0.01083636 -0.01121068 0.01157003 -0.007497072 -0.009809553 0.008960068 -0.01001036 -0.01106405 0.02005171 -0.005704045 -0.01190507 0.02352833 -0.002276301 -0.0127846 0.02696758 9.686e-4 -0.01963549 0.009344995 0.006479442 -0.02193528 0.01008623 0.005217432 -0.01936227 0.0100345 0.00643754 -0.0215578 0.01132756 0.005081295 -0.02179926 0.01300019 0.006295502 -0.02050381 0.01398521 0.006473422 -0.02018469 0.01214849 0.005354583 -0.0189473 0.01274698 0.005334556 -0.02001434 0.01559978 0.007541418 -0.01980507 0.0158807 0.009541451 -0.01950466 0.01003748 0.009509444 -0.01760286 0.01089882 0.006526768 -0.0197342 0.01441031 0.006024003 -0.01740235 0.01357889 0.005099833 -0.01322203 0.02955561 0.005961298 -0.01547038 0.02299219 0.002435684 -0.01601701 0.02536028 0.007096469 -0.01717513 0.02162563 0.008476197 -0.01693999 0.01932781 0.004207909 -0.01289498 0.03084427 0.01118981 -0.01337003 0.01381105 -0.002925217 -0.01034891 0.01389271 -0.008538961 -0.01287829 0.01709878 -0.004335999 -0.01553958 0.01697069 8.734e-4 -0.01426082 0.02043855 -5.54e-4 -0.01109266 0.006052494 -0.005529463 -0.009552061 0.003405392 -0.007864177 -0.01023221 0.005684196 -0.00886017 -0.01150727 0.009060084 -0.006622791 -0.009387254 0.006885886 -0.01116806 -0.009835183 0.004892528 -0.009573996 -0.009349584 0.006018996 -0.0111804 -0.008085966 0.006439328 -0.01342839 -0.00609076 0.005982339 -0.0158016 -0.0113815 0.004916906 -0.01213979 -0.01317179 0.01060736 -0.001805484 -0.01270115 0.007720351 -5.977e-4 -0.01539772 0.0126608 0.00249207 -0.01820719 0.01562786 0.005433559 -0.01838225 0.01731979 0.01018327 -0.01851767 0.01704263 0.007607281 -0.01755774 0.0179584 0.009859085 -0.01732128 0.0174629 0.006882548 -0.01732128 0.0174629 0.006882548 -0.01755774 0.0179584 0.009859085 -0.01679968 0.01604557 0.004901409 -0.01679968 0.01604557 0.004901409 0 6.533e-4 0.007288992 -0.004471898 0.001352131 0.006628692 -0.005123198 0.002587676 0.01142704 0 0.001960456 0.01190829 -0.006878972 0.001420259 -0.008381485 -0.007568955 0.001261293 -0.003456532 -0.003347158 7.42e-5 -0.003069758 -0.00287646 6.146e-4 -0.008559167 -0.003536105 4.196e-4 0.00217849 0 -9.21e-5 0.00256294 0 -3.429e-4 -0.002740979 -0.009085357 0.002507746 0.005995213 -0.009935557 0.004226863 0.01089066 -0.009746491 0.00371319 -0.004461467 -0.01140195 0.004706621 4.683e-4 -0.008233785 0.001588284 0.001676261 -0.01281869 0.00580126 0.005030453 0 0.01716279 0.0288437 0 0.0149486 0.02885556 -0.004048645 0.01507437 0.02857995 -0.003939092 0.01719409 0.02848446 -0.003246963 0.01678323 0.02876037 0 0.01695889 0.02893453 0 0.01664495 0.02812588 -0.003249764 0.01662003 0.02773731 -0.006633818 0.0190649 0.0216664 -0.006705105 0.0189799 0.0163834 -0.008886396 0.01876199 0.0212996 -0.009797155 0.01740133 0.01636308 -0.01124 0.01774376 0.02099972 0 0.01991105 0.01668179 -0.003355324 0.01981341 0.01641309 -0.00342983 0.01953977 0.02248388 0 0.01954287 0.02324295 -0.0038262 0.0175594 0.0273472 -0.003670573 0.01758378 0.0262283 0 0.01772469 0.02689409 0 0.01760399 0.02775168 -0.003133535 0.01680892 0.02490592 0 0.01696532 0.02531999 -0.003566384 0.01018327 -0.0211122 -0.002828598 0.01069927 -0.02409589 -0.001748502 0.01117277 -0.02812778 -0.002147614 0.0106709 -0.02831834 -0.001700997 0.01070111 -0.02906149 -0.00323081 0.009641289 -0.02438056 -0.002405822 0.00946027 -0.02844119 -0.002972364 0.008308589 -0.02460741 -0.01026588 0.005709946 0.01507109 -0.005477607 0.004402518 0.01593798 -0.01188236 0.03112107 0.016173 -0.003178298 0.02374851 0.02855587 0 0.02393257 0.02895718 0 0.02128154 0.02948468 -0.003206968 0.0210511 0.02907019 0 0.003517389 0.01656359 -0.005468904 0.005966842 0.0191558 0 0.005392253 0.01956933 -0.005459487 0.008269548 0.02266299 -0.01020812 0.007482886 0.01836097 0 0.01059228 0.02602088 -0.00392735 0.01069766 0.02574396 -0.004104495 0.01294529 0.0276401 0 0.01278758 0.02778506 -0.01002407 0.0095492 0.02132165 0 0.007873594 0.02306747 -0.01482087 0.009164869 0.00411427 -0.01959675 0.01305949 0.01061838 -0.01822149 0.01453745 0.01142287 -0.01800197 0.01108109 0.009842395 -0.01722389 0.01560467 0.01204377 -0.0170468 0.01216208 0.01107233 -0.016617 0.01332706 0.01173615 -0.013848 0.007098793 0.01003289 -0.01611232 0.01051259 0.009074866 -0.01369327 0.008397161 0.01358509 -0.0158531 0.01122623 0.01227766 -0.01760286 0.01089882 0.006526768 -0.01644426 0.01169759 0.006164968 -0.01644426 0.01169759 0.006164968 -0.01633316 0.01213425 0.008759856 -0.016617 0.01332706 0.01173615 -0.01633316 0.01213425 0.008759856 -0.01652127 0.01384812 0.004684269 -0.01624375 0.01196491 0.005837619 -0.01624375 0.01196491 0.005837619 -0.01652127 0.01384812 0.004684269 -0.01624375 0.01196491 0.005837619 -0.007548034 0.01322948 0.0266124 -0.007205784 0.0110948 0.024926 -0.006550252 0.0162959 0.02307087 -0.009042978 0.01554691 0.02004927 -0.007267594 0.01483249 0.01998037 -0.005314588 0.01522696 0.02253729 -0.0102474 0.0169726 0.02534192 -0.009120881 0.01676619 0.02634549 -0.01047897 0.01502543 0.02542918 -0.0117554 0.01639693 0.02420061 -0.01278531 0.01465857 0.02301228 -0.0104584 0.0134716 0.02474659 -0.01292651 0.01328533 0.02143025 -0.01462262 0.01435118 0.0202158 -0.007887959 0.01689875 0.02393829 -0.009375751 0.0170179 0.02454578 -0.01082378 0.01662689 0.0232529 -0.0106092 0.01613801 0.02139163 -0.01160573 0.01645463 0.02224218 -0.003517568 0.03177803 0.02327322 0 0.03188848 0.023584 -0.006785452 0.03112429 0.02270305 -0.007547616 0.03265595 0.0200181 -0.01234269 0.02888911 0.01951801 -0.009966254 0.03101909 0.01955509 -0.01005685 0.02926343 0.02174162 0 0.02964359 0.02576816 -0.003251492 0.02948975 0.02570569 -0.001865506 0.01406866 -0.01223921 0 0.01453953 -0.01229918 -0.006163895 0.02885448 0.0248112 -0.01363062 0.009747684 0.01694291 -0.01303279 0.01137739 0.01975876 -0.01006925 0.01197963 0.02341586 -0.01485419 0.01349371 0.01831686 -0.01629436 0.01547878 0.01747 -0.01296484 0.01640057 0.02082997 -0.01215022 0.01630878 0.01943212 0 0.01828879 0.01336413 -0.003562152 0.0178616 0.01314949 -0.006221652 0.01719576 0.0133816 -0.01563268 0.02669245 0.0116164 -0.01692527 0.02322202 0.0123775 -0.01725167 0.01952505 0.01301729 -0.01722389 0.01560467 0.01204377 -0.01675647 0.01445657 0.0147804 -0.01712363 0.01657038 0.01422488 -0.01440978 0.02671253 0.01873219 -0.0149495 0.027175 0.01577603 -0.006729125 0.01732176 0.02527701 -0.003293395 0.01722568 0.02656012 -0.008036851 0.02817285 0.02401018 -0.0089221 0.03001195 0.02200239 -0.006183028 0.0231679 0.02778291 -0.006577134 0.0203408 0.02814537 -0.01184946 0.01896369 0.02476763 -0.01348227 0.02009797 0.0229941 -0.01153039 0.02048712 0.0248481 -0.009784758 0.01950591 0.02639496 -0.01371449 0.01828539 0.02267342 -0.01620179 0.02403366 0.01592063 -0.01355248 0.02314502 0.02177536 -0.01377248 0.02473878 0.02097767 -0.01195526 0.02475786 0.02297031 -0.0126692 0.0221138 0.0230534 -0.01463556 0.02071756 0.0211665 -0.01523941 0.01799595 0.02075338 -0.0161466 0.0198521 0.01891338 -0.0153566 0.02251791 0.01957279 -0.01666456 0.02137178 0.01619982 -0.005999982 0.002999246 -0.0124495 -0.006495893 0.002120733 -0.01069504 -0.005999982 0.002999246 -0.0124495 -0.006355464 0.00506103 -0.01434749 -0.004190087 0.003845155 -0.01596987 -0.004753351 0.006551146 -0.01878255 -0.003625929 0.007277548 -0.02142679 -0.004152536 0.008942186 -0.02123278 -0.00527215 0.008576869 -0.01851749 -0.004452586 0.009958386 -0.01828277 -0.002078711 0.003127396 -0.01607668 -0.002440989 0.0018453 -0.01305407 0 0.001550853 -0.01308673 0 0.002638876 -0.01612138 -0.004883885 0.002660274 -0.01312685 -0.002768099 0.01796168 0.0171414 -0.001986563 0.01800549 0.019441 -0.00373131 0.01733279 0.02014559 -0.004811227 0.01727515 0.0179966 0 0.01664161 0.0231629 0 0.01562905 0.02415978 -0.002718389 0.01538068 0.02394509 -0.002223432 0.01650118 0.02249145 0 0.01757013 0.02139359 -0.004903495 0.01632136 0.0214852 -0.005314588 0.01522696 0.02253729 -0.007267594 0.01483249 0.01998037 -0.006603538 0.01599013 0.01924115 -0.00343132 0.01751452 0.01426851 -0.00387907 0.0160278 0.0118013 0 0.01658231 0.01198554 0 0.0179131 0.0139175 -0.005706489 0.01549625 0.0122165 -0.005429089 0.01681989 0.01502877 -0.007390618 0.01530539 0.0161395 -0.008379042 0.01414608 0.01557838 -0.007894873 0.01441138 0.0136848 -0.008169889 0.0141462 0.01719248 0 0.01825839 0.01661229 0 0.01822066 0.01916211 -0.01277786 0.003731191 -0.0138722 -0.01361411 0.002679288 -0.01549935 -0.009499192 -0.001293838 -0.01542878 -0.007826864 2.97e-4 -0.0174188 -0.01062142 -0.001457691 -0.01701897 -0.009352564 2.15e-5 -0.01883149 -0.006878972 0.001420259 -0.008381485 -0.005534887 0.001766324 -0.01074868 -0.004883885 0.002660274 -0.01312685 -0.004883885 0.002660274 -0.01312685 -0.006355464 0.00506103 -0.01434749 -0.008085966 0.006439328 -0.01342839 -0.009387254 0.006885886 -0.01116806 -0.01023221 0.005684196 -0.00886017 -0.009552061 0.003405392 -0.007864177 0 2.047e-4 -0.008726179 -0.005534887 0.001766324 -0.01074868 -0.003257334 0.005092859 -0.0190199 -0.001767933 0.00436908 -0.01909679 -0.002695739 0.006008446 -0.02168309 0 0.003973186 -0.01930135 -6.17e-4 0.005150437 -0.02196717 -0.001446545 0.005342841 -0.0219205 -0.007771193 0.01523303 0.02753496 -0.01318758 0.01623809 0.0191977 -0.01033288 0.0159645 0.01506888 -0.01049011 0.01554459 0.0171597 -0.01400148 0.01645928 0.02027988 -0.01262915 0.01636499 0.02265477 -0.01187598 0.01617515 0.02450567 -0.01094299 0.01597625 0.02385848 -0.01196002 0.01600575 0.02221477 -0.01675748 0.01782798 0.01691418 -0.01546514 0.0123586 0.01575428 -0.01559048 0.01683187 0.0192427 -0.01590067 0.01795184 0.01891595 -0.01415973 0.01626658 0.02130758 -0.01265823 0.01632088 0.02335417 -0.01458585 0.01655411 0.02074307 -0.01559048 0.01683187 0.0192427 -0.01481688 0.01635259 0.02053403 -0.001323223 0.006486773 -0.0248571 -0.002189636 0.007245004 -0.02473616 -0.001520395 0.008338868 -0.02850031 -0.001998484 0.00864619 -0.02851831 -8.357e-4 0.01552057 -0.02319848 0 0.0197826 -0.02182805 0 0.01637727 -0.01882779 -9.824e-4 0.01139509 -0.02088993 0 0.02160888 -0.02628993 -0.001138389 0.01762318 -0.02828758 0 0.02217996 -0.02865421 0 0.02206432 -0.03043311 -0.001083791 0.01745128 -0.03243851 -0.001028299 0.0156024 -0.0374453 0 0.02117472 -0.03768557 0 0.02160602 -0.03584969 0 0.02038782 -0.03979605 -1.913e-4 0.01180106 -0.04860299 0 0.01122099 -0.0511865 0 0.0124225 -0.05044859 0 0.01345485 -0.04872041 -1.26e-4 0.009983181 -0.04862391 0 0.01003992 -0.05079746 -3.704e-4 0.01388829 -0.043765 0 0.01686859 -0.04528623 0 0.01794946 -0.04355728 0 0.01853829 -0.0412442 0 0.007518768 -0.04891389 -3.407e-4 0.006762385 -0.04426825 0 0.003130972 -0.04463171 0 0.004582643 -0.0473442 -0.001408398 0.009786188 -0.0376237 -7.402e-4 0.002293825 -0.03748452 -6.606e-4 0.01018357 -0.04398363 -0.001599371 0.009866952 -0.03223377 -0.001297593 0.005401611 -0.03270119 -0.001619637 0.009911775 -0.02963608 -0.001577377 0.008877396 -0.02923375 -0.001240551 0.00572437 -0.02852731 -0.001520395 0.008338868 -0.02850031 0 0.0017699 -0.02082276 -6.17e-4 0.005150437 -0.02196717 0 0.003973186 -0.01930135 0 0.01170599 -0.01803958 -0.001323223 0.006486773 -0.0248571 -4.738e-4 0.003174901 -0.02448505 -0.001351535 0.01144599 -0.02382135 -0.001347661 0.01350337 -0.02811068 -0.001436889 0.01351469 -0.03248125 -0.001700997 0.01070111 -0.02906149 0 8.15e-5 -0.0238921 0 -0.001212716 -0.02685242 -7.427e-4 0.002332687 -0.02862656 -7.415e-4 0.001873493 -0.0325945 0 -0.002531111 -0.03672301 0 -0.001134037 -0.03961098 0 0.001872599 -0.04265731 -0.001991987 0.009793877 -0.02921938 -0.001619637 0.009911775 -0.02963608 0 -0.001355886 -0.02974665 0 -0.002365887 -0.03230488 -0.001748502 0.01117277 -0.02812778 -0.001619637 0.009911775 -0.02963608 0 0.02089089 -0.0329445 0 0.01475137 -0.04681718 0 0.01773113 0.02955389 -0.003252685 0.01746129 0.02922767 -0.006796181 0.01709026 0.02796137 -0.0110687 0.01749396 0.02589339 -0.01207095 0.01687979 0.02468806 -0.0131573 0.01677525 0.02282261 -0.01457113 0.01659119 0.02124369 -0.01498031 0.01668643 0.02065116 -0.01481688 0.01635259 0.02053403 -0.009804666 0.017609 0.02623319 -0.009192645 0.02187556 0.02595388 -0.008174657 0.02353852 0.02598649 -0.01458585 0.01655411 0.02074307 -0.01522439 0.02416968 0.01895838 -0.01266986 0.02659535 0.02119708 -0.01091939 0.02739298 0.02224779 -0.009671866 0.02615463 0.02404886 -0.009869098 0.02425217 0.0248785 0 0.02684086 0.02765548 -0.00320667 0.0266692 0.02720838 -0.006109297 0.02635973 0.02638936 -0.007773697 0.02581757 0.02537792 0 0.01731497 0.02697134 -0.009317457 0.01623827 0.02502739 -0.00975728 0.01666438 0.02579259 -0.006757855 0.01645487 0.02761805 -0.006673932 0.01633638 0.02642637 -0.008872866 0.01762318 0.02406513 -0.01077562 0.01686882 0.02282702 -0.0142036 0.01612854 0.02117651 -0.01338148 0.01610565 0.0208351 0 0.01695889 0.02893453 -0.003246963 0.01678323 0.02876037 -0.006757855 0.01645487 0.02761805 -0.00975728 0.01666438 0.02579259 -0.01096445 0.01683819 0.02576744 -0.01187598 0.01617515 0.02450567 -0.01262915 0.01636499 0.02265477 -0.0142036 0.01612854 0.02117651 -0.01415973 0.01626658 0.02130758 -0.01458585 0.01655411 0.02074307 -0.01403075 0.0163213 0.02028459 -0.01481688 0.01635259 0.02053403 -0.0102474 0.0169726 0.02534192 -0.0117554 0.01639693 0.02420061 -0.009120881 0.01676619 0.02634549 -0.008453369 0.01699429 0.02550405 -0.003939092 0.01719409 0.02848446 0 0.01716279 0.0288437 -0.006648004 0.01737785 0.02669489 -0.01280593 0.01664698 0.01960659 -0.01212173 0.01706308 0.02069616 -0.007894873 0.01441138 0.0136848 -0.008379042 0.01414608 0.01557838 -0.007934153 0.01546645 0.01352089 -0.005706489 0.01549625 0.0122165 0 0.01658231 0.01198554 -0.00387907 0.0160278 0.0118013 -0.008169889 0.0141462 0.01719248 -0.002718389 0.01538068 0.02394509 0 0.01562905 0.02415978 -0.01094299 0.02269375 0.02450287 -0.01407146 0.001297593 -0.0171718 -0.01480108 -1.583e-4 -0.0169751 -0.001577377 0.008877396 -0.02923375 -0.01404577 6.37e-5 -0.01801437 -0.01361399 -6.671e-4 -0.01810789 -0.01201438 2.827e-4 -0.01952868 -0.01221948 2.727e-4 -0.01950138 -0.01384013 -6.849e-4 -0.01786488 -0.01361399 -6.671e-4 -0.01810789 -0.01201438 2.827e-4 -0.01952868 -0.01652276 2.298e-4 0.01410079 -0.01872277 -3.59e-4 0.01461201 -0.02477145 6.88e-5 0.0147174 -0.02477031 0.002212226 0.01541185 -0.02290588 0.004352331 0.01599276 -0.0208078 0.002117276 0.01565223 -0.02063089 7.26e-5 0.01511412 -0.02063089 7.26e-5 0.01511412 -0.02270174 -3.59e-4 0.01484376 -0.02674478 -3.594e-4 0.01409792 -0.02477145 6.88e-5 0.0147174 -0.01476228 -7.98e-5 0.02378618 -0.02329957 0.003259599 0.0205875 -0.02158468 0.00195086 0.02049577 -0.02101969 -1.921e-4 0.02026009 -0.02101969 -1.921e-4 0.02026009 -0.0255295 -1.928e-4 0.01962137 -0.02496016 0.001997709 0.02025926 -0.02758407 0.001746892 0.0190553 -0.02894508 0.003055155 0.01843553 -0.02767378 -2.118e-4 0.01918375 -0.03063488 -2.048e-4 0.01746565 -0.03063488 -2.048e-4 0.01746565 -0.03055071 0.001740813 0.01754355 -0.02477145 6.88e-5 0.0147174 -0.0260052 -1.651e-4 0.01776558 -0.0289843 2.53e-4 0.01335388 -0.03080189 -1.592e-4 0.01580482 -0.03081303 -1.74e-4 0.01676648 -0.02063089 7.26e-5 0.01511412 -0.02025759 -1.569e-4 0.01831245 -0.01652276 2.298e-4 0.01410079 -0.01744318 -4.83e-5 0.01173853 -0.01818335 -1.065e-4 0.009177982 -0.01939648 1.724e-4 0.006201565 -0.02194255 9.85e-5 0.005141377 -0.02445 7.8e-5 0.00604856 -0.02638775 -4.97e-5 0.007967352 -0.01265823 0.01632088 0.02335417 -0.007268548 0.01679098 0.0275461 -0.007268548 0.01679098 0.0275461 -0.008280456 0.01677066 0.02725929 -0.009120881 0.01676619 0.02634549 -0.008453369 0.01699429 0.02550405 -0.008326292 0.0179466 0.02618426 -0.008876383 0.01767444 0.0267657 -0.006648004 0.01737785 0.02669489 -0.007138252 0.0180608 0.02683442 -0.007614195 0.01783543 0.02768057 -0.008079648 0.0193051 0.02738028 -0.009120881 0.01676619 0.02634549 -0.008876383 0.01767444 0.0267657 -0.008352458 0.01759845 0.02740901 -0.008280456 0.01677066 0.02725929 -0.008079648 0.0193051 0.02738028 -0.007614195 0.01783543 0.02768057 -0.009782791 0.01577705 0.02524137 -0.01003819 0.01580768 0.02568978 -0.00975728 0.01666438 0.02579259 -0.009317457 0.01623827 0.02502739 -0.01062959 0.01546156 0.02440977 -0.0108022 0.01426708 0.02564549 -0.01094299 0.01597625 0.02385848 -0.0114957 0.01545512 0.02497506 -0.01187598 0.01617515 0.02450567 -0.01101011 0.0158202 0.02575868 -0.01096445 0.01683819 0.02576744 -0.01003819 0.01580768 0.02568978 -0.0108022 0.01426708 0.02564549 -0.00975728 0.01666438 0.02579259 -0.0114957 0.01545512 0.02497506 -0.01404392 0.01725041 0.02202033 -0.01415973 0.01626658 0.02130758 -0.01312476 0.0175144 0.0215432 -0.01320743 0.0188269 0.02290076 -0.01296484 0.01640057 0.02082997 -0.01160573 0.01645463 0.02224218 -0.01224988 0.01759797 0.02264446 -0.01265823 0.01632088 0.02335417 -0.01293218 0.01731318 0.02334088 -0.01415973 0.01626658 0.02130758 -0.01404392 0.01725041 0.02202033 -0.01360404 0.01720726 0.02275478 -0.01265823 0.01632088 0.02335417 -0.01320743 0.0188269 0.02290076 -0.01293218 0.01731318 0.02334088 -0.01187598 0.01617515 0.02450567 -0.006648004 0.01737785 0.02669489 -0.007268548 0.01679098 0.0275461 -0.008453369 0.01699429 0.02550405 -0.008280456 0.01677066 0.02725929 -0.009120881 0.01676619 0.02634549 -0.007268548 0.01679098 0.0275461 -0.007268548 0.01679098 0.0275461 -0.007773697 0.02581757 0.02537792 -0.008036851 0.02817285 0.02401018 -0.008174657 0.02353852 0.02598649 -0.009192645 0.02187556 0.02595388 -0.01153039 0.02048712 0.0248481 -0.01348227 0.02009797 0.0229941 -0.01463556 0.02071756 0.0211665 -0.0153566 0.02251791 0.01957279 -0.01522439 0.02416968 0.01895838 -0.01440978 0.02671253 0.01873219 -0.01234269 0.02888911 0.01951801 -0.01005685 0.02926343 0.02174162 0.004777789 0.03540909 0.011348 0 0.03595298 0.01163762 0 0.03522229 0.005268156 0.005192995 0.03453069 0.005321443 0.005108833 0.03148692 -3.82e-4 0 0.03227287 -5.837e-4 0.009165346 0.02967149 2.118e-4 0.009817898 0.03248649 0.00555706 0.009554862 0.03359216 0.01127505 0.01156187 -0.001308321 -0.01795893 0.01331532 -0.001211345 -0.01777899 0.01243275 -0.001034796 -0.01866441 0.01083666 0.002173185 -0.01909768 0.009618878 0.001666665 -0.01947635 0.01027649 0.001071453 -0.01980412 0.01154035 0.001349747 -0.01966768 0.01101589 -8.577e-4 -0.01161783 0.01255273 4.853e-4 -0.01150029 0.01374125 -5.023e-4 -0.01322335 0.01185011 -0.001645565 -0.01342189 0.01283299 -1.015e-4 -0.01984739 0.0136078 -5.277e-4 -0.01981556 0.01320159 5.653e-4 -0.01867467 0.01221948 2.727e-4 -0.01950138 0.01410168 -9.844e-4 -0.01803565 0.01361179 -0.001415789 -0.01690757 0.01500833 -0.001404881 -0.01772177 0.008087694 -2.792e-4 -0.01335769 0.006530702 0.001220583 -0.01515239 0.006050348 0.002220392 -0.01332819 0.007135093 9.927e-4 -0.0117762 0.01243275 -0.001034796 -0.01866441 0.0136078 -5.277e-4 -0.01981556 0.01283299 -1.015e-4 -0.01984739 0.01221948 2.727e-4 -0.01950138 0.01410168 -9.844e-4 -0.01803565 0.01500833 -0.001404881 -0.01772177 0.01480108 -1.583e-4 -0.0169751 0.01384013 -6.849e-4 -0.01786488 0.009352564 2.15e-5 -0.01883149 0.01084882 -2.666e-4 -0.01965177 0.007826864 2.97e-4 -0.0174188 0.008351683 0.002477586 -0.01824218 0.01001119 0.003412187 -0.0178442 0.00979489 0.004542589 -0.01633626 0.007691979 0.003561735 -0.01658731 0.01504606 -0.001292884 -0.01667678 0.01467365 -0.001002132 -0.01612198 0.01467365 -0.001002132 -0.01612198 0.01504606 -0.001292884 -0.01667678 0.01154035 0.001349747 -0.01966768 0.01145833 4.327e-4 -0.02084869 0.01204633 2.311e-4 -0.02014058 0.01201438 2.827e-4 -0.01952868 0.01056098 7.486e-4 -0.02049463 0.01027649 0.001071453 -0.01980412 0.01145833 4.327e-4 -0.02084869 0.01056098 7.486e-4 -0.02049463 0.01084882 -2.666e-4 -0.01965177 0.01027649 0.001071453 -0.01980412 0.01204633 2.311e-4 -0.02014058 0.01201438 2.827e-4 -0.01952868 0.01384013 -6.849e-4 -0.01786488 0.01458728 -8.809e-4 -0.01501739 0.0142306 0.001196444 -0.0141496 0.0148673 5.494e-4 -0.01568979 0.01467365 -0.001002132 -0.01612198 0.01361179 -0.001415789 -0.01690757 0.0129019 -0.001852214 -0.01540875 0.01385605 -7.091e-4 -0.01888918 0.01361399 -6.671e-4 -0.01810789 0.01361399 -6.671e-4 -0.01810789 0.01385605 -7.091e-4 -0.01888918 0.01221948 2.727e-4 -0.01950138 0.01171207 -5.713e-4 -0.01933056 0.01384013 -6.849e-4 -0.01786488 0.006050348 0.002220392 -0.01332819 0.006530702 0.001220583 -0.01515239 0.008985877 5.449e-4 -0.01033931 0.01075279 0.001682639 -0.009782493 0.01324963 0.002187967 -0.0124427 0.0117188 0.003415226 -0.01699036 0.01112669 0.004528284 -0.01543027 0.01084882 -2.666e-4 -0.01965177 0.01238119 0.002045989 -0.01854449 0.01244068 8.712e-4 -0.01922279 0.01320159 5.653e-4 -0.01867467 0.007430255 0.002158761 -0.009428679 0.009346365 0.00335443 -0.008521378 0.006348431 0.01056909 -0.01308983 0.005403459 0.009943187 -0.01576858 0.006656885 0.008389055 -0.01578652 0.007834196 0.008661866 -0.01313269 0.006918311 0.004353404 -0.01463985 0.00870037 0.0054425 -0.01418232 0.008155345 0.005861282 -0.0128389 0.006594896 0.004530668 -0.013884 0.01158952 0.003396809 -0.01063793 0.0100426 0.005518198 -0.01340621 0.02234989 0.01091122 0.01021152 0.02259033 0.009882688 0.009927988 0.0201677 0.009643375 0.008965849 0.02075713 0.01189899 0.01019603 0.02033978 0.008082449 0.009121656 0.02268785 0.008810877 0.009738147 0.02041405 0.006987154 0.008929371 0.02011406 0.008184075 0.006205201 0.01963549 0.009344995 0.006479442 0.01936227 0.0100345 0.00643754 0.02373009 -8.24e-5 0.02546411 0.02178841 -1.763e-4 0.02246659 0.02219045 0.001135349 0.02263283 0.02346867 0.002379894 0.0226922 0.02473026 0.001349568 0.02243596 0.02513128 -1.817e-4 0.0220009 0.02581089 -1.706e-4 0.01914346 0.0255295 -1.928e-4 0.01962137 0.02496016 0.001997709 0.02025926 0.0251761 0.002544105 0.01982009 0.02304047 0.004061341 0.01986789 0.02147275 0.0024755 0.02008652 0.02102506 0.002571523 0.01868456 0.02297437 0.004317939 0.01851379 0.02284979 0.004551351 0.01468449 0.02290588 0.004352331 0.01599276 0.0208078 0.002117276 0.01565223 0.02090847 0.002984583 0.0142104 0.02058929 -1.606e-4 0.01982438 0.02158468 0.00195086 0.02049577 0.02101969 -1.921e-4 0.02026009 0.02529615 0.002609789 0.01837378 0.02178841 -1.763e-4 0.02246659 0.02373009 -8.24e-5 0.02546411 0.02513128 -1.817e-4 0.0220009 0.02326649 -7.484e-4 0.01983743 0.02329957 0.003259599 0.0205875 0.0255295 -1.928e-4 0.01962137 0.02319085 -7.488e-4 0.01938158 0.02581089 -1.706e-4 0.01914346 0.02440989 0.003135681 0.01423794 0.02477145 6.88e-5 0.0147174 0.02477031 0.002212226 0.01541185 0.0260052 -1.651e-4 0.01776558 0.0288704 -2.068e-4 0.02073001 0.03152859 -7.66e-5 0.02288538 0.03134596 -1.97e-4 0.01932126 0.02910077 -7.483e-4 0.01824158 0.02846837 -7.484e-4 0.01715326 0.02620345 -1.811e-4 0.01860159 0.0270214 -1.768e-4 0.01912719 0.02883148 -7.487e-4 0.01782238 0.02767378 -2.118e-4 0.01918375 0.02063089 7.26e-5 0.01511412 0.02011632 -1.595e-4 0.01848971 0.02306056 -7.482e-4 0.0181095 0.02011632 -1.595e-4 0.01848971 0.02058929 -1.606e-4 0.01982438 0.01776283 -7.48e-4 0.01736426 0.0152682 -1.681e-4 0.0164445 0.01509815 -1.659e-4 0.01788765 0.01736766 -7.487e-4 0.0186761 0.02379906 0.01205158 0.00838077 0.02426588 0.01058298 0.008297264 0.02207922 0.01327943 0.008731782 0.02445071 0.009239554 0.008056163 0.02451229 0.007314026 0.008134365 0.02306371 0.01170647 0.005806267 0.0234875 0.01034581 0.006046414 0.02449959 0.004626095 0.01200515 0.02284979 0.004551351 0.01468449 0.02268391 0.005076289 0.01232588 0.02613157 0.003265798 0.01149421 0.02488493 0.003466427 0.01393145 0.02561748 0.003225088 0.007776439 0.02270466 0.006108999 0.01023328 0.02274614 0.007257103 0.0101273 0.02467197 0.005806863 0.008316993 0.02270466 0.006108999 0.01023328 0.02467197 0.005806863 0.008316993 0.02431368 0.004922986 0.00598526 0.02426725 0.006366193 0.00586611 0.0238853 0.009062767 0.006007075 0.0220173 0.005080819 0.004696846 0.0220105 0.006425917 0.004789113 0.02418828 0.003481388 0.005576372 0.0220173 0.005080819 0.004696846 0.02174204 0.003481388 0.004536986 0.02179324 0.001728773 0.004348397 0.02431368 0.004922986 0.00598526 0.02465558 0.00167191 0.005334794 0.02194255 9.85e-5 0.005141377 0.02445 7.8e-5 0.00604856 0.02026975 0.005687773 0.008930563 0.02270466 0.006108999 0.01023328 0.02268391 0.005076289 0.01232588 0.02050858 0.00456959 0.01219093 0.02026975 0.005687773 0.008930563 0.01993817 0.005097091 0.005999267 0.0199998 0.006649196 0.006019592 0.0199998 0.006649196 0.006019592 0.01993817 0.005097091 0.005999267 0.01993817 0.005097091 0.005999267 0.01957041 0.003655195 0.005750477 0.02174204 0.003481388 0.004536986 0.0220173 0.005080819 0.004696846 0.02179324 0.001728773 0.004348397 0.01924508 0.001713693 0.005886316 0.02026391 -4.282e-4 0.007139801 0.01945865 -5.592e-4 0.008991062 0.02186268 -6.373e-4 0.008716642 0.02190274 -4.193e-4 0.006584227 0.0235902 -4.681e-4 0.006939113 0.02499568 -5.614e-4 0.008313059 0.02734595 -4.356e-4 0.01102393 0.02585977 -6.778e-4 0.01148909 0.02674478 -3.594e-4 0.01409792 0.0289843 2.53e-4 0.01335388 0.01939648 1.724e-4 0.006201565 0.02194255 9.85e-5 0.005141377 0.02237576 -3.725e-4 0.01229995 0.0190078 -4.35e-4 0.01198238 0.02270174 -3.59e-4 0.01484376 0.02477145 6.88e-5 0.0147174 0.02063089 7.26e-5 0.01511412 0.01872277 -3.59e-4 0.01461201 0.02290588 0.004352331 0.01599276 0.01585477 0.002308249 0.02127498 0.01675879 0.00303632 0.01934838 0.01808571 0.001869142 0.01981747 0.01706653 0.001153767 0.02163398 0.01509815 -1.659e-4 0.01788765 0.01541399 0.002205789 0.01823329 0.01555168 0.001767992 0.01864135 0.01550108 -2.176e-4 0.0185182 0.02025759 -1.569e-4 0.01831245 0.0194118 0.00250864 0.01802211 0.02012366 0.002137899 0.01536011 0.02063089 7.26e-5 0.01511412 0.02012366 0.002137899 0.01536011 0.01871442 -1.841e-4 0.0199325 0.01756656 -1.508e-4 0.02176368 0.01550108 -2.176e-4 0.0185182 0.01478719 -1.966e-4 0.02052652 0.01714885 -7.485e-4 0.01911056 0.01756656 -1.508e-4 0.02176368 0.01476228 -7.98e-5 0.02378618 0.01871442 -1.841e-4 0.0199325 0.01550108 -2.176e-4 0.0185182 0.01555168 0.001767992 0.01864135 0.01483231 0.001055002 0.02059495 0.01478719 -1.966e-4 0.02052652 0.0195595 -1.434e-4 0.01969563 0.01871442 -1.841e-4 0.0199325 0.01808571 0.001869142 0.01981747 0.01861613 0.002416491 0.01968646 0.0170198 0.00359869 0.01864886 0.01675879 0.00303632 0.01934838 0.01746386 0.00383991 0.01733011 0.01829081 0.003553092 0.01453477 0.01572996 0.002239048 0.01688563 0.0152682 -1.681e-4 0.0164445 0.01652276 2.298e-4 0.01410079 0.0170992 0.002220094 0.01440083 0.0195595 -1.434e-4 0.01969563 0.0203045 0.003149569 0.01402568 0.0187202 0.003500521 0.01181668 0.01829081 0.003553092 0.01453477 0.01897209 0.003445804 0.008671998 0.01719009 0.001822531 0.01209312 0.0170992 0.002220094 0.01440083 0.01652276 2.298e-4 0.01410079 0.01744318 -4.83e-5 0.01173853 0.01810449 0.001544415 0.008919179 0.01818335 -1.065e-4 0.009177982 0.03134596 -1.97e-4 0.01932126 0.03152859 -7.66e-5 0.02288538 0.03128099 0.00125879 0.01935595 0.02874732 0.001245439 0.02060729 0.0299263 0.002372205 0.02009326 0.03063637 0.001957595 0.01701819 0.03081303 -1.74e-4 0.01676648 0.03063488 -2.048e-4 0.01746565 0.03055071 0.001740813 0.01754355 0.02477145 6.88e-5 0.0147174 0.02513569 0.002691984 0.01545238 0.02618169 0.002480566 0.01806557 0.02620345 -1.811e-4 0.01860159 0.02513569 0.002691984 0.01545238 0.0288704 -2.068e-4 0.02073001 0.02802574 0.004059493 0.01681387 0.02667468 0.003532826 0.01420521 0.0284413 0.001444697 0.01342946 0.03031069 0.001791775 0.0158692 0.02894508 0.003055155 0.01843553 0.02874892 0.003686249 0.01803046 0.0270214 -1.768e-4 0.01912719 0.02701103 0.002160966 0.01893889 0.02758407 0.001746892 0.0190553 0.02767378 -2.118e-4 0.01918375 0.0289843 2.53e-4 0.01335388 0.03080189 -1.592e-4 0.01580482 0.0289843 2.53e-4 0.01335388 0.0284413 0.001444697 0.01342946 0.02758228 0.001493275 0.01116269 0.02734595 -4.356e-4 0.01102393 0.02630811 0.001388192 0.007801771 0.02638775 -4.97e-5 0.007967352 0.02667468 0.003532826 0.01420521 0.02072572 0.01431596 0.008737087 0.02205026 0.008747875 0.004952788 0.02011406 0.008184075 0.006205201 0.004090011 0.03482341 0.01717406 0 0.0351656 0.0173555 0.008808076 0.03346323 0.01651585 0.003766 0.03373587 0.02031296 0 0.03405678 0.02052325 0.003666818 0.01118981 -0.01583379 0.004659414 0.01221632 -0.01311445 0.001575589 0.01305747 -0.01318264 0 0.01225376 -0.0158438 0 0.01345366 -0.01326012 0.002257525 0.01114398 -0.02100956 0.003060638 0.01092731 -0.0181818 0 0.01170599 -0.01803958 9.824e-4 0.01139509 -0.02088993 0.001351535 0.01144599 -0.02382135 0.004548609 0.02789711 -0.004586875 0 0.02842426 -0.004908919 0 0.02409982 -0.007615745 0.003784298 0.02356088 -0.007412493 0.00849545 0.02606779 -0.003765583 0.007369697 0.0223146 -0.006996989 0.008954882 0.01596415 -0.009252369 0.006339788 0.01782727 -0.009638249 0.005156815 0.01325249 -0.01198208 0.00710386 0.01242178 -0.01164209 0 0.0192852 -0.01009052 0.002716064 0.01896584 -0.01002216 0.009809553 0.008960068 -0.01001036 0.01121068 0.01157003 -0.007497072 0.008689999 0.01080805 -0.01083636 0.01106405 0.02005171 -0.005704045 0.01190507 0.02352833 -0.002276301 0.0127846 0.02696758 9.686e-4 0.01963549 0.009344995 0.006479442 0.02193528 0.01008623 0.005217432 0.0215578 0.01132756 0.005081295 0.01936227 0.0100345 0.00643754 0.02050381 0.01398521 0.006473422 0.02179926 0.01300019 0.006295502 0.02018469 0.01214849 0.005354583 0.0189473 0.01274698 0.005334556 0.01980507 0.0158807 0.009541451 0.02001434 0.01559978 0.007541418 0.01950466 0.01003748 0.009509444 0.01760286 0.01089882 0.006526768 0.0197342 0.01441031 0.006024003 0.01740235 0.01357889 0.005099833 0.01322203 0.02955561 0.005961298 0.01717513 0.02162563 0.008476197 0.01601701 0.02536028 0.007096469 0.01547038 0.02299219 0.002435684 0.01693999 0.01932781 0.004207909 0.01289498 0.03084427 0.01118981 0.01287829 0.01709878 -0.004335999 0.01034891 0.01389271 -0.008538961 0.01337003 0.01381105 -0.002925217 0.01553958 0.01697069 8.734e-4 0.01426082 0.02043855 -5.54e-4 0.01023221 0.005684196 -0.00886017 0.009552061 0.003405392 -0.007864177 0.01109266 0.006052494 -0.005529463 0.01150727 0.009060084 -0.006622791 0.009387254 0.006885886 -0.01116806 0.009835183 0.004892528 -0.009573996 0.009349584 0.006018996 -0.0111804 0.008085966 0.006439328 -0.01342839 0.00609076 0.005982339 -0.0158016 0.0113815 0.004916906 -0.01213979 0.01270115 0.007720351 -5.977e-4 0.01317179 0.01060736 -0.001805484 0.01539772 0.0126608 0.00249207 0.01820719 0.01562786 0.005433559 0.01838225 0.01731979 0.01018327 0.01851767 0.01704263 0.007607281 0.01755774 0.0179584 0.009859085 0.01732128 0.0174629 0.006882548 0.01732128 0.0174629 0.006882548 0.01755774 0.0179584 0.009859085 0.01679968 0.01604557 0.004901409 0.01679968 0.01604557 0.004901409 0.005123198 0.002587676 0.01142704 0.004471898 0.001352131 0.006628692 0 6.533e-4 0.007288992 0 0.001960456 0.01190829 0.003347158 7.42e-5 -0.003069758 0.007568955 0.001261293 -0.003456532 0.006878972 0.001420259 -0.008381485 0.00287646 6.146e-4 -0.008559167 0 -3.429e-4 -0.002740979 0 -9.21e-5 0.00256294 0.003536105 4.196e-4 0.00217849 0.009935557 0.004226863 0.01089066 0.009085357 0.002507746 0.005995213 0.009746491 0.00371319 -0.004461467 0.01140195 0.004706621 4.683e-4 0.008233785 0.001588284 0.001676261 0.01281869 0.00580126 0.005030453 0 0.01716279 0.0288437 0.003939092 0.01719409 0.02848446 0.004048645 0.01507437 0.02857995 0 0.0149486 0.02885556 0 0.01664495 0.02812588 0 0.01695889 0.02893453 0.003246963 0.01678323 0.02876037 0.003249764 0.01662003 0.02773731 0.006633818 0.0190649 0.0216664 0.008886396 0.01876199 0.0212996 0.006705105 0.0189799 0.0163834 0.009797155 0.01740133 0.01636308 0.01124 0.01774376 0.02099972 0.00342983 0.01953977 0.02248388 0.003355324 0.01981341 0.01641309 0 0.01991105 0.01668179 0 0.01954287 0.02324295 0 0.01772469 0.02689409 0.003670573 0.01758378 0.0262283 0.0038262 0.0175594 0.0273472 0 0.01760399 0.02775168 0 0.01696532 0.02531999 0.003133535 0.01680892 0.02490592 0.003566384 0.01018327 -0.0211122 0.002828598 0.01069927 -0.02409589 0.001748502 0.01117277 -0.02812778 0.002147614 0.0106709 -0.02831834 0.001700997 0.01070111 -0.02906149 0.00323081 0.009641289 -0.02438056 0.002405822 0.00946027 -0.02844119 0.002972364 0.008308589 -0.02460741 0.005477607 0.004402518 0.01593798 0.01026588 0.005709946 0.01507109 0.01188236 0.03112107 0.016173 0 0.02128154 0.02948468 0 0.02393257 0.02895718 0.003178298 0.02374851 0.02855587 0.003206968 0.0210511 0.02907019 0 0.003517389 0.01656359 0.005468904 0.005966842 0.0191558 0 0.005392253 0.01956933 0.005459487 0.008269548 0.02266299 0.01020812 0.007482886 0.01836097 0.004104495 0.01294529 0.0276401 0.00392735 0.01069766 0.02574396 0 0.01059228 0.02602088 0 0.01278758 0.02778506 0.01002407 0.0095492 0.02132165 0 0.007873594 0.02306747 0.01482087 0.009164869 0.00411427 0.01959675 0.01305949 0.01061838 0.01822149 0.01453745 0.01142287 0.01800197 0.01108109 0.009842395 0.01722389 0.01560467 0.01204377 0.0170468 0.01216208 0.01107233 0.016617 0.01332706 0.01173615 0.013848 0.007098793 0.01003289 0.01611232 0.01051259 0.009074866 0.01369327 0.008397161 0.01358509 0.0158531 0.01122623 0.01227766 0.01760286 0.01089882 0.006526768 0.01644426 0.01169759 0.006164968 0.01644426 0.01169759 0.006164968 0.016617 0.01332706 0.01173615 0.01633316 0.01213425 0.008759856 0.01633316 0.01213425 0.008759856 0.01652127 0.01384812 0.004684269 0.01624375 0.01196491 0.005837619 0.01624375 0.01196491 0.005837619 0.01652127 0.01384812 0.004684269 0.01624375 0.01196491 0.005837619 0.007548034 0.01322948 0.0266124 0.007205784 0.0110948 0.024926 0.007267594 0.01483249 0.01998037 0.009042978 0.01554691 0.02004927 0.006550252 0.0162959 0.02307087 0.005314588 0.01522696 0.02253729 0.01047897 0.01502543 0.02542918 0.009120881 0.01676619 0.02634549 0.0102474 0.0169726 0.02534192 0.0117554 0.01639693 0.02420061 0.01292651 0.01328533 0.02143025 0.0104584 0.0134716 0.02474659 0.01278531 0.01465857 0.02301228 0.01462262 0.01435118 0.0202158 0.01082378 0.01662689 0.0232529 0.009375751 0.0170179 0.02454578 0.007887959 0.01689875 0.02393829 0.0106092 0.01613801 0.02139163 0.01160573 0.01645463 0.02224218 0.003517568 0.03177803 0.02327322 0 0.03188848 0.023584 0.007547616 0.03265595 0.0200181 0.006785452 0.03112429 0.02270305 0.009966254 0.03101909 0.01955509 0.01234269 0.02888911 0.01951801 0.01005685 0.02926343 0.02174162 0.003251492 0.02948975 0.02570569 0 0.02964359 0.02576816 0 0.01453953 -0.01229918 0.001865506 0.01406866 -0.01223921 0.006163895 0.02885448 0.0248112 0.01363062 0.009747684 0.01694291 0.01303279 0.01137739 0.01975876 0.01006925 0.01197963 0.02341586 0.01485419 0.01349371 0.01831686 0.01629436 0.01547878 0.01747 0.01296484 0.01640057 0.02082997 0.01215022 0.01630878 0.01943212 0 0.01828879 0.01336413 0.003562152 0.0178616 0.01314949 0.006221652 0.01719576 0.0133816 0.01692527 0.02322202 0.0123775 0.01563268 0.02669245 0.0116164 0.01725167 0.01952505 0.01301729 0.01675647 0.01445657 0.0147804 0.01722389 0.01560467 0.01204377 0.01712363 0.01657038 0.01422488 0.0149495 0.027175 0.01577603 0.01440978 0.02671253 0.01873219 0.006729125 0.01732176 0.02527701 0.003293395 0.01722568 0.02656012 0.008036851 0.02817285 0.02401018 0.0089221 0.03001195 0.02200239 0.006183028 0.0231679 0.02778291 0.006577134 0.0203408 0.02814537 0.01153039 0.02048712 0.0248481 0.01348227 0.02009797 0.0229941 0.01184946 0.01896369 0.02476763 0.009784758 0.01950591 0.02639496 0.01371449 0.01828539 0.02267342 0.01620179 0.02403366 0.01592063 0.01195526 0.02475786 0.02297031 0.01377248 0.02473878 0.02097767 0.01355248 0.02314502 0.02177536 0.0126692 0.0221138 0.0230534 0.0161466 0.0198521 0.01891338 0.01523941 0.01799595 0.02075338 0.01463556 0.02071756 0.0211665 0.0153566 0.02251791 0.01957279 0.01666456 0.02137178 0.01619982 0.005999982 0.002999246 -0.0124495 0.005999982 0.002999246 -0.0124495 0.006495893 0.002120733 -0.01069504 0.006355464 0.00506103 -0.01434749 0.004190087 0.003845155 -0.01596987 0.004152536 0.008942186 -0.02123278 0.003625929 0.007277548 -0.02142679 0.004753351 0.006551146 -0.01878255 0.00527215 0.008576869 -0.01851749 0.004452586 0.009958386 -0.01828277 0 0.001550853 -0.01308673 0.002440989 0.0018453 -0.01305407 0.002078711 0.003127396 -0.01607668 0 0.002638876 -0.01612138 0.004883885 0.002660274 -0.01312685 0.00373131 0.01733279 0.02014559 0.001986563 0.01800549 0.019441 0.002768099 0.01796168 0.0171414 0.004811227 0.01727515 0.0179966 0.002223432 0.01650118 0.02249145 0.002718389 0.01538068 0.02394509 0 0.01664161 0.0231629 0 0.01757013 0.02139359 0 0.01562905 0.02415978 0.007267594 0.01483249 0.01998037 0.005314588 0.01522696 0.02253729 0.004903495 0.01632136 0.0214852 0.006603538 0.01599013 0.01924115 0 0.01658231 0.01198554 0.00387907 0.0160278 0.0118013 0.00343132 0.01751452 0.01426851 0 0.0179131 0.0139175 0.005706489 0.01549625 0.0122165 0.005429089 0.01681989 0.01502877 0.007894873 0.01441138 0.0136848 0.008379042 0.01414608 0.01557838 0.007390618 0.01530539 0.0161395 0.008169889 0.0141462 0.01719248 0 0.01822066 0.01916211 0 0.01825839 0.01661229 0.01277786 0.003731191 -0.0138722 0.01361411 0.002679288 -0.01549935 0.009499192 -0.001293838 -0.01542878 0.007826864 2.97e-4 -0.0174188 0.01062142 -0.001457691 -0.01701897 0.009352564 2.15e-5 -0.01883149 0.005534887 0.001766324 -0.01074868 0.006878972 0.001420259 -0.008381485 0.004883885 0.002660274 -0.01312685 0.006355464 0.00506103 -0.01434749 0.004883885 0.002660274 -0.01312685 0.008085966 0.006439328 -0.01342839 0.009387254 0.006885886 -0.01116806 0.01023221 0.005684196 -0.00886017 0.009552061 0.003405392 -0.007864177 0 2.047e-4 -0.008726179 0.005534887 0.001766324 -0.01074868 0.001767933 0.00436908 -0.01909679 0.003257334 0.005092859 -0.0190199 0.002695739 0.006008446 -0.02168309 0 0.003973186 -0.01930135 0.001446545 0.005342841 -0.0219205 6.17e-4 0.005150437 -0.02196717 0.007771193 0.01523303 0.02753496 0.01049011 0.01554459 0.0171597 0.01033288 0.0159645 0.01506888 0.01318758 0.01623809 0.0191977 0.01400148 0.01645928 0.02027988 0.01094299 0.01597625 0.02385848 0.01187598 0.01617515 0.02450567 0.01262915 0.01636499 0.02265477 0.01196002 0.01600575 0.02221477 0.01675748 0.01782798 0.01691418 0.01546514 0.0123586 0.01575428 0.01559007 0.016828 0.0192427 0.01590067 0.01795184 0.01891595 0.01415973 0.01626658 0.02130758 0.01265823 0.01632088 0.02335417 0.01458585 0.01655411 0.02074307 0.01473581 0.01632845 0.02052557 0.01559007 0.016828 0.0192427 0.001323223 0.006486773 -0.0248571 0.002189636 0.007245004 -0.02473616 0.001998484 0.00864619 -0.02851831 0.001520395 0.008338868 -0.02850031 0 0.01637727 -0.01882779 0 0.0197826 -0.02182805 8.357e-4 0.01552057 -0.02319848 9.824e-4 0.01139509 -0.02088993 0 0.02160888 -0.02628993 0 0.02217996 -0.02865421 0.001138389 0.01762318 -0.02828758 0 0.02206432 -0.03043311 0.001083791 0.01745128 -0.03243851 0 0.02160602 -0.03584969 0 0.02117472 -0.03768557 0.001028299 0.0156024 -0.0374453 0 0.02038782 -0.03979605 0 0.0124225 -0.05044859 0 0.01122099 -0.0511865 1.913e-4 0.01180106 -0.04860299 0 0.01345485 -0.04872041 1.26e-4 0.009983181 -0.04862391 0 0.01003992 -0.05079746 0 0.01794946 -0.04355728 0 0.01686859 -0.04528623 3.704e-4 0.01388829 -0.043765 0 0.01853829 -0.0412442 3.407e-4 0.006762385 -0.04426825 7.402e-4 0.002293825 -0.03748452 0.001408398 0.009786188 -0.0376237 6.606e-4 0.01018357 -0.04398363 0.001297593 0.005401611 -0.03270119 0.001599371 0.009866952 -0.03223377 0.001619637 0.009911775 -0.02963608 0.001577377 0.008877396 -0.02923375 0.001240551 0.00572437 -0.02852731 0.001520395 0.008338868 -0.02850031 0 0.0017699 -0.02082276 0 0.003973186 -0.01930135 6.17e-4 0.005150437 -0.02196717 0 0.01170599 -0.01803958 4.738e-4 0.003174901 -0.02448505 0.001323223 0.006486773 -0.0248571 0.001351535 0.01144599 -0.02382135 0.001347661 0.01350337 -0.02811068 0.001436889 0.01351469 -0.03248125 0.001700997 0.01070111 -0.02906149 0 8.15e-5 -0.0238921 7.427e-4 0.002332687 -0.02862656 0 -0.001212716 -0.02685242 0 -0.002531111 -0.03672301 7.415e-4 0.001873493 -0.0325945 0 0.001872599 -0.04265731 0 -0.001134037 -0.03961098 0.001991987 0.009793877 -0.02921938 0.001619637 0.009911775 -0.02963608 0 0.007518768 -0.04891389 0 -0.001355886 -0.02974665 0 -0.002365887 -0.03230488 0.001748502 0.01117277 -0.02812778 0.001619637 0.009911775 -0.02963608 0 0.02089089 -0.0329445 0 0.003130972 -0.04463171 0 0.01475137 -0.04681718 0 0.004582643 -0.0473442 0 0.01773113 0.02955389 0.003252685 0.01746129 0.02922767 0.006796181 0.01709026 0.02796137 0.0110687 0.01749396 0.02589339 0.01207095 0.01687979 0.02468806 0.0131573 0.01677525 0.02282261 0.01457077 0.01659226 0.02124518 0.01498192 0.01669019 0.02065277 0.01473581 0.01632845 0.02052557 0.009804666 0.017609 0.02623319 0.008174657 0.02353852 0.02598649 0.009192645 0.02187556 0.02595388 0.01458585 0.01655411 0.02074307 0.01522439 0.02416968 0.01895838 0.01091939 0.02739298 0.02224779 0.01266986 0.02659535 0.02119708 0.009671866 0.02615463 0.02404886 0.009869098 0.02425217 0.0248785 0 0.02684086 0.02765548 0.00320667 0.0266692 0.02720838 0.006109297 0.02635973 0.02638936 0.007773697 0.02581757 0.02537792 0 0.01731497 0.02697134 0.006757855 0.01645487 0.02761805 0.00975728 0.01666438 0.02579259 0.009317457 0.01623827 0.02502739 0.006673932 0.01633638 0.02642637 0.008872866 0.01762318 0.02406513 0.01077562 0.01686882 0.02282702 0.0142036 0.01612854 0.02117651 0.01338148 0.01610565 0.0208351 0 0.01695889 0.02893453 0.003246963 0.01678323 0.02876037 0.006757855 0.01645487 0.02761805 0.00975728 0.01666438 0.02579259 0.01096445 0.01683819 0.02576744 0.01187598 0.01617515 0.02450567 0.01262915 0.01636499 0.02265477 0.0142036 0.01612854 0.02117651 0.01458585 0.01655411 0.02074307 0.01415973 0.01626658 0.02130758 0.01473581 0.01632845 0.02052557 0.01403075 0.0163213 0.02028459 0.0117554 0.01639693 0.02420061 0.0102474 0.0169726 0.02534192 0.008453369 0.01699429 0.02550405 0.009120881 0.01676619 0.02634549 0.003939092 0.01719409 0.02848446 0 0.01716279 0.0288437 0.006648004 0.01737785 0.02669489 0.01280593 0.01664698 0.01960659 0.01212173 0.01706308 0.02069616 0.008379042 0.01414608 0.01557838 0.007894873 0.01441138 0.0136848 0.005706489 0.01549625 0.0122165 0.007934153 0.01546645 0.01352089 0 0.01658231 0.01198554 0.00387907 0.0160278 0.0118013 0.008169889 0.0141462 0.01719248 0.002718389 0.01538068 0.02394509 0 0.01562905 0.02415978 0.01094299 0.02269375 0.02450287 0.01407146 0.001297593 -0.0171718 0.01480108 -1.583e-4 -0.0169751 0.001577377 0.008877396 -0.02923375 0.01361399 -6.671e-4 -0.01810789 0.01404577 6.37e-5 -0.01801437 0.01201438 2.827e-4 -0.01952868 0.01221948 2.727e-4 -0.01950138 0.01384013 -6.849e-4 -0.01786488 0.01361399 -6.671e-4 -0.01810789 0.01201438 2.827e-4 -0.01952868 0.01872277 -3.59e-4 0.01461201 0.01652276 2.298e-4 0.01410079 0.02477031 0.002212226 0.01541185 0.02477145 6.88e-5 0.0147174 0.02290588 0.004352331 0.01599276 0.0208078 0.002117276 0.01565223 0.02063089 7.26e-5 0.01511412 0.02270174 -3.59e-4 0.01484376 0.02063089 7.26e-5 0.01511412 0.02674478 -3.594e-4 0.01409792 0.02477145 6.88e-5 0.0147174 0.01476228 -7.98e-5 0.02378618 0.02158468 0.00195086 0.02049577 0.02329957 0.003259599 0.0205875 0.02101969 -1.921e-4 0.02026009 0.02101969 -1.921e-4 0.02026009 0.02496016 0.001997709 0.02025926 0.0255295 -1.928e-4 0.01962137 0.02758407 0.001746892 0.0190553 0.02894508 0.003055155 0.01843553 0.02767378 -2.118e-4 0.01918375 0.03063488 -2.048e-4 0.01746565 0.03055071 0.001740813 0.01754355 0.03063488 -2.048e-4 0.01746565 0.02477145 6.88e-5 0.0147174 0.0260052 -1.651e-4 0.01776558 0.03080189 -1.592e-4 0.01580482 0.0289843 2.53e-4 0.01335388 0.03081303 -1.74e-4 0.01676648 0.02063089 7.26e-5 0.01511412 0.02025759 -1.569e-4 0.01831245 0.01744318 -4.83e-5 0.01173853 0.01652276 2.298e-4 0.01410079 0.01818335 -1.065e-4 0.009177982 0.01939648 1.724e-4 0.006201565 0.02194255 9.85e-5 0.005141377 0.02445 7.8e-5 0.00604856 0.02638775 -4.97e-5 0.007967352 0.01265823 0.01632088 0.02335417 0.007268548 0.01679098 0.0275461 0.007268548 0.01679098 0.0275461 0.008280456 0.01677066 0.02725929 0.008326292 0.0179466 0.02618426 0.008453369 0.01699429 0.02550405 0.009120881 0.01676619 0.02634549 0.008876383 0.01767444 0.0267657 0.006648004 0.01737785 0.02669489 0.007138252 0.0180608 0.02683442 0.007614195 0.01783543 0.02768057 0.008079648 0.0193051 0.02738028 0.008352458 0.01759845 0.02740901 0.008876383 0.01767444 0.0267657 0.009120881 0.01676619 0.02634549 0.008280456 0.01677066 0.02725929 0.008079648 0.0193051 0.02738028 0.007614195 0.01783543 0.02768057 0.009782791 0.01577705 0.02524137 0.009317457 0.01623827 0.02502739 0.00975728 0.01666438 0.02579259 0.01003819 0.01580768 0.02568978 0.01094299 0.01597625 0.02385848 0.01062959 0.01546156 0.02440977 0.0108022 0.01426708 0.02564549 0.0114957 0.01545512 0.02497506 0.01187598 0.01617515 0.02450567 0.01003819 0.01580768 0.02568978 0.01096445 0.01683819 0.02576744 0.01101011 0.0158202 0.0257588 0.0108022 0.01426708 0.02564549 0.00975728 0.01666438 0.02579259 0.0114957 0.01545512 0.02497506 0.01296484 0.01640057 0.02082997 0.01415973 0.01626658 0.02130758 0.01312476 0.0175144 0.0215432 0.01404392 0.01725041 0.02202033 0.01320743 0.0188269 0.02290076 0.01160573 0.01645463 0.02224218 0.01224988 0.01759797 0.02264446 0.01265823 0.01632088 0.02335417 0.01293218 0.01731318 0.02334088 0.01360404 0.01720726 0.02275478 0.01404392 0.01725041 0.02202033 0.01415973 0.01626658 0.02130758 0.01265823 0.01632088 0.02335417 0.01320743 0.0188269 0.02290076 0.01293218 0.01731318 0.02334088 0.01187598 0.01617515 0.02450567 0.006648004 0.01737785 0.02669489 0.008453369 0.01699429 0.02550405 0.007268548 0.01679098 0.0275461 0.008280456 0.01677066 0.02725929 0.009120881 0.01676619 0.02634549 0.007268548 0.01679098 0.0275461 0.007268548 0.01679098 0.0275461 0.007773697 0.02581757 0.02537792 0.008036851 0.02817285 0.02401018 0.008174657 0.02353852 0.02598649 0.009192645 0.02187556 0.02595388 0.01153039 0.02048712 0.0248481 0.01348227 0.02009797 0.0229941 0.01463556 0.02071756 0.0211665 0.0153566 0.02251791 0.01957279 0.01522439 0.02416968 0.01895838 0.01440978 0.02671253 0.01873219 0.01234269 0.02888911 0.01951801 0.01005685 0.02926343 0.02174162</float_array>
          <technique_common>
            <accessor source="#chr582_3-mesh-positions-array" count="1746" stride="3">
              <param name="X" type="float"/>
              <param name="Y" type="float"/>
              <param name="Z" type="float"/>
            </accessor>
          </technique_common>
        </source>
        <source id="chr582_3-mesh-normals">
          <float_array id="chr582_3-mesh-normals-array" count="5226">-0.7690029 0.2915539 0.5688857 0.182047 0.9821689 -0.04693847 0.2729001 0.9374493 0.2161349 0.81764 0.5728455 -0.05755919 0.8067097 0.5086303 -0.3008567 0.3687294 0.833105 0.4122799 0.1261047 0.8588371 0.4964842 0.5170321 0.6323655 0.5768809 0.5811455 0.6575654 0.4794557 -0.1165536 0.9301706 0.3481349 -0.2682892 0.9340835 0.2356037 0.07425242 0.9480385 -0.3093699 0.7190276 0.4425255 -0.5358831 0.9145943 -0.2416802 -0.3242036 0.9745301 -0.2168979 -0.05697882 0.9424986 -0.1287916 0.308398 0.1422181 0.643583 0.7520473 -0.4135347 0.9102342 0.02151596 0.2550466 0.3368678 0.9063507 0.1541241 0.2747987 0.9490689 -0.16987 0.7875484 0.592378 -0.4112823 0.8327275 0.3706912 -0.5654075 0.8024233 0.19087 -0.7087069 0.704892 -0.02935904 -0.5611665 0.8121304 -0.1598013 0.05069184 0.8145493 -0.5778753 0.6413989 0.2828857 -0.7131503 0.8492573 -0.2630448 -0.4577878 0.7319474 -0.6802475 -0.03894275 0.7540106 -0.640845 0.1441733 0.7565067 -0.5109808 0.408162 0.7291167 -0.02282875 0.6840085 0.7038432 0.3199371 0.634228 0.6157555 0.2689658 0.7406096 0.6634652 -0.2975964 0.6864769 0.5123492 -0.6372015 0.5757367 0.4381643 -0.7726854 0.4593141 0.1188418 -0.6896731 0.7143022 0.001129209 -0.7760155 0.6307129 -0.4010807 -0.2873974 0.8697914 -0.3347364 -0.1179573 0.9348998 0.3165137 -0.518062 0.7946262 0.5765675 -0.2773579 0.7685328 0.2929867 -0.3124581 0.9036198 0.3326873 -0.2339584 0.9135549 0.4111836 -0.8607603 0.3000331 0.3088825 -0.928326 0.2068881 -0.1260761 -0.9085048 0.3984017 0.004455804 -0.8687638 0.4952069 -0.8257589 0.5307905 -0.1907452 0.6560936 -0.7366632 -0.1639165 0.751294 -0.2896893 -0.5929903 0.4243687 0.3104712 -0.8505991 -0.2145531 0.7182495 -0.6618797 -0.6853961 0.6858233 -0.2447015 -0.2782761 0.9357256 0.216749 -0.1883655 0.9788782 0.07947242 0.3820741 0.8298264 0.4067034 0.203319 0.9627594 -0.1782017 0.5208334 0.802308 0.2916069 0.7743104 0.6044998 0.1871456 0.7410805 0.5984618 -0.3043735 0.9825907 -0.1181086 -0.1434089 0.8468353 -0.4600096 0.2669478 0.6396585 -0.4125933 0.6485397 -0.6968249 -0.5460883 0.4649975 -0.6422782 -0.5428464 0.5411068 -0.620764 -0.3793558 0.686106 -0.8034669 0.04413008 0.5937116 -0.6223133 0.2139383 0.7529653 -0.5022556 0.3069017 0.8084248 -0.1917542 0.0741319 0.9786393 0.4877523 0.7647719 0.420977 0.9395177 0.2175748 0.264514 0.8812819 0.06836372 0.4676202 0.7699093 0.3869231 0.5074743 0.5122754 0.4221808 0.7478885 0.4789015 0.668454 0.5690541 -0.3956804 0.5412872 0.7419199 -0.9398764 -0.1659036 0.2985106 -0.8968132 -0.1356283 0.421107 0.3119659 0.9319913 0.1845793 0.4157602 0.904186 -0.09793537 -0.2766851 0.8741248 0.3991883 -0.1354749 0.8238673 0.5503538 -0.724954 0.5499262 0.4147565 -0.8967261 0.4041097 0.1804928 -0.6988357 -0.3260704 -0.636637 -0.8486219 -0.2179999 -0.4819926 -0.7032813 -0.108129 -0.7026404 -0.8364081 -0.5282866 -0.1460646 -0.7073635 -0.4902836 -0.5091748 0.07660263 -0.654571 -0.7521097 -0.04516798 -0.8951503 -0.4434703 -0.04474097 -0.9941896 -0.09790521 0.857745 -0.07480281 -0.5086042 0.9437481 -0.1597685 -0.289506 0.7295296 -0.229687 -0.6442286 0.7747172 -0.4898251 -0.399856 0.8412596 -0.5401884 0.02188217 -0.01229923 -0.9959644 0.08890247 -0.9089316 -0.411647 0.06625777 -0.9553321 -0.2635914 -0.1336421 -0.9823955 -0.1221662 0.1413319 0.8732515 -0.4039242 0.2725382 0.9235399 -0.1185974 0.3647038 0.9710372 -0.2219679 0.08841478 -0.9292732 -0.3509075 -0.1153923 -0.7326723 -0.6674836 -0.1328802 -0.5995175 -0.7352359 -0.3162391 -0.3832935 -0.3069034 -0.8711466 -0.3611011 -0.7197301 -0.5929541 -0.4745793 -0.804801 -0.3564686 -0.233533 -0.9149662 -0.3290888 -0.2916075 -0.8831847 -0.3673553 -0.7465072 -0.6377052 -0.1898924 -0.8930574 -0.4425306 0.08133405 -0.7982971 -0.3420619 0.4956969 -0.7836485 -0.1977051 0.5889038 -0.4909234 -0.1404774 0.8598026 -0.4653213 0.1513431 0.8721074 -0.7884935 0.02002054 0.6147173 -0.7344865 0.2418989 0.6340463 -0.9434328 0.102971 0.3151693 -0.9444549 -0.1684063 0.2822133 -0.9492446 0.07233095 0.3061094 -0.9091383 -0.3395268 0.2412242 -0.9675975 -0.1437433 0.2075886 -0.8449796 -0.520471 0.1229611 -0.2505627 -0.9643458 -0.08517909 -0.6038752 -0.7967234 0.0238046 0.04934942 -0.8546576 -0.5168414 0.598211 -0.4311172 -0.6754862 -0.5218517 -0.1732588 0.8352558 -0.356888 0.4348027 0.8267875 -0.04800683 -0.8341536 0.549439 -0.1418249 -0.8730154 0.4666153 0.4121346 -0.773668 0.4812307 0.3951 -0.7121018 0.5803508 0.8347738 -0.486575 0.2576775 0.9131382 -0.407433 -0.01330637 -0.7720833 -0.4188501 -0.4779665 -0.8840132 -0.2083227 -0.4184764 0.06634843 -0.6225888 -0.7797314 0.02044802 -0.923032 -0.3841795 -0.7884426 -0.4880995 -0.3743225 0.01153612 -0.8486099 -0.5288934 0.843638 -0.4871755 -0.2256883 0.8268507 -0.4467979 -0.3415989 0.953104 -0.1794204 -0.2437236 -0.9240689 -0.208387 -0.320424 0.9656608 -0.2042045 -0.160623 0.2100623 0.974289 0.08145523 0.2401542 0.962509 -0.1261046 -0.1385264 0.9143542 0.3804824 -0.1005285 0.8685619 0.4852777 -0.4896296 0.5962964 0.6361553 -0.6351344 0.4872385 0.5993354 -0.9309781 0.3242935 -0.1676706 -0.5742464 0.4872061 -0.6579297 -0.6821981 0.7218427 -0.1164006 0.9569472 -0.1699591 -0.2352998 0.2603591 -0.03537172 -0.9648637 0.262341 0.1455755 -0.9539313 -0.7113888 0.1303449 -0.6906057 -0.986167 0.1497272 -0.07110971 -0.9923396 -0.03286939 -0.1190868 0.2030756 -0.02490377 -0.9788464 -0.1751232 0.7736488 -0.608933 -0.5407065 0.8366804 -0.08719295 -0.3434344 0.769088 -0.539033 -0.7437781 0.6628112 -0.08646023 -0.3049182 0.6564698 -0.68998 -0.4884355 0.8591264 -0.1527505 0.1216493 0.4179596 -0.9002841 0.5222436 1.52596e-4 -0.8527964 0.548393 -0.1453612 -0.8234897 0.4735432 0.04642039 -0.8795465 -0.8311679 0.5530438 -0.05746817 0.812475 -0.5405818 -0.2183019 0.5584996 -0.7419195 -0.3709902 0.7995687 -0.5284375 -0.2853837 0.7950244 -0.4807685 -0.3698619 0.589665 -0.6696563 -0.4515037 0.496277 -0.8394379 -0.2214797 0.5865484 -0.7635292 0.2701559 0.4883116 -0.7618882 0.425533 0.4943219 -0.3831399 0.7802882 0.4316366 -0.349051 0.8317773 0.2407352 0.2107349 0.9474373 0.3618348 0.2158618 0.9069065 0.345572 0.5838986 0.7346037 0.07159739 0.5349664 0.8418342 0.08435559 0.07880109 0.993315 -0.1451804 0.4491527 0.8815808 -0.0279861 -0.0972647 0.994865 -0.3349162 0.2953635 0.8947579 0.03155648 -0.1206105 0.9921983 0.02438443 -0.03128165 0.9992131 0.6402873 -0.4042844 0.6531358 0.7511869 -0.1793888 0.6352464 0.9738919 -0.082798 -0.2113746 0.27211 0.006714224 -0.9622428 -0.8023044 -0.00125122 -0.596914 -0.9906397 -0.05740582 -0.1238452 -0.8716456 -0.09723263 -0.4803954 0.1177721 -0.07919627 -0.9898777 0.1697786 -0.1742039 -0.969963 0.9638239 -0.1027883 -0.2459229 0.9547047 -0.1224434 -0.2711945 0.8057847 -0.06057953 0.589102 0.780235 -0.1839725 0.597819 -0.02700972 -0.127144 0.9915165 -0.4725 0.1040098 0.8751718 -0.06045764 -0.07391637 0.9954302 0.4565975 -0.7130806 0.5320103 0.6031538 -0.5524917 0.5752897 0.773047 -0.5816317 0.2531859 0.5544436 -0.3250302 0.7661252 -0.5354255 -0.0418415 0.8435454 -0.5126835 -0.08908402 0.8539436 -0.5226964 -0.03961342 0.851598 -0.03155618 -0.04525905 0.9984768 0.8040656 0.02310317 0.5940917 0.8576313 -0.295796 -0.4206822 0.9518644 -0.2515701 -0.1751194 0.8612936 -0.4431141 0.2486431 0.7720432 -0.4161288 0.4804021 0.3885966 -0.5849549 0.7119133 0.2903941 -0.652601 0.6998453 0.03738611 0.9596495 -0.2787024 0.001098632 0.8854771 -0.4646817 -0.2017934 0.9758231 0.0839585 -0.08291971 0.9843555 0.155463 -0.5181849 0.6992856 0.4924267 -0.7758288 0.3983978 0.4892534 0.8777876 -0.4087105 -0.2498896 0.8916136 -0.4508882 -0.04153639 0.6763691 -0.6844567 0.2721102 0.68894 -0.6300685 0.3582952 0.3287281 -0.7728818 0.542763 0.2021882 -0.8227 0.5313048 -0.7439681 -0.6191748 -0.2512651 -0.3806645 -0.5331683 -0.7555304 0.1741746 -0.9282799 -0.3285725 0.07333624 -0.9972265 0.01269572 0.8180528 -0.5032715 0.2784016 0.8849736 -0.4402436 -0.1516819 0.8512009 -0.1707224 -0.4962973 0.9797629 -0.1115787 -0.1661778 0.932705 -0.229842 0.2779101 0.8505094 -0.2808073 0.4447259 0.7572422 -0.5282872 0.3840535 0.08371502 -0.9884665 0.1261982 -0.8229849 -0.554262 -0.1244579 -0.9039519 -0.2995777 -0.3051627 -0.6489852 -0.2545585 -0.7169508 -0.06225836 -0.2753408 -0.9593287 0.1897959 -0.7705367 -0.6084824 0.8430619 0.01181089 -0.537687 -0.2615213 -0.1336448 -0.9559004 -0.9665058 -0.2220256 -0.1287291 0.844796 -0.5321595 0.05591076 0.7603222 -0.3067169 -0.5725687 0.7411932 -0.1614474 -0.6515884 -0.3304914 -0.5773911 0.746589 -0.7529131 -0.4399673 0.4894393 -0.2212923 -0.6139482 0.7576922 0.7608432 -0.6161212 0.203746 0.3852717 -0.8276445 0.4081304 -0.7400417 -0.4718345 0.4792814 -0.843638 -0.4871755 -0.2256883 -0.9656608 -0.2042045 -0.160623 -0.953104 -0.1794204 -0.2437236 -0.06634843 -0.6225888 -0.7797314 0.8840132 -0.2083227 -0.4184764 0.7720833 -0.4188501 -0.4779665 0.7884426 -0.4880995 -0.3743225 -0.01153612 -0.8486099 -0.5288934 -0.02044802 -0.923032 -0.3841795 -0.8268507 -0.4467979 -0.3415989 0.9240689 -0.208387 -0.320424 0.1789051 0.9792477 -0.09522074 0.04150629 0.9945642 0.09549498 0.207898 0.9780545 -0.01370316 0.009705126 0.9904431 -0.137581 -0.02249234 0.9992156 -0.03259402 -0.1325739 0.9892995 -0.06091564 -0.03869849 0.9978292 -0.05328673 -0.2886545 0.9567899 0.03509753 -0.003570675 0.9998332 -0.01791465 -0.2510195 0.9678825 0.01388615 0.01739591 0.9986779 0.0483728 -0.1605933 0.9757984 0.1484161 -0.1524124 0.9605889 0.232464 0.1200004 0.9687017 -0.2172948 0.1504589 0.9557347 -0.2528504 0.329174 0.8791503 0.3445859 -0.216472 0.9762148 0.01202452 -0.2719597 0.9257192 -0.2628344 0.2450115 0.953952 0.1730462 -0.1052282 0.9888032 0.105808 0.188059 0.8948828 0.4047451 0.2375327 0.7917658 0.5627479 0.1494832 0.9525661 0.26509 0.2573647 0.8787572 0.4019321 0.3535021 0.7690799 0.5324963 0.6119456 0.642282 0.4615153 0.5348736 0.8240092 0.1868669 -0.3567634 0.6364367 0.6838628 -0.321704 0.1337966 0.9373394 -0.09872782 -0.962528 0.2525724 0.4112136 0.8746758 -0.2566041 0.4898318 0.7668234 -0.4147853 0.1811935 0.9614522 0.2068299 0.3049455 0.9440736 0.1254329 0.3138905 0.9026374 -0.2944803 0.5484569 0.825661 0.1322083 -0.272113 0.8986811 -0.3439868 -0.002807736 0.9915964 -0.1293399 0.08356195 0.986477 0.1409994 0.1496061 0.8592126 0.4892565 0.1233293 0.9561763 0.2655503 0.1211623 0.9634085 -0.2390896 0.13828 0.7379415 -0.6605461 0.3726135 0.6254987 -0.6855002 0.5364711 0.1668499 -0.8272605 0.7513686 -0.003448545 -0.6598737 0.8482319 -0.3282386 -0.4156467 -0.3681817 -0.7758857 0.5122927 0.08881062 -0.9956865 0.02685678 0.06381481 -0.9079038 -0.4142927 0.01519846 0.9841793 -0.1765223 -0.1632153 -0.9863113 -0.02346903 -0.2298424 -0.9731755 -0.01010191 -0.1106925 -0.9837804 0.1411504 0.03738552 -0.9860633 0.162116 0.1312609 -0.9699153 0.2050247 0.09082514 -0.9835122 0.1563804 0.438229 -0.8987066 -0.01678568 0.5978714 -0.7893489 -0.1395643 0.6023234 -0.359453 -0.7127413 0.4023728 0.3770414 -0.8342278 0.1739589 0.571501 -0.8019508 0.03497487 0.6175231 -0.7857748 0.03244137 0.7775254 -0.6280143 0.009888052 0.9819738 -0.1887589 0.06463921 0.9466078 0.3158411 0.07797586 0.8622824 0.5003887 0.04763972 0.996681 0.06601202 0.03097677 0.9317755 -0.3617112 0.2259344 -0.8397998 0.4936497 0.2809256 -0.9168766 0.2835808 0.005249261 -0.9736522 0.2279779 0.03439497 -0.9587269 0.2822406 -0.03848493 -0.993315 0.1088322 -0.128728 -0.991676 -0.002777159 -0.04809802 -0.9988278 -0.005462884 -0.1478951 -0.9829563 -0.109197 -0.07129305 -0.9834535 -0.1665437 -0.03317391 -0.9709559 -0.236948 -0.2279499 -0.8713307 -0.4345362 -0.09442555 -0.9420278 -0.3219747 -0.02829104 -0.9654673 -0.2589839 -0.004791378 -0.990055 0.1405993 0.1399613 -0.771405 0.6207619 0.3664441 -0.7014229 0.6113303 0.3478026 -0.842588 0.411192 0.4815346 -0.8569533 0.1837266 -0.02679604 -0.9268751 -0.3744124 0.02066135 -0.7941354 0.6073895 0.2072259 -0.6026339 0.7706426 -2.13632e-4 -0.6555764 0.755129 0.6533886 -0.4689602 -0.5942726 0.05453747 -0.9200879 -0.387897 -0.2816923 -0.9594935 0.004669427 -0.5553668 -0.7882626 -0.2649719 -0.2680834 -0.8045861 -0.5298799 -0.6505519 -0.7193732 -0.2434839 -0.2798349 -0.9095473 -0.3072721 -0.3784071 -0.8617696 -0.3378776 -0.8586209 -0.5101857 -0.04980695 -0.8966622 -0.3555519 0.2637798 -0.7581524 -0.2263287 0.6115393 -0.6214254 -0.1758192 0.7634907 -0.424793 -0.08075308 0.9016817 -0.3900628 -0.07028514 0.9181019 -0.3490487 0.1089842 0.9307457 -0.5925812 0.04489296 0.8042588 -0.490354 0.4035876 0.7724442 -0.8955091 0.05447578 0.4416966 -0.8962685 -0.1806454 0.4050558 -0.8961313 0.06259459 0.4393525 -0.8597539 -0.3507256 0.3712344 -0.8735739 -0.2256264 0.4312325 -0.7865017 -0.5472033 0.286328 -0.6648344 -0.738844 0.1100224 -0.2777265 -0.1802476 -0.9435988 -0.9463547 -0.3140375 0.07611364 -0.7611168 -0.6452966 -0.06552457 -0.3100417 0.3927175 0.8658218 -0.2204119 -0.8424606 -0.4916083 -0.1866227 -0.9610078 -0.2040489 -0.312331 -0.9052534 -0.288038 -0.4527449 -0.7814007 -0.4294591 -0.6617489 -0.7266023 -0.1847635 -0.2247704 -0.9741578 0.02224814 -0.08722251 -0.9868841 -0.1358388 -0.1175896 -0.991043 0.06329637 -0.2532817 -0.922026 0.292774 -0.1438975 -0.9215244 0.3606748 -0.1293408 -0.8347339 0.5352479 -0.2372519 -0.8504937 0.4694379 -0.4725345 -0.8052589 0.3581472 -0.5057752 -0.847201 0.1626098 -0.6495723 -0.7358809 0.1911422 -0.7067926 -0.7071893 0.01809781 -0.7574177 -0.6527684 0.01455748 -0.7962637 -0.5980141 -0.09134244 -0.7454001 -0.6055613 -0.278701 -0.5029605 -0.6896783 -0.5209364 -0.2406164 -0.7763571 -0.5825578 -0.1737788 -0.8031548 -0.5698627 -0.1718813 -0.9014922 -0.397201 -0.4391373 -0.896586 -0.0573756 -0.119513 -0.6965392 -0.7074955 -0.6778594 0.5729042 0.4607466 -0.852067 0.02182126 0.5229779 -0.7655318 0.4090588 0.4966205 -0.5042402 0.7415585 0.4425302 -0.7984967 0.4072748 0.4433176 -0.5489138 0.7239705 0.4178044 -0.8405154 0.3998254 0.3656139 -0.645905 0.6716631 0.3628714 -0.7101852 0.631842 0.3105039 -0.3718481 0.8561296 0.3588469 -0.3375764 0.8658998 0.3691336 -0.2633525 0.8802425 0.3947387 -0.1910806 0.9133174 0.3596382 -0.3759073 0.823993 0.4239448 -0.2106139 0.9321216 0.2946032 -0.1694093 0.9676564 0.186927 -0.3505412 0.9255498 0.1431035 -0.4941678 0.8685171 0.03842371 -0.7995128 0.593752 0.09076422 -0.189861 0.9815948 0.02060055 -0.1304684 0.9912851 0.01821976 -0.1440198 0.9715766 0.1878758 -0.1364828 0.9328564 0.3333941 -0.2248042 0.9069688 0.3561893 -0.2422018 0.9010846 0.3597013 -0.2301124 0.9065943 0.3537445 -0.6219412 0.7174953 0.3136715 -0.5010887 0.7707531 0.3935098 -0.1582704 0.9814844 -0.1078839 -0.2005686 0.9742469 -0.1030309 -0.4831712 0.8744813 -0.04275661 -0.2190368 0.9581221 -0.1844584 -0.1679479 0.9645944 -0.2033504 -0.09329694 0.7791839 -0.619813 -0.2411604 0.7687714 -0.592311 -0.1203674 0.8303647 -0.5440647 -0.2489782 0.8350751 -0.4905707 -0.1693204 0.8984239 -0.4051728 -0.2539782 0.8896868 -0.3794108 -0.1555867 0.940265 -0.3028112 -0.2383528 0.9258835 -0.2931343 -0.4923028 0.8603015 -0.1323611 -0.7953546 0.5981105 0.09836256 -0.7905597 0.6088201 0.06598168 -0.9159992 0.3611931 0.1745995 -0.9370355 0.1811628 0.2985708 -0.9358096 0.1043145 0.3367181 -0.9234893 0.2135143 0.318715 -0.9043072 0.3656171 0.2203468 -0.8819534 0.4276701 0.1981328 -0.763769 0.6444396 0.03680592 -0.7392364 0.659978 -0.1340098 -0.4949353 0.8371205 -0.2329556 -0.7430264 0.6192091 -0.2539523 -0.4877048 0.8071545 -0.3326342 -0.7425043 0.5644851 -0.3606162 -0.4795167 0.7400891 -0.4715207 -0.7103999 0.4924914 -0.5027765 -0.5110808 0.6490902 -0.5634523 -0.6838009 0.5135984 -0.5182982 -0.5687047 0.5850633 -0.5781659 -0.5868563 0.4847691 -0.6485359 -0.3664454 0.6489017 -0.6668165 -0.3954461 0.5112385 -0.7630581 -0.1579658 0.686706 -0.7095646 -0.1671209 0.5225124 -0.836093 -0.06332683 0.6847237 -0.7260463 -0.05893206 0.5318841 -0.8447642 -0.8077803 0.4505844 -0.3800852 -0.8467363 0.4407033 -0.2980241 -0.8831274 0.4297376 -0.1881799 -0.9240154 0.3818808 -0.01904368 -0.9114636 0.1751206 0.3722458 -0.947279 0.1090443 0.3012835 -0.9131445 0.228042 0.3378818 -0.9277594 0.3152959 0.1996274 -0.9896212 0.1405417 0.02996999 -0.9553501 0.285723 -0.07529145 -0.9416453 0.2771771 -0.1909903 -0.9076597 0.2416173 -0.3431839 -0.7956935 0.3917734 -0.4619368 -0.7401941 0.2906391 -0.6063347 -0.6337923 0.1398695 -0.7607522 -0.4345977 0.1756702 -0.8833259 -0.1735326 0.1794227 -0.9683461 -0.0731548 0.2268195 -0.9711856 -0.07468026 -0.01886081 -0.9970293 -0.1786268 -0.053469 -0.982463 -0.2709789 -0.07599252 -0.959581 -0.5735231 0.04327666 -0.8180456 -0.654266 -0.0390948 -0.7552534 -0.639132 -0.1100826 -0.7611781 -0.6859209 0.01513755 -0.7275187 -0.733715 0.08261579 -0.674416 -0.8194091 0.1076105 -0.5630176 -0.8283832 0.1172243 -0.5477589 -0.8932448 0.1634929 -0.4187886 -0.9651953 0.04562592 -0.2575197 -0.9893841 0.07022339 -0.1272322 -0.9942545 -0.05453777 -0.09210693 -0.9885438 0.1276308 -0.08057039 -0.9983431 -0.05441564 -0.01870822 -0.9805619 -0.1774405 0.08374553 -0.9916146 -0.01803654 0.127965 -0.9568247 -0.08685642 0.2773851 -0.9134357 0.02459836 0.4062393 -0.9032288 0.1152727 0.4133885 -0.879485 -0.0256356 0.4752357 -0.857329 -0.09179997 0.5065174 -0.8834355 -0.08713191 0.4603801 -0.7972967 -0.3248212 0.5087329 -0.8517072 -0.2328941 0.4694201 -0.9046153 -0.1876922 0.3826785 -0.9463479 -0.1157298 0.3017156 -0.893119 0.3569241 0.2737588 -0.6951206 0.5830821 0.4205028 -0.6887655 0.4310888 0.5828931 -0.8156843 -0.00891155 0.5784287 -0.7508719 -0.04217797 0.6590997 -0.7700942 -0.4259277 0.4749112 -0.835654 -0.4645676 0.2930176 -0.692149 -0.6954451 0.1930961 -0.7262313 -0.6810021 0.09393763 -0.4129879 -0.9104838 0.0214551 -0.3972688 -0.9173775 0.02441537 -0.1925166 -0.9812611 0.007996082 -0.2316126 -0.9623108 0.1425261 -0.418116 -0.8974846 0.1403588 -0.2508674 -0.9137737 0.3195049 -0.4283683 -0.8458412 0.3178886 -0.2255071 -0.7725657 0.5935394 -0.3888463 -0.6775284 0.6243028 -0.1800328 -0.5275246 0.8302446 -0.2863292 -0.5176633 0.8062509 -0.3229796 -0.4049834 0.8553787 -0.5553026 -0.3131607 0.7704346 -0.6662143 -0.3475277 0.6598357 -0.8443396 -0.09756934 0.5268501 -0.8390913 -0.2133893 0.5003907 -0.8712095 -0.2886839 0.3970586 -0.9056615 -0.387382 0.1723732 -0.970261 -0.2353627 -0.05655175 -0.8881815 -0.4592737 -0.01419109 -0.9392624 -0.2791907 -0.1995963 -0.8543369 -0.491153 -0.1699334 -0.8345224 -0.4937123 -0.2445824 -0.686307 -0.6369276 -0.3511494 -0.6880229 -0.6911053 -0.2213551 -0.5814483 -0.6891499 -0.4324239 -0.4674353 -0.8549097 -0.2250196 -0.4156714 -0.7956659 -0.4406056 -0.1949244 -0.9526485 -0.2333782 -0.1852816 -0.8764485 -0.4444196 -0.09283822 -0.9672331 -0.2363072 -0.09445804 -0.8870208 -0.4519643 -0.1840903 -0.7525668 -0.6322611 -0.07095712 -0.7624614 -0.6431313 -0.1910812 -0.5898768 -0.7845594 -0.06961464 -0.6102958 -0.7891089 -0.2041453 -0.4454939 -0.8716995 -0.1437453 -0.4815009 -0.8645775 -0.2134191 -0.2992385 -0.9300046 -0.1366031 -0.3020161 -0.9434648 -0.1334916 -0.1084047 -0.9851033 -0.2040202 -0.111883 -0.9725524 -0.07889163 0.2924636 -0.9530169 -0.169136 0.278638 -0.9453856 -0.02438467 0.6167897 -0.7867502 -0.1319645 0.5586214 -0.8188576 -0.3973276 0.2622502 -0.8794065 -0.3779249 0.4576728 -0.8048034 -0.3037575 0.4186318 -0.8558498 -0.3592706 0.2154036 -0.9080341 -0.4537292 0.2981117 -0.8397973 -0.5448935 0.05786478 -0.8365064 -0.7820817 0.215373 -0.5847759 -0.7060918 -0.0940296 -0.7018496 -0.7709181 0.082982 -0.6315058 -0.7678376 -0.03271675 -0.6398087 -0.8625945 0.07584017 -0.5001791 -0.8371808 -0.1084053 -0.5360752 -0.9239966 -0.06509727 -0.3768194 -0.9143627 -0.173442 -0.3658671 -0.9687839 -0.1363921 -0.2070145 -0.9193912 0.1316598 -0.3706558 -0.9257932 -0.2462576 -0.2868174 -0.7636886 -0.1398401 0.6302576 -0.713966 -0.2451606 0.6558574 -0.7308134 0.40322 -0.55075 -0.654941 0.524258 -0.5442481 -0.8181661 0.4092051 -0.4039252 -0.7195795 0.607666 -0.3360764 -0.6130979 0.5992727 -0.5147654 -0.52152 0.7343336 -0.4344779 -0.8079161 0.3467642 -0.4764727 -0.5077154 -0.3562186 0.7844319 -0.6167369 -0.5286273 0.5832571 -0.6602804 -0.673251 0.3328106 -0.7018821 -0.6737433 0.2311529 -0.7582011 -0.637862 0.1351413 -0.9670475 -0.1444757 0.2096332 -0.9266816 0.1017811 0.3618038 -0.6975835 -0.3860408 0.6036141 -0.7078362 -0.51239 0.4862349 -0.7444602 -0.6195442 0.2488858 -0.7388415 -0.6738049 0.0100103 -0.5040841 -0.8634161 0.0202952 -0.2304466 -0.9730582 0.007232904 -0.1071841 -0.9942001 -0.008820056 -0.1298583 -0.9471261 0.2934095 -0.2595384 -0.918181 0.2993053 -0.5270689 -0.797226 0.2943284 -0.5000852 -0.681643 0.5341139 -0.4965474 -0.5198336 0.6951358 -0.4032168 -0.468558 0.7860469 -0.1534826 -0.430783 0.8893082 -0.1474699 -0.5166941 0.8433741 -0.2194669 -0.7714763 0.597209 -0.634037 -0.1485981 -0.7588912 -0.5192884 -0.1228408 -0.8457244 -0.4177498 -0.09406083 -0.9036802 -0.4335224 -0.2727788 -0.8588656 -0.4287901 -0.4083425 -0.8058508 -0.402455 -0.537746 -0.7408504 -0.383538 -0.6697494 -0.6358729 -0.5249325 -0.5986672 -0.6050152 -0.5503805 -0.6155692 -0.5640531 -0.5042397 -0.4812282 -0.7170507 -0.5758438 -0.3444136 -0.7414736 -0.5989983 -0.3261271 -0.731329 -0.5497153 -0.2744304 -0.7889873 -0.08249318 -0.4466169 0.8909144 -0.2042664 -0.4905081 0.8471581 -0.2664304 -0.6116608 0.7449066 -0.2740321 -0.7863278 0.5537102 -0.1464938 -0.8214032 0.5512136 -0.1278747 -0.6429443 0.7551628 -0.1165216 -0.493157 0.8621016 -0.9964791 0.04690784 0.06949198 -1 0 0 -0.9951669 0.07852566 0.05896288 -0.9734975 -0.1158504 -0.1971837 -0.9817498 -0.1588537 -0.1045596 -0.9844913 -0.1306836 -0.1170415 -0.9725289 -0.2156496 -0.08765149 -0.9874697 -0.1512517 -0.04501533 -0.9696996 -0.2436609 -0.01767027 -0.9667257 -0.2511118 0.04883068 -0.9853843 -0.1671808 0.03268539 -0.9545179 -0.2971042 0.0249952 -0.976046 -0.2159869 0.02615523 -0.9885923 -0.1190534 0.09225803 -0.982451 -0.179027 0.0523408 -0.9814983 -0.157174 0.1093504 -0.9832522 -0.1311389 0.1265611 -0.9909353 -0.09451866 0.09546476 -0.9950793 -0.09256482 0.03534126 -0.9935362 -0.08511662 0.0751065 -0.9908768 -0.1002871 0.09003251 -0.9958077 -0.04284876 0.08081454 -0.9914056 -0.1095932 0.07144469 -0.9943206 -0.07126265 0.07904511 -0.9975326 -0.001373291 0.07019287 -0.9957126 0.04226875 0.0822792 -0.9979149 0.02719253 0.05853569 -0.9909836 0.08487343 0.1036732 -0.986918 0.1121872 0.1157884 -0.9890888 0.1274166 0.07394742 -0.9835341 0.1482 0.1034287 -0.986172 0.1626986 0.03152644 -0.9860324 0.1662359 -0.01028484 -0.984885 0.1699614 -0.03338795 -0.9812374 0.1898263 -0.03375363 -0.9845674 0.1672431 -0.05154627 -0.9838532 0.1713663 -0.05163878 -0.9811846 0.1758197 -0.07977652 -0.9880988 0.1384974 -0.06692922 -0.9846742 0.1375809 -0.1071837 -0.9777371 0.1746907 -0.1162468 -0.9775511 0.1197257 -0.1733779 -0.9937536 0.1108443 0.01293992 -0.9757524 0.2120763 -0.05414062 -0.9898933 0.1387102 -0.0295121 -0.9970707 0.07587134 0.009674668 -0.9982457 0.05191278 0.02847421 -0.9943209 0.106421 7.32465e-4 -0.9458494 -0.05398833 -0.3200848 -0.9741694 -0.09418189 -0.2052409 -0.9885881 -0.120369 -0.09058189 -0.9937811 -0.1055642 -0.03543221 -0.9844993 -0.1696581 0.04446697 -0.9956416 -0.06357038 0.06823974 -0.9971447 -0.07287913 0.01977622 -0.9987629 0.01934897 0.04580891 -0.9997234 0.01123112 0.02066159 -0.996472 0.01059001 0.08325546 -0.9943455 0.004089534 0.1061152 0.318104 -0.06671547 -0.9457056 0.7715265 -0.07886171 -0.6312906 0.3473662 -0.3861557 -0.8545294 0.0458703 -0.2026779 -0.9781706 -0.3813613 -0.5718283 -0.7263444 0.08294951 -0.06137287 -0.9946622 -0.8824138 -0.4700774 0.01931822 -0.9888569 -0.134163 -0.06451785 -0.9702333 -0.04840332 -0.2372861 -0.8981989 -0.3350354 -0.2845878 -0.2875206 -0.8569158 -0.427817 0.7099732 -0.4822983 -0.5131535 0.9314191 -0.04291015 -0.3614098 0.8006377 -0.5192822 -0.2988734 -0.09140527 -0.9958139 0 -0.1337646 -0.955701 0.2621883 -0.6383708 -0.5484306 0.5400989 -0.775493 -0.484706 0.4045625 -0.7459582 -0.3156634 0.5864326 -0.9312974 -0.2434222 0.2709811 0.8297803 0.01388609 0.5579174 0.8930574 -0.4425306 0.08133405 0.4745793 -0.804801 -0.3564686 0.6038752 -0.7967234 0.0238046 0.9444549 -0.1684063 0.2822133 0.9091383 -0.3395268 0.2412242 0.7836485 -0.1977051 0.5889038 0.7884935 0.02002054 0.6147173 0.9292732 -0.3509075 -0.1153923 0.3832935 -0.3069034 -0.8711466 0.3611011 -0.7197301 -0.5929541 0.5995175 -0.7352359 -0.3162391 0.233533 -0.9149662 -0.3290888 0.2916075 -0.8831847 -0.3673553 0.7465072 -0.6377052 -0.1898924 0.7982971 -0.3420619 0.4956969 0.4909234 -0.1404774 0.8598026 0.4653213 0.1513431 0.8721074 0.7344865 0.2418989 0.6340463 0.9434328 0.102971 0.3151693 0.9492446 0.07233095 0.3061094 0.9675975 -0.1437433 0.2075886 0.8449796 -0.520471 0.1229611 0.2505627 -0.9643458 -0.08517909 -0.04934942 -0.8546576 -0.5168414 -0.598211 -0.4311172 -0.6754862 0.356888 0.4348027 0.8267875 0.7326723 -0.6674836 -0.1328802 0.5218517 -0.1732588 0.8352558 0.1506416 -0.9460578 -0.2868479 -0.6409109 -0.5338788 -0.5515496 0.2310892 -0.869545 -0.436451 0.8817276 -0.4324558 0.1885165 0.9385702 -0.3365901 0.07611346 0.9420157 -0.04718315 0.3322355 0.9822956 -0.04532122 0.1817732 0.3415737 -0.6407254 -0.6876034 -0.5823782 -0.4827311 -0.6540691 -0.792484 -0.303022 -0.5292891 -0.7063083 -0.332813 -0.6247913 0.8364081 -0.5282866 -0.1460646 0.9089316 -0.411647 0.06625777 0.01229923 -0.9959644 0.08890247 0.04474097 -0.9941896 -0.09790521 0.7073745 -0.4902912 -0.5091522 0.04516798 -0.8951503 -0.4434703 -0.8412596 -0.5401884 0.02188217 -0.8732515 -0.4039242 0.2725382 -0.9235399 -0.1185974 0.3647038 -0.9710372 -0.2219679 0.08841478 -0.9437481 -0.1597685 -0.289506 -0.7747172 -0.4898251 -0.399856 -0.07660263 -0.654571 -0.7521097 0.6988357 -0.3260704 -0.636637 0.8486219 -0.2179999 -0.4819926 0.9553321 -0.2635914 -0.1336421 0.9823955 -0.1221662 0.1413319 0.7032813 -0.108129 -0.7026404 -0.857745 -0.07480281 -0.5086042 -0.7295296 -0.229687 -0.6442286 -0.7410805 0.5984618 -0.3043735 -0.751294 -0.2896893 -0.5929903 -0.4243687 0.3104712 -0.8505991 -0.203319 0.9627594 -0.1782017 0.2145531 0.7182495 -0.6618797 0.6854581 0.6857938 -0.2446102 0.1883655 0.9788782 0.07947242 -0.6560936 -0.7366632 -0.1639165 -0.8492573 -0.2630448 -0.4577878 -0.6413989 0.2828857 -0.7131503 -0.05069184 0.8145493 -0.5778753 0.5613444 0.8120618 -0.1595252 0.8257921 0.5310669 -0.1898302 0.2788575 0.9355169 0.2169027 -0.3820741 0.8298264 0.4067034 -0.5208334 0.802308 0.2916069 -0.7743104 0.6044998 0.1871456 -0.9825907 -0.1181086 -0.1434089 -0.8468353 -0.4600096 0.2669478 -0.9395177 0.2175748 0.264514 -0.8812819 0.06836372 0.4676202 0.7091183 0.7044793 -0.02932912 -0.4877523 0.7647719 0.420977 -0.7190276 0.4425255 -0.5358831 -0.07425242 0.9480385 -0.3093699 0.4136842 0.9101662 0.02151584 0.56571 0.8022974 0.1905029 0.2682892 0.9340835 0.2356037 0.4112823 0.8327275 0.3706912 -0.1422181 0.643583 0.7520473 -0.1261348 0.8588338 0.4964823 -0.2550466 0.3368678 0.9063507 -0.1541241 0.2747987 0.9490689 0.16987 0.7875484 0.592378 0.1165536 0.9301706 0.3481349 -0.182047 0.9821689 -0.04693847 -0.8067097 0.5086303 -0.3008567 -0.9145943 -0.2416802 -0.3242036 -0.7319474 -0.6802475 -0.03894275 -0.3088825 -0.928326 0.2068881 -0.6395688 -0.4124419 0.6487246 -0.7699093 0.3869231 0.5074743 0.190898 0.07281893 0.9789052 -0.5122754 0.4221808 0.7478885 -0.4789015 0.668454 0.5690541 0.3946425 0.5418362 0.7420721 0.9312038 -0.1730747 0.320788 0.7029906 -0.5304323 0.4737572 0.6489371 -0.5417829 0.5341835 -0.004211604 -0.8687515 0.4952304 -0.001037597 -0.7760697 0.6306463 -0.4381643 -0.7726854 0.4593141 -0.1188418 -0.6896731 0.7143022 -0.5123492 -0.6372015 0.5757367 -0.3165137 -0.518062 0.7946262 -0.5765675 -0.2773579 0.7685328 -0.3326873 -0.2339584 0.9135549 -0.2929867 -0.3124581 0.9036198 -0.6634652 -0.2975964 0.6864769 -0.7565067 -0.5109808 0.408162 -0.7540106 -0.640845 0.1441733 -0.4111836 -0.8607603 0.3000331 0.1265629 -0.9083722 0.3985497 0.6206414 -0.379447 0.6861664 0.4010807 -0.2873974 0.8697914 0.8948421 -0.1662665 0.4142624 0.8032946 0.04428327 0.5939332 0.6223133 0.2139383 0.7529653 0.3347364 -0.1179573 0.9348998 0.5022556 0.3069017 0.8084248 -0.81764 0.5728455 -0.05755919 -0.2729001 0.9374493 0.2161349 -0.3687294 0.833105 0.4122799 -0.5170321 0.6323655 0.5768809 -0.5811455 0.6575654 0.4794557 -0.9745301 -0.2168979 -0.05697882 -0.9424986 -0.1287916 0.308398 -0.7291167 -0.02282875 0.6840085 -0.7038432 0.3199371 0.634228 -0.6157555 0.2689658 0.7406096 -0.7950244 -0.4807685 -0.3698619 -0.4735432 0.04642039 -0.8795465 -0.5222436 1.52596e-4 -0.8527964 0.3049182 0.6564698 -0.68998 0.3434344 0.769088 -0.539033 0.7437781 0.6628112 -0.08646023 0.5407065 0.8366804 -0.08719295 0.5742464 0.4872061 -0.6579297 0.9309781 0.3242935 -0.1676706 0.6821981 0.7218427 -0.1164006 0.1751232 0.7736488 -0.608933 -0.2030756 -0.02490377 -0.9788464 -0.7995687 -0.5284375 -0.2853837 -0.773047 -0.5816317 0.2531859 -0.589665 -0.6696563 -0.4515037 -0.548393 -0.1453612 -0.8234897 -0.1216493 0.4179596 -0.9002841 0.4884355 0.8591264 -0.1527505 0.8311679 0.5530438 -0.05746817 -0.496277 -0.8394379 -0.2214797 -0.5865484 -0.7635292 0.2701559 -0.4943219 -0.3831399 0.7802882 -0.4883116 -0.7618882 0.425533 -0.4316366 -0.349051 0.8317773 -0.2603591 -0.03537172 -0.9648637 -0.5584996 -0.7419195 -0.3709902 -0.6031538 -0.5524917 0.5752897 -0.5544436 -0.3250302 0.7661252 -0.2407352 0.2107349 0.9474373 -0.3618348 0.2158618 0.9069065 -0.345572 0.5838986 0.7346037 -0.07159739 0.5349664 0.8418342 -0.08435559 0.07880109 0.993315 0.1451804 0.4491527 0.8815808 0.0279861 -0.0972647 0.994865 0.3349162 0.2953635 0.8947579 -0.0315566 -0.1205804 0.9922019 -0.02438443 -0.03128165 0.9992131 -0.6402873 -0.4042844 0.6531358 -0.7511869 -0.1793888 0.6352464 -0.9569472 -0.1699591 -0.2352998 -0.9738919 -0.082798 -0.2113746 -0.262341 0.1455755 -0.9539313 -0.27211 0.006714224 -0.9622428 0.7113888 0.1303449 -0.6906057 0.8023044 -0.00125122 -0.596914 0.9923396 -0.03286939 -0.1190868 0.9906397 -0.05740582 -0.1238452 0.8716456 -0.09723263 -0.4803954 -0.1177721 -0.07919627 -0.9898777 -0.1697786 -0.1742039 -0.969963 -0.9638239 -0.1027883 -0.2459229 -0.9547047 -0.1224434 -0.2711945 -0.8057847 -0.06057953 0.589102 -0.780235 -0.1839725 0.597819 0.02700972 -0.127144 0.9915165 0.4725 0.1040098 0.8751718 0.986167 0.1497272 -0.07110971 -0.812475 -0.5405818 -0.2183019 -0.4565975 -0.7130806 0.5320103 0.06045764 -0.07391637 0.9954302 -0.8040656 0.02310317 0.5940917 0.03155618 -0.04525905 0.9984768 0.5226964 -0.03961342 0.851598 0.5126835 -0.08908402 0.8539436 0.5354255 -0.0418415 0.8435454 1.83114e-4 0.9962949 -0.0860027 0.1095312 0.9933197 -0.03631711 0.004089534 0.9994772 -0.03207576 0.2610943 0.9652403 -0.01187205 0.2423519 0.9700486 0.01648026 0.3255778 0.9405684 0.09659296 0.2079247 0.9745272 0.0840488 0.2590481 0.9127418 0.3159056 -0.05093652 0.9908669 -0.124854 -0.2875245 0.9544373 -0.07986956 -0.174845 0.9839725 0.03503614 -0.04162794 0.9987353 -0.02819955 -0.2590151 0.9430994 0.2085061 -0.16108 0.9765515 0.1428295 -0.2051513 0.9096305 0.3612275 -0.1049236 0.9621359 0.2515665 0.03732478 0.9335171 0.3565847 0.04461818 0.9671045 0.2504358 0.1811904 0.9513949 0.2490339 0.002746701 0.9998775 0.01541227 0.01074254 0.9961922 -0.08652055 -0.004547297 0.9999787 -0.004699885 0.005035698 0.9910864 -0.1331256 0.724954 0.5499262 0.4147565 0.8967261 0.4041097 0.1804928 0.2766851 0.8741248 0.3991883 0.1354749 0.8238673 0.5503538 -0.3119659 0.9319913 0.1845793 -0.4157602 0.904186 -0.09793537 0.1418249 -0.8730154 0.4666153 0.04800683 -0.8341536 0.549439 -0.4121346 -0.773668 0.4812307 -0.3951 -0.7121018 0.5803508 -0.8347738 -0.486575 0.2576775 -0.9131382 -0.407433 -0.01330637 -0.9518644 -0.2515701 -0.1751194 -0.8576313 -0.295796 -0.4206822 -0.8612936 -0.4431141 0.2486431 -0.7720432 -0.4161288 0.4804021 -0.3885966 -0.5849549 0.7119133 -0.2903941 -0.652601 0.6998453 -0.2401542 0.962509 -0.1261046 -0.2100623 0.974289 0.08145523 0.1385264 0.9143542 0.3804824 0.1005285 0.8685619 0.4852777 0.4896296 0.5962964 0.6361553 0.6351344 0.4872385 0.5993354 0.5181849 0.6992856 0.4924267 0.7758288 0.3983978 0.4892534 0.2017934 0.9758231 0.0839585 0.08291971 0.9843555 0.155463 -0.03738611 0.9596495 -0.2787024 -0.001098632 0.8854771 -0.4646817 -0.844796 -0.5321595 0.05591076 -0.7411932 -0.1614474 -0.6515884 -0.7603222 -0.3067169 -0.5725687 0.7529131 -0.4399673 0.4894393 0.3304914 -0.5773911 0.746589 0.2212923 -0.6139482 0.7576922 -0.7608432 -0.6161212 0.203746 -0.3852717 -0.8276445 0.4081304 0.7400417 -0.4718345 0.4792814 0.390184 -0.8660345 -0.3126355 0.2623462 -0.9333189 -0.2451332 0.2070097 -0.9589652 -0.193734 0.08264529 -0.9875321 -0.1339781 0.1575098 -0.9775313 -0.1400833 -0.8916136 -0.4508882 -0.04153639 -0.8777876 -0.4087105 -0.2498896 -0.6763691 -0.6844567 0.2721102 -0.68894 -0.6300685 0.3582952 -0.3287281 -0.7728818 0.542763 -0.2021882 -0.8227 0.5313048 0.778463 0.3459089 -0.5237771 0.8544241 0.1243059 -0.5044874 0.7762184 0.1067247 -0.6213654 0.7507143 -0.1253429 -0.6486272 0.6523194 0.04754906 -0.7564513 0.6949584 0.2994568 -0.6537266 0.3898515 0.02090561 -0.9206404 0.03619581 0.1074277 -0.9935539 -0.03302162 0.06460893 -0.9973642 0.4487853 0.054843 -0.8919551 0.4455542 0.1242449 -0.8865916 0.8218135 0.1077623 -0.5594728 0.8256548 0.02432346 -0.5636512 -0.791206 0.6024762 -0.1049549 -0.3536561 0.7763161 0.5217862 -0.7978433 0.3653806 -0.4795239 -0.7400957 0.3701089 -0.561496 -0.7747831 0.6160238 -0.142218 -0.2198629 0.7010343 0.6783888 0.07935047 0.7058531 0.7038999 0.4422872 0.6637666 0.603155 0.5247176 0.6417895 0.5592654 0.5011929 -0.5728529 0.648572 0.4328516 -0.5005428 0.7497308 -0.07678699 -0.6510113 0.7551743 -0.1196343 -0.5474795 0.8282234 -0.8744285 -0.4821686 0.05374383 -0.8431817 -0.5194351 -0.1386787 -0.6875306 -0.1721878 -0.7054452 -0.6395899 -0.2474798 -0.7277903 -0.5001475 -0.8300594 0.2466861 0.750433 0.1341617 -0.647187 0.7755479 0.00225836 -0.6312848 0.5634106 0.05212634 -0.824531 0.5714442 -0.1050475 -0.8138899 0.3240831 0.07117068 -0.9433477 0.2701537 0.2028594 -0.9412041 0.5168989 0.1956872 -0.83338 -0.8180528 -0.5032715 0.2784016 -0.8849736 -0.4402436 -0.1516819 -0.1741746 -0.9282799 -0.3285725 -0.07333624 -0.9972265 0.01269572 0.7439681 -0.6191748 -0.2512651 0.3806645 -0.5331683 -0.7555304 -0.8512009 -0.1707224 -0.4962973 -0.9797629 -0.1115787 -0.1661778 -0.932705 -0.229842 0.2779101 -0.8505094 -0.2808073 0.4447259 -0.7572422 -0.5282872 0.3840535 -0.08371502 -0.9884665 0.1261982 0.8229849 -0.554262 -0.1244579 0.9039519 -0.2995777 -0.3051627 0.6489852 -0.2545585 -0.7169508 0.06225836 -0.2753408 -0.9593287 -0.1897959 -0.7705367 -0.6084824 -0.8430619 0.01181089 -0.537687 0.2615138 -0.1336408 -0.9559031 0.9665058 -0.2220256 -0.1287291 0.1671209 0.5225124 -0.836093 0.4345977 0.1756702 -0.8833259 0.1735326 0.1794227 -0.9683461 0.5687047 0.5850633 -0.5781659 0.6838009 0.5135984 -0.5182982 0.5868563 0.4847691 -0.6485359 0.7401941 0.2906391 -0.6063347 0.6337923 0.1398695 -0.7607522 0.3954461 0.5112385 -0.7630581 0.1579658 0.686706 -0.7095646 0.3664454 0.6489017 -0.6668165 0.2411604 0.7687714 -0.592311 0.5110808 0.6490902 -0.5634523 0.2489782 0.8350751 -0.4905707 0.4795167 0.7400891 -0.4715207 0.2539782 0.8896868 -0.3794108 0.7103999 0.4924914 -0.5027765 0.6662143 -0.3475277 0.6598357 0.8443396 -0.09756934 0.5268501 0.5553026 -0.3131607 0.7704346 0.7636886 -0.1398401 0.6302576 0.5077154 -0.3562186 0.7844319 0.713966 -0.2451606 0.6558574 0.6167369 -0.5286273 0.5832571 0.7972967 -0.3248212 0.5087329 0.8517072 -0.2328941 0.4694201 0.852067 0.02182126 0.5229779 0.7655318 0.4090588 0.4966205 0.6778594 0.5729042 0.4607466 0.5042402 0.7415585 0.4425302 0.3759073 0.823993 0.4239448 0.1910806 0.9133174 0.3596382 0.2106139 0.9321216 0.2946032 0.1694093 0.9676564 0.186927 0.3505412 0.9255498 0.1431035 0.189861 0.9815948 0.02060055 0.4941678 0.8685171 0.03842371 0.2005686 0.9742469 -0.1030309 0.4831712 0.8744813 -0.04275661 0.2190368 0.9581221 -0.1844584 0.4923028 0.8603015 -0.1323611 0.2383528 0.9258835 -0.2931343 0.4949353 0.8371205 -0.2329556 0.4877048 0.8071545 -0.3326342 0.7425043 0.5644851 -0.3606162 0.8077803 0.4505844 -0.3800852 0.7956935 0.3917734 -0.4619368 0.8194091 0.1076105 -0.5630176 0.733715 0.08261579 -0.674416 0.6859209 0.01513755 -0.7275187 0.639132 -0.1100826 -0.7611781 0.654266 -0.0390948 -0.7552534 0.5735231 0.04327666 -0.8180456 0.2709789 -0.07599252 -0.959581 0.1786268 -0.053469 -0.982463 0.07468026 -0.01886081 -0.9970293 0.0731548 0.2268195 -0.9711856 0.05893206 0.5318841 -0.8447642 0.06332683 0.6847237 -0.7260463 0.09329694 0.7791839 -0.619813 0.1203674 0.8303647 -0.5440647 0.1693204 0.8984239 -0.4051728 0.1555867 0.940265 -0.3028112 0.1679479 0.9645944 -0.2033504 0.1582704 0.9814844 -0.1078839 0.1304684 0.9912851 0.01821976 0.1440198 0.9715766 0.1878758 0.1364828 0.9328564 0.3333941 0.2633525 0.8802425 0.3947387 0.2248042 0.9069688 0.3561893 0.3375764 0.8658998 0.3691336 0.2422018 0.9010846 0.3597013 0.3718481 0.8561296 0.3588469 0.2301124 0.9065943 0.3537445 0.6219412 0.7174953 0.3136715 0.7101852 0.631842 0.3105039 0.5010887 0.7707531 0.3935098 0.6951206 0.5830821 0.4205028 0.6887655 0.4310888 0.5828931 0.8156843 -0.00891155 0.5784287 0.7508719 -0.04217797 0.6590997 0.7700942 -0.4259277 0.4749112 0.835654 -0.4645676 0.2930176 0.692149 -0.6954451 0.1930961 0.7262313 -0.6810021 0.09393763 0.4129879 -0.9104838 0.0214551 0.3972688 -0.9173775 0.02441537 0.1925166 -0.9812611 0.007996082 0.2316126 -0.9623108 0.1425261 0.418116 -0.8974846 0.1403588 0.2508674 -0.9137737 0.3195049 0.4283683 -0.8458412 0.3178886 0.2255071 -0.7725657 0.5935394 0.3888463 -0.6775284 0.6243028 0.1800328 -0.5275246 0.8302446 0.2863292 -0.5176633 0.8062509 0.3229796 -0.4049834 0.8553787 0.4032168 -0.468558 0.7860469 0.6975835 -0.3860408 0.6036141 0.4965474 -0.5198336 0.6951358 0.7078362 -0.51239 0.4862349 0.5000852 -0.681643 0.5341139 0.7444602 -0.6195442 0.2488858 0.5270689 -0.797226 0.2943284 0.7388415 -0.6738049 0.0100103 0.5040841 -0.8634161 0.0202952 0.6880229 -0.6911053 -0.2213551 0.4674353 -0.8549097 -0.2250196 0.5814483 -0.6891499 -0.4324239 0.4156714 -0.7956659 -0.4406056 0.5249325 -0.5986672 -0.6050152 0.383538 -0.6697494 -0.6358729 0.5042397 -0.4812282 -0.7170507 0.402455 -0.537746 -0.7408504 0.4287901 -0.4083425 -0.8058508 0.1910812 -0.5898768 -0.7845594 0.2041453 -0.4454939 -0.8716995 0.06961464 -0.6102958 -0.7891089 0.1437154 -0.481503 -0.8645814 0.2134191 -0.2992385 -0.9300046 0.1366031 -0.3020161 -0.9434648 0.1334916 -0.1084047 -0.9851033 0.2040202 -0.111883 -0.9725524 0.07889163 0.2924636 -0.9530169 0.169136 0.278638 -0.9453856 0.02438467 0.6167897 -0.7867502 0.1319645 0.5586214 -0.8188576 0.3973276 0.2622502 -0.8794065 0.3779249 0.4576728 -0.8048034 0.3037575 0.4186318 -0.8558498 0.3592706 0.2154036 -0.9080341 0.4537292 0.2981117 -0.8397973 0.5448935 0.05786478 -0.8365064 0.7820817 0.215373 -0.5847759 0.7060918 -0.0940296 -0.7018496 0.7709413 0.08304226 -0.6314693 0.7678376 -0.03271675 -0.6398087 0.8625667 0.07614558 -0.5001806 0.8371808 -0.1084053 -0.5360752 0.9239966 -0.06509727 -0.3768194 0.9143627 -0.173442 -0.3658671 0.9687839 -0.1363921 -0.2070145 0.9392624 -0.2791907 -0.1995963 0.970261 -0.2353627 -0.05655175 0.8881815 -0.4592737 -0.01419109 0.9056615 -0.387382 0.1723732 0.8712095 -0.2886839 0.3970586 0.8390913 -0.2133893 0.5003907 0.9134357 0.02459836 0.4062393 0.9032288 0.1152727 0.4133885 0.9131445 0.228042 0.3378818 0.9234893 0.2135143 0.318715 0.8819534 0.4276701 0.1981328 0.9043072 0.3656171 0.2203468 0.763769 0.6444396 0.03680592 0.7953546 0.5981105 0.09836256 0.7905597 0.6088201 0.06598168 0.7995128 0.593752 0.09076422 0.9159992 0.3611931 0.1745995 0.9370355 0.1811628 0.2985708 0.9358096 0.1043145 0.3367181 0.857329 -0.09179997 0.5065174 0.879485 -0.0256356 0.4752357 0.8834355 -0.08713191 0.4603801 0.7392364 0.659978 -0.1340098 0.9266816 0.1017811 0.3618038 0.8543369 -0.491153 -0.1699334 0.9193837 0.1317198 -0.3706528 0.5489138 0.7239705 0.4178044 0.7984967 0.4072748 0.4433176 0.9046153 -0.1876922 0.3826785 0.6602804 -0.673251 0.3328106 0.9670475 -0.1444757 0.2096332 0.893119 0.3569241 0.2737588 0.7018821 -0.6737433 0.2311529 0.9463479 -0.1157298 0.3017156 0.8405154 0.3998254 0.3656139 0.645905 0.6716631 0.3628714 0.7582011 -0.637862 0.1351413 0.7430264 0.6192091 -0.2539523 0.6549798 0.5242341 -0.5442245 0.7267442 0.3914647 -0.5644452 0.634037 -0.1485981 -0.7588912 0.5192884 -0.1228408 -0.8457244 0.4177498 -0.09406083 -0.9036802 0.4335224 -0.2727788 -0.8588656 0.5758438 -0.3444136 -0.7414736 0.5989983 -0.3261271 -0.731329 0.5497153 -0.2744304 -0.7889873 0.5503805 -0.6155692 -0.5640531 0.686307 -0.6369276 -0.3511494 0.8345224 -0.4937123 -0.2445824 0.9257932 -0.2462576 -0.2868174 0.1840903 -0.7525668 -0.6322611 0.1852816 -0.8764485 -0.4444196 0.1949244 -0.9526485 -0.2333782 0.2304466 -0.9730582 0.007232904 0.2629511 -0.9184671 0.2954232 0.2770553 -0.7834945 0.5562164 0.2194669 -0.7714763 0.597209 0.1474699 -0.5166941 0.8433741 0.1534826 -0.430783 0.8893082 0.2042664 -0.4905081 0.8471581 0.2664304 -0.6116608 0.7449066 0.1391981 -0.8182199 0.5577995 0.1234821 -0.9498907 0.2871585 0.1071841 -0.9942001 -0.008820056 0.09283822 -0.9672331 -0.2363072 0.09445804 -0.8870208 -0.4519643 0.07095712 -0.7624614 -0.6431313 0.1278747 -0.6429443 0.7551628 0.1165216 -0.493157 0.8621016 0.08249318 -0.4466169 0.8909144 0.8079161 0.3467642 -0.4764727 0.52152 0.7343336 -0.4344779 0.6015063 0.5937849 -0.5344247 0.7595358 0.5296333 -0.3776163 0.8339734 0.3579927 -0.4199165 0.89396 0.1568061 -0.4198182 0.9651953 0.04562592 -0.2575197 0.9942545 -0.05453777 -0.09210693 0.9805619 -0.1774405 0.08374553 0.9568247 -0.08685642 0.2773851 0.947279 0.1090443 0.3012835 0.9114636 0.1751206 0.3722458 0.9277594 0.3152959 0.1996274 0.9240154 0.3818808 -0.01904368 0.8831274 0.4297376 -0.1881799 0.8467363 0.4407033 -0.2980241 0.9076597 0.2416173 -0.3431839 0.8283832 0.1172243 -0.5477589 0.9893841 0.07022339 -0.1272322 0.9916146 -0.01803654 0.127965 0.9983431 -0.05441564 -0.01870822 0.9885438 0.1276308 -0.08057039 0.9416453 0.2771771 -0.1909903 0.9553501 0.285723 -0.07529145 0.9896212 0.1405417 0.02996999 0.9860324 0.1662359 -0.01028484 0.9890888 0.1274166 0.07394742 0.9937536 0.1108443 0.01293992 0.9845674 0.1672431 -0.05154627 0.9982457 0.05191278 0.02847421 0.9970707 0.07587134 0.009674668 0.9898933 0.1387102 -0.0295121 0.9811846 0.1758197 -0.07977652 0.9757524 0.2120763 -0.05414062 0.9777371 0.1746907 -0.1162468 0.9943209 0.106421 7.32465e-4 0.9775511 0.1197257 -0.1733779 0.9846742 0.1375809 -0.1071837 0.9880988 0.1384974 -0.06692922 0.9838532 0.1713663 -0.05163878 0.9812374 0.1898263 -0.03375363 0.984885 0.1699614 -0.03338795 0.986172 0.1626986 0.03152644 0.9835341 0.1482 0.1034287 0.986918 0.1121872 0.1157884 0.9909836 0.08487343 0.1036732 0.9951669 0.07852566 0.05896288 0.9964791 0.04690784 0.06949198 0.9957126 0.04226875 0.0822792 0.9979149 0.02719253 0.05853569 0.9975326 -0.001373291 0.07019287 0.9958077 -0.04284876 0.08081454 0.9943206 -0.07126265 0.07904511 0.9914056 -0.1095932 0.07144469 0.9908768 -0.1002871 0.09003251 0.9909353 -0.09451866 0.09546476 0.9935362 -0.08511662 0.0751065 0.9950793 -0.09256482 0.03534126 0.9832522 -0.1311389 0.1265611 0.9885923 -0.1190534 0.09225803 0.9814983 -0.157174 0.1093504 0.982451 -0.179027 0.0523408 0.976046 -0.2159869 0.02615523 0.9853843 -0.1671808 0.03268539 0.9545179 -0.2971042 0.0249952 0.9667257 -0.2511118 0.04883068 0.9874697 -0.1512517 -0.04501533 0.9696996 -0.2436609 -0.01767027 0.9725289 -0.2156496 -0.08765149 0.9844913 -0.1306836 -0.1170415 0.9817498 -0.1588537 -0.1045596 0.9734975 -0.1158504 -0.1971837 1 0 0 0.9458494 -0.05398833 -0.3200848 0.9741694 -0.09418189 -0.2052409 0.9885881 -0.120369 -0.09058189 0.9937811 -0.1055642 -0.03543221 0.9844993 -0.1696581 0.04446697 0.9956416 -0.06357038 0.06823974 0.9971447 -0.07287913 0.01977622 0.9987629 0.01934897 0.04580891 0.9997234 0.01123112 0.02066159 0.996472 0.01059001 0.08325546 0.9943455 0.004089534 0.1061152 -0.2259344 -0.8397998 0.4936497 -0.1312609 -0.9699153 0.2050247 -0.2809256 -0.9168766 0.2835808 -0.09082514 -0.9835122 0.1563804 -0.438229 -0.8987066 -0.01678568 -0.1399613 -0.771405 0.6207619 -0.02066135 -0.7941354 0.6073895 0.004791378 -0.990055 0.1405993 -0.005249261 -0.9736522 0.2279779 -0.03439497 -0.9587269 0.2822406 0.1106925 -0.9837804 0.1411504 -0.03738552 -0.9860633 0.162116 -0.08881062 -0.9956865 0.02685678 -0.8482319 -0.3282386 -0.4156467 -0.7513686 -0.003448545 -0.6598737 0.3681817 -0.7758857 0.5122927 0.03848493 -0.993315 0.1088322 0.1632153 -0.9863113 -0.02346903 0.2298424 -0.9731755 -0.01010191 0.128728 -0.991676 -0.002777159 0.04809802 -0.9988278 -0.005462884 0.1478951 -0.9829563 -0.109197 0.07129305 -0.9834535 -0.1665437 0.02829104 -0.9654673 -0.2589839 0.09442555 -0.9420278 -0.3219747 0.02679604 -0.9268751 -0.3744124 0.2279499 -0.8713307 -0.4345362 0.03317391 -0.9709559 -0.236948 -0.01519846 0.9841793 -0.1765223 -0.03097677 0.9317755 -0.3617112 -0.04763972 0.996681 0.06601202 -0.08356195 0.986477 0.1409994 -0.07797586 0.8622824 0.5003887 -0.1496061 0.8592126 0.4892565 -0.06463921 0.9466078 0.3158411 -0.1233293 0.9561763 0.2655503 -0.009888052 0.9819738 -0.1887589 -0.1211623 0.9634085 -0.2390896 -0.03244137 0.7775254 -0.6280143 -0.13828 0.7379415 -0.6605461 -0.03497487 0.6175231 -0.7857748 -0.1739589 0.571501 -0.8019508 -0.3726135 0.6254987 -0.6855002 -0.4023728 0.3770414 -0.8342278 -0.5364711 0.1668499 -0.8272605 -0.6023234 -0.359453 -0.7127413 -0.5978714 -0.7893489 -0.1395643 -0.4815346 -0.8569533 0.1837266 -0.3478026 -0.842588 0.411192 -0.3664441 -0.7014229 0.6113303 -0.2072259 -0.6026339 0.7706426 2.13632e-4 -0.6555764 0.755129 -0.06381481 -0.9079038 -0.4142927 0.07840257 -0.9630796 0.2575476 0.3579277 0.637574 0.6821929 -0.4112136 0.8746758 -0.2566041 -0.4898318 0.7668234 -0.4147853 -0.3138905 0.9026374 -0.2944803 -0.1811935 0.9614522 0.2068299 -0.2375327 0.7917658 0.5627479 -0.1494832 0.9525661 0.26509 0.002807736 0.9915964 -0.1293399 0.3042736 0.167091 0.9378157 0.1122171 0.9875845 0.1099283 -0.188059 0.8948828 0.4047451 0.2719597 0.9257192 -0.2628344 -0.2450115 0.953952 0.1730462 -0.5348736 0.8240092 0.1868669 0.272113 0.8986811 -0.3439868 -0.2573647 0.8787572 0.4019321 -0.3535021 0.7690799 0.5324963 -0.3049455 0.9440736 0.1254329 -0.5484569 0.825661 0.1322083 -0.6119456 0.642282 0.4615153 -0.329174 0.8791503 0.3445859 0.216472 0.9762148 0.01202452 0.4527449 -0.7814007 -0.4294591 0.6617489 -0.7266023 -0.1847635 0.312331 -0.9052534 -0.288038 0.2204119 -0.8424606 -0.4916083 0.1866227 -0.9610078 -0.2040489 0.08722251 -0.9868841 -0.1358388 0.2247704 -0.9741578 0.02224814 0.1175896 -0.991043 0.06329637 0.2532817 -0.922026 0.292774 0.1438975 -0.9215244 0.3606748 0.1293408 -0.8347339 0.5352479 0.2372519 -0.8504937 0.4694379 0.4725345 -0.8052589 0.3581472 0.5057752 -0.847201 0.1626098 0.6495723 -0.7358809 0.1911422 0.7067926 -0.7071893 0.01809781 0.7574177 -0.6527684 0.01455748 0.7962637 -0.5980141 -0.09134244 0.7454001 -0.6055613 -0.278701 0.5029605 -0.6896783 -0.5209364 0.2406164 -0.7763571 -0.5825578 0.1737788 -0.8031548 -0.5698627 0.1718813 -0.9014922 -0.397201 0.4391373 -0.896586 -0.0573756 0.119513 -0.6965392 -0.7074955 -0.0458703 -0.2026779 -0.9781706 0.3813613 -0.5718283 -0.7263444 -0.3473662 -0.3861557 -0.8545294 -0.318104 -0.06671547 -0.9457056 -0.7715265 -0.07886171 -0.6312906 -0.08291923 -0.06137305 -0.9946647 0.9702333 -0.04840332 -0.2372861 0.9888569 -0.134163 -0.06451785 0.8824138 -0.4700774 0.01931822 0.8981989 -0.3350354 -0.2845878 0.2875206 -0.8569158 -0.427817 -0.7099732 -0.4822983 -0.5131535 -0.9314191 -0.04291015 -0.3614098 -0.8006377 -0.5192822 -0.2988734 0.09140527 -0.9958139 0 0.1337646 -0.955701 0.2621883 0.6383708 -0.5484306 0.5400989 0.775493 -0.484706 0.4045625 0.7459582 -0.3156634 0.5864326 0.9312974 -0.2434222 0.2709811 -0.7762184 0.1067247 -0.6213654 -0.8544241 0.1243059 -0.5044874 -0.778463 0.3459089 -0.5237771 -0.6949584 0.2994568 -0.6537266 -0.6523194 0.04754906 -0.7564513 -0.7507143 -0.1253429 -0.6486272 0.03311312 0.06460875 -0.9973612 -0.03619581 0.1074277 -0.9935539 -0.3898522 0.02081406 -0.9206422 -0.4487488 0.05484229 -0.8919736 -0.8256689 0.02432388 -0.5636303 -0.8218488 0.1077935 -0.5594151 -0.4455509 0.124305 -0.8865849 0.791206 0.6024762 -0.1049549 0.7747831 0.6160238 -0.142218 0.7400957 0.3701089 -0.561496 0.7978433 0.3653806 -0.4795239 0.3536561 0.7763161 0.5217862 0.2198629 0.7010343 0.6783888 -0.4422872 0.6637666 0.603155 -0.07935047 0.7058531 0.7038999 -0.5247176 0.6417895 0.5592654 0.9463547 -0.3140375 0.07611364 0.2777265 -0.1802476 -0.9435988 0.2680834 -0.8045861 -0.5298799 -0.6533886 -0.4689602 -0.5942726 -0.05453747 -0.9200879 -0.387897 0.2816923 -0.9594935 0.004669427 0.2798349 -0.9095473 -0.3072721 0.5553668 -0.7882626 -0.2649719 0.3784071 -0.8617696 -0.3378776 0.8586209 -0.5101857 -0.04980695 0.8966622 -0.3555519 0.2637798 0.7581524 -0.2263287 0.6115393 0.6214254 -0.1758192 0.7634907 0.424793 -0.08075308 0.9016817 0.3900628 -0.07028514 0.9181019 0.3490487 0.1089842 0.9307457 0.5925812 0.04489296 0.8042588 0.490354 0.4035876 0.7724442 0.8955091 0.05447578 0.4416966 0.8962685 -0.1806454 0.4050558 0.8961313 0.06259459 0.4393525 0.8597539 -0.3507256 0.3712344 0.8735739 -0.2256264 0.4312325 0.78649 -0.5472164 0.2863348 0.6648344 -0.738844 0.1100224 0.6505519 -0.7193732 -0.2434839 0.7611168 -0.6452966 -0.06552457 0.3100417 0.3927175 0.8658218 0.6409109 -0.5338788 -0.5515496 -0.1506416 -0.9460578 -0.2868479 -0.2310892 -0.869545 -0.436451 -0.8817276 -0.4324558 0.1885165 -0.9385702 -0.3365901 0.07611346 -0.9420157 -0.04718315 0.3322355 -0.9822956 -0.04532122 0.1817732 -0.3415737 -0.6407254 -0.6876034 0.5823782 -0.4827311 -0.6540691 0.792484 -0.303022 -0.5292891 0.7063083 -0.332813 -0.6247913 -0.1095312 0.9933197 -0.03631711 -1.83114e-4 0.9962949 -0.0860027 -0.004089534 0.9994772 -0.03207576 -0.2610943 0.9652403 -0.01187205 -0.2423519 0.9700486 0.01648026 -0.3255778 0.9405684 0.09659296 -0.2079247 0.9745272 0.0840488 -0.2590481 0.9127418 0.3159056 0.004547297 0.9999787 -0.004699885 -0.01074254 0.9961922 -0.08652055 -0.002746701 0.9998775 0.01541227 -0.1811904 0.9513949 0.2490339 -0.04461818 0.9671045 0.2504358 -0.03732478 0.9335171 0.3565847 0.1049236 0.9621359 0.2515665 0.2051513 0.9096305 0.3612275 0.16108 0.9765515 0.1428295 0.2590151 0.9430994 0.2085061 0.04162794 0.9987353 -0.02819955 0.174845 0.9839725 0.03503614 0.05093652 0.9908669 -0.124854 0.2875245 0.9544373 -0.07986956 -0.005035698 0.9910864 -0.1331256 -0.5634106 0.05212634 -0.824531 -0.7755479 0.00225836 -0.6312848 -0.750433 0.1341617 -0.647187 -0.5168989 0.1956872 -0.83338 -0.2701537 0.2028594 -0.9412041 -0.3240831 0.07117068 -0.9433477 -0.5714442 -0.1050475 -0.8138899 -0.2373185 0.9714314 -0.001037657 0.01419115 0.9979592 0.062258 0.01074254 0.9996375 -0.02468955 -0.2788879 0.9602373 -0.01287925 -0.02063065 0.9980847 -0.05832129 -0.100104 0.9922818 -0.07318586 -0.1764608 0.9748681 0.1359926 -0.174144 0.959532 0.2212966 0.02603262 0.9910422 0.1309874 0.2392672 0.9697344 0.04864692 0.2174759 0.9754068 -0.0358594 0.1807355 0.9709116 -0.1570525 0.1856159 0.9538378 -0.2360942 0.03564661 0.988736 -0.1453637 5.1883e-4 0.9993589 -0.03579926 -0.390184 -0.8660345 -0.3126355 -0.2070097 -0.9589652 -0.193734 -0.2623462 -0.9333189 -0.2451332 -0.08264529 -0.9875321 -0.1339781 -0.1575098 -0.9775313 -0.1400833 0.1196343 -0.5474795 0.8282234 -0.4328516 -0.5005428 0.7497308 0.07678699 -0.6510113 0.7551743 -0.5011929 -0.5728529 0.648572 0.5001475 -0.8300594 0.2466861 0.8431817 -0.5194351 -0.1386787 0.6395899 -0.2474798 -0.7277903 0.6875306 -0.1721878 -0.7054452 0.8744285 -0.4821686 0.05374383 -0.5936271 -0.4558944 -0.6631496 -0.6499326 -0.3119347 -0.6930255 -0.5340914 -0.4127763 -0.7378091 -0.5303356 -0.2999446 -0.7929549 -0.612181 -0.2421684 -0.7527211 -0.7078827 -0.2339263 -0.6664687 -0.7484341 -0.1995071 -0.6324899 -0.6696286 -0.435727 -0.601448 -0.7612164 -0.285418 -0.5823113 -0.7981632 -0.2198893 -0.560878 -0.7687414 -0.2213538 -0.6000327 -0.7333162 -0.2774504 -0.6207002 -0.6341599 -0.2726897 -0.7235203 -0.5166394 -0.2445858 -0.8205251 -0.4403339 -0.2792831 -0.8532919 -0.4635207 -0.3681797 -0.8059729 -0.52328 -0.4338286 -0.7334649 -0.6051065 -0.455684 -0.6528387 -0.6630271 -0.4905638 -0.5654577 -0.7572503 -0.3928167 -0.5217922 -0.815294 -0.278306 -0.507781 -0.1961778 0.9772877 -0.08014357 -0.00640887 0.9985111 0.05417066 -0.004120051 0.9999627 -0.007599234 -0.2106722 0.9719063 -0.1049546 0.01388627 0.9978318 -0.06433486 -0.0558505 0.9923079 -0.1104802 -0.1978841 0.9801123 0.01489317 -0.2113167 0.9727774 0.09512913 -0.01315367 0.9930581 0.1168878 0.1848516 0.9725996 0.1409962 0.1869589 0.9804508 0.06134301 0.2084488 0.9772985 -0.03790533 0.2304795 0.9709925 -0.06366264 0.08533179 0.9909601 -0.1035213 0.002502501 0.9995568 -0.02966439 -0.01419115 0.9979592 0.062258 0.2373185 0.9714314 -0.001037657 -0.01074254 0.9996375 -0.02468955 0.2788879 0.9602373 -0.01287925 0.02063065 0.9980847 -0.05832129 0.100104 0.9922818 -0.07318586 0.1764608 0.9748681 0.1359926 0.174144 0.959532 0.2212966 -0.02603262 0.9910422 0.1309874 -0.2392672 0.9697344 0.04864692 -0.2174759 0.9754068 -0.0358594 -0.1807355 0.9709116 -0.1570525 -0.1856159 0.9538378 -0.2360942 -0.03564661 0.988736 -0.1453637 -5.1883e-4 0.9993589 -0.03579926 0.03869849 0.9978292 -0.05328673 -0.009705126 0.9904431 -0.137581 -0.1504589 0.9557347 -0.2528504 0.003570675 0.9998332 -0.01791465 -0.1200004 0.9687017 -0.2172948 -0.01739591 0.9986779 0.0483728 -0.1789051 0.9792477 -0.09522074 0.02249234 0.9992156 -0.03259402 0.1325739 0.9892995 -0.06091564 0.2886545 0.9567899 0.03509753 0.2510195 0.9678825 0.01388615 0.1605933 0.9757984 0.1484161 0.1524124 0.9605889 0.232464 -0.04150629 0.9945642 0.09549498 -0.207898 0.9780545 -0.01370316 0.1961778 0.9772877 -0.08014357 0.00640887 0.9985111 0.05417066 0.1978841 0.9801123 0.01489317 0.2113167 0.9727774 0.09512913 0.01315367 0.9930581 0.1168878 -0.1848516 0.9725996 0.1409962 -0.1869589 0.9804508 0.06134301 -0.2084488 0.9772985 -0.03790533 0.004120051 0.9999627 -0.007599234 -0.2304795 0.9709925 -0.06366264 -0.01388627 0.9978318 -0.06433486 -0.08533179 0.9909601 -0.1035213 0.0558505 0.9923079 -0.1104802 -0.002502501 0.9995568 -0.02966439 0.2106722 0.9719063 -0.1049546 0.5303356 -0.2999446 -0.7929549 0.612181 -0.2421684 -0.7527211 0.6499326 -0.3119347 -0.6930255 0.7078827 -0.2339263 -0.6664687 0.7484341 -0.1995071 -0.6324899 0.7612164 -0.285418 -0.5823113 0.6696286 -0.435727 -0.601448 0.5936271 -0.4558944 -0.6631496 0.5340914 -0.4127763 -0.7378091 0.4635207 -0.3681797 -0.8059729 0.4403339 -0.2792831 -0.8532919 0.5166394 -0.2445858 -0.8205251 0.6341599 -0.2726897 -0.7235203 0.7333162 -0.2774504 -0.6207002 0.7687414 -0.2213538 -0.6000327 0.7981632 -0.2198893 -0.560878 0.815294 -0.278306 -0.507781 0.7572503 -0.3928167 -0.5217922 0.6630271 -0.4905638 -0.5654577 0.6051065 -0.455684 -0.6528387 0.52328 -0.4338286 -0.7334649 0.1757891 -0.8890779 -0.4226568 0.896529 -0.4346529 0.08551448 0.84154 -0.49893 0.2070736 0.09839463 -0.9392969 -0.3286944 -0.6481351 -0.4353861 -0.6247879 -0.6000718 -0.3668733 -0.7108572 -0.7960628 0.004699945 -0.6051958 -0.7101216 6.10385e-4 -0.7040788 0.3532948 -0.6287647 -0.6927033 0.9763025 -0.04858618 0.2108862 0.9317037 -0.05282777 0.359357 -0.09839463 -0.9392969 -0.3286944 -0.84154 -0.49893 0.2070736 -0.1757891 -0.8890779 -0.4226568 0.6481351 -0.4353861 -0.6247879 0.6000718 -0.3668733 -0.7108572 0.7960628 0.004699945 -0.6051958 0.7101216 6.10385e-4 -0.7040788 -0.3532948 -0.6287647 -0.6927033 -0.896529 -0.4346529 0.08551448 -0.9317037 -0.05282777 0.359357 -0.9763025 -0.04858618 0.2108862</float_array>
          <technique_common>
            <accessor source="#chr582_3-mesh-normals-array" count="1742" stride="3">
              <param name="X" type="float"/>
              <param name="Y" type="float"/>
              <param name="Z" type="float"/>
            </accessor>
          </technique_common>
        </source>
        <vertices id="chr582_3-mesh-vertices">
          <input semantic="POSITION" source="#chr582_3-mesh-positions"/>
        </vertices>
        <polylist material="chr582_mat_003-material" count="2376">
          <input semantic="VERTEX" source="#chr582_3-mesh-vertices" offset="0"/>
          <input semantic="NORMAL" source="#chr582_3-mesh-normals" offset="1"/>
          <vcount>3 3 3 3 3 3 3 3 3 3 3 3 3 3 3 3 3 3 3 3 3 3 3 3 3 3 3 3 3 3 3 3 3 3 3 3 3 3 3 3 3 3 3 3 3 3 3 3 3 3 3 3 3 3 3 3 3 3 3 3 3 3 3 3 3 3 3 3 3 3 3 3 3 3 3 3 3 3 3 3 3 3 3 3 3 3 3 3 3 3 3 3 3 3 3 3 3 3 3 3 3 3 3 3 3 3 3 3 3 3 3 3 3 3 3 3 3 3 3 3 3 3 3 3 3 3 3 3 3 3 3 3 3 3 3 3 3 3 3 3 3 3 3 3 3 3 3 3 3 3 3 3 3 3 3 3 3 3 3 3 3 3 3 3 3 3 3 3 3 3 3 3 3 3 3 3 3 3 3 3 3 3 3 3 3 3 3 3 3 3 3 3 3 3 3 3 3 3 3 3 3 3 3 3 3 3 3 3 3 3 3 3 3 3 3 3 3 3 3 3 3 3 3 3 3 3 3 3 3 3 3 3 3 3 3 3 3 3 3 3 3 3 3 3 3 3 3 3 3 3 3 3 3 3 3 3 3 3 3 3 3 3 3 3 3 3 3 3 3 3 3 3 3 3 3 3 3 3 3 3 3 3 3 3 3 3 3 3 3 3 3 3 3 3 3 3 3 3 3 3 3 3 3 3 3 3 3 3 3 3 3 3 3 3 3 3 3 3 3 3 3 3 3 3 3 3 3 3 3 3 3 3 3 3 3 3 3 3 3 3 3 3 3 3 3 3 3 3 3 3 3 3 3 3 3 3 3 3 3 3 3 3 3 3 3 3 3 3 3 3 3 3 3 3 3 3 3 3 3 3 3 3 3 3 3 3 3 3 3 3 3 3 3 3 3 3 3 3 3 3 3 3 3 3 3 3 3 3 3 3 3 3 3 3 3 3 3 3 3 3 3 3 3 3 3 3 3 3 3 3 3 3 3 3 3 3 3 3 3 3 3 3 3 3 3 3 3 3 3 3 3 3 3 3 3 3 3 3 3 3 3 3 3 3 3 3 3 3 3 3 3 3 3 3 3 3 3 3 3 3 3 3 3 3 3 3 3 3 3 3 3 3 3 3 3 3 3 3 3 3 3 3 3 3 3 3 3 3 3 3 3 3 3 3 3 3 3 3 3 3 3 3 3 3 3 3 3 3 3 3 3 3 3 3 3 3 3 3 3 3 3 3 3 3 3 3 3 3 3 3 3 3 3 3 3 3 3 3 3 3 3 3 3 3 3 3 3 3 3 3 3 3 3 3 3 3 3 3 3 3 3 3 3 3 3 3 3 3 3 3 3 3 3 3 3 3 3 3 3 3 3 3 3 3 3 3 3 3 3 3 3 3 3 3 3 3 3 3 3 3 3 3 3 3 3 3 3 3 3 3 3 3 3 3 3 3 3 3 3 3 3 3 3 3 3 3 3 3 3 3 3 3 3 3 3 3 3 3 3 3 3 3 3 3 3 3 3 3 3 3 3 3 3 3 3 3 3 3 3 3 3 3 3 3 3 3 3 3 3 3 3 3 3 3 3 3 3 3 3 3 3 3 3 3 3 3 3 3 3 3 3 3 3 3 3 3 3 3 3 3 3 3 3 3 3 3 3 3 3 3 3 3 3 3 3 3 3 3 3 3 3 3 3 3 3 3 3 3 3 3 3 3 3 3 3 3 3 3 3 3 3 3 3 3 3 3 3 3 3 3 3 3 3 3 3 3 3 3 3 3 3 3 3 3 3 3 3 3 3 3 3 3 3 3 3 3 3 3 3 3 3 3 3 3 3 3 3 3 3 3 3 3 3 3 3 3 3 3 3 3 3 3 3 3 3 3 3 3 3 3 3 3 3 3 3 3 3 3 3 3 3 3 3 3 3 3 3 3 3 3 3 3 3 3 3 3 3 3 3 3 3 3 3 3 3 3 3 3 3 3 3 3 3 3 3 3 3 3 3 3 3 3 3 3 3 3 3 3 3 3 3 3 3 3 3 3 3 3 3 3 3 3 3 3 3 3 3 3 3 3 3 3 3 3 3 3 3 3 3 3 3 3 3 3 3 3 3 3 3 3 3 3 3 3 3 3 3 3 3 3 3 3 3 3 3 3 3 3 3 3 3 3 3 3 3 3 3 3 3 3 3 3 3 3 3 3 3 3 3 3 3 3 3 3 3 3 3 3 3 3 3 3 3 3 3 3 3 3 3 3 3 3 3 3 3 3 3 3 3 3 3 3 3 3 3 3 3 3 3 3 3 3 3 3 3 3 3 3 3 3 3 3 3 3 3 3 3 3 3 3 3 3 3 3 3 3 3 3 3 3 3 3 3 3 3 3 3 3 3 3 3 3 3 3 3 3 3 3 3 3 3 3 3 3 3 3 3 3 3 3 3 3 3 3 3 3 3 3 3 3 3 3 3 3 3 3 3 3 3 3 3 3 3 3 3 3 3 3 3 3 3 3 3 3 3 3 3 3 3 3 3 3 3 3 3 3 3 3 3 3 3 3 3 3 3 3 3 3 3 3 3 3 3 3 3 3 3 3 3 3 3 3 3 3 3 3 3 3 3 3 3 3 3 3 3 3 3 3 3 3 3 3 3 3 3 3 3 3 3 3 3 3 3 3 3 3 3 3 3 3 3 3 3 3 3 3 3 3 3 3 3 3 3 3 3 3 3 3 3 3 3 3 3 3 3 3 3 3 3 3 3 3 3 3 3 3 3 3 3 3 3 3 3 3 3 3 3 3 3 3 3 3 3 3 3 3 3 3 3 3 3 3 3 3 3 3 3 3 3 3 3 3 3 3 3 3 3 3 3 3 3 3 3 3 3 3 3 3 3 3 3 3 3 3 3 3 3 3 3 3 3 3 3 3 3 3 3 3 3 3 3 3 3 3 3 3 3 3 3 3 3 3 3 3 3 3 3 3 3 3 3 3 3 3 3 3 3 3 3 3 3 3 3 3 3 3 3 3 3 3 3 3 3 3 3 3 3 3 3 3 3 3 3 3 3 3 3 3 3 3 3 3 3 3 3 3 3 3 3 3 3 3 3 3 3 3 3 3 3 3 3 3 3 3 3 3 3 3 3 3 3 3 3 3 3 3 3 3 3 3 3 3 3 3 3 3 3 3 3 3 3 3 3 3 3 3 3 3 3 3 3 3 3 3 3 3 3 3 3 3 3 3 3 3 3 3 3 3 3 3 3 3 3 3 3 3 3 3 3 3 3 3 3 3 3 3 3 3 3 3 3 3 3 3 3 3 3 3 3 3 3 3 3 3 3 3 3 3 3 3 3 3 3 3 3 3 3 3 3 3 3 3 3 3 3 3 3 3 3 3 3 3 3 3 3 3 3 3 3 3 3 3 3 3 3 3 3 3 3 3 3 3 3 3 3 3 3 3 3 3 3 3 3 3 3 3 3 3 3 3 3 3 3 3 3 3 3 3 3 3 3 3 3 3 3 3 3 3 3 3 3 3 3 3 3 3 3 3 3 3 3 3 3 3 3 3 3 3 3 3 3 3 3 3 3 3 3 3 3 3 3 3 3 3 3 3 3 3 3 3 3 3 3 3 3 3 3 3 3 3 3 3 3 3 3 3 3 3 3 3 3 3 3 3 3 3 3 3 3 3 3 3 3 3 3 3 3 3 3 3 3 3 3 3 3 3 3 3 3 3 3 3 3 3 3 3 3 3 3 3 3 3 3 3 3 3 3 3 3 3 3 3 3 3 3 3 3 3 3 3 3 3 3 3 3 3 3 3 3 3 3 3 3 3 3 3 3 3 3 3 3 3 3 3 3 3 3 3 3 3 3 3 3 3 3 3 3 3 3 3 3 3 3 3 3 3 3 3 3 3 3 3 3 3 3 3 3 3 3 3 3 3 3 3 3 3 3 3 3 3 3 3 3 3 3 3 3 3 3 3 3 3 3 3 3 3 3 3 3 3 3 3 3 3 3 3 3 3 3 3 3 3 3 3 3 3 3 3 3 3 3 3 3 3 3 3 3 3 3 3 3 3 3 3 3 3 3 3 3 3 3 3 3 3 3 3 3 3 3 3 3 3 3 3 3 3 3 3 3 3 3 3 3 3 3 3 3 3 3 3 3 3 3 3 3 3 3 3 3 3 3 3 3 3 3 3 3 3 3 3 3 3 3 3 3 3 3 3 3 3 3 3 3 3 3 3 3 3 3 3 3 3 3 3 3 3 3 3 3 3 3 3 3 3 3 3 3 3 3 3 3 3 3 3 3 3 3 3 3 3 3 3 3 3 3 3 3 3 3 3 3 3 3 3 3 3 3 3 3 3 3 3 3 3 3 3 3 3 3 3 3 3 3 3 3 3 3 3 3 3 3 3 3 3 3 3 3 3 3 3 3 3 3 3 3 3 3 3 3 3 3 3 3 3 3 3 3 3 3 3 3 3 3 3 3 3 3 3 3 3 3 3 3 3 3 3 3 3 3 3 3 3 3 3 3 3 3 3 3 3 3 3 3 3 3 3 3 3 3 3 3 3 3 3 3 3 3 3 3 3 3 3 3 3 3 3 3 3 3 3 3 3 3 3 3 3 3 3 3 3 3 3 3 3 3 3 3 3 3 3 3 3 3 3 3 3 3 3 3 3 3 3 3 3 3 3 3 3 3 3 3 3 3 3 3 3 3 3 3 3 3 3 3 3 3 3 3 3 3 3 3 3 3 3 3 3 3 3 3 3 3 3 3 3 3 3 3 3 3 3 3 3 3 3 3 3 3 3 3 3 3 3 3 3 3 3 3 3 3 3 3 3 3 3 3 3 3 3 3 3 3 3 3 3 3 3 3 3 3 3 3 3 3 3 3 3 3 3 3 3 3 3 3 3 3 3 3 3 3 3 3 3 3 3 3 3 3 3 3 3 3 3 3 3 3 3 3 3 3 3 3 3 3 3 3 3 3 3 3 3 3 3 3 3 3 3 3 3 3 3 3 3 3 3 3 3 3 3 3 3 3 3 3 3 3 3 3 3 3 3 3 3 3 3 3 3 3 3 3 3 3 3 3 3 3 3 3 3 3 3 3 3 3 3 3 3 3 3 3 3 3 3 3 3 3 3 3 3 3 3 3 3 3 3 3 3 3 3 3 3 3 3 3 3 3 3 3 3 3 3 3 3 3 3 3 3 3 3 3 3 3 3 3 3 3 3 3 3 3 3 3 3 3 3 3 3 3 3 3 3 3 3 3 3 3 3 3 3 3 3 3 3 3 3 3 3 3 3 3 3 3 3 3 3 3 3 3 3 3 3 3 3 3 3 3 3 3 3 3 3 3 3 3 3 3 3 3 3 3 3 3 3 3 3 3 3 </vcount>
          <p>627 0 628 0 629 0 66 1 67 2 68 3 66 1 68 3 64 4 11 5 10 6 765 7 11 5 765 7 75 8 11 5 75 8 67 2 11 5 67 2 9 9 9 9 67 2 66 1 9 9 66 1 593 10 593 10 66 1 17 11 17 11 66 1 64 4 17 11 64 4 18 12 18 12 64 4 63 13 63 13 64 4 65 14 65 14 64 4 68 3 65 14 68 3 758 15 73 16 10 6 9 9 9 9 10 6 11 5 17 11 591 17 593 10 10 6 73 16 74 18 74 18 73 16 766 19 766 19 73 16 85 20 85 20 73 16 9 9 85 20 9 9 594 21 594 21 9 9 593 10 594 21 593 10 592 22 592 22 593 10 591 17 592 22 591 17 28 23 28 23 591 17 29 24 29 24 591 17 17 11 29 24 17 11 16 25 16 25 17 11 18 12 16 25 18 12 19 26 19 26 18 12 82 27 82 27 18 12 63 13 82 27 63 13 589 28 589 28 63 13 590 29 590 29 63 13 65 14 590 29 65 14 757 30 757 30 65 14 758 15 757 30 758 15 760 31 760 31 758 15 764 32 760 31 764 32 761 33 760 31 761 33 88 34 760 31 88 34 757 30 757 30 88 34 87 35 757 30 87 35 83 36 83 36 87 35 12 37 83 36 12 37 45 38 45 38 12 37 15 39 15 39 12 37 14 40 14 40 12 37 13 41 13 41 12 37 87 35 13 41 87 35 86 42 86 42 87 35 88 34 86 42 88 34 763 43 86 42 763 43 762 44 86 42 762 44 13 41 590 29 757 30 83 36 590 29 83 36 84 45 590 29 84 45 589 28 589 28 84 45 98 46 98 46 84 45 96 47 96 47 84 45 44 48 44 48 84 45 83 36 44 48 83 36 45 38 27 49 28 23 29 24 589 28 98 46 378 50 589 28 378 50 82 27 82 27 378 50 97 51 82 27 97 51 19 26 19 26 97 51 80 52 19 26 80 52 16 25 16 25 80 52 81 53 16 25 81 53 29 24 29 24 81 53 30 54 29 24 30 54 27 49 27 49 30 54 551 55 551 55 30 54 550 56 551 55 550 56 596 57 596 57 550 56 90 58 596 57 90 58 595 59 595 59 90 58 603 60 603 60 90 58 89 61 603 60 89 61 374 62 374 62 89 61 97 51 374 62 97 51 378 50 374 62 378 50 375 63 375 63 378 50 98 46 375 63 98 46 95 64 95 64 98 46 96 47 95 64 96 47 76 65 76 65 96 47 44 48 76 65 44 48 43 66 43 66 44 48 45 38 43 66 45 38 42 67 42 67 45 38 15 39 42 67 15 39 41 68 41 68 15 39 39 69 39 69 15 39 14 40 39 69 14 40 40 70 90 58 550 56 30 54 90 58 30 54 81 53 90 58 81 53 80 52 90 58 80 52 89 61 89 61 80 52 97 51 76 65 79 71 95 64 596 57 597 72 551 55 603 60 374 62 602 73 602 73 374 62 375 63 602 73 375 63 601 74 601 74 375 63 95 64 601 74 95 64 600 75 600 75 95 64 79 71 600 75 79 71 599 76 599 76 79 71 598 77 598 77 79 71 549 78 549 78 79 71 78 79 78 79 79 71 76 65 78 79 76 65 77 80 77 80 76 65 43 66 77 80 43 66 42 67 77 80 42 67 41 68 60 81 61 82 57 83 60 81 57 83 56 84 56 84 57 83 58 85 58 85 57 83 59 86 127 87 128 88 129 89 119 90 128 88 120 91 120 91 128 88 127 87 120 91 127 87 135 92 120 91 135 92 121 93 120 91 121 93 119 90 119 90 121 93 122 94 116 95 117 96 115 97 115 97 117 96 118 98 115 97 118 98 135 92 135 92 118 98 121 93 121 93 118 98 130 99 121 93 130 99 122 94 122 94 130 99 771 100 122 94 771 100 119 90 119 90 771 100 772 101 119 90 772 101 153 102 119 90 153 102 128 88 772 101 773 103 153 102 130 99 770 104 771 100 769 105 770 104 142 106 142 106 770 104 130 99 142 106 130 99 117 96 117 96 130 99 118 98 123 107 124 108 125 109 152 110 123 107 126 111 126 111 123 107 125 109 126 111 125 109 193 112 193 112 125 109 194 113 193 112 194 113 195 114 193 112 195 114 196 115 193 112 196 115 267 116 267 116 196 115 203 117 267 116 203 117 202 118 202 118 203 117 201 119 202 118 201 119 205 120 202 118 205 120 206 121 206 121 205 120 217 122 206 121 217 122 273 123 206 121 273 123 272 124 272 124 273 123 271 125 272 124 271 125 270 126 270 126 271 125 268 127 270 126 268 127 269 128 270 126 269 128 266 129 270 126 266 129 264 130 264 130 266 129 265 131 264 130 265 131 193 112 193 112 265 131 126 111 126 111 265 131 238 132 126 111 238 132 152 110 272 124 270 126 264 130 238 132 265 131 266 129 202 118 206 121 267 116 267 116 206 121 272 124 267 116 272 124 264 130 267 116 264 130 193 112 201 119 203 117 204 133 217 122 205 120 218 134 54 135 55 136 52 137 54 135 52 137 51 138 51 138 52 137 50 139 50 139 52 137 53 140 109 141 110 142 111 143 779 144 780 145 112 146 779 144 112 146 784 147 784 147 112 146 113 148 784 147 113 148 114 149 114 149 113 148 111 143 111 143 113 148 112 146 111 143 112 146 109 141 109 141 112 146 780 145 109 141 780 145 110 142 110 142 780 145 781 150 114 149 783 151 784 147 71 152 72 153 33 154 71 152 33 154 32 155 32 155 33 154 31 156 31 156 33 154 34 157 107 158 99 159 108 160 161 161 101 162 100 163 100 163 101 162 99 159 100 163 99 159 103 164 103 164 99 159 107 158 103 164 107 158 106 165 103 164 106 165 198 166 101 162 102 167 99 159 99 159 102 167 354 168 99 159 354 168 108 160 108 160 354 168 355 169 355 169 354 168 460 170 355 169 460 170 469 171 469 171 460 170 462 172 469 171 462 172 473 173 473 173 462 172 463 174 463 174 462 172 459 175 463 174 459 175 461 176 460 170 354 168 102 167 460 170 102 167 458 177 462 172 460 170 458 177 462 172 458 177 459 175 473 173 476 178 469 171 161 161 162 179 101 162 101 162 162 179 163 180 101 162 163 180 102 167 102 167 163 180 308 181 102 167 308 181 458 177 458 177 308 181 353 182 458 177 353 182 459 175 459 175 353 182 383 183 459 175 383 183 461 176 461 176 383 183 385 184 385 184 383 183 384 185 385 184 384 185 386 186 386 186 384 185 382 187 386 186 382 187 390 188 390 188 382 187 357 189 390 188 357 189 474 190 474 190 357 189 475 191 475 191 357 189 470 192 470 192 357 189 351 193 470 192 351 193 468 194 468 194 351 193 350 195 468 194 350 195 346 196 346 196 350 195 347 197 346 196 347 197 345 198 345 198 347 197 167 199 345 198 167 199 166 200 166 200 167 199 161 161 166 200 161 161 164 201 164 201 161 161 100 163 164 201 100 163 104 202 104 202 100 163 103 164 104 202 103 164 105 203 105 203 103 164 198 166 105 203 198 166 197 204 105 203 197 204 192 205 105 203 192 205 174 206 105 203 174 206 176 207 176 207 174 206 175 208 176 207 175 208 165 209 165 209 175 208 180 210 165 209 180 210 181 211 181 211 180 210 310 212 181 211 310 212 345 198 345 198 310 212 344 213 345 198 344 213 346 196 105 203 176 207 104 202 104 202 176 207 165 209 104 202 165 209 164 201 164 201 165 209 181 211 164 201 181 211 166 200 166 200 181 211 345 198 310 212 180 210 183 214 162 179 348 215 163 180 163 180 348 215 349 216 163 180 349 216 308 181 308 181 349 216 352 217 308 181 352 217 353 182 353 182 352 217 383 183 383 183 352 217 384 185 384 185 352 217 382 187 382 187 352 217 356 218 382 187 356 218 357 189 357 189 356 218 351 193 351 193 356 218 349 216 351 193 349 216 350 195 350 195 349 216 348 215 350 195 348 215 347 197 347 197 348 215 167 199 167 199 348 215 162 179 167 199 162 179 161 161 356 218 352 217 349 216 344 213 310 212 309 219 309 219 310 212 183 214 309 219 183 214 200 220 200 220 183 214 199 221 199 221 183 214 182 222 182 222 183 214 180 210 182 222 180 210 179 223 179 223 180 210 175 208 46 224 47 225 35 226 35 226 47 225 36 227 35 226 36 227 37 228 35 226 37 228 38 229 48 230 49 231 26 232 48 230 26 232 25 233 25 233 26 232 24 234 24 234 26 232 62 235 69 236 70 237 20 238 20 238 70 237 21 239 20 238 21 239 22 240 20 238 22 240 23 241 1108 242 1127 243 1128 244 1108 242 1128 244 1130 245 1130 245 1128 244 1132 246 1132 246 1128 244 1104 247 1104 247 1105 248 1103 249 1104 247 1103 249 1132 246 1132 246 1103 249 1133 250 1132 246 1133 250 1134 251 1132 246 1134 251 1135 252 1132 246 1135 252 1130 245 1130 245 1135 252 1131 253 1130 245 1131 253 1109 254 1130 245 1109 254 1108 242 1108 242 1109 254 1107 255 1108 242 1107 255 1124 256 1108 242 1124 256 1127 243 1127 243 1124 256 1126 257 1127 243 1126 257 1128 244 1128 244 1126 257 1129 258 1128 244 1129 258 1104 247 1104 247 1129 258 1105 248 1103 249 1105 248 1106 259 1124 256 1125 260 1126 257 1107 255 1109 254 1110 261 1686 262 1688 263 1733 264 1683 265 1684 266 1682 267 1683 265 1682 267 1686 262 1686 262 1682 267 1687 268 1686 262 1687 268 1688 263 1688 263 1687 268 1689 269 1689 269 1687 268 1682 267 1689 269 1682 267 1685 270 1685 270 1682 267 1684 266 1656 271 1657 272 987 273 982 274 983 275 984 276 984 276 983 275 1652 277 984 276 1652 277 985 278 985 278 1652 277 1653 279 985 278 1653 279 1656 271 985 278 1656 271 986 280 986 280 1656 271 987 273 986 280 987 273 982 274 986 280 982 274 985 278 985 278 982 274 984 276 983 275 1654 281 1652 277 1021 282 1649 283 1650 284 1016 285 1017 286 1018 287 1016 285 1018 287 1019 288 1019 288 1018 287 1661 289 1019 288 1661 289 1023 290 1023 290 1661 289 1668 291 1023 290 1668 291 1020 292 1020 292 1668 291 1666 293 1020 292 1666 293 1667 294 1020 292 1667 294 1649 283 1020 292 1649 283 1021 282 1020 292 1021 282 1022 295 1020 292 1022 295 1023 290 1023 290 1022 295 1024 296 1023 290 1024 296 1019 288 1019 288 1024 296 1016 285 1490 297 1491 298 1492 299 1490 297 1492 299 1493 300 1493 300 1492 299 1597 301 1493 300 1597 301 1598 302 1401 303 1594 304 1593 305 1401 303 1593 305 1595 306 1595 306 1593 305 1490 297 1595 306 1490 297 1596 307 1596 307 1490 297 1493 300 1596 307 1493 300 1619 308 1619 308 1493 300 1598 302 1619 308 1598 302 1610 309 1610 309 1598 302 1597 301 1610 309 1597 301 1609 310 1610 309 1609 310 1607 311 1610 309 1618 312 1619 308 1619 308 1618 312 1292 313 1289 314 1290 315 1291 316 1291 316 1290 315 1292 313 1292 313 1290 315 1293 317 1292 313 1293 317 1619 308 1619 308 1293 317 1596 307 1596 307 1293 317 1595 306 1595 306 1293 317 1290 315 1595 306 1290 315 1289 314 1595 306 1289 314 1401 303 1592 318 1593 305 1591 319 1591 319 1593 305 1594 304 1591 319 1594 304 1288 320 1288 320 1594 304 1402 321 1402 321 1594 304 1401 303 1402 321 1401 303 1294 322 1294 322 1401 303 1289 314 1294 322 1289 314 1295 323 1295 323 1289 314 1291 316 1295 323 1291 316 1391 324 1391 324 1291 316 1392 325 1392 325 1291 316 1292 313 1392 325 1292 313 1623 326 1623 326 1292 313 1487 327 1487 327 1292 313 1618 312 1487 327 1618 312 1488 328 1488 328 1618 312 1610 309 1488 328 1610 309 1489 329 1489 329 1610 309 1607 311 1489 329 1607 311 1388 330 1388 330 1607 311 1608 331 1388 330 1488 328 1489 329 1591 319 1288 320 1287 332 1678 333 1611 334 1366 335 1678 333 1366 335 1370 336 1370 336 1366 335 1369 337 1370 336 1369 337 1388 330 1388 330 1369 337 1389 338 1388 330 1389 338 1488 328 1488 328 1389 338 1486 339 1488 328 1486 339 1487 327 1487 327 1486 339 1620 340 1487 327 1620 340 1621 341 1487 327 1621 341 1623 326 1623 326 1621 341 1622 342 1623 326 1622 342 1392 325 1392 325 1622 342 1625 343 1392 325 1625 343 1391 324 1391 324 1625 343 1624 344 1391 324 1624 344 1390 345 1391 324 1390 345 1295 323 1295 323 1390 345 1296 346 1295 323 1296 346 1294 322 1294 322 1296 346 1297 347 1294 322 1297 347 1402 321 1402 321 1297 347 1590 348 1402 321 1590 348 1288 320 1288 320 1590 348 1285 349 1288 320 1285 349 1287 332 1287 332 1285 349 1286 350 1356 351 1355 352 1369 337 1369 337 1355 352 1389 338 1389 338 1355 352 1486 339 1299 353 1356 351 1368 354 1368 354 1356 351 1369 337 1368 354 1369 337 1366 335 1368 354 1366 335 1367 355 1366 335 1611 334 1612 356 1366 335 1612 356 1367 355 1367 355 1612 356 1613 357 1367 355 1613 357 1368 354 1368 354 1613 357 1617 358 1368 354 1617 358 1299 353 1299 353 1617 358 1300 359 1612 356 1614 360 1613 357 1617 358 1679 361 1615 362 1617 358 1615 362 1300 359 1300 359 1615 362 1301 363 1300 359 1301 363 1298 364 1300 359 1298 364 1299 353 1299 353 1298 364 1303 365 1299 353 1303 365 1356 351 1356 351 1303 365 1357 366 1356 351 1357 366 1354 367 1356 351 1354 367 1355 352 1355 352 1354 367 1626 368 1355 352 1626 368 1486 339 1486 339 1626 368 1620 340 1301 363 1615 362 1616 369 1298 364 1302 370 1303 365 1303 365 1302 370 1627 371 1303 365 1627 371 1357 366 1302 370 1628 372 1627 371 1160 373 1045 374 1180 375 1041 376 1012 377 1042 378 1041 376 1042 378 1043 379 1041 376 1043 379 1050 380 1041 376 1050 380 1051 381 1041 376 1051 381 1046 382 1046 382 1051 381 1061 383 1046 382 1061 383 1057 384 1057 384 1061 383 1058 385 1057 384 1058 385 1059 386 1057 384 1059 386 1060 387 1057 384 1060 387 1062 388 1062 388 1060 387 1064 389 1062 388 1064 389 1179 390 1062 388 1179 390 1178 391 1178 391 1179 390 1177 392 1178 391 1177 392 1176 393 1176 393 1177 392 1174 394 1176 393 1174 394 1175 395 1176 393 1175 395 1180 375 1176 393 1180 375 1044 396 1044 396 1180 375 1045 374 1044 396 1045 374 1041 376 1041 376 1045 374 1012 377 1012 377 1045 374 1160 373 1012 377 1160 373 1013 397 1012 377 1013 397 1014 398 1012 377 1014 398 1042 378 1042 378 1014 398 1098 399 1044 396 1178 391 1176 393 1044 396 1041 376 1046 382 1044 396 1046 382 1178 391 1178 391 1046 382 1062 388 1062 388 1046 382 1057 384 1060 387 1063 400 1064 389 1441 401 1438 402 1437 403 1441 401 1437 403 1448 404 1448 404 1437 403 1449 405 1439 406 1460 407 1461 408 1439 406 1461 408 1452 409 1452 409 1461 408 1453 410 1452 409 1453 410 1450 411 1452 409 1450 411 1451 412 1452 409 1451 412 1454 413 1452 409 1454 413 1455 414 1455 414 1454 413 1456 415 1455 414 1456 415 1458 416 1458 416 1456 415 1457 417 1458 416 1457 417 1459 418 1458 416 1459 418 1449 405 1449 405 1459 418 1446 419 1449 405 1446 419 1448 404 1448 404 1446 419 1447 420 1448 404 1447 420 1442 421 1448 404 1442 421 1441 401 1441 401 1442 421 1443 422 1441 401 1443 422 1444 423 1441 401 1444 423 1438 402 1438 402 1444 423 1460 407 1438 402 1460 407 1439 406 1438 402 1439 406 1437 403 1437 403 1439 406 1440 424 1437 403 1440 424 1449 405 1449 405 1440 424 1458 416 1458 416 1440 424 1455 414 1455 414 1440 424 1439 406 1455 414 1439 406 1452 409 1443 422 1442 421 1445 425 1425 426 1249 427 1250 428 1425 426 1250 428 1426 429 1426 429 1250 428 1429 430 1426 429 1429 430 1480 431 1480 431 1429 430 1428 432 1480 431 1428 432 1481 433 1481 433 1428 432 1504 434 1481 433 1504 434 1483 435 1481 433 1483 435 1479 436 1481 433 1479 436 1480 431 1480 431 1479 436 1434 437 1480 431 1434 437 1426 429 1426 429 1434 437 1433 438 1426 429 1433 438 1436 439 1436 439 1433 438 1478 440 1478 440 1433 438 1271 441 1478 440 1271 441 1270 442 1425 426 1426 429 1436 439 1269 443 1243 444 1270 442 1269 443 1270 442 1268 445 1268 445 1270 442 1271 441 1268 445 1271 441 1272 446 1272 446 1271 441 1477 447 1477 447 1271 441 1433 438 1477 447 1433 438 1432 448 1432 448 1433 438 1434 437 1432 448 1434 437 1435 449 1435 449 1434 437 1479 436 1435 449 1479 436 1482 450 1482 450 1479 436 1483 435 1482 450 1483 435 1484 451 1484 451 1483 435 1503 452 1503 452 1483 435 1504 434 1503 452 1504 434 1506 453 1272 446 1273 454 1274 455 1272 446 1274 455 1268 445 1268 445 1274 455 1269 443 1269 443 1274 455 1279 456 1279 456 1274 455 1265 457 1265 457 1274 455 1273 454 1265 457 1273 454 1266 458 1329 459 1322 460 1321 461 1321 461 1322 460 1320 462 1321 461 1320 462 1319 463 1319 463 1320 462 1312 464 1319 463 1312 464 1267 465 1267 465 1312 464 1264 466 1267 465 1264 466 1266 458 1266 458 1264 466 1265 457 1265 457 1264 466 1276 467 1265 457 1276 467 1279 456 1279 456 1276 467 1278 468 1279 456 1278 468 1269 443 1269 443 1278 468 1277 469 1269 443 1277 469 1243 444 1243 444 1277 469 1244 470 1243 444 1244 470 1242 471 1242 471 1244 470 1245 472 1245 472 1244 470 1253 473 1253 473 1244 470 1252 474 1253 473 1252 474 1330 475 1330 475 1252 474 1280 476 1330 475 1280 476 1337 477 1337 477 1280 476 1275 478 1337 477 1275 478 1339 479 1339 479 1275 478 1313 480 1339 479 1313 480 1383 481 1383 481 1313 480 1323 482 1383 481 1323 482 1384 483 1384 483 1323 482 1328 484 1384 483 1328 484 1362 485 1362 485 1328 484 1385 486 1362 485 1385 486 1363 487 1363 487 1385 486 1353 488 1363 487 1353 488 1352 489 1352 489 1353 488 1325 490 1352 489 1325 490 1324 491 1324 491 1325 490 1326 492 1324 491 1326 492 1327 493 1329 459 1326 492 1325 490 1329 459 1325 490 1322 460 1322 460 1325 490 1353 488 1322 460 1353 488 1328 484 1322 460 1328 484 1320 462 1320 462 1328 484 1323 482 1320 462 1323 482 1312 464 1312 464 1323 482 1313 480 1312 464 1313 480 1275 478 1312 464 1275 478 1264 466 1264 466 1275 478 1276 467 1276 467 1275 478 1280 476 1276 467 1280 476 1278 468 1278 468 1280 476 1252 474 1278 468 1252 474 1244 470 1278 468 1244 470 1277 469 1353 488 1385 486 1328 484 1384 483 1362 485 1386 494 1384 483 1386 494 1383 481 1383 481 1386 494 1495 495 1383 481 1495 495 1339 479 1339 479 1495 495 1340 496 1339 479 1340 496 1337 477 1337 477 1340 496 1338 497 1337 477 1338 497 1330 475 1350 498 1262 499 1254 500 1350 498 1254 500 1351 501 1351 501 1254 500 1330 475 1330 475 1254 500 1253 473 1351 501 1330 475 1338 497 1351 501 1338 497 1345 502 1345 502 1338 497 1344 503 1344 503 1338 497 1340 496 1344 503 1340 496 1396 504 1396 504 1340 496 1495 495 1396 504 1495 495 1387 505 1387 505 1495 495 1386 494 1387 505 1386 494 1365 506 1365 506 1386 494 1362 485 1365 506 1362 485 1364 507 1364 507 1362 485 1363 487 1364 507 1363 487 1358 508 1358 508 1363 487 1352 489 1358 508 1352 489 1485 509 1485 509 1352 489 1324 491 1485 509 1324 491 1283 510 1283 510 1324 491 1327 493 1283 510 1327 493 1284 511 1283 510 1284 511 1281 512 1283 510 1281 512 1282 513 1283 510 1282 513 1680 514 1283 510 1680 514 1485 509 1485 509 1680 514 1681 515 1485 509 1681 515 1359 516 1485 509 1359 516 1358 508 1358 508 1359 516 1360 517 1358 508 1360 517 1361 518 1358 508 1361 518 1364 507 1364 507 1361 518 1499 519 1364 507 1499 519 1498 520 1364 507 1498 520 1365 506 1365 506 1498 520 1580 521 1365 506 1580 521 1496 522 1365 506 1496 522 1387 505 1387 505 1496 522 1494 523 1387 505 1494 523 1398 524 1398 524 1494 523 1395 525 1398 524 1395 525 1397 526 1397 526 1395 525 1261 527 1261 527 1395 525 1232 528 1261 527 1232 528 1260 529 1260 529 1232 528 1235 530 1260 529 1235 530 1262 499 1262 499 1235 530 1240 531 1262 499 1240 531 1254 500 1254 500 1240 531 1239 532 1254 500 1239 532 1253 473 1253 473 1239 532 1212 533 1253 473 1212 533 1245 472 1245 472 1212 533 1211 534 1245 472 1211 534 1242 471 1242 471 1211 534 1246 535 1246 535 1211 534 965 536 1246 535 965 536 1249 427 1249 427 965 536 964 537 1249 427 964 537 1250 428 1250 428 964 537 1430 538 1250 428 1430 538 1429 430 1429 430 1430 538 1427 539 1429 430 1427 539 1428 432 1428 432 1427 539 1311 540 1428 432 1311 540 1504 434 1504 434 1311 540 1505 541 1504 434 1505 541 1506 453 1506 453 1505 541 1632 542 1632 542 1505 541 1557 543 1632 542 1557 543 1558 544 1558 544 1557 543 1308 545 1308 545 1557 543 1307 546 1308 545 1307 546 1306 547 1306 547 1307 546 1305 548 1306 547 1305 548 1198 549 1198 549 1305 548 1194 550 1198 549 1194 550 1197 551 1197 551 1194 550 1196 552 1196 552 1194 550 1195 553 1196 552 1195 553 1192 554 1192 554 1195 553 1189 555 1192 554 1189 555 1191 556 1191 556 1189 555 1190 557 1191 556 1190 557 1381 558 1381 558 1190 557 1207 559 1381 558 1207 559 1206 560 1206 560 1207 559 1205 561 1206 560 1205 561 1214 562 1214 562 1205 561 1237 563 1214 562 1237 563 1241 564 1241 564 1237 563 1240 531 1241 564 1240 531 1235 530 1241 564 1235 530 1234 565 1234 565 1235 530 1232 528 1234 565 1232 528 1233 566 1233 566 1232 528 1393 567 1233 566 1393 567 1394 568 1394 568 1393 567 1412 569 1394 568 1412 569 1399 570 1399 570 1412 569 1400 571 1399 570 1400 571 1376 572 1399 570 1376 572 1314 573 1314 573 1376 572 1375 574 1314 573 1375 574 1186 575 1186 575 1375 574 1373 576 1186 575 1373 576 1184 577 1184 577 1373 576 1187 578 1184 577 1187 578 1185 579 1185 579 1187 578 1188 580 1188 580 1187 578 1371 581 1188 580 1371 581 1372 582 1372 582 1371 581 1378 583 1372 582 1378 583 1379 584 1379 584 1378 583 1587 585 1379 584 1587 585 1586 586 1586 586 1587 585 1317 587 1586 586 1317 587 1316 588 1316 588 1317 587 1315 589 1315 589 1317 587 1318 590 1315 589 1318 590 1568 591 1568 591 1318 590 1569 592 1568 591 1569 592 1599 593 1599 593 1569 592 1600 594 1600 594 1569 592 1570 595 1600 594 1570 595 1601 596 1601 596 1570 595 1602 597 1602 597 1570 595 1577 598 1602 597 1577 598 1603 599 1603 599 1577 598 1571 600 1603 599 1571 600 1572 601 1572 601 1571 600 1409 602 1572 601 1409 602 1411 603 1411 603 1409 602 1408 604 1411 603 1408 604 1418 605 1418 605 1408 604 1419 606 1418 605 1419 606 1417 607 1417 607 1419 606 1420 608 1417 607 1420 608 1421 609 1421 609 1420 608 1412 569 1421 609 1412 569 1393 567 1421 609 1393 567 1395 525 1395 525 1393 567 1232 528 1387 505 1398 524 1396 504 1396 504 1398 524 1397 526 1396 504 1397 526 1344 503 1497 610 1418 605 1417 607 1420 608 1581 611 1412 569 1412 569 1581 611 1400 571 1240 531 1237 563 1239 532 1239 532 1237 563 1238 612 1239 532 1238 612 1212 533 1212 533 1238 612 1213 613 1212 533 1213 613 1211 534 1211 534 1213 613 965 536 1418 605 1574 614 1411 603 1411 603 1574 614 1573 615 1411 603 1573 615 1572 601 1421 609 1395 525 1494 523 1421 609 1494 523 1417 607 1417 607 1494 523 1497 610 1497 610 1494 523 1496 522 1497 610 1496 522 1418 605 1418 605 1496 522 1575 616 1418 605 1575 616 1574 614 1574 614 1575 616 1576 617 1574 614 1576 617 1606 618 1574 614 1606 618 1573 615 1573 615 1606 618 1605 619 1573 615 1605 619 1572 601 1572 601 1605 619 1604 620 1572 601 1604 620 1603 599 1575 616 1496 522 1576 617 1205 561 1207 559 1208 621 1208 621 1207 559 1190 557 1208 621 1190 557 962 622 962 622 1190 557 1189 555 962 622 1189 555 963 623 963 623 1189 555 1431 624 1431 624 1189 555 1195 553 1431 624 1195 553 1304 625 1304 625 1195 553 1194 550 1304 625 1194 550 1305 548 1237 563 1205 561 1238 612 1238 612 1205 561 1208 621 1238 612 1208 621 1213 613 1213 613 1208 621 962 622 1213 613 962 622 965 536 965 536 962 622 964 537 964 537 962 622 963 623 964 537 963 623 1430 538 1430 538 963 623 1431 624 1430 538 1431 624 1427 539 1427 539 1431 624 1304 625 1427 539 1304 625 1309 626 1309 626 1304 625 1305 548 1309 626 1305 548 1307 546 1309 626 1307 546 1310 627 1310 627 1307 546 1557 543 1310 627 1557 543 1505 541 1310 627 1505 541 1311 540 1310 627 1311 540 1309 626 1309 626 1311 540 1427 539 1214 562 1241 564 1215 628 1215 628 1241 564 1234 565 1215 628 1234 565 1216 629 1216 629 1234 565 1233 566 1216 629 1233 566 1231 630 1231 630 1233 566 1394 568 1231 630 1394 568 1236 631 1236 631 1394 568 1399 570 1236 631 1399 570 1314 573 1236 631 1314 573 881 632 881 632 1314 573 1186 575 881 632 1186 575 873 633 873 633 1186 575 1184 577 873 633 1184 577 874 634 874 634 1184 577 1185 579 874 634 875 635 873 633 873 633 875 635 876 636 873 633 876 636 881 632 881 632 876 636 880 637 881 632 880 637 1236 631 1236 631 880 637 1231 630 1231 630 880 637 879 638 1231 630 879 638 1216 629 1216 629 879 638 1203 639 1216 629 1203 639 1215 628 1215 628 1203 639 1204 640 1215 628 1204 640 1214 562 1214 562 1204 640 1206 560 1206 560 1204 640 1210 641 1206 560 1210 641 1381 558 1381 558 1210 641 1380 642 1381 558 1380 642 1193 643 1381 558 1193 643 1191 556 1191 556 1193 643 1192 554 1407 644 1408 604 1409 602 1407 644 1409 602 1410 645 1410 645 1409 602 1571 600 1410 645 1571 600 1577 598 1410 645 1577 598 1406 646 1406 646 1577 598 1570 595 1406 646 1570 595 1569 592 1406 646 1569 592 1318 590 1406 646 1318 590 1405 647 1405 647 1318 590 1317 587 1405 647 1317 587 1588 648 1588 648 1317 587 1587 585 1588 648 1587 585 1378 583 1588 648 1378 583 1382 649 1382 649 1378 583 1371 581 1382 649 1371 581 1374 650 1374 650 1371 581 1187 578 1374 650 1187 578 1373 576 1374 650 1373 576 1404 651 1404 651 1373 576 1375 574 1404 651 1375 574 1377 652 1377 652 1375 574 1376 572 1404 651 1377 652 1403 653 1404 651 1403 653 1374 650 1374 650 1403 653 1382 649 1382 649 1403 653 1588 648 1588 648 1403 653 1589 654 1588 648 1589 654 1405 647 1405 647 1589 654 1578 655 1405 647 1578 655 1579 656 1405 647 1579 656 1406 646 1406 646 1579 656 1410 645 1410 645 1579 656 1407 644 1209 657 1380 642 1210 641 1209 657 1210 641 1202 658 1202 658 1210 641 1204 640 1202 658 1204 640 1203 639 1202 658 1203 639 1199 659 1199 659 1203 639 879 638 1199 659 879 638 877 660 877 660 879 638 880 637 877 660 880 637 876 636 877 660 876 636 875 635 877 660 875 635 878 661 1199 659 877 660 878 661 1199 659 878 661 1200 662 1199 659 1200 662 1202 658 1202 658 1200 662 1201 663 1202 658 1201 663 1209 657 1559 664 1567 665 1565 666 1507 667 1508 668 1509 669 1509 669 1508 668 1511 670 1509 669 1511 670 1513 671 1513 671 1511 670 1512 672 1513 671 1512 672 1514 673 1513 671 1514 673 1515 674 1515 674 1514 673 1564 675 1515 674 1564 675 1516 676 1515 674 1516 676 1518 677 1518 677 1516 676 1517 678 1518 677 1517 678 1519 679 1518 677 1519 679 1529 680 1518 677 1529 680 1528 681 1528 681 1529 680 1526 682 1528 681 1526 682 1527 683 1528 681 1527 683 1566 684 1528 681 1566 684 1522 685 1522 685 1566 684 1523 686 1522 685 1523 686 1520 687 1522 685 1520 687 1521 688 1522 685 1521 688 1524 689 1524 689 1521 688 1525 690 1524 689 1525 690 1559 664 1524 689 1559 664 1530 691 1530 691 1559 664 1565 666 1530 691 1565 666 1555 692 1530 691 1555 692 1531 693 1531 693 1555 692 1556 694 1531 693 1556 694 1553 695 1531 693 1553 695 1554 696 1554 696 1553 695 1561 697 1554 696 1561 697 1560 698 1554 696 1560 698 1551 699 1551 699 1560 698 1552 700 1551 699 1552 700 1544 701 1544 701 1552 700 1550 702 1544 701 1550 702 1540 703 1544 701 1540 703 1542 704 1542 704 1540 703 1541 705 1531 693 1554 696 1534 706 1534 706 1554 696 1551 699 1542 704 1545 707 1544 701 1544 701 1545 707 1538 708 1544 701 1538 708 1551 699 1551 699 1538 708 1534 706 1534 706 1538 708 1537 709 1534 706 1537 709 1536 710 1537 709 1538 708 1539 711 1539 711 1538 708 1545 707 1543 712 1507 667 1510 713 1510 713 1507 667 1509 669 1510 713 1509 669 1546 714 1546 714 1509 669 1547 715 1546 714 1547 715 1562 716 1562 716 1547 715 1549 717 1549 717 1547 715 1548 718 1549 717 1548 718 1563 719 1563 719 1548 718 1535 720 1563 719 1535 720 1534 706 1534 706 1535 720 1532 721 1534 706 1532 721 1531 693 1531 693 1532 721 1530 691 1530 691 1532 721 1533 722 1530 691 1533 722 1524 689 1524 689 1533 722 1522 685 1522 685 1533 722 1528 681 1528 681 1533 722 1532 721 1528 681 1532 721 1518 677 1518 677 1532 721 1548 718 1518 677 1548 718 1515 674 1515 674 1548 718 1547 715 1515 674 1547 715 1513 671 1513 671 1547 715 1509 669 1532 721 1535 720 1548 718 1168 723 1159 724 1169 725 1168 723 1169 725 1170 726 1170 726 1169 725 1166 727 1168 723 1170 726 1171 728 1152 729 1153 730 1154 731 1152 729 1154 731 1155 732 1152 729 1155 732 1166 727 1152 729 1166 727 1167 733 1167 733 1166 727 1169 725 1167 733 1169 725 1158 734 1158 734 1169 725 1159 724 1158 734 1159 724 1156 735 1158 734 1156 735 1157 736 1158 734 1157 736 1162 737 1162 737 1157 736 1163 738 1162 737 1163 738 1164 739 1162 737 1164 739 1165 740 1165 740 1164 739 1172 741 1165 740 1172 741 1173 742 1165 740 1173 742 1153 730 1165 740 1153 730 1152 729 1165 740 1152 729 1167 733 1165 740 1167 733 1162 737 1162 737 1167 733 1158 734 1500 743 1501 743 1502 743 1140 744 1068 745 1138 746 1140 744 1138 746 1145 747 1145 747 1138 746 1141 748 1075 749 1140 744 1079 750 1079 750 1140 744 1145 747 998 751 1025 752 999 753 998 751 999 753 996 754 996 754 999 753 1068 745 996 754 1068 745 1067 755 1067 755 1068 745 1066 756 1066 756 1068 745 1069 757 1069 757 1068 745 1140 744 1069 757 1140 744 1074 758 1074 758 1140 744 1075 749 1074 758 1075 749 1076 759 1076 759 1075 749 1078 760 1078 760 1075 749 1079 750 1078 760 1079 750 1090 761 1090 761 1079 750 1146 762 1146 762 1079 750 1145 747 1146 762 1145 747 1144 763 1144 763 1145 747 1141 748 1144 763 1141 748 1143 764 1143 764 1141 748 1142 765 1142 765 1141 748 1139 766 1139 766 1141 748 1138 746 1139 766 1138 746 1137 767 1137 767 1138 746 1068 745 1137 767 1068 745 999 753 1137 767 999 753 1111 768 1111 768 999 753 1025 752 1137 767 1111 768 1139 766 1078 760 1090 761 1091 769 996 754 997 770 998 751 1074 758 1076 759 1077 771 1100 772 1101 773 1099 774 1100 772 1099 774 1121 775 1121 775 1099 774 1122 776 1121 775 1122 776 1120 777 1120 777 1122 776 1123 778 1123 778 1122 776 1651 779 1651 779 1122 776 1099 774 1651 779 1099 774 1102 780 1102 780 1099 774 1101 773 1102 780 1101 773 1112 781 1102 780 1112 781 1113 782 1102 780 1113 782 1651 779 994 783 1645 784 1644 785 994 783 1644 785 995 786 993 787 994 783 992 788 992 788 994 783 995 786 992 788 995 786 1003 789 1003 789 995 786 1644 785 1003 789 1644 785 1642 790 1642 790 1643 791 1015 792 1642 790 1015 792 1003 789 1003 789 1015 792 988 793 1003 789 988 793 991 794 1003 789 991 794 992 788 992 788 991 794 1008 795 992 788 1008 795 993 787 993 787 1008 795 1001 796 993 787 1001 796 1000 797 993 787 1000 797 994 783 994 783 1000 797 1026 798 994 783 1026 798 1645 784 1645 784 1026 798 1646 799 1000 797 1001 796 1002 800 988 793 989 801 990 802 988 793 990 802 991 794 991 794 990 802 1008 795 961 803 970 804 952 805 961 803 952 805 960 806 960 806 952 805 951 807 960 806 951 807 903 808 960 806 903 808 1424 809 1251 810 953 811 970 804 970 804 953 811 890 812 970 804 890 812 952 805 952 805 890 812 889 813 952 805 889 813 951 807 951 807 889 813 900 814 951 807 900 814 903 808 903 808 900 814 902 815 903 808 902 815 1423 816 903 808 1423 816 1424 809 1424 809 1423 816 1468 817 1424 809 1468 817 960 806 960 806 1468 817 1469 818 960 806 1469 818 1476 819 960 806 1476 819 961 803 961 803 1476 819 1247 820 961 803 1247 820 970 804 970 804 1247 820 1251 810 1251 810 1247 820 1248 821 1248 821 1247 820 1475 822 1248 821 1475 822 1474 823 1247 820 1476 819 1475 822 900 814 901 824 902 815 1423 816 1470 825 1468 817 953 811 891 826 890 812 890 812 891 826 889 813 889 813 891 826 892 827 889 813 892 827 900 814 900 814 892 827 1464 828 900 814 1464 828 901 824 901 824 1464 828 1465 829 1465 829 1464 828 1466 830 1465 829 1466 830 1467 831 1466 830 1464 828 892 827 947 832 884 833 946 834 947 832 946 834 1639 835 947 832 1639 835 956 836 947 832 956 836 882 837 882 837 956 836 1467 831 882 837 1467 831 1466 830 882 837 1466 830 941 838 941 838 1466 830 892 827 941 838 892 827 936 839 936 839 892 827 891 826 936 839 891 826 937 840 937 840 891 826 953 811 937 840 953 811 1462 841 1462 841 953 811 1251 810 1462 841 1251 810 971 842 971 842 1251 810 1248 821 971 842 1248 821 968 843 968 843 1248 821 1474 823 968 843 1474 823 1473 844 968 843 1473 844 969 845 969 845 1473 844 1471 846 969 845 1471 846 1472 847 969 845 1472 847 1422 848 969 845 1422 848 949 849 969 845 949 849 966 850 966 850 949 849 918 851 966 850 918 851 917 852 917 852 918 851 916 853 917 852 916 853 954 854 954 854 916 853 885 855 954 854 885 855 957 856 957 856 885 855 888 857 957 856 888 857 958 858 958 858 888 857 1635 859 958 858 1635 859 1636 860 958 858 1636 860 959 861 958 858 959 861 957 856 957 856 959 861 1630 862 957 856 1630 862 954 854 954 854 1630 862 1463 863 954 854 1463 863 955 864 955 864 1463 863 1462 841 955 864 1462 841 971 842 955 864 971 842 967 865 967 865 971 842 968 843 967 865 968 843 966 850 966 850 968 843 969 845 882 837 884 833 947 832 917 852 954 854 955 864 917 852 955 864 967 865 917 852 967 865 966 850 916 853 918 851 915 866 916 853 915 866 886 867 916 853 886 867 885 855 918 851 949 849 950 868 918 851 950 868 915 866 915 866 950 868 914 869 915 866 914 869 886 867 886 867 914 869 912 870 886 867 912 870 887 871 886 867 887 871 885 855 885 855 887 871 888 857 887 871 912 870 913 872 941 838 936 839 939 873 941 838 939 873 940 874 941 838 940 874 882 837 882 837 940 874 883 875 882 837 883 875 884 833 884 833 883 875 1638 876 1638 876 883 875 948 877 948 877 883 875 940 874 936 839 937 840 938 878 936 839 938 878 939 873 939 873 938 878 1631 879 937 840 1462 841 1463 863 937 840 1463 863 938 878 938 878 1463 863 1630 862 938 878 1630 862 1631 879 1631 879 1630 862 1634 880 1631 879 1634 880 1637 881 1637 881 1634 880 1633 882 1633 882 1634 880 959 861 959 861 1634 880 1630 862 1225 883 1331 884 1332 885 1332 885 1331 884 1335 886 1335 886 1331 884 1333 887 1335 886 1333 887 1342 888 1342 888 1333 887 1228 889 974 890 980 891 981 892 974 890 981 892 1227 893 1227 893 981 892 1228 889 1227 893 1228 889 1333 887 1227 893 1333 887 975 894 975 894 1333 887 1331 884 975 894 1331 884 1181 895 1181 895 1331 884 1225 883 1181 895 1225 883 1226 896 1226 896 1225 883 1256 897 1256 897 1225 883 1332 885 1256 897 1332 885 1334 898 1334 898 1332 885 1336 899 1336 899 1332 885 1335 886 1336 899 1335 886 1346 900 1346 900 1335 886 1342 888 1346 900 1342 888 1349 901 974 890 1227 893 975 894 1334 898 1258 902 1256 897 1256 897 1258 902 1257 903 1256 897 1257 903 1226 896 1226 896 1257 903 1255 904 1255 904 1257 903 1259 905 1255 904 1259 905 1263 906 1257 903 1258 902 1259 905 972 907 974 890 975 894 972 907 975 894 1036 908 1036 908 975 894 1181 895 1036 908 1181 895 1221 909 1221 909 1181 895 1226 896 1221 909 1226 896 1229 910 1229 910 1226 896 1255 904 1229 910 1255 904 1230 911 1230 911 1255 904 1263 906 1230 911 1263 906 1347 912 1230 911 1347 912 1348 913 1230 911 1348 913 1343 914 1230 911 1343 914 1224 915 1224 915 1343 914 1341 916 1224 915 1341 916 1223 917 1223 917 1341 916 1220 918 1223 917 1220 918 1219 919 1219 919 1220 918 1218 920 1219 919 1218 920 1039 921 1039 921 1218 920 1040 922 1039 921 1040 922 1035 923 1035 923 1040 922 1037 924 1035 923 1037 924 973 925 973 925 1037 924 977 926 973 925 977 926 976 927 976 927 977 926 978 928 976 927 978 928 1071 929 1071 929 978 928 1070 930 1070 930 978 928 1065 931 1065 931 978 928 1047 932 1047 932 978 928 1048 933 1047 932 1048 933 1049 934 1049 934 1048 933 1038 935 1049 934 1038 935 1053 936 1053 936 1038 935 1054 937 1053 936 1054 937 1182 938 1182 938 1054 937 1218 920 1182 938 1218 920 1217 939 1217 939 1218 920 1220 918 1040 922 1218 920 1054 937 1040 922 1054 937 1037 924 1037 924 1054 937 1038 935 1037 924 1038 935 977 926 977 926 1038 935 1048 933 977 926 1048 933 978 928 1071 929 979 940 976 927 976 927 979 940 980 891 976 927 980 891 974 890 976 927 974 890 973 925 973 925 974 890 972 907 973 925 972 907 1035 923 1035 923 972 907 1034 941 1035 923 1034 941 1039 921 1039 921 1034 941 1222 942 1039 921 1222 942 1219 919 1219 919 1222 942 1223 917 1223 917 1222 942 1221 909 1223 917 1221 909 1224 915 1224 915 1221 909 1229 910 1224 915 1229 910 1230 911 1034 941 972 907 1036 908 1034 941 1036 908 1222 942 1222 942 1036 908 1221 909 1053 936 1182 938 1056 943 1052 944 1049 934 1053 936 1052 944 1053 936 1055 945 1055 945 1053 936 1056 943 1055 945 1056 943 1073 946 1073 946 1056 943 1072 947 1072 947 1056 943 1183 948 1183 948 1056 943 1182 938 1183 948 1182 938 1217 939 1096 949 1093 950 1097 951 1672 952 1097 951 1671 953 1671 953 1097 951 1093 950 1671 953 1093 950 1673 954 1673 954 1093 950 1081 955 1673 954 1081 955 1674 956 1088 957 1089 958 1086 959 1088 957 1086 959 1087 960 1087 960 1086 959 1677 961 1087 960 1677 961 1085 962 1085 962 1677 961 1676 963 1085 962 1676 963 1084 964 1084 964 1676 963 1675 965 1084 964 1675 965 1083 966 1083 966 1675 965 1674 956 1083 966 1674 956 1080 967 1080 967 1674 956 1081 955 1080 967 1081 955 1082 968 1082 968 1081 955 1093 950 1082 968 1093 950 1092 969 1092 969 1093 950 1096 949 1092 969 1096 949 1094 970 1095 971 1088 957 1087 960 1095 971 1087 960 1092 969 1092 969 1087 960 1085 962 1092 969 1085 962 1082 968 1082 968 1085 962 1084 964 1082 968 1084 964 1083 966 1082 968 1083 966 1080 967 1092 969 1094 970 1095 971 930 972 932 973 931 974 930 972 931 974 929 975 929 975 931 974 933 976 933 976 931 974 934 977 928 978 927 979 923 980 923 980 927 979 924 981 923 980 924 981 925 982 923 980 925 982 926 983 919 984 920 985 910 986 919 984 910 986 909 987 909 987 910 986 908 988 908 988 910 986 911 989 944 990 945 991 904 992 904 992 945 991 905 993 904 992 905 993 906 994 904 992 906 994 907 995 897 996 935 997 898 998 897 996 898 998 899 999 899 999 898 998 922 1000 922 1000 898 998 921 1001 813 1002 860 1003 815 1004 809 1005 810 1006 811 1007 811 1007 810 1006 813 1002 811 1007 813 1002 814 1008 814 1008 813 1002 815 1004 814 1008 815 1004 816 1009 814 1008 816 1009 811 1007 811 1007 816 1009 812 1010 811 1007 812 1010 809 1005 854 1011 855 1012 856 1013 856 1013 855 1012 857 1014 856 1013 857 1014 858 1015 942 1016 943 1017 895 1018 942 1016 895 1018 894 1019 894 1019 895 1018 893 1020 893 1020 895 1018 896 1021 847 1022 848 1023 849 1024 849 1024 848 1023 851 1025 849 1024 851 1025 852 1026 849 1024 852 1026 850 1027 849 1024 850 1027 847 1022 833 1028 836 1029 834 1030 833 1028 834 1030 832 1031 832 1031 834 1030 835 1032 832 1031 835 1032 837 1033 832 1031 837 1033 853 1034 832 1031 853 1034 833 1028 823 1035 828 1036 824 1037 823 1035 824 1037 825 1038 823 1035 825 1038 826 1039 823 1035 826 1039 827 1040 827 1040 826 1039 829 1041 827 1040 829 1041 830 1042 830 1042 829 1041 831 1043 823 1035 827 1040 828 1036 828 1036 827 1040 830 1042 838 1044 839 1045 840 1046 840 1046 839 1045 842 1047 840 1046 842 1047 843 1048 840 1046 843 1048 844 1049 844 1049 843 1048 845 1050 844 1049 845 1050 846 1051 844 1049 846 1051 841 1052 844 1049 841 1052 840 1046 840 1046 841 1052 838 1044 817 1053 818 1054 819 1055 819 1055 818 1054 821 1056 819 1055 821 1056 822 1057 819 1055 822 1057 859 1058 819 1055 859 1058 820 1059 819 1055 820 1059 817 1053 259 1060 231 1061 255 1062 259 1060 255 1062 257 1063 257 1063 255 1062 237 1064 237 1064 255 1062 254 1065 230 1066 231 1061 232 1067 232 1067 231 1061 259 1060 232 1067 259 1060 262 1068 262 1068 259 1060 261 1069 261 1069 259 1060 260 1070 260 1070 259 1060 257 1063 260 1070 257 1063 258 1071 258 1071 257 1063 236 1072 236 1072 257 1063 237 1064 236 1072 237 1064 234 1073 234 1073 237 1064 253 1074 253 1074 237 1064 254 1065 253 1074 254 1065 251 1075 251 1075 254 1065 255 1062 251 1075 255 1062 256 1076 256 1076 255 1062 231 1061 256 1076 231 1061 230 1066 230 1066 232 1067 233 1077 251 1075 252 1078 253 1074 234 1073 235 1079 236 1072 453 1080 612 1081 410 1082 512 1083 491 1084 490 1085 490 1085 491 1084 489 1086 490 1085 489 1086 487 1087 490 1085 487 1087 479 1088 479 1088 487 1087 612 1081 479 1088 612 1081 453 1080 479 1088 453 1080 452 1089 479 1088 452 1089 480 1090 480 1090 452 1089 449 1091 480 1090 449 1091 455 1092 455 1092 449 1091 447 1093 455 1092 447 1093 450 1094 450 1094 447 1093 440 1095 450 1094 511 1096 455 1092 455 1092 511 1096 491 1084 455 1092 491 1084 512 1083 455 1092 512 1083 480 1090 480 1090 512 1083 490 1085 480 1090 490 1085 479 1088 341 1097 366 1098 334 1099 334 1099 366 1098 365 1100 334 1099 365 1100 335 1101 335 1101 365 1100 338 1102 335 1101 338 1102 93 1103 93 1103 338 1102 94 1104 93 1103 94 1104 91 1105 91 1105 94 1104 376 1106 91 1105 376 1106 377 1107 377 1107 376 1106 552 1108 377 1107 552 1108 553 1109 553 1109 552 1108 563 1110 553 1109 563 1110 560 1111 560 1111 563 1110 605 1112 560 1111 605 1112 398 1113 398 1113 605 1112 395 1114 398 1113 395 1114 397 1115 397 1115 395 1114 396 1116 397 1115 396 1116 399 1117 399 1117 396 1116 406 1118 399 1117 406 1118 392 1119 392 1119 406 1118 402 1120 392 1119 402 1120 393 1121 393 1121 402 1120 403 1122 393 1121 403 1122 440 1095 440 1095 403 1122 439 1123 440 1095 439 1123 450 1094 450 1094 439 1123 510 1124 450 1094 510 1124 511 1096 511 1096 510 1124 513 1125 511 1096 513 1125 491 1084 491 1084 513 1125 492 1126 491 1084 492 1126 489 1086 489 1086 492 1126 625 1127 489 1086 625 1127 626 1128 489 1086 626 1128 488 1129 489 1086 488 1129 487 1087 487 1087 488 1129 485 1130 487 1087 485 1130 486 1131 487 1087 486 1131 612 1081 612 1081 486 1131 808 1132 612 1081 808 1132 807 1133 612 1081 807 1133 410 1082 410 1082 807 1133 411 1134 410 1082 411 1134 408 1135 410 1082 408 1135 409 1136 410 1082 409 1136 454 1137 410 1082 454 1137 453 1080 453 1080 454 1137 451 1138 453 1080 451 1138 452 1089 452 1089 451 1138 456 1139 452 1089 456 1139 449 1091 449 1091 456 1139 448 1140 449 1091 448 1140 447 1093 447 1093 448 1140 446 1141 447 1093 446 1141 440 1095 440 1095 446 1141 394 1142 440 1095 394 1142 393 1121 393 1121 394 1142 391 1143 393 1121 391 1143 392 1119 392 1119 391 1143 400 1144 392 1119 400 1144 399 1117 399 1117 400 1144 401 1145 399 1117 401 1145 397 1115 397 1115 401 1145 398 1113 398 1113 401 1145 604 1146 398 1113 604 1146 560 1111 560 1111 604 1146 561 1147 560 1111 561 1147 559 1148 559 1148 561 1147 562 1149 559 1148 562 1149 607 1150 607 1150 562 1149 609 1151 607 1150 609 1151 611 1152 611 1152 609 1151 610 1153 611 1152 610 1153 630 1154 611 1152 630 1154 631 1155 631 1155 630 1154 632 1156 631 1155 632 1156 633 1157 633 1157 632 1156 759 1158 633 1157 759 1158 687 1159 687 1159 759 1158 688 1160 687 1159 688 1160 435 1161 687 1159 435 1161 434 1162 434 1162 435 1161 433 1163 434 1162 433 1163 432 1164 432 1164 433 1163 325 1165 432 1164 325 1165 323 1166 323 1166 325 1165 324 1167 323 1166 324 1167 321 1168 323 1166 321 1168 322 1169 322 1169 321 1168 319 1170 322 1169 319 1170 318 1171 318 1171 319 1170 316 1172 318 1171 316 1172 317 1173 317 1173 316 1172 507 1174 317 1173 507 1174 332 1175 332 1175 507 1174 333 1176 332 1175 333 1176 334 1099 334 1099 333 1176 341 1097 341 1097 333 1176 331 1177 341 1097 331 1177 342 1178 342 1178 331 1177 330 1179 342 1178 330 1179 343 1180 343 1180 330 1179 7 1181 343 1180 7 1181 358 1182 358 1182 7 1181 6 1183 358 1182 6 1183 363 1184 363 1184 6 1183 8 1185 363 1184 8 1185 441 1186 441 1186 8 1185 313 1187 441 1186 313 1187 503 1188 503 1188 313 1187 501 1189 503 1188 501 1189 531 1190 531 1190 501 1189 500 1191 531 1190 500 1191 530 1192 530 1192 500 1191 509 1193 530 1192 509 1193 715 1194 715 1194 509 1193 506 1195 715 1194 506 1195 714 1196 714 1196 506 1195 505 1197 714 1196 505 1197 713 1198 714 1196 713 1198 442 1199 442 1199 713 1198 443 1200 442 1199 443 1200 444 1201 442 1199 444 1201 445 1202 445 1202 444 1201 695 1203 445 1202 695 1203 696 1204 696 1204 695 1203 726 1205 696 1204 726 1205 727 1206 696 1204 727 1206 697 1207 697 1207 727 1206 728 1208 697 1207 728 1208 729 1209 697 1207 729 1209 704 1210 704 1210 729 1209 730 1211 704 1210 730 1211 698 1212 698 1212 730 1211 699 1213 698 1212 699 1213 534 1214 534 1214 699 1213 538 1215 534 1214 538 1215 535 1216 535 1216 538 1215 545 1217 535 1216 545 1217 544 1218 544 1218 545 1217 546 1219 544 1218 546 1219 547 1220 547 1220 546 1219 548 1221 547 1220 548 1221 539 1222 539 1222 548 1221 521 1223 539 1222 521 1223 520 1224 520 1224 521 1223 360 1225 520 1224 360 1225 358 1182 358 1182 360 1225 343 1180 343 1180 360 1225 359 1226 343 1180 359 1226 342 1178 342 1178 359 1226 368 1227 342 1178 368 1227 341 1097 341 1097 368 1227 366 1098 366 1098 368 1227 367 1228 366 1098 367 1228 364 1229 364 1229 367 1228 381 1230 364 1229 381 1230 379 1231 379 1231 381 1230 457 1232 379 1231 457 1232 380 1233 380 1233 457 1232 407 1234 380 1233 407 1234 405 1235 405 1235 407 1234 402 1120 405 1235 402 1120 406 1118 405 1235 406 1118 396 1116 405 1235 396 1116 404 1236 404 1236 396 1116 370 1237 404 1236 370 1237 369 1238 369 1238 370 1237 371 1239 369 1238 371 1239 372 1240 372 1240 371 1239 340 1241 372 1240 340 1241 339 1242 339 1242 340 1241 338 1102 339 1242 338 1102 365 1100 339 1242 365 1100 364 1229 364 1229 365 1100 366 1098 358 1182 363 1184 520 1224 405 1235 404 1236 369 1238 405 1235 369 1238 380 1233 380 1233 369 1238 379 1231 379 1231 369 1238 372 1240 379 1231 372 1240 339 1242 379 1231 339 1242 364 1229 396 1116 395 1114 370 1237 371 1239 373 1243 340 1241 340 1241 373 1243 94 1104 340 1241 94 1104 338 1102 94 1104 373 1243 376 1106 403 1122 402 1120 407 1234 403 1122 407 1234 464 1244 464 1244 407 1234 457 1232 687 1159 434 1162 437 1245 687 1159 437 1245 633 1157 539 1222 520 1224 527 1246 527 1246 520 1224 363 1184 527 1246 363 1184 441 1186 545 1217 624 1247 546 1219 606 1248 559 1148 607 1150 560 1111 559 1148 553 1109 553 1109 559 1148 606 1248 553 1109 606 1248 554 1249 553 1109 554 1249 377 1107 377 1107 554 1249 557 1250 377 1107 557 1250 91 1105 91 1105 557 1250 92 1251 91 1105 92 1251 93 1103 434 1162 432 1164 436 1252 434 1162 436 1252 437 1245 437 1245 436 1252 438 1253 437 1245 438 1253 633 1157 633 1157 438 1253 631 1155 332 1175 334 1099 335 1101 332 1175 335 1101 317 1173 317 1173 335 1101 93 1103 317 1173 93 1103 318 1171 318 1171 93 1103 92 1251 318 1171 92 1251 558 1254 558 1254 92 1251 557 1250 558 1254 557 1250 556 1255 556 1255 557 1250 554 1249 556 1255 554 1249 555 1256 555 1256 554 1249 606 1248 555 1256 606 1248 608 1257 608 1257 606 1248 607 1150 608 1257 607 1150 611 1152 608 1257 611 1152 631 1155 608 1257 631 1155 555 1256 555 1256 631 1155 438 1253 555 1256 438 1253 556 1255 556 1255 438 1253 436 1252 556 1255 436 1252 431 1258 431 1258 436 1252 432 1164 431 1258 432 1164 323 1166 431 1258 323 1166 322 1169 431 1258 322 1169 558 1254 558 1254 322 1169 318 1171 558 1254 556 1255 431 1258 510 1124 439 1123 466 1259 466 1259 439 1123 403 1122 466 1259 403 1122 464 1244 538 1215 699 1213 700 1260 538 1215 700 1260 701 1261 538 1215 701 1261 545 1217 535 1216 536 1262 534 1214 534 1214 536 1262 537 1263 534 1214 537 1263 698 1212 698 1212 537 1263 704 1210 704 1210 537 1263 533 1264 704 1210 533 1264 697 1207 697 1207 533 1264 696 1204 696 1204 533 1264 445 1202 445 1202 533 1264 532 1265 445 1202 532 1265 442 1199 442 1199 532 1265 715 1194 442 1199 715 1194 714 1196 530 1192 715 1194 716 1266 716 1266 715 1194 532 1265 716 1266 532 1265 706 1267 706 1267 532 1265 705 1268 705 1268 532 1265 533 1264 705 1268 533 1264 537 1263 705 1268 537 1263 536 1262 531 1190 530 1192 504 1269 531 1190 504 1269 503 1188 503 1188 504 1269 502 1270 503 1188 502 1270 441 1186 441 1186 502 1270 527 1246 527 1246 502 1270 526 1271 527 1246 526 1271 539 1222 539 1222 526 1271 708 1272 539 1222 708 1272 547 1220 506 1195 509 1193 498 1273 498 1273 509 1193 500 1191 498 1273 500 1191 315 1274 315 1274 500 1191 501 1189 315 1274 501 1189 311 1275 311 1275 501 1189 313 1187 311 1275 313 1187 2 1276 2 1276 313 1187 8 1185 2 1276 8 1185 3 1277 3 1277 8 1185 6 1183 3 1277 6 1183 5 1278 5 1278 6 1183 7 1181 316 1172 319 1170 320 1279 316 1172 320 1279 507 1174 507 1174 320 1279 508 1280 507 1174 508 1280 336 1281 507 1174 336 1281 333 1176 333 1176 336 1281 331 1177 331 1177 336 1281 328 1282 331 1177 328 1282 330 1179 330 1179 328 1282 326 1283 330 1179 326 1283 7 1181 7 1181 326 1283 5 1278 5 1278 326 1283 4 1284 5 1278 4 1284 3 1277 3 1277 4 1284 0 1285 3 1277 0 1285 2 1276 2 1276 0 1285 1 1286 2 1276 1 1286 311 1275 311 1275 1 1286 312 1287 311 1275 312 1287 315 1274 315 1274 312 1287 314 1288 315 1274 314 1288 498 1273 498 1273 314 1288 499 1289 498 1273 499 1289 506 1195 506 1195 499 1289 505 1197 4 1284 326 1283 327 1290 327 1290 326 1283 328 1282 327 1290 328 1282 329 1291 329 1291 328 1282 337 1292 337 1292 328 1282 336 1281 337 1292 336 1281 508 1280 730 1211 731 1293 699 1213 699 1213 731 1293 732 1294 699 1213 732 1294 700 1260 700 1260 732 1294 733 1295 700 1260 733 1295 701 1261 701 1261 733 1295 703 1296 701 1261 703 1296 702 1297 701 1261 702 1297 545 1217 545 1217 702 1297 623 1298 545 1217 623 1298 624 1247 624 1247 623 1298 621 1299 624 1247 621 1299 546 1219 546 1219 621 1299 548 1221 548 1221 621 1299 522 1300 548 1221 522 1300 521 1223 521 1223 522 1300 361 1301 521 1223 361 1301 360 1225 360 1225 361 1301 359 1226 359 1226 361 1301 362 1302 359 1226 362 1302 368 1227 368 1227 362 1302 367 1228 367 1228 362 1302 389 1303 367 1228 389 1303 381 1230 381 1230 389 1303 477 1304 381 1230 477 1304 478 1305 381 1230 478 1305 457 1232 457 1232 478 1305 465 1306 457 1232 465 1306 464 1244 464 1244 465 1306 467 1307 464 1244 467 1307 466 1259 466 1259 467 1307 622 1308 466 1259 622 1308 510 1124 510 1124 622 1308 513 1125 513 1125 622 1308 514 1309 513 1125 514 1309 492 1126 492 1126 514 1309 623 1298 492 1126 623 1298 707 1310 492 1126 707 1310 625 1127 623 1298 702 1297 703 1296 522 1300 621 1299 525 1311 525 1311 621 1299 514 1309 514 1309 621 1299 623 1298 389 1303 362 1302 387 1312 387 1312 362 1302 361 1301 387 1312 361 1301 388 1313 388 1313 361 1301 522 1300 388 1313 522 1300 523 1314 523 1314 522 1300 525 1311 523 1314 525 1311 524 1315 524 1315 525 1311 514 1309 524 1315 514 1309 622 1308 524 1315 622 1308 467 1307 524 1315 467 1307 472 1316 472 1316 467 1307 465 1306 472 1316 465 1306 471 1317 471 1317 465 1306 478 1305 472 1316 523 1314 524 1315 683 1318 662 1319 665 1320 683 1318 665 1320 682 1321 666 1322 667 1323 665 1320 665 1320 667 1323 668 1324 665 1320 668 1324 682 1321 682 1321 668 1324 675 1325 675 1325 668 1324 674 1326 675 1325 674 1326 671 1327 668 1324 667 1323 669 1328 668 1324 669 1328 674 1326 671 1327 672 1329 670 1330 671 1327 670 1330 675 1325 675 1325 670 1330 680 1331 675 1325 680 1331 681 1332 675 1325 681 1332 682 1321 682 1321 681 1332 689 1333 682 1321 689 1333 683 1318 683 1318 689 1333 690 1334 683 1318 690 1334 684 1335 683 1318 684 1335 662 1319 662 1319 684 1335 685 1336 662 1319 685 1336 686 1337 662 1319 686 1337 658 1338 658 1338 686 1337 659 1339 658 1338 659 1339 657 1340 658 1338 657 1340 651 1341 651 1341 657 1340 652 1342 651 1341 652 1342 648 1343 651 1341 648 1343 647 1344 647 1344 648 1343 649 1345 647 1344 649 1345 650 1346 647 1344 650 1346 694 1347 647 1344 694 1347 653 1348 653 1348 694 1347 654 1349 653 1348 654 1349 655 1350 653 1348 655 1350 656 1351 653 1348 656 1351 643 1352 643 1352 656 1351 646 1353 643 1352 646 1353 644 1354 643 1352 644 1354 645 1355 643 1352 645 1355 642 1356 642 1356 645 1355 693 1357 642 1356 693 1357 641 1358 642 1356 641 1358 639 1359 639 1359 641 1358 640 1360 639 1359 640 1360 638 1361 639 1359 638 1361 634 1362 634 1362 638 1361 635 1363 634 1362 635 1363 636 1364 657 1340 659 1339 660 1365 636 1364 673 1366 637 1367 636 1364 637 1367 634 1362 634 1362 637 1367 676 1368 634 1362 676 1368 677 1369 677 1369 676 1368 691 1370 677 1369 691 1370 679 1371 677 1369 679 1371 678 1372 678 1372 679 1371 692 1373 678 1372 692 1373 664 1374 664 1374 692 1373 665 1320 664 1374 665 1320 661 1375 661 1375 665 1320 662 1319 661 1375 662 1319 658 1338 661 1375 658 1338 663 1376 663 1376 658 1338 651 1341 663 1376 651 1341 647 1344 663 1376 647 1344 653 1348 663 1376 653 1348 661 1375 661 1375 653 1348 643 1352 661 1375 643 1352 678 1372 678 1372 643 1352 642 1356 678 1372 642 1356 677 1369 677 1369 642 1356 639 1359 677 1369 639 1359 634 1362 661 1375 678 1372 664 1374 481 1377 496 1378 482 1379 482 1379 496 1378 516 1380 482 1379 516 1380 615 1381 429 1382 430 1383 427 1384 429 1382 427 1384 426 1385 429 1382 426 1385 481 1377 481 1377 426 1385 493 1386 481 1377 493 1386 496 1378 496 1378 493 1386 495 1387 496 1378 495 1387 497 1388 496 1378 497 1388 515 1389 496 1378 515 1389 516 1380 516 1380 515 1389 613 1390 516 1380 613 1390 615 1381 615 1381 613 1390 614 1391 613 1390 515 1389 616 1392 493 1386 494 1393 495 1387 805 1394 497 1388 495 1387 805 1394 495 1387 739 1395 739 1395 495 1387 738 1396 738 1396 495 1387 494 1393 738 1396 494 1393 741 1397 741 1397 494 1393 493 1386 741 1397 493 1386 744 1398 744 1398 493 1386 426 1385 744 1398 426 1385 425 1399 425 1399 426 1385 427 1384 425 1399 427 1384 428 1400 425 1399 428 1400 742 1401 742 1401 428 1400 743 1402 742 1401 806 1403 744 1398 742 1401 744 1398 425 1399 740 1404 738 1396 741 1397 412 1405 413 1406 414 1407 412 1405 414 1407 415 1408 415 1408 414 1407 717 1409 415 1408 717 1409 529 1410 529 1410 717 1409 424 1411 529 1410 424 1411 423 1412 423 1412 424 1411 421 1413 423 1412 421 1413 422 1414 422 1414 421 1413 517 1415 422 1414 517 1415 518 1416 518 1416 517 1415 751 1417 518 1416 751 1417 752 1418 518 1416 752 1418 519 1419 519 1419 752 1418 750 1420 519 1419 750 1420 749 1421 749 1421 750 1420 747 1422 749 1421 747 1422 614 1391 614 1391 747 1422 748 1423 614 1391 748 1423 615 1381 615 1381 748 1423 753 1424 615 1381 753 1424 482 1379 482 1379 753 1424 483 1425 482 1379 483 1425 481 1377 481 1377 483 1425 484 1426 481 1377 484 1426 429 1382 429 1382 484 1426 754 1427 429 1382 754 1427 430 1383 430 1383 754 1427 755 1428 515 1389 734 1429 735 1430 515 1389 735 1430 616 1392 616 1392 735 1430 736 1431 616 1392 736 1431 613 1390 613 1390 736 1431 745 1432 613 1390 745 1432 614 1391 614 1391 745 1432 419 1433 614 1391 419 1433 749 1421 749 1421 419 1433 519 1419 519 1419 419 1433 417 1434 519 1419 417 1434 518 1416 518 1416 417 1434 422 1414 422 1414 417 1434 416 1435 422 1414 416 1435 423 1412 423 1412 416 1435 528 1436 423 1412 528 1436 529 1410 529 1410 528 1436 721 1437 529 1410 721 1437 415 1408 415 1408 721 1437 720 1438 415 1408 720 1438 412 1405 735 1430 737 1439 736 1431 736 1431 737 1439 724 1440 736 1431 724 1440 725 1441 724 1440 617 1442 620 1443 724 1440 620 1443 725 1441 725 1441 620 1443 746 1444 725 1441 746 1444 736 1431 736 1431 746 1444 745 1432 745 1432 746 1444 419 1433 719 1445 720 1438 718 1446 718 1446 720 1438 721 1437 718 1446 721 1437 528 1436 718 1446 528 1436 722 1447 722 1447 528 1436 416 1435 722 1447 416 1435 418 1448 418 1448 416 1435 417 1434 418 1448 417 1434 419 1433 418 1448 419 1433 420 1449 420 1449 419 1433 746 1444 420 1449 746 1444 723 1450 723 1450 746 1444 620 1443 723 1450 620 1443 619 1451 619 1451 620 1443 617 1442 619 1451 617 1442 618 1452 722 1447 418 1448 420 1449 722 1447 420 1449 723 1450 722 1447 723 1450 619 1451 722 1447 619 1451 718 1446 573 1453 576 1454 566 1455 573 1453 566 1455 571 1456 571 1456 566 1455 565 1457 588 1458 564 1459 587 1460 587 1460 564 1459 577 1461 587 1460 577 1461 580 1462 580 1462 577 1461 579 1463 579 1463 577 1461 578 1464 578 1464 577 1461 581 1465 581 1465 577 1461 582 1466 581 1465 582 1466 585 1467 585 1467 582 1466 583 1468 585 1467 583 1468 584 1469 584 1469 583 1468 586 1470 586 1470 583 1468 576 1454 586 1470 576 1454 575 1471 575 1471 576 1454 573 1453 575 1471 573 1453 574 1472 574 1472 573 1453 570 1473 570 1473 573 1453 571 1456 570 1473 571 1456 568 1474 568 1474 571 1456 572 1475 572 1475 571 1456 565 1457 572 1475 565 1457 588 1458 588 1458 565 1457 564 1459 564 1459 565 1457 566 1455 564 1459 566 1455 567 1476 567 1476 566 1455 576 1454 567 1476 576 1454 583 1468 567 1476 583 1468 582 1466 567 1476 582 1466 564 1459 564 1459 582 1466 577 1461 568 1474 569 1477 570 1473 295 1478 294 1479 296 1480 295 1478 296 1480 297 1481 297 1481 296 1480 284 1482 295 1478 297 1481 298 1483 279 1484 280 1485 281 1486 279 1484 281 1486 282 1487 282 1487 281 1486 294 1479 294 1479 281 1486 293 1488 294 1479 293 1488 296 1480 296 1480 293 1488 285 1489 296 1480 285 1489 284 1482 284 1482 285 1489 283 1490 283 1490 285 1489 286 1491 286 1491 285 1489 289 1492 286 1491 289 1492 292 1493 292 1493 289 1492 291 1494 291 1494 289 1492 290 1495 291 1494 290 1495 299 1496 299 1496 290 1495 300 1497 300 1497 290 1495 280 1485 280 1485 290 1495 281 1486 281 1486 290 1495 293 1488 293 1488 290 1495 289 1492 293 1488 289 1492 285 1489 1720 1498 1721 1499 1722 1500 1720 1498 1722 1500 1723 1501 1720 1498 1723 1501 1725 1502 1720 1498 1725 1502 1724 1503 1720 1498 1724 1503 1721 1499 1705 1504 1709 1505 1706 1506 1705 1504 1706 1506 1707 1507 1707 1507 1706 1506 1726 1508 1707 1507 1726 1508 1710 1509 1707 1507 1710 1509 1708 1510 1707 1507 1708 1510 1705 1504 1696 1511 1697 1512 1698 1513 1696 1511 1698 1513 1699 1514 1696 1511 1699 1514 1702 1515 1696 1511 1702 1515 1701 1516 1701 1516 1702 1515 1703 1517 1701 1516 1703 1517 1700 1518 1700 1518 1703 1517 1704 1519 1700 1518 1697 1512 1701 1516 1701 1516 1697 1512 1696 1511 140 1520 141 1521 139 1522 139 1522 141 1521 287 1523 139 1522 287 1523 171 1524 171 1524 287 1523 307 1525 170 1526 169 1527 178 1528 178 1528 169 1527 177 1529 177 1529 169 1527 173 1530 177 1529 173 1530 188 1531 188 1531 173 1530 186 1532 188 1531 186 1532 185 1533 185 1533 186 1532 184 1534 184 1534 186 1532 187 1535 187 1535 186 1532 189 1536 187 1535 189 1536 190 1537 190 1537 189 1536 306 1538 306 1538 189 1536 305 1539 306 1538 305 1539 304 1540 304 1540 305 1539 301 1541 304 1540 301 1541 303 1542 303 1542 301 1541 302 1543 302 1543 301 1541 307 1525 307 1525 301 1541 172 1544 307 1525 172 1544 171 1524 171 1524 172 1544 169 1527 171 1524 169 1527 139 1522 139 1522 169 1527 168 1545 139 1522 168 1545 140 1520 140 1520 168 1545 225 1546 305 1539 172 1544 301 1541 168 1545 169 1527 170 1526 169 1527 172 1544 173 1530 173 1530 172 1544 305 1539 173 1530 305 1539 189 1536 173 1530 189 1536 186 1532 190 1537 191 1547 187 1535 226 1548 227 1549 228 1550 228 1550 227 1549 248 1551 228 1550 248 1551 247 1552 247 1552 248 1551 249 1553 247 1552 249 1553 250 1554 247 1552 250 1554 778 1555 247 1552 778 1555 228 1550 228 1550 778 1555 229 1556 228 1550 229 1556 226 1548 226 1548 229 1556 240 1557 240 1557 229 1556 239 1558 239 1558 229 1556 778 1555 220 1559 223 1560 224 1561 224 1561 798 1562 799 1563 224 1561 799 1563 220 1559 220 1559 799 1563 800 1564 220 1559 800 1564 208 1565 208 1565 800 1564 801 1566 222 1567 223 1560 219 1568 219 1568 223 1560 220 1559 219 1568 220 1559 207 1569 207 1569 220 1559 208 1565 207 1569 208 1565 209 1570 209 1570 208 1565 801 1566 209 1570 801 1566 210 1571 210 1571 801 1566 802 1572 210 1571 802 1572 211 1573 211 1573 802 1572 803 1574 211 1573 803 1574 212 1575 212 1575 803 1574 804 1576 212 1575 804 1576 214 1577 214 1577 804 1576 215 1578 214 1577 215 1578 213 1579 213 1579 215 1578 216 1580 213 1579 221 1581 214 1577 214 1577 221 1581 219 1568 214 1577 219 1568 212 1575 212 1575 219 1568 207 1569 212 1575 207 1569 211 1573 211 1573 207 1569 210 1571 210 1571 207 1569 209 1570 219 1568 221 1581 222 1567 1690 1582 1691 1583 1692 1584 1690 1582 1692 1584 1693 1585 1690 1582 1693 1585 1732 1586 1690 1582 1732 1586 1695 1587 1690 1582 1695 1587 1694 1588 1690 1582 1694 1588 1691 1583 157 1589 159 1590 160 1591 157 1589 160 1591 243 1592 243 1592 160 1591 241 1593 243 1592 241 1593 242 1594 159 1590 157 1589 158 1595 159 1590 158 1595 767 1596 159 1590 767 1596 768 1597 159 1590 768 1597 796 1598 159 1590 796 1598 797 1599 159 1590 797 1599 263 1600 159 1590 263 1600 160 1591 160 1591 263 1600 246 1601 160 1591 246 1601 241 1593 241 1593 246 1601 244 1602 241 1593 244 1602 242 1594 242 1594 244 1602 245 1603 1727 1604 1728 1605 1729 1606 1729 1606 1728 1605 1730 1607 1730 1607 1728 1605 1731 1608 1711 1609 1712 1610 1713 1611 1713 1611 1712 1610 1714 1612 1713 1611 1714 1612 1715 1613 1713 1611 1715 1613 1717 1614 1717 1614 1715 1613 1719 1615 1717 1614 1719 1615 1718 1616 1717 1614 1718 1616 1716 1617 1717 1614 1716 1617 1713 1611 1713 1611 1716 1617 1711 1609 1582 1618 1413 1619 1584 1620 1584 1620 1413 1619 1585 1621 1585 1621 1413 1619 1629 1622 1629 1622 1413 1619 1416 1623 1416 1623 1413 1619 1415 1624 1582 1618 1583 1625 1413 1619 1413 1619 1583 1625 1414 1626 1413 1619 1414 1626 1415 1624 1415 1624 1414 1626 1741 1627 1415 1624 1741 1627 1740 1628 1415 1624 1740 1628 1416 1623 1416 1623 1740 1628 1739 1629 1416 1623 1739 1629 1738 1630 1416 1623 1738 1630 1629 1622 1629 1622 1738 1630 1737 1631 1629 1622 1737 1631 1585 1621 1585 1621 1737 1631 1736 1632 1585 1621 1736 1632 1734 1633 1585 1621 1734 1633 1584 1620 1584 1620 1734 1633 1735 1634 1584 1620 1735 1634 1582 1618 1582 1618 1735 1634 1745 1635 1582 1618 1745 1635 1744 1636 1582 1618 1744 1636 1583 1625 1583 1625 1744 1636 1743 1637 1583 1625 1743 1637 1414 1626 1414 1626 1743 1637 1742 1638 1414 1626 1742 1638 1741 1627 154 1639 156 1640 136 1641 154 1639 136 1641 782 1642 782 1642 136 1641 134 1643 782 1642 134 1643 133 1644 156 1640 154 1639 155 1645 156 1640 155 1645 774 1646 156 1640 774 1646 775 1647 156 1640 775 1647 791 1648 156 1640 791 1648 792 1649 156 1640 792 1649 138 1650 156 1640 138 1650 136 1641 136 1641 138 1650 137 1651 136 1641 137 1651 134 1643 134 1643 137 1651 131 1652 134 1643 131 1652 133 1644 133 1644 131 1652 132 1653 1030 1654 1032 1655 1033 1656 1033 1656 1032 1655 1114 1657 1033 1656 1114 1657 1116 1658 1116 1658 1114 1657 1115 1659 1032 1655 1030 1654 1031 1660 1031 1660 1030 1654 1641 1661 1641 1661 1030 1654 1640 1662 1640 1662 1030 1654 1669 1663 1669 1663 1030 1654 1670 1664 1670 1664 1030 1654 1136 1665 1136 1665 1030 1654 1033 1656 1136 1665 1033 1656 1119 1666 1119 1666 1033 1656 1116 1658 1119 1666 1116 1658 1117 1667 1117 1667 1116 1658 1115 1659 1117 1667 1115 1659 1118 1668 146 1669 145 1670 151 1671 146 1669 151 1671 148 1672 148 1672 151 1671 149 1673 148 1672 149 1673 147 1674 147 1674 149 1673 150 1675 144 1676 145 1670 143 1677 143 1677 145 1670 146 1669 143 1677 146 1669 788 1678 788 1678 146 1669 148 1672 788 1678 148 1672 795 1679 795 1679 148 1672 147 1674 795 1679 147 1674 794 1680 794 1680 147 1674 793 1681 793 1681 147 1674 776 1682 776 1682 147 1674 150 1675 776 1682 150 1675 777 1683 1029 1684 1027 1685 1028 1686 1028 1686 1027 1685 1648 1687 1648 1687 1027 1685 1647 1688 1647 1688 1027 1685 1664 1689 1664 1689 1027 1685 1665 1690 1665 1690 1027 1685 1011 1691 1011 1691 1027 1685 1010 1692 1011 1691 1010 1692 1009 1693 1009 1693 1010 1692 1007 1694 1009 1693 1007 1694 1006 1695 1006 1695 1007 1694 1004 1696 1006 1695 1004 1696 1005 1697 1027 1685 1029 1684 1010 1692 1010 1692 1029 1684 1655 1698 1010 1692 1655 1698 1007 1694 1007 1694 1655 1698 1004 1696 712 1699 756 1700 542 1701 542 1701 756 1700 543 1702 542 1701 543 1702 540 1703 542 1701 540 1703 541 1704 542 1701 541 1704 709 1705 709 1705 710 1706 542 1701 542 1701 710 1706 711 1707 542 1701 711 1707 712 1699 712 1699 711 1707 861 1708 712 1699 861 1708 863 1709 712 1699 863 1709 864 1710 712 1699 864 1710 756 1700 756 1700 864 1710 865 1711 756 1700 865 1711 543 1702 543 1702 865 1711 866 1712 543 1702 866 1712 867 1713 543 1702 867 1713 540 1703 540 1703 867 1713 868 1714 540 1703 868 1714 541 1704 541 1704 868 1714 869 1715 541 1704 869 1715 870 1716 541 1704 870 1716 709 1705 709 1705 870 1716 871 1717 709 1705 871 1717 710 1706 710 1706 871 1717 872 1718 710 1706 872 1718 862 1719 710 1706 862 1719 711 1707 711 1707 862 1719 861 1708 277 1720 275 1721 790 1722 277 1720 790 1722 786 1723 277 1720 786 1723 785 1724 277 1720 785 1724 278 1725 278 1725 785 1724 787 1726 278 1725 787 1726 288 1727 278 1725 288 1727 276 1728 278 1725 276 1728 277 1720 277 1720 276 1728 275 1721 275 1721 276 1728 274 1729 275 1721 274 1729 789 1730 275 1721 789 1730 790 1722 1659 1731 1662 1732 1151 1733 1659 1731 1151 1733 1658 1734 1658 1734 1151 1733 1150 1735 1658 1734 1150 1735 1660 1736 1660 1736 1150 1735 1161 1737 1161 1737 1150 1735 1148 1738 1148 1738 1150 1735 1151 1733 1148 1738 1151 1733 1149 1739 1149 1739 1151 1733 1662 1732 1149 1739 1662 1732 1663 1740 1149 1739 1663 1740 1147 1741 1149 1739 1147 1741 1148 1738</p>
        </polylist>
      </mesh>
    </geometry>
  </library_geometries>
  <library_controllers>
    <controller id="chr582_armature_chr582_0-skin" name="chr582_armature">
      <skin source="#chr582_0-mesh">
        <bind_shape_matrix>1 0 0 0 0 1 0 0 0 0 1 0 0 0 0 1</bind_shape_matrix>
        <source id="chr582_armature_chr582_0-skin-joints">
          <Name_array id="chr582_armature_chr582_0-skin-joints-array" count="12">J_center J_mune J_ude_R J_hiji_R J_te_R J_ude_L J_hiji_L J_te_L J_ago J_momo_R J_momo_L J_shippo</Name_array>
          <technique_common>
            <accessor source="#chr582_armature_chr582_0-skin-joints-array" count="12" stride="1">
              <param name="JOINT" type="name"/>
            </accessor>
          </technique_common>
        </source>
        <source id="chr582_armature_chr582_0-skin-bind_poses">
          <float_array id="chr582_armature_chr582_0-skin-bind_poses-array" count="192">1 0 0 0 0 1 0 -0.01127868 0 0 1 -3.377e-4 0 0 0 1 1 0 0 0 0 1 0 -0.01127868 0 0 1 -3.377e-4 0 0 0 1 -0.5589876 0.7968085 -0.2294104 -0.01908099 -0.7968084 -0.5927461 -0.117253 -0.002900719 -0.2294103 0.1172531 0.9662415 -0.01361125 0 0 0 1 0.9999999 -3.65455e-7 1.10361e-5 0.02199983 0 -0.9991231 -0.04186171 0.01099878 1.10519e-5 0.04186177 -0.9991235 0.007112085 0 0 0 1 0.9999999 0 0 0.02199989 0 0.9999998 -1.64292e-6 -0.005001008 0 0 1.000038 -0.007327914 0 0 0 1 -0.5589876 -0.7968085 0.2294104 0.01908099 0.7968084 -0.5927461 -0.117253 -0.002900719 0.2294103 0.1172531 0.9662415 -0.01361125 0 0 0 1 0.9999999 3.65455e-7 -1.10361e-5 -0.02199983 0 -0.9991231 -0.04186171 0.01099878 -1.10519e-5 0.04186177 -0.9991235 0.007112085 0 0 0 1 0.9999999 0 0 -0.02199989 0 0.9999998 -1.64292e-6 -0.005001008 0 0 1.000038 -0.007327914 0 0 0 1 1 0 0 0 0 1 0 -0.01127868 0 0 1 -0.01339817 0 0 0 1 1 0 0 0.008199989 0 1 0 -0.003455758 0 0 1 0.01149106 0 0 0 1 1 0 0 -0.008199989 0 1 0 -0.003455758 0 0 1 0.01149106 0 0 0 1 1 0 0 0 0 1 0 -0.008914351 0 0 1 0.01798558 0 0 0 1</float_array>
          <technique_common>
            <accessor source="#chr582_armature_chr582_0-skin-bind_poses-array" count="12" stride="16">
              <param name="TRANSFORM" type="float4x4"/>
            </accessor>
          </technique_common>
        </source>
        <source id="chr582_armature_chr582_0-skin-weights">
          <float_array id="chr582_armature_chr582_0-skin-weights-array" count="1912">1 1 1 1 0.05000305 0.949997 0.05000305 0.949997 0.05000305 0.949997 1 1 1 1 1 1 1 1 1 1 1 1 1 1 1 1 1 1 1 1 1 0.09998774 0.9000123 1 0.09998774 0.9000123 1 1 1 1 1 1 1 1 1 1 1 1 1 1 1 1 1 1 1 1 1 1 1 1 1 1 1 1 1 1 1 1 1 1 1 1 1 1 1 1 1 1 1 1 0.09998774 0.9000123 0.09998774 0.9000123 0.09998774 0.9000123 0.09998774 0.9000123 1 1 1 1 1 1 0.8 0.1999999 0.8 0.1999999 0.8 0.1999999 0.8 0.1999999 1 1 0.8 0.1999999 0.8 0.1999999 0.09998774 0.9000123 0.09998774 0.9000123 0.09998774 0.9000123 0.5 0.5 0.8 0.1999999 0.5 0.5 0.09998774 0.9000123 0.09998774 0.9000123 0.09998774 0.9000123 0.5 0.5 1 1 1 1 1 1 1 1 1 1 1 1 1 1 1 1 1 1 1 1 1 1 1 1 1 1 1 1 1 1 1 1 1 1 1 1 1 1 1 1 1 1 1 1 1 1 1 1 1 1 1 1 0.8 0.1999999 0.5 0.5 0.1999999 0.8 0.5 0.5 0.8 0.1999999 1 1 1 1 1 0.5 0.5 0.9000123 0.09998774 0.5 0.5 0.9000123 0.09998774 0.5 0.5 0.5 0.5 0.5999023 0.4000977 0.9000123 0.09998774 0.5999023 0.4000977 0.9000123 0.09998774 0.1999999 0.8 0.1999999 0.8 0.5999023 0.4000977 0.5999023 0.4000977 0.09998774 0.9000123 0.09998774 0.9000123 1 1 0.9000123 0.09998774 0.5 0.5 1 1 0.5 0.5 0.5 0.5 0.5999023 0.4000977 0.9000123 0.09998774 0.9000123 0.09998774 0.5999023 0.4000977 0.1999999 0.8 0.1999999 0.8 0.5999023 0.4000977 0.5999023 0.4000977 0.09998774 0.9000123 0.09998774 0.9000123 1 1 1 1 1 1 1 1 1 1 1 1 1 1 1 1 1 1 1 1 1 1 1 1 1 1 1 1 1 1 1 1 1 1 1 1 1 1 1 1 1 1 1 1 1 1 1 1 1 1 1 1 1 1 1 1 1 1 1 0.1999999 0.8 1 1 1 1 1 1 1 1 1 1 1 1 1 1 1 1 1 1 1 1 1 1 1 1 1 1 1 1 1 1 1 1 1 1 0.1999999 0.8 1 1 1 1 1 1 1 1 1 0.09998774 0.9000123 0.09998774 0.9000123 0.1999999 0.8 1 1 1 1 1 1 1 0.8 0.1999999 0.8 0.1999999 1 0.5999023 0.4000977 0.4000977 0.5999023 0.5999023 0.4000977 0.1999999 0.8 0.1999999 0.8 0.1499755 0.8500245 0.1499755 0.8500245 0.3499389 0.6500611 0.3499389 0.6500611 0.1499755 0.8500245 0.3499389 0.6500611 0.949997 0.05000305 0.7000489 0.2999511 0.6500611 0.3499389 0.6500611 0.3499389 0.6500611 0.3499389 0.949997 0.05000305 0.949997 0.05000305 0.7000489 0.2999511 0.3499389 0.6500611 0.1499755 0.8500245 0.5 0.5 0.8 0.1999999 0.8 0.1999999 0.5 0.5 1 1 1 1 0.09998774 0.9000123 0.09998774 0.9000123 0.8 0.1999999 0.8 0.1999999 0.09998774 0.9000123 1 1 0.05000305 0.949997 1 0.05000305 0.949997 1 1 1 0.4000977 0.5999023 0.7000489 0.2999511 0.4000977 0.5999023 0.1999999 0.8 0.1999999 0.8 0.75 0.25 1 0.9000123 0.09998774 1 0.8 0.1999999 0.8 0.1999999 1 0.09998774 0.9000123 0.75 0.25 0.5 0.5 0.5 0.5 0.1999999 0.8 0.5 0.5 0.4000977 0.5999023 1 0.4000977 0.5999023 1 1 1 1 0.1999999 0.8 0.1999999 0.8 0.05000305 0.949997 0.05000305 0.949997 0.8 0.1999999 0.9000123 0.09998774 0.8 0.1999999 0.9000123 0.09998774 0.5 0.5 0.8 0.1999999 0.5 0.5 0.05000305 0.949997 0.1999999 0.8 0.8 0.1999999 0.5 0.5 0.5 0.5 0.1999999 0.8 0.25 0.75 0.25 0.75 0.2698413 0.7301588 0.2698413 0.7301588 0.4000977 0.5999023 0.1999999 0.8 0.09998774 0.9000123 0.09998774 0.9000123 0.1999999 0.8 0.09998774 0.9000123 0.1999999 0.8 1 1 1 1 1 1 1 1 0.8 0.1999999 0.8 0.1999999 0.8 0.1999999 0.2999511 0.7000489 0.2999511 0.7000489 0.2598925 0.7401075 0.2598925 0.7401075 0.4601857 0.5398144 0.4601857 0.5398144 0.4601857 0.5398144 0.1999999 0.8 1 0.5 0.5 1 1 0.1999999 0.8 0.5 0.5 0.05000305 0.949997 1 1 1 1 1 0.5 0.5 1 1 1 0.5 0.5 1 1 1 1 1 1 0.2598925 0.7401075 0.2999511 0.7000489 0.2999511 0.7000489 0.2999511 0.7000489 0.2999511 0.7000489 0.2999511 0.7000489 0.2999511 0.7000489 0.2598925 0.7401075 1 1 1 1 1 1 1 1 0.949997 0.05000305 0.949997 0.05000305 1 0.8 0.1999999 0.4000977 0.5999023 0.2999511 0.7000489 0.5 0.5 0.5999023 0.4000977 1 1 1 1 1 1 1 1 1 1 1 1 1 1 1 1 1 1 1 1 1 1 1 1 1 0.8 0.1999999 1 0.8 0.1999999 1 0.4000977 0.5999023 0.5999023 0.4000977 0.4000977 0.5999023 0.5999023 0.4000977 0.5999023 0.4000977 1 0.8 0.1999999 1 0.8 0.1999999 0.8 0.1999999 1 1 1 1 1 1 1 1 0.9000123 0.09998774 1 1 1 1 1 1 1 0.9000123 0.09998774 0.9000123 0.09998774 1 0.5999023 0.4000977 0.5999023 0.4000977 0.5999023 0.4000977 0.1999999 0.8 0.4000977 0.5999023 0.2999511 0.7000489 1 1 0.3499389 0.6500611 1 1 0.5999023 0.4000977 0.4000977 0.5999023 0.9000123 0.09998774 1 0.1999999 0.8 0.1999999 0.8 0.4000977 0.5999023 0.09998774 0.9000123 0.09998774 0.9000123 0.09998774 0.9000123 0.09998774 0.9000123 0.949997 0.05000305 1 1 1 1 1 1 1 1 1 1 1 1 1 1 1 1 1 1 1 1 1 1 1 1 1 1 1 1 1 1 1 1 1 1 1 1 0.09998774 0.9000123 0.09998774 0.9000123 1 1 1 1 1 1 1 1 1 1 1 1 1 1 1 1 1 1 1 1 1 1 1 1 1 1 1 1 1 1 1 1 1 1 1 1 1 1 1 1 1 1 1 1 1 1 1 1 1 1 1 1 1 1 1 1 1 0.2999511 0.7000489 0.2999511 0.7000489 0.2999511 0.7000489 0.2999511 0.7000489 0.2999511 0.7000489 0.2999511 0.7000489 0.2999511 0.7000489 0.2999511 0.7000489 0.2999511 0.7000489 0.2999511 0.7000489 0.2999511 0.7000489 0.2999511 0.7000489 0.2999511 0.7000489 0.2999511 0.7000489 1 1 1 1 1 1 1 1 1 1 1 1 1 1 1 0.5499389 0.450061 0.5499389 0.450061 0.5999023 0.4000977 0.5999023 0.4000977 0.4000977 0.5999023 0.5 0.5 0.4000977 0.5999023 0.5 0.5 0.5 0.5 0.5499389 0.450061 0.5999023 0.4000977 0.5 0.5 0.5 0.5 0.5 0.5 1 0.2999511 0.7000489 0.2999511 0.7000489 0.2999511 0.7000489 0.2999511 0.7000489 0.4000977 0.5999023 1 1 1 1 1 1 1 1 1 1 1 1 1 1 1 1 0.05000305 0.949997 0.05000305 0.949997 0.05000305 0.949997 1 1 1 1 1 1 1 1 1 1 1 1 1 1 1 1 1 1 1 1 1 1 0.09998774 0.9000123 0.09998774 0.9000123 1 1 1 1 1 1 1 1 1 1 1 1 1 1 1 1 1 1 1 1 1 1 1 1 1 1 1 1 1 1 1 1 1 1 1 1 1 1 1 1 1 1 1 1 0.09998774 0.9000123 0.09998774 0.9000123 0.09998774 0.9000123 1 1 1 1 1 1 0.8 0.1999999 0.8 0.1999999 0.8 0.1999999 1 0.8 0.1999999 1 0.09998774 0.9000123 0.09998774 0.9000123 0.8 0.1999999 0.8 0.1999999 0.09998774 0.9000123 0.09998774 0.9000123 0.5 0.5 0.5 0.5 0.8 0.1999999 0.09998774 0.9000123 0.09998774 0.9000123 0.09998774 0.9000123 0.5 0.5 1 1 1 1 1 1 1 1 1 1 1 1 1 1 1 1 1 1 1 1 1 1 1 1 1 1 1 1 1 1 1 1 1 1 1 1 1 1 1 1 1 1 1 1 1 1 1 1 1 1 1 1 0.8 0.1999999 0.5 0.5 0.1999999 0.8 0.5 0.5 0.8 0.1999999 1 1 1 1 1 0.5 0.5 0.5 0.5 0.9000123 0.09998774 0.9000123 0.09998774 0.5 0.5 0.5 0.5 0.5999023 0.4000977 0.9000123 0.09998774 0.5999023 0.4000977 0.9000123 0.09998774 0.1999999 0.8 0.5999023 0.4000977 0.1999999 0.8 0.5999023 0.4000977 0.09998774 0.9000123 0.09998774 0.9000123 1 1 0.9000123 0.09998774 0.5 0.5 1 0.5 0.5 1 0.5 0.5 0.5999023 0.4000977 0.9000123 0.09998774 0.9000123 0.09998774 0.5999023 0.4000977 0.1999999 0.8 0.5999023 0.4000977 0.1999999 0.8 0.5999023 0.4000977 0.09998774 0.9000123 0.09998774 0.9000123 1 1 1 1 1 1 1 1 1 1 1 1 1 1 1 1 1 1 1 1 1 1 1 1 1 1 1 1 1 1 1 1 1 1 1 1 1 1 1 1 1 1 1 1 1 1 1 1 1 1 1 1 1 1 1 1 1 1 1 0.1999999 0.8 1 1 1 1 1 1 1 1 1 1 1 1 1 1 1 1 1 1 1 1 1 1 1 1 1 1 1 1 1 1 1 1 1 1 0.1999999 0.8 1 1 1 1 1 1 1 1 1 0.09998774 0.9000123 0.09998774 0.9000123 0.1999999 0.8 1 1 1 1 1 1 0.8 0.1999999 1 0.8 0.1999999 1 0.5999023 0.4000977 0.5999023 0.4000977 0.4000977 0.5999023 0.4000977 0.5999023 0.1999999 0.8 0.1499755 0.8500245 0.1499755 0.8500245 0.3499389 0.6500611 0.3499389 0.6500611 0.1499755 0.8500245 0.3499389 0.6500611 0.949997 0.05000305 0.6500611 0.3499389 0.7000489 0.2999511 0.6500611 0.3499389 0.6500611 0.3499389 0.949997 0.05000305 0.7000489 0.2999511 0.949997 0.05000305 0.3499389 0.6500611 0.1499755 0.8500245 0.5 0.5 0.8 0.1999999 0.5 0.5 0.8 0.1999999 1 1 1 1 0.09998774 0.9000123 0.09998774 0.9000123 0.8 0.1999999 0.8 0.1999999 1 0.09998774 0.9000123 1 0.05000305 0.949997 1 1 0.05000305 0.949997 1 1 0.4000977 0.5999023 0.4000977 0.5999023 0.7000489 0.2999511 0.1999999 0.8 0.1999999 0.8 0.75 0.25 0.9000123 0.09998774 1 1 0.8 0.1999999 0.8 0.1999999 1 0.09998774 0.9000123 0.75 0.25 0.5 0.5 0.5 0.5 0.1999999 0.8 0.5 0.5 0.4000977 0.5999023 0.4000977 0.5999023 1 1 1 1 1 0.1999999 0.8 0.05000305 0.949997 0.1999999 0.8 0.05000305 0.949997 0.8 0.1999999 0.8 0.1999999 0.9000123 0.09998774 0.9000123 0.09998774 0.5 0.5 0.5 0.5 0.8 0.1999999 0.05000305 0.949997 0.1999999 0.8 0.8 0.1999999 0.5 0.5 0.5 0.5 0.1999999 0.8 0.2698413 0.7301588 0.25 0.75 0.2698413 0.7301588 0.25 0.75 0.4000977 0.5999023 0.1999999 0.8 0.09998774 0.9000123 0.09998774 0.9000123 0.1999999 0.8 0.09998774 0.9000123 0.1999999 0.8 1 1 1 1 1 1 1 1 0.8 0.1999999 0.8 0.1999999 0.8 0.1999999 0.2999511 0.7000489 0.2598925 0.7401075 0.2999511 0.7000489 0.2598925 0.7401075 0.4601857 0.5398144 0.4601857 0.5398144 0.4601857 0.5398144 0.1999999 0.8 1 0.5 0.5 1 1 0.1999999 0.8 0.5 0.5 0.05000305 0.949997 1 1 1 1 1 0.5 0.5 1 1 1 0.5 0.5 1 1 1 1 1 1 0.2999511 0.7000489 0.2598925 0.7401075 0.2999511 0.7000489 0.2999511 0.7000489 0.2999511 0.7000489 0.2999511 0.7000489 0.2598925 0.7401075 0.2999511 0.7000489 1 1 1 1 1 1 1 1 0.949997 0.05000305 0.949997 0.05000305 1 0.8 0.1999999 0.4000977 0.5999023 0.2999511 0.7000489 0.5 0.5 0.5999023 0.4000977 1 1 1 1 1 1 1 1 1 1 1 1 1 1 1 1 1 1 1 1 1 1 1 1 1 0.8 0.1999999 1 0.8 0.1999999 1 0.4000977 0.5999023 0.4000977 0.5999023 0.5999023 0.4000977 0.5999023 0.4000977 0.5999023 0.4000977 1 1 0.8 0.1999999 0.8 0.1999999 1 0.8 0.1999999 1 1 1 1 1 1 1 0.9000123 0.09998774 1 1 1 1 1 1 1 0.9000123 0.09998774 0.9000123 0.09998774 1 0.5999023 0.4000977 0.5999023 0.4000977 0.5999023 0.4000977 0.4000977 0.5999023 0.4000977 0.5999023 0.2999511 0.7000489 1 1 0.3499389 0.6500611 1 1 0.5999023 0.4000977 0.4000977 0.5999023 0.9000123 0.09998774 1 0.1999999 0.8 0.1999999 0.8 0.4000977 0.5999023 0.09998774 0.9000123 0.09998774 0.9000123 0.09998774 0.9000123 0.09998774 0.9000123 0.949997 0.05000305 1 1 1 1 1 1 1 1 1 1 1 1 1 1 1 1 1 1 1 1 1 1 1 1 1 1 1 1 1 1 1 1 1 1 1 1 0.09998774 0.9000123 0.09998774 0.9000123 1 1 1 1 1 1 1 1 1 1 1 1 1 1 1 1 1 1 1 1 1 1 1 1 1 1 1 1 1 1 1 1 1 1 1 1 1 1 1 1 1 1 1 1 1 1 1 1 1 1 1 1 1 1 1 1 1 0.2999511 0.7000489 0.2999511 0.7000489 0.2999511 0.7000489 0.2999511 0.7000489 0.2999511 0.7000489 0.2999511 0.7000489 0.2999511 0.7000489 0.2999511 0.7000489 0.2999511 0.7000489 0.2999511 0.7000489 0.2999511 0.7000489 0.2999511 0.7000489 0.2999511 0.7000489 0.2999511 0.7000489 1 1 1 1 1 1 1 1 1 1 1 1 1 1 1 0.5999023 0.4000977 0.5499389 0.450061 0.5999023 0.4000977 0.5499389 0.450061 0.4000977 0.5999023 0.5 0.5 0.4000977 0.5999023 0.5 0.5 0.5 0.5 0.5999023 0.4000977 0.5499389 0.450061 0.5 0.5 0.5 0.5 0.5 0.5 1 0.2999511 0.7000489 0.2999511 0.7000489 0.2999511 0.7000489 0.2999511 0.7000489 0.4000977 0.5999023 1 1 1 1 1 1 1 1 1 1 1 1</float_array>
          <technique_common>
            <accessor source="#chr582_armature_chr582_0-skin-weights-array" count="1912" stride="1">
              <param name="WEIGHT" type="float"/>
            </accessor>
          </technique_common>
        </source>
        <joints>
          <input semantic="JOINT" source="#chr582_armature_chr582_0-skin-joints"/>
          <input semantic="INV_BIND_MATRIX" source="#chr582_armature_chr582_0-skin-bind_poses"/>
        </joints>
        <vertex_weights count="1428">
          <input semantic="JOINT" source="#chr582_armature_chr582_0-skin-joints" offset="0"/>
          <input semantic="WEIGHT" source="#chr582_armature_chr582_0-skin-weights" offset="1"/>
          <vcount>1 1 1 1 2 2 2 1 1 1 1 1 1 1 1 1 1 1 1 1 1 1 1 1 1 1 1 1 2 1 2 1 1 1 1 1 1 1 1 1 1 1 1 1 1 1 1 1 1 1 1 1 1 1 1 1 1 1 1 1 1 1 1 1 1 1 1 1 1 1 1 1 1 1 1 2 2 2 2 1 1 1 1 1 1 2 2 2 2 1 1 2 2 2 2 2 2 2 2 2 2 2 2 1 1 1 1 1 1 1 1 1 1 1 1 1 1 1 1 1 1 1 1 1 1 1 1 1 1 1 1 1 1 1 1 1 1 1 1 1 1 1 1 1 1 1 1 1 1 1 1 1 1 1 1 2 2 2 2 2 1 1 1 1 1 2 2 2 2 2 2 2 2 2 2 2 2 2 2 2 2 1 1 2 2 1 1 2 2 2 2 2 2 2 2 2 2 2 2 1 1 1 1 1 1 1 1 1 1 1 1 1 1 1 1 1 1 1 1 1 1 1 1 1 1 1 1 1 1 1 1 1 1 1 1 1 1 1 1 1 1 1 1 1 1 1 1 1 1 1 1 1 1 1 1 1 1 1 2 1 1 1 1 1 1 1 1 1 1 1 1 1 1 1 1 1 1 1 1 1 1 1 1 1 1 1 1 1 1 1 1 1 1 2 1 1 1 1 1 1 1 1 1 2 2 2 1 1 1 1 1 1 1 2 2 1 2 2 2 2 2 2 2 2 2 2 2 2 2 2 2 2 2 2 2 2 2 2 2 2 2 1 1 1 1 2 2 2 2 2 1 1 2 1 2 1 1 1 2 2 2 2 2 2 1 2 1 2 2 1 2 2 2 2 2 2 2 1 2 1 1 1 1 2 2 2 2 2 2 2 2 2 2 2 2 2 2 2 2 2 2 2 2 2 2 2 2 2 2 2 2 1 1 1 1 1 1 1 1 2 2 2 2 2 2 2 2 2 2 2 1 2 1 1 2 2 2 1 1 1 1 1 2 1 1 1 2 1 1 1 1 1 1 2 2 2 2 2 2 2 2 1 1 1 1 1 1 1 1 2 2 1 2 2 2 2 2 1 1 1 1 1 1 1 1 1 1 1 1 1 1 1 1 1 1 1 1 1 1 1 1 1 2 1 2 1 2 2 2 2 2 1 2 1 2 2 1 1 1 1 1 1 1 1 2 1 1 1 1 1 1 1 2 2 1 2 2 2 2 2 2 1 1 2 1 1 2 2 2 1 2 2 2 2 2 2 2 2 1 1 1 1 1 1 1 1 1 1 1 1 1 1 1 1 1 1 1 1 1 1 1 1 1 1 1 1 1 1 1 1 1 1 1 1 2 2 1 1 1 1 1 1 1 1 1 1 1 1 1 1 1 1 1 1 1 1 1 1 1 1 1 1 1 1 1 1 1 1 1 1 1 1 1 1 1 1 1 1 1 1 1 1 1 1 1 1 1 1 1 1 1 1 1 2 2 2 2 2 2 2 2 2 2 2 2 2 2 1 1 1 1 1 1 1 1 1 1 1 1 1 1 1 2 2 2 2 2 2 2 2 2 2 2 2 2 2 1 2 2 2 2 2 1 1 1 1 1 1 1 1 1 1 1 1 1 1 1 1 2 2 2 1 1 1 1 1 1 1 1 1 1 1 1 1 1 1 1 1 1 1 1 1 1 2 2 1 1 1 1 1 1 1 1 1 1 1 1 1 1 1 1 1 1 1 1 1 1 1 1 1 1 1 1 1 1 1 1 1 1 1 1 1 1 1 1 1 1 1 1 2 2 2 1 1 1 1 1 1 2 2 2 1 2 1 2 2 2 2 2 2 2 2 2 2 2 2 2 1 1 1 1 1 1 1 1 1 1 1 1 1 1 1 1 1 1 1 1 1 1 1 1 1 1 1 1 1 1 1 1 1 1 1 1 1 1 1 1 1 1 1 1 1 1 1 1 1 1 1 1 2 2 2 2 2 1 1 1 1 1 2 2 2 2 2 2 2 2 2 2 2 2 2 2 2 2 1 1 2 2 1 2 1 2 2 2 2 2 2 2 2 2 2 2 1 1 1 1 1 1 1 1 1 1 1 1 1 1 1 1 1 1 1 1 1 1 1 1 1 1 1 1 1 1 1 1 1 1 1 1 1 1 1 1 1 1 1 1 1 1 1 1 1 1 1 1 1 1 1 1 1 1 1 2 1 1 1 1 1 1 1 1 1 1 1 1 1 1 1 1 1 1 1 1 1 1 1 1 1 1 1 1 1 1 1 1 1 1 2 1 1 1 1 1 1 1 1 1 2 2 2 1 1 1 1 1 1 2 1 2 1 2 2 2 2 2 2 2 2 2 2 2 2 2 2 2 2 2 2 2 2 2 2 2 2 2 1 1 1 1 2 2 2 2 1 2 1 2 1 1 2 1 1 2 2 2 2 2 2 2 1 1 2 2 1 2 2 2 2 2 2 2 2 1 1 1 1 1 2 2 2 2 2 2 2 2 2 2 2 2 2 2 2 2 2 2 2 2 2 2 2 2 2 2 2 2 1 1 1 1 1 1 1 1 2 2 2 2 2 2 2 2 2 2 2 1 2 1 1 2 2 2 1 1 1 1 1 2 1 1 1 2 1 1 1 1 1 1 2 2 2 2 2 2 2 2 1 1 1 1 1 1 1 1 2 2 1 2 2 2 2 2 1 1 1 1 1 1 1 1 1 1 1 1 1 1 1 1 1 1 1 1 1 1 1 1 1 2 1 2 1 2 2 2 2 2 1 1 2 2 1 2 1 1 1 1 1 1 1 2 1 1 1 1 1 1 1 2 2 1 2 2 2 2 2 2 1 1 2 1 1 2 2 2 1 2 2 2 2 2 2 2 2 1 1 1 1 1 1 1 1 1 1 1 1 1 1 1 1 1 1 1 1 1 1 1 1 1 1 1 1 1 1 1 1 1 1 1 1 2 2 1 1 1 1 1 1 1 1 1 1 1 1 1 1 1 1 1 1 1 1 1 1 1 1 1 1 1 1 1 1 1 1 1 1 1 1 1 1 1 1 1 1 1 1 1 1 1 1 1 1 1 1 1 1 1 1 1 2 2 2 2 2 2 2 2 2 2 2 2 2 2 1 1 1 1 1 1 1 1 1 1 1 1 1 1 1 2 2 2 2 2 2 2 2 2 2 2 2 2 2 1 2 2 2 2 2 1 1 1 1 1 1 1 1 1 1 1 1 </vcount>
          <v>1 0 1 1 1 2 1 3 0 4 1 5 0 6 1 7 0 8 1 9 1 10 1 11 9 12 9 13 9 14 9 15 9 16 9 17 9 18 9 19 9 20 9 21 9 22 9 23 9 24 9 25 9 26 9 27 9 28 9 29 9 30 0 31 9 32 9 33 0 34 9 35 9 36 9 37 9 38 9 39 9 40 9 41 9 42 9 43 9 44 9 45 9 46 9 47 9 48 9 49 9 50 9 51 9 52 9 53 9 54 9 55 9 56 9 57 9 58 9 59 9 60 9 61 9 62 9 63 9 64 9 65 9 66 9 67 9 68 9 69 9 70 9 71 9 72 9 73 9 74 9 75 9 76 9 77 9 78 9 79 0 80 9 81 0 82 9 83 0 84 9 85 0 86 9 87 9 88 9 89 9 90 9 91 9 92 9 93 0 94 9 95 0 96 9 97 0 98 11 99 0 100 11 101 0 102 0 103 0 104 9 105 0 106 9 107 0 108 9 109 0 110 9 111 0 112 9 113 2 114 3 115 2 116 3 117 2 118 3 119 2 120 3 121 2 122 3 123 2 124 3 125 2 126 3 127 4 128 4 129 4 130 4 131 4 132 4 133 4 134 4 135 4 136 4 137 4 138 4 139 4 140 4 141 4 142 4 143 4 144 4 145 4 146 4 147 4 148 4 149 4 150 4 151 4 152 4 153 4 154 4 155 4 156 4 157 4 158 4 159 4 160 4 161 4 162 4 163 4 164 4 165 4 166 4 167 4 168 4 169 4 170 4 171 4 172 4 173 4 174 4 175 4 176 4 177 4 178 4 179 2 180 3 181 2 182 3 183 2 184 3 185 2 186 3 187 2 188 3 189 4 190 4 191 4 192 4 193 4 194 3 195 4 196 3 197 4 198 3 199 4 200 3 201 4 202 3 203 4 204 3 205 4 206 3 207 4 208 3 209 4 210 3 211 4 212 3 213 4 214 3 215 4 216 3 217 4 218 3 219 4 220 3 221 4 222 3 223 4 224 3 225 4 226 4 227 4 228 3 229 4 230 3 231 4 232 4 233 4 234 3 235 4 236 3 237 4 238 3 239 4 240 3 241 4 242 3 243 4 244 3 245 4 246 3 247 4 248 3 249 4 250 3 251 4 252 3 253 4 254 3 255 4 256 3 257 4 258 4 259 4 260 4 261 4 262 4 263 4 264 4 265 4 266 4 267 4 268 4 269 4 270 4 271 4 272 4 273 4 274 4 275 4 276 4 277 4 278 4 279 4 280 4 281 4 282 4 283 4 284 4 285 4 286 4 287 4 288 4 289 4 290 4 291 4 292 4 293 4 294 4 295 4 296 4 297 4 298 4 299 4 300 4 301 4 302 4 303 4 304 4 305 4 306 4 307 4 308 4 309 4 310 4 311 4 312 4 313 4 314 4 315 4 316 4 317 3 318 4 319 4 320 4 321 4 322 4 323 4 324 4 325 4 326 4 327 4 328 4 329 4 330 4 331 4 332 4 333 4 334 4 335 4 336 4 337 4 338 4 339 4 340 4 341 4 342 4 343 4 344 4 345 4 346 4 347 4 348 4 349 4 350 4 351 4 352 4 353 3 354 4 355 4 356 4 357 4 358 4 359 4 360 4 361 4 362 2 363 2 364 2 365 3 366 2 367 3 368 2 369 3 370 1 371 1 372 1 373 1 374 1 375 0 376 0 377 0 378 11 379 0 380 11 381 0 382 0 383 11 384 0 385 11 386 0 387 11 388 0 389 11 390 0 391 11 392 0 393 1 394 0 395 1 396 0 397 1 398 0 399 1 400 0 401 1 402 0 403 1 404 0 405 1 406 0 407 1 408 0 409 1 410 0 411 1 412 0 413 1 414 0 415 1 416 0 417 1 418 0 419 1 420 0 421 1 422 0 423 1 424 2 425 3 426 2 427 3 428 2 429 3 430 2 431 3 432 2 433 2 434 2 435 2 436 1 437 2 438 1 439 2 440 2 441 3 442 2 443 3 444 1 445 2 446 2 447 1 448 0 449 1 450 1 451 0 452 1 453 1 454 1 455 1 456 0 457 1 458 0 459 1 460 0 461 1 462 0 463 1 464 0 465 1 466 0 467 1 468 0 469 0 470 1 471 0 472 0 473 9 474 0 475 9 476 0 477 0 478 9 479 0 480 1 481 0 482 1 483 0 484 1 485 0 486 1 487 1 488 2 489 1 490 2 491 1 492 1 493 2 494 1 495 1 496 1 497 1 498 0 499 1 500 0 501 1 502 0 503 1 504 0 505 1 506 0 507 1 508 0 509 1 510 0 511 1 512 0 513 1 514 0 515 1 516 0 517 1 518 0 519 1 520 0 521 1 522 0 523 1 524 0 525 1 526 0 527 1 528 0 529 1 530 0 531 1 532 1 533 8 534 1 535 8 536 1 537 8 538 1 539 8 540 0 541 11 542 0 543 11 544 0 545 11 546 0 547 11 548 0 549 11 550 0 551 11 552 0 553 11 554 1 555 1 556 1 557 1 558 1 559 1 560 1 561 1 562 1 563 8 564 1 565 8 566 1 567 8 568 1 569 8 570 1 571 8 572 1 573 8 574 1 575 8 576 1 577 8 578 1 579 8 580 1 581 8 582 0 583 1 584 2 585 1 586 2 587 2 588 1 589 1 590 2 591 1 592 2 593 0 594 1 595 1 596 1 597 1 598 2 599 2 600 1 601 2 602 1 603 1 604 1 605 1 606 2 607 1 608 1 609 1 610 1 611 1 612 1 613 1 614 8 615 1 616 8 617 1 618 8 619 1 620 8 621 1 622 8 623 1 624 8 625 1 626 8 627 1 628 8 629 1 630 1 631 1 632 1 633 1 634 1 635 1 636 1 637 0 638 1 639 0 640 1 641 1 642 1 643 8 644 1 645 8 646 1 647 8 648 1 649 8 650 1 651 8 652 1 653 1 654 1 655 1 656 1 657 1 658 1 659 1 660 1 661 1 662 1 663 1 664 1 665 1 666 1 667 1 668 1 669 1 670 1 671 1 672 1 673 1 674 1 675 1 676 0 677 0 678 9 679 0 680 0 681 11 682 0 683 0 684 11 685 0 686 11 687 0 688 11 689 0 690 11 691 0 692 11 693 0 694 0 695 11 696 0 697 0 698 11 699 0 700 11 701 0 702 9 703 9 704 9 705 9 706 9 707 9 708 9 709 0 710 1 711 0 712 0 713 0 714 0 715 0 716 0 717 0 718 0 719 1 720 0 721 1 722 0 723 0 724 11 725 0 726 11 727 0 728 11 729 0 730 11 731 0 732 11 733 1 734 8 735 1 736 1 737 1 738 8 739 1 740 1 741 1 742 8 743 1 744 8 745 1 746 8 747 1 748 0 749 11 750 0 751 11 752 0 753 11 754 0 755 11 756 0 757 11 758 0 759 11 760 0 761 11 762 0 763 1 764 1 765 1 766 1 767 1 768 1 769 1 770 1 771 1 772 1 773 1 774 1 775 1 776 1 777 1 778 1 779 1 780 1 781 1 782 1 783 1 784 1 785 1 786 1 787 1 788 1 789 1 790 1 791 1 792 1 793 1 794 1 795 1 796 1 797 1 798 1 799 9 800 0 801 11 802 0 803 11 804 9 805 9 806 9 807 9 808 9 809 9 810 9 811 9 812 9 813 9 814 4 815 4 816 4 817 4 818 4 819 4 820 4 821 4 822 4 823 4 824 4 825 4 826 4 827 4 828 4 829 4 830 4 831 4 832 4 833 4 834 4 835 4 836 4 837 4 838 4 839 4 840 4 841 4 842 4 843 4 844 4 845 4 846 4 847 4 848 4 849 4 850 4 851 4 852 4 853 4 854 4 855 4 856 4 857 4 858 4 859 4 860 4 861 1 862 8 863 1 864 8 865 1 866 8 867 1 868 8 869 1 870 8 871 1 872 8 873 1 874 8 875 1 876 8 877 1 878 8 879 1 880 8 881 1 882 8 883 1 884 8 885 1 886 8 887 1 888 8 889 1 890 1 891 1 892 1 893 1 894 1 895 1 896 1 897 1 898 1 899 1 900 1 901 1 902 1 903 1 904 1 905 8 906 1 907 8 908 1 909 8 910 1 911 8 912 1 913 8 914 1 915 8 916 1 917 8 918 1 919 8 920 1 921 8 922 1 923 8 924 1 925 8 926 1 927 8 928 1 929 8 930 1 931 8 932 1 933 1 934 8 935 1 936 8 937 1 938 8 939 1 940 8 941 1 942 8 943 1 944 1 945 1 946 1 947 1 948 1 949 1 950 1 951 1 952 1 953 1 954 1 955 1 956 1 957 1 958 1 959 0 960 1 961 0 962 1 963 0 964 1 965 1 966 1 967 10 968 10 969 10 970 10 971 10 972 10 973 10 974 10 975 10 976 10 977 10 978 10 979 10 980 10 981 10 982 10 983 10 984 10 985 10 986 10 987 0 988 10 989 0 990 10 991 10 992 10 993 10 994 10 995 10 996 10 997 10 998 10 999 10 1000 10 1001 10 1002 10 1003 10 1004 10 1005 10 1006 10 1007 10 1008 10 1009 10 1010 10 1011 10 1012 10 1013 10 1014 10 1015 10 1016 10 1017 10 1018 10 1019 10 1020 10 1021 10 1022 10 1023 10 1024 10 1025 10 1026 10 1027 10 1028 10 1029 10 1030 10 1031 10 1032 10 1033 10 1034 10 1035 0 1036 10 1037 0 1038 10 1039 0 1040 10 1041 10 1042 10 1043 10 1044 10 1045 10 1046 10 1047 0 1048 10 1049 0 1050 10 1051 0 1052 11 1053 0 1054 0 1055 11 1056 0 1057 0 1058 10 1059 0 1060 10 1061 0 1062 10 1063 0 1064 10 1065 0 1066 10 1067 0 1068 10 1069 5 1070 6 1071 5 1072 6 1073 5 1074 6 1075 5 1076 6 1077 5 1078 6 1079 5 1080 6 1081 5 1082 6 1083 7 1084 7 1085 7 1086 7 1087 7 1088 7 1089 7 1090 7 1091 7 1092 7 1093 7 1094 7 1095 7 1096 7 1097 7 1098 7 1099 7 1100 7 1101 7 1102 7 1103 7 1104 7 1105 7 1106 7 1107 7 1108 7 1109 7 1110 7 1111 7 1112 7 1113 7 1114 7 1115 7 1116 7 1117 7 1118 7 1119 7 1120 7 1121 7 1122 7 1123 7 1124 7 1125 7 1126 7 1127 7 1128 7 1129 7 1130 7 1131 7 1132 7 1133 7 1134 7 1135 5 1136 6 1137 5 1138 6 1139 5 1140 6 1141 5 1142 6 1143 5 1144 6 1145 7 1146 7 1147 7 1148 7 1149 7 1150 6 1151 7 1152 6 1153 7 1154 6 1155 7 1156 6 1157 7 1158 6 1159 7 1160 6 1161 7 1162 6 1163 7 1164 6 1165 7 1166 6 1167 7 1168 6 1169 7 1170 6 1171 7 1172 6 1173 7 1174 6 1175 7 1176 6 1177 7 1178 6 1179 7 1180 6 1181 7 1182 7 1183 7 1184 6 1185 7 1186 6 1187 7 1188 7 1189 6 1190 7 1191 7 1192 6 1193 7 1194 6 1195 7 1196 6 1197 7 1198 6 1199 7 1200 6 1201 7 1202 6 1203 7 1204 6 1205 7 1206 6 1207 7 1208 6 1209 7 1210 6 1211 7 1212 6 1213 7 1214 7 1215 7 1216 7 1217 7 1218 7 1219 7 1220 7 1221 7 1222 7 1223 7 1224 7 1225 7 1226 7 1227 7 1228 7 1229 7 1230 7 1231 7 1232 7 1233 7 1234 7 1235 7 1236 7 1237 7 1238 7 1239 7 1240 7 1241 7 1242 7 1243 7 1244 7 1245 7 1246 7 1247 7 1248 7 1249 7 1250 7 1251 7 1252 7 1253 7 1254 7 1255 7 1256 7 1257 7 1258 7 1259 7 1260 7 1261 7 1262 7 1263 7 1264 7 1265 7 1266 7 1267 7 1268 7 1269 7 1270 7 1271 7 1272 7 1273 6 1274 7 1275 7 1276 7 1277 7 1278 7 1279 7 1280 7 1281 7 1282 7 1283 7 1284 7 1285 7 1286 7 1287 7 1288 7 1289 7 1290 7 1291 7 1292 7 1293 7 1294 7 1295 7 1296 7 1297 7 1298 7 1299 7 1300 7 1301 7 1302 7 1303 7 1304 7 1305 7 1306 7 1307 7 1308 7 1309 6 1310 7 1311 7 1312 7 1313 7 1314 7 1315 7 1316 7 1317 7 1318 5 1319 5 1320 5 1321 6 1322 5 1323 6 1324 5 1325 6 1326 1 1327 1 1328 1 1329 1 1330 1 1331 0 1332 0 1333 11 1334 0 1335 0 1336 11 1337 0 1338 0 1339 11 1340 0 1341 11 1342 0 1343 11 1344 0 1345 11 1346 0 1347 11 1348 0 1349 1 1350 0 1351 1 1352 0 1353 1 1354 0 1355 1 1356 0 1357 1 1358 0 1359 1 1360 0 1361 1 1362 0 1363 1 1364 0 1365 1 1366 0 1367 1 1368 0 1369 1 1370 0 1371 1 1372 0 1373 1 1374 0 1375 1 1376 0 1377 1 1378 0 1379 1 1380 5 1381 6 1382 5 1383 6 1384 5 1385 6 1386 5 1387 6 1388 5 1389 5 1390 5 1391 5 1392 1 1393 5 1394 1 1395 5 1396 5 1397 6 1398 5 1399 6 1400 5 1401 1 1402 5 1403 1 1404 0 1405 1 1406 1 1407 1 1408 0 1409 1 1410 1 1411 1 1412 0 1413 1 1414 0 1415 1 1416 0 1417 1 1418 0 1419 1 1420 0 1421 1 1422 0 1423 1 1424 0 1425 1 1426 0 1427 0 1428 0 1429 10 1430 0 1431 10 1432 0 1433 0 1434 10 1435 0 1436 1 1437 0 1438 1 1439 0 1440 1 1441 0 1442 1 1443 1 1444 5 1445 1 1446 5 1447 1 1448 5 1449 1 1450 1 1451 1 1452 1 1453 1 1454 0 1455 1 1456 0 1457 1 1458 0 1459 1 1460 0 1461 1 1462 0 1463 1 1464 0 1465 1 1466 0 1467 1 1468 0 1469 1 1470 0 1471 1 1472 0 1473 1 1474 0 1475 1 1476 0 1477 1 1478 0 1479 1 1480 0 1481 1 1482 0 1483 1 1484 0 1485 1 1486 0 1487 1 1488 1 1489 8 1490 1 1491 8 1492 1 1493 8 1494 1 1495 8 1496 0 1497 11 1498 0 1499 11 1500 0 1501 11 1502 0 1503 11 1504 0 1505 11 1506 0 1507 11 1508 0 1509 11 1510 1 1511 1 1512 1 1513 1 1514 1 1515 1 1516 1 1517 1 1518 1 1519 8 1520 1 1521 8 1522 1 1523 8 1524 1 1525 8 1526 1 1527 8 1528 1 1529 8 1530 1 1531 8 1532 1 1533 8 1534 1 1535 8 1536 1 1537 8 1538 0 1539 1 1540 5 1541 1 1542 5 1543 5 1544 1 1545 1 1546 5 1547 1 1548 5 1549 0 1550 1 1551 1 1552 1 1553 1 1554 5 1555 5 1556 1 1557 5 1558 1 1559 1 1560 1 1561 1 1562 5 1563 1 1564 1 1565 1 1566 1 1567 1 1568 1 1569 1 1570 8 1571 1 1572 8 1573 1 1574 8 1575 1 1576 8 1577 1 1578 8 1579 1 1580 8 1581 1 1582 8 1583 1 1584 8 1585 1 1586 1 1587 1 1588 1 1589 1 1590 1 1591 1 1592 1 1593 0 1594 1 1595 0 1596 1 1597 1 1598 1 1599 8 1600 1 1601 8 1602 1 1603 8 1604 1 1605 8 1606 1 1607 8 1608 1 1609 1 1610 1 1611 1 1612 1 1613 1 1614 1 1615 1 1616 1 1617 1 1618 1 1619 1 1620 1 1621 1 1622 1 1623 1 1624 1 1625 1 1626 1 1627 1 1628 1 1629 1 1630 1 1631 1 1632 0 1633 0 1634 10 1635 0 1636 0 1637 11 1638 0 1639 0 1640 11 1641 0 1642 11 1643 0 1644 11 1645 0 1646 11 1647 0 1648 11 1649 0 1650 0 1651 0 1652 11 1653 0 1654 11 1655 0 1656 0 1657 11 1658 10 1659 10 1660 10 1661 10 1662 10 1663 10 1664 10 1665 0 1666 1 1667 0 1668 0 1669 0 1670 0 1671 0 1672 0 1673 0 1674 0 1675 1 1676 0 1677 1 1678 0 1679 0 1680 11 1681 0 1682 11 1683 0 1684 11 1685 0 1686 11 1687 0 1688 11 1689 1 1690 8 1691 1 1692 1 1693 1 1694 8 1695 1 1696 1 1697 1 1698 8 1699 1 1700 8 1701 1 1702 8 1703 1 1704 0 1705 11 1706 0 1707 11 1708 0 1709 11 1710 0 1711 11 1712 0 1713 11 1714 0 1715 11 1716 0 1717 11 1718 0 1719 1 1720 1 1721 1 1722 1 1723 1 1724 1 1725 1 1726 1 1727 1 1728 1 1729 1 1730 1 1731 1 1732 1 1733 1 1734 1 1735 1 1736 1 1737 1 1738 1 1739 1 1740 1 1741 1 1742 1 1743 1 1744 1 1745 1 1746 1 1747 1 1748 1 1749 1 1750 1 1751 1 1752 1 1753 1 1754 1 1755 10 1756 0 1757 11 1758 0 1759 11 1760 10 1761 10 1762 10 1763 10 1764 10 1765 10 1766 10 1767 10 1768 10 1769 10 1770 7 1771 7 1772 7 1773 7 1774 7 1775 7 1776 7 1777 7 1778 7 1779 7 1780 7 1781 7 1782 7 1783 7 1784 7 1785 7 1786 7 1787 7 1788 7 1789 7 1790 7 1791 7 1792 7 1793 7 1794 7 1795 7 1796 7 1797 7 1798 7 1799 7 1800 7 1801 7 1802 7 1803 7 1804 7 1805 7 1806 7 1807 7 1808 7 1809 7 1810 7 1811 7 1812 7 1813 7 1814 7 1815 7 1816 7 1817 1 1818 8 1819 1 1820 8 1821 1 1822 8 1823 1 1824 8 1825 1 1826 8 1827 1 1828 8 1829 1 1830 8 1831 1 1832 8 1833 1 1834 8 1835 1 1836 8 1837 1 1838 8 1839 1 1840 8 1841 1 1842 8 1843 1 1844 8 1845 1 1846 1 1847 1 1848 1 1849 1 1850 1 1851 1 1852 1 1853 1 1854 1 1855 1 1856 1 1857 1 1858 1 1859 1 1860 1 1861 8 1862 1 1863 8 1864 1 1865 8 1866 1 1867 8 1868 1 1869 8 1870 1 1871 8 1872 1 1873 8 1874 1 1875 8 1876 1 1877 8 1878 1 1879 8 1880 1 1881 8 1882 1 1883 8 1884 1 1885 8 1886 1 1887 8 1888 1 1889 1 1890 8 1891 1 1892 8 1893 1 1894 8 1895 1 1896 8 1897 1 1898 8 1899 1 1900 1 1901 1 1902 1 1903 1 1904 1 1905 1 1906 1 1907 1 1908 1 1909 1 1910 1 1911</v>
        </vertex_weights>
      </skin>
    </controller>
    <controller id="chr582_armature_chr582_1-skin" name="chr582_armature">
      <skin source="#chr582_1-mesh">
        <bind_shape_matrix>1 0 0 0 0 1 0 0 0 0 1 0 0 0 0 1</bind_shape_matrix>
        <source id="chr582_armature_chr582_1-skin-joints">
          <Name_array id="chr582_armature_chr582_1-skin-joints-array" count="2">J_mune J_ago</Name_array>
          <technique_common>
            <accessor source="#chr582_armature_chr582_1-skin-joints-array" count="2" stride="1">
              <param name="JOINT" type="name"/>
            </accessor>
          </technique_common>
        </source>
        <source id="chr582_armature_chr582_1-skin-bind_poses">
          <float_array id="chr582_armature_chr582_1-skin-bind_poses-array" count="32">1 0 0 0 0 1 0 -0.01127868 0 0 1 -3.377e-4 0 0 0 1 1 0 0 0 0 1 0 -0.01127868 0 0 1 -0.01339817 0 0 0 1</float_array>
          <technique_common>
            <accessor source="#chr582_armature_chr582_1-skin-bind_poses-array" count="2" stride="16">
              <param name="TRANSFORM" type="float4x4"/>
            </accessor>
          </technique_common>
        </source>
        <source id="chr582_armature_chr582_1-skin-weights">
          <float_array id="chr582_armature_chr582_1-skin-weights-array" count="368">1 1 1 1 1 1 0.949997 0.05000305 0.949997 0.05000305 0.949997 0.05000305 0.949997 0.05000305 1 1 0.2698413 0.7301588 0.2698413 0.7301588 0.25 0.75 0.25 0.75 0.2999511 0.7000489 0.2999511 0.7000489 0.4000977 0.5999023 0.2999511 0.7000489 0.2999511 0.7000489 0.2999511 0.7000489 0.2999511 0.7000489 0.2999511 0.7000489 0.3499389 0.6500611 0.4000977 0.5999023 0.4000977 0.5999023 0.5999023 0.4000977 0.9000123 0.09998774 0.9000123 0.09998774 0.9000123 0.09998774 1 1 1 0.2999511 0.7000489 0.4000977 0.5999023 0.2999511 0.7000489 0.4000977 0.5999023 0.2999511 0.7000489 0.2999511 0.7000489 0.2999511 0.7000489 0.2999511 0.7000489 0.2999511 0.7000489 0.2999511 0.7000489 0.2999511 0.7000489 0.4000977 0.5999023 0.5 0.5 0.8 0.1999999 0.8 0.1999999 0.5 0.5 0.8 0.1999999 0.5 0.5 0.8 0.1999999 0.4000977 0.5999023 0.5 0.5 0.4000977 0.5999023 0.4000977 0.5999023 0.2999511 0.7000489 0.2999511 0.7000489 0.9000123 0.09998774 1 0.7000489 0.2999511 0.5999023 0.4000977 1 1 1 1 1 1 1 1 1 1 1 1 0.5999023 0.4000977 0.9000123 0.09998774 0.9000123 0.09998774 1 1 1 0.2999511 0.7000489 0.3499389 0.6500611 0.2999511 0.7000489 0.2999511 0.7000489 0.2698413 0.7301588 0.25 0.75 0.2999511 0.7000489 1 0.4000977 0.5999023 0.8 0.1999999 0.8 0.1999999 0.9000123 0.09998774 1 1 0.8 0.1999999 0.8 0.1999999 0.4000977 0.5999023 0.2999511 0.7000489 0.2999511 0.7000489 0.4000977 0.5999023 0.2999511 0.7000489 0.2999511 0.7000489 0.2999511 0.7000489 0.2999511 0.7000489 0.2999511 0.7000489 0.2999511 0.7000489 1 1 1 1 1 0.949997 0.05000305 1 0.949997 0.05000305 0.949997 0.05000305 1 0.949997 0.05000305 1 0.2698413 0.7301588 0.25 0.75 0.2698413 0.7301588 0.25 0.75 0.2999511 0.7000489 0.2999511 0.7000489 0.4000977 0.5999023 0.2999511 0.7000489 0.2999511 0.7000489 0.2999511 0.7000489 0.2999511 0.7000489 0.3499389 0.6500611 0.2999511 0.7000489 0.4000977 0.5999023 0.4000977 0.5999023 0.5999023 0.4000977 0.9000123 0.09998774 0.9000123 0.09998774 0.9000123 0.09998774 1 1 1 0.2999511 0.7000489 0.2999511 0.7000489 0.4000977 0.5999023 0.4000977 0.5999023 0.2999511 0.7000489 0.2999511 0.7000489 0.2999511 0.7000489 0.2999511 0.7000489 0.2999511 0.7000489 0.2999511 0.7000489 0.2999511 0.7000489 0.4000977 0.5999023 0.5 0.5 0.8 0.1999999 0.8 0.1999999 0.5 0.5 0.8 0.1999999 0.5 0.5 0.8 0.1999999 0.5 0.5 0.4000977 0.5999023 0.4000977 0.5999023 0.4000977 0.5999023 0.2999511 0.7000489 0.2999511 0.7000489 0.9000123 0.09998774 0.7000489 0.2999511 1 0.5999023 0.4000977 1 1 1 1 1 1 1 1 1 1 1 1 0.5999023 0.4000977 0.9000123 0.09998774 0.9000123 0.09998774 1 1 1 0.3499389 0.6500611 0.2999511 0.7000489 0.2999511 0.7000489 0.2999511 0.7000489 0.2698413 0.7301588 0.25 0.75 0.2999511 0.7000489 1 0.8 0.1999999 0.4000977 0.5999023 0.9000123 0.09998774 0.8 0.1999999 1 1 0.8 0.1999999 0.8 0.1999999 0.4000977 0.5999023 0.2999511 0.7000489 0.2999511 0.7000489 0.4000977 0.5999023 0.2999511 0.7000489 0.2999511 0.7000489 0.2999511 0.7000489 0.2999511 0.7000489 0.2999511 0.7000489 0.2999511 0.7000489</float_array>
          <technique_common>
            <accessor source="#chr582_armature_chr582_1-skin-weights-array" count="368" stride="1">
              <param name="WEIGHT" type="float"/>
            </accessor>
          </technique_common>
        </source>
        <joints>
          <input semantic="JOINT" source="#chr582_armature_chr582_1-skin-joints"/>
          <input semantic="INV_BIND_MATRIX" source="#chr582_armature_chr582_1-skin-bind_poses"/>
        </joints>
        <vertex_weights count="214">
          <input semantic="JOINT" source="#chr582_armature_chr582_1-skin-joints" offset="0"/>
          <input semantic="WEIGHT" source="#chr582_armature_chr582_1-skin-weights" offset="1"/>
          <vcount>1 1 1 1 1 1 2 2 2 2 1 1 2 2 2 2 2 2 2 2 2 2 2 2 2 2 2 2 2 2 2 1 1 1 2 2 2 2 2 2 2 2 2 2 2 2 2 2 2 2 2 2 2 2 2 2 2 2 2 2 1 2 2 1 1 1 1 1 1 1 1 1 1 1 1 2 2 2 1 1 1 2 2 2 2 2 2 2 1 2 2 2 2 1 1 2 2 2 2 2 2 2 2 2 2 2 2 1 1 1 1 1 2 1 2 2 1 2 1 2 2 2 2 2 2 2 2 2 2 2 2 2 2 2 2 2 2 2 1 1 1 2 2 2 2 2 2 2 2 2 2 2 2 2 2 2 2 2 2 2 2 2 2 2 2 2 2 2 1 2 1 1 1 1 1 1 1 1 1 1 1 1 2 2 2 1 1 1 2 2 2 2 2 2 2 1 2 2 2 2 1 1 2 2 2 2 2 2 2 2 2 2 2 2 </vcount>
          <v>0 0 0 1 0 2 0 3 0 4 0 5 0 6 1 7 0 8 1 9 0 10 1 11 0 12 1 13 0 14 0 15 0 16 1 17 0 18 1 19 0 20 1 21 0 22 1 23 0 24 1 25 0 26 1 27 0 28 1 29 0 30 1 31 0 32 1 33 0 34 1 35 0 36 1 37 0 38 1 39 0 40 1 41 0 42 1 43 0 44 1 45 0 46 1 47 0 48 1 49 0 50 1 51 0 52 1 53 0 54 0 55 0 56 0 57 1 58 0 59 1 60 0 61 1 62 0 63 1 64 0 65 1 66 0 67 1 68 0 69 1 70 0 71 1 72 0 73 1 74 0 75 1 76 0 77 1 78 0 79 1 80 0 81 1 82 0 83 1 84 0 85 1 86 0 87 1 88 0 89 1 90 0 91 1 92 0 93 1 94 0 95 1 96 0 97 1 98 0 99 1 100 0 101 1 102 0 103 1 104 0 105 1 106 0 107 1 108 0 109 0 110 1 111 0 112 1 113 0 114 0 115 0 116 0 117 0 118 0 119 0 120 0 121 0 122 0 123 0 124 0 125 0 126 1 127 0 128 1 129 0 130 1 131 0 132 0 133 0 134 0 135 1 136 0 137 1 138 0 139 1 140 0 141 1 142 0 143 1 144 0 145 1 146 0 147 1 148 0 149 0 150 1 151 0 152 1 153 0 154 1 155 0 156 1 157 0 158 0 159 0 160 1 161 0 162 1 163 0 164 1 165 0 166 1 167 0 168 1 169 0 170 1 171 0 172 1 173 0 174 1 175 0 176 1 177 0 178 1 179 0 180 1 181 0 182 1 183 0 184 0 185 0 186 0 187 0 188 0 189 1 190 0 191 0 192 1 193 0 194 1 195 0 196 0 197 1 198 0 199 0 200 1 201 0 202 1 203 0 204 1 205 0 206 1 207 0 208 1 209 0 210 1 211 0 212 1 213 0 214 1 215 0 216 1 217 0 218 1 219 0 220 1 221 0 222 1 223 0 224 1 225 0 226 1 227 0 228 1 229 0 230 1 231 0 232 1 233 0 234 1 235 0 236 1 237 0 238 0 239 0 240 0 241 1 242 0 243 1 244 0 245 1 246 0 247 1 248 0 249 1 250 0 251 1 252 0 253 1 254 0 255 1 256 0 257 1 258 0 259 1 260 0 261 1 262 0 263 1 264 0 265 1 266 0 267 1 268 0 269 1 270 0 271 1 272 0 273 1 274 0 275 1 276 0 277 1 278 0 279 1 280 0 281 1 282 0 283 1 284 0 285 1 286 0 287 1 288 0 289 1 290 0 291 1 292 0 293 1 294 0 295 0 296 1 297 0 298 0 299 0 300 0 301 0 302 0 303 0 304 0 305 0 306 0 307 0 308 0 309 0 310 1 311 0 312 1 313 0 314 1 315 0 316 0 317 0 318 0 319 1 320 0 321 1 322 0 323 1 324 0 325 1 326 0 327 1 328 0 329 1 330 0 331 1 332 0 333 0 334 1 335 0 336 1 337 0 338 1 339 0 340 1 341 0 342 0 343 0 344 1 345 0 346 1 347 0 348 1 349 0 350 1 351 0 352 1 353 0 354 1 355 0 356 1 357 0 358 1 359 0 360 1 361 0 362 1 363 0 364 1 365 0 366 1 367</v>
        </vertex_weights>
      </skin>
    </controller>
    <controller id="chr582_armature_chr582_2-skin" name="chr582_armature">
      <skin source="#chr582_2-mesh">
        <bind_shape_matrix>1 0 0 0 0 1 0 0 0 0 1 0 0 0 0 1</bind_shape_matrix>
        <source id="chr582_armature_chr582_2-skin-joints">
          <Name_array id="chr582_armature_chr582_2-skin-joints-array" count="2">J_center J_shippo</Name_array>
          <technique_common>
            <accessor source="#chr582_armature_chr582_2-skin-joints-array" count="2" stride="1">
              <param name="JOINT" type="name"/>
            </accessor>
          </technique_common>
        </source>
        <source id="chr582_armature_chr582_2-skin-bind_poses">
          <float_array id="chr582_armature_chr582_2-skin-bind_poses-array" count="32">1 0 0 0 0 1 0 -0.01127868 0 0 1 -3.377e-4 0 0 0 1 1 0 0 0 0 1 0 -0.008914351 0 0 1 0.01798558 0 0 0 1</float_array>
          <technique_common>
            <accessor source="#chr582_armature_chr582_2-skin-bind_poses-array" count="2" stride="16">
              <param name="TRANSFORM" type="float4x4"/>
            </accessor>
          </technique_common>
        </source>
        <source id="chr582_armature_chr582_2-skin-weights">
          <float_array id="chr582_armature_chr582_2-skin-weights-array" count="186">0.1999999 0.8 0.4000977 0.5999023 0.1999999 0.8 0.09998774 0.9000123 0.09998774 0.9000123 0.09998774 0.9000123 0.05000305 0.949997 1 1 1 1 1 1 1 1 1 1 1 1 1 1 1 0.05000305 0.949997 0.05000305 0.949997 0.09998774 0.9000123 0.09998774 0.9000123 0.09998774 0.9000123 0.4000977 0.5999023 0.5999023 0.4000977 0.1999999 0.8 0.1999999 0.8 0.5999023 0.4000977 0.1999999 0.8 0.1999999 0.8 0.1999999 0.8 0.09998774 0.9000123 0.05000305 0.949997 0.05000305 0.949997 0.1999999 0.8 0.09998774 0.9000123 0.09998774 0.9000123 0.05000305 0.949997 1 1 1 1 1 1 0.05000305 0.949997 0.05000305 0.949997 0.09998774 0.9000123 0.09998774 0.9000123 1 0.09998774 0.9000123 0.05000305 0.949997 1 1 1 0.09998774 0.9000123 0.1999999 0.8 0.1999999 0.8 0.4000977 0.5999023 0.09998774 0.9000123 0.09998774 0.9000123 0.09998774 0.9000123 0.05000305 0.949997 1 1 1 1 1 1 1 1 1 1 1 1 1 1 1 1 1 1 0.05000305 0.949997 0.05000305 0.949997 0.09998774 0.9000123 0.09998774 0.9000123 0.09998774 0.9000123 0.4000977 0.5999023 0.4000977 0.5999023 0.5999023 0.4000977 0.4000977 0.5999023 0.5999023 0.4000977 0.1999999 0.8 0.1999999 0.8 0.1999999 0.8 0.09998774 0.9000123 0.05000305 0.949997 0.05000305 0.949997 0.1999999 0.8 0.09998774 0.9000123 0.09998774 0.9000123 0.05000305 0.949997 1 1 1 1 1 0.05000305 0.949997 0.05000305 0.949997 0.09998774 0.9000123 0.09998774 0.9000123 1 0.09998774 0.9000123 0.05000305 0.949997 1 0.09998774 0.9000123</float_array>
          <technique_common>
            <accessor source="#chr582_armature_chr582_2-skin-weights-array" count="186" stride="1">
              <param name="WEIGHT" type="float"/>
            </accessor>
          </technique_common>
        </source>
        <joints>
          <input semantic="JOINT" source="#chr582_armature_chr582_2-skin-joints"/>
          <input semantic="INV_BIND_MATRIX" source="#chr582_armature_chr582_2-skin-bind_poses"/>
        </joints>
        <vertex_weights count="118">
          <input semantic="JOINT" source="#chr582_armature_chr582_2-skin-joints" offset="0"/>
          <input semantic="WEIGHT" source="#chr582_armature_chr582_2-skin-weights" offset="1"/>
          <vcount>2 2 2 2 2 2 2 1 1 1 1 1 1 1 1 1 1 1 1 1 1 1 2 2 2 2 2 2 2 2 2 2 2 2 2 2 2 2 2 2 2 2 1 1 1 1 1 1 2 2 2 2 1 2 2 1 1 1 2 2 2 2 2 2 2 2 1 1 1 1 1 1 1 1 1 1 1 1 1 1 1 1 1 1 2 2 2 2 2 2 2 2 2 2 2 2 2 2 2 2 2 2 2 2 1 1 1 1 1 2 2 2 2 1 2 2 1 2 </vcount>
          <v>0 0 1 1 0 2 1 3 0 4 1 5 0 6 1 7 0 8 1 9 0 10 1 11 0 12 1 13 1 14 1 15 1 16 1 17 1 18 1 19 1 20 1 21 1 22 1 23 1 24 1 25 1 26 1 27 1 28 0 29 1 30 0 31 1 32 0 33 1 34 0 35 1 36 0 37 1 38 0 39 1 40 0 41 1 42 0 43 1 44 0 45 1 46 0 47 1 48 0 49 1 50 0 51 1 52 0 53 1 54 0 55 1 56 0 57 1 58 0 59 1 60 0 61 1 62 0 63 1 64 0 65 1 66 0 67 1 68 1 69 1 70 1 71 1 72 1 73 1 74 0 75 1 76 0 77 1 78 0 79 1 80 0 81 1 82 1 83 0 84 1 85 0 86 1 87 1 88 1 89 1 90 0 91 1 92 0 93 1 94 0 95 1 96 0 97 1 98 0 99 1 100 0 101 1 102 0 103 1 104 0 105 1 106 1 107 1 108 1 109 1 110 1 111 1 112 1 113 1 114 1 115 1 116 1 117 1 118 1 119 1 120 1 121 1 122 1 123 1 124 0 125 1 126 0 127 1 128 0 129 1 130 0 131 1 132 0 133 1 134 0 135 1 136 0 137 1 138 0 139 1 140 0 141 1 142 0 143 1 144 0 145 1 146 0 147 1 148 0 149 1 150 0 151 1 152 0 153 1 154 0 155 1 156 0 157 1 158 0 159 1 160 0 161 1 162 0 163 1 164 1 165 1 166 1 167 1 168 1 169 0 170 1 171 0 172 1 173 0 174 1 175 0 176 1 177 1 178 0 179 1 180 0 181 1 182 1 183 0 184 1 185</v>
        </vertex_weights>
      </skin>
    </controller>
    <controller id="chr582_armature_chr582_3-skin" name="chr582_armature">
      <skin source="#chr582_3-mesh">
        <bind_shape_matrix>1 0 0 0 0 1 0 0 0 0 1 0 0 0 0 1</bind_shape_matrix>
        <source id="chr582_armature_chr582_3-skin-joints">
          <Name_array id="chr582_armature_chr582_3-skin-joints-array" count="12">J_center J_mune J_ude_R J_hiji_R J_te_R J_ude_L J_hiji_L J_te_L J_ago J_momo_R J_momo_L J_shippo</Name_array>
          <technique_common>
            <accessor source="#chr582_armature_chr582_3-skin-joints-array" count="12" stride="1">
              <param name="JOINT" type="name"/>
            </accessor>
          </technique_common>
        </source>
        <source id="chr582_armature_chr582_3-skin-bind_poses">
          <float_array id="chr582_armature_chr582_3-skin-bind_poses-array" count="192">1 0 0 0 0 1 0 -0.01127868 0 0 1 -3.377e-4 0 0 0 1 1 0 0 0 0 1 0 -0.01127868 0 0 1 -3.377e-4 0 0 0 1 -0.5589876 0.7968085 -0.2294104 -0.01908099 -0.7968084 -0.5927461 -0.117253 -0.002900719 -0.2294103 0.1172531 0.9662415 -0.01361125 0 0 0 1 0.9999999 -3.65455e-7 1.10361e-5 0.02199983 0 -0.9991231 -0.04186171 0.01099878 1.10519e-5 0.04186177 -0.9991235 0.007112085 0 0 0 1 0.9999999 0 0 0.02199989 0 0.9999998 -1.64292e-6 -0.005001008 0 0 1.000038 -0.007327914 0 0 0 1 -0.5589876 -0.7968085 0.2294104 0.01908099 0.7968084 -0.5927461 -0.117253 -0.002900719 0.2294103 0.1172531 0.9662415 -0.01361125 0 0 0 1 0.9999999 3.65455e-7 -1.10361e-5 -0.02199983 0 -0.9991231 -0.04186171 0.01099878 -1.10519e-5 0.04186177 -0.9991235 0.007112085 0 0 0 1 0.9999999 0 0 -0.02199989 0 0.9999998 -1.64292e-6 -0.005001008 0 0 1.000038 -0.007327914 0 0 0 1 1 0 0 0 0 1 0 -0.01127868 0 0 1 -0.01339817 0 0 0 1 1 0 0 0.008199989 0 1 0 -0.003455758 0 0 1 0.01149106 0 0 0 1 1 0 0 -0.008199989 0 1 0 -0.003455758 0 0 1 0.01149106 0 0 0 1 1 0 0 0 0 1 0 -0.008914351 0 0 1 0.01798558 0 0 0 1</float_array>
          <technique_common>
            <accessor source="#chr582_armature_chr582_3-skin-bind_poses-array" count="12" stride="16">
              <param name="TRANSFORM" type="float4x4"/>
            </accessor>
          </technique_common>
        </source>
        <source id="chr582_armature_chr582_3-skin-weights">
          <float_array id="chr582_armature_chr582_3-skin-weights-array" count="2454">1 1 1 1 0.05000305 0.949997 0.05000305 0.949997 1 0.05000305 0.949997 1 1 1 1 1 1 1 1 1 1 1 1 1 1 1 1 1 1 1 0.09998774 0.9000123 1 1 0.09998774 0.9000123 1 1 1 1 1 1 1 1 1 1 1 1 1 1 1 1 1 1 1 1 1 1 1 1 1 1 1 1 1 1 1 1 1 1 1 1 1 1 1 1 1 1 1 1 1 0.09998774 0.9000123 1 0.09998774 0.9000123 0.8 0.1999999 0.09998774 0.9000123 0.09998774 0.9000123 1 1 1 1 1 1 1 0.8 0.1999999 0.8 0.1999999 0.8 0.1999999 0.8 0.1999999 1 1 0.8 0.1999999 0.09998774 0.9000123 0.09998774 0.9000123 0.09998774 0.9000123 0.5 0.5 0.5 0.5 0.8 0.1999999 1 0.09998774 0.9000123 0.09998774 0.9000123 0.9000123 0.09998774 0.09998774 0.9000123 0.5 0.5 0.8 0.1999999 1 1 1 1 1 1 1 1 1 1 1 1 1 1 1 1 1 1 1 1 1 1 1 1 1 1 1 1 1 1 1 1 1 1 1 1 1 1 1 1 1 1 1 1 1 1 1 1 1 1 1 1 0.5 0.5 0.8 0.1999999 1 0.1999999 0.8 0.9000123 0.09998774 0.5 0.5 0.8 0.1999999 1 1 1 1 1 0.1999999 0.8 0.5 0.5 0.5 0.5 0.9000123 0.09998774 0.5 0.5 0.5 0.5 0.5999023 0.4000977 0.9000123 0.09998774 0.1999999 0.8 0.5999023 0.4000977 0.9000123 0.09998774 0.1999999 0.8 0.5999023 0.4000977 0.1999999 0.8 0.09998774 0.9000123 0.5999023 0.4000977 0.09998774 0.9000123 1 1 0.5 0.5 1 1 0.5 0.5 0.5 0.5 0.5999023 0.4000977 0.9000123 0.09998774 0.5999023 0.4000977 0.9000123 0.09998774 0.1999999 0.8 0.1999999 0.8 0.5999023 0.4000977 0.5999023 0.4000977 0.09998774 0.9000123 0.09998774 0.9000123 1 1 1 1 1 1 1 1 1 1 1 1 1 1 1 1 1 1 1 1 1 1 1 1 1 1 1 1 1 1 1 1 1 1 1 1 1 1 1 1 1 1 1 1 1 1 1 1 1 1 1 1 1 1 1 1 1 1 1 1 0.1999999 0.8 1 1 1 1 1 1 1 1 1 1 1 1 1 1 1 1 1 1 1 1 1 1 1 1 1 1 1 1 1 1 1 1 1 1 1 1 1 1 1 1 1 0.09998774 0.9000123 0.09998774 0.9000123 1 1 1 1 1 1 1 0.8 0.1999999 0.8 0.1999999 1 0.5999023 0.4000977 0.5999023 0.4000977 0.4000977 0.5999023 0.1999999 0.8 0.1999999 0.8 0.1499755 0.8500245 0.1499755 0.8500245 0.3499389 0.6500611 0.3499389 0.6500611 0.1499755 0.8500245 0.3499389 0.6500611 0.949997 0.05000305 0.6500611 0.3499389 0.7000489 0.2999511 0.949997 0.05000305 0.6500611 0.3499389 0.6500611 0.3499389 0.949997 0.05000305 0.7000489 0.2999511 0.949997 0.05000305 0.3499389 0.6500611 0.1499755 0.8500245 0.05000305 0.949997 0.5 0.5 0.5 0.5 0.8 0.1999999 0.8 0.1999999 1 1 1 1 0.09998774 0.9000123 0.09998774 0.9000123 0.8 0.1999999 1 0.09998774 0.9000123 0.5 0.5 1 0.05000305 0.949997 1 1 1 1 0.4000977 0.5999023 0.7000489 0.2999511 0.4000977 0.5999023 0.1999999 0.8 0.1999999 0.8 0.75 0.25 0.9000123 0.09998774 1 0.75 0.25 1 0.8 0.1999999 0.8 0.1999999 1 0.8 0.1999999 0.09998774 0.9000123 0.5 0.5 0.5 0.5 0.1999999 0.8 0.5 0.5 0.4000977 0.5999023 0.4000977 0.5999023 1 1 1 1 1 1 0.1999999 0.8 0.1999999 0.8 0.05000305 0.949997 0.05000305 0.949997 0.9000123 0.09998774 0.8 0.1999999 0.8 0.1999999 0.9000123 0.09998774 0.5 0.5 0.5 0.5 0.8 0.1999999 0.1999999 0.8 0.05000305 0.949997 0.8 0.1999999 0.5 0.5 0.5 0.5 0.1999999 0.8 0.25 0.75 0.25 0.75 0.2698413 0.7301588 0.2698413 0.7301588 1 1 1 1 1 0.949997 0.05000305 1 0.949997 0.05000305 1 0.949997 0.05000305 0.949997 0.05000305 1 1 0.2698413 0.7301588 0.2698413 0.7301588 0.25 0.75 0.25 0.75 0.2999511 0.7000489 0.2999511 0.7000489 0.4000977 0.5999023 0.1999999 0.8 0.09998774 0.9000123 0.09998774 0.9000123 0.09998774 0.9000123 0.1999999 0.8 0.09998774 0.9000123 0.1999999 0.8 1 1 1 1 1 1 1 1 0.8 0.1999999 0.8 0.1999999 0.4601857 0.5398144 0.8 0.1999999 0.2999511 0.7000489 0.2999511 0.7000489 0.2598925 0.7401075 0.2598925 0.7401075 0.4601857 0.5398144 0.4601857 0.5398144 0.1999999 0.8 1 0.5 0.5 1 1 0.1999999 0.8 1 0.05000305 0.949997 1 1 1 1 0.5 0.5 0.5 0.5 1 1 1 1 1 1 1 1 0.2598925 0.7401075 0.2999511 0.7000489 0.2999511 0.7000489 0.4000977 0.5999023 0.2999511 0.7000489 0.2999511 0.7000489 0.2999511 0.7000489 0.2999511 0.7000489 0.2999511 0.7000489 0.3499389 0.6500611 0.2999511 0.7000489 0.2598925 0.7401075 0.2999511 0.7000489 0.5999023 0.4000977 0.2999511 0.7000489 0.2999511 0.7000489 0.3499389 0.6500611 0.4000977 0.5999023 0.4000977 0.5999023 1 1 1 1 1 1 1 1 1 0.949997 0.05000305 0.949997 0.05000305 1 0.8 0.1999999 0.4000977 0.5999023 0.2999511 0.7000489 0.5 0.5 1 0.5999023 0.4000977 0.5999023 0.4000977 0.9000123 0.09998774 0.9000123 0.09998774 0.9000123 0.09998774 1 1 1 1 1 1 1 1 1 1 1 1 1 1 1 1 1 1 1 1 1 1 1 1 1 1 1 1 1 1 0.8 0.1999999 1 1 0.8 0.1999999 0.5999023 0.4000977 0.4000977 0.5999023 0.4000977 0.5999023 0.5999023 0.4000977 0.5999023 0.4000977 0.8 0.1999999 1 1 0.8 0.1999999 1 0.4000977 0.5999023 0.2999511 0.7000489 0.2999511 0.7000489 0.4000977 0.5999023 0.2999511 0.7000489 0.2999511 0.7000489 0.2999511 0.7000489 0.2999511 0.7000489 0.2999511 0.7000489 0.2999511 0.7000489 0.2999511 0.7000489 0.2999511 0.7000489 0.4000977 0.5999023 0.5 0.5 0.8 0.1999999 0.8 0.1999999 0.5 0.5 0.8 0.1999999 0.5 0.5 0.5 0.5 0.4000977 0.5999023 0.8 0.1999999 0.4000977 0.5999023 0.4000977 0.5999023 0.2999511 0.7000489 1 1 1 1 1 1 0.9000123 0.09998774 1 1 1 1 1 1 1 0.9000123 0.09998774 0.9000123 0.09998774 1 0.5999023 0.4000977 0.5999023 0.4000977 0.4000977 0.5999023 0.5999023 0.4000977 0.1999999 0.8 0.4000977 0.5999023 0.2999511 0.7000489 1 0.9000123 0.09998774 0.7000489 0.2999511 0.9000123 0.09998774 1 1 1 1 1 1 1 1 0.5999023 0.4000977 0.4000977 0.5999023 0.9000123 0.09998774 1 1 0.1999999 0.8 0.1999999 0.8 0.09998774 0.9000123 0.09998774 0.9000123 0.1999999 0.8 0.1999999 0.8 0.4000977 0.5999023 0.1999999 0.8 0.09998774 0.9000123 0.09998774 0.9000123 0.09998774 0.9000123 0.05000305 0.949997 0.05000305 0.949997 1 1 1 1 1 1 1 1 1 1 1 1 1 1 1 1 1 1 1 1 1 0.05000305 0.949997 0.05000305 0.949997 0.09998774 0.9000123 0.09998774 0.9000123 0.09998774 0.9000123 0.09998774 0.9000123 0.4000977 0.5999023 0.1999999 0.8 0.5999023 0.4000977 0.5999023 0.4000977 0.1999999 0.8 0.1999999 0.8 0.1999999 0.8 0.09998774 0.9000123 0.05000305 0.949997 0.09998774 0.9000123 0.1999999 0.8 0.09998774 0.9000123 0.09998774 0.9000123 0.05000305 0.949997 1 1 1 0.09998774 0.9000123 0.09998774 0.9000123 0.05000305 0.949997 0.05000305 0.949997 0.09998774 0.9000123 0.09998774 0.9000123 0.05000305 0.949997 1 1 1 1 1 1 1 1 1 1 1 1 1 0.9000123 0.09998774 1 1 1 1 1 1 1 1 1 1 1 1 1 1 1 1 1 1 1 1 1 1 1 1 1 1 0.5999023 0.4000977 0.9000123 0.09998774 1 1 0.2999511 0.7000489 0.3499389 0.6500611 0.2999511 0.7000489 0.2999511 0.7000489 0.2698413 0.7301588 0.25 0.75 0.2999511 0.7000489 1 1 0.8 0.1999999 0.4000977 0.5999023 0.9000123 0.09998774 0.8 0.1999999 0.8 0.1999999 0.8 0.1999999 0.4000977 0.5999023 0.2999511 0.7000489 0.2999511 0.7000489 1 1 1 0.09998774 0.9000123 1 1 1 1 1 1 1 1 1 1 1 1 1 1 1 1 1 1 1 1 1 1 1 1 1 1 1 1 1 1 1 1 1 1 1 1 1 1 1 1 1 1 1 1 1 0.4000977 0.5999023 0.2999511 0.7000489 0.2999511 0.7000489 0.2999511 0.7000489 0.2999511 0.7000489 0.2999511 0.7000489 0.2999511 0.7000489 0.2999511 0.7000489 0.2999511 0.7000489 0.2999511 0.7000489 0.2999511 0.7000489 0.2999511 0.7000489 0.2999511 0.7000489 0.2999511 0.7000489 0.2999511 0.7000489 0.2999511 0.7000489 0.2999511 0.7000489 0.2999511 0.7000489 1 1 1 1 1 1 1 1 1 1 1 1 1 1 1 0.5499389 0.450061 0.5999023 0.4000977 0.5499389 0.450061 0.5 0.5 0.5999023 0.4000977 0.4000977 0.5999023 0.5 0.5 0.4000977 0.5999023 0.5 0.5 0.5999023 0.4000977 0.5499389 0.450061 0.5 0.5 0.4000977 0.5999023 0.5 0.5 0.5 0.5 1 0.2999511 0.7000489 0.2999511 0.7000489 0.2999511 0.7000489 0.2999511 0.7000489 0.2999511 0.7000489 0.2999511 0.7000489 0.2999511 0.7000489 1 1 1 1 1 1 1 1 1 1 1 1 1 1 1 1 0.05000305 0.949997 0.05000305 0.949997 0.05000305 0.949997 1 1 1 1 1 1 1 1 1 1 1 1 1 1 1 1 1 1 1 1 1 1 0.09998774 0.9000123 0.09998774 0.9000123 1 1 1 1 1 1 1 1 1 1 1 1 1 1 1 1 1 1 1 1 1 1 1 1 1 1 1 1 1 1 1 1 1 1 1 1 1 1 1 1 1 1 1 1 1 0.09998774 0.9000123 1 0.09998774 0.9000123 0.09998774 0.9000123 1 1 1 1 1 1 1 0.8 0.1999999 0.8 0.1999999 1 0.8 0.1999999 0.8 0.1999999 1 0.09998774 0.9000123 0.09998774 0.9000123 0.8 0.1999999 0.8 0.1999999 0.09998774 0.9000123 0.09998774 0.9000123 0.8 0.1999999 0.5 0.5 0.5 0.5 1 0.09998774 0.9000123 0.09998774 0.9000123 0.9000123 0.09998774 0.09998774 0.9000123 0.5 0.5 0.8 0.1999999 1 1 1 1 1 1 1 1 1 1 1 1 1 1 1 1 1 1 1 1 1 1 1 1 1 1 1 1 1 1 1 1 1 1 1 1 1 1 1 1 1 1 1 1 1 1 1 1 1 1 1 1 0.8 0.1999999 0.5 0.5 1 0.1999999 0.8 0.9000123 0.09998774 0.8 0.1999999 0.5 0.5 1 1 1 1 1 0.1999999 0.8 0.5 0.5 0.9000123 0.09998774 0.5 0.5 0.5 0.5 0.5 0.5 0.5999023 0.4000977 0.9000123 0.09998774 0.1999999 0.8 0.5999023 0.4000977 0.9000123 0.09998774 0.1999999 0.8 0.5999023 0.4000977 0.1999999 0.8 0.09998774 0.9000123 0.5999023 0.4000977 0.09998774 0.9000123 1 1 0.5 0.5 0.5 0.5 1 1 0.5 0.5 0.5999023 0.4000977 0.9000123 0.09998774 0.9000123 0.09998774 0.5999023 0.4000977 0.5999023 0.4000977 0.1999999 0.8 0.1999999 0.8 0.5999023 0.4000977 0.09998774 0.9000123 0.09998774 0.9000123 1 1 1 1 1 1 1 1 1 1 1 1 1 1 1 1 1 1 1 1 1 1 1 1 1 1 1 1 1 1 1 1 1 1 1 1 1 1 1 1 1 1 1 1 1 1 1 1 1 1 1 1 1 1 1 1 1 1 1 1 0.1999999 0.8 1 1 1 1 1 1 1 1 1 1 1 1 1 1 1 1 1 1 1 1 1 1 1 1 1 1 1 1 1 1 1 1 1 1 1 1 1 1 1 1 1 0.09998774 0.9000123 0.09998774 0.9000123 1 1 1 1 1 0.8 0.1999999 1 1 0.8 0.1999999 1 0.4000977 0.5999023 0.5999023 0.4000977 0.5999023 0.4000977 0.4000977 0.5999023 0.1999999 0.8 0.1499755 0.8500245 0.1499755 0.8500245 0.3499389 0.6500611 0.3499389 0.6500611 0.1499755 0.8500245 0.3499389 0.6500611 0.7000489 0.2999511 0.6500611 0.3499389 0.949997 0.05000305 0.949997 0.05000305 0.6500611 0.3499389 0.6500611 0.3499389 0.949997 0.05000305 0.7000489 0.2999511 0.949997 0.05000305 0.3499389 0.6500611 0.1499755 0.8500245 0.05000305 0.949997 0.5 0.5 0.5 0.5 0.8 0.1999999 0.8 0.1999999 1 1 1 1 0.09998774 0.9000123 0.09998774 0.9000123 0.8 0.1999999 1 0.09998774 0.9000123 0.5 0.5 1 1 1 0.05000305 0.949997 1 1 0.4000977 0.5999023 0.7000489 0.2999511 0.4000977 0.5999023 0.1999999 0.8 0.1999999 0.8 1 0.9000123 0.09998774 0.75 0.25 0.75 0.25 1 0.8 0.1999999 0.8 0.1999999 1 0.8 0.1999999 0.09998774 0.9000123 0.5 0.5 0.5 0.5 0.1999999 0.8 0.5 0.5 0.4000977 0.5999023 0.4000977 0.5999023 1 1 1 1 1 1 0.05000305 0.949997 0.1999999 0.8 0.1999999 0.8 0.05000305 0.949997 0.8 0.1999999 0.8 0.1999999 0.9000123 0.09998774 0.9000123 0.09998774 0.8 0.1999999 0.5 0.5 0.5 0.5 0.05000305 0.949997 0.1999999 0.8 0.8 0.1999999 0.5 0.5 0.5 0.5 0.1999999 0.8 0.25 0.75 0.2698413 0.7301588 0.2698413 0.7301588 0.25 0.75 1 1 1 1 1 1 0.949997 0.05000305 0.949997 0.05000305 1 1 0.949997 0.05000305 0.949997 0.05000305 1 0.25 0.75 0.2698413 0.7301588 0.2698413 0.7301588 0.25 0.75 0.2999511 0.7000489 0.2999511 0.7000489 0.4000977 0.5999023 0.1999999 0.8 0.09998774 0.9000123 0.09998774 0.9000123 0.09998774 0.9000123 0.1999999 0.8 0.09998774 0.9000123 0.1999999 0.8 1 1 1 1 1 1 1 1 0.8 0.1999999 0.8 0.1999999 0.4601857 0.5398144 0.8 0.1999999 0.2598925 0.7401075 0.2999511 0.7000489 0.2999511 0.7000489 0.2598925 0.7401075 0.4601857 0.5398144 0.4601857 0.5398144 0.1999999 0.8 1 0.5 0.5 1 1 0.1999999 0.8 1 0.05000305 0.949997 1 1 1 1 0.5 0.5 0.5 0.5 1 1 1 1 1 1 1 1 0.2598925 0.7401075 0.2999511 0.7000489 0.2999511 0.7000489 0.4000977 0.5999023 0.2999511 0.7000489 0.2999511 0.7000489 0.2999511 0.7000489 0.2999511 0.7000489 0.2999511 0.7000489 0.3499389 0.6500611 0.2999511 0.7000489 0.2598925 0.7401075 0.2999511 0.7000489 0.5999023 0.4000977 0.3499389 0.6500611 0.2999511 0.7000489 0.2999511 0.7000489 0.4000977 0.5999023 0.4000977 0.5999023 1 1 1 1 1 1 1 1 1 0.949997 0.05000305 0.949997 0.05000305 1 0.8 0.1999999 0.4000977 0.5999023 0.2999511 0.7000489 0.5 0.5 1 0.5999023 0.4000977 0.5999023 0.4000977 0.9000123 0.09998774 0.9000123 0.09998774 0.9000123 0.09998774 1 1 1 1 1 1 1 1 1 1 1 1 1 1 1 1 1 1 1 1 1 1 1 1 1 1 1 1 1 1 1 0.8 0.1999999 1 0.8 0.1999999 0.4000977 0.5999023 0.4000977 0.5999023 0.5999023 0.4000977 0.5999023 0.4000977 0.5999023 0.4000977 1 1 0.8 0.1999999 0.8 0.1999999 1 0.2999511 0.7000489 0.2999511 0.7000489 0.4000977 0.5999023 0.4000977 0.5999023 0.2999511 0.7000489 0.2999511 0.7000489 0.2999511 0.7000489 0.2999511 0.7000489 0.2999511 0.7000489 0.2999511 0.7000489 0.2999511 0.7000489 0.2999511 0.7000489 0.4000977 0.5999023 0.8 0.1999999 0.8 0.1999999 0.5 0.5 0.5 0.5 0.8 0.1999999 0.5 0.5 0.8 0.1999999 0.4000977 0.5999023 0.5 0.5 0.4000977 0.5999023 0.2999511 0.7000489 0.4000977 0.5999023 1 1 1 1 1 1 1 0.9000123 0.09998774 1 1 1 1 1 1 0.9000123 0.09998774 0.9000123 0.09998774 1 0.5999023 0.4000977 0.5999023 0.4000977 0.4000977 0.5999023 0.5999023 0.4000977 0.4000977 0.5999023 0.4000977 0.5999023 0.2999511 0.7000489 0.7000489 0.2999511 0.9000123 0.09998774 1 0.9000123 0.09998774 1 1 1 1 1 1 1 1 0.5999023 0.4000977 0.4000977 0.5999023 0.9000123 0.09998774 1 1 0.1999999 0.8 0.1999999 0.8 0.09998774 0.9000123 0.09998774 0.9000123 0.4000977 0.5999023 0.1999999 0.8 0.1999999 0.8 0.4000977 0.5999023 0.09998774 0.9000123 0.09998774 0.9000123 0.09998774 0.9000123 0.05000305 0.949997 0.05000305 0.949997 1 1 1 1 1 1 1 1 1 1 1 1 1 1 1 1 1 1 0.05000305 0.949997 0.05000305 0.949997 0.09998774 0.9000123 0.09998774 0.9000123 0.09998774 0.9000123 0.09998774 0.9000123 0.4000977 0.5999023 0.5999023 0.4000977 0.4000977 0.5999023 0.5999023 0.4000977 0.1999999 0.8 0.1999999 0.8 0.1999999 0.8 0.09998774 0.9000123 0.05000305 0.949997 0.09998774 0.9000123 0.1999999 0.8 0.09998774 0.9000123 0.09998774 0.9000123 1 0.05000305 0.949997 1 1 0.09998774 0.9000123 0.09998774 0.9000123 1 0.05000305 0.949997 0.05000305 0.949997 0.09998774 0.9000123 0.09998774 0.9000123 0.05000305 0.949997 1 1 1 1 1 1 1 1 1 1 1 1 1 1 1 0.9000123 0.09998774 1 1 1 1 1 1 1 1 1 1 1 1 1 1 1 1 1 1 1 1 1 1 1 1 1 1 0.9000123 0.09998774 0.5999023 0.4000977 1 1 0.3499389 0.6500611 0.2999511 0.7000489 0.2999511 0.7000489 0.2999511 0.7000489 0.2698413 0.7301588 0.25 0.75 0.2999511 0.7000489 1 1 0.4000977 0.5999023 0.8 0.1999999 0.8 0.1999999 0.9000123 0.09998774 0.8 0.1999999 0.8 0.1999999 0.4000977 0.5999023 0.2999511 0.7000489 0.2999511 0.7000489 1 1 1 0.09998774 0.9000123 1 1 1 1 1 1 1 1 1 1 1 1 1 1 1 1 1 1 1 1 1 1 1 1 1 1 1 1 1 1 1 1 1 1 1 1 1 1 1 1 1 1 1 1 1 0.4000977 0.5999023 0.2999511 0.7000489 0.2999511 0.7000489 0.2999511 0.7000489 0.2999511 0.7000489 0.2999511 0.7000489 0.2999511 0.7000489 0.2999511 0.7000489 0.2999511 0.7000489 0.2999511 0.7000489 0.2999511 0.7000489 0.2999511 0.7000489 0.2999511 0.7000489 0.2999511 0.7000489 0.2999511 0.7000489 0.2999511 0.7000489 0.2999511 0.7000489 0.2999511 0.7000489 1 1 1 1 1 1 1 1 1 1 1 1 1 1 1 0.5999023 0.4000977 0.5999023 0.4000977 0.5499389 0.450061 0.5499389 0.450061 0.5 0.5 0.4000977 0.5999023 0.5 0.5 0.4000977 0.5999023 0.5 0.5 0.5 0.5 0.5499389 0.450061 0.5999023 0.4000977 0.4000977 0.5999023 0.5 0.5 0.5 0.5 1 0.2999511 0.7000489 0.2999511 0.7000489 0.2999511 0.7000489 0.2999511 0.7000489 0.2999511 0.7000489 0.2999511 0.7000489 0.2999511 0.7000489 1 1 1 1 1 1 1 1 1 1 1 1</float_array>
          <technique_common>
            <accessor source="#chr582_armature_chr582_3-skin-weights-array" count="2454" stride="1">
              <param name="WEIGHT" type="float"/>
            </accessor>
          </technique_common>
        </source>
        <joints>
          <input semantic="JOINT" source="#chr582_armature_chr582_3-skin-joints"/>
          <input semantic="INV_BIND_MATRIX" source="#chr582_armature_chr582_3-skin-bind_poses"/>
        </joints>
        <vertex_weights count="1746">
          <input semantic="JOINT" source="#chr582_armature_chr582_3-skin-joints" offset="0"/>
          <input semantic="WEIGHT" source="#chr582_armature_chr582_3-skin-weights" offset="1"/>
          <vcount>1 1 1 1 2 2 1 2 1 1 1 1 1 1 1 1 1 1 1 1 1 1 1 1 1 1 1 2 1 1 2 1 1 1 1 1 1 1 1 1 1 1 1 1 1 1 1 1 1 1 1 1 1 1 1 1 1 1 1 1 1 1 1 1 1 1 1 1 1 1 1 1 1 1 1 1 2 1 2 2 2 2 1 1 1 1 1 1 1 2 2 2 2 1 1 2 2 2 2 2 2 2 1 2 2 2 2 2 2 1 1 1 1 1 1 1 1 1 1 1 1 1 1 1 1 1 1 1 1 1 1 1 1 1 1 1 1 1 1 1 1 1 1 1 1 1 1 1 1 1 1 1 1 1 1 1 1 1 1 1 1 2 2 1 2 2 2 2 1 1 1 1 1 2 2 2 2 2 2 2 2 2 2 2 2 2 2 2 2 2 1 1 2 1 1 2 2 2 2 2 2 2 2 2 2 2 2 1 1 1 1 1 1 1 1 1 1 1 1 1 1 1 1 1 1 1 1 1 1 1 1 1 1 1 1 1 1 1 1 1 1 1 1 1 1 1 1 1 1 1 1 1 1 1 1 1 1 1 1 1 1 1 1 1 1 1 1 2 1 1 1 1 1 1 1 1 1 1 1 1 1 1 1 1 1 1 1 1 1 1 1 1 1 1 1 1 1 1 1 1 1 1 1 1 1 1 1 1 1 2 2 1 1 1 1 1 1 1 2 2 1 2 2 2 2 2 2 2 2 2 2 2 2 2 2 2 2 2 2 2 2 2 2 2 2 2 2 2 1 1 1 1 2 2 2 1 2 2 1 2 1 1 1 1 2 2 2 2 2 2 2 1 2 1 2 2 1 2 2 2 2 2 2 2 2 1 1 1 1 1 1 2 2 2 2 2 2 2 2 2 2 2 2 2 2 2 2 2 2 2 2 2 1 1 1 1 1 2 1 2 1 2 2 1 1 2 2 2 2 2 2 2 2 2 2 2 2 2 2 1 1 1 1 1 1 1 1 2 2 2 2 2 2 2 2 2 2 2 1 2 1 1 2 1 2 1 1 1 1 2 2 1 1 1 1 1 1 1 1 2 2 2 2 2 2 2 2 2 2 2 2 2 2 2 2 2 2 2 1 1 1 1 1 1 1 1 1 2 2 1 2 2 2 2 1 2 2 2 2 2 1 1 1 1 1 1 1 1 1 1 1 1 1 1 1 1 1 1 1 1 1 1 1 1 1 1 1 1 1 1 2 1 1 2 2 2 2 2 2 2 1 1 2 1 2 2 2 2 2 2 2 2 2 2 2 2 2 2 2 2 2 2 2 2 2 2 2 2 2 1 1 1 1 1 1 2 1 1 1 1 1 1 1 2 2 1 2 2 2 2 2 2 2 1 2 2 2 1 1 1 1 1 1 1 1 2 2 2 1 1 2 2 2 2 2 2 2 2 2 2 2 2 2 1 1 1 1 1 1 1 1 1 1 1 1 1 1 1 1 1 1 1 1 1 2 2 2 2 2 2 2 2 2 2 2 2 2 2 2 2 2 2 2 2 1 1 1 2 2 2 2 2 2 2 1 1 1 1 1 1 1 1 1 1 1 1 1 2 1 1 1 1 1 1 1 1 1 1 1 1 1 1 1 1 1 1 1 1 1 1 1 1 1 1 2 2 1 1 2 2 2 2 2 2 2 1 1 2 2 2 2 2 2 2 2 2 1 1 1 2 1 1 1 1 1 1 1 1 1 1 1 1 1 1 1 1 1 1 1 1 1 1 1 1 1 1 1 1 1 1 1 1 1 1 1 1 1 1 1 1 1 1 1 1 1 2 2 2 2 2 2 2 2 2 2 2 2 2 2 2 2 2 2 1 1 1 1 1 1 1 1 1 1 1 1 1 1 1 2 2 2 2 2 2 2 2 2 2 2 2 2 2 2 1 2 2 2 2 2 2 2 1 1 1 1 1 1 1 1 1 1 1 1 1 1 1 1 2 2 2 1 1 1 1 1 1 1 1 1 1 1 1 1 1 1 1 1 1 1 1 1 1 2 2 1 1 1 1 1 1 1 1 1 1 1 1 1 1 1 1 1 1 1 1 1 1 1 1 1 1 1 1 1 1 1 1 1 1 1 1 1 1 1 1 1 1 1 1 1 2 1 2 2 1 1 1 1 1 1 1 2 2 1 2 2 1 2 2 2 2 2 2 2 2 2 1 2 2 2 2 2 2 1 1 1 1 1 1 1 1 1 1 1 1 1 1 1 1 1 1 1 1 1 1 1 1 1 1 1 1 1 1 1 1 1 1 1 1 1 1 1 1 1 1 1 1 1 1 1 1 1 1 1 1 2 2 1 2 2 2 2 1 1 1 1 1 2 2 2 2 2 2 2 2 2 2 2 2 2 2 2 2 2 1 1 2 2 1 1 2 2 2 2 2 2 2 2 2 2 2 1 1 1 1 1 1 1 1 1 1 1 1 1 1 1 1 1 1 1 1 1 1 1 1 1 1 1 1 1 1 1 1 1 1 1 1 1 1 1 1 1 1 1 1 1 1 1 1 1 1 1 1 1 1 1 1 1 1 1 1 2 1 1 1 1 1 1 1 1 1 1 1 1 1 1 1 1 1 1 1 1 1 1 1 1 1 1 1 1 1 1 1 1 1 1 1 1 1 1 1 1 1 2 2 1 1 1 1 1 2 1 1 2 1 2 2 2 2 2 2 2 2 2 2 2 2 2 2 2 2 2 2 2 2 2 2 2 2 2 2 2 1 1 1 1 2 2 2 1 2 2 1 1 1 2 1 1 2 2 2 2 2 1 2 2 2 1 2 2 1 2 2 2 2 2 2 2 2 1 1 1 1 1 1 2 2 2 2 2 2 2 2 2 2 2 2 2 2 2 2 2 2 2 2 2 1 1 1 1 1 1 2 2 1 1 2 2 1 2 2 2 2 2 2 2 2 2 2 2 2 2 2 1 1 1 1 1 1 1 1 2 2 2 2 2 2 2 2 2 2 2 1 2 1 1 2 1 2 1 1 1 1 2 2 1 1 1 1 1 1 1 1 2 2 2 2 2 2 2 2 2 2 2 2 2 2 2 2 2 2 2 1 1 1 1 1 1 1 1 1 2 2 1 2 2 2 2 1 2 2 2 2 2 1 1 1 1 1 1 1 1 1 1 1 1 1 1 1 1 1 1 1 1 1 1 1 1 1 1 1 1 1 1 1 2 1 2 2 2 2 2 2 1 1 2 2 1 2 2 2 2 2 2 2 2 2 2 2 2 2 2 2 2 2 2 2 2 2 2 2 2 2 1 1 1 1 1 1 1 2 1 1 1 1 1 1 2 2 1 2 2 2 2 2 2 2 2 2 1 2 1 1 1 1 1 1 1 1 2 2 2 1 1 2 2 2 2 2 2 2 2 2 2 2 2 2 1 1 1 1 1 1 1 1 1 1 1 1 1 1 1 1 1 1 2 2 2 2 2 2 2 2 2 2 2 2 2 2 2 2 2 2 2 1 2 1 1 2 2 1 2 2 2 2 2 1 1 1 1 1 1 1 1 1 1 1 1 1 1 1 2 1 1 1 1 1 1 1 1 1 1 1 1 1 1 1 1 1 1 1 1 1 1 1 1 1 1 2 2 1 1 2 2 2 2 2 2 2 1 1 2 2 2 2 2 2 2 2 2 1 1 1 2 1 1 1 1 1 1 1 1 1 1 1 1 1 1 1 1 1 1 1 1 1 1 1 1 1 1 1 1 1 1 1 1 1 1 1 1 1 1 1 1 1 1 1 1 1 2 2 2 2 2 2 2 2 2 2 2 2 2 2 2 2 2 2 1 1 1 1 1 1 1 1 1 1 1 1 1 1 1 2 2 2 2 2 2 2 2 2 2 2 2 2 2 2 1 2 2 2 2 2 2 2 1 1 1 1 1 1 1 1 1 1 1 1 </vcount>
          <v>1 0 1 1 1 2 1 3 0 4 1 5 0 6 1 7 1 8 0 9 1 10 1 11 9 12 9 13 9 14 9 15 9 16 9 17 9 18 9 19 9 20 9 21 9 22 9 23 9 24 9 25 9 26 9 27 9 28 9 29 0 30 9 31 9 32 9 33 0 34 9 35 9 36 9 37 9 38 9 39 9 40 9 41 9 42 9 43 9 44 9 45 9 46 9 47 9 48 9 49 9 50 9 51 9 52 9 53 9 54 9 55 9 56 9 57 9 58 9 59 9 60 9 61 9 62 9 63 9 64 9 65 9 66 9 67 9 68 9 69 9 70 9 71 9 72 9 73 9 74 9 75 9 76 9 77 9 78 9 79 9 80 0 81 9 82 9 83 0 84 9 85 0 86 9 87 0 88 9 89 0 90 9 91 9 92 9 93 9 94 9 95 9 96 9 97 9 98 0 99 9 100 0 101 9 102 0 103 11 104 0 105 11 106 0 107 0 108 0 109 9 110 0 111 9 112 0 113 9 114 0 115 9 116 2 117 3 118 2 119 3 120 2 121 3 122 2 123 2 124 3 125 2 126 3 127 3 128 4 129 2 130 3 131 2 132 3 133 2 134 3 135 4 136 4 137 4 138 4 139 4 140 4 141 4 142 4 143 4 144 4 145 4 146 4 147 4 148 4 149 4 150 4 151 4 152 4 153 4 154 4 155 4 156 4 157 4 158 4 159 4 160 4 161 4 162 4 163 4 164 4 165 4 166 4 167 4 168 4 169 4 170 4 171 4 172 4 173 4 174 4 175 4 176 4 177 4 178 4 179 4 180 4 181 4 182 4 183 4 184 4 185 4 186 4 187 2 188 3 189 2 190 3 191 2 192 2 193 3 194 3 195 4 196 2 197 3 198 2 199 3 200 4 201 4 202 4 203 4 204 4 205 3 206 4 207 3 208 4 209 3 210 4 211 3 212 4 213 3 214 4 215 3 216 4 217 3 218 4 219 3 220 4 221 2 222 3 223 3 224 4 225 3 226 4 227 3 228 4 229 3 230 4 231 3 232 4 233 3 234 4 235 3 236 4 237 3 238 4 239 4 240 4 241 3 242 4 243 4 244 4 245 3 246 4 247 3 248 4 249 3 250 4 251 3 252 4 253 3 254 4 255 3 256 4 257 3 258 4 259 3 260 4 261 3 262 4 263 3 264 4 265 3 266 4 267 3 268 4 269 4 270 4 271 4 272 4 273 4 274 4 275 4 276 4 277 4 278 4 279 4 280 4 281 4 282 4 283 4 284 4 285 4 286 4 287 4 288 4 289 4 290 4 291 4 292 4 293 4 294 4 295 4 296 4 297 4 298 4 299 4 300 4 301 4 302 4 303 4 304 4 305 4 306 4 307 4 308 4 309 4 310 4 311 4 312 4 313 4 314 4 315 4 316 4 317 4 318 4 319 4 320 4 321 4 322 4 323 4 324 4 325 4 326 4 327 4 328 4 329 3 330 4 331 4 332 4 333 4 334 4 335 4 336 4 337 4 338 4 339 4 340 4 341 4 342 4 343 4 344 4 345 4 346 4 347 4 348 4 349 4 350 4 351 4 352 4 353 4 354 4 355 4 356 4 357 4 358 4 359 4 360 4 361 4 362 4 363 4 364 4 365 4 366 4 367 4 368 4 369 4 370 4 371 2 372 2 373 3 374 2 375 3 376 1 377 1 378 1 379 1 380 1 381 0 382 0 383 0 384 11 385 0 386 11 387 0 388 0 389 11 390 0 391 11 392 0 393 11 394 0 395 11 396 0 397 11 398 0 399 1 400 0 401 1 402 0 403 1 404 0 405 1 406 0 407 1 408 0 409 1 410 0 411 1 412 0 413 1 414 0 415 1 416 0 417 1 418 0 419 1 420 0 421 1 422 0 423 1 424 0 425 1 426 0 427 1 428 0 429 1 430 0 431 1 432 0 433 1 434 2 435 3 436 2 437 3 438 2 439 3 440 2 441 3 442 2 443 2 444 2 445 2 446 1 447 2 448 1 449 2 450 2 451 3 452 2 453 1 454 2 455 1 456 2 457 1 458 0 459 1 460 1 461 1 462 1 463 1 464 0 465 1 466 0 467 1 468 0 469 1 470 0 471 1 472 0 473 1 474 0 475 1 476 0 477 1 478 0 479 0 480 1 481 0 482 0 483 9 484 0 485 9 486 0 487 0 488 11 489 0 490 9 491 0 492 1 493 0 494 1 495 0 496 1 497 1 498 2 499 1 500 2 501 1 502 2 503 1 504 1 505 1 506 1 507 1 508 1 509 0 510 1 511 0 512 1 513 0 514 1 515 0 516 1 517 0 518 1 519 0 520 1 521 0 522 1 523 0 524 1 525 0 526 1 527 0 528 1 529 0 530 1 531 0 532 1 533 0 534 1 535 0 536 1 537 0 538 1 539 0 540 1 541 0 542 1 543 1 544 8 545 1 546 8 547 1 548 8 549 1 550 8 551 1 552 1 553 1 554 1 555 1 556 1 557 8 558 1 559 1 560 8 561 1 562 1 563 8 564 1 565 8 566 1 567 1 568 1 569 8 570 1 571 8 572 1 573 8 574 1 575 8 576 1 577 8 578 1 579 8 580 0 581 11 582 0 583 11 584 0 585 11 586 0 587 11 588 0 589 11 590 0 591 11 592 0 593 11 594 0 595 11 596 1 597 1 598 1 599 1 600 1 601 1 602 1 603 1 604 1 605 8 606 1 607 8 608 1 609 8 610 1 611 8 612 1 613 8 614 1 615 8 616 1 617 8 618 1 619 8 620 1 621 8 622 1 623 8 624 0 625 1 626 2 627 1 628 2 629 2 630 1 631 1 632 2 633 1 634 0 635 1 636 1 637 1 638 1 639 2 640 1 641 2 642 1 643 2 644 1 645 1 646 1 647 1 648 1 649 1 650 1 651 1 652 1 653 8 654 1 655 8 656 1 657 8 658 1 659 8 660 1 661 8 662 1 663 8 664 1 665 8 666 1 667 8 668 1 669 8 670 1 671 8 672 1 673 8 674 1 675 8 676 1 677 8 678 1 679 8 680 1 681 8 682 1 683 8 684 1 685 8 686 1 687 8 688 1 689 8 690 1 691 1 692 1 693 1 694 1 695 1 696 1 697 1 698 1 699 0 700 1 701 0 702 1 703 1 704 1 705 8 706 1 707 8 708 1 709 8 710 1 711 8 712 1 713 1 714 8 715 1 716 8 717 1 718 8 719 1 720 8 721 1 722 8 723 1 724 1 725 1 726 1 727 1 728 1 729 1 730 1 731 1 732 1 733 1 734 1 735 1 736 1 737 1 738 1 739 1 740 1 741 1 742 1 743 1 744 1 745 1 746 1 747 1 748 1 749 1 750 1 751 1 752 0 753 0 754 9 755 0 756 0 757 0 758 11 759 0 760 11 761 0 762 11 763 0 764 11 765 0 766 11 767 0 768 11 769 0 770 11 771 0 772 0 773 0 774 11 775 0 776 1 777 8 778 1 779 8 780 1 781 8 782 1 783 8 784 1 785 8 786 1 787 8 788 1 789 8 790 1 791 8 792 1 793 8 794 1 795 8 796 1 797 8 798 1 799 8 800 1 801 8 802 1 803 8 804 1 805 8 806 1 807 8 808 1 809 8 810 1 811 8 812 1 813 8 814 1 815 8 816 1 817 8 818 1 819 8 820 1 821 8 822 1 823 8 824 1 825 8 826 9 827 9 828 9 829 9 830 9 831 9 832 0 833 1 834 0 835 0 836 0 837 0 838 0 839 0 840 0 841 0 842 1 843 0 844 1 845 0 846 0 847 11 848 0 849 11 850 0 851 11 852 0 853 11 854 0 855 11 856 0 857 11 858 1 859 8 860 1 861 1 862 8 863 1 864 8 865 1 866 8 867 1 868 1 869 1 870 1 871 1 872 1 873 1 874 1 875 1 876 8 877 1 878 8 879 1 880 8 881 1 882 1 883 0 884 11 885 0 886 11 887 0 888 11 889 0 890 11 891 0 892 11 893 0 894 11 895 0 896 11 897 0 898 11 899 0 900 11 901 0 902 11 903 0 904 11 905 0 906 11 907 0 908 11 909 11 910 11 911 11 912 11 913 11 914 11 915 11 916 11 917 11 918 11 919 11 920 11 921 11 922 11 923 11 924 11 925 11 926 11 927 11 928 11 929 11 930 0 931 11 932 0 933 11 934 0 935 11 936 0 937 11 938 0 939 11 940 0 941 11 942 0 943 11 944 0 945 11 946 0 947 11 948 0 949 11 950 0 951 11 952 0 953 11 954 0 955 11 956 0 957 11 958 0 959 11 960 0 961 11 962 0 963 11 964 0 965 11 966 0 967 11 968 0 969 11 970 11 971 11 972 11 973 0 974 11 975 0 976 11 977 0 978 11 979 0 980 11 981 0 982 11 983 0 984 11 985 0 986 11 987 11 988 1 989 1 990 1 991 1 992 1 993 1 994 1 995 1 996 1 997 1 998 1 999 1 1000 1 1001 8 1002 1 1003 1 1004 1 1005 1 1006 1 1007 1 1008 1 1009 1 1010 1 1011 1 1012 1 1013 1 1014 1 1015 1 1016 1 1017 1 1018 1 1019 1 1020 1 1021 1 1022 1 1023 1 1024 1 1025 1 1026 1 1027 1 1028 1 1029 8 1030 1 1031 8 1032 1 1033 1 1034 1 1035 8 1036 1 1037 8 1038 1 1039 8 1040 1 1041 8 1042 1 1043 8 1044 1 1045 8 1046 1 1047 8 1048 1 1049 1 1050 1 1051 8 1052 1 1053 8 1054 1 1055 8 1056 1 1057 8 1058 1 1059 8 1060 1 1061 8 1062 1 1063 8 1064 1 1065 8 1066 1 1067 8 1068 1 1069 9 1070 9 1071 0 1072 11 1073 9 1074 9 1075 9 1076 9 1077 9 1078 9 1079 9 1080 4 1081 4 1082 4 1083 4 1084 4 1085 4 1086 4 1087 4 1088 4 1089 4 1090 4 1091 4 1092 4 1093 4 1094 4 1095 4 1096 4 1097 4 1098 4 1099 4 1100 4 1101 4 1102 4 1103 4 1104 4 1105 4 1106 4 1107 4 1108 4 1109 4 1110 4 1111 4 1112 4 1113 4 1114 4 1115 4 1116 4 1117 4 1118 1 1119 8 1120 1 1121 8 1122 1 1123 8 1124 1 1125 8 1126 1 1127 8 1128 1 1129 8 1130 1 1131 8 1132 1 1133 8 1134 1 1135 8 1136 1 1137 8 1138 1 1139 8 1140 1 1141 8 1142 1 1143 8 1144 1 1145 8 1146 1 1147 8 1148 1 1149 8 1150 1 1151 8 1152 1 1153 8 1154 1 1155 1 1156 1 1157 1 1158 1 1159 1 1160 1 1161 1 1162 1 1163 1 1164 1 1165 1 1166 1 1167 1 1168 1 1169 1 1170 8 1171 1 1172 8 1173 1 1174 8 1175 1 1176 8 1177 1 1178 8 1179 1 1180 8 1181 1 1182 8 1183 1 1184 8 1185 1 1186 8 1187 1 1188 8 1189 1 1190 8 1191 1 1192 8 1193 1 1194 8 1195 1 1196 8 1197 1 1198 8 1199 1 1200 1 1201 8 1202 1 1203 8 1204 1 1205 8 1206 1 1207 8 1208 1 1209 8 1210 1 1211 8 1212 1 1213 8 1214 1 1215 1 1216 1 1217 1 1218 1 1219 1 1220 1 1221 1 1222 1 1223 1 1224 1 1225 1 1226 1 1227 1 1228 1 1229 1 1230 0 1231 1 1232 0 1233 1 1234 0 1235 1 1236 1 1237 1 1238 10 1239 10 1240 10 1241 10 1242 10 1243 10 1244 10 1245 10 1246 10 1247 10 1248 10 1249 10 1250 10 1251 10 1252 10 1253 10 1254 10 1255 10 1256 10 1257 10 1258 0 1259 10 1260 0 1261 10 1262 10 1263 10 1264 10 1265 10 1266 10 1267 10 1268 10 1269 10 1270 10 1271 10 1272 10 1273 10 1274 10 1275 10 1276 10 1277 10 1278 10 1279 10 1280 10 1281 10 1282 10 1283 10 1284 10 1285 10 1286 10 1287 10 1288 10 1289 10 1290 10 1291 10 1292 10 1293 10 1294 10 1295 10 1296 10 1297 10 1298 10 1299 10 1300 10 1301 10 1302 10 1303 10 1304 10 1305 10 1306 10 1307 0 1308 10 1309 10 1310 0 1311 10 1312 0 1313 10 1314 10 1315 10 1316 10 1317 10 1318 10 1319 10 1320 10 1321 0 1322 10 1323 0 1324 10 1325 0 1326 0 1327 11 1328 0 1329 11 1330 0 1331 0 1332 10 1333 0 1334 10 1335 0 1336 10 1337 0 1338 10 1339 0 1340 10 1341 0 1342 10 1343 5 1344 6 1345 5 1346 6 1347 5 1348 6 1349 5 1350 5 1351 6 1352 5 1353 6 1354 6 1355 7 1356 5 1357 6 1358 5 1359 6 1360 5 1361 6 1362 7 1363 7 1364 7 1365 7 1366 7 1367 7 1368 7 1369 7 1370 7 1371 7 1372 7 1373 7 1374 7 1375 7 1376 7 1377 7 1378 7 1379 7 1380 7 1381 7 1382 7 1383 7 1384 7 1385 7 1386 7 1387 7 1388 7 1389 7 1390 7 1391 7 1392 7 1393 7 1394 7 1395 7 1396 7 1397 7 1398 7 1399 7 1400 7 1401 7 1402 7 1403 7 1404 7 1405 7 1406 7 1407 7 1408 7 1409 7 1410 7 1411 7 1412 7 1413 7 1414 5 1415 6 1416 5 1417 6 1418 5 1419 5 1420 6 1421 6 1422 7 1423 5 1424 6 1425 5 1426 6 1427 7 1428 7 1429 7 1430 7 1431 7 1432 6 1433 7 1434 6 1435 7 1436 6 1437 7 1438 6 1439 7 1440 6 1441 7 1442 6 1443 7 1444 6 1445 7 1446 6 1447 7 1448 5 1449 6 1450 6 1451 7 1452 6 1453 7 1454 6 1455 7 1456 6 1457 7 1458 6 1459 7 1460 6 1461 7 1462 6 1463 7 1464 6 1465 7 1466 7 1467 7 1468 6 1469 7 1470 6 1471 7 1472 7 1473 7 1474 6 1475 7 1476 6 1477 7 1478 6 1479 7 1480 6 1481 7 1482 6 1483 7 1484 6 1485 7 1486 6 1487 7 1488 6 1489 7 1490 6 1491 7 1492 6 1493 7 1494 6 1495 7 1496 7 1497 7 1498 7 1499 7 1500 7 1501 7 1502 7 1503 7 1504 7 1505 7 1506 7 1507 7 1508 7 1509 7 1510 7 1511 7 1512 7 1513 7 1514 7 1515 7 1516 7 1517 7 1518 7 1519 7 1520 7 1521 7 1522 7 1523 7 1524 7 1525 7 1526 7 1527 7 1528 7 1529 7 1530 7 1531 7 1532 7 1533 7 1534 7 1535 7 1536 7 1537 7 1538 7 1539 7 1540 7 1541 7 1542 7 1543 7 1544 7 1545 7 1546 7 1547 7 1548 7 1549 7 1550 7 1551 7 1552 7 1553 7 1554 7 1555 7 1556 6 1557 7 1558 7 1559 7 1560 7 1561 7 1562 7 1563 7 1564 7 1565 7 1566 7 1567 7 1568 7 1569 7 1570 7 1571 7 1572 7 1573 7 1574 7 1575 7 1576 7 1577 7 1578 7 1579 7 1580 7 1581 7 1582 7 1583 7 1584 7 1585 7 1586 7 1587 7 1588 7 1589 7 1590 7 1591 7 1592 7 1593 7 1594 7 1595 7 1596 7 1597 7 1598 5 1599 5 1600 6 1601 5 1602 6 1603 1 1604 1 1605 1 1606 1 1607 1 1608 0 1609 11 1610 0 1611 0 1612 0 1613 11 1614 0 1615 0 1616 11 1617 0 1618 11 1619 0 1620 11 1621 0 1622 11 1623 0 1624 11 1625 0 1626 1 1627 0 1628 1 1629 0 1630 1 1631 0 1632 1 1633 0 1634 1 1635 0 1636 1 1637 0 1638 1 1639 0 1640 1 1641 0 1642 1 1643 0 1644 1 1645 0 1646 1 1647 0 1648 1 1649 0 1650 1 1651 0 1652 1 1653 0 1654 1 1655 0 1656 1 1657 0 1658 1 1659 0 1660 1 1661 5 1662 6 1663 5 1664 6 1665 5 1666 6 1667 5 1668 6 1669 5 1670 5 1671 5 1672 5 1673 1 1674 5 1675 1 1676 5 1677 5 1678 6 1679 5 1680 1 1681 5 1682 1 1683 5 1684 1 1685 1 1686 1 1687 0 1688 1 1689 1 1690 1 1691 0 1692 1 1693 0 1694 1 1695 0 1696 1 1697 0 1698 1 1699 0 1700 1 1701 0 1702 0 1703 1 1704 0 1705 1 1706 0 1707 1 1708 0 1709 0 1710 10 1711 0 1712 10 1713 0 1714 0 1715 11 1716 0 1717 10 1718 0 1719 1 1720 0 1721 1 1722 0 1723 1 1724 1 1725 5 1726 1 1727 5 1728 1 1729 5 1730 1 1731 1 1732 1 1733 1 1734 1 1735 1 1736 0 1737 1 1738 0 1739 1 1740 0 1741 1 1742 0 1743 1 1744 0 1745 1 1746 0 1747 1 1748 0 1749 1 1750 0 1751 1 1752 0 1753 1 1754 0 1755 1 1756 0 1757 1 1758 0 1759 1 1760 0 1761 1 1762 0 1763 1 1764 0 1765 1 1766 0 1767 1 1768 0 1769 1 1770 1 1771 8 1772 1 1773 8 1774 1 1775 8 1776 1 1777 8 1778 1 1779 1 1780 1 1781 1 1782 1 1783 1 1784 1 1785 8 1786 1 1787 8 1788 1 1789 1 1790 1 1791 8 1792 1 1793 8 1794 1 1795 1 1796 8 1797 1 1798 8 1799 1 1800 8 1801 1 1802 8 1803 1 1804 8 1805 1 1806 8 1807 0 1808 11 1809 0 1810 11 1811 0 1812 11 1813 0 1814 11 1815 0 1816 11 1817 0 1818 11 1819 0 1820 11 1821 0 1822 11 1823 1 1824 1 1825 1 1826 1 1827 1 1828 1 1829 1 1830 1 1831 1 1832 8 1833 1 1834 8 1835 1 1836 8 1837 1 1838 8 1839 1 1840 8 1841 1 1842 8 1843 1 1844 8 1845 1 1846 8 1847 1 1848 8 1849 1 1850 8 1851 0 1852 1 1853 5 1854 1 1855 5 1856 5 1857 1 1858 1 1859 5 1860 1 1861 0 1862 1 1863 1 1864 1 1865 1 1866 5 1867 1 1868 5 1869 1 1870 5 1871 1 1872 1 1873 1 1874 1 1875 1 1876 1 1877 1 1878 1 1879 1 1880 8 1881 1 1882 8 1883 1 1884 8 1885 1 1886 8 1887 1 1888 8 1889 1 1890 8 1891 1 1892 8 1893 1 1894 8 1895 1 1896 8 1897 1 1898 8 1899 1 1900 8 1901 1 1902 8 1903 1 1904 8 1905 1 1906 8 1907 1 1908 8 1909 1 1910 8 1911 1 1912 8 1913 1 1914 8 1915 1 1916 8 1917 1 1918 1 1919 1 1920 1 1921 1 1922 1 1923 1 1924 1 1925 1 1926 0 1927 1 1928 0 1929 1 1930 1 1931 1 1932 8 1933 1 1934 8 1935 1 1936 8 1937 1 1938 8 1939 1 1940 1 1941 8 1942 1 1943 8 1944 1 1945 8 1946 1 1947 8 1948 1 1949 8 1950 1 1951 1 1952 1 1953 1 1954 1 1955 1 1956 1 1957 1 1958 1 1959 1 1960 1 1961 1 1962 1 1963 1 1964 1 1965 1 1966 1 1967 1 1968 1 1969 1 1970 1 1971 1 1972 1 1973 1 1974 1 1975 1 1976 1 1977 1 1978 1 1979 0 1980 0 1981 0 1982 10 1983 0 1984 0 1985 11 1986 0 1987 11 1988 0 1989 11 1990 0 1991 11 1992 0 1993 11 1994 0 1995 11 1996 0 1997 0 1998 0 1999 11 2000 0 2001 11 2002 0 2003 1 2004 8 2005 1 2006 8 2007 1 2008 8 2009 1 2010 8 2011 1 2012 8 2013 1 2014 8 2015 1 2016 8 2017 1 2018 8 2019 1 2020 8 2021 1 2022 8 2023 1 2024 8 2025 1 2026 8 2027 1 2028 8 2029 1 2030 8 2031 1 2032 8 2033 1 2034 8 2035 1 2036 8 2037 1 2038 8 2039 1 2040 8 2041 1 2042 8 2043 1 2044 8 2045 1 2046 8 2047 1 2048 8 2049 1 2050 8 2051 1 2052 8 2053 10 2054 10 2055 10 2056 10 2057 10 2058 10 2059 0 2060 0 2061 1 2062 0 2063 0 2064 0 2065 0 2066 0 2067 0 2068 0 2069 1 2070 0 2071 1 2072 0 2073 0 2074 11 2075 0 2076 11 2077 0 2078 11 2079 0 2080 11 2081 0 2082 11 2083 0 2084 11 2085 1 2086 8 2087 1 2088 8 2089 1 2090 8 2091 1 2092 1 2093 8 2094 1 2095 1 2096 1 2097 1 2098 1 2099 1 2100 1 2101 1 2102 1 2103 8 2104 1 2105 8 2106 1 2107 8 2108 1 2109 1 2110 0 2111 11 2112 0 2113 11 2114 0 2115 11 2116 0 2117 11 2118 0 2119 11 2120 0 2121 11 2122 0 2123 11 2124 0 2125 11 2126 0 2127 11 2128 0 2129 11 2130 0 2131 11 2132 0 2133 11 2134 0 2135 11 2136 11 2137 11 2138 11 2139 11 2140 11 2141 11 2142 11 2143 11 2144 11 2145 11 2146 11 2147 11 2148 11 2149 11 2150 11 2151 11 2152 11 2153 11 2154 0 2155 11 2156 0 2157 11 2158 0 2159 11 2160 0 2161 11 2162 0 2163 11 2164 0 2165 11 2166 0 2167 11 2168 0 2169 11 2170 0 2171 11 2172 0 2173 11 2174 0 2175 11 2176 0 2177 11 2178 0 2179 11 2180 0 2181 11 2182 0 2183 11 2184 0 2185 11 2186 0 2187 11 2188 0 2189 11 2190 0 2191 11 2192 11 2193 0 2194 11 2195 11 2196 11 2197 0 2198 11 2199 0 2200 11 2201 11 2202 0 2203 11 2204 0 2205 11 2206 0 2207 11 2208 0 2209 11 2210 0 2211 11 2212 11 2213 11 2214 11 2215 1 2216 1 2217 1 2218 1 2219 1 2220 1 2221 1 2222 1 2223 1 2224 1 2225 1 2226 1 2227 1 2228 8 2229 1 2230 1 2231 1 2232 1 2233 1 2234 1 2235 1 2236 1 2237 1 2238 1 2239 1 2240 1 2241 1 2242 1 2243 1 2244 1 2245 1 2246 1 2247 1 2248 1 2249 1 2250 1 2251 1 2252 1 2253 1 2254 1 2255 1 2256 8 2257 1 2258 8 2259 1 2260 1 2261 1 2262 8 2263 1 2264 8 2265 1 2266 8 2267 1 2268 8 2269 1 2270 8 2271 1 2272 8 2273 1 2274 8 2275 1 2276 1 2277 1 2278 8 2279 1 2280 8 2281 1 2282 8 2283 1 2284 8 2285 1 2286 8 2287 1 2288 8 2289 1 2290 8 2291 1 2292 8 2293 1 2294 8 2295 1 2296 10 2297 10 2298 0 2299 11 2300 10 2301 10 2302 10 2303 10 2304 10 2305 10 2306 10 2307 7 2308 7 2309 7 2310 7 2311 7 2312 7 2313 7 2314 7 2315 7 2316 7 2317 7 2318 7 2319 7 2320 7 2321 7 2322 7 2323 7 2324 7 2325 7 2326 7 2327 7 2328 7 2329 7 2330 7 2331 7 2332 7 2333 7 2334 7 2335 7 2336 7 2337 7 2338 7 2339 7 2340 7 2341 7 2342 7 2343 7 2344 7 2345 1 2346 8 2347 1 2348 8 2349 1 2350 8 2351 1 2352 8 2353 1 2354 8 2355 1 2356 8 2357 1 2358 8 2359 1 2360 8 2361 1 2362 8 2363 1 2364 8 2365 1 2366 8 2367 1 2368 8 2369 1 2370 8 2371 1 2372 8 2373 1 2374 8 2375 1 2376 8 2377 1 2378 8 2379 1 2380 8 2381 1 2382 1 2383 1 2384 1 2385 1 2386 1 2387 1 2388 1 2389 1 2390 1 2391 1 2392 1 2393 1 2394 1 2395 1 2396 1 2397 8 2398 1 2399 8 2400 1 2401 8 2402 1 2403 8 2404 1 2405 8 2406 1 2407 8 2408 1 2409 8 2410 1 2411 8 2412 1 2413 8 2414 1 2415 8 2416 1 2417 8 2418 1 2419 8 2420 1 2421 8 2422 1 2423 8 2424 1 2425 8 2426 1 2427 1 2428 8 2429 1 2430 8 2431 1 2432 8 2433 1 2434 8 2435 1 2436 8 2437 1 2438 8 2439 1 2440 8 2441 1 2442 1 2443 1 2444 1 2445 1 2446 1 2447 1 2448 1 2449 1 2450 1 2451 1 2452 1 2453</v>
        </vertex_weights>
      </skin>
    </controller>
  </library_controllers>
  <library_visual_scenes>
    <visual_scene id="Default" name="Default">
      <node id="chr582_armature" name="chr582_armature" type="NODE">
        <matrix sid="transform">1 0 0 0 0 1 0 0 0 0 1 0 0 0 0 1</matrix>
        <node id="GRP_joint" name="GRP_joint" sid="GRP_joint" type="JOINT">
          <matrix sid="transform">1 0 0 0 0 1 0 0 0 0 1 0 0 0 0 1</matrix>
          <node id="J_root" name="J_root" sid="J_root" type="JOINT">
            <matrix sid="transform">1 0 0 0 0 0.9995521 -0.02992788 0 0 0.02992788 0.9995521 0 0 0 0 1</matrix>
            <node id="J_center" name="J_center" sid="J_center" type="JOINT">
              <matrix sid="transform">1 0 0 0 0 0.999552 0.02992788 0.01128379 0 -0.02992788 0.9995521 0 0 0 0 1</matrix>
              <node id="J_mune" name="J_mune" sid="J_mune" type="JOINT">
                <matrix sid="transform">1 0 0 0 0 1 -1.86265e-9 0 0 1.86265e-9 1 0 0 0 0 1</matrix>
                <node id="J_ude_R" name="J_ude_R" sid="J_ude_R" type="JOINT">
                  <matrix sid="transform">-0.5589876 -0.7968085 -0.2294103 -0.01609998 0.7968085 -0.5927461 0.1172531 0.00380171 -0.2294104 -0.117253 0.9662414 0.008096594 0 0 0 1</matrix>
                  <node id="J_hiji_R" name="J_hiji_R" sid="J_hiji_R" type="JOINT">
                    <matrix sid="transform">-0.5589905 -0.7865068 0.2625589 -1.86265e-9 -0.7968096 0.5971351 0.09232806 0.0074045 -0.2293998 -0.157599 -0.9604886 0 0 0 0 1</matrix>
                    <node id="J_te_R" name="J_te_R" sid="J_te_R" type="JOINT">
                      <matrix sid="transform">1 -3.65455e-7 1.10357e-5 -1.86265e-9 9.68434e-8 -0.9991233 -0.04186178 0.005695385 1.10411e-5 0.04186179 -0.999085 -4.65661e-10 0 0 0 1</matrix>
                    </node>
                  </node>
                </node>
                <node id="J_ude_L" name="J_ude_L" sid="J_ude_L" type="JOINT">
                  <matrix sid="transform">-0.5589876 0.7968085 0.2294103 0.01609998 -0.7968085 -0.5927461 0.1172531 0.00380171 0.2294104 -0.117253 0.9662414 0.008096594 0 0 0 1</matrix>
                  <node id="J_hiji_L" name="J_hiji_L" sid="J_hiji_L" type="JOINT">
                    <matrix sid="transform">-0.5589905 0.7865068 -0.2625589 1.86265e-9 0.7968096 0.5971351 0.09232806 0.0074045 0.2293998 -0.157599 -0.9604886 0 0 0 0 1</matrix>
                    <node id="J_te_L" name="J_te_L" sid="J_te_L" type="JOINT">
                      <matrix sid="transform">1 3.65455e-7 -1.10357e-5 1.86265e-9 -9.68434e-8 -0.9991233 -0.04186178 0.005695385 -1.10411e-5 0.04186179 -0.999085 -4.65661e-10 0 0 0 1</matrix>
                    </node>
                  </node>
                </node>
                <node id="J_ago" name="J_ago" sid="J_ago" type="JOINT">
                  <matrix sid="transform">1 0 0 0 0 1 0 0 0 0 1 0.01306047 0 0 0 1</matrix>
                </node>
              </node>
              <node id="J_momo_R" name="J_momo_R" sid="J_momo_R" type="JOINT">
                <matrix sid="transform">1 0 0 -0.008199989 0 1 0 -0.007822982 0 0 1 -0.01182876 0 0 0 1</matrix>
              </node>
              <node id="J_momo_L" name="J_momo_L" sid="J_momo_L" type="JOINT">
                <matrix sid="transform">1 0 0 0.008199989 0 1 0 -0.007822982 0 0 1 -0.01182876 0 0 0 1</matrix>
              </node>
              <node id="J_shippo" name="J_shippo" sid="J_shippo" type="JOINT">
                <matrix sid="transform">1 0 0 0 0 1 0 -0.00236439 0 0 1 -0.01832328 0 0 0 1</matrix>
              </node>
            </node>
          </node>
          <node id="TP01" name="TP01" sid="TP01" type="JOINT">
            <matrix sid="transform">1 0 0 0 0 1 0 0 0 0 1 0 0 0 0 1</matrix>
          </node>
          <node id="CP01" name="CP01" sid="CP01" type="JOINT">
            <matrix sid="transform">1 0 0 0 0 1 0 0 0 0 1 0 0 0 0 1</matrix>
          </node>
          <node id="GP01" name="GP01" sid="GP01" type="JOINT">
            <matrix sid="transform">1 0 0 0 0 1 0 0 0 0 1 0 0 0 0 1</matrix>
          </node>
          <node id="FP01" name="FP01" sid="FP01" type="JOINT">
            <matrix sid="transform">1 0 0 0 0 1 0 0 0 0 1 0 0 0 0 1</matrix>
          </node>
        </node>
        <node id="GRP_mesh" name="GRP_mesh" sid="GRP_mesh" type="JOINT">
          <matrix sid="transform">1 0 0 0 0 1 0 0 0 0 1 0 0 0 0 1</matrix>
        </node>
      </node>
      <node id="chr582_0" name="chr582_0" type="NODE">
        <translate sid="location">0 0 0</translate>
        <rotate sid="rotationZ">0 0 1 0</rotate>
        <rotate sid="rotationY">0 1 0 0</rotate>
        <rotate sid="rotationX">1 0 0 0</rotate>
        <scale sid="scale">1 1 1</scale>
        <instance_controller url="#chr582_armature_chr582_0-skin">
          <skeleton>#GRP_joint</skeleton>
          <skeleton>#GRP_mesh</skeleton>
          <bind_material>
            <technique_common>
              <instance_material symbol="chr582_mat_000-material" target="#chr582_mat_000-material">
                <bind_vertex_input semantic="chr582_0-mesh-map-0" input_semantic="TEXCOORD" input_set="0"/>
              </instance_material>
            </technique_common>
          </bind_material>
        </instance_controller>
      </node>
      <node id="chr582_1" name="chr582_1" type="NODE">
        <translate sid="location">0 0 0</translate>
        <rotate sid="rotationZ">0 0 1 0</rotate>
        <rotate sid="rotationY">0 1 0 0</rotate>
        <rotate sid="rotationX">1 0 0 0</rotate>
        <scale sid="scale">1 1 1</scale>
        <instance_controller url="#chr582_armature_chr582_1-skin">
          <skeleton>#GRP_joint</skeleton>
          <skeleton>#GRP_mesh</skeleton>
          <bind_material>
            <technique_common>
              <instance_material symbol="chr582_mat_001-material" target="#chr582_mat_001-material">
                <bind_vertex_input semantic="chr582_1-mesh-map-0" input_semantic="TEXCOORD" input_set="0"/>
              </instance_material>
            </technique_common>
          </bind_material>
        </instance_controller>
      </node>
      <node id="chr582_2" name="chr582_2" type="NODE">
        <translate sid="location">0 0 0</translate>
        <rotate sid="rotationZ">0 0 1 0</rotate>
        <rotate sid="rotationY">0 1 0 0</rotate>
        <rotate sid="rotationX">1 0 0 0</rotate>
        <scale sid="scale">1 1 1</scale>
        <instance_controller url="#chr582_armature_chr582_2-skin">
          <skeleton>#GRP_joint</skeleton>
          <skeleton>#GRP_mesh</skeleton>
          <bind_material>
            <technique_common>
              <instance_material symbol="chr582_mat_002-material" target="#chr582_mat_002-material">
                <bind_vertex_input semantic="chr582_2-mesh-map-0" input_semantic="TEXCOORD" input_set="0"/>
              </instance_material>
            </technique_common>
          </bind_material>
        </instance_controller>
      </node>
      <node id="chr582_3" name="chr582_3" type="NODE">
        <translate sid="location">0 0 0</translate>
        <rotate sid="rotationZ">0 0 1 0</rotate>
        <rotate sid="rotationY">0 1 0 0</rotate>
        <rotate sid="rotationX">1 0 0 0</rotate>
        <scale sid="scale">1 1 1</scale>
        <instance_controller url="#chr582_armature_chr582_3-skin">
          <skeleton>#GRP_joint</skeleton>
          <skeleton>#GRP_mesh</skeleton>
          <bind_material>
            <technique_common>
              <instance_material symbol="chr582_mat_003-material" target="#chr582_mat_003-material"/>
            </technique_common>
          </bind_material>
        </instance_controller>
      </node>
    </visual_scene>
  </library_visual_scenes>
  <scene>
    <instance_visual_scene url="#Default"/>
  </scene>
</COLLADA>