<?xml version="1.0" encoding="utf-8"?>
<COLLADA xmlns="http://www.collada.org/2005/11/COLLADASchema" version="1.4.1" xmlns:xsi="http://www.w3.org/2001/XMLSchema-instance">
  <asset>
    <contributor>
      <author>Blender User</author>
      <authoring_tool>Blender 2.79.0 commit date:2017-09-11, commit time:10:43, hash:5bd8ac9</authoring_tool>
    </contributor>
    <created>2021-11-05T15:55:01</created>
    <modified>2021-11-05T15:55:01</modified>
    <unit name="meter" meter="1"/>
    <up_axis>Z_UP</up_axis>
  </asset>
  <library_images>
    <image id="chr305a01_png" name="chr305a01_png">
      <init_from>chr305a01.png</init_from>
    </image>
  </library_images>
  <library_effects>
    <effect id="chr305a01-effect">
      <profile_COMMON>
        <newparam sid="chr305a01_png-surface">
          <surface type="2D">
            <init_from>chr305a01_png</init_from>
          </surface>
        </newparam>
        <newparam sid="chr305a01_png-sampler">
          <sampler2D>
            <source>chr305a01_png-surface</source>
          </sampler2D>
        </newparam>
        <technique sid="common">
          <phong>
            <emission>
              <color sid="emission">0 0 0 1</color>
            </emission>
            <ambient>
              <color sid="ambient">0 0 0 1</color>
            </ambient>
            <diffuse>
              <texture texture="chr305a01_png-sampler"/>
            </diffuse>
            <specular>
              <color sid="specular">0.5 0.5 0.5 1</color>
            </specular>
            <shininess>
              <float sid="shininess">0</float>
            </shininess>
            <transparent opaque="A_ONE">
              <color>1 1 1 1</color>
            </transparent>
            <index_of_refraction>
              <float sid="index_of_refraction">1</float>
            </index_of_refraction>
          </phong>
        </technique>
      </profile_COMMON>
    </effect>
  </library_effects>
  <library_materials>
    <material id="chr305a01-material" name="chr305a01">
      <instance_effect url="#chr305a01-effect"/>
    </material>
  </library_materials>
  <library_geometries>
    <geometry id="chr305-mesh" name="chr305">
      <mesh>
        <source id="chr305-mesh-positions">
          <float_array id="chr305-mesh-positions-array" count="8889">0.05100196 1.26444 0.563887 0.04596698 1.28351 0.526992 0.04618495 1.25304 0.531636 0.05142796 1.28404 0.551067 0.06702798 1.3019 0.593227 0.06702798 1.29351 0.548023 0.06702798 1.29298 0.523947 0.06702798 1.24044 0.533555 0.06702798 1.26272 0.573983 0.08305495 1.26444 0.563887 0.08262896 1.28404 0.551067 0.08809 1.28351 0.526992 0.08787196 1.25304 0.531636 0.07427901 1.45843 0.542129 0.08978497 1.41342 0.546692 0.08059298 1.42648 0.564428 0.09089398 1.44655 0.529022 0.07399696 1.39211 0.590443 0.108968 1.41745 0.554761 0.112506 1.42674 0.571396 0.115095 1.46563 0.54664 0.106786 1.44931 0.532893 0.104562 1.43742 0.581922 0.086708 1.44172 0.578821 0.102922 1.47617 0.562502 0.08569997 1.47314 0.560129 -0.07477098 1.47173 0.605081 -0.07475596 1.4833 0.602581 -0.05781894 1.47295 0.608899 -0.06543195 1.45424 0.608772 -0.07109797 1.47322 0.618057 -0.066886 1.4882 0.614834 -0.05592995 1.48869 0.60314 -0.03130698 1.45537 0.647378 -0.03129196 1.46694 0.644879 -0.014355 1.45659 0.651196 -0.02196794 1.43788 0.651069 -0.02763295 1.45685 0.660354 -0.02342098 1.47184 0.657132 -0.012465 1.47233 0.645438 0.03129196 1.46694 0.644879 0.03130698 1.45537 0.647378 0.014355 1.45659 0.651196 0.02196794 1.43788 0.651069 0.02763295 1.45685 0.660354 0.02342098 1.47184 0.657132 0.012465 1.47233 0.645438 0.07475596 1.4833 0.602581 0.07477098 1.47173 0.605081 0.05781894 1.47295 0.608899 0.06543195 1.45424 0.608772 0.07109797 1.47322 0.618057 0.066886 1.4882 0.614834 0.05592995 1.48869 0.60314 0.133081 1.5049 0.495091 0.136745 1.42607 0.513268 0.155131 1.52599 0.447541 0.120268 1.44962 0.526611 0.08495497 1.43628 0.528985 0.08126395 1.40997 0.516135 0.06680095 1.52334 0.4742 0.05744296 1.53108 0.426321 0.05013096 1.535 0.509843 0.06995296 1.43615 0.559528 0.060063 1.5287 0.554511 0.07435196 1.46189 0.574047 0.110468 1.50635 0.562196 0.108662 1.47491 0.571478 0.122424 1.45225 0.556507 0.133087 1.51008 0.527302 0.09483397 1.41239 0.480842 0.07353895 1.51798 0.393888 0.137295 1.42573 0.478468 0.150856 1.52801 0.408138 0.267833 1.6724 0.257663 0.132665 1.7991 0.198562 0.134162 1.71227 0.26916 0.317876 1.78442 0.08547198 0.392964 1.56073 0.2019979 0.431825 1.65359 0.04347598 0.324681 1.85375 -0.09347599 0.445366 1.69776 -0.150901 0.51895 1.4818 -0.03462696 0.517421 1.54088 -0.205393 0.472373 1.40184 0.131408 0.515953 1.26308 0.05175399 0.553543 1.31389 -0.1237789 0.529152 1.12639 -0.03551197 0.547341 1.15287 -0.229888 0.544055 1.3678 -0.314255 0.519965 1.17994 -0.415925 0.366437 1.78074 -0.291744 0.181828 1.92842 -0.243173 0.207679 1.85927 -0.406649 0 1.93244 -0.37229 0 1.86647 -0.48261 0.203552 1.73493 -0.539937 0 1.77004 -0.574035 0 1.62942 -0.651993 0.202564 1.56372 -0.634141 0 1.48201 -0.700206 0.1987659 1.37724 -0.693924 0.381465 1.47585 -0.559815 0.366762 1.2659 -0.624497 0.370936 1.66882 -0.472761 0 1.95864 -0.286925 0.101351 1.95138 -0.185917 0 1.96384 -0.199722 0.02855598 1.96244 -0.135513 0.03710997 1.952 -0.06807196 0.193029 1.92908 -0.07422298 0.193681 1.14454 -0.695629 0 1.27901 -0.73689 0 1.11056 -0.741055 0.188042 0.999446 -0.687937 0 0.966506 -0.722765 0.480512 1.41616 -0.447374 0.449011 1.22576 -0.533262 0.468839 1.60004 -0.354775 0.166002 0.871101 -0.641477 0 0.835659 -0.681084 0.107269 0.725329 -0.590782 0 0.716783 -0.625209 0.214522 0.759567 -0.537929 0.312407 0.933319 -0.578099 0.10975 0.644073 -0.51226 0.03239798 0.609784 -0.551203 0 0.605396 -0.558566 0.352632 1.09473 -0.617562 0.433829 1.04773 -0.509535 0.371991 0.875233 -0.44706 0.256444 0.799427 -0.518593 0.293778 0.713846 -0.375363 0.2019259 0.663641 -0.465582 0.225049 0.790039 -0.517856 0.15325 0.722789 -0.437535 0.397103 0.797193 -0.282138 0.474871 0.985161 -0.357309 0.48365 0.951876 -0.153388 0 1.89708 0.121828 0 1.82175 0.204905 0.173076 1.88323 0.07157796 0.01855498 1.9365 0.03264999 0 1.73383 0.275349 -0.132665 1.7991 0.198562 0 1.89708 0.121828 -0.173076 1.88323 0.07157796 -0.317876 1.78442 0.08547198 -0.267833 1.6724 0.257663 -0.134162 1.71227 0.26916 -0.392964 1.56073 0.2019979 -0.431825 1.65359 0.04347598 -0.324681 1.85375 -0.09347599 -0.445366 1.69776 -0.150901 -0.51895 1.4818 -0.03462696 -0.517421 1.54088 -0.205393 -0.472373 1.40184 0.131408 -0.515953 1.26308 0.05175399 -0.553543 1.31389 -0.1237789 -0.529152 1.12639 -0.03551197 -0.547341 1.15287 -0.229888 -0.544055 1.3678 -0.314255 -0.519965 1.17994 -0.415925 -0.366437 1.78074 -0.291744 -0.181828 1.92842 -0.243173 -0.207679 1.85927 -0.406649 -0.203552 1.73493 -0.539937 -0.202564 1.56372 -0.634141 -0.1987659 1.37724 -0.693924 -0.381465 1.47585 -0.559815 -0.366762 1.2659 -0.624497 -0.370936 1.66882 -0.472761 -0.101351 1.95138 -0.185917 -0.028548 1.96244 -0.135513 -0.03710997 1.952 -0.06807196 -0.193029 1.92908 -0.07422298 -0.193681 1.14454 -0.695629 -0.188042 0.999446 -0.687937 -0.480512 1.41616 -0.447374 -0.449011 1.22576 -0.533262 -0.468839 1.60004 -0.354775 -0.166002 0.871101 -0.641477 -0.107269 0.725329 -0.590782 -0.214522 0.759567 -0.537929 -0.312407 0.933319 -0.578099 -0.10975 0.644073 -0.51226 -0.03239798 0.609784 -0.551203 -0.352632 1.09473 -0.617562 -0.433829 1.04773 -0.509535 -0.371991 0.875233 -0.44706 -0.256444 0.799427 -0.518593 -0.293778 0.713846 -0.375363 -0.2019259 0.663641 -0.465582 -0.225049 0.790039 -0.517856 -0.15325 0.722789 -0.437535 -0.397103 0.797193 -0.282138 -0.474871 0.985161 -0.357309 -0.48365 0.951876 -0.153388 0.020132 1.96955 -0.03179496 0 1.99829 -0.06248497 0 1.98901 -0.001211941 0.01629996 1.98048 -0.09810799 0.03710997 1.952 -0.06807196 0.02855598 1.96244 -0.135513 0 1.98172 -0.16272 0 1.96384 -0.199722 -0.02012395 1.96955 -0.03179496 -0.01628595 1.98048 -0.09810799 -0.03710997 1.952 -0.06807196 -0.028548 1.96244 -0.135513 0 1.99622 -0.116635 0.01629996 1.98048 -0.09810799 0 1.98172 -0.16272 0 1.99829 -0.06248497 -0.01628595 1.98048 -0.09810799 0 1.99829 -0.06248497 0 1.99622 -0.116635 0 1.98172 -0.16272 0.435608 0.965922 -0.161144 0.397103 0.797193 -0.282138 0.48365 0.951876 -0.153388 0.367549 0.807635 -0.285669 0.480526 1.13051 -0.04801297 0.529152 1.12639 -0.03551197 0.465782 1.25774 0.03282397 0.515953 1.26308 0.05175399 0.472373 1.40184 0.131408 0.425479 1.40588 0.115707 0.392964 1.56073 0.2019979 0.351778 1.53647 0.175637 0.2417359 1.64563 0.227156 0.267833 1.6724 0.257663 0.134162 1.71227 0.26916 0.1243759 1.67713 0.2393749 0.293778 0.713846 -0.375363 0.27546 0.736671 -0.375171 0.206218 0.698831 -0.43418 0.2019259 0.663641 -0.465582 0.15325 0.722789 -0.437535 0.149354 0.75185 -0.423039 0 1.69841 0.247946 0 1.73383 0.275349 0.106805 0.680284 -0.488999 0.10975 0.644073 -0.51226 0.03081196 0.649483 -0.525843 0.03239798 0.609784 -0.551203 0 0.645241 -0.534805 0 0.605396 -0.558566 0.104052 1.70717 0.134355 0.219307 1.69052 0.127901 0.2417359 1.64563 0.227156 0 1.71932 0.135953 0.158814 1.65263 -0.160534 0.31828 1.61596 0.105311 0.2417359 1.64563 0.227156 0.351778 1.53647 0.175637 0.409039 1.47701 0.04144799 0.425479 1.40588 0.115707 0.460676 1.32666 -0.04173296 0.465782 1.25774 0.03282397 0.47537 1.21377 -0.113954 0.480526 1.13051 -0.04801297 0.433029 1.06729 -0.214868 0.435608 0.965922 -0.161144 0.370498 0.904046 -0.340756 0.367549 0.807635 -0.285669 0.281207 0.827809 -0.434271 0.27546 0.736671 -0.375171 0.292343 1.2397 -0.385298 0.1705009 1.07915 -0.552656 0.27869 1.46239 -0.253485 0.211814 0.797722 -0.486929 0.206218 0.698831 -0.43418 0.149354 0.75185 -0.423039 0.09784698 0.825955 -0.50829 0.106805 0.680284 -0.488999 0 0.798256 -0.54974 0.03081196 0.649483 -0.525843 0 0.645241 -0.534805 0 1.53792 -0.521769 0 1.73778 -0.157271 0 1.71932 0.135953 0 1.05558 -0.62227 -0.104052 1.70717 0.134355 -0.158814 1.65263 -0.160534 -0.219307 1.69052 0.127901 -0.1243759 1.67713 0.2393749 -0.2417359 1.64563 0.227156 0 1.69841 0.247946 0 1.71932 0.135953 -0.31828 1.61596 0.105311 -0.2417359 1.64563 0.227156 -0.351778 1.53647 0.175637 -0.409039 1.47701 0.04144799 -0.425479 1.40588 0.115707 -0.460676 1.32666 -0.04173296 -0.465782 1.25774 0.03282397 -0.47537 1.21377 -0.113954 -0.480526 1.13051 -0.04801297 -0.433029 1.06729 -0.214868 -0.435608 0.965922 -0.161144 -0.370498 0.904046 -0.340756 -0.367549 0.807635 -0.285669 -0.281207 0.827809 -0.434271 -0.27546 0.736671 -0.375171 -0.292343 1.2397 -0.385298 -0.1705009 1.07915 -0.552656 -0.27869 1.46239 -0.253485 -0.211814 0.797722 -0.486929 -0.206218 0.698831 -0.43418 -0.149354 0.75185 -0.423039 -0.09784698 0.825955 -0.50829 -0.106805 0.680284 -0.488999 -0.03081196 0.649483 -0.525843 -0.01855498 1.9365 0.03264999 -0.435608 0.965922 -0.161144 -0.397103 0.797193 -0.282138 -0.367549 0.807635 -0.285669 -0.48365 0.951876 -0.153388 -0.480526 1.13051 -0.04801297 -0.529152 1.12639 -0.03551197 -0.465782 1.25774 0.03282397 -0.515953 1.26308 0.05175399 -0.472373 1.40184 0.131408 -0.425479 1.40588 0.115707 -0.392964 1.56073 0.2019979 -0.351778 1.53647 0.175637 -0.2417359 1.64563 0.227156 -0.267833 1.6724 0.257663 -0.134162 1.71227 0.26916 -0.1243759 1.67713 0.2393749 -0.293778 0.713846 -0.375363 -0.27546 0.736671 -0.375171 -0.206218 0.698831 -0.43418 -0.2019259 0.663641 -0.465582 -0.15325 0.722789 -0.437535 -0.149354 0.75185 -0.423039 -0.106805 0.680284 -0.488999 -0.10975 0.644073 -0.51226 -0.03081196 0.649483 -0.525843 -0.03239798 0.609784 -0.551203 0 1.97545 0.115327 0 1.94167 0.171174 0.06509095 1.93763 0.167821 0 1.89451 0.214457 0.08878695 1.97461 0.08322697 0 1.99802 0.05486798 0.066154 1.98085 0.006686985 0 1.98901 -0.001211941 0.03710997 1.952 -0.06807196 0.09633398 1.92562 -0.073866 0.1241379 1.95964 0.02399694 0.159711 1.92464 0.07113295 0.184828 1.84385 -0.01077097 0.143661 1.89003 -0.06045097 0.125564 1.91808 0.151692 0.175557 1.8806 0.119721 0.159711 1.8404 0.173158 0.203167 1.79856 0.05032497 0.184828 1.74636 0.107298 0.08878695 1.85538 0.2195399 0 1.82333 0.250982 0.066154 1.76573 0.243155 0 1.74526 0.255386 0.1241379 1.80156 0.215444 0.07655799 1.71761 0.206623 0.143661 1.70709 0.161104 -0.066154 1.76573 0.243155 -0.08878695 1.85538 0.2195399 -0.06509095 1.93763 0.167821 -0.08878695 1.97461 0.08322697 -0.066154 1.98085 0.006686985 -0.03710997 1.952 -0.06807196 -0.09633398 1.92562 -0.073866 -0.1241379 1.95964 0.02399694 -0.159711 1.92464 0.07113295 -0.184828 1.84385 -0.01077097 -0.143661 1.89003 -0.06045097 -0.125564 1.91808 0.151692 -0.175557 1.8806 0.119721 -0.159711 1.8404 0.173158 -0.203167 1.79856 0.05032497 -0.184828 1.74636 0.107298 -0.1241379 1.80156 0.215444 -0.07655799 1.71761 0.206623 -0.143661 1.70709 0.161104 0.236588 1.81688 0.172569 0.211686 1.83886 0.1447539 0.194205 1.84678 0.1729339 0.147633 1.87071 0.144484 0.167142 1.84118 0.109337 0.130998 1.87842 0.173308 0.234266 1.79484 0.129049 0.265316 1.77871 0.165036 0.290601 1.73535 0.15358 0.190905 1.816 0.1866109 0.126551 1.84754 0.186924 0.130944 1.8032 0.1793259 0.210649 1.77006 0.174713 0.228548 1.94109 -0.01461094 0.177595 1.9405 -0.02067399 0.1862159 1.9484 0.01754695 0.127498 1.94171 0.011527 0.119984 1.92111 -0.02120196 0.13738 1.95023 0.04991096 0.193367 1.90636 -0.057172 0.255012 1.91154 -0.05315595 0.277925 1.87291 -0.09353095 0.203444 1.91628 0.01927399 0.153701 1.91718 0.05202198 0.1626009 1.88348 0.04432696 0.221118 1.88186 -0.01450097 -0.211686 1.83886 0.1447539 -0.236588 1.81688 0.172569 -0.194205 1.84678 0.1729339 -0.147633 1.87071 0.144484 -0.167142 1.84118 0.109337 -0.130998 1.87842 0.173308 -0.234266 1.79484 0.129049 -0.265316 1.77871 0.165036 -0.290601 1.73535 0.15358 -0.190905 1.816 0.1866109 -0.126551 1.84754 0.186924 -0.130944 1.8032 0.1793259 -0.210649 1.77006 0.174713 -0.177595 1.9405 -0.02067399 -0.228548 1.94109 -0.01461094 -0.1862159 1.9484 0.01754695 -0.127498 1.94171 0.011527 -0.119984 1.92111 -0.02120196 -0.13738 1.95023 0.04991096 -0.193367 1.90636 -0.057172 -0.255012 1.91154 -0.05315595 -0.277925 1.87291 -0.09353095 -0.203444 1.91628 0.01927399 -0.153701 1.91718 0.05202198 -0.1626009 1.88348 0.04432696 -0.221118 1.88186 -0.01450097 0.08860498 1.43092 0.499975 0.105294 1.38591 0.50424 0.09539997 1.39897 0.520814 0.106487 1.41904 0.487726 0.08830195 1.3646 0.545125 0.125939 1.38994 0.51178 0.129746 1.39923 0.527326 0.131765 1.43812 0.504191 0.12359 1.4218 0.491344 0.121196 1.40991 0.537162 0.1019819 1.41421 0.534264 0.119431 1.44866 0.519014 0.100897 1.44563 0.516797 -0.020033 1.26324 0.565015 -0.02632695 1.28568 0.520268 -0.02605497 1.24982 0.525901 -0.01950097 1.2863 0.549467 0 1.30732 0.600598 0 1.29745 0.545774 0 1.29683 0.516576 0 1.235 0.528228 0 1.26122 0.577259 0.020033 1.26324 0.565015 0.01950097 1.2863 0.549467 0.02632695 1.28568 0.520268 0.02605497 1.24982 0.525901 0.394318 1.55625 0.2477149 0.402249 1.57878 0.153492 0.326989 1.57079 0.153572 0.401694 1.56749 0.258559 0.401803 1.48909 0.120778 0.2258369 1.4874 0.107324 0.401786 1.42169 0.195729 0.220226 1.42004 0.194931 0.326977 1.46498 0.271014 0.402079 1.46452 0.280307 0.394318 1.55625 0.2477149 0.401694 1.56749 0.258559 0.412794 1.55517 0.24684 0.413302 1.56432 0.161563 0.412894 1.49114 0.13444 0.412879 1.43625 0.19547 0.413146 1.47157 0.264502 0.412794 1.55517 0.24684 0.813277 1.55612 0.1723 0.855639 1.49118 0.1365799 0.813277 1.4923 0.1438609 0.855639 1.56459 0.169292 0.813277 1.44553 0.195766 0.855639 1.43739 0.196283 0.86731 1.55736 0.171656 0.86731 1.49222 0.1426309 0.86731 1.44449 0.1956059 0.740332 1.55464 0.173038 0.740332 1.54751 0.240652 0.813277 1.54879 0.2417809 0.740332 1.49254 0.145364 0.740332 1.44703 0.195873 0.740332 1.48101 0.254764 0.813277 1.48045 0.256283 0.740332 1.54751 0.240652 0.813277 1.54879 0.2417809 0.855639 1.55616 0.249212 0.855639 1.47755 0.265893 0.855639 1.55616 0.249212 0.86731 1.48012 0.257371 0.86731 1.54988 0.242569 0.86731 1.54988 0.242569 0.587373 1.54966 0.242487 0.624311 1.56665 0.168328 0.587373 1.55712 0.171791 0.624311 1.55795 0.250845 0.624311 1.49086 0.134553 0.587373 1.49218 0.142854 0.587373 1.4446 0.195667 0.624311 1.43532 0.196196 0.587373 1.48012 0.257244 0.624311 1.47678 0.268069 0.587373 1.54966 0.242487 0.624311 1.55795 0.250845 0.53366 1.54808 0.241115 0.53366 1.5553 0.1727049 0.53366 1.49246 0.144704 0.53366 1.44642 0.195809 0.53366 1.48079 0.255394 0.53366 1.54808 0.241115 0.635214 1.44661 0.195829 0.635214 1.49249 0.14491 0.635214 1.55509 0.172809 0.635214 1.48086 0.255197 0.635214 1.5479 0.24097 0.635214 1.5479 0.24097 0.86731 1.49222 0.1426309 0.913627 1.43537 0.187388 0.86731 1.44449 0.1956059 0.913627 1.4831 0.134414 0.916133 1.43515 0.229408 0.86731 1.48012 0.257371 0.995678 1.42564 0.204771 1.00808 1.4239 0.242175 1.04054 1.46573 0.206369 1.04054 1.47335 0.25889 1.02951 1.46786 0.285624 1.04054 1.50882 0.159013 0.995678 1.49901 0.12334 1.04054 1.52116 0.295524 1.01622 1.51554 0.315237 1.01906 1.56053 0.316817 1.04146 1.55731 0.30055 1.0219 1.60364 0.29393 0.86731 1.54988 0.242569 1.01906 1.62544 0.24904 1.04238 1.59157 0.281109 1.04146 1.6095 0.2450129 0.905253 1.47463 0.289861 0.913588 1.58897 0.174035 0.86731 1.55736 0.171656 1.01622 1.619 0.204151 1.04054 1.59919 0.208918 0.94924 1.39584 0.104853 0.992795 1.45457 0.106607 1.02875 1.37305 0.083754 0.992795 1.40447 0.1622059 0.913627 1.4831 0.134414 0.995678 1.49901 0.12334 0.995678 1.42564 0.204771 0.913627 1.43537 0.187388 0.2258369 1.4874 0.107324 0.260274 1.61239 0.133785 0.326989 1.57079 0.153572 0.289915 1.63675 0.251098 0.185466 1.61239 0.133785 0.177591 1.47076 0.104989 0.195874 1.63675 0.251098 0.195874 1.56146 0.334647 0.289915 1.5614 0.334719 0.260554 1.44747 0.31681 0.185466 1.44747 0.31681 0.220226 1.42004 0.194931 0.177591 1.40588 0.176997 0.177591 1.47076 0.104989 0.2258369 1.4874 0.107324 0.394318 1.55625 0.2477149 0.326977 1.46498 0.271014 0.128733 1.57627 0.165266 0.128733 1.49403 0.142765 0.104503 1.51701 0.2118909 0.128733 1.59117 0.237028 0.128733 1.54518 0.288202 0.128733 1.47538 0.277234 0.128733 1.44553 0.196587 0.128733 1.49403 0.142765 0.740332 1.54751 0.240652 0.730816 1.56611 0.168603 0.730816 1.55747 0.250463 0.740332 1.55464 0.173038 0.730816 1.49092 0.135098 0.740332 1.49254 0.145364 0.740332 1.44703 0.195873 0.730816 1.43582 0.19625 0.740332 1.48101 0.254764 0.730816 1.47695 0.267549 0.740332 1.54751 0.240652 0.730816 1.55747 0.250463 0.635214 1.5479 0.24097 0.635214 1.55509 0.172809 0.635214 1.49249 0.14491 0.635214 1.44661 0.195829 0.635214 1.48086 0.255197 0.635214 1.5479 0.24097 0.53366 1.54808 0.241115 0.524844 1.56863 0.166022 0.524761 1.55952 0.25212 0.53366 1.5553 0.1727049 0.524777 1.49057 0.132321 0.53366 1.49246 0.144704 0.53366 1.44642 0.195809 0.524774 1.43312 0.19611 0.53366 1.48079 0.255394 0.524818 1.47489 0.270063 0.53366 1.54808 0.241115 0.524761 1.55952 0.25212 0.412794 1.55517 0.24684 0.413302 1.56432 0.161563 0.412894 1.49114 0.13444 0.412879 1.43625 0.19547 0.413146 1.47157 0.264502 0.412794 1.55517 0.24684 1.13002 1.57291 0.262927 1.04146 1.55731 0.30055 1.12345 1.5265 0.261098 1.04238 1.59157 0.281109 1.17919 1.49016 0.223935 1.24149 1.49078 0.1858209 1.04054 1.52116 0.295524 1.11688 1.47821 0.234803 1.04054 1.47335 0.25889 1.04054 1.46573 0.206369 1.04146 1.6095 0.2450129 1.12345 1.56999 0.214842 1.04054 1.50882 0.159013 1.17919 1.52797 0.181487 1.11688 1.53884 0.166757 1.04054 1.59919 0.208918 1.04054 1.57188 0.171732 1.01622 1.51554 0.315237 1.0567 1.4633 0.335462 1.02951 1.46786 0.285624 1.03592 1.50819 0.363053 1.03826 1.41964 0.349488 1.00808 1.4239 0.242175 1.0015 1.41068 0.341326 0.916133 1.43515 0.229408 1.00965 1.41123 0.379737 1.03093 1.42204 0.378621 0.941949 1.45272 0.350847 0.905253 1.47463 0.289861 0.987728 1.45148 0.41132 1.01957 1.45594 0.408984 0.973285 1.50198 0.359033 1.00112 1.50496 0.400286 1.02355 1.50091 0.398744 1.0567 1.4633 0.335462 1.12089 1.51295 0.381936 1.14352 1.47567 0.365131 1.03592 1.50819 0.363053 1.14668 1.50551 0.39342 1.164 1.47924 0.376242 1.14245 1.43513 0.392483 1.03826 1.41964 0.349488 1.13427 1.50761 0.42249 1.10534 1.51075 0.420523 1.15853 1.45389 0.403051 1.13037 1.48071 0.435551 1.10414 1.47427 0.446214 1.12122 1.44035 0.42848 1.14492 1.45498 0.427964 1.03093 1.42204 0.378621 1.02355 1.50091 0.398744 1.01957 1.45594 0.408984 1.164 1.47924 0.376242 1.14668 1.50551 0.39342 1.2853 1.50398 0.382345 1.13427 1.50761 0.42249 1.21089 1.49316 0.42775 1.15853 1.45389 0.403051 1.14492 1.45498 0.427964 1.13037 1.48071 0.435551 0.919729 1.52488 0.141512 0.86731 1.49222 0.1426309 0.86731 1.55736 0.171656 0.913627 1.4831 0.134414 0.913588 1.58897 0.174035 0.995678 1.49901 0.12334 1.00956 1.53966 0.112977 1.04054 1.50882 0.159013 1.04054 1.57188 0.171732 1.02345 1.59138 0.1591939 1.04054 1.59919 0.208918 1.01622 1.619 0.204151 1.01622 1.619 0.204151 1.0637 1.62989 0.148148 1.04253 1.66876 0.18349 1.02345 1.59138 0.1591939 1.0475 1.63283 0.101545 1.00956 1.53966 0.112977 1.01076 1.62386 0.09326696 0.919729 1.52488 0.141512 1.02057 1.66084 0.08437597 1.04137 1.66183 0.09608298 0.950199 1.64584 0.1286669 0.913588 1.58897 0.174035 0.998605 1.70241 0.114165 1.03013 1.70024 0.120541 0.980048 1.66536 0.1756089 1.00954 1.70505 0.169253 1.03201 1.70178 0.166772 1.12802 1.68541 0.187216 1.0637 1.62989 0.148148 1.15123 1.65885 0.156557 1.04253 1.66876 0.18349 1.15455 1.69374 0.178297 1.17204 1.66982 0.15812 1.15284 1.67489 0.110377 1.0475 1.63283 0.101545 1.14336 1.72277 0.172329 1.11427 1.72263 0.174522 1.16868 1.68938 0.12654 1.14101 1.7286 0.142831 1.11553 1.73811 0.132677 1.13304 1.7117 0.105238 1.15614 1.71418 0.120602 1.04137 1.66183 0.09608298 1.03201 1.70178 0.166772 1.03013 1.70024 0.120541 1.15455 1.69374 0.178297 1.17204 1.66982 0.15812 1.2925 1.67806 0.186094 1.14336 1.72277 0.172329 1.2206 1.7216 0.160594 1.16868 1.68938 0.12654 1.15614 1.71418 0.120602 1.14101 1.7286 0.142831 0.270202 1.42238 0.126926 0.325259 1.43615 0.03807699 0.234727 1.42646 0.039505 0.324717 1.43182 0.1336629 0.324768 1.35428 0.02570796 0.197822 1.35378 0.03463494 0.324773 1.30735 0.086322 0.197776 1.31545 0.08421999 0.234721 1.33941 0.1516889 0.325135 1.3407 0.161083 0.270202 1.42238 0.126926 0.324717 1.43182 0.1336629 0.344183 1.34673 0.1507 0.343806 1.42299 0.127821 0.344295 1.42652 0.04787695 0.343806 1.42299 0.127821 0.343852 1.35747 0.03611099 0.343857 1.3174 0.087866 0.798152 1.42569 0.06175196 0.829143 1.35987 0.02722096 0.798152 1.36208 0.03884094 0.829152 1.43712 0.05505895 0.829143 1.30952 0.09208595 0.798152 1.32064 0.09225398 0.852291 1.42856 0.06016194 0.852291 1.36148 0.03598099 0.852291 1.31775 0.09230595 0.717042 1.42602 0.06154996 0.717042 1.42387 0.129548 0.798152 1.42355 0.129325 0.717042 1.36201 0.038495 0.717042 1.32031 0.09224295 0.798152 1.35863 0.148176 0.717042 1.35854 0.148517 0.798152 1.42355 0.129325 0.717042 1.42387 0.129548 0.829157 1.43451 0.137129 0.829151 1.35566 0.160013 0.829157 1.43451 0.137129 0.852291 1.42629 0.131433 0.852291 1.35781 0.1512989 0.852291 1.42629 0.131433 0.589662 1.42437 0.1298969 0.572248 1.43627 0.05546796 0.572248 1.43372 0.136438 0.589662 1.42654 0.06123298 0.572248 1.36006 0.02801495 0.589662 1.36191 0.03795194 0.572248 1.3104 0.09201699 0.589662 1.3198 0.09222698 0.589662 1.3584 0.149053 0.572248 1.35592 0.159026 0.589662 1.42437 0.1298969 0.572248 1.43372 0.136438 0.518535 1.42444 0.129945 0.518535 1.42661 0.06118994 0.518535 1.3619 0.03787696 0.518535 1.31973 0.09222495 0.518535 1.35838 0.1491259 0.518535 1.42444 0.129945 0.466972 1.42401 0.1293179 0.467083 1.35494 0.149591 0.466972 1.42401 0.1293179 0.467116 1.42659 0.05726099 0.466985 1.36059 0.03735595 0.466987 1.31904 0.09093898 0.197822 1.35378 0.03463494 0.208941 1.43315 0.04177194 0.234727 1.42646 0.039505 0.223188 1.44799 0.107704 0.270202 1.42238 0.126926 0.172984 1.43536 0.04349195 0.1719059 1.35237 0.02722197 0.177987 1.44799 0.107704 0.223188 1.40612 0.161665 0.234721 1.33941 0.1516889 0.209076 1.3415 0.159877 0.177987 1.40616 0.1616179 0.172984 1.34372 0.161597 0.197776 1.31545 0.08421999 0.1719059 1.30832 0.08399498 0.197822 1.35378 0.03463494 0.1719059 1.35237 0.02722197 0.142259 1.36414 0.05419796 0.142259 1.41491 0.06415098 0.127556 1.38113 0.095007 0.142259 1.42712 0.1069149 0.142259 1.40157 0.139932 0.142259 1.35885 0.136404 0.127556 1.38113 0.095007 0.142259 1.33719 0.08892899 0.142259 1.36414 0.05419796 0.705976 1.35609 0.1583639 0.717042 1.42387 0.129548 0.705977 1.4331 0.1360059 0.717042 1.35854 0.148517 0.705976 1.31103 0.09203696 0.717042 1.32031 0.09224295 0.717042 1.36201 0.038495 0.705976 1.36019 0.028687 0.717042 1.42602 0.06154996 0.705977 1.43563 0.05586099 0.717042 1.42387 0.129548 0.705977 1.4331 0.1360059 0.589662 1.42437 0.1298969 0.589662 1.3584 0.149053 0.589662 1.42437 0.1298969 0.589662 1.42654 0.06123298 0.589662 1.36191 0.03795194 0.589662 1.3198 0.09222698 0.467083 1.35494 0.149591 0.449756 1.43304 0.135453 0.449904 1.35052 0.159756 0.466972 1.42401 0.1293179 0.449776 1.30932 0.08999598 0.466987 1.31904 0.09093898 0.466985 1.36059 0.03735595 0.449774 1.35801 0.02719599 0.467116 1.42659 0.05726099 0.449948 1.43623 0.04929697 0.449756 1.43304 0.135453 0.466972 1.42401 0.1293179 0.343806 1.42299 0.127821 0.344183 1.34673 0.1507 0.343806 1.42299 0.127821 0.344295 1.42652 0.04787695 0.343852 1.35747 0.03611099 0.343857 1.3174 0.087866 0.852291 1.36148 0.03598099 0.898608 1.30863 0.08408796 0.852291 1.31775 0.09230595 0.898608 1.35636 0.03111398 0.901114 1.30841 0.126108 0.852291 1.35781 0.1512989 0.980658 1.2989 0.101472 0.99306 1.29715 0.138876 1.02552 1.33899 0.10307 1.02552 1.34661 0.1555899 1.01449 1.34112 0.182325 1.02552 1.38208 0.05571299 0.980658 1.37227 0.02003997 1.02552 1.39442 0.192224 1.0012 1.3888 0.211938 1.00404 1.43379 0.213517 1.02644 1.43056 0.19725 1.00688 1.4769 0.19063 0.852291 1.42629 0.131433 1.00404 1.4987 0.145741 1.02736 1.46483 0.17781 1.02644 1.48276 0.141714 0.890234 1.34789 0.186561 0.898569 1.46223 0.07073599 0.852291 1.42856 0.06016194 1.0012 1.49226 0.1008509 1.02552 1.47245 0.105618 0.934221 1.2691 0.001552999 0.977776 1.32783 0.003306984 1.01373 1.24631 -0.01954495 0.977776 1.27773 0.05890697 0.898608 1.35636 0.03111398 0.980658 1.37227 0.02003997 0.980658 1.2989 0.101472 0.898608 1.30863 0.08408796 1.115 1.44617 0.159627 1.02644 1.43056 0.19725 1.10843 1.39976 0.157799 1.02736 1.46483 0.17781 1.16417 1.36342 0.120635 1.22647 1.36404 0.08252096 1.02552 1.39442 0.192224 1.10186 1.35147 0.1315039 1.02552 1.34661 0.1555899 1.02552 1.33899 0.10307 1.02644 1.48276 0.141714 1.10843 1.44325 0.111542 1.02552 1.38208 0.05571299 1.16417 1.40123 0.07818698 1.10186 1.4121 0.06345695 1.02552 1.47245 0.105618 1.02552 1.44514 0.06843197 1.0012 1.3888 0.211938 1.04168 1.33656 0.232163 1.01449 1.34112 0.182325 1.0209 1.38145 0.259754 1.02324 1.2929 0.2461889 0.99306 1.29715 0.138876 0.986477 1.28394 0.238027 0.901114 1.30841 0.126108 0.994631 1.28449 0.276437 1.01591 1.2953 0.275322 0.92693 1.32598 0.247547 0.890234 1.34789 0.186561 0.972709 1.32474 0.30802 1.00455 1.32919 0.305684 0.958266 1.37524 0.255734 0.986097 1.37822 0.296987 1.00853 1.37417 0.295445 1.04168 1.33656 0.232163 1.10587 1.38621 0.278637 1.1285 1.34893 0.261831 1.0209 1.38145 0.259754 1.13166 1.37877 0.290121 1.14898 1.3525 0.272943 1.12743 1.30839 0.289183 1.02324 1.2929 0.2461889 1.11925 1.38087 0.319191 1.09032 1.38401 0.317224 1.14351 1.32715 0.299751 1.11535 1.35397 0.332252 1.08912 1.34753 0.342915 1.1062 1.31361 0.32518 1.1299 1.32824 0.324664 1.01591 1.2953 0.275322 1.00853 1.37417 0.295445 1.00455 1.32919 0.305684 1.14898 1.3525 0.272943 1.13166 1.37877 0.290121 1.27028 1.37724 0.279046 1.11925 1.38087 0.319191 1.19587 1.36642 0.324451 1.14351 1.32715 0.299751 1.1299 1.32824 0.324664 1.11535 1.35397 0.332252 0.90471 1.39814 0.038212 0.852291 1.36148 0.03598099 0.852291 1.42856 0.06016194 0.898608 1.35636 0.03111398 0.898569 1.46223 0.07073599 0.980658 1.37227 0.02003997 0.994539 1.41292 0.009676992 1.02552 1.38208 0.05571299 1.02552 1.44514 0.06843197 1.00843 1.46464 0.05589395 1.02552 1.47245 0.105618 1.0012 1.49226 0.1008509 1.0012 1.49226 0.1008509 1.04869 1.50315 0.04484796 1.02751 1.54202 0.08019 1.00843 1.46464 0.05589395 1.03248 1.50609 -0.001753985 0.994539 1.41292 0.009676992 0.995743 1.49712 -0.01003199 0.90471 1.39814 0.038212 1.00555 1.5341 -0.01892298 1.02635 1.53509 -0.007214963 0.935179 1.51909 0.02536696 0.898569 1.46223 0.07073599 0.983586 1.57567 0.01086497 1.01511 1.5735 0.017241 0.965029 1.53862 0.07230997 0.994518 1.57831 0.06595295 1.01699 1.57504 0.06347197 1.113 1.55867 0.083916 1.04869 1.50315 0.04484796 1.13621 1.53211 0.05325698 1.02751 1.54202 0.08019 1.13953 1.567 0.074997 1.15702 1.54308 0.05482 1.13782 1.54815 0.007076978 1.03248 1.50609 -0.001753985 1.12834 1.59602 0.06902897 1.09925 1.59589 0.071222 1.15366 1.56264 0.02323997 1.12599 1.60186 0.03953099 1.10051 1.61137 0.02937698 1.11802 1.58496 0.001937985 1.14112 1.58744 0.01730197 1.02635 1.53509 -0.007214963 1.01699 1.57504 0.06347197 1.01511 1.5735 0.017241 1.13953 1.567 0.074997 1.15702 1.54308 0.05482 1.27748 1.55131 0.08279401 1.12834 1.59602 0.06902897 1.20558 1.59485 0.05729395 1.15366 1.56264 0.02323997 1.14112 1.58744 0.01730197 1.12599 1.60186 0.03953099 0.109699 0.04797995 -0.242309 0.254591 0.06423097 -0.124534 0.08639496 0.06422698 -0.124545 0.2321169 0.04798299 -0.242301 0.169901 0 -0.33469 0.122254 0.381057 0.05562698 0.170264 0.200612 0.00583297 0.170333 0.363751 0.08341795 0.220892 0.381063 0.05566298 0.115994 0.216983 -0.03000098 0.2303709 0.217441 -0.03075599 0.207653 0.246533 -0.09164696 0.214981 0.404194 0.01831996 0.172609 0.424931 -0.01780098 0.1701959 0.252559 -0.1092399 0.13274 0.246652 -0.09103095 0.13017 0.404196 0.01831597 0.122254 0.381057 0.05562698 0.115994 0.216983 -0.03000098 0.100895 0.209026 -0.030505 0.16914 0.162404 0.02622097 0.170016 0.190481 0.01435095 0.07785499 0.131844 -0.02553397 0.245119 0.2096599 -0.03168398 0.263279 0.131844 -0.02553397 0.115994 0.216983 -0.03000098 0.170264 0.200612 0.00583297 0.2303709 0.217441 -0.03075599 0.229773 0.122895 0.09553098 0.16914 0.155241 0.090523 0.3102 0.09921997 0.04685699 0.284754 0 -0.07446199 0.332058 0 0.03445798 0.284862 0 0.06712096 0.284552 0.08181595 0.06440699 0.107237 0.124353 0.101535 0.02718698 0.09869498 0.06605798 0.08639496 0.06422698 -0.124545 0.06089794 0 -0.07433295 0.01392096 0 0.03323799 0.05441498 0 0.06712096 0.05472499 0.08181595 0.06440699 0.124347 0.004400968 0.106476 0.16914 0.128108 0.102032 0.124682 0.09523797 0.103545 0.214931 0.004400968 0.106476 0.06089794 0 -0.07433295 0.254591 0.06423097 -0.124534 0.08639496 0.06422698 -0.124545 0.214596 0.09523797 0.103545 0.1152909 0.168841 -0.150368 0.122791 0.244916 -0.106813 0.13274 0.246652 -0.09103095 0.224704 0.168838 -0.150367 0.2171339 0.245193 -0.108043 0.169997 0.187485 -0.163047 0.169962 0.251021 -0.125328 0.1701959 0.252559 -0.1092399 0.207653 0.246533 -0.09164696 0.122791 0.244916 -0.106813 0.13274 0.246652 -0.09103095 0.169172 0.367345 0.102046 0.122254 0.381057 0.05562698 0.170333 0.363751 0.08341795 0.10705 0.390097 0.06523096 0.220892 0.381063 0.05566298 0.235397 0.390223 0.06534296 0.1570349 0.541881 0.196644 0.250513 0.566309 0.151585 0.07967996 0.566885 0.151852 0.214981 0.404194 0.01831996 0.228425 0.423072 0.01049494 0.172609 0.424931 -0.01780098 0.1726959 0.443778 -0.02563399 0.168696 0.641734 -0.01097095 0.252482 0.6515 0.068722 0.116967 0.423013 0.01047599 0.13017 0.404196 0.01831597 0.10705 0.390097 0.06523096 0.122254 0.381057 0.05562698 0.07967996 0.566885 0.151852 0.07715696 0.655932 0.06837397 0.265328 0.562705 0.146188 0.250513 0.566309 0.151585 0.217163 0.522944 0.217311 0.1570349 0.541881 0.196644 0.07967996 0.566885 0.151852 0.105629 0.522944 0.21731 0.06443697 0.562705 0.146187 0.07967996 0.566885 0.151852 0.06443697 0.562705 0.146187 0.217163 0.522944 0.217311 0.155952 0.496322 0.25615 0.1570349 0.541881 0.196644 0.105629 0.522944 0.21731 0.153943 0.551862 0.274773 0.227787 0.602033 0.223707 0.151933 0.607402 0.273378 0.271622 0.614822 0.166619 0.265328 0.562705 0.146188 0.213559 0.665034 0.216276 0.246083 0.665812 0.156473 0.08635896 0.601959 0.223525 0.05280596 0.614657 0.166338 0.06443697 0.562705 0.146187 0.252482 0.6515 0.068722 0.2487829 0.65959 0.08470898 0.166995 0.649898 0.005215942 0.168696 0.641734 -0.01097095 0.07715696 0.655932 0.06837397 0.07764899 0.664169 0.08476197 0.06857496 0.665429 0.15584 0.05280596 0.614657 0.166338 0.06443697 0.562705 0.146187 0.06036394 0.163664 0.238749 0.001878976 0.139577 0.21399 0.049564 0.144277 0.244089 -3.29e-4 0.1569899 0.196722 -0.022134 0.120513 0.1839489 -0.01871198 0.114169 0.203651 0.05472499 0.08181595 0.06440699 -0.03120398 0.08444499 0.174263 0.08758199 0.108427 0.262747 0.07049095 0.09925097 0.261102 0.09279799 0.04900896 0.261915 0.07785099 0.04725795 0.261719 0.07830196 0 0.261391 0.05441498 0 0.06712096 -0.02500998 0 0.195146 -0.02572697 0.08230596 0.195267 0.124682 0.09523797 0.103545 0.124347 0.004400968 0.106476 0.00950998 0.152988 0.352351 -0.05617594 0.150743 0.32496 -0.03037095 0.130286 0.353564 -0.08416897 0.07182896 0.325299 -0.09128898 0.07902801 0.306609 0.02352195 0.073673 0.368114 0.04014599 0.08119797 0.367093 -0.09222 -1.86e-4 0.301183 0.07049095 0.09925097 0.261102 0.07785099 0.04725795 0.261719 0.04655098 0.002881944 0.369257 0.07830196 0 0.261391 -0.02500998 0 0.195146 0.04655098 0.002881944 0.369257 -0.02572697 0.08230596 0.195267 0.049564 0.144277 0.244089 0.001878976 0.139577 0.21399 -0.01871198 0.114169 0.203651 -0.1413199 0.03023898 0.402999 0.005637943 0.03042495 0.467244 -0.142442 0.03101897 0.485026 -0.047948 0.03113895 0.526335 0.02352195 0.073673 0.368114 -0.005206942 0.08395999 0.436793 -0.03037095 0.130286 0.353564 -0.05329698 0.1363829 0.405359 -0.09010899 0.098113 0.505045 -0.107632 0.085864 0.393797 -0.08416897 0.07182896 0.325299 -0.12255 0 0.57624 0.16914 0.128108 0.102032 0.124682 0.09523797 0.103545 0.170287 0.166251 0.22936 0.114742 0.118957 0.247285 0.214596 0.09523797 0.103545 0.225462 0.118957 0.247271 0.169928 0.1197929 0.360065 0.239627 0.05947798 0.256225 0.222805 0.02973896 0.347514 0.169639 0.07056295 0.4101 0.116627 0.02973896 0.347526 0.1003929 0.05947798 0.256249 0.102915 0 0.26521 0.124347 0.004400968 0.106476 0.118551 0 0.352006 0.220741 0 0.351992 0.236919 0 0.265182 0.214931 0.004400968 0.106476 0.169423 0 0.438802 0.278913 0.163664 0.238749 0.337398 0.139577 0.21399 0.339608 0.1569899 0.196722 0.289713 0.144277 0.244089 0.361413 0.120513 0.1839489 0.35799 0.114169 0.203651 0.284552 0.08181595 0.06440699 0.370482 0.08444499 0.174263 0.251695 0.108427 0.262747 0.268787 0.09925097 0.261102 0.246479 0.04900896 0.261915 0.261426 0.04725795 0.261719 0.260976 0 0.261391 0.284862 0 0.06712096 0.364288 0 0.195146 0.365005 0.08230596 0.195267 0.214596 0.09523797 0.103545 0.214931 0.004400968 0.106476 0.395454 0.150743 0.32496 0.329767 0.152988 0.352351 0.369649 0.130286 0.353564 0.423447 0.07182896 0.325299 0.430568 0.07902801 0.306609 0.315755 0.073673 0.368114 0.299131 0.08119797 0.367093 0.431498 -1.86e-4 0.301183 0.268787 0.09925097 0.261102 0.261426 0.04725795 0.261719 0.292726 0.002881944 0.369257 0.260976 0 0.261391 0.292726 0.002881944 0.369257 0.364288 0 0.195146 0.365005 0.08230596 0.195267 0.289713 0.144277 0.244089 0.337398 0.139577 0.21399 0.35799 0.114169 0.203651 0.480597 0.03023898 0.402999 0.333639 0.03042495 0.467244 0.481719 0.03101897 0.485026 0.387226 0.03113895 0.526335 0.315755 0.073673 0.368114 0.344486 0.08395999 0.436793 0.369649 0.130286 0.353564 0.392575 0.1363829 0.405359 0.429387 0.098113 0.505045 0.44691 0.085864 0.393797 0.423447 0.07182896 0.325299 0.461827 0 0.57624 0.214596 0.09523797 0.103545 0.238885 0.05947798 0.256249 0.214931 0.004400968 0.106476 0.246083 0.665812 0.156473 0.218717 0.681769 0.215682 0.213559 0.665034 0.216276 0.257195 0.676544 0.1451849 0.216738 0.820572 0.166109 0.249719 0.792899 0.105563 0.151575 0.682875 0.258342 0.153923 0.829637 0.196099 0.089253 0.823244 0.186491 0.08616197 0.680647 0.2193149 0.05633699 0.67769 0.147164 0.05309796 0.794319 0.107676 0.06857496 0.665429 0.15584 0.09267997 0.663148 0.218603 0.245878 0.668418 0.06131899 0.234664 0.769279 0.03103595 0.1662819 0.658798 -0.01797199 0.153201 0.753069 -0.02932596 0.166995 0.649898 0.005215942 0.2487829 0.65959 0.08470898 0.07893496 0.673142 0.06177496 0.07764899 0.664169 0.08476197 0.06857496 0.665429 0.15584 0.05633699 0.67769 0.147164 0.05309796 0.794319 0.107676 0.07827299 0.772897 0.02744299 0.249719 0.792899 0.105563 0.2290869 0.851935 0.164773 0.216738 0.820572 0.166109 0.263084 0.813231 0.09042799 0.212935 0.93443 0.09758996 0.238406 0.909039 0.03931897 0.155014 0.949724 0.135006 0.154896 0.862442 0.20061 0.08205097 0.846908 0.191651 0.09348499 0.946519 0.128302 0.153923 0.829637 0.196099 0.089253 0.823244 0.186491 0.03772199 0.808844 0.113486 0.053671 0.914996 0.06145095 0.05309796 0.794319 0.107676 0.233294 0.780652 -0.006799995 0.219424 0.882193 -0.03458595 0.234664 0.769279 0.03103595 0.153201 0.753069 -0.02932596 0.143836 0.77025 -0.07494199 0.06638801 0.783812 0.005496978 0.07827299 0.772897 0.02744299 0.03772199 0.808844 0.113486 0.05309796 0.794319 0.107676 0.138253 0.859922 -0.09973597 0.053671 0.914996 0.06145095 0.06909096 0.882212 -0.02107197 0.238406 0.909039 0.03931897 0.220368 0.952117 0.099101 0.212935 0.93443 0.09758996 0.251457 0.923676 0.03224498 0.155014 0.949724 0.135006 0.15683 0.970461 0.145102 0.09348499 0.946519 0.128302 0.08671295 0.966692 0.134541 0.155944 1.06737 0.07029795 0.2030529 1.05754 0.02590596 0.100011 1.07134 0.065822 0.150525 1.12144 0.03016197 0.06772899 1.11448 0.002707958 0.03547197 1.04349 0.01291495 0.217733 1.03034 -0.03297597 0.03896898 0.934671 0.06416797 0.053671 0.914996 0.06145095 0.219424 0.882193 -0.03458595 0.225521 0.889261 -0.05770099 0.197462 1.09262 -0.053734 0.138253 0.859922 -0.09973597 0.135044 0.866506 -0.121323 0.129534 1.13596 -0.06906598 0.016644 1.11878 -0.08521497 0.158053 1.07618 -0.1144739 0.09347796 1.10044 -0.126449 0.2008799 1.00398 -0.08815699 0.116309 0.998916 -0.142975 0.03187298 1.02393 -0.07601195 0.05657595 0.888311 -0.04113095 0.03896898 0.934671 0.06416797 0.06909096 0.882212 -0.02107197 0.053671 0.914996 0.06145095 0.03547197 1.04349 0.01291495 0.016644 1.11878 -0.08521497 0.06772899 1.11448 0.002707958 0.2321169 0.04798299 -0.242301 0.169901 0 -0.33469 0.1698549 0.113543 -0.272638 0.109699 0.04797995 -0.242309 0.224704 0.168838 -0.150367 0.1152909 0.168841 -0.150368 0.169997 0.187485 -0.163047 0.08639496 0.06422698 -0.124545 -0.254591 0.06423097 -0.124534 -0.109699 0.04797995 -0.242309 -0.08639496 0.06422698 -0.124545 -0.2321169 0.04798299 -0.242301 -0.169901 0 -0.33469 -0.170264 0.200612 0.00583297 -0.122254 0.381057 0.05562698 -0.170333 0.363751 0.08341795 -0.220892 0.381063 0.05566298 -0.115994 0.216983 -0.03000199 -0.2303709 0.217441 -0.03075599 -0.207653 0.246533 -0.09164696 -0.214981 0.404194 0.01831996 -0.172609 0.424931 -0.01780098 -0.1701959 0.252559 -0.1092399 -0.13274 0.246652 -0.09103095 -0.13017 0.404196 0.01831597 -0.122254 0.381057 0.05562698 -0.115994 0.216983 -0.03000199 -0.16914 0.162404 0.02622097 -0.100895 0.209026 -0.030505 -0.170016 0.190481 0.01435095 -0.07785499 0.131844 -0.02553397 -0.245119 0.2096599 -0.03168398 -0.263279 0.131844 -0.02553397 -0.115994 0.216983 -0.03000199 -0.170264 0.200612 0.00583297 -0.2303709 0.217441 -0.03075599 -0.229773 0.122895 0.09553098 -0.16914 0.155241 0.090523 -0.3102 0.09921997 0.04685699 -0.284754 0 -0.07446199 -0.332058 0 0.03445798 -0.284862 0 0.06712096 -0.284552 0.08181595 0.06440597 -0.107237 0.124353 0.101535 -0.02718698 0.09869498 0.06605798 -0.08639496 0.06422698 -0.124545 -0.06089794 0 -0.07433295 -0.01392096 0 0.03323799 -0.05441498 0 0.06712096 -0.05472499 0.08181595 0.06440699 -0.124347 0.004400968 0.106476 -0.16914 0.128108 0.102032 -0.124682 0.09523797 0.103545 -0.214931 0.004400968 0.106476 -0.254591 0.06423097 -0.124534 -0.06089794 0 -0.07433295 -0.08639496 0.06422698 -0.124545 -0.214596 0.09523797 0.103545 -0.1152909 0.168841 -0.150368 -0.122791 0.244916 -0.106813 -0.13274 0.246652 -0.09103095 -0.224704 0.168838 -0.150367 -0.2171339 0.245193 -0.108043 -0.1701959 0.252559 -0.1092399 -0.169962 0.251021 -0.125328 -0.207653 0.246533 -0.09164696 -0.122791 0.244916 -0.106813 -0.169997 0.187485 -0.163047 -0.13274 0.246652 -0.09103095 -0.122254 0.381057 0.05562698 -0.169172 0.367345 0.102046 -0.170333 0.363751 0.08341795 -0.10705 0.390097 0.06523096 -0.220892 0.381063 0.05566298 -0.235397 0.390223 0.06534296 -0.1570349 0.541881 0.196644 -0.250513 0.566309 0.151585 -0.07967996 0.566885 0.151852 -0.214981 0.404194 0.01831996 -0.228425 0.423072 0.01049494 -0.172609 0.424931 -0.01780098 -0.1726959 0.443778 -0.02563399 -0.168696 0.641734 -0.01097095 -0.252482 0.6515 0.068722 -0.116967 0.423013 0.01047599 -0.13017 0.404196 0.01831597 -0.10705 0.390097 0.06523096 -0.122254 0.381057 0.05562698 -0.07967996 0.566885 0.151852 -0.07715696 0.655933 0.06837397 -0.265328 0.562705 0.146188 -0.250513 0.566309 0.151585 -0.217163 0.522944 0.217311 -0.1570349 0.541881 0.196644 -0.07967996 0.566885 0.151852 -0.105629 0.522944 0.21731 -0.06443697 0.562705 0.146187 -0.06443697 0.562705 0.146187 -0.07967996 0.566885 0.151852 -0.155952 0.496322 0.25615 -0.217163 0.522944 0.217311 -0.1570349 0.541881 0.196644 -0.105629 0.522944 0.21731 -0.153943 0.551862 0.274773 -0.227787 0.602033 0.223707 -0.151933 0.607402 0.273378 -0.271622 0.614822 0.166619 -0.265328 0.562705 0.146188 -0.246083 0.665812 0.156473 -0.213559 0.665034 0.216276 -0.08635896 0.601959 0.223525 -0.05280596 0.614657 0.166338 -0.06443697 0.562705 0.146187 -0.09267997 0.663148 0.218603 -0.152372 0.660137 0.248241 -0.06857496 0.66543 0.15584 -0.252482 0.6515 0.068722 -0.2487829 0.65959 0.08470898 -0.166995 0.649898 0.005215942 -0.168696 0.641734 -0.01097095 -0.07715696 0.655933 0.06837397 -0.07764899 0.664169 0.08476197 -0.06857496 0.66543 0.15584 -0.05280596 0.614657 0.166338 -0.06443697 0.562705 0.146187 -0.001878976 0.139577 0.21399 -0.06036394 0.163664 0.238749 -0.049564 0.144277 0.244089 3.29e-4 0.1569899 0.196722 0.022134 0.120513 0.1839489 0.01871198 0.114169 0.203651 -0.05472499 0.08181595 0.06440699 0.03120398 0.08444499 0.174263 -0.08758199 0.108427 0.262747 -0.07049095 0.09925097 0.261102 -0.09279799 0.04900896 0.261915 -0.07785099 0.04725795 0.261719 -0.07830196 0 0.261391 -0.05441498 0 0.06712096 0.02500998 0 0.195146 0.02572697 0.08230596 0.195267 -0.124682 0.09523797 0.103545 -0.124347 0.004400968 0.106476 0.05617594 0.150743 0.32496 -0.00950998 0.152988 0.352351 0.03037095 0.130286 0.353564 0.08416897 0.07182896 0.325299 0.09128898 0.07902801 0.306609 -0.02352195 0.073673 0.368114 -0.04014599 0.08119797 0.367093 0.09222 -1.86e-4 0.301183 -0.07049095 0.09925097 0.261102 -0.07785099 0.04725795 0.261719 -0.04655098 0.002881944 0.369257 -0.07830196 0 0.261391 0.02500998 0 0.195146 -0.04655098 0.002881944 0.369257 0.02572697 0.08230596 0.195267 -0.049564 0.144277 0.244089 -0.001878976 0.139577 0.21399 0.01871198 0.114169 0.203651 0.1413199 0.03023898 0.402998 -0.005637943 0.03042495 0.467244 0.142442 0.03101897 0.485026 0.047948 0.03113895 0.526335 -0.02352195 0.073673 0.368114 0.005206942 0.08395999 0.436793 0.03037095 0.130286 0.353564 0.05329698 0.1363829 0.405359 0.09010899 0.098113 0.505045 0.107632 0.085864 0.393797 0.08416897 0.07182896 0.325299 0.12255 0 0.57624 -0.124682 0.09523797 0.103545 -0.16914 0.128108 0.102032 -0.170287 0.166251 0.22936 -0.114742 0.118957 0.247285 -0.214596 0.09523797 0.103545 -0.225462 0.118957 0.247271 -0.169928 0.1197929 0.360065 -0.239627 0.05947798 0.256225 -0.222805 0.02973896 0.347514 -0.169639 0.07056295 0.4101 -0.116627 0.02973896 0.347526 -0.1003929 0.05947798 0.256249 -0.102915 0 0.26521 -0.124347 0.004400968 0.106476 -0.118551 0 0.352006 -0.220741 0 0.351992 -0.236919 0 0.265182 -0.214931 0.004400968 0.106476 -0.169423 0 0.438802 -0.337398 0.139577 0.21399 -0.278913 0.163664 0.238749 -0.339608 0.1569899 0.196722 -0.289713 0.144277 0.244089 -0.361413 0.120513 0.1839489 -0.35799 0.114169 0.203651 -0.284552 0.08181595 0.06440597 -0.370482 0.08444499 0.174263 -0.251695 0.108427 0.262747 -0.268787 0.09925097 0.261102 -0.246479 0.04900896 0.261915 -0.261426 0.04725795 0.261719 -0.260976 0 0.261391 -0.284862 0 0.06712096 -0.364288 0 0.195146 -0.365005 0.08230596 0.195267 -0.214596 0.09523797 0.103545 -0.214931 0.004400968 0.106476 -0.329767 0.152988 0.352351 -0.395454 0.150743 0.32496 -0.369649 0.130286 0.353564 -0.423447 0.07182896 0.325299 -0.430568 0.07902801 0.306609 -0.315755 0.073673 0.368114 -0.299131 0.08119797 0.367093 -0.431498 -1.86e-4 0.301183 -0.268787 0.09925097 0.261102 -0.261426 0.04725795 0.261719 -0.292726 0.002881944 0.369257 -0.260976 0 0.261391 -0.292726 0.002881944 0.369257 -0.364288 0 0.195146 -0.365005 0.08230596 0.195267 -0.289713 0.144277 0.244089 -0.337398 0.139577 0.21399 -0.35799 0.114169 0.203651 -0.480597 0.03023898 0.402998 -0.333639 0.03042495 0.467244 -0.481719 0.03101897 0.485026 -0.387226 0.03113895 0.526335 -0.315755 0.073673 0.368114 -0.344486 0.08395999 0.436793 -0.369649 0.130286 0.353564 -0.392575 0.1363829 0.405359 -0.429387 0.098113 0.505045 -0.44691 0.085864 0.393797 -0.423447 0.07182896 0.325299 -0.461827 0 0.57624 -0.238885 0.05947798 0.256249 -0.214596 0.09523797 0.103545 -0.214931 0.004400968 0.106476 -0.218717 0.681769 0.215682 -0.246083 0.665812 0.156473 -0.213559 0.665034 0.216276 -0.257195 0.676544 0.1451849 -0.216738 0.820573 0.166109 -0.249719 0.792899 0.105563 -0.151575 0.682875 0.258342 -0.153923 0.829638 0.196099 -0.089253 0.823244 0.186491 -0.08616197 0.680647 0.2193149 -0.09267997 0.663148 0.218603 -0.152372 0.660137 0.248241 -0.05633699 0.67769 0.147164 -0.05309796 0.79432 0.107676 -0.06857496 0.66543 0.15584 -0.245878 0.668418 0.06131899 -0.234664 0.769279 0.03103595 -0.1662819 0.658798 -0.01797199 -0.153201 0.753069 -0.02932596 -0.166995 0.649898 0.005215942 -0.2487829 0.65959 0.08470898 -0.07893496 0.673143 0.06177496 -0.07764899 0.664169 0.08476197 -0.06857496 0.66543 0.15584 -0.05633699 0.67769 0.147164 -0.05309796 0.79432 0.107676 -0.07827299 0.772897 0.02744299 -0.2290869 0.851935 0.164773 -0.249719 0.792899 0.105563 -0.216738 0.820573 0.166109 -0.263084 0.813231 0.09042799 -0.212935 0.93443 0.09758996 -0.238406 0.909039 0.03931897 -0.155014 0.949725 0.135006 -0.154896 0.862442 0.20061 -0.08205097 0.846908 0.191651 -0.09348499 0.946519 0.128302 -0.153923 0.829638 0.196099 -0.089253 0.823244 0.186491 -0.03772199 0.808844 0.113486 -0.053671 0.914996 0.06145095 -0.05309796 0.79432 0.107676 -0.233294 0.780652 -0.006799995 -0.219424 0.882193 -0.03458595 -0.234664 0.769279 0.03103595 -0.153201 0.753069 -0.02932596 -0.143836 0.77025 -0.07494199 -0.06638801 0.783812 0.005496978 -0.07827299 0.772897 0.02744299 -0.03772199 0.808844 0.113486 -0.05309796 0.79432 0.107676 -0.138253 0.859922 -0.09973597 -0.053671 0.914996 0.06145095 -0.06909096 0.882213 -0.02107197 -0.220368 0.952117 0.099101 -0.238406 0.909039 0.03931897 -0.212935 0.93443 0.09758996 -0.251457 0.923676 0.03224498 -0.155014 0.949725 0.135006 -0.15683 0.970461 0.145102 -0.09348499 0.946519 0.128302 -0.08671295 0.966693 0.134541 -0.155944 1.06737 0.07029795 -0.2030529 1.05754 0.02590596 -0.100011 1.07134 0.065822 -0.150525 1.12144 0.03016197 -0.06772899 1.11448 0.002707958 -0.03547197 1.04349 0.01291495 -0.217733 1.03034 -0.03297597 -0.03896898 0.934671 0.06416797 -0.053671 0.914996 0.06145095 -0.219424 0.882193 -0.03458595 -0.225521 0.889261 -0.05770099 -0.197462 1.09262 -0.053734 -0.138253 0.859922 -0.09973597 -0.135044 0.866506 -0.121323 -0.129534 1.13596 -0.06906598 -0.016644 1.11878 -0.08521497 -0.158053 1.07618 -0.1144739 -0.09347796 1.10044 -0.126449 -0.2008799 1.00398 -0.08815699 -0.116309 0.998916 -0.142975 -0.03187298 1.02393 -0.07601195 -0.05657595 0.888311 -0.04113095 -0.03896898 0.934671 0.06416797 -0.06909096 0.882213 -0.02107197 -0.053671 0.914996 0.06145095 -0.03547197 1.04349 0.01291495 -0.016644 1.11878 -0.08521497 -0.06772899 1.11448 0.002707958 -0.169901 0 -0.33469 -0.2321169 0.04798299 -0.242301 -0.1698549 0.113543 -0.272638 -0.109699 0.04797995 -0.242309 -0.254591 0.06423097 -0.124534 -0.224704 0.168838 -0.150367 -0.1152909 0.168841 -0.150368 -0.325259 1.43615 0.03807699 -0.270202 1.42238 0.126926 -0.234727 1.42646 0.039505 -0.324717 1.43182 0.1336629 -0.324768 1.35428 0.02570796 -0.197822 1.35378 0.03463494 -0.324773 1.30735 0.086322 -0.197776 1.31545 0.08421999 -0.234721 1.33941 0.1516889 -0.325135 1.3407 0.161083 -0.270202 1.42238 0.126926 -0.324717 1.43182 0.1336629 -0.344183 1.34673 0.1507 -0.343806 1.42299 0.127821 -0.344295 1.42652 0.04787695 -0.343806 1.42299 0.127821 -0.343852 1.35747 0.03611099 -0.343857 1.3174 0.087866 -0.829143 1.35987 0.02722096 -0.798152 1.42569 0.06175196 -0.798152 1.36208 0.03884094 -0.829152 1.43712 0.05505895 -0.829143 1.30952 0.09208595 -0.798152 1.32064 0.09225398 -0.852291 1.42856 0.06016194 -0.852291 1.36148 0.03598099 -0.852291 1.31775 0.09230595 -0.717042 1.42602 0.06154996 -0.717042 1.42387 0.129548 -0.798152 1.42355 0.129325 -0.717042 1.36201 0.038495 -0.717042 1.32031 0.09224295 -0.798152 1.35863 0.148176 -0.717042 1.35854 0.148517 -0.798152 1.42355 0.129325 -0.717042 1.42387 0.129548 -0.829157 1.43451 0.137129 -0.829151 1.35566 0.160013 -0.829157 1.43451 0.137129 -0.852291 1.42629 0.131433 -0.852291 1.35781 0.1512989 -0.852291 1.42629 0.131433 -0.572248 1.43627 0.05546796 -0.589662 1.42437 0.1298969 -0.572248 1.43372 0.136438 -0.589662 1.42654 0.06123298 -0.572248 1.36006 0.02801495 -0.589662 1.36191 0.03795194 -0.572248 1.3104 0.09201699 -0.589662 1.3198 0.09222698 -0.589662 1.3584 0.149053 -0.572248 1.35592 0.159026 -0.589662 1.42437 0.1298969 -0.572248 1.43372 0.136438 -0.518535 1.42444 0.129945 -0.518535 1.42661 0.06118994 -0.518535 1.3619 0.03787696 -0.518535 1.31973 0.09222495 -0.518535 1.35838 0.1491259 -0.518535 1.42444 0.129945 -0.466972 1.42401 0.1293179 -0.467083 1.35494 0.149591 -0.466972 1.42401 0.1293179 -0.467116 1.42659 0.05726099 -0.466985 1.36059 0.03735595 -0.466987 1.31904 0.09093898 -0.208941 1.43315 0.04177194 -0.197822 1.35378 0.03463494 -0.234727 1.42646 0.039505 -0.223188 1.44799 0.107704 -0.270202 1.42238 0.126926 -0.172984 1.43536 0.04349195 -0.1719059 1.35237 0.02722197 -0.177987 1.44799 0.107704 -0.223188 1.40612 0.161665 -0.234721 1.33941 0.1516889 -0.209076 1.3415 0.159877 -0.177987 1.40616 0.1616179 -0.172984 1.34372 0.161597 -0.197776 1.31545 0.08421999 -0.1719059 1.30832 0.08399498 -0.197822 1.35378 0.03463494 -0.1719059 1.35237 0.02722197 -0.142259 1.36414 0.05419796 -0.142259 1.41491 0.06415098 -0.127556 1.38113 0.095007 -0.142259 1.42712 0.1069149 -0.142259 1.40157 0.139932 -0.142259 1.35885 0.136404 -0.127556 1.38113 0.095007 -0.142259 1.33719 0.08892899 -0.142259 1.36414 0.05419796 -0.717042 1.42387 0.129548 -0.705976 1.35609 0.1583639 -0.705977 1.4331 0.1360059 -0.717042 1.35854 0.148517 -0.705976 1.31103 0.09203696 -0.717042 1.32031 0.09224295 -0.717042 1.36201 0.038495 -0.705976 1.36019 0.028687 -0.717042 1.42602 0.06154996 -0.705977 1.43563 0.05586099 -0.717042 1.42387 0.129548 -0.705977 1.4331 0.1360059 -0.589662 1.42437 0.1298969 -0.589662 1.3584 0.149053 -0.589662 1.42437 0.1298969 -0.589662 1.42654 0.06123298 -0.589662 1.36191 0.03795194 -0.589662 1.3198 0.09222698 -0.449756 1.43304 0.135453 -0.467083 1.35494 0.149591 -0.449904 1.35052 0.159756 -0.466972 1.42401 0.1293179 -0.449776 1.30932 0.08999598 -0.466987 1.31904 0.09093898 -0.466985 1.36059 0.03735595 -0.449774 1.35801 0.02719599 -0.467116 1.42659 0.05726099 -0.449948 1.43623 0.04929697 -0.449756 1.43304 0.135453 -0.466972 1.42401 0.1293179 -0.343806 1.42299 0.127821 -0.344183 1.34673 0.1507 -0.343806 1.42299 0.127821 -0.344295 1.42652 0.04787695 -0.343852 1.35747 0.03611099 -0.343857 1.3174 0.087866 -0.898608 1.30863 0.08408796 -0.852291 1.36148 0.03598099 -0.852291 1.31775 0.09230595 -0.898608 1.35636 0.03111398 -0.901114 1.30841 0.126108 -0.852291 1.35781 0.1512989 -0.980658 1.2989 0.101472 -0.99306 1.29716 0.138876 -1.02552 1.33899 0.10307 -1.02552 1.34661 0.1555899 -1.01449 1.34112 0.182325 -1.02552 1.38208 0.05571299 -0.980658 1.37227 0.02003997 -1.02552 1.39442 0.192224 -1.0012 1.3888 0.211938 -1.00404 1.43379 0.213517 -1.02644 1.43056 0.19725 -1.00688 1.4769 0.19063 -0.852291 1.42629 0.131433 -1.00404 1.4987 0.145741 -1.02736 1.46483 0.17781 -1.02644 1.48276 0.141714 -0.890234 1.34789 0.186561 -0.898569 1.46223 0.07073599 -0.852291 1.42856 0.06016194 -1.0012 1.49226 0.1008509 -1.02552 1.47245 0.105618 -0.977776 1.32783 0.003306984 -0.934221 1.2691 0.001552999 -1.01373 1.24631 -0.01954495 -0.977776 1.27773 0.05890697 -0.898608 1.35636 0.03111398 -0.980658 1.37227 0.02003997 -0.980658 1.2989 0.101472 -0.898608 1.30863 0.08408796 -1.02644 1.43056 0.19725 -1.115 1.44617 0.159627 -1.10843 1.39976 0.157799 -1.02736 1.46483 0.17781 -1.16417 1.36342 0.120635 -1.22647 1.36404 0.08252096 -1.02552 1.39442 0.192224 -1.10186 1.35147 0.1315039 -1.02552 1.34661 0.1555899 -1.02552 1.33899 0.10307 -1.02644 1.48276 0.141714 -1.10843 1.44325 0.111542 -1.02552 1.38208 0.05571299 -1.16417 1.40123 0.07818698 -1.10186 1.4121 0.06345695 -1.02552 1.47245 0.105618 -1.02552 1.44514 0.06843197 -1.04168 1.33656 0.232163 -1.0012 1.3888 0.211938 -1.01449 1.34112 0.182325 -1.0209 1.38145 0.259754 -1.02324 1.2929 0.2461889 -0.99306 1.29716 0.138876 -0.986477 1.28394 0.238027 -0.901114 1.30841 0.126108 -0.994631 1.28449 0.276437 -1.01591 1.2953 0.275322 -0.92693 1.32598 0.247547 -0.890234 1.34789 0.186561 -0.972709 1.32474 0.30802 -1.00455 1.32919 0.305684 -0.958266 1.37524 0.255734 -0.986097 1.37822 0.296987 -1.00853 1.37417 0.295445 -1.10587 1.38621 0.278637 -1.04168 1.33656 0.232163 -1.1285 1.34893 0.261831 -1.0209 1.38145 0.259754 -1.13166 1.37877 0.290121 -1.14898 1.3525 0.272943 -1.12743 1.30839 0.289183 -1.02324 1.2929 0.2461889 -1.11925 1.38087 0.319191 -1.09032 1.38401 0.317224 -1.14351 1.32715 0.299751 -1.11535 1.35397 0.332252 -1.08912 1.34753 0.342915 -1.1062 1.31361 0.32518 -1.1299 1.32824 0.324664 -1.01591 1.2953 0.275322 -1.00853 1.37417 0.295445 -1.00455 1.32919 0.305684 -1.13166 1.37877 0.290121 -1.14898 1.3525 0.272943 -1.27028 1.37724 0.279046 -1.11925 1.38087 0.319191 -1.19587 1.36642 0.324451 -1.14351 1.32715 0.299751 -1.1299 1.32824 0.324664 -1.11535 1.35397 0.332252 -0.852291 1.36148 0.03598099 -0.90471 1.39814 0.038212 -0.852291 1.42856 0.06016194 -0.898608 1.35636 0.03111398 -0.898569 1.46223 0.07073599 -0.980658 1.37227 0.02003997 -0.994539 1.41292 0.009676992 -1.02552 1.38208 0.05571299 -1.02552 1.44514 0.06843197 -1.00843 1.46464 0.05589395 -1.02552 1.47245 0.105618 -1.0012 1.49226 0.1008509 -1.04869 1.50315 0.04484796 -1.0012 1.49226 0.1008509 -1.02751 1.54202 0.08019 -1.00843 1.46464 0.05589395 -1.03248 1.50609 -0.001753985 -0.994539 1.41292 0.009676992 -0.995743 1.49712 -0.01003199 -0.90471 1.39814 0.038212 -1.00555 1.5341 -0.01892298 -1.02635 1.53509 -0.007214963 -0.935179 1.51909 0.02536696 -0.898569 1.46223 0.07073599 -0.983586 1.57567 0.01086497 -1.01511 1.5735 0.017241 -0.965029 1.53862 0.07230997 -0.994518 1.57831 0.06595295 -1.017 1.57504 0.06347197 -1.04869 1.50315 0.04484796 -1.113 1.55867 0.083916 -1.13621 1.53211 0.05325698 -1.02751 1.54202 0.08019 -1.13953 1.567 0.074997 -1.15702 1.54308 0.05482 -1.13782 1.54815 0.007076978 -1.03248 1.50609 -0.001753985 -1.12834 1.59602 0.06902897 -1.09925 1.59589 0.071222 -1.15366 1.56264 0.02323997 -1.12599 1.60186 0.03953099 -1.10051 1.61137 0.02937698 -1.11802 1.58496 0.001937985 -1.14112 1.58744 0.01730197 -1.02635 1.53509 -0.007214963 -1.017 1.57504 0.06347197 -1.01511 1.5735 0.017241 -1.15702 1.54308 0.05482 -1.13953 1.567 0.074997 -1.27748 1.55131 0.08279401 -1.12834 1.59602 0.06902897 -1.20558 1.59485 0.05729395 -1.15366 1.56264 0.02323997 -1.14112 1.58744 0.01730197 -1.12599 1.60186 0.03953099 -0.402249 1.57878 0.153492 -0.394318 1.55625 0.2477149 -0.326989 1.5708 0.153572 -0.401694 1.56749 0.258559 -0.401803 1.48909 0.120778 -0.2258369 1.4874 0.107324 -0.401786 1.42169 0.195729 -0.220226 1.42004 0.194931 -0.326977 1.46498 0.271014 -0.402079 1.46452 0.280307 -0.394318 1.55625 0.2477149 -0.401694 1.56749 0.258559 -0.412794 1.55517 0.24684 -0.413302 1.56432 0.161563 -0.412894 1.49114 0.13444 -0.412879 1.43625 0.19547 -0.413146 1.47157 0.264502 -0.412794 1.55517 0.24684 -0.855639 1.49118 0.1365799 -0.813277 1.55612 0.1723 -0.813277 1.4923 0.1438609 -0.855639 1.56459 0.169292 -0.813277 1.44553 0.195766 -0.855639 1.43739 0.196283 -0.86731 1.55736 0.171656 -0.86731 1.49222 0.1426309 -0.86731 1.44449 0.1956059 -0.740332 1.55464 0.173038 -0.740332 1.54751 0.240652 -0.813277 1.54879 0.2417809 -0.740332 1.49254 0.145364 -0.740332 1.44703 0.195873 -0.740332 1.48101 0.254764 -0.813277 1.48045 0.256283 -0.740332 1.54751 0.240652 -0.813277 1.54879 0.2417809 -0.855639 1.55616 0.249212 -0.855639 1.47755 0.265893 -0.855639 1.55616 0.249212 -0.86731 1.48012 0.257371 -0.86731 1.54988 0.242569 -0.86731 1.54988 0.242569 -0.624311 1.56665 0.168328 -0.587373 1.54966 0.242487 -0.587373 1.55712 0.171791 -0.624311 1.55795 0.250845 -0.624311 1.49086 0.134553 -0.587373 1.49218 0.142854 -0.587373 1.4446 0.195667 -0.624311 1.43532 0.196196 -0.587373 1.48012 0.257244 -0.624311 1.47678 0.268069 -0.587373 1.54966 0.242487 -0.624311 1.55795 0.250845 -0.53366 1.54808 0.241115 -0.53366 1.5553 0.1727049 -0.53366 1.49246 0.144704 -0.53366 1.44642 0.195809 -0.53366 1.48079 0.255394 -0.53366 1.54808 0.241115 -0.635214 1.5479 0.24097 -0.635214 1.55509 0.172809 -0.635214 1.49249 0.14491 -0.635214 1.44661 0.195829 -0.635214 1.5479 0.24097 -0.635214 1.48086 0.255197 -0.913627 1.43537 0.187388 -0.86731 1.49222 0.1426309 -0.86731 1.44449 0.1956059 -0.913627 1.4831 0.134414 -0.916133 1.43515 0.229408 -0.86731 1.48012 0.257371 -0.995678 1.42564 0.204771 -1.00808 1.4239 0.242175 -1.04054 1.46573 0.206369 -1.04054 1.47335 0.25889 -1.02951 1.46786 0.285624 -1.04054 1.50882 0.159013 -0.995678 1.49901 0.12334 -1.04054 1.52116 0.295524 -1.01622 1.51554 0.315237 -1.01906 1.56053 0.316817 -1.04146 1.55731 0.30055 -1.0219 1.60364 0.29393 -0.86731 1.54988 0.242569 -1.01906 1.62544 0.24904 -1.04238 1.59157 0.281109 -1.04146 1.6095 0.2450129 -0.905253 1.47463 0.289861 -0.913589 1.58897 0.174035 -0.86731 1.55736 0.171656 -1.01622 1.619 0.204151 -1.04054 1.59919 0.208918 -0.992795 1.45457 0.106607 -0.94924 1.39584 0.104853 -1.02875 1.37305 0.083754 -0.992795 1.40447 0.1622059 -0.913627 1.4831 0.134414 -0.995678 1.49901 0.12334 -0.995678 1.42564 0.204771 -0.913627 1.43537 0.187388 -0.260274 1.61239 0.133785 -0.2258369 1.4874 0.107324 -0.326989 1.5708 0.153572 -0.289915 1.63675 0.251098 -0.185466 1.61239 0.133785 -0.177591 1.47076 0.104989 -0.195874 1.63675 0.251098 -0.195874 1.56146 0.334647 -0.289915 1.5614 0.334719 -0.260554 1.44747 0.31681 -0.185466 1.44747 0.31681 -0.220226 1.42004 0.194931 -0.177591 1.40588 0.1769959 -0.177591 1.47076 0.104989 -0.2258369 1.4874 0.107324 -0.394318 1.55625 0.2477149 -0.326977 1.46498 0.271014 -0.128733 1.57627 0.165266 -0.128733 1.49403 0.142765 -0.104503 1.51701 0.2118909 -0.128733 1.59117 0.237028 -0.128733 1.54518 0.288202 -0.128733 1.47538 0.277234 -0.128733 1.44553 0.196587 -0.128733 1.49403 0.142765 -0.730816 1.56611 0.168603 -0.740332 1.54751 0.240652 -0.730816 1.55747 0.250463 -0.740332 1.55464 0.173038 -0.730816 1.49092 0.135098 -0.740332 1.49254 0.145364 -0.740332 1.44703 0.195873 -0.730816 1.43582 0.19625 -0.740332 1.48101 0.254764 -0.730816 1.47695 0.267549 -0.740332 1.54751 0.240652 -0.730816 1.55747 0.250463 -0.635214 1.5479 0.24097 -0.635214 1.55509 0.172809 -0.635214 1.49249 0.14491 -0.635214 1.44661 0.195829 -0.635214 1.48086 0.255197 -0.635214 1.5479 0.24097 -0.524844 1.56863 0.166022 -0.53366 1.54808 0.241115 -0.524761 1.55952 0.25212 -0.53366 1.5553 0.1727049 -0.524777 1.49057 0.132321 -0.53366 1.49246 0.144704 -0.53366 1.44642 0.195809 -0.524774 1.43312 0.19611 -0.53366 1.48079 0.255394 -0.524818 1.47489 0.270063 -0.53366 1.54808 0.241115 -0.524761 1.55952 0.25212 -0.412794 1.55517 0.24684 -0.413302 1.56432 0.161563 -0.412894 1.49114 0.13444 -0.412879 1.43625 0.19547 -0.413146 1.47157 0.264502 -0.412794 1.55517 0.24684 -1.04146 1.55731 0.30055 -1.13002 1.57291 0.262927 -1.12345 1.5265 0.261098 -1.04238 1.59157 0.281109 -1.17919 1.49016 0.223935 -1.24149 1.49078 0.1858209 -1.04054 1.52116 0.295524 -1.11688 1.47821 0.234803 -1.04054 1.47335 0.25889 -1.04054 1.46573 0.206369 -1.04146 1.6095 0.2450129 -1.12345 1.56999 0.214842 -1.04054 1.50882 0.159013 -1.17919 1.52797 0.181487 -1.11688 1.53884 0.166757 -1.04054 1.59919 0.208918 -1.04054 1.57188 0.171732 -1.0567 1.4633 0.335462 -1.01622 1.51554 0.315237 -1.02951 1.46786 0.285624 -1.03592 1.50819 0.363053 -1.03826 1.41964 0.349488 -1.00808 1.4239 0.242175 -1.0015 1.41068 0.341326 -0.916133 1.43515 0.229408 -1.00965 1.41123 0.379737 -1.03093 1.42204 0.378621 -0.941949 1.45272 0.350847 -0.905253 1.47463 0.289861 -0.987728 1.45148 0.41132 -1.01957 1.45594 0.408984 -0.973285 1.50198 0.359033 -1.00112 1.50496 0.400286 -1.02355 1.50091 0.398744 -1.12089 1.51295 0.381936 -1.0567 1.4633 0.335462 -1.14352 1.47567 0.365131 -1.03592 1.50819 0.363053 -1.14668 1.50551 0.39342 -1.164 1.47924 0.376242 -1.14245 1.43513 0.392483 -1.03826 1.41964 0.349488 -1.13427 1.50761 0.42249 -1.10534 1.51075 0.420523 -1.15853 1.45389 0.403051 -1.13037 1.48071 0.435551 -1.10414 1.47427 0.446214 -1.12122 1.44035 0.42848 -1.14492 1.45498 0.427964 -1.03093 1.42204 0.378621 -1.02355 1.50091 0.398744 -1.01957 1.45594 0.408984 -1.14668 1.50551 0.39342 -1.164 1.47924 0.376242 -1.2853 1.50398 0.382345 -1.13427 1.50761 0.42249 -1.21089 1.49316 0.42775 -1.15853 1.45389 0.403051 -1.14492 1.45498 0.427964 -1.13037 1.48071 0.435551 -0.86731 1.49222 0.1426309 -0.919729 1.52488 0.141512 -0.86731 1.55736 0.171656 -0.913627 1.4831 0.134414 -0.913589 1.58897 0.174035 -0.995678 1.49901 0.12334 -1.00956 1.53966 0.112977 -1.04054 1.50882 0.159013 -1.04054 1.57188 0.171732 -1.02345 1.59138 0.1591939 -1.04054 1.59919 0.208918 -1.01622 1.619 0.204151 -1.0637 1.62989 0.148148 -1.01622 1.619 0.204151 -1.04253 1.66876 0.18349 -1.02345 1.59138 0.1591939 -1.0475 1.63283 0.101545 -1.00956 1.53966 0.112977 -1.01076 1.62386 0.09326696 -0.919729 1.52488 0.141512 -1.02057 1.66084 0.08437597 -1.04137 1.66183 0.09608298 -0.950199 1.64584 0.1286669 -0.913589 1.58897 0.174035 -0.998605 1.70241 0.114165 -1.03013 1.70024 0.120541 -0.980048 1.66536 0.1756089 -1.00954 1.70505 0.169253 -1.03201 1.70178 0.166772 -1.0637 1.62989 0.148148 -1.12802 1.68541 0.187216 -1.15123 1.65885 0.156557 -1.04253 1.66876 0.18349 -1.15455 1.69374 0.178297 -1.17204 1.66982 0.15812 -1.15284 1.67489 0.110377 -1.0475 1.63283 0.101545 -1.14336 1.72277 0.172329 -1.11427 1.72263 0.174522 -1.16868 1.68938 0.12654 -1.14101 1.7286 0.142831 -1.11553 1.73811 0.132677 -1.13304 1.7117 0.105238 -1.15614 1.71418 0.120602 -1.04137 1.66183 0.09608298 -1.03201 1.70178 0.166772 -1.03013 1.70024 0.120541 -1.17204 1.66982 0.15812 -1.15455 1.69374 0.178297 -1.2925 1.67806 0.186094 -1.14336 1.72277 0.172329 -1.2206 1.7216 0.160594 -1.16868 1.68938 0.12654 -1.15614 1.71418 0.120602 -1.14101 1.7286 0.142831 -0.06516396 1.79552 0.479775 -0.06226396 1.79277 0.398692 -0.09244197 1.7994 0.396887 -0.101532 1.75984 0.324537 -0.069305 1.7469 0.33057 -0.083947 1.69762 0.277154 -0.163105 1.74692 0.438511 -0.1890659 1.69688 0.381745 -0.08968895 1.79767 0.476412 -0.190031 1.63533 0.512613 -0.196676 1.59229 0.481729 -0.1383489 1.70481 0.548976 -0.067954 1.71848 0.555556 -0.186019 1.55303 0.444589 -0.202611 1.64083 0.327904 -0.06819099 1.6334 0.278421 0 1.67858 0.2481769 -0.210922 1.51244 0.365762 0 1.75815 0.312753 -0.069305 1.7469 0.33057 0 1.81842 0.390523 -0.06226396 1.79277 0.398692 -0.06516396 1.79552 0.479775 -0.08878797 1.72042 0.561808 -0.09095698 1.64292 0.580349 -0.136608 1.59258 0.55569 -0.135047 1.62489 0.582266 -0.116803 1.5847 0.611767 -0.118032 1.56065 0.586401 -0.08412998 1.56678 0.649855 -0.08112198 1.60665 0.601771 -0.05306798 1.59393 0.622352 -0.06114494 1.53643 0.823015 -0.07559996 1.5381 0.651914 0.069305 1.7469 0.33057 0.083947 1.69762 0.277154 0.06819099 1.6334 0.278421 0.202611 1.64083 0.327904 0.101532 1.75984 0.324537 0.069305 1.7469 0.33057 0.06226396 1.79277 0.398692 0.09244197 1.7994 0.396887 0.06516396 1.79552 0.479775 0.163105 1.74692 0.438511 0.1890659 1.69688 0.381745 0.08968895 1.79767 0.476412 0.190031 1.63533 0.512613 0.196676 1.59229 0.481729 0.1383489 1.70481 0.548976 0.067954 1.71848 0.555556 0.186019 1.55303 0.444589 0.210922 1.51244 0.365762 0.08878797 1.72042 0.561808 0.09095698 1.64292 0.580349 0.136608 1.59258 0.55569 0.135047 1.62489 0.582266 0.116803 1.5847 0.611767 0.118032 1.56065 0.586401 0.08412998 1.56678 0.649855 0.08112198 1.60665 0.601771 0.05306798 1.59393 0.622352 0.06114494 1.53643 0.823015 0.07559996 1.5381 0.651914 0.109766 1.54782 0.31996 0.1449429 1.49424 0.349917 0 1.90987 0.696692 -0.031008 1.89793 0.5599 0 1.88482 0.583175 0 1.85035 0.539241 -0.045596 1.87398 0.49761 -0.06516396 1.79552 0.479775 0 1.93454 0.586941 0 1.93773 0.516651 0 1.899 0.461225 0 1.81842 0.390523 0 1.79696 0.541139 0.031008 1.89793 0.5599 0.045596 1.87398 0.49761 0.06516396 1.79552 0.479775 -0.149419 1.42154 0.479457 -0.165946 1.42287 0.482764 -0.164021 1.28371 0.479765 -0.1819 1.41448 0.465486 -0.192065 1.39766 0.423747 -0.144986 1.46906 0.477679 -0.1592209 1.47914 0.481855 -0.192326 1.38414 0.390743 -0.202325 1.44853 0.350088 -0.182761 1.44377 0.348563 -0.172751 1.38308 0.388108 -0.210922 1.51244 0.365762 -0.1182669 1.50635 0.562196 -0.186019 1.55303 0.444589 -0.130113 1.51449 0.567479 -0.136608 1.59258 0.55569 -0.03791695 1.45282 0.646553 -0.07559996 1.5381 0.651914 -0.02579098 1.46265 0.661498 -0.118032 1.56065 0.586401 -0.02999895 1.50075 0.672589 0 1.44128 0.675882 0 1.46243 0.660347 0 1.49335 0.683803 -0.1449429 1.49424 0.349917 0.02579098 1.46265 0.661498 0.02999895 1.50075 0.672589 0.07559996 1.5381 0.651914 0.03791695 1.45282 0.646553 0.130113 1.51449 0.567479 0.1182669 1.50635 0.562196 0.1592209 1.47914 0.481855 0.144986 1.46906 0.477679 0.165946 1.42287 0.482764 0.149419 1.42154 0.479457 0.164021 1.28371 0.479765 0.1819 1.41448 0.465486 0.192065 1.39766 0.423747 0.192326 1.38414 0.390743 0.202325 1.44853 0.350088 0.182761 1.44377 0.348563 0.172751 1.38308 0.388108 0.210922 1.51244 0.365762 0.186019 1.55303 0.444589 0.136608 1.59258 0.55569 0.118032 1.56065 0.586401 0.1449429 1.49424 0.349917 -0.182761 1.44377 0.348563 -0.144271 1.39335 0.409502 -0.172751 1.38308 0.388108 -0.164021 1.28371 0.479765 -0.149419 1.42154 0.479457 -0.144986 1.46906 0.477679 -0.1449429 1.49424 0.349917 -0.1182669 1.50635 0.562196 0 1.51498 0.443113 -0.03251796 1.46428 0.634356 0 1.46243 0.660347 0.03251796 1.46428 0.634356 0.1182669 1.50635 0.562196 0.1449429 1.49424 0.349917 0.144986 1.46906 0.477679 0.144271 1.39335 0.409502 0.149419 1.42154 0.479457 0.164021 1.28371 0.479765 0.172751 1.38308 0.388108 0.182761 1.44377 0.348563 -0.063187 1.4349 0.480951 -0.03839194 1.43709 0.471638 0 1.51498 0.443113 0 1.44826 0.47868 0 1.37756 0.495016 -0.03839194 1.37199 0.485611 0 1.31287 0.503282 -0.03839194 1.30369 0.494317 -0.03839194 1.28852 0.524924 0 1.28746 0.533685 -0.03839194 1.23153 0.534327 0 1.2246 0.543368 0 1.20118 0.494203 -0.03839194 1.21454 0.495639 -0.063187 1.37618 0.495526 -0.06397897 1.31344 0.50236 -0.08271497 1.36336 0.475877 -0.093526 1.31068 0.493374 -0.100122 1.29037 0.524178 -0.06318998 1.2877 0.533841 -0.09616899 1.232 0.534881 -0.06332999 1.22442 0.54305 -0.09301298 1.21646 0.493892 -0.06413996 1.20106 0.49248 -0.09730195 1.26407 0.455153 -0.08060199 1.32579 0.442116 -0.08893096 1.38751 0.429078 -0.08893096 1.41605 0.458379 -0.1449429 1.49424 0.349917 -0.09680199 1.51417 0.399167 0.03839194 1.43709 0.471638 0.063187 1.4349 0.480951 0.03839194 1.37199 0.485611 0.03839194 1.30369 0.494317 0.03839194 1.28852 0.524924 0.03839194 1.23153 0.534327 0.03839194 1.21454 0.495639 0.063187 1.37618 0.495526 0.06397897 1.31344 0.50236 0.08271497 1.36336 0.475877 0.093526 1.31068 0.493374 0.100122 1.29037 0.524178 0.06318998 1.2877 0.533841 0.09616899 1.232 0.534881 0.06332999 1.22442 0.54305 0.09301298 1.21646 0.493892 0.06413996 1.20106 0.49248 0.09730195 1.26407 0.455153 0.08060199 1.32579 0.442116 0.08893096 1.38751 0.429078 0.08893096 1.41605 0.458379 0.1449429 1.49424 0.349917 0.09680199 1.51417 0.399167 -0.063187 1.26107 0.452073 -0.09301298 1.21646 0.493892 -0.09730195 1.26407 0.455153 -0.06413996 1.20106 0.49248 -0.063187 1.32204 0.43616 -0.08060199 1.32579 0.442116 -0.063187 1.38287 0.420064 -0.08893096 1.38751 0.429078 -0.03839194 1.21454 0.495639 -0.03839194 1.26386 0.455877 0 1.25509 0.445938 0 1.20118 0.494203 0 1.31415 0.42362 -0.03839194 1.32445 0.44216 0 1.3732 0.401301 -0.03839194 1.38728 0.429891 0 1.46852 0.352459 -0.1449429 1.49424 0.349917 0.03839194 1.21454 0.495639 0.03839194 1.26386 0.455877 0.03839194 1.32445 0.44216 0.03839194 1.38728 0.429891 0.063187 1.26107 0.452073 0.06413996 1.20106 0.49248 0.09301298 1.21646 0.493892 0.09730195 1.26407 0.455153 0.063187 1.32204 0.43616 0.08060199 1.32579 0.442116 0.063187 1.38287 0.420064 0.08893096 1.38751 0.429078 0.1449429 1.49424 0.349917 0.109766 1.54782 0.31996 -0.02805399 0.853381 -0.04200398 0 0.937766 0.02026897 -0.04696798 0.946164 -0.062186 -0.02873694 1.01045 -0.132834 0 0.809827 -0.065023 0 0.788504 -0.009582996 -0.01659899 0.820756 0.05523896 0 0.895115 0.02240699 0 0.872553 0.07051301 0 0.915021 0.152473 0 0.809827 0.1041409 0 0.856978 0.136927 0 0.959317 -0.168742 -0.06287097 1.00597 -0.09948599 -0.09291297 1.12978 -0.10682 0 1.04329 -0.177061 0.01659899 0.820756 0.05523896 0.02805399 0.853381 -0.04200398 0 1.14287 -0.144739 0.02873694 1.01045 -0.132834 0.04696798 0.946164 -0.062186 0.06287097 1.00597 -0.09948599 0.09291297 1.12978 -0.10682 0.05957597 0.966529 0.03129798 0 0.957668 0.06291496 -0.05957597 0.966529 0.03129798 -0.06819099 1.6334 0.278421 0 1.59788 0.159346 -0.109624 1.53065 0.250978 -0.145258 1.57131 0.1158159 -0.07743597 1.57593 0.08696997 0 1.58448 0.104925 -0.136631 1.5683 0.08940899 -0.166084 1.54623 0.101683 -0.109766 1.54782 0.31996 0 1.41728 0.284174 0 1.46852 0.352459 -0.145258 1.40872 0.294636 0 1.36213 0.296956 -0.154338 1.36379 0.280213 -0.1819199 1.39156 0.2303299 -0.145258 1.49001 0.205226 -0.190818 1.45021 0.15883 0.109766 1.54782 0.31996 0.109624 1.53065 0.250978 0.06819099 1.6334 0.278421 0 1.67858 0.2481769 0.145258 1.57131 0.1158159 0.07743597 1.57593 0.08696997 0.136631 1.5683 0.08940899 0.166084 1.54623 0.101683 0.145258 1.49001 0.205226 0.145258 1.40872 0.294636 0.154338 1.36379 0.280213 0.1819199 1.39156 0.2303299 0.190818 1.45021 0.15883 -0.06287097 1.00597 -0.09948599 -0.04696798 0.946164 -0.062186 -0.05957597 0.966529 0.03129798 -0.144525 1.1447 -0.00792396 -0.09291297 1.12978 -0.10682 -0.06980395 1.85813 1.15577 -0.07518696 1.86322 1.17287 -0.03988498 1.89809 1.17512 -0.093701 1.8208 1.17142 -0.06974899 1.85317 1.18758 -0.08840495 1.79471 1.19966 -0.126071 1.82976 1.16863 -0.163213 1.82776 1.20224 -0.09837597 1.75597 1.20957 -0.145023 1.76526 1.20619 -0.164517 1.88627 1.19657 -0.124094 1.88627 1.16783 -0.163138 1.88627 1.1399 -0.2004399 1.88627 1.19693 -0.151614 1.95658 1.19265 -0.112371 1.95658 1.16542 -0.102629 2.0404 1.16301 -0.137085 2.0404 1.14707 -0.136605 2.0404 1.18229 -0.170671 2.0404 1.1615 -0.110943 2.11843 1.16085 -0.133615 2.11843 1.15288 -0.147661 2.19645 1.1587 -0.133375 2.11843 1.17163 -0.1544319 2.11843 1.1601 -0.151614 1.95658 1.13933 -0.2004399 1.88627 1.13392 -0.213354 1.95658 1.15886 -0.245387 1.88627 1.15625 -0.206935 1.81488 1.19937 -0.206068 1.81356 1.12878 -0.247696 1.80391 1.15449 -0.196592 1.77488 1.19931 -0.178079 1.72292 1.19342 -0.220156 1.72736 1.15326 -0.164441 1.82321 1.13095 -0.158349 1.67332 1.17251 -0.128871 1.66824 1.17842 -0.1353819 1.62372 1.14592 -0.125897 1.66116 1.15882 -0.129122 1.66913 1.14284 -0.18667 1.67554 1.14921 -0.158349 1.6746 1.13889 -0.177211 1.72292 1.13254 -0.103945 1.72361 1.14187 -0.19164 1.76824 1.12962 -0.145023 1.76526 1.13118 -0.09568196 1.69859 1.17173 -0.105681 1.71847 1.20745 0 1.73235 1.21143 0 1.75283 1.21489 0 1.7733 1.20936 -0.06033897 1.80945 1.19383 -0.03583699 1.81351 1.1756 0 1.79109 1.17559 -0.04690599 1.85767 1.17444 -0.05698895 1.81774 1.14692 -0.03900796 1.70539 1.1947 0 1.69246 1.18542 -0.02465099 1.69555 1.17351 -0.08851599 1.80462 1.13604 0 1.78648 1.14183 -0.04930299 1.7028 1.153 -0.02775299 1.75736 1.14741 0.03583699 1.81351 1.1756 0.06033897 1.80945 1.19383 0.04690599 1.85767 1.17444 0.05698895 1.81774 1.14692 0.06980395 1.85813 1.15577 0.03988498 1.89809 1.17512 0.07518696 1.86322 1.17287 0.093701 1.8208 1.17142 0.06974899 1.85317 1.18758 0.08840495 1.79471 1.19966 0.126071 1.82976 1.16863 0.163213 1.82776 1.20224 0.09837597 1.75597 1.20957 0.145023 1.76526 1.20619 0.164517 1.88627 1.19657 0.124094 1.88627 1.16783 0.163138 1.88627 1.1399 0.2004399 1.88627 1.19693 0.151614 1.95658 1.19265 0.112371 1.95658 1.16542 0.102629 2.0404 1.16301 0.137085 2.0404 1.14707 0.136605 2.0404 1.18229 0.170671 2.0404 1.1615 0.110943 2.11843 1.16085 0.133615 2.11843 1.15288 0.147661 2.19645 1.1587 0.133375 2.11843 1.17163 0.1544319 2.11843 1.1601 0.151614 1.95658 1.13933 0.2004399 1.88627 1.13392 0.213354 1.95658 1.15886 0.245387 1.88627 1.15625 0.206935 1.81488 1.19937 0.196592 1.77488 1.19931 0.178079 1.72292 1.19342 0.220156 1.72736 1.15326 0.247696 1.80391 1.15449 0.206068 1.81356 1.12878 0.164441 1.82321 1.13095 0.158349 1.67332 1.17251 0.128871 1.66824 1.17842 0.1353819 1.62372 1.14592 0.125897 1.66116 1.15882 0.129122 1.66913 1.14284 0.18667 1.67554 1.14921 0.158349 1.6746 1.13889 0.177211 1.72292 1.13254 0.19164 1.76824 1.12962 0.145023 1.76526 1.13118 0.103945 1.72361 1.14187 0.09568196 1.69859 1.17173 0.105681 1.71847 1.20745 0.03900796 1.70539 1.1947 0.02465099 1.69555 1.17351 0.08851599 1.80462 1.13604 0.04930299 1.7028 1.153 0.02775299 1.75736 1.14741 -0.06108695 1.49077 -0.03744995 -0.147652 1.35258 -0.04278898 -0.177461 1.43693 0.01580595 -0.122174 1.56324 0.04515695 -0.190566 1.51675 0.08506798 0 1.48857 -0.05959099 0 1.55885 8.74e-4 -0.118537 1.58023 0.06439 -0.190304 1.52257 0.104088 -0.166084 1.54623 0.101683 -0.136631 1.5683 0.08940899 -0.07743597 1.57593 0.08696997 0 1.58812 0.04833799 0 1.58448 0.104925 -0.210665 1.31253 0.043657 -0.199789 1.36657 0.09076499 -0.208871 1.42644 0.136693 -0.144245 1.26443 0.2218779 -0.1634179 1.31886 0.26579 -0.180783 1.31071 0.162973 0 1.28923 0.252637 -0.194636 1.36425 0.204488 -0.196817 1.37856 0.217548 -0.163963 1.34044 0.279904 -0.1819199 1.39156 0.2303299 -0.154338 1.36379 0.280213 0 1.35214 0.305252 0 1.36213 0.296956 0 1.34064 0.299956 -0.211794 1.44081 0.151126 -0.190818 1.45021 0.15883 0.154338 1.36379 0.280213 0.163963 1.34044 0.279904 0.1819199 1.39156 0.2303299 0.196817 1.37856 0.217548 0.1634179 1.31886 0.26579 0.194636 1.36425 0.204488 0.180783 1.31071 0.162973 0.144245 1.26443 0.2218779 0.185496 1.25223 0.119717 0.142795 1.2015 0.189922 0.210665 1.31253 0.043657 0.06108695 1.49077 -0.03744995 0 1.40332 -0.09019196 0.122174 1.56324 0.04515695 0.177461 1.43693 0.01580595 0.190566 1.51675 0.08506798 0.118537 1.58023 0.06439 0.190304 1.52257 0.104088 0.166084 1.54623 0.101683 0.136631 1.5683 0.08940899 0.07743597 1.57593 0.08696997 0.208871 1.42644 0.136693 0.190818 1.45021 0.15883 0.211794 1.44081 0.151126 0.199789 1.36657 0.09076499 0 1.49643 0.884998 -0.02143698 1.51349 0.954593 -0.02637898 1.50382 0.862496 0 1.5045 0.964475 0 1.49405 0.787549 -0.02807599 1.50223 0.799709 -0.02999895 1.50075 0.672589 0 1.49335 0.683803 -0.02583295 1.53551 1.00111 0 1.5323 1.01221 -0.02465099 1.69555 1.17351 0 1.69246 1.18542 -0.06114494 1.53643 0.823015 -0.04948097 1.54088 0.937442 -0.03078895 1.57712 0.93203 -0.036107 1.5739 0.817332 -0.04544597 1.55935 0.990013 -0.028889 1.5936 0.984873 -0.04930299 1.7028 1.153 -0.02775299 1.75736 1.14741 0 1.59283 0.926618 0 1.59085 0.811649 0 1.60883 0.979733 0 1.78648 1.14183 -0.05306798 1.59393 0.622352 0 1.62028 0.648299 0.036107 1.5739 0.817332 0.03078895 1.57712 0.93203 0.06114494 1.53643 0.823015 0.04948097 1.54088 0.937442 0.04544597 1.55935 0.990013 0.028889 1.5936 0.984873 0.04930299 1.7028 1.153 0.02775299 1.75736 1.14741 0.02637898 1.50382 0.862496 0.02807599 1.50223 0.799709 0.02143698 1.51349 0.954593 0.02999895 1.50075 0.672589 0.02583295 1.53551 1.00111 0.02465099 1.69555 1.17351 0.07559996 1.5381 0.651914 0.05306798 1.59393 0.622352 -0.03251796 1.46428 0.634356 0 1.46243 0.660347 -0.02579098 1.46265 0.661498 -0.03791695 1.45282 0.646553 -0.1182669 1.50635 0.562196 0.03251796 1.46428 0.634356 0.02579098 1.46265 0.661498 0.03791695 1.45282 0.646553 0.1182669 1.50635 0.562196 0 0.957668 0.06291496 -0.099913 1.09168 0.081357 -0.05957597 0.966529 0.03129798 -0.05153399 1.69326 0.605007 0 1.69243 0.635032 0 1.79696 0.541139 -0.06516396 1.79552 0.479775 0 1.62028 0.648299 -0.067954 1.71848 0.555556 -0.09095698 1.64292 0.580349 -0.08112198 1.60665 0.601771 -0.05306798 1.59393 0.622352 0.05153399 1.69326 0.605007 0.06516396 1.79552 0.479775 0.067954 1.71848 0.555556 0.09095698 1.64292 0.580349 0.08112198 1.60665 0.601771 0.05306798 1.59393 0.622352 -0.07559996 1.5381 0.651914 -0.109766 1.54782 0.31996 -0.1449429 1.49424 0.349917 0 1.22926 0.224968 0.04696798 0.946164 -0.062186 0.06287097 1.00597 -0.09948599 0.05957597 0.966529 0.03129798 0.06226396 1.79277 0.398692 0.06516396 1.79552 0.479775 -0.04596698 1.28351 0.526992 -0.05100196 1.26444 0.563887 -0.04618495 1.25304 0.531636 -0.05142796 1.28404 0.551067 -0.06702798 1.3019 0.593227 -0.06702798 1.29351 0.548023 -0.06702798 1.29298 0.523947 -0.06702798 1.24044 0.533555 -0.06702798 1.26272 0.573983 -0.08305495 1.26444 0.563887 -0.08262896 1.28404 0.551067 -0.08809 1.28351 0.526992 -0.08787196 1.25304 0.531636 -0.08978497 1.41342 0.546692 -0.07427901 1.45843 0.542129 -0.08059298 1.42648 0.564428 -0.09089398 1.44655 0.529022 -0.07399696 1.39211 0.590443 -0.108968 1.41745 0.554761 -0.112506 1.42674 0.571396 -0.115095 1.46563 0.54664 -0.106786 1.44931 0.532893 -0.104562 1.43742 0.581922 -0.086708 1.44172 0.578821 -0.102922 1.47617 0.562502 -0.08569997 1.47314 0.560129 -0.136745 1.42607 0.513268 -0.133081 1.5049 0.495091 -0.155131 1.52599 0.447541 -0.120268 1.44962 0.526611 -0.08495497 1.43628 0.528985 -0.08126395 1.40997 0.516135 -0.06680095 1.52334 0.4742 -0.05744296 1.53108 0.426321 -0.05013096 1.535 0.509843 -0.06995296 1.43615 0.559528 -0.060063 1.5287 0.554511 -0.07435196 1.46189 0.574047 -0.110468 1.50635 0.562196 -0.108662 1.47491 0.571478 -0.122424 1.45225 0.556507 -0.133087 1.51008 0.527302 -0.09483397 1.41239 0.480842 -0.07353895 1.51798 0.393888 -0.137295 1.42573 0.478468 -0.150856 1.52801 0.408138 -0.105294 1.38591 0.50424 -0.08860498 1.43092 0.499975 -0.09539997 1.39897 0.520814 -0.106487 1.41904 0.487726 -0.08830195 1.3646 0.545125 -0.125939 1.38994 0.51178 -0.129746 1.39923 0.527326 -0.131765 1.43812 0.504191 -0.12359 1.4218 0.491344 -0.121196 1.40991 0.537162 -0.1019819 1.41421 0.534264 -0.119431 1.44866 0.519014 -0.100897 1.44563 0.516797 0.1152909 0.168841 -0.150368 0.09267997 0.663148 0.218603 0.152372 0.660137 0.248241 0.06857496 0.665429 0.15584 0.152372 0.660137 0.248241 0.254591 0.06423097 -0.124534 -0.1152909 0.168841 -0.150368 -0.169997 0.187485 -0.163047 -0.08639496 0.06422698 -0.124545 -0.117191 1.23668 -0.109975 -0.1051 1.14164 -0.137543 -0.1911799 1.21969 -0.04771596 0 1.23996 -0.126002 -0.183392 1.10435 -0.08541697 -0.191779 1.12228 0.02592599 -0.201555 1.18591 0.06109994 -0.1741549 1.072 0.09147298 -0.1741549 1.12541 0.1493239 -0.100801 1.04889 0.09613895 -0.09370899 1.10057 0.144612 -0.062756 1.06646 0.181305 0 0.922416 0.126275 0 1.03869 0.201178 0 1.14287 -0.144739 0.062756 1.06646 0.181305 0.100801 1.04889 0.09613895 0.09370899 1.10057 0.144612 0.1741549 1.12541 0.1493239 0.1741549 1.072 0.09147298 0.201555 1.18591 0.06109994 0.191779 1.12228 0.02592599 0.1911799 1.21969 -0.04771596 0.183392 1.10435 -0.08541697 0.1051 1.14164 -0.137543 0.117191 1.23668 -0.109975 -0.1911799 1.21969 -0.04771596 -0.173278 1.18591 0.06109994 -0.117191 1.23668 -0.109975 -0.157271 1.12545 0.02375096 -0.09291297 1.12978 -0.10682 -0.183392 1.10435 -0.08541697 -0.191779 1.12228 0.02592599 -0.145877 1.07912 0.08079397 -0.1741549 1.072 0.09147298 -0.100801 1.04889 0.09613895 -0.07252198 1.05601 0.08546 0 0.966458 0.115801 0 0.922416 0.126275 -0.152482 1.13852 0.129058 0 1.06123 0.1857669 -0.06820696 1.11375 0.130652 -0.062756 1.06646 0.181305 0 1.03869 0.201178 -0.1051 1.14164 -0.137543 0 1.14287 -0.144739 -0.1741549 1.12541 0.1493239 -0.09370899 1.10057 0.144612 -0.201555 1.18591 0.06109994 0.062756 1.06646 0.181305 0.100801 1.04889 0.09613895 0.07252198 1.05601 0.08546 0.145877 1.07912 0.08079397 0.1741549 1.072 0.09147298 0.191779 1.12228 0.02592599 0.157271 1.12545 0.02375096 0.183392 1.10435 -0.08541697 0.09291297 1.12978 -0.10682 0.1051 1.14164 -0.137543 0.117191 1.23668 -0.109975 0.152482 1.13852 0.129058 0.173278 1.18591 0.06109994 0.1911799 1.21969 -0.04771596 0.06820696 1.11375 0.130652 0.1741549 1.12541 0.1493239 0.201555 1.18591 0.06109994 0.09370899 1.10057 0.144612 -0.109766 1.54782 0.31996 -0.117191 1.23668 -0.109975 -0.099913 1.09168 0.081357 -0.1201789 1.20868 0.007792949 -0.169754 1.29896 0.03268998 -0.147652 1.35258 -0.04278898 -0.08079695 1.1851 0.09310895 -0.140907 1.24888 0.1040599 -0.094527 1.21051 0.163721 -0.117191 1.23668 -0.109975 0 1.23996 -0.126002 -0.169754 1.29896 0.03268998 -0.185496 1.25223 0.119717 -0.140907 1.24888 0.1040599 -0.142795 1.2015 0.189922 0.169754 1.29896 0.03268998 0.147652 1.35258 -0.04278898 0.117191 1.23668 -0.109975 0 1.09538 0.12634 -0.05060696 1.14024 0.118063 -0.08079695 1.1851 0.09310895 0 1.17832 0.116491 -0.04487597 1.18228 0.148012 0 1.21665 0.1981199 -0.094527 1.21051 0.163721 0.099913 1.09168 0.081357 0.05957597 0.966529 0.03129798 0.05060696 1.14024 0.118063 0.08079695 1.1851 0.09310895 0.04487597 1.18228 0.148012 0.094527 1.21051 0.163721 -0.094527 1.21051 0.163721 0 1.21665 0.1981199 0.094527 1.21051 0.163721 0.140907 1.24888 0.1040599 0.144525 1.1447 -0.00792396 0.09291297 1.12978 -0.10682 0.117191 1.23668 -0.109975 0.099913 1.09168 0.081357 0.1201789 1.20868 0.007792949 0.169754 1.29896 0.03268998 0.147652 1.35258 -0.04278898 0.08079695 1.1851 0.09310895 0.140907 1.24888 0.1040599 0.094527 1.21051 0.163721</float_array>
          <technique_common>
            <accessor source="#chr305-mesh-positions-array" count="2963" stride="3">
              <param name="X" type="float"/>
              <param name="Y" type="float"/>
              <param name="Z" type="float"/>
            </accessor>
          </technique_common>
        </source>
        <source id="chr305-mesh-normals">
          <float_array id="chr305-mesh-normals-array" count="8280">-0.8031446 -0.3714498 0.4658153 -0.8030498 0.5795583 0.1386484 -0.8370925 -0.4643867 0.2891735 -0.8345198 0.5381164 0.1183539 0 0.6052559 0.7960311 0 0.995321 -0.09662359 0 0.9992687 0.03823971 0 -0.9009933 0.4338331 0 -0.6519243 0.7582842 0.8031446 -0.3714498 0.4658153 0.8345061 0.538138 0.1183519 0.8030498 0.5795583 0.1386484 0.8370805 -0.4644106 0.2891694 -0.9962444 -0.08112049 -0.03027522 -0.2663419 -0.6968777 -0.6659006 -0.9981437 -0.03204458 -0.05179017 -0.267713 -0.4464325 -0.8538313 -0.443872 -0.7271212 0.5237104 0.7375477 -0.6007015 -0.3085145 0.9030266 -0.2481499 0.3506633 0.9871675 0.07410013 0.1414555 0.7010585 -0.3451731 -0.6239973 0.4711554 0.1895852 0.8614349 -0.5632303 0.3300643 0.7575151 0.3947669 0.4527536 0.7994832 -0.5878044 0.3996216 0.7034121 -0.7486429 -0.2970766 -0.5926883 -0.7343848 -0.08957397 -0.6727969 0.9540892 -0.2850487 -0.09198462 0.1236327 -0.9883295 -0.0889936 -0.3626919 -0.1141728 0.9248888 0.07867783 0.2873054 0.9546023 0.9377356 -0.2129331 -0.2744295 -0.7486429 -0.2969546 -0.5927494 -0.7344741 -0.08954322 -0.6727033 0.9540922 -0.2850191 -0.09204596 0.123632 -0.9883241 -0.08905416 -0.3626262 -0.1144766 0.9248771 0.07864707 0.2871214 0.9546602 0.9377373 -0.2129639 -0.2743994 0.7344741 -0.08954322 -0.6727033 0.7486429 -0.2969546 -0.5927494 -0.9540922 -0.2850191 -0.09204596 -0.123632 -0.9883241 -0.08905416 0.3626262 -0.1144766 0.9248771 -0.07864707 0.2871214 0.9546602 -0.9377373 -0.2129639 -0.2743994 0.7343848 -0.08957397 -0.6727969 0.7486429 -0.2970766 -0.5926883 -0.9540892 -0.2850487 -0.09198462 -0.1236327 -0.9883295 -0.0889936 0.3626919 -0.1141728 0.9248888 -0.07867783 0.2873054 0.9546023 -0.9377356 -0.2129331 -0.2744295 0.9331685 0.03692871 0.3575375 0.6981864 -0.5214806 0.4905036 0.990844 -0.1326375 0.025209 0.7644181 -0.3972703 0.5077809 -0.5506907 -0.7404903 0.3852454 -0.5046654 -0.7699688 0.3904626 -0.9834629 -0.1809144 0.008423089 -0.9393697 -0.3100408 -0.1464903 -0.9511243 -0.2799507 -0.1303466 -0.5155353 -0.7808108 0.3529275 -0.8249403 0.02993953 0.5644264 -0.3854563 -0.1702966 0.9068752 0.4499809 0.2296599 0.8630027 0.4084658 0.01159715 0.9127 0.719037 -0.5235297 0.4570585 0.9731212 -0.09646975 0.2091145 -0.246226 -0.8712521 -0.4246087 -0.4115265 -0.6179916 -0.669875 0.6561034 -0.6731942 -0.3410834 0.6032512 -0.5046423 -0.6175954 0.5176148 0.6096013 0.6003843 0.2615835 0.6930391 0.6717669 0.197153 0.6205132 0.7590087 0.6149992 0.6580928 0.4343846 0.8034262 0.3941595 0.4462563 0.8392603 0.4439086 0.3139863 0.6555728 0.748838 0.09729367 0.8589652 0.5114116 0.0252394 0.9474463 0.2368615 0.2150401 0.9494903 0.3119392 -0.03409016 0.9143272 0.2000234 0.3521315 0.9685717 0.04309237 0.2449735 0.995348 0.0433675 0.08603316 0.9835833 -0.1435028 0.1094124 0.983278 -0.1733455 -0.05581843 0.9721171 0.1187794 -0.2021874 0.9274473 -0.1111813 -0.3570439 0.7093043 0.6659666 -0.2310328 0.3877151 0.9046178 -0.1770415 0.421224 0.7802501 -0.4623637 0 0.9155899 -0.4021137 0 0.7756462 -0.6311681 0.3634575 0.5651002 -0.7406487 0 0.5935987 -0.8047612 0 0.4122204 -0.9110842 0.3469133 0.36141 -0.8654675 0 0.2616115 -0.9651733 0.3147118 0.1615065 -0.935346 0.6577255 0.2657637 -0.704817 0.5995152 0.05459845 -0.7984991 0.6656839 0.4859566 -0.5663136 0 0.9790872 -0.2034411 0.1890629 0.981632 -0.02557456 0 0.9987344 -0.05029529 0.1886978 0.9803559 0.05740588 0.1645295 0.9769225 0.1362076 0.3626888 0.919052 0.154274 0.3194997 -0.03350943 -0.9469938 0 0.07168948 -0.997427 0 -0.04440534 -0.9990136 0.3613734 -0.2328891 -0.9028688 0 -0.2392382 -0.970961 0.851767 0.1941952 -0.4866019 0.8002429 -0.002472043 -0.599671 0.8653118 0.392752 -0.3114182 0.3971179 -0.4023367 -0.8248773 0 -0.3729109 -0.9278672 0.419281 -0.4984493 -0.7587832 0 -0.4633032 -0.8861999 0.7721446 -0.5881422 -0.2405856 0.6161543 -0.421258 -0.6655041 0.641384 -0.6401023 -0.4229606 0.3630894 -0.5203254 -0.7729346 0 -0.5134227 -0.8581359 0.6003093 -0.181344 -0.7789372 0.7925242 -0.3053452 -0.5278917 0.7457922 -0.4938275 -0.4471335 0.426052 -0.5069593 -0.7493145 0.7272627 -0.5208642 -0.4469782 0.1065122 -0.4802817 -0.8706231 0.6287263 -0.6283296 -0.4581544 0.2718001 -0.8719822 -0.4071509 0.8296619 -0.4827512 -0.280379 0.8896756 -0.3809756 -0.2516643 0.9356238 -0.3486501 -0.05523955 0.1973071 0.8113245 0.5502932 0 0.6884799 0.7252554 0.3543326 0.8192989 0.4507746 0.1948955 0.9225342 0.3330864 0 0.6283543 0.7779275 -0.2615835 0.6930391 0.6717669 -0.1973071 0.8113245 0.5502932 -0.3543326 0.8192989 0.4507746 -0.6149992 0.6580928 0.4343846 -0.5176148 0.6096013 0.6003843 -0.197153 0.6205132 0.7590087 -0.8034262 0.3941595 0.4462563 -0.8392603 0.4439086 0.3139863 -0.6555728 0.748838 0.09729367 -0.8589652 0.5114116 0.0252394 -0.9474463 0.2368615 0.2150401 -0.9494903 0.3119392 -0.03409016 -0.9143272 0.2000234 0.3521315 -0.9685717 0.04309237 0.2449735 -0.995348 0.0433675 0.08603316 -0.9835833 -0.1435028 0.1094124 -0.983278 -0.1733455 -0.05581843 -0.9721171 0.1187794 -0.2021874 -0.9274473 -0.1111813 -0.3570439 -0.7093043 0.6659666 -0.2310328 -0.3877151 0.9046178 -0.1770415 -0.421224 0.7802501 -0.4623637 -0.3634575 0.5651002 -0.7406487 -0.3469133 0.36141 -0.8654675 -0.3147118 0.1615065 -0.935346 -0.6577255 0.2657637 -0.704817 -0.5995152 0.05459845 -0.7984991 -0.6656839 0.4859566 -0.5663136 -0.1890629 0.981632 -0.02557456 -0.1886684 0.9803617 0.05740618 -0.1645295 0.9769225 0.1362076 -0.3626888 0.919052 0.154274 -0.3194997 -0.03350943 -0.9469938 -0.3613734 -0.2328891 -0.9028688 -0.851767 0.1941952 -0.4866019 -0.8002429 -0.002472043 -0.599671 -0.8653118 0.392752 -0.3114182 -0.3971179 -0.4023367 -0.8248773 -0.419281 -0.4984493 -0.7587832 -0.7721446 -0.5881422 -0.2405856 -0.6161543 -0.421258 -0.6655041 -0.641384 -0.6401023 -0.4229606 -0.3630894 -0.5203254 -0.7729346 -0.6003093 -0.181344 -0.7789372 -0.7925242 -0.3053452 -0.5278917 -0.7457922 -0.4938275 -0.4471335 -0.426052 -0.5069593 -0.7493145 -0.7272627 -0.5208642 -0.4469782 -0.1065122 -0.4802817 -0.8706231 -0.6287263 -0.6283296 -0.4581544 -0.2718001 -0.8719822 -0.4071509 -0.8296619 -0.4827512 -0.280379 -0.8896756 -0.3809756 -0.2516643 -0.9356238 -0.3486501 -0.05523955 0.7727453 0.6299461 0.07767122 -1.52594e-4 0.9940904 0.1085555 -3.05191e-5 0.9887275 0.1497267 0.7769511 0.6294531 -0.01165819 0.7871217 0.6156036 0.03836268 0.7063611 0.6923528 -0.1473149 -6.10389e-5 0.9289516 -0.3702012 0 0.9003943 -0.4350751 -0.7728033 0.6298825 0.07760989 -0.7768819 0.629538 -0.01168859 -0.7869347 0.6158447 0.03833192 -0.7063525 0.692375 -0.1472521 0.7644945 0.6297848 -0.1375479 0.7354187 0.6734649 -0.07486331 0.7838314 0.5923523 -0.1863518 0.7100333 0.7036547 -0.02688753 -0.7357133 0.67315 -0.0748012 -0.7103375 0.7033486 -0.02685701 -0.7647766 0.6294552 -0.1374883 -0.7840924 0.5920367 -0.186257 -0.2793416 -0.5049086 0.8167226 -0.281391 -0.5239611 0.8039178 -0.2772964 -0.5027714 0.8187355 -0.293231 -0.5206926 0.8018073 -0.255601 -0.5153833 0.8179538 -0.2531272 -0.519164 0.8163305 -0.2526705 -0.5379967 0.8041873 -0.2465295 -0.5389592 0.8054478 -0.3043372 -0.5221525 0.796703 -0.3041542 -0.5181853 0.7993586 -0.2177251 -0.5457167 0.8091904 -0.2075032 -0.5365052 0.8179881 -0.1746312 -0.6456961 0.7433577 -0.1872358 -0.6533568 0.733531 -0.07904362 -0.6366522 0.7670894 -0.1601319 -0.9373225 0.3094907 -0.4522644 -0.4153666 0.7892576 -0.4706754 -0.3844267 0.7941542 -0.3531359 -0.5759859 0.7372485 -0.3482233 -0.6001282 0.7201296 -0.3592442 -0.476622 0.802356 -0.3480658 -0.4554001 0.8194273 -0.05243277 -0.8313564 0.5532609 0 -0.611906 0.7909305 -0.3207541 -0.5264824 0.7873584 -0.2158955 -0.5385792 0.8144457 -0.1741122 -0.5361008 0.826003 -0.1549161 -0.5247797 0.8370229 0 -0.5313425 0.8471571 0 -0.512178 0.8588793 -0.1735909 -0.9808741 -0.08804672 -0.3888462 -0.9202786 -0.04342889 -0.2766585 -0.8975152 -0.3434045 -0.1167981 -0.9762883 -0.1822624 -0.5488677 -0.7712043 0.322472 -0.7326381 -0.6805117 0.01205497 -0.6739312 -0.6935857 -0.2544714 -0.8299363 -0.5134227 -0.218181 -0.8671399 -0.4872073 0.1034293 -0.9377564 -0.3226161 -0.1285764 -0.9345768 -0.312787 0.1695013 -0.9870889 -0.1438989 -0.07034718 -0.9461241 -0.1496964 0.2871242 -0.9915343 0.03286904 0.1256165 -0.9120028 -0.002411007 0.4101769 -0.9533398 0.1312036 0.2718988 -0.8556569 0.1014751 0.5074979 -0.8648241 0.2797394 0.4169235 -0.7203426 0.2323725 0.6535363 -0.7328371 0.3872024 0.5594856 -0.7452788 -0.2518139 0.6173728 -0.5413104 -0.03991842 0.8398749 -0.7250484 -0.4990526 0.4746066 -0.32033 0.4148481 0.8516395 -0.2556635 0.4662188 0.8469216 -0.1439268 0.4878742 0.8609669 -0.3634848 0.2656095 0.8929337 -0.6025391 0.05148571 0.7964271 0 0.1698701 0.9854665 -0.3726032 0.07144433 0.9252365 0 0.09714049 0.9952707 0 -0.6004931 0.7996301 0 -0.967418 0.2531846 0 -0.9980257 -0.06280767 0 0.05822998 0.9983032 0.1735909 -0.9808741 -0.08804672 0.5488677 -0.7712043 0.322472 0.3888462 -0.9202786 -0.04342889 0.1980093 -0.9426804 -0.2686004 0.2766585 -0.8975152 -0.3434045 0.1492996 -0.9659615 -0.2112535 0.1167981 -0.9762883 -0.1822624 0.7326381 -0.6805117 0.01205497 0.6739312 -0.6935857 -0.2544714 0.8299363 -0.5134227 -0.218181 0.8671399 -0.4872073 0.1034293 0.9377564 -0.3226161 -0.1285764 0.9345768 -0.312787 0.1695013 0.9870889 -0.1438989 -0.07034718 0.9461241 -0.1496964 0.2871242 0.9915343 0.03286904 0.1256165 0.9120028 -0.002411007 0.4101769 0.9533398 0.1312036 0.2718988 0.8556569 0.1014751 0.5074979 0.8648241 0.2797394 0.4169235 0.7203426 0.2323725 0.6535363 0.7328371 0.3872024 0.5594856 0.7452788 -0.2518139 0.6173728 0.5413104 -0.03991842 0.8398749 0.7250484 -0.4990526 0.4746066 0.32033 0.4148481 0.8516395 0.2556635 0.4662188 0.8469216 0.1439268 0.4878742 0.8609669 0.3634848 0.2656095 0.8929337 0.6025391 0.05148571 0.7964271 0.3726032 0.07144433 0.9252365 -0.1948955 0.9225342 0.3330864 0.2793416 -0.5049086 0.8167226 0.281391 -0.5239611 0.8039178 0.293231 -0.5206926 0.8018073 0.2772964 -0.5027714 0.8187355 0.255601 -0.5153833 0.8179538 0.2531272 -0.519164 0.8163305 0.2526705 -0.5379967 0.8041873 0.2465336 -0.5389375 0.8054611 0.3043372 -0.5221525 0.796703 0.3041542 -0.5181853 0.7993586 0.2177251 -0.5457167 0.8091904 0.2075032 -0.5365052 0.8179881 0.1746312 -0.6456961 0.7433577 0.1872358 -0.6533568 0.733531 0.07904362 -0.6366522 0.7670894 0.07236027 -0.6330839 0.7706937 0.4522644 -0.4153666 0.7892576 0.4706754 -0.3844267 0.7941542 0.3531359 -0.5759859 0.7372485 0.3482233 -0.6001282 0.7201296 0.3592442 -0.476622 0.802356 0.3480658 -0.4554001 0.8194273 0.3207541 -0.5264824 0.7873584 0.2158955 -0.5385792 0.8144457 0.1741122 -0.5361008 0.826003 0.1549161 -0.5247797 0.8370229 0 0.9053644 0.4246356 0 0.773684 0.6335718 0.2424117 0.7396869 0.627774 0 0.5591714 0.8290521 0.3678792 0.8984566 0.2396677 0 0.9955695 0.0940299 0.2889885 0.9262037 -0.2421411 0 0.9617735 -0.2738463 0.2685673 0.8590189 -0.4358421 0.485951 0.7633671 -0.4255848 0.6065806 0.7780101 -0.163586 0.7967139 0.6006256 0.06705152 0.8957484 0.4230923 -0.1364833 0.7495591 0.5853031 -0.3091626 0.5465056 0.6378493 0.5426602 0.8790626 0.368331 0.3026241 0.791637 0.1807345 0.5836488 0.9707514 0.1873872 0.1500928 0.8997074 -0.06225925 0.4320304 0.3633984 0.3870207 0.8474413 0 0.2542514 0.9671382 0.3799311 -0.1968781 0.9038205 0 -0.165839 0.9861528 0.6091038 -0.02258425 0.7927688 0.4697274 -0.4235207 0.7745879 0.7144554 -0.2375617 0.6581169 -0.3799311 -0.1968781 0.9038205 -0.3633984 0.3870207 0.8474413 -0.2424117 0.7396869 0.627774 -0.3678792 0.8984566 0.2396677 -0.2889885 0.9262037 -0.2421411 -0.2685673 0.8590189 -0.4358421 -0.485951 0.7633671 -0.4255848 -0.6065806 0.7780101 -0.163586 -0.7967139 0.6006256 0.06705152 -0.8957484 0.4230923 -0.1364833 -0.7495591 0.5853031 -0.3091626 -0.5465056 0.6378493 0.5426602 -0.8790626 0.368331 0.3026241 -0.791637 0.1807345 0.5836488 -0.9707514 0.1873872 0.1500928 -0.8997074 -0.06225925 0.4320304 -0.6091038 -0.02258425 0.7927688 -0.4697274 -0.4235207 0.7745879 -0.7144554 -0.2375617 0.6581169 0.6696231 0.5165385 0.5336598 0.5980497 0.7465855 -0.2914561 0.4133211 0.729927 0.5444009 0.4436289 0.8876546 -0.1235422 0.4526321 0.7230029 -0.521911 0.3576865 0.707377 0.6096541 0.7067943 0.5317666 -0.4665471 0.7946577 0.3536559 0.4934031 0.7806819 0.3122117 0.54135 0.1226544 0.04824995 0.9912759 0.09897261 0.1872942 0.9773052 -0.07455766 -0.2059415 0.9757199 0.1350775 -0.1894626 0.9725524 0.6516454 0.7495204 0.1165222 -0.104865 0.86947 -0.4827269 0.3305207 0.8661596 0.3748648 -0.169597 0.9372547 -0.3046154 -0.2593258 0.7857904 -0.5615012 0.2896547 0.875129 0.3876203 -0.06729382 0.7122163 -0.698727 0.7873975 0.6094701 -0.09247338 0.7704315 0.6185061 -0.1545501 0.6759716 0.02789461 0.7363997 0.5460165 0.1789942 0.8184296 0.5964044 -0.1387704 0.7905976 0.77149 -0.193582 0.606077 -0.5980497 0.7465855 -0.2914561 -0.6696231 0.5165385 0.5336598 -0.4133211 0.729927 0.5444009 -0.4436289 0.8876546 -0.1235422 -0.4526321 0.7230029 -0.521911 -0.3576865 0.707377 0.6096541 -0.7067943 0.5317666 -0.4665471 -0.7946577 0.3536559 0.4934031 -0.7806819 0.3122117 0.54135 -0.1226544 0.04824995 0.9912759 -0.09897261 0.1872942 0.9773052 0.07455766 -0.2059415 0.9757199 -0.1350775 -0.1894626 0.9725524 0.104865 0.86947 -0.4827269 -0.6516454 0.7495204 0.1165222 -0.3305207 0.8661596 0.3748648 0.169597 0.9372547 -0.3046154 0.2593258 0.7857904 -0.5615012 -0.2896547 0.875129 0.3876203 0.06729382 0.7122163 -0.698727 -0.7873975 0.6094701 -0.09247338 -0.7704315 0.6185061 -0.1545501 -0.6759716 0.02789461 0.7363997 -0.5460165 0.1789942 0.8184296 -0.5964044 -0.1387704 0.7905976 -0.7715043 -0.1935856 0.6060577 -0.9972319 -0.07400804 -0.007171869 -0.2588052 -0.6804623 -0.685559 -0.9976813 -0.03351032 -0.05923825 -0.2528178 -0.424303 -0.8695114 -0.4724031 -0.7262598 0.4993818 0.7239701 -0.6096462 -0.3227987 0.8943095 -0.2498316 0.3712072 0.9815967 0.0901544 0.1683452 0.6895238 -0.3304635 -0.6444772 0.4535074 0.1814334 0.8725898 -0.5415866 0.3164494 0.7788092 0.3817633 0.4325776 0.8167824 -0.5504699 0.391039 0.737612 -0.7986288 -0.3767302 0.4693257 -0.795878 0.5887446 0.141273 -0.8329662 -0.4712807 0.2899343 -0.8235951 0.5537431 0.1227183 0 0.597683 0.8017326 0 0.9956039 -0.09366405 0 0.9993259 0.03671479 0 -0.9058164 0.4236706 0 -0.660932 0.7504459 0.7986288 -0.3767302 0.4693257 0.8235951 0.5537431 0.1227183 0.795878 0.5887446 0.141273 0.8329662 -0.4712807 0.2899343 -0.7194816 0.6867349 0.1036419 0.3523782 0.8205779 -0.4499796 -0.0131843 0.6810075 -0.7321578 -0.0381487 0.9935761 0.1065418 0.4041672 -0.2027702 -0.8919268 0.0461142 -0.4900135 -0.8704943 0.3939052 -0.9144631 -0.09271585 0.009979665 -0.9512757 -0.3081803 -0.05643004 -0.660955 0.748301 0.3494466 -0.3595485 0.8652237 -0.7283899 0.1738345 0.6627441 -0.0508446 0.2064915 0.9771265 0.7738576 0.6292858 0.07172125 0.8305733 0.463766 -0.308333 0.7767925 -0.1792058 -0.6037209 0.7880993 -0.6026642 -0.1252816 0.8419722 -0.2414398 0.4824829 0.7849515 0.1312322 0.6054992 -0.1176512 0.8562139 -0.5030467 0.139625 -0.2014262 -0.9695011 -0.09900289 -0.2083517 -0.9730303 0.1601962 0.8653466 -0.4748816 -0.1070612 -0.9880577 -0.1108151 0.1566857 -0.9840317 -0.08444672 0.532224 0.7066717 -0.466211 0.4651387 -0.1916893 -0.8642345 0.5090598 -0.8498368 -0.1365122 -0.02261483 0.865713 -0.5000297 -0.01907426 0.9943038 0.1048627 -0.1081912 0.9886452 0.1042847 -0.02081412 -0.2078973 -0.9779292 -0.02056992 -0.9942545 -0.1050471 -0.02212637 -0.4074007 0.9129815 -0.1311402 -0.409077 0.9030274 -0.01876926 0.2075304 0.9780485 -0.1156356 0.2061848 0.9716565 0.1349237 0.9853918 0.1039166 0.1809146 -0.3870987 0.9041154 0.1607733 0.204873 0.9654943 0.6008985 -0.3564678 0.7154382 0.5557529 0.172555 0.8132426 0.5112199 0.8547086 0.09015244 -0.1433188 0.9842185 0.1037963 0.2436686 0.8500322 -0.4669806 -0.1565326 0.8505069 -0.5021312 0.1983752 0.9747245 0.1027584 0.2307271 -0.196057 -0.9530618 -0.1334598 -0.2078652 -0.9690102 -0.1435296 -0.9832528 -0.1123089 0.2351831 -0.9682916 -0.08426427 -0.1734714 -0.4077982 0.896442 0.2468063 -0.3806318 0.8911824 -0.1524729 0.2051488 0.9667813 0.2104586 0.2029204 0.956311 -0.03189229 0.993972 0.1048936 -0.03781312 0.8651853 -0.5000246 -0.03473037 -0.2082604 -0.9774566 -0.03393697 -0.9938785 -0.1051376 -0.03650134 -0.4077104 0.9123815 -0.03106868 0.2074704 0.9777479 0.712565 -0.6919034 -0.1162786 0.6921097 -0.1655655 -0.7025471 0.7423428 0.554163 -0.3766038 0.7735474 -0.2908509 0.5630544 0.7329174 0.1412121 0.6655007 0.7111854 0.6991304 0.07370346 -0.2561811 -0.7181252 -0.6470451 -0.2055764 -0.9469764 -0.2469298 -0.3564648 -0.9194229 -0.1661162 -0.2849602 -0.9403349 0.1859245 -0.6250027 -0.3929042 0.6745353 0.310351 -0.9203101 -0.2381423 0.5324387 -0.8455051 -0.04037696 0.6865319 -0.6464906 -0.3327521 0.8495011 -0.4854074 0.2067063 0.8470683 -0.3898864 0.3611981 0.5690003 -0.6101707 -0.5512991 0.5705502 -0.6101332 -0.5497363 0.6826562 -0.183299 0.7073768 0.3006714 -0.1120651 0.947121 0.1262276 0.2371041 0.9632489 0.604625 0.120278 0.7873767 0.1296127 0.7166085 0.6853268 -0.5392785 0.6315998 0.5570103 0.1114572 0.9769294 0.1821709 0.644407 0.567713 0.5122906 0.6086374 0.7897362 0.07666331 -0.5533739 -0.1038873 0.826429 -0.4640708 0.8762595 0.1296444 -0.5649453 0.8205762 0.08655309 0.1344668 0.9759989 -0.1713033 0.6414858 0.7331659 -0.2257515 -0.560734 -0.6206437 -0.5480684 0.5518209 0.2947561 -0.7801362 0.6481015 -0.5654255 -0.5101556 0.5532861 -0.7414078 0.3797224 -0.6682763 0.01232969 -0.7438111 0.557622 0.2605756 -0.7881358 0.5546242 -0.7594076 0.3401357 -0.672464 -0.7344183 0.09177178 0.06274789 0.1828417 -0.9811379 0.2480905 0.6691027 -0.7005375 0.5534703 0.6082832 -0.5689132 0.3174585 0.9263732 0.2026155 -0.3087049 0.6833624 -0.661602 -0.2903926 0.2134531 -0.9327969 -0.274274 0.9254268 0.261456 -0.2789115 0.3298473 0.9018921 0.3317765 0.2651526 0.9053279 0.2552582 -0.6786744 0.6886541 -0.3004972 -0.626814 0.718892 0.2913051 -0.9550657 -0.05469024 -0.1398401 -0.9523899 -0.2709211 -0.115424 -0.7662791 -0.6320552 0.2921938 -0.7671079 -0.5711116 0.7546553 0.4958501 0.4296838 0.5740354 -0.5480941 0.6083389 -0.7854772 0.4431109 -0.4320628 -0.6889374 0.191263 -0.6991308 -0.9997375 -0.01269584 -0.01907426 -0.7713482 0.6117316 0.1755173 -0.7772384 0.2238295 0.5880485 -0.7897627 -0.4004513 0.4646651 -0.7875117 -0.611814 -0.07422214 -0.7844105 -0.4607824 -0.4151864 0.7543664 0.65283 0.06888115 0.3304952 0.8246359 -0.4590737 0.2747942 0.9561946 0.1008962 0.7824776 0.5123536 -0.3538682 0.3089178 -0.1928523 -0.9313313 0.7365491 -0.1566548 -0.6579929 0.7555945 -0.6452065 -0.1130737 0.3185331 -0.9439407 -0.08667564 0.8114065 -0.2707943 0.5179671 0.3407797 -0.3730387 0.8629667 0.7748653 0.1312043 0.6183602 0.2962759 0.1982497 0.9343007 -0.1093202 0.988521 0.1042845 -0.1207637 0.8559968 -0.5026784 -0.1032146 -0.2084434 -0.9725731 -0.1109672 -0.9876574 -0.11054 -0.1333366 -0.4089212 0.9027762 -0.117072 0.2061578 0.9714902 0.8159355 0.574863 0.06149649 0.4222676 0.7909735 -0.4427767 0.336441 0.9364439 0.09940022 0.8586272 0.431572 -0.2765955 0.3985788 -0.1975193 -0.8956121 0.814613 -0.1387393 -0.563167 0.8262755 -0.5542888 -0.1001638 0.4029755 -0.9103266 -0.09442639 0.8716552 -0.2134809 0.4411838 0.4224104 -0.3602742 0.8317283 0.8282566 0.1167048 0.5480612 0.3483795 0.1946225 0.9169263 -0.04300129 0.9934563 0.1058095 -0.02642977 0.8445323 -0.5348522 -0.01959353 -0.2402191 -0.9705209 -0.02673482 -0.9906853 -0.1335217 -0.043428 -0.4389496 0.8974617 -0.05447697 0.2065243 0.9769238 0.5831385 0.5833521 0.565376 0.3594601 0.1288233 0.9242256 0.4070577 -0.2659089 0.8738402 0.2849326 0.6956372 0.6594713 0.3673859 -0.8784546 0.3055242 0.8675041 -0.3647027 -0.3382732 0.3602182 -0.3383664 0.8693395 0.3268884 -0.930431 0.1656568 0.2209885 -0.8147368 0.5360673 0.2755307 -0.8968178 -0.3461225 0.3388844 0.9393178 0.05328637 0.4110305 0.8564255 -0.312393 0.2462304 -0.3874741 -0.8883887 0.384546 0.2099133 -0.8989221 0.3106222 0.09054982 -0.9462106 0.3250244 0.8520523 -0.4103243 0.2052756 0.5916859 -0.7795959 0.3243559 0.9370552 -0.1293089 0.8942983 0.02508658 -0.4467676 0.9270267 -0.009705126 -0.3748698 0.3001557 0.9538757 -0.005279779 0.538577 -0.8276879 -0.1576941 0.2945392 -0.9316849 -0.212626 -0.1448116 -0.989205 0.02243125 -0.4597399 -0.8834062 0.09073328 -0.04858624 -0.9004631 0.4322101 0.4160099 -0.7688141 0.4856551 -0.8197448 -0.2843471 0.4971572 -0.9167115 -0.192669 0.3500271 -0.4230302 -0.2190687 0.8792351 0.1340102 -0.1960254 0.9713987 -0.5284053 0.7993831 0.2859627 -0.2497078 0.7220224 0.6452361 0.1749057 0.7084125 0.6837834 0.3325915 0.005554378 -0.9430547 0.2069814 0.8831961 -0.4208602 0.4601396 0.004059016 -0.8878373 -0.007416009 0.9369865 -0.349287 0.3768522 0.8349773 -0.400993 0.4870467 -0.09042668 -0.8686821 0.5293291 -0.8198741 -0.2182139 0.2872784 -0.8795363 -0.3793246 0.09647232 0.8517704 0.5149566 -0.06403005 0.8553723 0.5140413 0.7350837 -0.6640657 -0.1366341 0.2317615 0.1713339 0.9575653 -0.03610402 0.0390644 0.9985843 0.1491485 -0.7297508 0.6672469 0.3992537 -0.5674151 0.7201644 -0.04498523 -0.9215264 0.3857013 -0.32793 0.723735 0.6071817 -0.36596 -0.2956734 0.8824118 0.07571893 -0.1274189 -0.9889546 -0.01889097 0.9307552 -0.3651546 0.9621286 0.160899 -0.2200459 0.03586012 0.7916693 0.6098967 0.4235168 0.1246715 0.8972684 0.3596961 -0.9316514 -0.05142438 0.2777548 -0.5477883 0.7891643 0.07638913 0.1257079 0.989122 -0.2129034 0.2482755 -0.9450034 -0.2123543 0.3090704 -0.9270281 -0.2513524 0.4086155 -0.8774141 -0.1504258 0.1868955 -0.9707946 -0.2422569 0.4204857 -0.8743588 0.09384763 -0.2147966 -0.9721395 0.5252295 -0.1220144 -0.8421678 0.799698 -0.08408075 -0.5944861 0.8172774 0.3294562 -0.4727751 0.767533 0.4477199 -0.4587374 0.6930022 0.636694 -0.3381845 0.6344392 0.699934 -0.327993 0.2397854 0.05267524 0.9693959 0.77482 -0.6051641 0.1828402 0.2634412 0.2214164 0.9389215 0.8140039 -0.5473285 0.1944978 0.5855494 -0.4104889 -0.6990213 0.1857072 -0.3632354 -0.9130021 -0.1318443 -0.164958 -0.9774487 -0.586091 -0.005859673 -0.8102241 0.003234982 0.1878151 -0.9821991 0.4645669 0.2576756 -0.8472196 -0.8039692 0.4193958 -0.4215932 -0.9291346 0.3562232 -0.09906613 -0.3757229 0.8069603 -0.4556834 0.1836054 0.8833873 -0.4311797 -0.5401279 0.5213891 0.6606174 -0.2472651 0.8169635 0.5209901 0.1789034 0.8367445 0.5175444 0.1559548 -0.1864744 0.9700028 0.2904525 -0.9204329 0.2616118 0.4201864 -0.8717463 0.2519958 -0.05688816 -0.09644126 0.9937117 0.3281415 -0.185251 0.9262857 0.4512608 -0.8784417 0.1571752 0.548709 -0.438961 -0.7114996 0.3022626 -0.6018396 -0.7392067 0.087834 0.7130181 0.6956222 -0.07251262 0.7183511 0.6918913 0.7519106 -0.3270477 -0.572425 0.2671359 0.9612374 -0.06827175 0.006378531 0.9757366 -0.2188548 0.2048749 0.4519884 -0.8681778 0.4508938 0.5365618 -0.7132997 0.00564593 0.1372734 -0.9905171 -0.3271307 0.7832949 0.5286157 -0.3157551 0.7884111 -0.5279269 -0.06885194 -0.1129526 0.991212 0.03683632 -0.9904311 0.1330015 0.9450289 -0.2030141 0.2563312 0.03372311 0.7913488 0.6104342 0.457691 0.8846495 -0.08896237 0.3908938 -0.3008002 -0.8698974 0.3319272 0.6123074 -0.7175682 0.1151197 0.98511 -0.1276938 -0.1434412 0.9875774 0.06415176 0.2239472 0.7610179 -0.608851 -0.09863859 0.5813331 -0.8076648 0.1167976 0.992124 0.04526019 0.2147011 -0.3573774 -0.9089472 -0.05945044 -0.4889709 -0.8702719 0.2035019 -0.9720058 -0.1174378 -0.05759 -0.9672809 -0.2470848 -0.092992 -0.6310455 0.770152 0.2016697 -0.3962896 0.895703 -0.1369695 0.3023219 0.9433138 0.09717446 0.2869454 0.9530055 0.5255946 -0.3280465 0.7849433 0.3925096 0.2660678 0.8804228 0.5765053 0.6531691 -0.4909297 0.4301068 0.9017809 0.04242163 0.4937766 -0.3290624 -0.804924 0.4697818 -0.878098 -0.09082508 -0.2141517 0.8043889 -0.5541638 0.001159727 -0.2681726 -0.9633702 -0.1915069 -0.2813854 -0.9402912 0.001342833 0.8315281 -0.5554812 -0.001220762 -0.9995335 -0.03051912 -0.1813427 -0.9828888 -0.03231942 0.3947027 0.7543085 -0.5246223 0.3569175 -0.2753102 -0.8926446 0.335095 -0.9416841 -0.03070175 0.00476098 0.8272208 -0.5618571 0.003997921 0.9994921 0.03161752 -0.1819265 0.9828184 0.03116035 0.004333734 -0.2787349 -0.9603584 0.004059016 -0.9994948 -0.03152602 -0.1972147 -0.3405022 0.9193284 0.004333674 -0.3387314 0.9408732 -0.1733472 0.2745783 0.9458105 0.003723263 0.27882 0.9603362 0.001403868 0.9994942 0.03177016 -0.002288877 -0.3280498 0.9446577 -0.002533078 0.2787003 0.9603748 0.3180983 0.264202 0.9105004 0.3593376 -0.331748 0.8722499 0.3411448 0.9395369 0.02984786 0.4808622 0.876362 0.02758944 0.1623305 0.8198623 -0.5490672 0.1383141 0.9898982 0.03116035 0.5434595 0.6857411 -0.4841603 0.1511008 -0.26625 -0.9519871 0.4991065 -0.262829 -0.8257201 0.1442353 -0.9890775 -0.03036689 0.4750656 -0.8794482 -0.0297259 0.5050944 -0.3142572 0.8038172 0.1527195 -0.3253073 0.9331945 0.4546169 0.2483363 0.855367 0.1269269 0.2765597 0.9525778 -0.09473073 0.9950085 0.03137344 -0.08704 0.8294743 -0.5517214 -0.07736486 -0.2853497 -0.955296 -0.07339757 -0.9967116 -0.03433358 -0.08221799 -0.3307337 0.9401359 -0.09131425 0.2776662 0.956328 -0.01242107 0.2799479 0.9599349 0.01632761 -0.3674178 0.9299128 -0.00640887 0.999426 0.03326535 0.02597194 0.8083657 -0.5881076 0.0175178 -0.3117811 -0.9499925 0.01504594 -0.9978248 -0.0641818 0.1514672 0.1535425 -0.9764643 0.04718238 0.6766673 -0.7347756 0.2024059 0.7043313 -0.6804039 0.2118637 0.9626646 0.168496 0.4871132 0.6998304 0.5224542 -0.3199934 0.6710858 -0.6687663 -0.1521668 0.1920244 -0.9695216 -0.2460122 0.9470296 0.2064293 0.2461361 0.3644279 0.8981145 0.2987823 -0.5217245 0.7990824 0.09061098 -0.5779693 0.8110125 -0.2543812 0.4078645 0.8768904 -0.3253354 -0.5054907 0.7991471 0.2078949 -0.9758734 -0.06671434 -0.2206209 -0.9688827 -0.1122179 0.2143078 -0.7719599 -0.5984566 -0.2187004 -0.7709448 -0.5981758 -0.7510761 0.1309576 -0.6470973 -0.7972496 0.428976 -0.4247033 -0.9699422 0.2115854 -0.1201822 -0.731294 0.6663193 0.1456972 -0.738785 0.2931396 0.6068493 -0.8028066 -0.3218857 0.5018877 -0.9685347 -0.2345724 0.08316546 -0.8139151 -0.5779716 -0.05908507 -0.7783861 -0.4959942 -0.3848441 0.2850473 -0.3166345 0.9047048 0.6213687 0.2184556 0.7524481 0.2370726 0.2708573 0.93297 0.6720681 -0.2794358 0.6857407 0.2716249 -0.9619488 -0.0295735 0.6426428 -0.7656962 -0.02682638 0.6660189 -0.2360959 -0.7075859 0.2824567 -0.2593841 -0.9235465 0.7089608 0.5722959 -0.4121311 0.2999134 0.7921292 -0.5315856 0.6485958 0.7607541 0.02401864 0.2578888 0.9656944 0.03045833 -0.07114034 0.278122 0.9579077 -0.08172959 -0.340835 0.9365639 -0.07642042 0.9965791 0.03146541 -0.09018415 0.8225531 -0.561492 -0.08035534 -0.2809234 -0.9563604 -0.07519906 -0.9966623 -0.03177034 0.5377593 -0.2998878 0.7879608 0.1507056 0.2791931 0.9483349 0.223829 -0.3462117 0.9110643 0.4399689 0.2535559 0.8614736 0.2125355 -0.9749045 -0.06625711 0.4929988 -0.8691416 -0.03930801 0.5190412 -0.2729949 -0.8099815 0.2248985 -0.3031506 -0.926024 0.583285 0.6674267 -0.4629474 0.2460444 0.789863 -0.5617638 0.1729844 0.9842536 0.0363487 0.4732969 0.8803054 0.03244221 -0.09345078 0.2837095 0.9543458 -0.09180152 -0.4143582 0.9054722 -0.09415113 0.9947364 0.04043763 -0.09470248 0.7708351 -0.6299563 -0.07605355 -0.3738589 -0.9243623 -0.07306236 -0.9899741 -0.1208856 -0.1904733 -0.7468774 -0.6370982 -0.1890653 -0.9535365 -0.2345692 -0.3671163 -0.9236962 -0.1095947 -0.1507045 -0.7344481 -0.6617206 -0.3076949 -0.9315082 0.1939497 -0.6677629 -0.3137387 0.6750265 0.3103208 -0.9202807 -0.2382951 0.5324354 -0.8454998 -0.04052925 0.6865547 -0.6464527 -0.3327788 0.8495348 -0.4853482 0.2067071 0.847087 -0.3898504 0.3611931 0.3006724 -0.1120349 0.9471243 0.116828 0.2417436 0.9632815 0.6046386 0.1201525 0.7873852 0.1221667 0.7147808 0.6885957 -0.5530009 0.6596336 0.5089927 0.1111505 0.9767937 0.183084 0.6443902 0.5676946 0.512332 0.6086168 0.789749 0.07669508 -0.5971044 -0.07266575 0.7988656 -0.4732916 0.8748632 0.1030023 -0.5919563 0.8055623 0.02563637 0.6414535 0.7331944 -0.2257509 0.5518421 0.2947512 -0.7801231 0.3594542 0.1287297 0.9242411 0.4070609 -0.2658805 0.8738473 0.2849272 0.6955935 0.6595198 0.3388839 0.9393163 0.05331683 0.3250285 0.852063 -0.4102989 0.9270271 -0.009674608 -0.3748699 0.5385797 -0.827692 -0.1576643 0.2944808 -0.9317239 -0.2125364 -0.1448755 -0.9891942 0.02249276 -0.4597992 -0.8833724 0.0907635 -0.04858684 -0.900475 0.4321853 0.4160124 -0.7688494 0.4855971 -0.8197519 -0.284319 0.4971615 -0.4230553 -0.2190659 0.8792238 0.133981 -0.1961494 0.9713776 -0.5284099 0.7993901 0.2859346 -0.2497419 0.7220023 0.6452454 0.1748725 0.7084015 0.6838033 0.3325644 0.005554437 -0.9430643 0.2069522 0.8832017 -0.4208629 -0.007416129 0.9369965 -0.3492602 0.4870842 -0.09039741 -0.8686641 0.7350986 -0.6640487 -0.1366369 -0.03607356 0.03906446 0.9985854 0.1491784 -0.7297475 0.667244 0.3992624 -0.5674276 0.7201496 -0.04495406 -0.9215431 0.3856649 -0.3279584 0.7236998 0.6072083 -0.3659203 -0.2957881 0.8823898 0.07571661 -0.1274151 -0.9889552 0.2777569 -0.5478228 0.7891396 -0.1635519 0.2390257 -0.9571403 -0.1471949 0.2684178 -0.9519904 -0.1508553 0.3941831 -0.9065663 -0.1205796 0.1833567 -0.9756234 -0.1170719 0.4404845 -0.8900942 0.5252074 -0.1220163 -0.8421813 0.7996835 -0.0840792 -0.5945057 0.239757 0.0526452 0.9694045 0.7747527 -0.6052507 0.1828387 0.8139473 -0.547423 0.1944684 0.5855421 -0.4105142 -0.6990126 0.1856777 -0.3632375 -0.9130073 -0.1318097 -0.1649834 -0.9774491 0.4645991 0.2577071 -0.8471923 -0.803969 0.4193347 -0.4216542 0.1836348 0.8833824 -0.4311773 -0.5401604 0.521391 0.6605893 -0.2472937 0.8169574 0.5209862 0.1788739 0.8367491 0.5175472 0.1559512 -0.1864395 0.9700102 0.2904549 -0.9204402 0.2615834 0.4202226 -0.8717278 0.2519993 -0.05688673 -0.0963779 0.9937179 0.3281162 -0.1852234 0.9263003 0.3022323 -0.6017791 -0.7392683 0.08804619 0.7128843 0.6957328 -0.07245188 0.7183543 0.6918944 0.267222 0.9612179 -0.06820935 0.2048457 0.4519913 -0.8681833 0.005615413 0.1372734 -0.9905174 -0.31575 0.7883984 -0.5279489 -0.06885033 -0.1128889 0.9912194 0.03677552 -0.9904374 0.1329718 0.9450172 -0.2030726 0.2563281 0.03375411 0.7912696 0.6105353 0.4577287 0.884633 -0.08893328 0.3908575 -0.3007958 -0.8699151 0.3319898 0.6123409 -0.7175106 0.1152093 0.9851236 -0.1275085 0 -0.9653551 0.2609398 0 -0.9906175 0.1366642 0 -0.9655692 0.2601464 0 -0.8874486 0.4609069 -0.5665597 -0.3558241 0.7432357 -0.01800626 -0.4366977 0.8994281 -0.01196336 -0.4294301 0.9030209 0.9234589 -0.1648968 0.3464573 -0.5873075 -0.3567365 0.7265046 0.9531456 -0.09625756 0.2867891 0.7519971 0.3276559 -0.5719634 0.9012943 0.2188535 -0.3738607 0.005462884 0.5368893 -0.8436352 -0.006988823 0.4686796 -0.8833406 -0.77547 0.3171281 -0.5459634 -0.889466 0.2506888 -0.3821066 -0.9814816 0.1010169 -0.1627562 -0.970116 0.1403275 -0.1979479 -0.7713168 0.5028376 0.39016 -0.003448605 0.8118044 0.5839193 -0.004364252 0.4825128 0.8758782 -0.852095 0.523312 -0.008881032 0.7922387 0.4853717 0.3698273 0.873408 0.4869697 0.004394769 -0.401666 0.7313672 0.5511501 -0.008178949 0.6436386 0.7652859 0.4148809 0.7272776 0.5467553 0.4354258 0.5455107 0.7161163 0.02810806 0.8592956 0.5107064 0.8284289 0.4772812 0.2931011 0.6020426 -0.6256336 -0.4961122 0.8361411 -0.5171214 0.182903 0.2253529 -0.8962234 0.3820989 0.540682 0.03967523 0.840291 -0.4018215 0.4830038 0.777976 -0.7959762 0.3195685 0.5140991 -0.9373244 0.2087181 -0.2790336 -0.7642597 -0.5865774 -0.2680189 -0.8341207 -0.5350324 0.1341014 -0.266863 -0.8913848 0.3663568 -0.2733591 -0.3237155 0.9058052 0.01678556 -0.9996892 0.01843363 0.05130213 0.3266127 0.9437649 -0.2179965 -0.06338775 0.9738888 -0.01648008 -0.9997032 0.01794499 -9.15591e-5 -0.6156127 -0.7880489 0.7140961 -0.1900756 -0.6737493 6.10382e-5 -0.6159058 -0.7878198 0.2931621 0.1141702 0.9492214 -0.9533957 0.220991 -0.2054261 -0.8791296 0.4757298 -0.02850472 -0.5134522 0.8233729 0.2417107 0.8053902 0.344038 -0.4826847 0.6062157 0.7270438 -0.3223506 -0.004242122 0.5159894 -0.8565845 -0.009308338 0.8105001 -0.5856646 -0.002410948 0.9971171 -0.07583969 0.3499013 0.9279631 0.1282716 -0.3056207 0.8120891 -0.497099 -0.1595517 0.9871575 -0.007965326 -0.004821956 -0.777046 0.6294253 -0.4225718 -0.891411 0.1637671 0.01254326 -0.9816724 0.1901635 -0.5488949 -0.6373712 0.5408072 0.5830349 -0.8043893 -0.1141411 0.8307614 -0.5344511 0.155556 -0.05710196 -0.4937444 0.8677303 0.9017711 -0.2641711 0.3420858 -0.5523771 -0.434174 0.7115986 0.5314961 -0.6117927 -0.5858512 0.7636187 -0.2614572 -0.5903617 -0.001342773 -0.4270191 -0.9042416 0.006134212 -0.1081883 -0.9941116 0.0032655 0.1175595 -0.9930606 0.8619329 -0.0167247 -0.5067465 -0.7374047 -0.2770227 -0.6160298 -0.5190781 -0.6061812 -0.6025798 -0.8773074 -0.3170648 -0.3602802 -0.6532357 -0.5735498 -0.4942911 -0.9833134 -0.1241196 -0.1330006 -0.8354808 -0.06540161 -0.5456139 -0.3950982 -0.6458112 -0.6533188 -0.3452324 -0.6846662 -0.6419088 -0.09113025 -0.809338 -0.5802305 0.008697867 -0.818551 -0.5743682 0.331009 -0.7175014 -0.6128824 0.1068786 -0.8054044 -0.5830102 0.4127716 -0.6720623 -0.6147779 0.417293 -0.615212 -0.6688653 0.7186994 -0.491483 0.4918493 -0.02691799 -0.9013255 0.4323054 0.001953184 -0.7940227 -0.607885 -0.738693 -0.5707139 0.3586341 -0.0406208 -0.1731649 0.9840549 0.6974267 0.04287958 0.7153721 -0.03180092 0.1778656 0.9835408 0.9592142 0.1175899 0.257062 0.9618995 -0.192331 0.1943148 0.6402996 0.3180134 0.6992023 0.8565015 0.4703677 0.2125078 -0.770176 -0.04770106 0.6360453 -0.9043062 -0.008118033 0.4268072 -0.8855965 -0.3264298 0.3303973 0.6139248 0.73002 -0.3002787 0.7943906 0.5958921 -0.1177135 0.001739561 0.8938085 -0.4484454 0.03738617 0.8938202 -0.4468643 -0.602628 0.6949784 -0.39223 -0.8417871 0.4920344 -0.2220289 -0.9541057 0.2729373 -0.1232384 -0.973369 0.03738558 -0.2261753 -0.9539605 -0.1044968 -0.2811403 0.1963322 0.8790849 0.4343541 -0.6762531 0.4889239 0.5510312 -0.3230786 0.403894 0.8558562 -0.5176594 0.8554106 -0.01736515 -0.8840323 0.4404901 -0.1563827 -0.8958953 0.3532919 0.2693637 -0.5207217 0.5136412 -0.6819251 -0.9667167 0.1040999 -0.2337137 0.5385711 0.2963713 0.7887365 -0.1433497 0.1037355 0.9842204 0.6491706 -0.05719268 0.7584898 -0.01324504 0.001159667 0.9999117 0.6030334 -0.7436364 0.2887138 -0.5302161 -0.7545043 -0.3867743 -0.5719986 -0.7705897 -0.2810856 -0.9644756 0.08032715 0.2516634 0.7654507 0.630312 -0.1295843 0.6545426 -0.7424986 0.1423715 0.2659416 0.760317 0.5926157 -0.6083717 0.7640507 0.2147338 -0.3574707 0.3901568 0.8485237 -0.8772218 0.151102 0.4556865 -0.9711971 0.2324305 -0.05246162 7.32464e-4 0.1146611 0.9934044 0.5828877 0.2271245 0.7801644 -0.6937708 -0.6848592 -0.2228233 0.8972102 0.3300066 0.2934443 0.9528604 0.07620561 0.2936832 0.912774 0.166117 0.3731606 0.6149726 -0.764794 0.1920912 -0.594881 -0.7092366 -0.378286 -0.04980641 -0.9887739 0.1408741 -0.8474326 0.157938 -0.5068665 0.4294915 0.8998782 0.07586979 -0.3667509 0.8868309 -0.2811136 -0.7554647 0.4885464 -0.4365727 -0.9100341 -0.4052395 -0.08728611 0.6975486 -0.4365782 0.5681774 -0.913098 -0.39751 0.0907635 0.6028115 -0.4143565 0.6818557 0.8288277 0.4973027 0.2563879 0.7102063 0.5807144 0.397967 0.06729453 0.992572 -0.1013538 -0.04458785 0.9957041 0.08114928 -0.1853153 0.8190864 0.5429141 -0.7604721 0.6210614 -0.1896449 -0.7637104 0.489252 -0.4211638 -0.3221002 -0.537963 0.7790041 -0.009308218 0.9579225 -0.2868763 -0.8839995 0.4264195 -0.1916019 0.002746701 0.9999825 0.005249202 -0.8415098 0.5267943 0.1197884 0.7072852 0.6772237 -0.2027703 0.8434833 0.5238581 0.1187798 7.62976e-4 0.8005452 0.599272 0.9812203 0.1550676 0.1147214 0.9163344 0.1845792 0.3553333 -8.5454e-4 0.55539 0.8315896 -0.9172815 0.1883027 0.3509083 -0.9856689 0.1435914 0.0885353 -0.7225192 -0.6911757 0.01556491 -0.6764514 -0.7259531 -0.1241203 -0.6900469 -0.6717352 0.2694571 0.6874054 -0.6732752 0.2723497 0.7223573 -0.6913193 0.01666343 0.2095743 -0.9761824 -0.05609399 -0.002410948 -0.4244241 0.9054604 -0.1963322 0.8790849 0.4343541 0.6762138 0.4889175 0.5510851 0.5176729 0.8554025 -0.01736563 0.3230786 0.403894 0.8558562 0.8840323 0.4404901 -0.1563827 0.8958879 0.353289 0.269392 0.5207217 0.5136412 -0.6819251 0.9667167 0.1040999 -0.2337137 -0.5385711 0.2963713 0.7887365 0.1433497 0.1037355 0.9842204 -0.6491694 -0.05722308 0.7584884 0.01324504 0.001159667 0.9999117 -0.6030004 -0.7436638 0.2887126 0.5302161 -0.7545043 -0.3867743 0.5719986 -0.7705897 -0.2810856 0.9644756 0.08032715 0.2516634 -0.7654477 0.6303095 -0.1296142 -0.6545426 -0.7424986 0.1423715 0.6083677 0.7640457 0.2147629 -0.2659416 0.760317 0.5926157 0.3574707 0.3901568 0.8485237 0.8772136 0.1510701 0.4557128 0.9711987 0.2324309 -0.05243122 -7.32464e-4 0.1146611 0.9934044 -0.5828877 0.2271245 0.7801644 0.6937708 -0.6848592 -0.2228233 -0.8972102 0.3300066 0.2934443 -0.9528604 0.07620561 0.2936832 -0.912774 0.166117 0.3731606 -0.6149726 -0.764794 0.1920912 0.04980641 -0.9887739 0.1408741 0.594881 -0.7092366 -0.378286 0.8474326 0.157938 -0.5068665 -0.4294915 0.8998782 0.07586979 0.366754 0.8868384 -0.2810855 0.7554647 0.4885464 -0.4365727 0.9100341 -0.4052395 -0.08728611 -0.6975486 -0.4365782 0.5681774 0.913098 -0.39751 0.0907635 -0.6028115 -0.4143565 0.6818557 -0.8288182 0.4973153 0.2563943 -0.7101913 0.5807271 0.3979756 -0.06729477 0.9925749 -0.1013236 0.04455739 0.9957056 0.08114939 0.1853153 0.8190864 0.5429141 0.7604908 0.6210462 -0.1896191 0.7637104 0.489252 -0.4211638 0.3221002 -0.537963 0.7790041 0.9875319 -0.001437664 -0.1574127 0.8298867 -0.4398472 0.343253 0.7322483 0.02414071 0.6806097 0.680922 -0.2089369 0.7019194 0.9463732 -0.271988 0.1743568 0.7032815 0.2727794 0.6564957 0.9849349 0.1213429 0.1232046 0.02108854 -0.02255344 0.9995233 0.1540923 0.3836897 0.9105151 -0.6337405 0.2564871 0.7297859 -0.7617127 -0.07358318 0.6437232 -0.9166841 -0.1065131 0.3851562 -0.9179188 0.1041307 0.3828604 -0.789783 -0.5098278 0.3410551 -0.6924855 -0.3046753 0.6539394 0.8211334 -0.4008462 -0.4062787 0.8572215 -0.01937961 -0.5145831 0.02453726 -0.5588641 -0.8288962 -0.1015685 -0.1587314 -0.9820836 0.01651072 -0.9320494 -0.361955 0.9925035 0.07858604 -0.09360128 -0.7627317 -0.4752119 -0.4386501 -0.9117945 -0.3626913 -0.1925767 -0.6906486 -0.7106081 -0.1343148 -0.8368301 -0.5118641 -0.1941922 -0.9591473 -0.1049849 -0.2627065 -0.8248756 -0.1888534 -0.5328364 0.8764253 -0.3671787 0.3115419 0.7285016 0.1786919 0.6613281 0.6164012 -0.2119269 0.7583776 0.9909824 -0.09433418 0.09515821 0.7663053 0.4873908 0.4186007 0.9755878 0.2154069 -0.04275786 0.1940117 0.6019033 0.7746431 0.1352007 0.2688756 0.9536387 -0.5660131 0.1169504 0.8160586 -0.559042 0.4846373 0.6727547 0.1628213 -0.1509797 0.9750357 -0.4621832 -0.3507575 0.8144667 -0.8198384 -0.2476636 0.5162635 -0.873497 0.3137093 0.3722762 -0.4935355 -0.7184969 0.4900868 0.7609349 -0.4515008 -0.4659669 0.8362931 -0.04696935 -0.5462671 0.7985452 -0.5744093 -0.1799435 0.02990883 -0.9384662 -0.3440737 -0.06561636 -0.5987265 -0.7982613 -0.7916445 -0.5015875 -0.348868 -0.5697888 -0.815802 -0.09903395 -0.9293321 -0.3256675 -0.1740189 -0.6912903 -0.7221758 -0.02407962 -0.09952265 -0.2709177 -0.9574439 -0.9753249 -3.66228e-4 -0.2207741 -0.9019387 -0.1044983 -0.4190308 0.7818716 -0.5431504 0.3060466 0.7696319 0.06232005 0.6354392 0.6525125 -0.3323907 0.6809875 0.9775511 -0.1626657 0.1339169 0.2100917 -0.4321468 0.8769895 0.2402496 0.1127391 0.9641422 -0.4148754 -0.4131968 0.8106459 -0.5020408 0.07739669 0.8613739 0.3371793 0.5866456 0.7363132 0.8199683 0.4724118 0.3232324 -0.3616868 0.5860358 0.7250827 0.2780312 0.8419371 0.4624291 -0.340958 0.8451926 0.4115789 -0.7245644 0.377954 0.576331 0.9588846 0.2396677 -0.1519859 -0.7867847 -0.1714873 0.5929268 -0.5959845 -0.5288111 0.6042858 0.6626504 -0.7472175 -0.05059981 0.7811763 -0.4564796 -0.4258992 0.7988708 0.5588678 -0.222424 0.008026421 -0.9614619 -0.2748211 -0.0348227 -0.6207665 -0.7832218 0.2192838 0.9453775 -0.241197 -0.1691967 0.9747127 0.1459719 0.5275574 0.368521 -0.7654252 -0.1187801 0.4536047 -0.883252 0.7737606 0.07227015 -0.6293424 -0.07577854 -0.0649138 -0.9950096 -0.8895742 -0.1575402 -0.4287645 -0.7648359 -0.6066256 -0.2168678 -0.9389365 -0.3430905 0.02621549 -0.5761706 -0.8112289 0.09967547 -0.7915205 -0.6041619 0.09210753 -0.9828091 0.07101809 0.170419 -0.8544507 0.2492517 -0.4558373 -0.7755624 0.4201319 0.4711605 0.7843778 0.3607692 -0.5045763 -0.002807736 0.4795451 -0.8775128 -0.006378531 0.6233267 -0.7819356 -0.791272 0.3506354 -0.5009425 0.7067816 0.5456666 -0.4502307 -0.7105278 0.5398925 -0.451294 2.74674e-4 0.8289669 -0.5592978 -0.9532783 0.2096083 -0.2175434 0.01800626 -0.4366977 0.8994281 0.5665597 -0.3558241 0.7432357 0.01196336 -0.4294301 0.9030209 -0.9234589 -0.1648968 0.3464573 0.5873206 -0.3567444 0.7264902 -0.9531456 -0.09625756 0.2867891 -0.7519971 0.3276559 -0.5719634 -0.9012943 0.2188535 -0.3738607 -0.005462884 0.5368893 -0.8436352 0.006988823 0.4686796 -0.8833406 0.77547 0.3171281 -0.5459634 0.889466 0.2506888 -0.3821066 0.9814816 0.1010169 -0.1627562 0.970116 0.1403275 -0.1979479 0.003448605 0.8118044 0.5839193 0.7713077 0.5028316 0.3901859 0.004364252 0.4825128 0.8758782 0.852095 0.523312 -0.008881032 -0.7922387 0.4853717 0.3698273 -0.873408 0.4869697 0.004394769 0.4016638 0.7313938 0.5511166 0.008178949 0.6436386 0.7652859 -0.4148809 0.7272776 0.5467553 -0.4354506 0.5455034 0.7161068 -0.02810806 0.8592956 0.5107064 -0.8284409 0.4772577 0.2931054 -0.6020426 -0.6256336 -0.4961122 -0.8361411 -0.5171214 0.182903 -0.2253529 -0.8962234 0.3820989 -0.540682 0.03967523 0.840291 0.4018215 0.4830038 0.777976 0.7959762 0.3195685 0.5140991 0.9373244 0.2087181 -0.2790336 0.7642597 -0.5865774 -0.2680189 0.8341207 -0.5350324 0.1341014 0.266863 -0.8913848 0.3663568 0.2733591 -0.3237155 0.9058052 -0.01678556 -0.9996892 0.01843363 -0.05130213 0.3266127 0.9437649 0.2179965 -0.06338775 0.9738888 0.01648008 -0.9997032 0.01794499 -0.7140961 -0.1900756 -0.6737493 9.15591e-5 -0.6156127 -0.7880489 -6.10382e-5 -0.6159058 -0.7878198 -0.2931621 0.1141702 0.9492214 0.9533957 0.220991 -0.2054261 0.8791296 0.4757298 -0.02850472 0.5134522 0.8233729 0.2417107 -0.8053902 0.344038 -0.4826847 -0.6062157 0.7270438 -0.3223506 0.002410948 0.9971171 -0.07583969 0.009308338 0.8105001 -0.5856646 -0.3499013 0.9279631 0.1282716 0.3056207 0.8120891 -0.497099 0.004242122 0.5159894 -0.8565845 0.1595517 0.9871575 -0.007965326 0.4225718 -0.891411 0.1637671 0.004821956 -0.777046 0.6294253 -0.01254326 -0.9816724 0.1901635 0.5488949 -0.6373712 0.5408072 -0.5830349 -0.8043893 -0.1141411 -0.8307614 -0.5344511 0.155556 0.05710196 -0.4937444 0.8677303 -0.9017711 -0.2641711 0.3420858 0.5523771 -0.434174 0.7115986 -0.5314961 -0.6117927 -0.5858512 -0.7636187 -0.2614572 -0.5903617 0.001342773 -0.4270191 -0.9042416 -0.006134212 -0.1081883 -0.9941116 -0.0032655 0.1175595 -0.9930606 -0.8619329 -0.0167247 -0.5067465 0.7374047 -0.2770227 -0.6160298 0.5190781 -0.6061812 -0.6025798 0.8773074 -0.3170648 -0.3602802 0.6532357 -0.5735498 -0.4942911 0.9833134 -0.1241196 -0.1330006 0.8354808 -0.06540161 -0.5456139 0.3950982 -0.6458112 -0.6533188 0.3452324 -0.6846662 -0.6419088 0.09113025 -0.809338 -0.5802305 -0.008697867 -0.818551 -0.5743682 -0.331009 -0.7175014 -0.6128824 -0.1068786 -0.8054044 -0.5830102 -0.4127716 -0.6720623 -0.6147779 -0.417293 -0.615212 -0.6688653 0.02691799 -0.9013255 0.4323054 -0.7186994 -0.491483 0.4918493 -0.001953184 -0.7940227 -0.607885 0.738693 -0.5707139 0.3586341 0.0406208 -0.1731649 0.9840549 -0.6974267 0.04287958 0.7153721 0.03180092 0.1778656 0.9835408 -0.9592142 0.1175899 0.257062 -0.9618995 -0.192331 0.1943148 -0.8565015 0.4703677 0.2125078 -0.6402996 0.3180134 0.6992023 0.770176 -0.04770106 0.6360453 0.9043062 -0.008118033 0.4268072 0.8855965 -0.3264298 0.3303973 0.7231054 0.2360401 0.649156 -0.01062053 0.430164 0.9026883 0.8726786 0.3429187 0.3476187 -0.6139248 0.73002 -0.3002787 -0.7943906 0.5958921 -0.1177135 -0.001770079 0.8938085 -0.4484454 -0.03738617 0.8938202 -0.4468643 0.602603 0.6950154 -0.3922032 0.8417529 0.4920932 -0.2220279 0.9541057 0.2729373 -0.1232384 0.973369 0.03738558 -0.2261753 0.9539605 -0.1044968 -0.2811403 0.6762531 0.4889239 0.5510312 0.5176594 0.8554106 -0.01736515 0.8958953 0.3532919 0.2693637 -0.6491706 -0.05719268 0.7584898 -0.6030334 -0.7436364 0.2887138 -0.7654507 0.630312 -0.1295843 0.6083717 0.7640507 0.2147338 0.8772218 0.151102 0.4556865 0.9711971 0.2324305 -0.05246162 0.3667509 0.8868309 -0.2811136 -0.8288277 0.4973027 0.2563879 -0.7102063 0.5807144 0.397967 -0.06729453 0.992572 -0.1013538 0.04458785 0.9957041 0.08114928 0.7604764 0.6210649 -0.1896155 0.8839995 0.4264195 -0.1916019 0.009308218 0.9579225 -0.2868763 -0.002746701 0.9999825 0.005249202 0.8415098 0.5267943 0.1197884 -0.7072852 0.6772237 -0.2027703 -0.8434833 0.5238581 0.1187798 -7.62976e-4 0.8005452 0.599272 -0.9812203 0.1550676 0.1147214 -0.9163344 0.1845792 0.3553333 8.5454e-4 0.55539 0.8315896 0.9172815 0.1883027 0.3509083 0.9856689 0.1435914 0.0885353 0.7225192 -0.6911757 0.01556491 0.6764514 -0.7259531 -0.1241203 0.6900469 -0.6717352 0.2694571 -0.6874054 -0.6732752 0.2723497 -0.7223573 -0.6913193 0.01666343 -0.2095743 -0.9761824 -0.05609399 0.002410948 -0.4244241 0.9054604 -0.6762138 0.4889175 0.5510851 -0.5176729 0.8554025 -0.01736563 -0.8958879 0.353289 0.269392 0.6491694 -0.05722308 0.7584884 0.6030004 -0.7436638 0.2887126 0.7654477 0.6303095 -0.1296142 -0.6083677 0.7640457 0.2147629 -0.8772136 0.1510701 0.4557128 -0.9711987 0.2324309 -0.05243122 -0.366754 0.8868384 -0.2810855 0.8288182 0.4973153 0.2563943 0.7101913 0.5807271 0.3979756 0.06729477 0.9925749 -0.1013236 -0.04455739 0.9957056 0.08114939 -0.7604908 0.6210462 -0.1896191 -0.9875319 -0.001437425 -0.1574127 -0.7322483 0.02414071 0.6806097 -0.8298867 -0.4398472 0.343253 -0.680922 -0.2089369 0.7019194 -0.9463732 -0.271988 0.1743568 -0.7032815 0.2727794 0.6564957 -0.9849349 0.1213429 0.1232046 -0.02108854 -0.02255344 0.9995233 -0.1540923 0.3836897 0.9105151 0.6337405 0.2564871 0.7297859 0.7617127 -0.07358318 0.6437232 0.6924855 -0.3046753 0.6539394 -0.02212613 -0.405229 0.9139474 0.9166841 -0.1065131 0.3851562 0.9179188 0.1041307 0.3828604 0.7897707 -0.5098505 0.3410498 -0.8211334 -0.4008462 -0.4062787 -0.8572215 -0.01937961 -0.5145831 -0.02453726 -0.5588641 -0.8288962 0.1015685 -0.1587314 -0.9820836 -0.0164802 -0.9320498 -0.3619552 -0.9925035 0.07858604 -0.09360128 0.7627317 -0.4752119 -0.4386501 0.9118046 -0.3626648 -0.1925789 0.6906177 -0.7106382 -0.1343147 0.8368079 -0.5118997 -0.1941941 0.9591473 -0.1049849 -0.2627065 0.8248756 -0.1888534 -0.5328364 -0.7285055 0.1786624 0.6613316 -0.8764253 -0.3671787 0.3115419 -0.6164012 -0.2119269 0.7583776 -0.9909824 -0.09433418 0.09515821 -0.7663053 0.4873908 0.4186007 -0.9755878 0.2154069 -0.04275786 -0.1940117 0.6019033 0.7746431 -0.1352007 0.2688756 0.9536387 0.5660131 0.1169504 0.8160586 0.559042 0.4846373 0.6727547 -0.1628213 -0.1509797 0.9750357 0.4621832 -0.3507575 0.8144667 0.8198384 -0.2476636 0.5162635 0.873497 0.3137093 0.3722762 0.4935247 -0.7185117 0.490076 -0.7609349 -0.4515008 -0.4659669 -0.8362931 -0.04696935 -0.5462671 -0.7985452 -0.5744093 -0.1799435 -0.02990883 -0.9384662 -0.3440737 0.06561636 -0.5987265 -0.7982613 0.7916445 -0.5015875 -0.348868 0.5697888 -0.815802 -0.09903395 0.9293187 -0.325704 -0.1740221 0.6912598 -0.7222062 -0.0240491 0.09952265 -0.2709177 -0.9574439 0.9753249 -3.66228e-4 -0.2207741 0.9019416 -0.1044681 -0.4190322 -0.7696319 0.06232005 0.6354392 -0.7818716 -0.5431504 0.3060466 -0.6525125 -0.3323907 0.6809875 -0.9775511 -0.1626657 0.1339169 -0.2100973 -0.4321584 0.8769825 -0.2402784 0.1127383 0.9641351 0.4148754 -0.4131968 0.8106459 0.5020408 0.07739669 0.8613739 -0.3371793 0.5866456 0.7363132 -0.8199683 0.4724118 0.3232324 0.3616868 0.5860358 0.7250827 -0.2780312 0.8419371 0.4624291 0.340958 0.8451926 0.4115789 0.7245644 0.377954 0.576331 -0.9588846 0.2396677 -0.1519859 0.7867847 -0.1714873 0.5929268 0.5959845 -0.5288111 0.6042858 -0.6626504 -0.7472175 -0.05059981 -0.7811763 -0.4564796 -0.4258992 -0.7988708 0.5588678 -0.222424 -0.008026421 -0.9614619 -0.2748211 0.0348227 -0.6207665 -0.7832218 -0.2192838 0.9453775 -0.241197 0.1691967 0.9747127 0.1459719 -0.5275574 0.368521 -0.7654252 0.1187801 0.4536047 -0.883252 -0.7737606 0.07227015 -0.6293424 0.07577854 -0.0649138 -0.9950096 0.8895742 -0.1575402 -0.4287645 0.7648409 -0.6066296 -0.2168387 0.9389365 -0.3430905 0.02621549 0.5761485 -0.8112407 0.09970742 0.7915205 -0.6041619 0.09210753 0.9828091 0.07101809 0.170419 0.8544507 0.2492517 -0.4558373 0.7755624 0.4201319 0.4711605 0.002807736 0.4795451 -0.8775128 -0.7843778 0.3607692 -0.5045763 0.006378531 0.6233267 -0.7819356 0.791272 0.3506354 -0.5009425 -0.9522562 0.2196763 -0.212016 -0.7067816 0.5456666 -0.4502307 0.7105278 0.5398925 -0.451294 -0.2239472 0.7610179 -0.608851 0.1434412 0.9875774 0.06415176 0.09866881 0.5813313 -0.8076623 -0.1167976 0.992124 0.04526019 -0.2147011 -0.3573774 -0.9089472 0.05945044 -0.4889709 -0.8702719 -0.2035019 -0.9720058 -0.1174378 0.05759 -0.9672809 -0.2470848 0.092992 -0.6310455 0.770152 -0.2016697 -0.3962896 0.895703 0.1369695 0.3023219 0.9433138 -0.09717446 0.2869454 0.9530055 -0.5255946 -0.3280465 0.7849433 -0.3925096 0.2660678 0.8804228 -0.5765053 0.6531691 -0.4909297 -0.4301068 0.9017809 0.04242163 -0.4937766 -0.3290624 -0.804924 -0.4697818 -0.878098 -0.09082508 -0.001159727 -0.2681726 -0.9633702 0.2141517 0.8043889 -0.5541638 0.1915069 -0.2813854 -0.9402912 -0.001342833 0.8315281 -0.5554812 0.001220762 -0.9995335 -0.03051912 0.1813427 -0.9828888 -0.03231942 -0.3946769 0.7543176 -0.5246286 -0.3569175 -0.2753102 -0.8926446 -0.335095 -0.9416841 -0.03070175 -0.00476098 0.8272208 -0.5618571 -0.003997921 0.9994921 0.03161752 0.1819265 0.9828184 0.03116035 -0.004333734 -0.2787349 -0.9603584 -0.004059016 -0.9994948 -0.03152602 0.1972147 -0.3405022 0.9193284 -0.004333674 -0.3387314 0.9408732 0.1733472 0.2745783 0.9458105 -0.003723263 0.27882 0.9603362 -0.001403868 0.9994942 0.03177016 0.002288877 -0.3280498 0.9446577 0.002533078 0.2787003 0.9603748 -0.3180983 0.264202 0.9105004 -0.3593376 -0.331748 0.8722499 -0.3411448 0.9395369 0.02984786 -0.1623305 0.8198623 -0.5490672 -0.4808622 0.876362 0.02758944 -0.1383141 0.9898982 0.03116035 -0.5434595 0.6857411 -0.4841603 -0.1511008 -0.26625 -0.9519871 -0.4991065 -0.262829 -0.8257201 -0.1442353 -0.9890775 -0.03036689 -0.4750656 -0.8794482 -0.0297259 -0.5050944 -0.3142572 0.8038172 -0.1527195 -0.3253073 0.9331945 -0.4546169 0.2483363 0.855367 -0.1269269 0.2765597 0.9525778 0.09473073 0.9950085 0.03137344 0.08704 0.8294743 -0.5517214 0.07736486 -0.2853497 -0.955296 0.07339757 -0.9967116 -0.03433358 0.08221799 -0.3307337 0.9401359 0.09131425 0.2776662 0.956328 0.01242107 0.2799479 0.9599349 -0.01632761 -0.3674178 0.9299128 0.00640887 0.999426 0.03326535 -0.02597129 0.8083762 -0.5880931 -0.0175178 -0.3117811 -0.9499925 -0.01504594 -0.9978248 -0.0641818 -0.04718238 0.6766673 -0.7347756 -0.1514672 0.1535425 -0.9764643 -0.2024059 0.7043313 -0.6804039 -0.2118637 0.9626646 0.168496 -0.4871132 0.6998304 0.5224542 0.3199934 0.6710858 -0.6687663 0.1521668 0.1920244 -0.9695216 0.2460122 0.9470296 0.2064293 -0.2461361 0.3644279 0.8981145 -0.2987823 -0.5217245 0.7990824 -0.09061098 -0.5779693 0.8110125 0.2543812 0.4078645 0.8768904 0.3253354 -0.5054907 0.7991471 -0.2078949 -0.9758734 -0.06671434 0.2206209 -0.9688827 -0.1122179 -0.2143078 -0.7719599 -0.5984566 0.2187004 -0.7709448 -0.5981758 0.7510761 0.1309576 -0.6470973 0.7972496 0.428976 -0.4247033 0.9699422 0.2115854 -0.1201822 0.731294 0.6663193 0.1456972 0.738785 0.2931396 0.6068493 0.8028066 -0.3218857 0.5018877 0.9685347 -0.2345724 0.08316546 0.8139151 -0.5779716 -0.05908507 0.7783861 -0.4959942 -0.3848441 -0.6213687 0.2184556 0.7524481 -0.2850473 -0.3166345 0.9047048 -0.2370726 0.2708573 0.93297 -0.6720681 -0.2794358 0.6857407 -0.2716249 -0.9619488 -0.0295735 -0.6426428 -0.7656962 -0.02682638 -0.6660189 -0.2360959 -0.7075859 -0.2824567 -0.2593841 -0.9235465 -0.7089608 0.5722959 -0.4121311 -0.2999134 0.7921292 -0.5315856 -0.6485958 0.7607541 0.02401864 -0.2578888 0.9656944 0.03045833 0.07114034 0.278122 0.9579077 0.08172959 -0.340835 0.9365639 0.07642042 0.9965791 0.03146541 0.09018415 0.8225531 -0.561492 0.08035534 -0.2809234 -0.9563604 0.07519906 -0.9966623 -0.03177034 -0.1507056 0.2791931 0.9483349 -0.5377593 -0.2998878 0.7879608 -0.223829 -0.3462117 0.9110643 -0.4399689 0.2535559 0.8614736 -0.2125355 -0.9749045 -0.06625711 -0.4929994 -0.8691427 -0.03927755 -0.5190412 -0.2729949 -0.8099815 -0.2248985 -0.3031506 -0.926024 -0.583285 0.6674267 -0.4629474 -0.2460444 0.789863 -0.5617638 -0.1729844 0.9842536 0.0363487 -0.4732969 0.8803054 0.03244221 0.09345078 0.2837095 0.9543458 0.09180152 -0.4143582 0.9054722 0.09415113 0.9947364 0.04043763 0.09470248 0.7708351 -0.6299563 0.07605355 -0.3738589 -0.9243623 0.07306236 -0.9899741 -0.1208856 0.1890653 -0.9535365 -0.2345692 0.1904733 -0.7468774 -0.6370982 0.3671163 -0.9236962 -0.1095947 0.1507045 -0.7344481 -0.6617206 0.3076931 -0.9315026 0.1939791 0.6677629 -0.3137387 0.6750265 -0.310351 -0.9203101 -0.2381423 -0.5324387 -0.8455051 -0.04037696 -0.6865319 -0.6464906 -0.3327521 -0.8495011 -0.4854074 0.2067063 -0.8470862 -0.3898806 0.3611622 -0.5690003 -0.6101707 -0.5512991 -0.5705502 -0.6101332 -0.5497363 -0.6826562 -0.183299 0.7073768 -0.3006724 -0.1120349 0.9471243 -0.116828 0.2417436 0.9632815 -0.6046386 0.1201525 0.7873852 -0.1221667 0.7147808 0.6885957 0.5530009 0.6596336 0.5089927 -0.1111505 0.9767937 0.183084 -0.6443902 0.5676946 0.512332 -0.6086168 0.789749 0.07669508 0.5971044 -0.07266575 0.7988656 0.4732916 0.8748632 0.1030023 0.5919563 0.8055623 0.02563637 -0.1344668 0.9759989 -0.1713033 -0.6414535 0.7331944 -0.2257509 -0.5518421 0.2947512 -0.7801231 0.560734 -0.6206437 -0.5480684 -0.6481015 -0.5654255 -0.5101556 -0.5532861 -0.7414078 0.3797224 0.6682763 0.01232969 -0.7438111 -0.557622 0.2605756 -0.7881358 -0.5546242 -0.7594076 0.3401357 0.672464 -0.7344183 0.09177178 -0.3594542 0.1287297 0.9242411 -0.5831385 0.5833521 0.565376 -0.4070609 -0.2658805 0.8738473 -0.2849272 0.6955935 0.6595198 -0.3673859 -0.8784546 0.3055242 -0.8675041 -0.3647027 -0.3382732 -0.3602182 -0.3383664 0.8693395 -0.3268884 -0.930431 0.1656568 -0.2209885 -0.8147368 0.5360673 -0.2755307 -0.8968178 -0.3461225 -0.3388839 0.9393163 0.05331683 -0.4110305 0.8564255 -0.312393 -0.2462304 -0.3874741 -0.8883887 -0.384546 0.2099133 -0.8989221 -0.3106222 0.09054982 -0.9462106 -0.3250285 0.852063 -0.4102989 -0.2052756 0.5916859 -0.7795959 -0.8942983 0.02508658 -0.4467676 -0.3243559 0.9370552 -0.1293089 -0.9270267 -0.009705126 -0.3748698 -0.3001557 0.9538757 -0.005279779 -0.538577 -0.8276879 -0.1576941 -0.2945392 -0.9316849 -0.212626 0.1448414 -0.9892007 0.02243119 0.459764 -0.883394 0.09073203 0.04858684 -0.900475 0.4321853 -0.4160124 -0.7688494 0.4855971 0.8197519 -0.284319 0.4971615 0.9167115 -0.192669 0.3500271 0.4230553 -0.2190659 0.8792238 -0.133981 -0.1961494 0.9713776 0.5284099 0.7993901 0.2859346 0.2497419 0.7220023 0.6452454 -0.1748725 0.7084015 0.6838033 -0.2069522 0.8832017 -0.4208629 -0.3325644 0.005554437 -0.9430643 -0.4601637 0.004058957 -0.8878249 0.007416129 0.9369965 -0.3492602 -0.3768522 0.8349773 -0.400993 -0.4870842 -0.09039741 -0.8686641 -0.5293291 -0.8198741 -0.2182139 -0.2872784 -0.8795363 -0.3793246 -0.09647232 0.8517704 0.5149566 0.06403005 0.8553723 0.5140413 -0.7350986 -0.6640487 -0.1366369 -0.2317615 0.1713339 0.9575653 0.03607356 0.03906446 0.9985854 -0.1491784 -0.7297475 0.667244 -0.3992556 -0.5674483 0.7201372 0.04495406 -0.9215431 0.3856649 0.3279584 0.7236998 0.6072083 0.3659203 -0.2957881 0.8823898 0.01889115 0.9307656 -0.3651282 -0.07571661 -0.1274151 -0.9889552 -0.9621286 0.160899 -0.2200459 -0.03586012 0.7916693 0.6098967 -0.4235168 0.1246715 0.8972684 -0.3596961 -0.9316514 -0.05142438 -0.2777569 -0.5478228 0.7891396 -0.07638913 0.1257079 0.989122 0.1471949 0.2684178 -0.9519904 0.1635519 0.2390257 -0.9571403 0.1508553 0.3941831 -0.9065663 0.1205796 0.1833567 -0.9756234 0.1170719 0.4404845 -0.8900942 -0.09384763 -0.2147966 -0.9721395 -0.5252074 -0.1220163 -0.8421813 -0.7996835 -0.0840792 -0.5945057 -0.8172774 0.3294562 -0.4727751 -0.767533 0.4477199 -0.4587374 -0.6930022 0.636694 -0.3381845 -0.6344256 0.6999496 -0.327986 -0.7747527 -0.6052507 0.1828387 -0.239757 0.0526452 0.9694045 -0.2634111 0.2214472 0.9389227 -0.8139473 -0.547423 0.1944684 -0.5855421 -0.4105142 -0.6990126 -0.1856777 -0.3632375 -0.9130073 0.1318097 -0.1649834 -0.9774491 0.586091 -0.005859673 -0.8102241 -0.003234982 0.1878151 -0.9821991 -0.4645991 0.2577071 -0.8471923 0.803969 0.4193347 -0.4216542 0.9291346 0.3562232 -0.09906613 0.3757229 0.8069603 -0.4556834 -0.1836348 0.8833824 -0.4311773 0.5401604 0.521391 0.6605893 0.2473285 0.816941 0.5209952 -0.1788092 0.8367319 0.5175976 -0.2904549 -0.9204402 0.2615834 -0.1559809 -0.1864386 0.9700055 -0.4202226 -0.8717278 0.2519993 0.05688828 -0.09641104 0.9937146 -0.3281162 -0.1852234 0.9263003 -0.4512608 -0.8784417 0.1571752 -0.548709 -0.438961 -0.7114996 -0.3022323 -0.6017791 -0.7392683 -0.08804804 0.7128994 0.695717 0.07245188 0.7183543 0.6918944 -0.7519106 -0.3270477 -0.572425 -0.267222 0.9612179 -0.06820935 -0.006348013 0.9757369 -0.2188549 -0.2048457 0.4519913 -0.8681833 -0.4508839 0.5365501 -0.7133147 -0.005615413 0.1372734 -0.9905174 0.3271386 0.7832831 0.5286284 0.3157774 0.7883908 -0.5279438 -0.03677535 -0.9904333 0.1330018 0.06885033 -0.1128889 0.9912194 -0.9450172 -0.2030726 0.2563281 -0.03375411 0.7912696 0.6105353 -0.4577046 0.8846453 -0.08893448 -0.3908575 -0.3007958 -0.8699151 -0.3319898 0.6123409 -0.7175106 -0.1152093 0.9851236 -0.1275085 -0.3524405 0.8205503 -0.4499812 0.7194668 0.6867499 0.1036442 0.01312327 0.6810081 -0.7321584 0.0381487 0.9935761 0.1065418 -0.4041672 -0.2027702 -0.8919268 -0.04611492 -0.4899903 -0.8705073 -0.3939052 -0.9144631 -0.09271585 -0.009979665 -0.9512757 -0.3081803 0.05643004 -0.660955 0.748301 -0.3494466 -0.3595485 0.8652237 0.7283899 0.1738345 0.6627441 0.0508446 0.2064915 0.9771265 -0.7738576 0.6292858 0.07172125 -0.8305733 0.463766 -0.308333 -0.7767925 -0.1792058 -0.6037209 -0.7880993 -0.6026642 -0.1252816 -0.8419722 -0.2414398 0.4824829 -0.7849515 0.1312322 0.6054992 -0.139625 -0.2014262 -0.9695011 0.1176512 0.8562139 -0.5030467 0.09900289 -0.2083517 -0.9730303 -0.1601962 0.8653466 -0.4748816 0.1070612 -0.9880577 -0.1108151 -0.1566853 -0.9840292 -0.084477 -0.532224 0.7066717 -0.466211 -0.4651387 -0.1916893 -0.8642345 -0.5090598 -0.8498368 -0.1365122 0.02261483 0.865713 -0.5000297 0.01907426 0.9943038 0.1048627 0.1081912 0.9886452 0.1042847 0.02081412 -0.2078973 -0.9779292 0.02056992 -0.9942545 -0.1050471 0.02212637 -0.4074007 0.9129815 0.1311402 -0.409077 0.9030274 0.01876926 0.2075304 0.9780485 0.1156356 0.2061848 0.9716565 -0.1349237 0.9853918 0.1039166 -0.1809146 -0.3870987 0.9041154 -0.1607733 0.204873 0.9654943 -0.6008985 -0.3564678 0.7154382 -0.5557529 0.172555 0.8132426 -0.5112199 0.8547086 0.09015244 -0.2436686 0.8500322 -0.4669806 0.1433188 0.9842185 0.1037963 0.1565326 0.8505069 -0.5021312 -0.1983752 0.9747245 0.1027584 -0.2307271 -0.196057 -0.9530618 0.1334598 -0.2078652 -0.9690102 0.1435296 -0.9832528 -0.1123089 -0.2351831 -0.9682916 -0.08426427 0.1734714 -0.4077982 0.896442 -0.2468063 -0.3806318 0.8911824 0.1524729 0.2051488 0.9667813 -0.2104586 0.2029204 0.956311 0.03189229 0.993972 0.1048936 0.03781312 0.8651853 -0.5000246 0.03473037 -0.2082604 -0.9774566 0.03393697 -0.9938785 -0.1051376 0.03650134 -0.4077104 0.9123815 0.03106868 0.2074704 0.9777479 -0.7111854 0.6991304 0.07370346 -0.7423428 0.554163 -0.3766038 -0.6921097 -0.1655655 -0.7025471 -0.712565 -0.6919034 -0.1162786 -0.7329174 0.1412121 0.6655007 -0.7735474 -0.2908509 0.5630544 0.2055764 -0.9469764 -0.2469298 0.2561811 -0.7181252 -0.6470451 0.3564648 -0.9194229 -0.1661162 0.2849602 -0.9403349 0.1859245 0.6250027 -0.3929042 0.6745353 -0.8470683 -0.3898864 0.3611981 -0.3006714 -0.1120651 0.947121 -0.1262276 0.2371041 0.9632489 -0.604625 0.120278 0.7873767 -0.1296127 0.7166085 0.6853268 0.5392785 0.6315998 0.5570103 -0.1114572 0.9769294 0.1821709 -0.644407 0.567713 0.5122906 -0.6086374 0.7897362 0.07666331 0.5533739 -0.1038873 0.826429 0.4640708 0.8762595 0.1296444 0.5649312 0.8205862 0.08655095 -0.6414858 0.7331659 -0.2257515 -0.5518209 0.2947561 -0.7801362 -0.2480565 0.6690935 -0.7005583 -0.06274789 0.1828417 -0.9811379 -0.5534697 0.608313 -0.5688819 -0.3174565 0.9263675 0.2026448 0.3087049 0.6833624 -0.661602 0.2903926 0.2134531 -0.9327969 0.274274 0.9254268 0.261456 0.2789115 0.3298473 0.9018921 -0.3317765 0.2651526 0.9053279 -0.2552582 -0.6786744 0.6886541 0.3004972 -0.626814 0.718892 -0.2913051 -0.9550657 -0.05469024 0.1398401 -0.9523899 -0.2709211 0.115424 -0.7662791 -0.6320552 -0.2921938 -0.7671079 -0.5711116 -0.7546454 0.4958435 0.4297087 -0.5740354 -0.5480941 0.6083389 0.7854772 0.4431109 -0.4320628 0.6889374 0.191263 -0.6991308 0.9997375 -0.01269584 -0.01907426 0.7713482 0.6117316 0.1755173 0.7772384 0.2238295 0.5880485 0.7897627 -0.4004513 0.4646651 0.7875117 -0.611814 -0.07422214 0.7844105 -0.4607824 -0.4151864 -0.3304952 0.8246359 -0.4590737 -0.7543664 0.65283 0.06888115 -0.2747942 0.9561946 0.1008962 -0.7824776 0.5123536 -0.3538682 -0.3089178 -0.1928523 -0.9313313 -0.7365491 -0.1566548 -0.6579929 -0.7555945 -0.6452065 -0.1130737 -0.3185331 -0.9439407 -0.08667564 -0.8114065 -0.2707943 0.5179671 -0.3407797 -0.3730387 0.8629667 -0.7748653 0.1312043 0.6183602 -0.2962759 0.1982497 0.9343007 0.1093202 0.988521 0.1042845 0.1207637 0.8559968 -0.5026784 0.1032146 -0.2084434 -0.9725731 0.1109672 -0.9876574 -0.11054 0.1333366 -0.4089212 0.9027762 0.117072 0.2061578 0.9714902 -0.4222676 0.7909735 -0.4427767 -0.8159355 0.574863 0.06149649 -0.336441 0.9364439 0.09940022 -0.8586272 0.431572 -0.2765955 -0.3985788 -0.1975193 -0.8956121 -0.814613 -0.1387393 -0.563167 -0.8262755 -0.5542888 -0.1001638 -0.4029755 -0.9103266 -0.09442639 -0.8716552 -0.2134809 0.4411838 -0.4224104 -0.3602742 0.8317283 -0.8282566 0.1167048 0.5480612 -0.3483795 0.1946225 0.9169263 0.04300129 0.9934563 0.1058095 0.02642977 0.8445323 -0.5348522 0.01959353 -0.2402191 -0.9705209 0.02673482 -0.9906853 -0.1335217 0.043428 -0.4389496 0.8974617 0.05447697 0.2065243 0.9769238 -0.3594601 0.1288233 0.9242256 -0.4070577 -0.2659089 0.8738402 -0.2849326 0.6956372 0.6594713 -0.3388844 0.9393178 0.05328637 -0.3250244 0.8520523 -0.4103243 0.1448116 -0.989205 0.02243125 0.4597399 -0.8834062 0.09073328 0.04858624 -0.9004631 0.4322101 -0.4160099 -0.7688141 0.4856551 0.8197448 -0.2843471 0.4971572 0.4230302 -0.2190687 0.8792351 -0.1340102 -0.1960254 0.9713987 0.5284053 0.7993831 0.2859627 0.2497078 0.7220224 0.6452361 -0.1749057 0.7084125 0.6837834 -0.2069814 0.8831961 -0.4208602 -0.3325915 0.005554378 -0.9430547 -0.4601396 0.004059016 -0.8878373 -0.487048 -0.0903964 -0.8686845 -0.7350837 -0.6640657 -0.1366341 0.03610402 0.0390644 0.9985843 -0.1491485 -0.7297508 0.6672469 -0.3992537 -0.5674151 0.7201644 0.04498523 -0.9215264 0.3857013 0.32793 0.723735 0.6071817 0.36596 -0.2956734 0.8824118 -0.07571893 -0.1274189 -0.9889546 -0.2777548 -0.5477883 0.7891643 0.2123543 0.3090704 -0.9270281 0.2129034 0.2482755 -0.9450034 0.2513524 0.4086155 -0.8774141 0.1504258 0.1868955 -0.9707946 0.2422633 0.420497 -0.8743517 -0.5252295 -0.1220144 -0.8421678 -0.799698 -0.08408075 -0.5944861 -0.6344392 0.699934 -0.327993 -0.77482 -0.6051641 0.1828402 -0.2397854 0.05267524 0.9693959 -0.2634412 0.2214164 0.9389215 -0.8140039 -0.5473285 0.1944978 -0.5855494 -0.4104889 -0.6990213 -0.1857072 -0.3632354 -0.9130021 0.1318443 -0.164958 -0.9774487 -0.4645669 0.2576756 -0.8472196 0.8039692 0.4193958 -0.4215932 0.9291387 0.356213 -0.09906333 -0.1836054 0.8833873 -0.4311797 0.5401279 0.5213891 0.6606174 0.2472651 0.8169635 0.5209901 -0.1789034 0.8367445 0.5175444 -0.2904525 -0.9204329 0.2616118 -0.1559548 -0.1864744 0.9700028 -0.4201864 -0.8717463 0.2519958 0.05688816 -0.09644126 0.9937117 -0.3281415 -0.185251 0.9262857 -0.3022626 -0.6018396 -0.7392067 -0.087834 0.7130181 0.6956222 0.07251262 0.7183511 0.6918913 -0.2671359 0.9612374 -0.06827175 -0.006378531 0.9757366 -0.2188548 -0.2048749 0.4519884 -0.8681778 -0.4508938 0.5365618 -0.7132997 -0.00564593 0.1372734 -0.9905171 0.3271307 0.7832949 0.5286157 0.3157551 0.7884111 -0.5279269 -0.03683632 -0.9904311 0.1330015 0.06885194 -0.1129526 0.991212 -0.9450289 -0.2030141 0.2563312 -0.03372311 0.7913488 0.6104342 -0.457691 0.8846495 -0.08896237 -0.3908938 -0.3008002 -0.8698974 -0.3319272 0.6123074 -0.7175682 -0.1151197 0.98511 -0.1276938 0.03796559 0.9077572 0.4177746 0.2474164 0.9300318 -0.2717094 -0.2181174 0.9455012 -0.2417694 -0.1976724 0.7508317 -0.6302202 0.3907083 0.6878749 -0.6116987 -0.3197846 0.3272314 -0.8891892 -0.7830007 0.6170677 0.07834279 -0.8978744 0.4180212 -0.1381298 -0.2695462 0.9005016 0.3412359 -0.9064871 0.06280887 0.4175359 -0.9204684 -0.2944523 0.2569743 -0.6020892 0.4778748 0.6396282 0.2677146 0.5249001 0.8079658 -0.9790673 -0.1261373 0.1597393 -0.8414043 0.098118 -0.5314245 -0.3477055 -0.153176 -0.9250072 0 0.380151 -0.9249244 -0.830054 -0.1227777 -0.544 0 0.7432866 -0.6689731 -0.297316 0.7570542 -0.5817836 0 0.9163199 -0.4004474 -0.3968398 0.8751352 -0.2768692 -0.3855491 0.9215885 -0.04501581 -0.01556473 0.5299046 0.8479145 -0.0685451 0.3297855 0.9415643 -0.8210936 -0.3473106 0.4529687 -0.6201195 0.1266852 0.774211 -0.7294381 0.1153013 0.6742595 -0.8785087 -0.3075467 0.3655646 -0.8248936 0.3450765 0.4477418 -0.1712756 0.6465867 0.7433642 -0.2608471 0.8179129 0.5128131 -0.900526 0.3919563 0.188211 -0.935177 -0.2609413 0.2394861 0.297316 0.7570542 -0.5817836 0.3197846 0.3272314 -0.8891892 0.3477055 -0.153176 -0.9250072 0.8414043 0.098118 -0.5314245 0.1976724 0.7508317 -0.6302202 -0.3907083 0.6878749 -0.6116987 -0.2474164 0.9300318 -0.2717094 0.2181174 0.9455012 -0.2417694 -0.03796559 0.9077572 0.4177746 0.7830007 0.6170677 0.07834279 0.8978744 0.4180212 -0.1381298 0.2695462 0.9005016 0.3412359 0.9064871 0.06280887 0.4175359 0.9204684 -0.2944523 0.2569743 0.6020892 0.4778748 0.6396282 -0.2677146 0.5249001 0.8079658 0.9790673 -0.1261373 0.1597393 0.830054 -0.1227777 -0.544 0.01556473 0.5299046 0.8479145 0.0685451 0.3297855 0.9415643 0.8210936 -0.3473106 0.4529687 0.6201195 0.1266852 0.774211 0.7294381 0.1153013 0.6742595 0.8785087 -0.3075467 0.3655646 0.8248936 0.3450765 0.4477418 0.1712756 0.6465867 0.7433642 0.2608471 0.8179129 0.5128131 0.900526 0.3919563 0.188211 0.935177 -0.2609413 0.2394861 0.3298817 -0.2683551 -0.9050766 0.30144 -0.3068419 -0.9027636 0 0.02691739 0.9996377 -0.9655364 4.57788e-4 0.2602679 0 -0.9289159 0.3702906 0 -0.4463467 0.8948602 -0.959807 0.2806571 0.001434385 -0.9696754 0.2261142 0.09274679 0 0.9880521 0.1541208 0 0.9732436 -0.2297758 0 0.7371567 -0.675722 0 0.5929648 -0.8052285 0 0.03552389 0.9993689 0.9655364 4.57788e-4 0.2602679 0.959807 0.2806571 0.001434385 0.9696754 0.2261142 0.09274679 0.1962041 1.52593e-4 0.9805631 -0.3303731 0.02957332 0.943387 -0.9134468 -0.2441555 0.3255813 -0.8742251 -0.01294016 0.4853483 -0.9793412 -0.1146008 0.1666061 -0.009949088 -0.3800801 0.9249002 -0.6524454 -0.2412869 0.718398 -0.726266 -0.502438 -0.4691416 -0.6884167 -0.1803061 -0.702547 -0.129463 -0.2421099 -0.9615728 -0.1374586 -0.621738 -0.7710688 -0.965097 0.06091558 -0.2547101 -0.4820796 -0.8451348 0.2309685 -0.9182274 -0.0209971 0.3954967 -0.795736 -0.3997755 0.4549548 -0.8942113 -0.0067752 0.4475939 -0.6734116 -0.3633034 0.6438382 -0.7345759 -0.2816958 0.6172891 -0.667119 -0.4300154 0.6083085 -0.8460224 0.002868771 0.5331397 -0.5410755 -0.2504713 0.8028085 0 -0.9537758 0.3005194 0 -0.5919814 -0.8059517 0 -0.1503668 0.9886304 -0.1490872 0.1835131 -0.971646 0.667119 -0.4300154 0.6083085 0.5410755 -0.2504713 0.8028085 0.7345759 -0.2816958 0.6172891 0.6734116 -0.3633034 0.6438382 0.795736 -0.3997755 0.4549548 0.4820796 -0.8451348 0.2309685 0.6524454 -0.2412869 0.718398 0.009949088 -0.3800801 0.9249002 0.3303731 0.02957332 0.943387 -0.1962041 1.52593e-4 0.9805631 0.9134468 -0.2441555 0.3255813 0.8742251 -0.01294016 0.4853483 0.9793412 -0.1146008 0.1666061 0.726266 -0.502438 -0.4691416 0.6884167 -0.1803061 -0.702547 0.129463 -0.2421099 -0.9615728 0.1374586 -0.621738 -0.7710688 0.965097 0.06091558 -0.2547101 0.9182274 -0.0209971 0.3954967 0.8942113 -0.0067752 0.4475939 0.8460224 0.002868771 0.5331397 0.1490872 0.1835131 -0.971646 0.5891129 -0.3993137 -0.7024918 0.9072901 -0.2722359 -0.3204876 0.6376701 -0.4105761 -0.6517701 0.957333 -0.257065 -0.132027 0.9893298 -0.09451687 0.110875 0.9603935 -0.2769268 -0.03091543 0.7566348 -0.6004369 -0.2588038 0.04648077 -0.9846423 -0.1682831 0 -0.9970076 -0.07730561 0.01846414 -0.9672169 -0.2532795 0 -0.9719669 -0.2351178 -0.01846414 -0.9672169 -0.2532795 -0.04648077 -0.9846423 -0.1682831 -0.7566348 -0.6004369 -0.2588038 -0.9603935 -0.2769268 -0.03091543 -0.9072901 -0.2722359 -0.3204876 -0.9893298 -0.09451687 0.110875 -0.957333 -0.257065 -0.132027 -0.6376701 -0.4105761 -0.6517701 -0.5891129 -0.3993137 -0.7024918 -0.2612116 0.3291773 0.9074199 0.0787096 0.2447047 0.9663977 0 0.5558688 0.8312701 0 0.3657166 0.9307263 0 0.1737748 0.9847854 0.06280732 0.1662961 0.9840737 0 0.5083879 0.8611282 0.05847448 0.5964948 0.8004841 0.05533027 0.5793052 0.8132307 0 0.4696312 0.8828627 0.07263487 -0.4503973 0.8898688 0 -0.4814161 0.8764922 0 -0.9094614 0.4157887 0.06335759 -0.91188 0.4055377 -0.2035619 0.1722494 0.9637908 0.02560544 0.5623744 0.8264862 -0.9160229 0.06997966 0.3949748 -0.8442803 0.4624864 0.2707349 -0.7341398 0.402701 0.5466907 0.04779297 0.4627924 0.8851774 -0.7001081 -0.3619871 0.6154786 0.03320461 -0.5106126 0.8591696 -0.8043816 -0.5622462 0.1919626 -0.02929884 -0.9072577 0.4195536 -0.9936825 0.06625765 -0.09058165 -0.9895839 0.0872848 -0.1144773 -0.9715679 -0.1751477 0.1593084 -0.8730043 0.06543332 0.4833034 -0.8199644 0.1705423 0.5464191 -0.6265606 0.4139634 0.6603454 -0.0787096 0.2447047 0.9663977 0.2612116 0.3291773 0.9074199 -0.06280732 0.1662961 0.9840737 -0.05847448 0.5964948 0.8004841 -0.05533027 0.5793052 0.8132307 -0.07263487 -0.4503973 0.8898688 -0.06335759 -0.91188 0.4055377 0.2035619 0.1722494 0.9637908 -0.02560544 0.5623744 0.8264862 0.9160229 0.06997966 0.3949748 0.8442803 0.4624864 0.2707349 0.7341398 0.402701 0.5466907 -0.04779297 0.4627924 0.8851774 0.7001081 -0.3619871 0.6154786 -0.03320461 -0.5106126 0.8591696 0.8043816 -0.5622462 0.1919626 0.02929884 -0.9072577 0.4195536 0.9936825 0.06625765 -0.09058165 0.9895839 0.0872848 -0.1144773 0.9715679 -0.1751477 0.1593084 0.8730043 0.06543332 0.4833034 0.8199644 0.1705423 0.5464191 0.6265606 0.4139634 0.6603454 0.03051888 -0.4455764 -0.8947236 -0.2688472 -0.5569218 -0.7858494 -0.1430749 -0.4479637 -0.8825294 0.02948194 -0.5586006 -0.8289127 -0.03824084 -0.2219681 -0.9743038 -0.3520112 -0.1748458 -0.91952 -0.009338736 -0.4856166 -0.8741222 -0.3648875 -0.5050317 -0.7821765 0.03537112 -0.615958 -0.7869846 -0.08737587 -0.4533597 -0.8870347 0 -0.5105543 -0.8598456 0 -0.6670268 -0.7450338 0 -0.3105639 -0.9505525 -0.1317822 -0.2418348 -0.961327 0 -0.3547564 -0.9349589 -0.08267688 -0.4512284 -0.8885704 0 -0.5543833 -0.8322616 -0.09622645 -0.5212345 -0.8479713 -0.03537112 -0.615958 -0.7869846 0.08737587 -0.4533597 -0.8870347 0.1317822 -0.2418348 -0.961327 0.08267688 -0.4512284 -0.8885704 -0.03051888 -0.4455764 -0.8947236 -0.02948194 -0.5586006 -0.8289127 0.2688472 -0.5569218 -0.7858494 0.1430749 -0.4479637 -0.8825294 0.03824084 -0.2219681 -0.9743038 0.3520112 -0.1748458 -0.91952 0.009338736 -0.4856166 -0.8741222 0.3648875 -0.5050317 -0.7821765 0.09622645 -0.5212345 -0.8479713 0.06497526 -0.4541252 -0.8885655 -0.9726902 -0.2116773 -0.09521812 0 -0.8410148 0.5410121 -0.8946869 -0.4068451 -0.1844246 -0.7646026 -0.1666054 -0.6225959 0 -0.7869089 -0.6170692 0 -0.9926815 -0.1207624 -0.9656332 -0.2304518 0.1201853 0 0.480517 0.8769854 0 0.9879521 -0.1547604 0 0.7542059 0.656638 0 -0.7591015 0.6509723 0 -0.3473949 0.937719 0 -0.4125195 -0.9109488 -0.6159388 -0.392294 -0.6831727 -0.4524728 -0.04922693 -0.8904185 0 0.1592199 -0.9872432 0.9656332 -0.2304518 0.1201853 0.9726902 -0.2116773 -0.09521812 0 0.04956316 -0.998771 0.7646026 -0.1666054 -0.6225959 0.8946869 -0.4068451 -0.1844246 0.6159388 -0.392294 -0.6831727 0.4524728 -0.04922693 -0.8904185 0.3859126 -0.8910324 0.2390247 0 -0.9061863 0.4228788 -0.3859126 -0.8910324 0.2390247 -0.7475165 0.4877336 -0.450927 0 0.9706521 -0.2404885 -0.8815245 0.3421843 0.3253071 -0.5611281 0.8223429 0.09427416 -0.1179553 0.9782813 -0.1704477 0 0.9709982 -0.2390872 -0.3331199 0.9183915 -0.2135141 -0.8075937 0.5428109 0.2305405 -0.9496518 -0.3044855 0.07382482 0 -0.0379045 0.9992814 0 -0.8620582 0.5068094 -0.494255 0.1553416 0.8553251 0 0.1272644 0.9918689 -0.5721499 -0.1435639 0.8074861 -0.8483975 0.3186793 0.4226881 -0.8368955 0.4001363 0.3734931 -0.800761 0.4272679 0.4197906 0.9496518 -0.3044855 0.07382482 0.8815245 0.3421843 0.3253071 0.7475165 0.4877336 -0.450927 0 0.7401707 -0.6724191 0.5611281 0.8223429 0.09427416 0.1179553 0.9782813 -0.1704477 0.3331199 0.9183915 -0.2135141 0.8075937 0.5428109 0.2305405 0.8368955 0.4001363 0.3734931 0.494255 0.1553416 0.8553251 0.5721499 -0.1435639 0.8074861 0.8483975 0.3186793 0.4226881 0.800761 0.4272679 0.4197906 -0.9159666 -0.3610397 -0.1750875 -0.9536618 -0.2938687 -0.06457847 -0.9173496 -0.3978498 -0.01361161 -0.9966858 -0.06320458 0.05121064 -0.8771164 -0.22639 -0.4235734 -0.2211412 0.5156503 -0.8277689 -0.8125589 0.5755512 0.09213578 0.4999355 0.864152 0.05749821 -0.4872793 0.8505566 0.1977683 -0.2447631 0.3546625 0.9023888 -0.007355034 0.3900635 0.9207587 0.6493822 0.7590368 0.04654139 0.181284 0.1719451 0.9682826 -0.0255447 0.06732577 0.997404 -0.1229602 -0.04474049 0.9914027 0.3053109 0.03662264 0.9515483 0.9955372 -0.09418231 0.005951225 0.3921036 0.007202386 -0.919893 -0.3759315 0.1600104 0.912728 0.08771103 0.1139877 0.9896028 0.9931469 -0.1150869 -0.02035611 0.9988621 0.01107841 -0.0463891 0.04339802 0.04657196 -0.9979718 0.00827068 0.1175296 0.993035 -0.9463504 0.315145 -0.07144623 0.9583357 0.280228 -0.05536192 0.024751 0.07739645 -0.9966932 -0.1766118 0.9835876 -0.03692764 0.003234982 0.1511 0.9885132 -0.9805321 0.1757566 -0.08755785 0.1687718 0.0606113 -0.9837899 -0.188122 0.136422 -0.9726249 -0.8459095 0.522952 -0.1046819 -0.9620931 0.2419577 -0.1258314 -0.4481112 -0.03421181 0.893323 -0.2662768 -0.0165717 -0.9637542 -0.9789556 -0.1520758 -0.1360839 -0.4415213 -0.1658413 0.8817912 -0.432153 -0.3549087 0.8290257 -0.8819171 -0.4448497 -0.1559842 0.2316716 0.1665741 -0.9584266 -0.4220794 -0.5192217 0.7431405 0.249401 -0.6254253 0.7393527 0.1982824 -0.9570477 -0.2115277 0.9137247 -0.4057879 -0.02105844 0.5277049 -0.2323721 -0.8170255 -0.7893348 -0.573049 -0.2203753 -0.1276932 -0.1748152 -0.9762859 -0.1847295 -0.1768862 -0.96674 0.2164134 -0.2654888 -0.939511 -0.2255952 -0.1001018 -0.9690647 0.08902531 -0.05447727 -0.9945386 0.5371177 -0.841461 0.05872005 0.01818943 -0.431938 0.9017199 0 -0.3401964 0.9403545 0 0.04358154 0.99905 0 0.4932506 0.8698874 0.2176052 0.3550963 0.9091504 0.6589987 0.7167713 0.2279471 0 0.9809336 0.1943434 0.9874523 0.1146305 0.1086182 0.3959596 0.4422271 -0.8047678 -0.1145382 -0.827709 0.5493441 0 -0.7400257 0.6725786 -0.3176123 -0.9238132 0.2137558 0.03198456 0.3225318 -0.9460181 0 0.5986955 -0.8009768 -0.07849615 -0.8747806 -0.4781186 0.05316483 -0.1684063 -0.984283 -0.6589987 0.7167713 0.2279471 -0.2176052 0.3550963 0.9091504 -0.9874523 0.1146305 0.1086182 -0.3959596 0.4422271 -0.8047678 0.2211412 0.5156503 -0.8277689 -0.4999355 0.864152 0.05749821 0.8125485 0.5755654 0.09213805 0.4872764 0.8505516 0.1977977 0.2447631 0.3546625 0.9023888 0.007355034 0.3900635 0.9207587 -0.6493822 0.7590368 0.04654139 -0.181284 0.1719451 0.9682826 0.0255447 0.06732577 0.997404 0.1229602 -0.04474049 0.9914027 -0.3053109 0.03662264 0.9515483 -0.9955372 -0.09418231 0.005951225 -0.3921145 0.007202565 -0.9198882 0.3759315 0.1600104 0.912728 -0.08771103 0.1139877 0.9896028 -0.9931469 -0.1150869 -0.02035611 -0.9988621 0.01107841 -0.0463891 -0.04339802 0.04657196 -0.9979718 -0.00827068 0.1175296 0.993035 0.9463504 0.315145 -0.07144623 -0.9583357 0.280228 -0.05536192 -0.024751 0.07739645 -0.9966932 0.1766118 0.9835876 -0.03692764 -0.003234982 0.1511 0.9885132 0.9805321 0.1757566 -0.08755785 -0.1687718 0.0606113 -0.9837899 0.188122 0.136422 -0.9726249 0.8459095 0.522952 -0.1046819 0.9620931 0.2419577 -0.1258314 0.4481356 -0.03421133 0.8933108 0.4415213 -0.1658413 0.8817912 0.432153 -0.3549087 0.8290257 0.8819171 -0.4448497 -0.1559842 0.9789556 -0.1520758 -0.1360839 0.2662768 -0.0165717 -0.9637542 -0.2316716 0.1665741 -0.9584266 0.4220794 -0.5192217 0.7431405 -0.249401 -0.6254253 0.7393527 -0.1982824 -0.9570477 -0.2115277 -0.9137247 -0.4057879 -0.02105844 -0.5277049 -0.2323721 -0.8170255 0.7893348 -0.573049 -0.2203753 0.1276932 -0.1748152 -0.9762859 0.1847295 -0.1768862 -0.96674 0.2255952 -0.1001018 -0.9690647 -0.08902531 -0.05447727 -0.9945386 -0.2164134 -0.2654888 -0.939511 -0.5371177 -0.841461 0.05872005 -0.01818943 -0.431938 0.9017199 0.1145382 -0.827709 0.5493441 0.3176123 -0.9238132 0.2137558 -0.03198456 0.3225318 -0.9460181 0.07849615 -0.8747806 -0.4781186 -0.05316483 -0.1684063 -0.984283 -0.3690993 0.4571471 -0.8091862 -0.5689334 0.2138154 -0.7941019 -0.7915779 0.2593221 -0.5533141 -0.4592593 0.6285212 -0.6277276 -0.854059 0.4057574 -0.325491 0 0.4839993 -0.8750685 0 0.7428676 -0.6694384 -0.3287786 0.9269464 -0.1807626 -0.7848439 0.5682763 0.2471483 -0.6946107 0.7164317 -0.06512737 -0.5088398 0.8598363 0.04199385 -0.06292992 0.9714157 0.2288915 0 0.9673449 -0.2534642 0 0.9979383 0.06418126 -0.8891603 -0.3289411 -0.3181066 -0.9999015 0.0140388 -9.15577e-5 -0.9907765 -0.06891244 -0.116675 -0.5575813 -0.5017622 0.6613153 -0.5906657 -0.5448261 0.5952131 -0.9438932 -0.2490659 0.2168684 0 -0.5698478 0.8217504 -0.9516978 -0.2837026 0.1174057 -0.935933 0.04971581 0.3486516 -0.5766347 -0.1775622 0.7974736 -0.7674205 0.3576616 0.5321128 -0.476741 0.1998094 0.8560341 0 0.1203076 0.9927367 0 0.6388897 0.7692984 0 -0.5423855 0.8401299 -0.9254698 0.2535245 0.2814803 -0.5134884 0.5434889 0.6640404 0.476741 0.1998094 0.8560341 0.5766347 -0.1775622 0.7974736 0.7674205 0.3576616 0.5321128 0.935933 0.04971581 0.3486516 0.5906657 -0.5448261 0.5952131 0.9516978 -0.2837026 0.1174057 0.9438932 -0.2490659 0.2168684 0.5575813 -0.5017622 0.6613153 0.7719263 -0.6280275 -0.09854704 0.4537497 -0.8447532 0.2837309 0.8891603 -0.3289411 -0.3181066 0.3690993 0.4571471 -0.8091862 0 0.3130031 -0.9497522 0.4592593 0.6285212 -0.6277276 0.7915779 0.2593221 -0.5533141 0.854059 0.4057574 -0.325491 0.3287786 0.9269464 -0.1807626 0.7848439 0.5682763 0.2471483 0.6946107 0.7164317 -0.06512737 0.5088398 0.8598363 0.04199385 0.06292992 0.9714157 0.2288915 0.9907765 -0.06891244 -0.116675 0.5134884 0.5434889 0.6640404 0.9254698 0.2535245 0.2814803 0.9999015 0.0140388 -9.15577e-5 0 -0.9956442 0.09323477 -0.5976167 -0.7771885 0.197059 -0.5329638 -0.8432871 0.06940156 0 -0.9559122 0.2936527 0 -0.9997897 0.02050846 -0.5067494 -0.8616938 0.02624696 -0.5116213 -0.858684 0.03009176 0 -0.9999774 0.006744623 -0.5929238 -0.679903 0.4314781 0 -0.7926195 0.6097167 -0.4839698 -0.6411119 0.5956081 0 -0.734231 0.6788997 -0.9859542 -0.1470111 0.07925844 -0.9797579 -0.1668789 0.110571 -0.7221449 0.6878108 -0.07364279 -0.6483191 0.7582187 0.06918698 -0.986341 -0.1270502 0.1048325 -0.7361717 0.581381 -0.3464787 -0.9874492 -0.1214054 0.1010186 -0.7321556 0.4661197 -0.4966695 0 0.9904183 -0.1381006 0 0.9972667 0.07388627 0 0.8474853 -0.5308189 0 0.6740161 -0.7387167 -0.5430611 0.8265551 0.1479577 0 0.9841592 0.1772872 0.6483191 0.7582187 0.06918698 0.7221449 0.6878108 -0.07364279 0.9859542 -0.1470111 0.07925844 0.9797579 -0.1668789 0.110571 0.986341 -0.1270502 0.1048325 0.7361717 0.581381 -0.3464787 0.9874492 -0.1214054 0.1010186 0.7321556 0.4661197 -0.4966695 0.5329638 -0.8432871 0.06940156 0.5067494 -0.8616938 0.02624696 0.5976167 -0.7771885 0.197059 0.5116213 -0.858684 0.03009176 0.5929238 -0.679903 0.4314781 0.4839698 -0.6411119 0.5956081 0.6456374 -0.7621909 0.04709136 0.5430611 0.8265551 0.1479577 0.3073029 -0.8297697 -0.4658833 0 -0.9983615 -0.05722272 0.2228189 -0.9682444 -0.1133779 0.5714091 -0.7090196 -0.413259 0.1648684 -0.754177 -0.6356378 -0.3073029 -0.8297697 -0.4658833 -0.2228189 -0.9682444 -0.1133779 -0.5714091 -0.7090196 -0.413259 -0.1648647 -0.7541902 -0.6356232 0 -0.4735683 0.8807571 -0.4541896 -0.2790998 0.8460586 -0.4694208 -0.4541611 0.75722 -0.5970721 0.4040094 0.6930235 0 0.4079217 0.913017 0 0.723097 0.6907464 -0.5689778 0.6055404 0.5564038 0 0.1833284 0.9830517 -0.728125 0.4818357 0.4875123 -0.7330921 0.267894 0.6251471 -0.5768762 0.1820783 0.7962797 -0.5128119 0.2141217 0.8313699 0.5970721 0.4040094 0.6930235 0.5689778 0.6055404 0.5564038 0.728125 0.4818357 0.4875123 0.7330921 0.267894 0.6251471 0.5768762 0.1820783 0.7962797 0.5128119 0.2141217 0.8313699 -0.6456374 -0.7621909 0.04709136 -0.3298817 -0.2683551 -0.9050766 -0.30144 -0.3068419 -0.9027636 0 -0.6617267 0.7497453 0.9536618 -0.2938687 -0.06457847 0.9159666 -0.3610397 -0.1750875 0.9173496 -0.3978498 -0.01361161 0.3968398 0.8751352 -0.2768692 0.3855491 0.9215885 -0.04501581 0.8370925 -0.4643867 0.2891735 0.8345198 0.5381164 0.1183539 -0.8345061 0.538138 0.1183519 -0.8370805 -0.4644106 0.2891694 0.2663419 -0.6968777 -0.6659006 0.9962444 -0.08112049 -0.03027522 0.9981437 -0.03204458 -0.05179017 0.267713 -0.4464325 -0.8538313 0.4438791 -0.7271328 0.5236882 -0.7375477 -0.6007015 -0.3085145 -0.9030266 -0.2481499 0.3506633 -0.9871675 0.07410013 0.1414555 -0.7010585 -0.3451731 -0.6239973 -0.4711554 0.1895852 0.8614349 0.5632303 0.3300643 0.7575151 -0.3947669 0.4527536 0.7994832 0.5878044 0.3996216 0.7034121 -0.6981864 -0.5214806 0.4905036 -0.9331685 0.03692871 0.3575375 -0.990844 -0.1326375 0.025209 -0.7644181 -0.3972703 0.5077809 0.5506907 -0.7404903 0.3852454 0.5046654 -0.7699688 0.3904626 0.9834629 -0.1809144 0.008423089 0.9393697 -0.3100408 -0.1464903 0.9511243 -0.2799507 -0.1303466 0.5155353 -0.7808108 0.3529275 0.8249403 0.02993953 0.5644264 0.3854563 -0.1702966 0.9068752 -0.4499809 0.2296599 0.8630027 -0.4084658 0.01159715 0.9127 -0.719037 -0.5235297 0.4570585 -0.9731212 -0.09646975 0.2091145 0.246226 -0.8712521 -0.4246087 0.4115265 -0.6179916 -0.669875 -0.6561034 -0.6731942 -0.3410834 -0.6032512 -0.5046423 -0.6175954 0.2588052 -0.6804623 -0.685559 0.9972319 -0.07400804 -0.007171869 0.9976813 -0.03351032 -0.05923825 0.2528178 -0.424303 -0.8695114 0.4724031 -0.7262598 0.4993818 -0.7239701 -0.6096462 -0.3227987 -0.8943095 -0.2498316 0.3712072 -0.9815967 0.0901544 0.1683452 -0.6895238 -0.3304635 -0.6444772 -0.4535074 0.1814334 0.8725898 0.5415866 0.3164494 0.7788092 -0.3817633 0.4325776 0.8167824 0.5504699 0.391039 0.737612 -0.3520029 0.4909547 -0.7969049 -0.7231054 0.2360401 0.649156 0.01062053 0.430164 0.9026883 -0.8726786 0.3429187 0.3476187 0.02212613 -0.405229 0.9139474 0.9522562 0.2196763 -0.212016 0.3520029 0.4909547 -0.7969049 -2.74674e-4 0.8289669 -0.5592978 0.9532783 0.2096083 -0.2175434 -0.4344741 0.1994748 -0.8783178 -0.3833142 0.2110974 -0.8991709 -0.8925102 0.05575895 -0.4475674 0 0.2243758 -0.9745027 -0.8538349 0.1087398 -0.5090598 -0.9916917 -0.1283638 -0.008392751 -0.9894504 -0.1443845 0.01187181 -0.7160583 -0.5221042 0.4633228 -0.6974643 -0.5098603 0.5035733 -0.5725927 -0.5741797 0.585197 -0.5435801 -0.5333256 0.6481394 -0.7036325 -0.4485486 0.5510948 0 -0.6506104 0.7594118 0 -0.5415533 0.8406665 0 0.189462 -0.9818881 0.7036325 -0.4485486 0.5510948 0.5725927 -0.5741797 0.585197 0.5435801 -0.5333256 0.6481394 0.6974643 -0.5098603 0.5035733 0.7160583 -0.5221042 0.4633228 0.9894504 -0.1443845 0.01187181 0.9916917 -0.1283638 -0.008392751 0.8925102 0.05575895 -0.4475674 0.8538349 0.1087398 -0.5090598 0.3833142 0.2110974 -0.8991709 0.4344741 0.1994748 -0.8783178 0.02377408 0.955879 0.2927973 0.5233494 0.7642097 0.3769471 0.7656872 0.4669383 0.4423706 0.8353105 -0.5495898 -0.01440501 0.4771348 -0.8727227 -0.103429 0.2497698 -0.9676136 0.0365926 0.06378418 -0.9647586 -0.2552893 0.3075767 -0.3096826 -0.8997185 -0.06625658 -0.7402981 -0.6690059 -0.153878 -0.5496211 -0.8211203 0.286758 0.07495504 -0.9550664 0 -0.06100827 -0.9981374 0 -0.2313674 -0.9728665 0.4245567 0.8534778 0.3022041 0 0.91136 0.4116104 0.450793 0.8880053 -0.09073233 0.005920767 0.7087862 0.7053985 0 0.5643885 0.8255094 0.07071316 -0.9208276 -0.3835052 0 -0.9346811 -0.3554877 0.11219 0.7544137 0.6467406 0.11811 0.6052602 0.7872167 0 0.903723 0.4281178 -0.005920767 0.7087862 0.7053985 0.153878 -0.5496211 -0.8211203 -0.286758 0.07495504 -0.9550664 -0.3075767 -0.3096826 -0.8997185 0.06625658 -0.7402981 -0.6690059 -0.06378418 -0.9647586 -0.2552893 -0.8353105 -0.5495898 -0.01440501 -0.2497698 -0.9676136 0.0365926 -0.4771348 -0.8727227 -0.103429 -0.07071316 -0.9208276 -0.3835052 -0.7656872 0.4669383 0.4423706 -0.4245567 0.8534778 0.3022041 -0.5233494 0.7642097 0.3769471 -0.02377408 0.955879 0.2927973 -0.450793 0.8880053 -0.09073233 -0.11219 0.7544137 0.6467406 -0.11811 0.6052602 0.7872167 -0.06497526 -0.4541252 -0.8885655 -0.9584798 -0.140601 -0.2480889 -0.918574 -0.1824147 0.3506378 -0.9800369 -0.1485681 0.1321182 -0.9284113 -0.3428783 -0.143133 -0.9450374 -0.06229037 -0.3209739 -0.8624087 -0.4020586 0.3075715 -0.7860414 -0.612115 0.08633756 -0.7106686 -0.6923266 0.1250368 -0.2695446 0.298263 -0.9156337 0 0.2141183 -0.9768078 -0.3719407 -0.7475743 -0.550266 -0.7719263 -0.6280275 -0.09854704 -0.2098191 -0.849348 -0.4843389 -0.4537614 -0.8447446 0.2837382 0.3719407 -0.7475743 -0.550266 0.5689334 0.2138154 -0.7941019 0.2695446 0.298263 -0.9156337 0 -0.2352113 0.9719443 -0.3484095 0.04599273 0.9362133 -0.5041564 -0.4739418 0.7219457 0 -0.5599713 0.828512 -0.1232689 -0.9232507 0.3638861 0 -0.830342 0.5572542 -0.3302497 -0.8304921 0.4485732 0.4541896 -0.2790998 0.8460586 0.4694208 -0.4541611 0.75722 0.3484095 0.04599273 0.9362133 0.5041564 -0.4739418 0.7219457 0.1232689 -0.9232507 0.3638861 0.3302497 -0.8304921 0.4485732 0.02908444 -0.9605208 -0.2766842 0 -0.9371744 0.3488615 -0.02908444 -0.9605208 -0.2766842 0.2098191 -0.849348 -0.4843389 0.9966858 -0.06320458 0.05121064 0.8771164 -0.22639 -0.4235734 0.9584798 -0.140601 -0.2480889 0.918574 -0.1824147 0.3506378 0.9800369 -0.1485681 0.1321182 0.9284113 -0.3428783 -0.143133 0.9450374 -0.06229037 -0.3209739 0.8624087 -0.4020586 0.3075715 0.7860414 -0.612115 0.08633756 0.7106686 -0.6923266 0.1250368</float_array>
          <technique_common>
            <accessor source="#chr305-mesh-normals-array" count="2760" stride="3">
              <param name="X" type="float"/>
              <param name="Y" type="float"/>
              <param name="Z" type="float"/>
            </accessor>
          </technique_common>
        </source>
        <source id="chr305-mesh-map-0">
          <float_array id="chr305-mesh-map-0-array" count="23424">0.837432 0.970312 0.799161 0.957409 0.799161 0.973171 0.837432 0.970312 0.82583 0.957409 0.799161 0.957409 0.872578 0.957409 0.82583 0.957409 0.837432 0.970312 0.82583 0.957409 0.82583 0.957409 0.872578 0.957409 0.799161 0.957409 0.799161 0.957409 0.82583 0.957409 0.799161 0.957409 0.82583 0.957409 0.82583 0.957409 0.799161 0.988932 0.837432 0.970312 0.799161 0.973171 0.799161 0.988932 0.849035 0.983216 0.837432 0.970312 0.837432 0.970312 0.849035 0.983216 0.872578 0.957409 0.837432 0.970312 0.849035 0.983216 0.799161 0.988932 0.872578 0.957409 0.849035 0.983216 0.837432 0.970312 0.872578 0.957409 0.82583 0.957409 0.82583 0.957409 0.82583 0.957409 0.799161 0.957409 0.82583 0.957409 0.837432 0.970312 0.82583 0.957409 0.872578 0.957409 0.837432 0.970312 0.799161 0.957409 0.82583 0.957409 0.82583 0.957409 0.799161 0.957409 0.799161 0.957409 0.837432 0.970312 0.799161 0.988932 0.799161 0.973171 0.837432 0.970312 0.799161 0.973171 0.799161 0.957409 0.798726 0.957409 0.840973 0.957409 0.840969 0.957409 0.798726 0.957409 0.798726 0.957409 0.840973 0.957409 0.840969 0.957409 0.840973 0.957409 0.872578 0.957409 0.872578 0.957409 0.840973 0.957409 0.845 0.970312 0.845 0.970312 0.849035 0.983216 0.872578 0.957409 0.845 0.970312 0.798726 0.988932 0.849035 0.983216 0.840973 0.957409 0.798726 0.973171 0.845 0.970312 0.840973 0.957409 0.798726 0.957409 0.798726 0.973171 0.845 0.970312 0.798726 0.973171 0.798726 0.988932 0.845 0.970312 0.849035 0.983216 0.798726 0.988932 0.872578 0.957409 0.849035 0.983216 0.845 0.970312 0.845 0.970312 0.840966 0.957409 0.872578 0.957409 0.872578 0.957409 0.840966 0.957409 0.840969 0.957409 0.840966 0.957409 0.798726 0.957409 0.840969 0.957409 0.845 0.970312 0.798726 0.988932 0.798726 0.973171 0.798726 0.973171 0.840966 0.957409 0.845 0.970312 0.840966 0.957409 0.798726 0.957409 0.798726 0.957409 0.798726 0.973171 0.798726 0.957409 0.840966 0.957409 0.840973 0.948388 0.801624 0.944893 0.840966 0.948425 0.840973 0.948388 0.840966 0.948425 0.877568 0.94351 0.840966 0.948425 0.849035 0.983216 0.877568 0.94351 0.849035 0.983216 0.840973 0.948388 0.877568 0.94351 0.840973 0.948388 0.849035 0.983216 0.801624 0.944893 0.840966 0.948425 0.801624 0.988932 0.849035 0.983216 0.849035 0.983216 0.801624 0.988932 0.801624 0.944893 0.840966 0.948425 0.801624 0.944893 0.787349 0.944846 0.787349 0.944846 0.801624 0.988932 0.840966 0.948425 0.840973 0.948388 0.801624 0.944893 0.840966 0.948425 0.840973 0.948388 0.840966 0.948425 0.877568 0.94351 0.849035 0.983216 0.840973 0.948388 0.877568 0.94351 0.840973 0.948388 0.849035 0.983216 0.801624 0.944893 0.840966 0.948425 0.849035 0.983216 0.877568 0.94351 0.840966 0.948425 0.801624 0.988932 0.849035 0.983216 0.849035 0.983216 0.801624 0.988932 0.801624 0.944893 0.787349 0.944846 0.801624 0.988932 0.840966 0.948425 0.840966 0.948425 0.801624 0.944893 0.787349 0.944846 0.801624 0.944893 0.840973 0.948388 0.840966 0.948425 0.840966 0.948425 0.840973 0.948388 0.877568 0.94351 0.840973 0.948388 0.849035 0.983216 0.877568 0.94351 0.849035 0.983216 0.840973 0.948388 0.801624 0.944893 0.849035 0.983216 0.840966 0.948425 0.877568 0.94351 0.801624 0.988932 0.849035 0.983216 0.801624 0.944893 0.801624 0.988932 0.840966 0.948425 0.849035 0.983216 0.801624 0.944893 0.840966 0.948425 0.787349 0.944846 0.801624 0.988932 0.787349 0.944846 0.840966 0.948425 0.801624 0.944893 0.840973 0.948388 0.840966 0.948425 0.840966 0.948425 0.840973 0.948388 0.877568 0.94351 0.840973 0.948388 0.849035 0.983216 0.877568 0.94351 0.849035 0.983216 0.840973 0.948388 0.801624 0.944893 0.849035 0.983216 0.840966 0.948425 0.877568 0.94351 0.801624 0.988932 0.849035 0.983216 0.801624 0.944893 0.801624 0.988932 0.840966 0.948425 0.849035 0.983216 0.801624 0.944893 0.840966 0.948425 0.787349 0.944846 0.801624 0.988932 0.787349 0.944846 0.840966 0.948425 0.970702 0.832609 0.980744 0.792739 0.980744 0.848538 0.970702 0.832609 0.970702 0.802335 0.980744 0.792739 0.970702 0.795677 0.980744 0.792739 0.970702 0.802335 0.970702 0.795677 0.980744 0.784698 0.980744 0.792739 0.980744 0.784698 0.970702 0.795677 0.970702 0.843987 0.980744 0.784698 0.970702 0.843987 0.980744 0.853581 0.959736 0.845159 0.970702 0.843987 0.970702 0.795677 0.959736 0.845159 0.970702 0.795677 0.959736 0.791851 0.947416 0.836647 0.959736 0.845159 0.959736 0.791851 0.947416 0.836647 0.959736 0.791851 0.947416 0.802347 0.947416 0.802347 0.947416 0.825034 0.947416 0.836647 0.947416 0.802347 0.947416 0.808878 0.947416 0.825034 0.947416 0.802347 0.959736 0.799909 0.947416 0.808878 0.947416 0.802347 0.959736 0.791851 0.959736 0.799909 0.970702 0.795677 0.959736 0.799909 0.959736 0.791851 0.970702 0.795677 0.970702 0.802335 0.959736 0.799909 0.959736 0.799909 0.947416 0.825034 0.947416 0.808878 0.959736 0.799909 0.959736 0.831112 0.947416 0.825034 0.970702 0.802335 0.959736 0.831112 0.959736 0.799909 0.970702 0.802335 0.970702 0.832609 0.959736 0.831112 0.993981 0.790204 0.980744 0.792739 0.980744 0.784698 0.993981 0.790204 0.980744 0.784698 0.980744 0.853581 0.993981 0.790204 0.980744 0.853581 0.993981 0.851328 0.993981 0.851328 0.993981 0.796862 0.993981 0.790204 0.980744 0.848538 0.980744 0.792739 0.993981 0.796862 0.993981 0.790204 0.993981 0.796862 0.980744 0.792739 0.993981 0.851328 0.993981 0.854356 0.993981 0.796862 0.980744 0.848538 0.993981 0.796862 0.993981 0.854356 0.547816 0.416592 0.57959 0.44688 0.559893 0.44363 0.581071 0.395319 0.57959 0.44688 0.547816 0.416592 0.534961 0.375221 0.581071 0.395319 0.547816 0.416592 0.534961 0.375221 0.559765 0.357226 0.581071 0.395319 0.612667 0.379785 0.581071 0.395319 0.559765 0.357226 0.612667 0.379785 0.559765 0.357226 0.588431 0.334323 0.588431 0.334323 0.559765 0.357226 0.544389 0.308764 0.588431 0.334323 0.544389 0.308764 0.571414 0.29153 0.520906 0.336951 0.544389 0.308764 0.559765 0.357226 0.520906 0.336951 0.559765 0.357226 0.534961 0.375221 0.514068 0.287103 0.544389 0.308764 0.520906 0.336951 0.571414 0.29153 0.544389 0.308764 0.539209 0.260451 0.514068 0.287103 0.539209 0.260451 0.544389 0.308764 0.510038 0.23558 0.539209 0.260451 0.514068 0.287103 0.510038 0.23558 0.54071 0.20889 0.539209 0.260451 0.571414 0.29153 0.539209 0.260451 0.570888 0.242772 0.570888 0.242772 0.539209 0.260451 0.54071 0.20889 0.570888 0.242772 0.54071 0.20889 0.574628 0.192088 0.612667 0.379785 0.588431 0.334323 0.615688 0.327516 0.615688 0.327516 0.664332 0.370051 0.612667 0.379785 0.615688 0.327516 0.671974 0.340975 0.664332 0.370051 0.722695 0.365294 0.664332 0.370051 0.671974 0.340975 0.722695 0.365294 0.671974 0.340975 0.73315 0.33857 0.73315 0.33857 0.671974 0.340975 0.682105 0.300759 0.73315 0.33857 0.682105 0.300759 0.742455 0.305934 0.682105 0.300759 0.746097 0.270491 0.742455 0.305934 0.682105 0.300759 0.685608 0.256155 0.746097 0.270491 0.747835 0.2350479 0.746097 0.270491 0.685608 0.256155 0.747835 0.2350479 0.685608 0.256155 0.677681 0.212188 0.677681 0.212188 0.685608 0.256155 0.638595 0.243386 0.677681 0.212188 0.638595 0.243386 0.637104 0.191524 0.640502 0.292127 0.685608 0.256155 0.682105 0.300759 0.640502 0.292127 0.638595 0.243386 0.685608 0.256155 0.640502 0.292127 0.671974 0.340975 0.615688 0.327516 0.640502 0.292127 0.682105 0.300759 0.671974 0.340975 0.710824 0.389439 0.664332 0.370051 0.722695 0.365294 0.710824 0.389439 0.669102 0.39624 0.664332 0.370051 0.696991 0.409441 0.669102 0.39624 0.710824 0.389439 0.696991 0.409441 0.67476 0.430183 0.669102 0.39624 0.664431 0.443414 0.669102 0.39624 0.67476 0.430183 0.664431 0.443414 0.634861 0.410679 0.669102 0.39624 0.664332 0.370051 0.669102 0.39624 0.634861 0.410679 0.664332 0.370051 0.634861 0.410679 0.612667 0.379785 0.637104 0.191524 0.6738 0.159587 0.677681 0.212188 0.747835 0.2350479 0.677681 0.212188 0.744069 0.185871 0.744069 0.185871 0.677681 0.212188 0.6738 0.159587 0.744069 0.185871 0.6738 0.159587 0.7355 0.140021 0.7355 0.140021 0.6738 0.159587 0.662641 0.1272529 0.7355 0.140021 0.662641 0.1272529 0.719738 0.103537 0.574628 0.192088 0.603186 0.239519 0.570888 0.242772 0.637104 0.191524 0.638595 0.243386 0.603186 0.239519 0.574628 0.192088 0.604611 0.1896679 0.603186 0.239519 0.637104 0.191524 0.603186 0.239519 0.604611 0.1896679 0.603843 0.287679 0.615688 0.327516 0.588431 0.334323 0.603843 0.287679 0.588431 0.334323 0.571414 0.29153 0.570888 0.242772 0.603843 0.287679 0.571414 0.29153 0.570888 0.242772 0.603186 0.239519 0.603843 0.287679 0.603843 0.287679 0.638595 0.243386 0.640502 0.292127 0.603843 0.287679 0.603186 0.239519 0.638595 0.243386 0.640502 0.292127 0.615688 0.327516 0.603843 0.287679 0.719738 0.103537 0.662641 0.1272529 0.651591 0.096246 0.719738 0.103537 0.651591 0.096246 0.707799 0.07736098 0.707799 0.07736098 0.651591 0.096246 0.652988 0.08147597 0.707799 0.07736098 0.652988 0.08147597 0.693797 0.04633396 0.61979 0.08189499 0.652988 0.08147597 0.651591 0.096246 0.61979 0.08189499 0.651591 0.096246 0.619432 0.09794098 0.619432 0.09794098 0.651591 0.096246 0.662641 0.1272529 0.637978 0.05722796 0.652988 0.08147597 0.61979 0.08189499 0.693797 0.04633396 0.652988 0.08147597 0.652296 0.03986096 0.637978 0.05722796 0.652296 0.03986096 0.652988 0.08147597 0.693797 0.04633396 0.652296 0.03986096 0.673559 0.01278895 0.619432 0.09794098 0.662641 0.1272529 0.625675 0.154034 0.625675 0.154034 0.662641 0.1272529 0.6738 0.159587 0.625675 0.154034 0.6738 0.159587 0.637104 0.191524 0.625675 0.154034 0.637104 0.191524 0.604611 0.1896679 0.625675 0.154034 0.590219 0.152602 0.619432 0.09794098 0.625675 0.154034 0.604611 0.1896679 0.590219 0.152602 0.574628 0.192088 0.590219 0.152602 0.604611 0.1896679 0.619432 0.09794098 0.590219 0.152602 0.570953 0.112818 0.619432 0.09794098 0.570953 0.112818 0.600803 0.07537895 0.600803 0.07537895 0.570953 0.112818 0.545459 0.07216995 0.600803 0.07537895 0.545459 0.07216995 0.576822 0.03212696 0.576822 0.03212696 0.617067 0.06900495 0.600803 0.07537895 0.619432 0.09794098 0.600803 0.07537895 0.617067 0.06900495 0.619432 0.09794098 0.617067 0.06900495 0.61979 0.08189499 0.61979 0.08189499 0.620995 0.03973495 0.637978 0.05722796 0.61979 0.08189499 0.617067 0.06900495 0.620995 0.03973495 0.576822 0.03212696 0.620995 0.03973495 0.617067 0.06900495 0.520425 0.114129 0.545459 0.07216995 0.570953 0.112818 0.552368 0.15494 0.570953 0.112818 0.590219 0.152602 0.520425 0.114129 0.570953 0.112818 0.552368 0.15494 0.574628 0.192088 0.54071 0.20889 0.552368 0.15494 0.552368 0.15494 0.590219 0.152602 0.574628 0.192088 0.552368 0.15494 0.54071 0.20889 0.513027 0.173632 0.552368 0.15494 0.513027 0.173632 0.520425 0.114129 0.510038 0.23558 0.513027 0.173632 0.54071 0.20889 0.624172 0.477621 0.593556 0.475332 0.57959 0.44688 0.624172 0.477621 0.57959 0.44688 0.60809 0.430377 0.581071 0.395319 0.60809 0.430377 0.57959 0.44688 0.612667 0.379785 0.60809 0.430377 0.581071 0.395319 0.612667 0.379785 0.634861 0.410679 0.60809 0.430377 0.624172 0.477621 0.60809 0.430377 0.642989 0.462559 0.642989 0.462559 0.634861 0.410679 0.664431 0.443414 0.642989 0.462559 0.60809 0.430377 0.634861 0.410679 0.569118 0.457835 0.559893 0.44363 0.57959 0.44688 0.569118 0.457835 0.57959 0.44688 0.593556 0.475332 0.569118 0.457835 0.593556 0.475332 0.57959 0.44688 0.593556 0.475332 0.624172 0.477621 0.57959 0.44688 0.60809 0.430377 0.57959 0.44688 0.624172 0.477621 0.581071 0.395319 0.57959 0.44688 0.60809 0.430377 0.581071 0.395319 0.547816 0.416592 0.57959 0.44688 0.569118 0.457835 0.57959 0.44688 0.559893 0.44363 0.57959 0.44688 0.547816 0.416592 0.559893 0.44363 0.534961 0.375221 0.547816 0.416592 0.581071 0.395319 0.534961 0.375221 0.581071 0.395319 0.559765 0.357226 0.60809 0.430377 0.612667 0.379785 0.581071 0.395319 0.559765 0.357226 0.581071 0.395319 0.612667 0.379785 0.559765 0.357226 0.612667 0.379785 0.588431 0.334323 0.588431 0.334323 0.544389 0.308764 0.559765 0.357226 0.588431 0.334323 0.571414 0.29153 0.544389 0.308764 0.559765 0.357226 0.544389 0.308764 0.520906 0.336951 0.559765 0.357226 0.520906 0.336951 0.534961 0.375221 0.514068 0.287103 0.520906 0.336951 0.544389 0.308764 0.539209 0.260451 0.544389 0.308764 0.571414 0.29153 0.514068 0.287103 0.544389 0.308764 0.539209 0.260451 0.539209 0.260451 0.510038 0.23558 0.514068 0.287103 0.539209 0.260451 0.54071 0.20889 0.510038 0.23558 0.539209 0.260451 0.571414 0.29153 0.570888 0.242772 0.570888 0.242772 0.54071 0.20889 0.539209 0.260451 0.570888 0.242772 0.574628 0.192088 0.54071 0.20889 0.588431 0.334323 0.612667 0.379785 0.615688 0.327516 0.615688 0.327516 0.612667 0.379785 0.664332 0.370051 0.710824 0.389439 0.722695 0.365294 0.664332 0.370051 0.671974 0.340975 0.722695 0.365294 0.73315 0.33857 0.615688 0.327516 0.664332 0.370051 0.671974 0.340975 0.671974 0.340975 0.664332 0.370051 0.722695 0.365294 0.73315 0.33857 0.682105 0.300759 0.671974 0.340975 0.682105 0.300759 0.742455 0.305934 0.746097 0.270491 0.73315 0.33857 0.742455 0.305934 0.682105 0.300759 0.682105 0.300759 0.746097 0.270491 0.685608 0.256155 0.685608 0.256155 0.746097 0.270491 0.747835 0.2350479 0.677681 0.212188 0.747835 0.2350479 0.744069 0.185871 0.685608 0.256155 0.747835 0.2350479 0.677681 0.212188 0.677681 0.212188 0.638595 0.243386 0.685608 0.256155 0.677681 0.212188 0.637104 0.191524 0.638595 0.243386 0.671974 0.340975 0.682105 0.300759 0.640502 0.292127 0.671974 0.340975 0.640502 0.292127 0.615688 0.327516 0.685608 0.256155 0.638595 0.243386 0.640502 0.292127 0.685608 0.256155 0.640502 0.292127 0.682105 0.300759 0.710824 0.389439 0.664332 0.370051 0.669102 0.39624 0.669102 0.39624 0.696991 0.409441 0.710824 0.389439 0.669102 0.39624 0.67476 0.430183 0.696991 0.409441 0.669102 0.39624 0.664431 0.443414 0.67476 0.430183 0.664332 0.370051 0.612667 0.379785 0.634861 0.410679 0.60809 0.430377 0.634861 0.410679 0.612667 0.379785 0.664332 0.370051 0.634861 0.410679 0.669102 0.39624 0.669102 0.39624 0.634861 0.410679 0.664431 0.443414 0.744069 0.185871 0.6738 0.159587 0.677681 0.212188 0.744069 0.185871 0.7355 0.140021 0.6738 0.159587 0.6738 0.159587 0.637104 0.191524 0.677681 0.212188 0.662641 0.1272529 0.7355 0.140021 0.719738 0.103537 0.662641 0.1272529 0.6738 0.159587 0.7355 0.140021 0.603186 0.239519 0.574628 0.192088 0.570888 0.242772 0.603186 0.239519 0.638595 0.243386 0.637104 0.191524 0.603186 0.239519 0.604611 0.1896679 0.574628 0.192088 0.603186 0.239519 0.637104 0.191524 0.604611 0.1896679 0.603843 0.287679 0.638595 0.243386 0.603186 0.239519 0.603843 0.287679 0.640502 0.292127 0.638595 0.243386 0.615688 0.327516 0.640502 0.292127 0.603843 0.287679 0.603843 0.287679 0.588431 0.334323 0.615688 0.327516 0.570888 0.242772 0.603843 0.287679 0.603186 0.239519 0.570888 0.242772 0.571414 0.29153 0.603843 0.287679 0.603843 0.287679 0.571414 0.29153 0.588431 0.334323 0.719738 0.103537 0.707799 0.07736098 0.651591 0.096246 0.719738 0.103537 0.651591 0.096246 0.662641 0.1272529 0.707799 0.07736098 0.652988 0.08147597 0.651591 0.096246 0.707799 0.07736098 0.693797 0.04633396 0.652988 0.08147597 0.651591 0.096246 0.652988 0.08147597 0.61979 0.08189499 0.619432 0.09794098 0.662641 0.1272529 0.651591 0.096246 0.651591 0.096246 0.61979 0.08189499 0.619432 0.09794098 0.652988 0.08147597 0.637978 0.05722796 0.61979 0.08189499 0.693797 0.04633396 0.652296 0.03986096 0.652988 0.08147597 0.652988 0.08147597 0.652296 0.03986096 0.637978 0.05722796 0.693797 0.04633396 0.673559 0.01278895 0.652296 0.03986096 0.625675 0.154034 0.6738 0.159587 0.662641 0.1272529 0.625675 0.154034 0.637104 0.191524 0.6738 0.159587 0.637104 0.191524 0.625675 0.154034 0.604611 0.1896679 0.619432 0.09794098 0.625675 0.154034 0.662641 0.1272529 0.625675 0.154034 0.590219 0.152602 0.604611 0.1896679 0.590219 0.152602 0.574628 0.192088 0.604611 0.1896679 0.625675 0.154034 0.619432 0.09794098 0.590219 0.152602 0.619432 0.09794098 0.570953 0.112818 0.590219 0.152602 0.619432 0.09794098 0.600803 0.07537895 0.570953 0.112818 0.600803 0.07537895 0.545459 0.07216995 0.570953 0.112818 0.600803 0.07537895 0.576822 0.03212696 0.545459 0.07216995 0.617067 0.06900495 0.619432 0.09794098 0.61979 0.08189499 0.617067 0.06900495 0.576822 0.03212696 0.600803 0.07537895 0.600803 0.07537895 0.619432 0.09794098 0.617067 0.06900495 0.617067 0.06900495 0.620995 0.03973495 0.576822 0.03212696 0.620995 0.03973495 0.61979 0.08189499 0.637978 0.05722796 0.620995 0.03973495 0.617067 0.06900495 0.61979 0.08189499 0.570953 0.112818 0.545459 0.07216995 0.520425 0.114129 0.54071 0.20889 0.574628 0.192088 0.552368 0.15494 0.552368 0.15494 0.574628 0.192088 0.590219 0.152602 0.552368 0.15494 0.590219 0.152602 0.570953 0.112818 0.570953 0.112818 0.520425 0.114129 0.552368 0.15494 0.552368 0.15494 0.513027 0.173632 0.54071 0.20889 0.552368 0.15494 0.520425 0.114129 0.513027 0.173632 0.513027 0.173632 0.510038 0.23558 0.54071 0.20889 0.713774 0.018417 0.701244 0.03214097 0.697981 0.018417 0.713774 0.018417 0.714268 0.03917998 0.701244 0.03214097 0.734379 0.018417 0.714268 0.03917998 0.713774 0.018417 0.734379 0.018417 0.734379 0.04621994 0.714268 0.03917998 0.714762 0.06108599 0.714268 0.03917998 0.734379 0.04621994 0.714762 0.06108599 0.734379 0.04621994 0.734379 0.07400196 0.713774 0.018417 0.697981 0.018417 0.701244 0.03214097 0.713774 0.018417 0.701244 0.03214097 0.714268 0.03917998 0.714268 0.03917998 0.734379 0.018417 0.713774 0.018417 0.714762 0.06108599 0.734379 0.04621994 0.714268 0.03917998 0.714268 0.03917998 0.734379 0.04621994 0.734379 0.018417 0.714762 0.06108599 0.734379 0.07400196 0.734379 0.04621994 0.704508 0.04816997 0.714268 0.03917998 0.714762 0.06108599 0.714268 0.03917998 0.704508 0.04816997 0.701244 0.03214097 0.714268 0.03917998 0.701244 0.03214097 0.704508 0.04816997 0.714268 0.03917998 0.704508 0.04816997 0.714762 0.06108599 0.03921598 0.31402 0.04074198 0.295654 0.04625594 0.312303 0.03921598 0.31402 0.03430896 0.299384 0.04074198 0.295654 0.04412299 0.328655 0.03921598 0.31402 0.04625594 0.312303 0.04412299 0.328655 0.04625594 0.312303 0.05184996 0.329857 0.04503995 0.347588 0.04412299 0.328655 0.05184996 0.329857 0.04503995 0.347588 0.05184996 0.329857 0.05226296 0.348836 0.04443299 0.373824 0.04503995 0.347588 0.05226296 0.348836 0.04443299 0.373824 0.03945398 0.364895 0.04503995 0.347588 0.03485 0.384706 0.03945398 0.364895 0.04443299 0.373824 0.03485 0.384706 0.032103 0.375434 0.03945398 0.364895 0.02345198 0.380771 0.032103 0.375434 0.03485 0.384706 0.02345198 0.380771 0.03485 0.384706 0.02327996 0.392337 0.01265299 0.395759 0.02345198 0.380771 0.02327996 0.392337 0.01265299 0.395759 0.01282495 0.385186 0.02345198 0.380771 0.03430896 0.299384 0.03454297 0.285085 0.04074198 0.295654 0.03430896 0.299384 0.03044998 0.289004 0.03454297 0.285085 0.03454297 0.285085 0.03044998 0.289004 0.02394199 0.281011 0.03454297 0.285085 0.02394199 0.281011 0.02816098 0.276788 0.02394199 0.281011 0.02099996 0.269892 0.02816098 0.276788 0.02394199 0.281011 0.01934999 0.276984 0.02099996 0.269892 0.00336498 0.387615 0.01282495 0.385186 0.01265299 0.395759 0.00336498 0.387615 0.01265299 0.395759 0.00336498 0.399182 0.02099996 0.269892 0.01934999 0.276984 0.01343595 0.273721 0.02099996 0.269892 0.01343595 0.273721 0.01480096 0.265534 0.01480096 0.265534 0.01343595 0.273721 0.009140968 0.27185 0.01480096 0.265534 0.009140968 0.27185 0.01013398 0.262545 0.01013398 0.262545 0.009140968 0.27185 0.00336498 0.270326 0.01013398 0.262545 0.00336498 0.270326 0.00336498 0.259657 0.00336498 0.387615 0.01183199 0.372614 0.01282495 0.385186 0.01282495 0.385186 0.01183199 0.372614 0.01885896 0.367082 0.01282495 0.385186 0.01885896 0.367082 0.02345198 0.380771 0.00336498 0.387615 0.00336498 0.376409 0.01183199 0.372614 0.01576298 0.348913 0.01885896 0.367082 0.01183199 0.372614 0.02599096 0.360279 0.01885896 0.367082 0.01576298 0.348913 0.02345198 0.380771 0.01885896 0.367082 0.02599096 0.360279 0.02345198 0.380771 0.02599096 0.360279 0.032103 0.375434 0.02821797 0.354365 0.02599096 0.360279 0.01576298 0.348913 0.032103 0.375434 0.02599096 0.360279 0.02821797 0.354365 0.032103 0.375434 0.02821797 0.354365 0.03945398 0.364895 0.03945398 0.364895 0.02821797 0.354365 0.03285199 0.344044 0.03945398 0.364895 0.03285199 0.344044 0.04503995 0.347588 0.04503995 0.347588 0.03285199 0.344044 0.034814 0.33002 0.04503995 0.347588 0.034814 0.33002 0.04412299 0.328655 0.04412299 0.328655 0.034814 0.33002 0.03151994 0.318116 0.04412299 0.328655 0.03151994 0.318116 0.03921598 0.31402 0.03921598 0.31402 0.03151994 0.318116 0.02897197 0.306956 0.03921598 0.31402 0.02897197 0.306956 0.03430896 0.299384 0.03430896 0.299384 0.02897197 0.306956 0.02498799 0.298189 0.03430896 0.299384 0.02498799 0.298189 0.03044998 0.289004 0.03151994 0.318116 0.034814 0.33002 0.02166497 0.32477 0.02897197 0.306956 0.03151994 0.318116 0.02166497 0.32477 0.01569598 0.30894 0.02498799 0.298189 0.02897197 0.306956 0.02897197 0.306956 0.02166497 0.32477 0.01569598 0.30894 0.034814 0.33002 0.03285199 0.344044 0.02176296 0.338929 0.02176296 0.338929 0.03285199 0.344044 0.02821797 0.354365 0.02176296 0.338929 0.02821797 0.354365 0.01576298 0.348913 0.034814 0.33002 0.02176296 0.338929 0.02166497 0.32477 0.01963895 0.291283 0.02498799 0.298189 0.01569598 0.30894 0.03044998 0.289004 0.02498799 0.298189 0.01963895 0.291283 0.03044998 0.289004 0.01963895 0.291283 0.02394199 0.281011 0.01963895 0.291283 0.01934999 0.276984 0.02394199 0.281011 0.01569598 0.30894 0.01282697 0.28608 0.01963895 0.291283 0.01963895 0.291283 0.01282697 0.28608 0.01934999 0.276984 0.01343595 0.273721 0.01934999 0.276984 0.01282697 0.28608 0.01343595 0.273721 0.01282697 0.28608 0.00336498 0.28268 0.01343595 0.273721 0.00336498 0.28268 0.009140968 0.27185 0.009140968 0.27185 0.00336498 0.28268 0.00336498 0.270326 0.02176296 0.338929 0.00336498 0.328238 0.02166497 0.32477 0.01576298 0.348913 0.00336498 0.328238 0.02176296 0.338929 0.02166497 0.32477 0.00336498 0.328238 0.01569598 0.30894 0.01576298 0.348913 0.01183199 0.372614 0.00336498 0.358046 0.00336498 0.358046 0.00336498 0.328238 0.01576298 0.348913 0.01183199 0.372614 0.00336498 0.376409 0.00336498 0.358046 0.01569598 0.30894 0.00336498 0.299015 0.01282697 0.28608 0.00336498 0.299015 0.00336498 0.28268 0.01282697 0.28608 0.01569598 0.30894 0.00336498 0.328238 0.00336498 0.299015 0.00336498 0.376409 0.01183199 0.372614 0.00336498 0.358046 0.00336498 0.328238 0.00336498 0.358046 0.01576298 0.348913 0.01183199 0.372614 0.01576298 0.348913 0.00336498 0.358046 0.01183199 0.372614 0.01885896 0.367082 0.01576298 0.348913 0.01282495 0.385186 0.01885896 0.367082 0.01183199 0.372614 0.01282495 0.385186 0.02345198 0.380771 0.01885896 0.367082 0.00336498 0.387615 0.01282495 0.385186 0.01183199 0.372614 0.00336498 0.387615 0.01183199 0.372614 0.00336498 0.376409 0.01885896 0.367082 0.02599096 0.360279 0.01576298 0.348913 0.02345198 0.380771 0.02599096 0.360279 0.01885896 0.367082 0.02345198 0.380771 0.032103 0.375434 0.02599096 0.360279 0.02599096 0.360279 0.02821797 0.354365 0.01576298 0.348913 0.032103 0.375434 0.02821797 0.354365 0.02599096 0.360279 0.032103 0.375434 0.03945398 0.364895 0.02821797 0.354365 0.03945398 0.364895 0.03285199 0.344044 0.02821797 0.354365 0.03945398 0.364895 0.04503995 0.347588 0.03285199 0.344044 0.04503995 0.347588 0.034814 0.33002 0.03285199 0.344044 0.04503995 0.347588 0.04412299 0.328655 0.034814 0.33002 0.04412299 0.328655 0.03151994 0.318116 0.034814 0.33002 0.04412299 0.328655 0.03921598 0.31402 0.03151994 0.318116 0.03921598 0.31402 0.02897197 0.306956 0.03151994 0.318116 0.03921598 0.31402 0.03430896 0.299384 0.02897197 0.306956 0.03430896 0.299384 0.02498799 0.298189 0.02897197 0.306956 0.03430896 0.299384 0.03044998 0.289004 0.02498799 0.298189 0.034814 0.33002 0.03151994 0.318116 0.02166497 0.32477 0.02897197 0.306956 0.02166497 0.32477 0.03151994 0.318116 0.00336498 0.328238 0.01569598 0.30894 0.00336498 0.299015 0.02498799 0.298189 0.01569598 0.30894 0.02897197 0.306956 0.02897197 0.306956 0.01569598 0.30894 0.02166497 0.32477 0.00336498 0.328238 0.02166497 0.32477 0.01569598 0.30894 0.02821797 0.354365 0.03285199 0.344044 0.02176296 0.338929 0.00336498 0.328238 0.01576298 0.348913 0.02176296 0.338929 0.00336498 0.328238 0.02176296 0.338929 0.02166497 0.32477 0.034814 0.33002 0.02166497 0.32477 0.02176296 0.338929 0.034814 0.33002 0.02176296 0.338929 0.03285199 0.344044 0.02821797 0.354365 0.02176296 0.338929 0.01576298 0.348913 0.03044998 0.289004 0.01963895 0.291283 0.02498799 0.298189 0.02498799 0.298189 0.01963895 0.291283 0.01569598 0.30894 0.03044998 0.289004 0.02394199 0.281011 0.01963895 0.291283 0.01963895 0.291283 0.02394199 0.281011 0.01934999 0.276984 0.01569598 0.30894 0.01282697 0.28608 0.00336498 0.299015 0.00336498 0.28268 0.00336498 0.299015 0.01282697 0.28608 0.01569598 0.30894 0.01963895 0.291283 0.01282697 0.28608 0.01963895 0.291283 0.01934999 0.276984 0.01282697 0.28608 0.01934999 0.276984 0.01343595 0.273721 0.01282697 0.28608 0.01343595 0.273721 0.00336498 0.28268 0.01282697 0.28608 0.01343595 0.273721 0.009140968 0.27185 0.00336498 0.28268 0.00336498 0.28268 0.009140968 0.27185 0.00336498 0.270326 0.642989 0.462559 0.634861 0.410679 0.60809 0.430377 0.642989 0.462559 0.664431 0.443414 0.634861 0.410679 0.60809 0.430377 0.624172 0.477621 0.642989 0.462559 0.03921598 0.31402 0.04074198 0.295654 0.03430896 0.299384 0.03921598 0.31402 0.04625594 0.312303 0.04074198 0.295654 0.04412299 0.328655 0.04625594 0.312303 0.03921598 0.31402 0.04412299 0.328655 0.05184996 0.329857 0.04625594 0.312303 0.04503995 0.347588 0.05184996 0.329857 0.04412299 0.328655 0.04503995 0.347588 0.05226296 0.348836 0.05184996 0.329857 0.04503995 0.347588 0.04443299 0.373824 0.05226296 0.348836 0.04503995 0.347588 0.03945398 0.364895 0.04443299 0.373824 0.03945398 0.364895 0.03485 0.384706 0.04443299 0.373824 0.03945398 0.364895 0.032103 0.375434 0.03485 0.384706 0.02345198 0.380771 0.03485 0.384706 0.032103 0.375434 0.02345198 0.380771 0.02327996 0.392337 0.03485 0.384706 0.02345198 0.380771 0.01265299 0.395759 0.02327996 0.392337 0.00336498 0.387615 0.00336498 0.399182 0.01265299 0.395759 0.02345198 0.380771 0.01282495 0.385186 0.01265299 0.395759 0.00336498 0.387615 0.01265299 0.395759 0.01282495 0.385186 0.03430896 0.299384 0.04074198 0.295654 0.03454297 0.285085 0.03430896 0.299384 0.03454297 0.285085 0.03044998 0.289004 0.02394199 0.281011 0.03044998 0.289004 0.03454297 0.285085 0.02394199 0.281011 0.03454297 0.285085 0.02816098 0.276788 0.02394199 0.281011 0.02816098 0.276788 0.02099996 0.269892 0.02394199 0.281011 0.02099996 0.269892 0.01934999 0.276984 0.01343595 0.273721 0.01934999 0.276984 0.02099996 0.269892 0.01343595 0.273721 0.02099996 0.269892 0.01480096 0.265534 0.009140968 0.27185 0.01343595 0.273721 0.01480096 0.265534 0.009140968 0.27185 0.01480096 0.265534 0.01013398 0.262545 0.00336498 0.270326 0.009140968 0.27185 0.01013398 0.262545 0.00336498 0.270326 0.01013398 0.262545 0.00336498 0.259657 0.874062 0.393245 0.874062 0.368881 0.899782 0.368765 0.899782 0.368765 0.874062 0.368881 0.874062 0.345176 0.899782 0.368765 0.909156 0.402525 0.874062 0.393245 0.909156 0.402525 0.874062 0.418172 0.874062 0.393245 0.874062 0.418172 0.909156 0.402525 0.902929 0.43375 0.902929 0.43375 0.874062 0.44205 0.874062 0.418172 0.900002 0.470723 0.874062 0.44205 0.902929 0.43375 0.900002 0.470723 0.902929 0.43375 0.931976 0.464307 0.92667 0.42022 0.931976 0.464307 0.902929 0.43375 0.909156 0.402525 0.92667 0.42022 0.902929 0.43375 0.940408 0.394978 0.92667 0.42022 0.909156 0.402525 0.92667 0.42022 0.940408 0.394978 0.981091 0.411375 0.92667 0.42022 0.958663 0.447367 0.931976 0.464307 0.92667 0.42022 0.981091 0.411375 0.958663 0.447367 0.909156 0.402525 0.923565 0.368519 0.940408 0.394978 0.899782 0.368765 0.923565 0.368519 0.909156 0.402525 0.923565 0.368519 0.947396 0.368509 0.940408 0.394978 0.940195 0.342084 0.947396 0.368509 0.923565 0.368519 0.940408 0.394978 0.988331 0.368729 0.981091 0.411375 0.940408 0.394978 0.947396 0.368509 0.988331 0.368729 0.988331 0.368729 0.947396 0.368509 0.940195 0.342084 0.980635 0.325966 0.988331 0.368729 0.940195 0.342084 0.923565 0.368519 0.909373 0.334053 0.940195 0.342084 0.909373 0.334053 0.923565 0.368519 0.899782 0.368765 0.909373 0.334053 0.899782 0.368765 0.874062 0.345176 0.874062 0.345176 0.874062 0.316639 0.909373 0.334053 0.909373 0.334053 0.874062 0.316639 0.903311 0.299056 0.874062 0.316639 0.874062 0.289971 0.903311 0.299056 0.909373 0.334053 0.926205 0.318799 0.940195 0.342084 0.903311 0.299056 0.926205 0.318799 0.909373 0.334053 0.920376 0.279601 0.926205 0.318799 0.903311 0.299056 0.903311 0.299056 0.874062 0.289971 0.920376 0.279601 0.940195 0.342084 0.958344 0.292223 0.980635 0.325966 0.940195 0.342084 0.926205 0.318799 0.958344 0.292223 0.920376 0.279601 0.958344 0.292223 0.926205 0.318799 0.874062 0.289971 0.874062 0.316639 0.844812 0.299056 0.874062 0.316639 0.874062 0.345176 0.838751 0.334053 0.874062 0.316639 0.838751 0.334053 0.844812 0.299056 0.838751 0.334053 0.874062 0.345176 0.848342 0.368765 0.874062 0.368881 0.848342 0.368765 0.874062 0.345176 0.874062 0.368881 0.874062 0.393245 0.848342 0.368765 0.874062 0.418172 0.838967 0.402525 0.874062 0.393245 0.848342 0.368765 0.874062 0.393245 0.838967 0.402525 0.874062 0.44205 0.845194 0.43375 0.874062 0.418172 0.838967 0.402525 0.874062 0.418172 0.845194 0.43375 0.848121 0.470723 0.845194 0.43375 0.874062 0.44205 0.848121 0.470723 0.816148 0.464307 0.845194 0.43375 0.821453 0.42022 0.838967 0.402525 0.845194 0.43375 0.821453 0.42022 0.845194 0.43375 0.816148 0.464307 0.821453 0.42022 0.807715 0.394978 0.838967 0.402525 0.767033 0.411375 0.807715 0.394978 0.821453 0.42022 0.821453 0.42022 0.816148 0.464307 0.78946 0.447367 0.767033 0.411375 0.821453 0.42022 0.78946 0.447367 0.824558 0.368519 0.838967 0.402525 0.807715 0.394978 0.848342 0.368765 0.838967 0.402525 0.824558 0.368519 0.838751 0.334053 0.848342 0.368765 0.824558 0.368519 0.800728 0.368509 0.824558 0.368519 0.807715 0.394978 0.838751 0.334053 0.824558 0.368519 0.807928 0.342084 0.800728 0.368509 0.807928 0.342084 0.824558 0.368519 0.759792 0.368729 0.800728 0.368509 0.807715 0.394978 0.759792 0.368729 0.807715 0.394978 0.767033 0.411375 0.800728 0.368509 0.759792 0.368729 0.807928 0.342084 0.759792 0.368729 0.767488 0.325966 0.807928 0.342084 0.821919 0.318799 0.844812 0.299056 0.838751 0.334053 0.821919 0.318799 0.838751 0.334053 0.807928 0.342084 0.874062 0.289971 0.844812 0.299056 0.827747 0.279601 0.821919 0.318799 0.827747 0.279601 0.844812 0.299056 0.789779 0.292223 0.821919 0.318799 0.807928 0.342084 0.789779 0.292223 0.807928 0.342084 0.767488 0.325966 0.821919 0.318799 0.789779 0.292223 0.827747 0.279601 0.705915 0.04723197 0.714268 0.03050398 0.705786 0.033984 0.705786 0.033984 0.714268 0.03050398 0.713774 0.01372599 0.739069 0.01372599 0.713774 0.01372599 0.714268 0.03050398 0.705786 0.033984 0.713774 0.01372599 0.697981 0.01794797 0.739069 0.01372599 0.714268 0.03050398 0.737193 0.04621994 0.737193 0.04621994 0.714268 0.03050398 0.714762 0.06108599 0.705915 0.04723197 0.714762 0.06108599 0.714268 0.03050398 0.737193 0.04621994 0.714762 0.06108599 0.737427 0.07400196 0.705915 0.04723197 0.714268 0.03050398 0.714762 0.06108599 0.705915 0.04723197 0.705786 0.033984 0.714268 0.03050398 0.713774 0.01372599 0.714268 0.03050398 0.705786 0.033984 0.713774 0.01372599 0.705786 0.033984 0.697981 0.01794797 0.739069 0.01372599 0.714268 0.03050398 0.713774 0.01372599 0.739069 0.01372599 0.737193 0.04621994 0.714268 0.03050398 0.714762 0.06108599 0.737193 0.04621994 0.737427 0.07400196 0.714762 0.06108599 0.714268 0.03050398 0.737193 0.04621994 0.706618 0.04816997 0.714268 0.03186398 0.704171 0.03214097 0.704171 0.03214097 0.714268 0.03186398 0.713774 0.01815396 0.741878 0.01313096 0.713774 0.01815396 0.714268 0.03186398 0.704171 0.03214097 0.713774 0.01815396 0.703843 0.01859897 0.741878 0.01313096 0.714268 0.03186398 0.737667 0.04621994 0.737667 0.04621994 0.714268 0.03186398 0.714762 0.06108599 0.706618 0.04816997 0.714762 0.06108599 0.714268 0.03186398 0.737667 0.04621994 0.714762 0.06108599 0.741179 0.07400196 0.706618 0.04816997 0.714268 0.03186398 0.714762 0.06108599 0.706618 0.04816997 0.704171 0.03214097 0.714268 0.03186398 0.713774 0.01815396 0.714268 0.03186398 0.704171 0.03214097 0.713774 0.01815396 0.704171 0.03214097 0.703843 0.01859897 0.741878 0.01313096 0.714268 0.03186398 0.713774 0.01815396 0.741878 0.01313096 0.737667 0.04621994 0.714268 0.03186398 0.714762 0.06108599 0.737667 0.04621994 0.741179 0.07400196 0.714762 0.06108599 0.714268 0.03186398 0.737667 0.04621994 0.714268 0.03050398 0.705915 0.04723197 0.705786 0.033984 0.705786 0.033984 0.713774 0.01372599 0.714268 0.03050398 0.713774 0.01372599 0.739069 0.01372599 0.714268 0.03050398 0.705786 0.033984 0.697981 0.01794797 0.713774 0.01372599 0.714268 0.03050398 0.739069 0.01372599 0.737193 0.04621994 0.714762 0.06108599 0.705915 0.04723197 0.714268 0.03050398 0.737193 0.04621994 0.714762 0.06108599 0.714268 0.03050398 0.737193 0.04621994 0.737427 0.07400196 0.714762 0.06108599 0.714268 0.03050398 0.705915 0.04723197 0.714762 0.06108599 0.705786 0.033984 0.705915 0.04723197 0.714268 0.03050398 0.713774 0.01372599 0.705786 0.033984 0.714268 0.03050398 0.713774 0.01372599 0.697981 0.01794797 0.705786 0.033984 0.714268 0.03050398 0.739069 0.01372599 0.713774 0.01372599 0.714762 0.06108599 0.737193 0.04621994 0.714268 0.03050398 0.714762 0.06108599 0.737427 0.07400196 0.737193 0.04621994 0.737193 0.04621994 0.739069 0.01372599 0.714268 0.03050398 0.714268 0.03186398 0.706618 0.04816997 0.704171 0.03214097 0.704171 0.03214097 0.713774 0.01815396 0.714268 0.03186398 0.713774 0.01815396 0.741878 0.01313096 0.714268 0.03186398 0.704171 0.03214097 0.703843 0.01859897 0.713774 0.01815396 0.714268 0.03186398 0.741878 0.01313096 0.737667 0.04621994 0.714762 0.06108599 0.706618 0.04816997 0.714268 0.03186398 0.737667 0.04621994 0.714762 0.06108599 0.714268 0.03186398 0.737667 0.04621994 0.741179 0.07400196 0.714762 0.06108599 0.714268 0.03186398 0.706618 0.04816997 0.714762 0.06108599 0.704171 0.03214097 0.706618 0.04816997 0.714268 0.03186398 0.713774 0.01815396 0.704171 0.03214097 0.714268 0.03186398 0.713774 0.01815396 0.703843 0.01859897 0.704171 0.03214097 0.714268 0.03186398 0.741878 0.01313096 0.713774 0.01815396 0.714762 0.06108599 0.737667 0.04621994 0.714268 0.03186398 0.714762 0.06108599 0.741179 0.07400196 0.737667 0.04621994 0.737667 0.04621994 0.741878 0.01313096 0.714268 0.03186398 0.798726 0.957409 0.840973 0.957409 0.840969 0.957409 0.798726 0.957409 0.798726 0.957409 0.840973 0.957409 0.840969 0.957409 0.840973 0.957409 0.872578 0.957409 0.872578 0.957409 0.840973 0.957409 0.845 0.970312 0.845 0.970312 0.849035 0.983216 0.872578 0.957409 0.845 0.970312 0.798726 0.988932 0.849035 0.983216 0.840973 0.957409 0.798726 0.973171 0.845 0.970312 0.840973 0.957409 0.798726 0.957409 0.798726 0.973171 0.845 0.970312 0.798726 0.973171 0.798726 0.988932 0.872578 0.957409 0.849035 0.983216 0.845 0.970312 0.845 0.970312 0.849035 0.983216 0.798726 0.988932 0.872578 0.957409 0.840966 0.957409 0.840969 0.957409 0.840966 0.957409 0.798726 0.957409 0.840969 0.957409 0.845 0.970312 0.840966 0.957409 0.872578 0.957409 0.845 0.970312 0.798726 0.988932 0.798726 0.973171 0.798726 0.973171 0.840966 0.957409 0.845 0.970312 0.798726 0.973171 0.798726 0.957409 0.840966 0.957409 0.840966 0.957409 0.798726 0.957409 0.798726 0.957409 0.837432 0.970312 0.799161 0.957409 0.799161 0.973171 0.837432 0.970312 0.82583 0.957409 0.799161 0.957409 0.872578 0.957409 0.82583 0.957409 0.837432 0.970312 0.82583 0.957409 0.82583 0.957409 0.872578 0.957409 0.799161 0.957409 0.799161 0.957409 0.82583 0.957409 0.799161 0.957409 0.82583 0.957409 0.82583 0.957409 0.799161 0.988932 0.837432 0.970312 0.799161 0.973171 0.799161 0.988932 0.849035 0.983216 0.837432 0.970312 0.837432 0.970312 0.849035 0.983216 0.872578 0.957409 0.837432 0.970312 0.849035 0.983216 0.799161 0.988932 0.872578 0.957409 0.849035 0.983216 0.837432 0.970312 0.872578 0.957409 0.82583 0.957409 0.82583 0.957409 0.82583 0.957409 0.799161 0.957409 0.82583 0.957409 0.837432 0.970312 0.82583 0.957409 0.872578 0.957409 0.837432 0.970312 0.799161 0.957409 0.82583 0.957409 0.82583 0.957409 0.799161 0.957409 0.799161 0.957409 0.837432 0.970312 0.799161 0.988932 0.799161 0.973171 0.837432 0.970312 0.799161 0.973171 0.799161 0.957409 0.145557 0.788494 0.124556 0.792529 0.124748 0.759485 0.145557 0.788494 0.145557 0.791715 0.124556 0.792529 0.08915197 0.792548 0.124748 0.759485 0.124556 0.792529 0.08915197 0.792548 0.09035295 0.713431 0.124748 0.759485 0.06454998 0.792498 0.09035295 0.713431 0.08915197 0.792548 0.06454998 0.792498 0.06330996 0.713347 0.09035295 0.713431 0.02759695 0.759399 0.06330996 0.713347 0.06454998 0.792498 0.02759695 0.759399 0.06454998 0.792498 0.02781498 0.792382 0.02781498 0.792382 0.01043498 0.788494 0.02759695 0.759399 0.02781498 0.792382 0.01043498 0.791715 0.01043498 0.788494 0.145557 0.796719 0.124556 0.792529 0.145557 0.791715 0.124528 0.797453 0.08915197 0.792548 0.124556 0.792529 0.145557 0.796719 0.124528 0.797453 0.124556 0.792529 0.124528 0.797453 0.089078 0.797448 0.08915197 0.792548 0.06462699 0.7974 0.06454998 0.792498 0.08915197 0.792548 0.06462699 0.7974 0.08915197 0.792548 0.089078 0.797448 0.027848 0.797314 0.06454998 0.792498 0.06462699 0.7974 0.027848 0.797314 0.02781498 0.792382 0.06454998 0.792498 0.027848 0.797314 0.01043498 0.791715 0.02781498 0.792382 0.027848 0.797314 0.01043498 0.796719 0.01043498 0.791715 0.123249 0.981976 0.08777195 0.992036 0.087718 0.981712 0.123249 0.981976 0.123307 0.992309 0.08777195 0.992036 0.08777195 0.992036 0.06580698 0.981678 0.087718 0.981712 0.08777195 0.992036 0.065804 0.9920001 0.06580698 0.981678 0.123335 0.997137 0.08777195 0.992036 0.123307 0.992309 0.123335 0.997137 0.08779799 0.99686 0.08777195 0.992036 0.08777195 0.992036 0.08779799 0.99686 0.06580299 0.996823 0.08777195 0.992036 0.06580299 0.996823 0.065804 0.9920001 0.123508 0.94692 0.123249 0.981976 0.087718 0.981712 0.145683 0.947049 0.123249 0.981976 0.123508 0.94692 0.145731 0.982104 0.123307 0.992309 0.123249 0.981976 0.145683 0.947049 0.145731 0.982104 0.123249 0.981976 0.123508 0.94692 0.087718 0.981712 0.08786696 0.946655 0.08786696 0.946655 0.087718 0.981712 0.06580698 0.981678 0.08786696 0.946655 0.06580698 0.981678 0.065714 0.94662 0.06580698 0.981678 0.02893596 0.946864 0.065714 0.94662 0.065804 0.9920001 0.02920395 0.98192 0.06580698 0.981678 0.06580698 0.981678 0.02920395 0.98192 0.02893596 0.946864 0.02920395 0.98192 0.010562 0.947049 0.02893596 0.946864 0.02920395 0.98192 0.01060897 0.982104 0.010562 0.947049 0.145731 0.982104 0.145689 0.992442 0.123307 0.992309 0.029136 0.992251 0.01060897 0.982104 0.02920395 0.98192 0.065804 0.9920001 0.029136 0.992251 0.02920395 0.98192 0.029136 0.992251 0.01056694 0.992442 0.01060897 0.982104 0.065804 0.9920001 0.06580299 0.996823 0.02910399 0.997078 0.065804 0.9920001 0.02910399 0.997078 0.029136 0.992251 0.029136 0.992251 0.02910399 0.997078 0.01054698 0.997272 0.029136 0.992251 0.01054698 0.997272 0.01056694 0.992442 0.145669 0.997272 0.123307 0.992309 0.145689 0.992442 0.145669 0.997272 0.123335 0.997137 0.123307 0.992309 0.145583 0.87354 0.123914 0.8921 0.124052 0.87341 0.145583 0.87354 0.145609 0.89223 0.123914 0.8921 0.124052 0.87341 0.123914 0.8921 0.088099 0.891834 0.124052 0.87341 0.088099 0.891834 0.08817899 0.873142 0.088099 0.891834 0.06551897 0.873107 0.08817899 0.873142 0.088099 0.891834 0.06556797 0.891799 0.06551897 0.873107 0.06556797 0.891799 0.02837496 0.873353 0.06551897 0.873107 0.06556797 0.891799 0.02851796 0.892044 0.02837496 0.873353 0.02851796 0.892044 0.01046097 0.87354 0.02837496 0.873353 0.02851796 0.892044 0.01048696 0.89223 0.01046097 0.87354 0.145557 0.850529 0.145583 0.87354 0.124052 0.87341 0.124221 0.850398 0.124052 0.87341 0.08817899 0.873142 0.145557 0.850529 0.124052 0.87341 0.124221 0.850398 0.124221 0.850398 0.08817899 0.873142 0.08827799 0.850131 0.08827799 0.850131 0.08817899 0.873142 0.06551897 0.873107 0.08827799 0.850131 0.06551897 0.873107 0.06545299 0.850096 0.06551897 0.873107 0.02837496 0.873353 0.02819997 0.850341 0.06551897 0.873107 0.02819997 0.850341 0.06545299 0.850096 0.02837496 0.873353 0.01046097 0.87354 0.01043498 0.850529 0.02837496 0.873353 0.01043498 0.850529 0.02819997 0.850341 0.088099 0.891834 0.06557995 0.8961 0.06556797 0.891799 0.088099 0.891834 0.088081 0.896135 0.06557995 0.8961 0.123882 0.896401 0.088081 0.896135 0.088099 0.891834 0.123882 0.896401 0.088099 0.891834 0.123914 0.8921 0.06556797 0.891799 0.02855098 0.896345 0.02851796 0.892044 0.06556797 0.891799 0.06557995 0.8961 0.02855098 0.896345 0.02851796 0.892044 0.01049298 0.896531 0.01048696 0.89223 0.02851796 0.892044 0.02855098 0.896345 0.01049298 0.896531 0.145615 0.896531 0.123914 0.8921 0.145609 0.89223 0.145615 0.896531 0.123882 0.896401 0.123914 0.8921 0.993722 0.005986988 0.972651 0.02730995 0.97099 0.005986988 0.993722 0.005986988 0.992062 0.02730995 0.972651 0.02730995 0.961669 0.030128 0.97099 0.005986988 0.972651 0.02730995 0.961669 0.030128 0.935765 0.006087958 0.97099 0.005986988 0.967932 0.06509 0.961669 0.030128 0.972651 0.02730995 0.967932 0.06509 0.958533 0.06938099 0.961669 0.030128 0.968109 0.08575499 0.958533 0.06938099 0.967932 0.06509 0.958533 0.06938099 0.968109 0.08575499 0.949067 0.085774 0.958533 0.06938099 0.949067 0.085774 0.947914 0.06953299 0.967932 0.06509 0.998376 0.08575499 0.968109 0.08575499 0.996676 0.06509 0.998376 0.08575499 0.967932 0.06509 0.930025 0.08579397 0.947914 0.06953299 0.949067 0.085774 0.930025 0.08579397 0.937294 0.06968599 0.947914 0.06953299 0.917601 0.06969195 0.937294 0.06968599 0.930025 0.08579397 0.917601 0.06969195 0.930025 0.08579397 0.915059 0.08579695 0.915059 0.08579695 0.897907 0.06969797 0.917601 0.06969195 0.917601 0.06969195 0.897907 0.06969797 0.898755 0.006172955 0.898755 0.006172955 0.897907 0.06969797 0.877869 0.069705 0.915059 0.08579695 0.900092 0.085801 0.897907 0.06969797 0.877869 0.069705 0.897907 0.06969797 0.900092 0.085801 0.877869 0.069705 0.900092 0.085801 0.885126 0.08580398 0.917601 0.06969195 0.937924 0.02738195 0.937294 0.06968599 0.898755 0.006172955 0.935765 0.006087958 0.937924 0.02738195 0.961669 0.030128 0.937924 0.02738195 0.935765 0.006087958 0.917601 0.06969195 0.898755 0.006172955 0.937924 0.02738195 0.898755 0.006172955 0.877869 0.069705 0.862864 0.02744799 0.862864 0.02744799 0.872236 0.006172955 0.898755 0.006172955 0.877869 0.069705 0.857831 0.06971096 0.862864 0.02744799 0.885126 0.08580398 0.857831 0.06971096 0.877869 0.069705 0.885126 0.08580398 0.87016 0.08580696 0.857831 0.06971096 0.808927 0.04299294 0.792107 0.01419299 0.851239 0.005254983 0.792106 0.01419198 0.808927 0.04299294 0.851239 0.005254983 0.792107 0.01419299 0.792106 0.01419198 0.851239 0.005254983 0.792107 0.01419299 0.808927 0.04299294 0.765526 0.04986995 0.792106 0.01419198 0.792107 0.01419299 0.759372 0.007387995 0.759372 0.007387995 0.792107 0.01419299 0.765526 0.04986995 0.792106 0.01419198 0.759372 0.007387995 0.759371 0.007386982 0.765525 0.04986995 0.765526 0.04986995 0.808927 0.04299294 0.792106 0.01419198 0.765525 0.04986995 0.808927 0.04299294 0.792106 0.01419198 0.759371 0.007386982 0.765525 0.04986995 0.509996 0.596062 0.551143 0.582576 0.563859 0.530716 0.594972 0.570481 0.563859 0.530716 0.551143 0.582576 0.509996 0.596062 0.55091 0.619438 0.551143 0.582576 0.509996 0.596062 0.510721 0.617219 0.55091 0.619438 0.551143 0.582576 0.55091 0.619438 0.591674 0.615515 0.551143 0.582576 0.591674 0.615515 0.594972 0.570481 0.594972 0.570481 0.591674 0.615515 0.632758 0.615463 0.594972 0.570481 0.632758 0.615463 0.62903 0.570534 0.632758 0.615463 0.676768 0.582429 0.62903 0.570534 0.632758 0.615463 0.679325 0.619438 0.676768 0.582429 0.679325 0.619438 0.7132 0.596062 0.676768 0.582429 0.679325 0.619438 0.722626 0.618397 0.7132 0.596062 0.7132 0.596062 0.722626 0.618397 0.744837 0.617986 0.7132 0.596062 0.744837 0.617986 0.746111 0.596497 0.613681 0.50731 0.594972 0.570481 0.62903 0.570534 0.594972 0.570481 0.613681 0.50731 0.563859 0.530716 0.667428 0.534667 0.676768 0.582429 0.7132 0.596062 0.62903 0.570534 0.676768 0.582429 0.667428 0.534667 0.62903 0.570534 0.667428 0.534667 0.613681 0.50731 0.510721 0.617219 0.562296 0.654239 0.55091 0.619438 0.510721 0.617219 0.529195 0.652005 0.562296 0.654239 0.529195 0.652005 0.614693 0.707368 0.562296 0.654239 0.55091 0.619438 0.562296 0.654239 0.594897 0.655367 0.55091 0.619438 0.594897 0.655367 0.591674 0.615515 0.562296 0.654239 0.614693 0.707368 0.594897 0.655367 0.591674 0.615515 0.594897 0.655367 0.630084 0.654568 0.591674 0.615515 0.630084 0.654568 0.632758 0.615463 0.630084 0.654568 0.679325 0.619438 0.632758 0.615463 0.630084 0.654568 0.594897 0.655367 0.614693 0.707368 0.630084 0.654568 0.678072 0.654441 0.679325 0.619438 0.630084 0.654568 0.614693 0.707368 0.678072 0.654441 0.678072 0.654441 0.722626 0.618397 0.679325 0.619438 0.678072 0.654441 0.709224 0.653352 0.722626 0.618397 0.678072 0.654441 0.614693 0.707368 0.709224 0.653352 0.722626 0.618397 0.709224 0.653352 0.744684 0.652976 0.722626 0.618397 0.744684 0.652976 0.744837 0.617986 0.709224 0.653352 0.614693 0.707368 0.744684 0.652976 0.145683 0.947049 0.123542 0.942278 0.145677 0.942407 0.145683 0.947049 0.123508 0.94692 0.123542 0.942278 0.123508 0.94692 0.08788698 0.942014 0.123542 0.942278 0.123508 0.94692 0.08786696 0.946655 0.08788698 0.942014 0.08788698 0.942014 0.08786696 0.946655 0.065714 0.94662 0.08788698 0.942014 0.065714 0.94662 0.065701 0.941979 0.065701 0.941979 0.065714 0.94662 0.02893596 0.946864 0.065701 0.941979 0.02893596 0.946864 0.02890098 0.942222 0.02890098 0.942222 0.02893596 0.946864 0.010562 0.947049 0.02890098 0.942222 0.010562 0.947049 0.01055496 0.942407 0.145615 0.896531 0.145677 0.942407 0.123542 0.942278 0.145615 0.896531 0.123542 0.942278 0.123882 0.896401 0.123882 0.896401 0.123542 0.942278 0.08788698 0.942014 0.123882 0.896401 0.08788698 0.942014 0.088081 0.896135 0.08788698 0.942014 0.065701 0.941979 0.06557995 0.8961 0.08788698 0.942014 0.06557995 0.8961 0.088081 0.896135 0.065701 0.941979 0.02890098 0.942222 0.02855098 0.896345 0.065701 0.941979 0.02855098 0.896345 0.06557995 0.8961 0.02890098 0.942222 0.01049298 0.896531 0.02855098 0.896345 0.02890098 0.942222 0.01055496 0.942407 0.01049298 0.896531 0.145557 0.850529 0.124271 0.841747 0.145557 0.841736 0.145557 0.850529 0.124221 0.850398 0.124271 0.841747 0.124221 0.850398 0.08840799 0.841522 0.124271 0.841747 0.124221 0.850398 0.08827799 0.850131 0.08840799 0.841522 0.06545299 0.850096 0.08840799 0.841522 0.08827799 0.850131 0.06545299 0.850096 0.06531798 0.841485 0.08840799 0.841522 0.02819997 0.850341 0.06531798 0.841485 0.06545299 0.850096 0.02819997 0.850341 0.02814197 0.841677 0.06531798 0.841485 0.02814197 0.841677 0.02819997 0.850341 0.01043498 0.850529 0.02814197 0.841677 0.01043498 0.850529 0.01043498 0.841736 0.145557 0.796719 0.145557 0.841736 0.124271 0.841747 0.124528 0.797453 0.124271 0.841747 0.08840799 0.841522 0.145557 0.796719 0.124271 0.841747 0.124528 0.797453 0.124528 0.797453 0.08840799 0.841522 0.089078 0.797448 0.06462699 0.7974 0.089078 0.797448 0.08840799 0.841522 0.06462699 0.7974 0.08840799 0.841522 0.06531798 0.841485 0.027848 0.797314 0.06462699 0.7974 0.06531798 0.841485 0.027848 0.797314 0.06531798 0.841485 0.02814197 0.841677 0.02814197 0.841677 0.01043498 0.841736 0.01043498 0.796719 0.02814197 0.841677 0.01043498 0.796719 0.027848 0.797314 0.810049 0.04258996 0.76512 0.05028897 0.802045 0.02881097 0.810049 0.04258996 0.76512 0.05028897 0.76512 0.05028897 0.822494 0.01061797 0.810049 0.04258996 0.802045 0.02881097 0.822494 0.01061797 0.850946 0.006204962 0.810049 0.04258996 0.76512 0.05028998 0.802045 0.02881097 0.76512 0.05028897 0.802045 0.02881097 0.794041 0.01503199 0.822494 0.01061797 0.76512 0.05028998 0.794041 0.01503199 0.802045 0.02881097 0.794041 0.01503199 0.76512 0.05028998 0.762422 0.02862095 0.762422 0.02862095 0.759723 0.006951987 0.794041 0.01503199 0.76512 0.05028897 0.76512 0.05028897 0.810049 0.04258996 0.76512 0.05028897 0.810049 0.04258996 0.802031 0.02870094 0.75974 0.007085978 0.794041 0.01503199 0.759723 0.006951987 0.810049 0.04258996 0.82248 0.010508 0.802031 0.02870094 0.810049 0.04258996 0.850946 0.006204962 0.82248 0.010508 0.794041 0.01503199 0.82248 0.010508 0.822494 0.01061797 0.82248 0.010508 0.850946 0.006204962 0.822494 0.01061797 0.794014 0.01481097 0.794041 0.01503199 0.75974 0.007085978 0.794041 0.01503199 0.794014 0.01481097 0.82248 0.010508 0.82248 0.010508 0.794014 0.01481097 0.802031 0.02870094 0.76512 0.05028796 0.76512 0.05028897 0.802031 0.02870094 0.76512 0.05028796 0.802031 0.02870094 0.794014 0.01481097 0.794014 0.01481097 0.75974 0.007085978 0.76243 0.028687 0.76243 0.028687 0.76512 0.05028796 0.794014 0.01481097 0.83569 0.195681 0.796622 0.177504 0.83569 0.195681 0.83569 0.195681 0.796623 0.177525 0.796622 0.177504 0.796621 0.177484 0.83569 0.195681 0.796622 0.177504 0.796621 0.177484 0.83569 0.195681 0.83569 0.195681 0.804205 0.202443 0.83569 0.195681 0.796621 0.177484 0.83569 0.195681 0.804205 0.202443 0.83569 0.2399049 0.804205 0.202443 0.796621 0.177484 0.781607 0.189529 0.781607 0.189529 0.796621 0.177484 0.777075 0.179343 0.794539 0.224696 0.804205 0.202443 0.781607 0.189529 0.804205 0.202443 0.794539 0.224696 0.83569 0.2399049 0.83569 0.239718 0.83569 0.2399049 0.794539 0.224696 0.781607 0.189529 0.766593 0.201575 0.794539 0.224696 0.75753 0.1812019 0.766593 0.201575 0.781607 0.189529 0.75753 0.1812019 0.781607 0.189529 0.777075 0.179343 0.804206 0.202463 0.83569 0.195681 0.83569 0.239718 0.804206 0.202463 0.796623 0.177525 0.83569 0.195681 0.83569 0.239718 0.794539 0.224696 0.804206 0.202463 0.781608 0.18955 0.804206 0.202463 0.794539 0.224696 0.781608 0.18955 0.766593 0.201575 0.75753 0.1812019 0.794539 0.224696 0.766593 0.201575 0.781608 0.18955 0.781608 0.18955 0.796623 0.177525 0.804206 0.202463 0.781608 0.18955 0.75753 0.1812019 0.777076 0.179363 0.777076 0.179363 0.796623 0.177525 0.781608 0.18955 0.796622 0.177504 0.79484 0.129951 0.794752 0.127601 0.796622 0.177504 0.796623 0.177525 0.79484 0.129951 0.794752 0.127601 0.79484 0.129951 0.794215 0.113279 0.794752 0.127601 0.794215 0.113279 0.794215 0.113259 0.794664 0.125252 0.796622 0.177504 0.794752 0.127601 0.794664 0.125252 0.796621 0.177484 0.796622 0.177504 0.776513 0.111681 0.794215 0.113279 0.79484 0.129951 0.776513 0.111681 0.79484 0.129951 0.776687 0.127677 0.776687 0.127677 0.79484 0.129951 0.796623 0.177525 0.794214 0.113238 0.794664 0.125252 0.794752 0.127601 0.794214 0.113238 0.794752 0.127601 0.794215 0.113259 0.776687 0.127677 0.75881 0.110082 0.776513 0.111681 0.776687 0.127677 0.758534 0.125403 0.75881 0.110082 0.75881 0.110082 0.758534 0.125403 0.776599 0.125328 0.75881 0.110082 0.776599 0.125328 0.776512 0.11166 0.794664 0.125252 0.776512 0.11166 0.776599 0.125328 0.794664 0.125252 0.794214 0.113238 0.776512 0.11166 0.777075 0.179343 0.796621 0.177484 0.794664 0.125252 0.777075 0.179343 0.794664 0.125252 0.776599 0.125328 0.777076 0.179363 0.758534 0.125403 0.776687 0.127677 0.776687 0.127677 0.796623 0.177525 0.777076 0.179363 0.776599 0.125328 0.75753 0.1812019 0.777075 0.179343 0.776599 0.125328 0.758534 0.125403 0.75753 0.1812019 0.777076 0.179363 0.75753 0.1812019 0.758534 0.125403 0.794215 0.113259 0.794215 0.113279 0.836394 0.04772996 0.776513 0.111681 0.836394 0.04772996 0.794215 0.113279 0.776513 0.111681 0.770969 0.08426296 0.836394 0.04772996 0.836394 0.04772996 0.794214 0.113238 0.794215 0.113259 0.770969 0.08426296 0.776512 0.11166 0.836394 0.04772996 0.794214 0.113238 0.836394 0.04772996 0.776512 0.11166 0.770969 0.08426296 0.75881 0.110082 0.776512 0.11166 0.776513 0.111681 0.75881 0.110082 0.770969 0.08426296 0.96149 0.03020697 0.970918 0.005986988 0.935766 0.006087958 0.96149 0.03020697 0.972578 0.02730995 0.970918 0.005986988 0.96149 0.03020697 0.935766 0.006087958 0.937925 0.02738195 0.96149 0.03020697 0.967964 0.06509 0.972578 0.02730995 0.96149 0.03020697 0.958578 0.06944698 0.967964 0.06509 0.968109 0.08575499 0.967964 0.06509 0.958578 0.06944698 0.949067 0.085774 0.968109 0.08575499 0.958578 0.06944698 0.949067 0.085774 0.958578 0.06944698 0.947937 0.06956595 0.947937 0.06956595 0.930026 0.08579397 0.949067 0.085774 0.947937 0.06956595 0.937295 0.06968599 0.930026 0.08579397 0.83569 0.195681 0.796622 0.177504 0.796623 0.177525 0.83569 0.195681 0.83569 0.195681 0.796622 0.177504 0.796621 0.177484 0.796622 0.177504 0.83569 0.195681 0.796621 0.177484 0.83569 0.195681 0.83569 0.195681 0.83569 0.195681 0.804205 0.202443 0.796621 0.177484 0.804205 0.202443 0.83569 0.195681 0.83569 0.2399049 0.796621 0.177484 0.804205 0.202443 0.781607 0.189529 0.796621 0.177484 0.781607 0.189529 0.777075 0.179343 0.804205 0.202443 0.794539 0.224696 0.781607 0.189529 0.794539 0.224696 0.804205 0.202443 0.83569 0.2399049 0.83569 0.2399049 0.83569 0.239718 0.794539 0.224696 0.766593 0.201575 0.781607 0.189529 0.794539 0.224696 0.75753 0.1812019 0.777075 0.179343 0.781607 0.189529 0.75753 0.1812019 0.781607 0.189529 0.766593 0.201575 0.804206 0.202463 0.83569 0.239718 0.83569 0.195681 0.794539 0.224696 0.83569 0.239718 0.804206 0.202463 0.804206 0.202463 0.83569 0.195681 0.796623 0.177525 0.796623 0.177525 0.781608 0.18955 0.804206 0.202463 0.804206 0.202463 0.781608 0.18955 0.794539 0.224696 0.781608 0.18955 0.75753 0.1812019 0.766593 0.201575 0.766593 0.201575 0.794539 0.224696 0.781608 0.18955 0.781608 0.18955 0.777076 0.179363 0.75753 0.1812019 0.796623 0.177525 0.777076 0.179363 0.781608 0.18955 0.79484 0.129951 0.796622 0.177504 0.794752 0.127601 0.79484 0.129951 0.796623 0.177525 0.796622 0.177504 0.794752 0.127601 0.794215 0.113279 0.79484 0.129951 0.794752 0.127601 0.794215 0.113259 0.794215 0.113279 0.794664 0.125252 0.794752 0.127601 0.796622 0.177504 0.794664 0.125252 0.796622 0.177504 0.796621 0.177484 0.79484 0.129951 0.794215 0.113279 0.776513 0.111681 0.776687 0.127677 0.796623 0.177525 0.79484 0.129951 0.79484 0.129951 0.776513 0.111681 0.776687 0.127677 0.794214 0.113238 0.794752 0.127601 0.794664 0.125252 0.794214 0.113238 0.794215 0.113259 0.794752 0.127601 0.776687 0.127677 0.776513 0.111681 0.75881 0.110082 0.776687 0.127677 0.75881 0.110082 0.758534 0.125403 0.75881 0.110082 0.776599 0.125328 0.758534 0.125403 0.794664 0.125252 0.776512 0.11166 0.794214 0.113238 0.794664 0.125252 0.776599 0.125328 0.776512 0.11166 0.75881 0.110082 0.776512 0.11166 0.776599 0.125328 0.794664 0.125252 0.777075 0.179343 0.776599 0.125328 0.794664 0.125252 0.796621 0.177484 0.777075 0.179343 0.777076 0.179363 0.776687 0.127677 0.758534 0.125403 0.776687 0.127677 0.777076 0.179363 0.796623 0.177525 0.776599 0.125328 0.777075 0.179343 0.75753 0.1812019 0.777076 0.179363 0.758534 0.125403 0.75753 0.1812019 0.776599 0.125328 0.75753 0.1812019 0.758534 0.125403 0.794215 0.113279 0.794215 0.113259 0.836394 0.04772996 0.836394 0.04772996 0.776513 0.111681 0.794215 0.113279 0.770969 0.08426296 0.776513 0.111681 0.836394 0.04772996 0.794214 0.113238 0.836394 0.04772996 0.794215 0.113259 0.776512 0.11166 0.770969 0.08426296 0.836394 0.04772996 0.836394 0.04772996 0.794214 0.113238 0.776512 0.11166 0.75881 0.110082 0.776513 0.111681 0.770969 0.08426296 0.75881 0.110082 0.770969 0.08426296 0.776512 0.11166 0.145557 0.764234 0.12458 0.79198 0.124748 0.754506 0.145557 0.764234 0.145557 0.787917 0.12458 0.79198 0.08953195 0.791569 0.124748 0.754506 0.12458 0.79198 0.08953195 0.791569 0.09035295 0.739061 0.124748 0.754506 0.06415796 0.791552 0.09035295 0.739061 0.08953195 0.791569 0.06415796 0.791552 0.06330996 0.739032 0.09035295 0.739061 0.02759695 0.754477 0.06330996 0.739032 0.06415796 0.791552 0.02759695 0.754477 0.06415796 0.791552 0.02778899 0.791893 0.02778899 0.791893 0.01043498 0.764234 0.02759695 0.754477 0.02778899 0.791893 0.01043498 0.787917 0.01043498 0.764234 0.02782899 0.799775 0.02778899 0.791893 0.06415796 0.791552 0.02782899 0.799775 0.01043498 0.787917 0.02778899 0.791893 0.02782899 0.799775 0.01043498 0.796209 0.01043498 0.787917 0.124544 0.79986 0.08953195 0.791569 0.12458 0.79198 0.145557 0.787917 0.124544 0.79986 0.12458 0.79198 0.145557 0.787917 0.145557 0.796209 0.124544 0.79986 0.06415796 0.791552 0.08953195 0.791569 0.08940798 0.799463 0.124544 0.79986 0.08940798 0.799463 0.08953195 0.791569 0.02782899 0.799775 0.06415796 0.791552 0.06428599 0.799443 0.06415796 0.791552 0.08940798 0.799463 0.06428599 0.799443 0.123249 0.981976 0.08776396 0.990384 0.087718 0.981712 0.123249 0.981976 0.123298 0.990657 0.08776396 0.990384 0.087718 0.981712 0.08776396 0.990384 0.065804 0.990348 0.087718 0.981712 0.065804 0.990348 0.06580698 0.981678 0.123335 0.997137 0.08776396 0.990384 0.123298 0.990657 0.08779799 0.99686 0.065804 0.990348 0.08776396 0.990384 0.123335 0.997137 0.08779799 0.99686 0.08776396 0.990384 0.08779799 0.99686 0.06580299 0.996823 0.065804 0.990348 0.123537 0.948032 0.123249 0.981976 0.087718 0.981712 0.145678 0.948161 0.123249 0.981976 0.123537 0.948032 0.145678 0.948161 0.145731 0.982104 0.123249 0.981976 0.145731 0.982104 0.123298 0.990657 0.123249 0.981976 0.087884 0.947767 0.087718 0.981712 0.06580698 0.981678 0.123537 0.948032 0.087718 0.981712 0.087884 0.947767 0.087884 0.947767 0.06580698 0.981678 0.06570297 0.947733 0.065804 0.990348 0.02920395 0.98192 0.06580698 0.981678 0.06570297 0.947733 0.06580698 0.981678 0.02920395 0.98192 0.06570297 0.947733 0.02920395 0.98192 0.02890598 0.947976 0.02890598 0.947976 0.02920395 0.98192 0.01060897 0.982104 0.02890598 0.947976 0.01060897 0.982104 0.01055598 0.948161 0.145731 0.982104 0.145696 0.990791 0.123298 0.990657 0.02914696 0.990599 0.01060897 0.982104 0.02920395 0.98192 0.065804 0.990348 0.02914696 0.990599 0.02920395 0.98192 0.02914696 0.990599 0.01057398 0.990791 0.01060897 0.982104 0.02914696 0.990599 0.01054698 0.997272 0.01057398 0.990791 0.02914696 0.990599 0.02910399 0.997078 0.01054698 0.997272 0.065804 0.990348 0.02910399 0.997078 0.02914696 0.990599 0.065804 0.990348 0.06580299 0.996823 0.02910399 0.997078 0.145669 0.997272 0.123335 0.997137 0.123298 0.990657 0.145669 0.997272 0.123298 0.990657 0.145696 0.990791 0.145595 0.894855 0.124052 0.887437 0.145583 0.887567 0.145595 0.894855 0.1239899 0.894725 0.124052 0.887437 0.1239899 0.894725 0.08817899 0.887169 0.124052 0.887437 0.1239899 0.894725 0.08814299 0.894458 0.08817899 0.887169 0.08814299 0.894458 0.06551897 0.887134 0.08817899 0.887169 0.08814299 0.894458 0.06554096 0.894422 0.06551897 0.887134 0.06551897 0.887134 0.06554096 0.894422 0.02843898 0.894668 0.06551897 0.887134 0.02843898 0.894668 0.02837496 0.88738 0.02837496 0.88738 0.02843898 0.894668 0.01047295 0.894855 0.02837496 0.88738 0.01047295 0.894855 0.01046097 0.887567 0.145557 0.872114 0.145583 0.887567 0.124052 0.887437 0.145557 0.872114 0.124052 0.887437 0.124221 0.871984 0.124221 0.871984 0.124052 0.887437 0.08817899 0.887169 0.08827799 0.871716 0.08817899 0.887169 0.06551897 0.887134 0.124221 0.871984 0.08817899 0.887169 0.08827799 0.871716 0.08827799 0.871716 0.06551897 0.887134 0.06545299 0.871681 0.06551897 0.887134 0.02837496 0.88738 0.02819997 0.871927 0.06551897 0.887134 0.02819997 0.871927 0.06545299 0.871681 0.02837496 0.88738 0.01043498 0.872114 0.02819997 0.871927 0.02837496 0.88738 0.01046097 0.887567 0.01043498 0.872114 0.02819997 0.871927 0.01043498 0.872114 0.01043498 0.849714 0.02809095 0.850635 0.06545299 0.871681 0.02819997 0.871927 0.02819997 0.871927 0.01043498 0.849714 0.02809095 0.850635 0.145557 0.849714 0.145557 0.872114 0.124221 0.871984 0.124316 0.8507 0.124221 0.871984 0.08827799 0.871716 0.145557 0.849714 0.124221 0.871984 0.124316 0.8507 0.124316 0.8507 0.08827799 0.871716 0.088611 0.850394 0.065108 0.850364 0.088611 0.850394 0.08827799 0.871716 0.02809095 0.850635 0.065108 0.850364 0.06545299 0.871681 0.065108 0.850364 0.08827799 0.871716 0.06545299 0.871681 0.160061 0.402397 0.13027 0.394914 0.133361 0.37791 0.105199 0.385551 0.133361 0.37791 0.13027 0.394914 0.105199 0.385551 0.09473496 0.351833 0.133361 0.37791 0.160061 0.402397 0.130321 0.419062 0.13027 0.394914 0.160061 0.402397 0.159483 0.419231 0.130321 0.419062 0.13027 0.394914 0.130321 0.419062 0.105226 0.416268 0.13027 0.394914 0.105226 0.416268 0.105199 0.385551 0.09473496 0.351833 0.105199 0.385551 0.08201295 0.385983 0.08201295 0.385983 0.05523598 0.377066 0.09473496 0.351833 0.08201295 0.385983 0.05833798 0.394822 0.05523598 0.377066 0.081999 0.415881 0.05833798 0.394822 0.08201295 0.385983 0.105199 0.385551 0.081999 0.415881 0.08201295 0.385983 0.105199 0.385551 0.105226 0.416268 0.081999 0.415881 0.081999 0.415881 0.05828696 0.419062 0.05833798 0.394822 0.05523598 0.377066 0.05833798 0.394822 0.02831697 0.402436 0.05828696 0.419062 0.02831697 0.402436 0.05833798 0.394822 0.05828696 0.419062 0.02867299 0.419391 0.02831697 0.402436 0.02867299 0.419391 0.009635984 0.402397 0.02831697 0.402436 0.02867299 0.419391 0.009057998 0.419231 0.009635984 0.402397 0.159506 0.447221 0.130321 0.419062 0.159483 0.419231 0.130536 0.447932 0.105226 0.416268 0.130321 0.419062 0.159506 0.447221 0.130536 0.447932 0.130321 0.419062 0.159506 0.447221 0.127136 0.481115 0.130536 0.447932 0.130536 0.447932 0.1054 0.448595 0.105226 0.416268 0.130536 0.447932 0.127136 0.481115 0.1054 0.448595 0.08198499 0.447913 0.1054 0.448595 0.127136 0.481115 0.105226 0.416268 0.08198499 0.447913 0.081999 0.415881 0.105226 0.416268 0.1054 0.448595 0.08198499 0.447913 0.081999 0.415881 0.08198499 0.447913 0.05808997 0.448107 0.05808997 0.448107 0.02867299 0.419391 0.05828696 0.419062 0.081999 0.415881 0.05808997 0.448107 0.05828696 0.419062 0.08198499 0.447913 0.04911398 0.481115 0.05808997 0.448107 0.05808997 0.448107 0.02850395 0.447549 0.02867299 0.419391 0.05808997 0.448107 0.04911398 0.481115 0.02850395 0.447549 0.02850395 0.447549 0.04911398 0.481115 0.009081959 0.447221 0.02867299 0.419391 0.009081959 0.447221 0.009057998 0.419231 0.02867299 0.419391 0.02850395 0.447549 0.009081959 0.447221 0.02886599 0.943345 0.01055598 0.948161 0.01054894 0.94353 0.02886599 0.943345 0.02890598 0.947976 0.01055598 0.948161 0.06568896 0.943101 0.02890598 0.947976 0.02886599 0.943345 0.06568896 0.943101 0.06570297 0.947733 0.02890598 0.947976 0.087884 0.947767 0.06570297 0.947733 0.06568896 0.943101 0.087884 0.947767 0.06568896 0.943101 0.087906 0.943136 0.123537 0.948032 0.087884 0.947767 0.087906 0.943136 0.123537 0.948032 0.087906 0.943136 0.123576 0.943401 0.145678 0.948161 0.123537 0.948032 0.123576 0.943401 0.145678 0.948161 0.123576 0.943401 0.145671 0.94353 0.02886599 0.943345 0.01054894 0.94353 0.01047295 0.894855 0.06568896 0.943101 0.02886599 0.943345 0.02843898 0.894668 0.02886599 0.943345 0.01047295 0.894855 0.02843898 0.894668 0.145595 0.894855 0.145671 0.94353 0.123576 0.943401 0.1239899 0.894725 0.123576 0.943401 0.087906 0.943136 0.145595 0.894855 0.123576 0.943401 0.1239899 0.894725 0.08814299 0.894458 0.087906 0.943136 0.06568896 0.943101 0.1239899 0.894725 0.087906 0.943136 0.08814299 0.894458 0.06568896 0.943101 0.02843898 0.894668 0.06554096 0.894422 0.08814299 0.894458 0.06568896 0.943101 0.06554096 0.894422 0.02809095 0.850635 0.01043498 0.842235 0.02805399 0.843526 0.02809095 0.850635 0.01043498 0.849714 0.01043498 0.842235 0.02809095 0.850635 0.02805399 0.843526 0.06499296 0.843246 0.02809095 0.850635 0.06499296 0.843246 0.065108 0.850364 0.06499296 0.843246 0.088611 0.850394 0.065108 0.850364 0.06499296 0.843246 0.088723 0.843275 0.088611 0.850394 0.124316 0.8507 0.088611 0.850394 0.088723 0.843275 0.124316 0.8507 0.088723 0.843275 0.124348 0.843593 0.145557 0.842235 0.124316 0.8507 0.124348 0.843593 0.145557 0.842235 0.145557 0.849714 0.124316 0.8507 0.02805399 0.843526 0.01043498 0.842235 0.01043498 0.796209 0.02782899 0.799775 0.06499296 0.843246 0.02805399 0.843526 0.02805399 0.843526 0.01043498 0.796209 0.02782899 0.799775 0.145557 0.796209 0.145557 0.842235 0.124348 0.843593 0.145557 0.796209 0.124348 0.843593 0.124544 0.79986 0.124544 0.79986 0.124348 0.843593 0.088723 0.843275 0.06499296 0.843246 0.08940798 0.799463 0.088723 0.843275 0.124544 0.79986 0.088723 0.843275 0.08940798 0.799463 0.02782899 0.799775 0.06428599 0.799443 0.06499296 0.843246 0.06499296 0.843246 0.06428599 0.799443 0.08940798 0.799463 0.993722 0.005986988 0.972651 0.02730995 0.97099 0.005986988 0.993722 0.005986988 0.992062 0.02730995 0.972651 0.02730995 0.961669 0.030128 0.97099 0.005986988 0.972651 0.02730995 0.961669 0.030128 0.935765 0.006087958 0.97099 0.005986988 0.967932 0.06509 0.961669 0.030128 0.972651 0.02730995 0.967932 0.06509 0.958533 0.06938099 0.961669 0.030128 0.968109 0.08575499 0.958533 0.06938099 0.967932 0.06509 0.958533 0.06938099 0.968109 0.08575499 0.949067 0.085774 0.958533 0.06938099 0.949067 0.085774 0.947914 0.06953299 0.967932 0.06509 0.998376 0.08575499 0.968109 0.08575499 0.996676 0.06509 0.998376 0.08575499 0.967932 0.06509 0.930025 0.08579397 0.947914 0.06953299 0.949067 0.085774 0.930025 0.08579397 0.937294 0.06968599 0.947914 0.06953299 0.917601 0.06969195 0.937294 0.06968599 0.930025 0.08579397 0.917601 0.06969195 0.930025 0.08579397 0.915059 0.08579695 0.915059 0.08579695 0.897907 0.06969797 0.917601 0.06969195 0.917601 0.06969195 0.897907 0.06969797 0.898755 0.006172955 0.898755 0.006172955 0.897907 0.06969797 0.877869 0.069705 0.915059 0.08579695 0.900092 0.085801 0.897907 0.06969797 0.877869 0.069705 0.897907 0.06969797 0.900092 0.085801 0.877869 0.069705 0.900092 0.085801 0.885126 0.08580398 0.917601 0.06969195 0.898755 0.006172955 0.937924 0.02738195 0.917601 0.06969195 0.937924 0.02738195 0.937294 0.06968599 0.898755 0.006172955 0.935765 0.006087958 0.937924 0.02738195 0.961669 0.030128 0.937924 0.02738195 0.935765 0.006087958 0.898755 0.006172955 0.877869 0.069705 0.862864 0.02744799 0.862864 0.02744799 0.872236 0.006172955 0.898755 0.006172955 0.885126 0.08580398 0.857831 0.06971096 0.877869 0.069705 0.877869 0.069705 0.857831 0.06971096 0.862864 0.02744799 0.885126 0.08580398 0.87016 0.08580696 0.857831 0.06971096 0.808927 0.04299294 0.792107 0.01419299 0.851239 0.005254983 0.792107 0.01419299 0.792106 0.01419198 0.851239 0.005254983 0.792106 0.01419198 0.808927 0.04299294 0.851239 0.005254983 0.792107 0.01419299 0.808927 0.04299294 0.765526 0.04986995 0.759372 0.007387995 0.792107 0.01419299 0.765526 0.04986995 0.792106 0.01419198 0.792107 0.01419299 0.759372 0.007387995 0.792106 0.01419198 0.759372 0.007387995 0.759371 0.007386982 0.792106 0.01419198 0.759371 0.007386982 0.765525 0.04986995 0.765525 0.04986995 0.765526 0.04986995 0.808927 0.04299294 0.792106 0.01419198 0.765525 0.04986995 0.808927 0.04299294 0.810049 0.04258996 0.76512 0.05028897 0.802045 0.02881097 0.810049 0.04258996 0.76512 0.05028897 0.76512 0.05028897 0.822494 0.01061797 0.810049 0.04258996 0.802045 0.02881097 0.822494 0.01061797 0.850946 0.006204962 0.810049 0.04258996 0.76512 0.05028998 0.802045 0.02881097 0.76512 0.05028897 0.76512 0.05028998 0.794041 0.01503199 0.802045 0.02881097 0.802045 0.02881097 0.794041 0.01503199 0.822494 0.01061797 0.794041 0.01503199 0.76512 0.05028998 0.762422 0.02862095 0.762422 0.02862095 0.759723 0.006951987 0.794041 0.01503199 0.76512 0.05028897 0.76512 0.05028897 0.810049 0.04258996 0.76512 0.05028897 0.810049 0.04258996 0.802031 0.02870094 0.75974 0.007085978 0.794041 0.01503199 0.759723 0.006951987 0.82248 0.010508 0.850946 0.006204962 0.822494 0.01061797 0.810049 0.04258996 0.82248 0.010508 0.802031 0.02870094 0.810049 0.04258996 0.850946 0.006204962 0.82248 0.010508 0.794041 0.01503199 0.82248 0.010508 0.822494 0.01061797 0.794041 0.01503199 0.794014 0.01481097 0.82248 0.010508 0.82248 0.010508 0.794014 0.01481097 0.802031 0.02870094 0.794014 0.01481097 0.794041 0.01503199 0.75974 0.007085978 0.76512 0.05028796 0.76512 0.05028897 0.802031 0.02870094 0.76512 0.05028796 0.802031 0.02870094 0.794014 0.01481097 0.794014 0.01481097 0.75974 0.007085978 0.76243 0.028687 0.76243 0.028687 0.76512 0.05028796 0.794014 0.01481097 0.83569 0.195681 0.796622 0.177504 0.83569 0.195681 0.83569 0.195681 0.796623 0.177525 0.796622 0.177504 0.796621 0.177484 0.83569 0.195681 0.796622 0.177504 0.796621 0.177484 0.83569 0.195681 0.83569 0.195681 0.804205 0.202443 0.83569 0.195681 0.796621 0.177484 0.83569 0.195681 0.804205 0.202443 0.83569 0.2399049 0.804205 0.202443 0.796621 0.177484 0.781607 0.189529 0.781607 0.189529 0.796621 0.177484 0.777075 0.179343 0.794539 0.224696 0.804205 0.202443 0.781607 0.189529 0.804205 0.202443 0.794539 0.224696 0.83569 0.2399049 0.83569 0.239718 0.83569 0.2399049 0.794539 0.224696 0.781607 0.189529 0.766593 0.201575 0.794539 0.224696 0.75753 0.1812019 0.766593 0.201575 0.781607 0.189529 0.75753 0.1812019 0.781607 0.189529 0.777075 0.179343 0.804206 0.202463 0.83569 0.195681 0.83569 0.239718 0.804206 0.202463 0.796623 0.177525 0.83569 0.195681 0.83569 0.239718 0.794539 0.224696 0.804206 0.202463 0.781608 0.18955 0.804206 0.202463 0.794539 0.224696 0.781608 0.18955 0.766593 0.201575 0.75753 0.1812019 0.794539 0.224696 0.766593 0.201575 0.781608 0.18955 0.781608 0.18955 0.796623 0.177525 0.804206 0.202463 0.777076 0.179363 0.796623 0.177525 0.781608 0.18955 0.781608 0.18955 0.75753 0.1812019 0.777076 0.179363 0.796622 0.177504 0.79484 0.129951 0.794752 0.127601 0.796622 0.177504 0.796623 0.177525 0.79484 0.129951 0.794752 0.127601 0.79484 0.129951 0.794215 0.113279 0.794752 0.127601 0.794215 0.113279 0.794215 0.113259 0.794664 0.125252 0.796622 0.177504 0.794752 0.127601 0.794664 0.125252 0.796621 0.177484 0.796622 0.177504 0.776513 0.111681 0.794215 0.113279 0.79484 0.129951 0.776513 0.111681 0.79484 0.129951 0.776687 0.127677 0.776687 0.127677 0.79484 0.129951 0.796623 0.177525 0.794214 0.113238 0.794664 0.125252 0.794752 0.127601 0.794214 0.113238 0.794752 0.127601 0.794215 0.113259 0.776687 0.127677 0.75881 0.110082 0.776513 0.111681 0.776687 0.127677 0.758534 0.125403 0.75881 0.110082 0.75881 0.110082 0.758534 0.125403 0.776599 0.125328 0.75881 0.110082 0.776599 0.125328 0.776512 0.11166 0.794664 0.125252 0.776512 0.11166 0.776599 0.125328 0.794664 0.125252 0.794214 0.113238 0.776512 0.11166 0.777075 0.179343 0.796621 0.177484 0.794664 0.125252 0.777075 0.179343 0.794664 0.125252 0.776599 0.125328 0.777076 0.179363 0.758534 0.125403 0.776687 0.127677 0.776687 0.127677 0.796623 0.177525 0.777076 0.179363 0.776599 0.125328 0.75753 0.1812019 0.777075 0.179343 0.776599 0.125328 0.758534 0.125403 0.75753 0.1812019 0.777076 0.179363 0.75753 0.1812019 0.758534 0.125403 0.794215 0.113259 0.794215 0.113279 0.836394 0.04772996 0.776513 0.111681 0.836394 0.04772996 0.794215 0.113279 0.776513 0.111681 0.770969 0.08426296 0.836394 0.04772996 0.836394 0.04772996 0.794214 0.113238 0.794215 0.113259 0.794214 0.113238 0.836394 0.04772996 0.776512 0.11166 0.770969 0.08426296 0.776512 0.11166 0.836394 0.04772996 0.776513 0.111681 0.75881 0.110082 0.770969 0.08426296 0.770969 0.08426296 0.75881 0.110082 0.776512 0.11166 0.96149 0.03020697 0.970918 0.005986988 0.935766 0.006087958 0.96149 0.03020697 0.972578 0.02730995 0.970918 0.005986988 0.96149 0.03020697 0.935766 0.006087958 0.937925 0.02738195 0.96149 0.03020697 0.967964 0.06509 0.972578 0.02730995 0.96149 0.03020697 0.958578 0.06944698 0.967964 0.06509 0.968109 0.08575499 0.967964 0.06509 0.958578 0.06944698 0.949067 0.085774 0.968109 0.08575499 0.958578 0.06944698 0.949067 0.085774 0.958578 0.06944698 0.947937 0.06956595 0.947937 0.06956595 0.930026 0.08579397 0.949067 0.085774 0.947937 0.06956595 0.937295 0.06968599 0.930026 0.08579397 0.83569 0.195681 0.796622 0.177504 0.796623 0.177525 0.83569 0.195681 0.83569 0.195681 0.796622 0.177504 0.796621 0.177484 0.796622 0.177504 0.83569 0.195681 0.796621 0.177484 0.83569 0.195681 0.83569 0.195681 0.83569 0.195681 0.804205 0.202443 0.796621 0.177484 0.804205 0.202443 0.83569 0.195681 0.83569 0.2399049 0.796621 0.177484 0.804205 0.202443 0.781607 0.189529 0.796621 0.177484 0.781607 0.189529 0.777075 0.179343 0.794539 0.224696 0.804205 0.202443 0.83569 0.2399049 0.804205 0.202443 0.794539 0.224696 0.781607 0.189529 0.83569 0.2399049 0.83569 0.239718 0.794539 0.224696 0.766593 0.201575 0.781607 0.189529 0.794539 0.224696 0.75753 0.1812019 0.777075 0.179343 0.781607 0.189529 0.75753 0.1812019 0.781607 0.189529 0.766593 0.201575 0.804206 0.202463 0.83569 0.195681 0.796623 0.177525 0.804206 0.202463 0.83569 0.239718 0.83569 0.195681 0.794539 0.224696 0.83569 0.239718 0.804206 0.202463 0.804206 0.202463 0.781608 0.18955 0.794539 0.224696 0.781608 0.18955 0.75753 0.1812019 0.766593 0.201575 0.766593 0.201575 0.794539 0.224696 0.781608 0.18955 0.796623 0.177525 0.781608 0.18955 0.804206 0.202463 0.781608 0.18955 0.777076 0.179363 0.75753 0.1812019 0.796623 0.177525 0.777076 0.179363 0.781608 0.18955 0.79484 0.129951 0.796622 0.177504 0.794752 0.127601 0.79484 0.129951 0.796623 0.177525 0.796622 0.177504 0.794752 0.127601 0.794215 0.113279 0.79484 0.129951 0.794752 0.127601 0.794215 0.113259 0.794215 0.113279 0.794664 0.125252 0.794752 0.127601 0.796622 0.177504 0.794664 0.125252 0.796622 0.177504 0.796621 0.177484 0.79484 0.129951 0.794215 0.113279 0.776513 0.111681 0.79484 0.129951 0.776513 0.111681 0.776687 0.127677 0.776687 0.127677 0.796623 0.177525 0.79484 0.129951 0.794214 0.113238 0.794215 0.113259 0.794752 0.127601 0.794214 0.113238 0.794752 0.127601 0.794664 0.125252 0.776687 0.127677 0.776513 0.111681 0.75881 0.110082 0.776687 0.127677 0.75881 0.110082 0.758534 0.125403 0.75881 0.110082 0.776599 0.125328 0.758534 0.125403 0.75881 0.110082 0.776512 0.11166 0.776599 0.125328 0.794664 0.125252 0.776512 0.11166 0.794214 0.113238 0.794664 0.125252 0.776599 0.125328 0.776512 0.11166 0.794664 0.125252 0.796621 0.177484 0.777075 0.179343 0.794664 0.125252 0.777075 0.179343 0.776599 0.125328 0.777076 0.179363 0.776687 0.127677 0.758534 0.125403 0.776687 0.127677 0.777076 0.179363 0.796623 0.177525 0.776599 0.125328 0.75753 0.1812019 0.758534 0.125403 0.776599 0.125328 0.777075 0.179343 0.75753 0.1812019 0.777076 0.179363 0.758534 0.125403 0.75753 0.1812019 0.794215 0.113279 0.794215 0.113259 0.836394 0.04772996 0.836394 0.04772996 0.776513 0.111681 0.794215 0.113279 0.770969 0.08426296 0.776513 0.111681 0.836394 0.04772996 0.794214 0.113238 0.836394 0.04772996 0.794215 0.113259 0.776512 0.11166 0.770969 0.08426296 0.836394 0.04772996 0.836394 0.04772996 0.794214 0.113238 0.776512 0.11166 0.75881 0.110082 0.770969 0.08426296 0.776512 0.11166 0.75881 0.110082 0.776513 0.111681 0.770969 0.08426296 0.834595 0.172719 0.807304 0.172583 0.807304 0.173185 0.834595 0.172719 0.837501 0.1709769 0.807304 0.172583 0.884466 0.1734409 0.837501 0.1709769 0.834595 0.172719 0.04530698 0.12953 0.06367295 0.212347 0.06707495 0.12953 0.08897 0.12953 0.06707495 0.12953 0.06367295 0.212347 0.04530698 0.12953 0.03523296 0.212347 0.06367295 0.212347 0.08897 0.12953 0.06367295 0.212347 0.08776795 0.212347 0.08897 0.12953 0.08776795 0.212347 0.117555 0.212347 0.08897 0.12953 0.117555 0.212347 0.113348 0.12953 0.122893 0.12953 0.113348 0.12953 0.117555 0.212347 0.122893 0.12953 0.117555 0.212347 0.129015 0.212347 0.140475 0.212347 0.122893 0.12953 0.129015 0.212347 0.140475 0.212347 0.132438 0.12953 0.122893 0.12953 0.132438 0.12953 0.140475 0.212347 0.153459 0.12953 0.140475 0.212347 0.162443 0.212347 0.153459 0.12953 0.918309 0.225231 0.899411 0.2181169 0.904266 0.224438 0.918309 0.225231 0.916753 0.203908 0.899411 0.2181169 0.899411 0.2181169 0.918309 0.225231 0.904266 0.224438 0.899411 0.2181169 0.916753 0.203908 0.918309 0.225231 0.918085 0.234533 0.918309 0.225231 0.904266 0.224438 0.918085 0.234533 0.904266 0.224438 0.905489 0.234751 0.904266 0.224438 0.918309 0.23467 0.905489 0.234751 0.904266 0.224438 0.918309 0.225231 0.918309 0.23467 0.899411 0.2181169 0.889301 0.199544 0.916753 0.203908 0.899411 0.2181169 0.883432 0.211107 0.889301 0.199544 0.889301 0.199544 0.903863 0.191756 0.916753 0.203908 0.916753 0.203908 0.903863 0.191756 0.937367 0.1755239 0.903863 0.191756 0.903479 0.175804 0.937367 0.1755239 0.937367 0.1755239 0.903479 0.175804 0.886599 0.175804 0.903479 0.175804 0.876628 0.186448 0.886599 0.175804 0.903479 0.175804 0.903863 0.191756 0.876628 0.186448 0.876628 0.186448 0.903863 0.191756 0.889301 0.199544 0.899411 0.2181169 0.889297 0.1995429 0.883432 0.211107 0.916753 0.203908 0.889297 0.1995429 0.899411 0.2181169 0.916753 0.203908 0.903863 0.1917549 0.889297 0.1995429 0.949345 0.191056 0.903863 0.1917549 0.916753 0.203908 0.949345 0.191056 0.937367 0.175221 0.903863 0.1917549 0.937367 0.175221 0.903479 0.175792 0.903863 0.1917549 0.903479 0.175792 0.903479 0.175792 0.937367 0.175221 0.876628 0.186446 0.903863 0.1917549 0.903479 0.175792 0.889297 0.1995429 0.903863 0.1917549 0.876628 0.186446 0.876628 0.186446 0.903479 0.175792 0.903479 0.175792 0.903479 0.175912 0.903479 0.175792 0.937367 0.175221 0.883432 0.211107 0.883432 0.211107 0.889297 0.1995429 0.889301 0.199544 0.883432 0.211107 0.883432 0.211107 0.889297 0.1995429 0.876628 0.186446 0.866934 0.2022089 0.883432 0.211107 0.889297 0.1995429 0.866934 0.2022089 0.903479 0.175929 0.937367 0.175221 0.937367 0.1755239 0.903479 0.175929 0.903479 0.175912 0.937367 0.175221 0.886599 0.175804 0.903479 0.175929 0.937367 0.1755239 0.992065 0.175221 0.949345 0.191056 0.937367 0.1755239 0.992065 0.175221 0.982808 0.1882939 0.949345 0.191056 0.889301 0.199544 0.883432 0.211107 0.866934 0.202215 0.876628 0.186448 0.889301 0.199544 0.866934 0.202215 0.916753 0.203908 0.957309 0.215749 0.949345 0.191056 0.951838 0.230536 0.957309 0.215749 0.918309 0.225231 0.948342 0.240149 0.951838 0.230536 0.918309 0.225231 0.948342 0.240149 0.918309 0.225231 0.918085 0.234533 0.918309 0.225231 0.916753 0.203908 0.957137 0.215905 0.918309 0.225231 0.957137 0.215905 0.951838 0.230536 0.951838 0.230536 0.957137 0.215905 0.967442 0.21746 0.951838 0.230536 0.967442 0.21746 0.965117 0.233593 0.963019 0.242071 0.951838 0.230536 0.965117 0.233593 0.963019 0.242071 0.948342 0.240149 0.951838 0.230536 0.918309 0.225231 0.951838 0.230536 0.948342 0.240149 0.918309 0.225231 0.948342 0.240149 0.918309 0.23467 0.978395 0.236651 0.963019 0.242071 0.965117 0.233593 0.978395 0.236651 0.977696 0.243993 0.963019 0.242071 0.06499397 0.120943 0.04530698 0.12953 0.06707495 0.12953 0.06499397 0.120943 0.03854995 0.121252 0.04530698 0.12953 0.08897 0.12953 0.06499397 0.120943 0.06707495 0.12953 0.08897 0.12953 0.091241 0.121204 0.06499397 0.120943 0.05265998 0.02761596 0.03854995 0.121252 0.06499397 0.120943 0.05265998 0.02761596 0.06499397 0.120943 0.091241 0.121204 0.05265998 0.02761596 0.091241 0.121204 0.08305895 0.03148597 0.05265998 0.02761596 0.016496 0.03117299 0.03854995 0.121252 0.091241 0.121204 0.08897 0.12953 0.113348 0.12953 0.08305895 0.03148597 0.091241 0.121204 0.120578 0.121155 0.091241 0.121204 0.113348 0.12953 0.120578 0.121155 0.120578 0.121155 0.113348 0.12953 0.122893 0.12953 0.120578 0.121155 0.122893 0.12953 0.132268 0.121166 0.135965 0.02761596 0.120578 0.121155 0.132268 0.121166 0.135965 0.02761596 0.118673 0.02761596 0.120578 0.121155 0.08305895 0.03148597 0.120578 0.121155 0.118673 0.02761596 0.143958 0.121177 0.135965 0.02761596 0.132268 0.121166 0.122893 0.12953 0.143958 0.121177 0.132268 0.121166 0.122893 0.12953 0.132438 0.12953 0.143958 0.121177 0.132438 0.12953 0.169317 0.121252 0.143958 0.121177 0.132438 0.12953 0.153459 0.12953 0.169317 0.121252 0.143958 0.121177 0.169317 0.121252 0.185063 0.03117299 0.143958 0.121177 0.185063 0.03117299 0.153257 0.02761596 0.143958 0.121177 0.153257 0.02761596 0.135965 0.02761596 0.118673 0.02761596 0.08270698 0.02761596 0.08305895 0.03148597 0.08305895 0.03148597 0.08270698 0.02761596 0.07917499 0.02761596 0.07917499 0.02761596 0.05265998 0.02761596 0.08305895 0.03148597 0.016496 0.03117299 0.05265998 0.02761596 0.02464795 0.02761596 0.02464795 0.02761596 0.01562595 0.02761596 0.016496 0.03117299 0.185063 0.03117299 0.185685 0.02761596 0.153257 0.02761596 0.206665 0.506188 0.184287 0.492905 0.184287 0.481594 0.184287 0.481594 0.184287 0.492905 0.158991 0.505089 0.158991 0.505089 0.184287 0.492905 0.181296 0.501797 0.181296 0.501797 0.184287 0.492905 0.206665 0.506188 0.181296 0.501797 0.206665 0.506188 0.195976 0.51599 0.195976 0.51599 0.178304 0.510689 0.181296 0.501797 0.206665 0.506188 0.213647 0.521291 0.195976 0.51599 0.206665 0.506188 0.21666 0.513083 0.213647 0.521291 0.213647 0.521291 0.192225 0.530336 0.195976 0.51599 0.195976 0.51599 0.192225 0.530336 0.178304 0.510689 0.213647 0.521291 0.208129 0.53632 0.192225 0.530336 0.181296 0.501797 0.178304 0.510689 0.160585 0.516075 0.158991 0.505089 0.181296 0.501797 0.160585 0.516075 0.158991 0.505089 0.160585 0.516075 0.142866 0.521461 0.158991 0.505089 0.142866 0.521461 0.1440179 0.514495 0.251934 0.541837 0.208129 0.53632 0.213647 0.521291 0.213647 0.521291 0.21666 0.513083 0.251934 0.541837 0.208129 0.53632 0.251934 0.541837 0.233727 0.553736 0.270191 0.574786 0.233727 0.553736 0.251934 0.541837 0.270191 0.574786 0.251934 0.541837 0.277376 0.56549 0.296815 0.573986 0.270191 0.574786 0.277376 0.56549 0.296815 0.573986 0.297683 0.580491 0.270191 0.574786 0.297683 0.580491 0.296815 0.573986 0.340449 0.572565 0.335767 0.572239 0.340449 0.572565 0.296815 0.573986 0.296815 0.573986 0.333209 0.57206 0.335767 0.572239 0.949754 0.1409029 0.945249 0.14146 0.946064 0.141359 0.949754 0.1409029 0.949599 0.140922 0.945249 0.14146 0.945249 0.14146 0.949599 0.140922 0.950448 0.129249 0.945249 0.14146 0.950448 0.129249 0.946203 0.1289809 0.950448 0.129249 0.949599 0.140922 0.986739 0.135559 0.986739 0.135559 0.951297 0.117576 0.950448 0.129249 0.948526 0.1287209 0.949754 0.1409029 0.946064 0.141359 0.948526 0.1287209 0.946064 0.141359 0.94528 0.127397 0.947299 0.11654 0.948526 0.1287209 0.94528 0.127397 0.947299 0.11654 0.94528 0.127397 0.944497 0.113434 0.945843 0.113434 0.947299 0.11654 0.944497 0.113434 0.986739 0.11327 0.951297 0.117576 0.986739 0.135559 0.986739 0.11327 0.945843 0.113434 0.951297 0.117576 0.950448 0.129249 0.947157 0.116502 0.946203 0.1289809 0.950448 0.129249 0.951297 0.117576 0.947157 0.116502 0.945843 0.113434 0.947157 0.116502 0.951297 0.117576 0.986737 0.135559 0.986739 0.135559 0.949599 0.140922 0.986737 0.135559 0.949754 0.1409029 0.948526 0.1287209 0.948526 0.1287209 0.947299 0.11654 0.986737 0.135559 0.986737 0.135559 0.949599 0.140922 0.949754 0.1409029 0.986739 0.113726 0.947299 0.11654 0.945843 0.113434 0.945843 0.113434 0.986739 0.11327 0.986739 0.113726 0.945843 0.113434 0.986739 0.113726 0.945843 0.113434 0.986739 0.113726 0.986737 0.135559 0.947299 0.11654 0.906696 0.146228 0.906703 0.146228 0.896615 0.147475 0.906703 0.146228 0.900543 0.1302289 0.896615 0.147475 0.906703 0.146228 0.905849 0.129831 0.900543 0.1302289 0.899916 0.130233 0.906696 0.146228 0.896615 0.147475 0.899916 0.130233 0.904997 0.129831 0.906696 0.146228 0.900543 0.1302289 0.905849 0.129831 0.904994 0.113434 0.94528 0.127397 0.906696 0.146228 0.904997 0.129831 0.944497 0.113434 0.94528 0.127397 0.904997 0.129831 0.903298 0.113434 0.904997 0.129831 0.899916 0.130233 0.944497 0.113434 0.904997 0.129831 0.903298 0.113434 0.945843 0.113434 0.944497 0.113434 0.903298 0.113434 0.945843 0.113434 0.904994 0.113434 0.945843 0.113434 0.945843 0.113434 0.904994 0.113434 0.904994 0.113434 0.945843 0.113434 0.904994 0.113434 0.947157 0.116502 0.905849 0.129831 0.947157 0.116502 0.904994 0.113434 0.94528 0.127397 0.946064 0.141359 0.906696 0.146228 0.946064 0.141359 0.906703 0.146228 0.906696 0.146228 0.946064 0.141359 0.945249 0.14146 0.906703 0.146228 0.906703 0.146228 0.945249 0.14146 0.946203 0.1289809 0.905849 0.129831 0.946203 0.1289809 0.947157 0.116502 0.906703 0.146228 0.946203 0.1289809 0.905849 0.129831 0.904994 0.113434 0.891943 0.113434 0.904994 0.113434 0.904994 0.113434 0.891943 0.113434 0.891943 0.113434 0.860319 0.113291 0.891943 0.113434 0.891943 0.113434 0.860319 0.113291 0.891943 0.113434 0.860319 0.113291 0.891943 0.113434 0.903298 0.113434 0.899916 0.130233 0.889237 0.131078 0.860319 0.113291 0.891943 0.113434 0.891943 0.113434 0.899916 0.130233 0.889237 0.131078 0.896615 0.147475 0.889237 0.131078 0.899916 0.130233 0.896615 0.147475 0.88653 0.148723 0.889237 0.131078 0.889237 0.131078 0.88653 0.148723 0.857612 0.130985 0.889237 0.131078 0.857612 0.130985 0.860319 0.113291 0.889237 0.131078 0.891943 0.113434 0.860319 0.113291 0.857612 0.130985 0.88653 0.148723 0.889237 0.131078 0.889237 0.131078 0.88653 0.148723 0.896615 0.147475 0.889237 0.131078 0.860319 0.113291 0.857612 0.130985 0.891943 0.113434 0.900543 0.1302289 0.904994 0.113434 0.889237 0.131078 0.896615 0.147475 0.900543 0.1302289 0.891943 0.113434 0.889237 0.131078 0.900543 0.1302289 0.857612 0.130985 0.828695 0.113248 0.860319 0.113291 0.860319 0.113291 0.828695 0.113248 0.857612 0.130985 0.860319 0.113291 0.828695 0.113248 0.860319 0.113291 0.807304 0.1431699 0.805422 0.152301 0.833124 0.133826 0.83386 0.153273 0.833124 0.133826 0.805422 0.152301 0.805422 0.152299 0.807304 0.1431699 0.833124 0.133826 0.805422 0.152299 0.833124 0.133826 0.83386 0.1532649 0.83386 0.1532649 0.833124 0.133826 0.858795 0.153568 0.858795 0.153568 0.833124 0.133826 0.83386 0.153273 0.828436 0.163664 0.805422 0.152299 0.83386 0.1532649 0.83386 0.1532649 0.858795 0.153568 0.828436 0.163664 0.856451 0.168487 0.828436 0.163664 0.858795 0.153568 0.856451 0.168487 0.858795 0.153568 0.87163 0.163439 0.858795 0.153568 0.855941 0.168136 0.87163 0.163439 0.858795 0.153568 0.827417 0.162962 0.855941 0.168136 0.827417 0.162962 0.858795 0.153568 0.83386 0.153273 0.83386 0.153273 0.805422 0.152301 0.827417 0.162962 0.855941 0.168136 0.827417 0.162962 0.834595 0.172719 0.827417 0.162962 0.805422 0.152301 0.807304 0.173185 0.807304 0.173185 0.834595 0.172719 0.827417 0.162962 0.855941 0.168136 0.834595 0.172719 0.859531 0.172655 0.834595 0.172719 0.859531 0.172969 0.859531 0.172655 0.834595 0.173128 0.856451 0.168487 0.859531 0.172969 0.834595 0.173128 0.828436 0.163664 0.856451 0.168487 0.834595 0.172719 0.834595 0.173128 0.859531 0.172969 0.828436 0.163664 0.834595 0.173128 0.807304 0.173025 0.807304 0.173025 0.834595 0.172719 0.807304 0.173185 0.807304 0.173025 0.834595 0.173128 0.834595 0.172719 0.859531 0.172655 0.884466 0.17331 0.855941 0.168136 0.855941 0.168136 0.884466 0.17331 0.87163 0.163439 0.87163 0.163439 0.884466 0.17331 0.856451 0.168487 0.856451 0.168487 0.884466 0.17331 0.859531 0.172969 0.859531 0.172969 0.884466 0.17331 0.859531 0.172655 0.949754 0.1409029 0.945249 0.14146 0.949599 0.140922 0.949754 0.1409029 0.946064 0.141359 0.945249 0.14146 0.945249 0.14146 0.950448 0.129249 0.949599 0.140922 0.945249 0.14146 0.946203 0.1289809 0.950448 0.129249 0.949599 0.140922 0.950448 0.129249 0.986739 0.135559 0.951297 0.117576 0.986739 0.135559 0.950448 0.129249 0.948526 0.1287209 0.946064 0.141359 0.949754 0.1409029 0.948526 0.1287209 0.94528 0.127397 0.946064 0.141359 0.947299 0.11654 0.94528 0.127397 0.948526 0.1287209 0.947299 0.11654 0.944497 0.113434 0.94528 0.127397 0.947299 0.11654 0.945843 0.113434 0.944497 0.113434 0.986739 0.11327 0.986739 0.135559 0.951297 0.117576 0.986739 0.11327 0.951297 0.117576 0.945843 0.113434 0.950448 0.129249 0.947157 0.116502 0.951297 0.117576 0.950448 0.129249 0.946203 0.1289809 0.947157 0.116502 0.947157 0.116502 0.945843 0.113434 0.951297 0.117576 0.986737 0.135559 0.949599 0.140922 0.986739 0.135559 0.947299 0.11654 0.948526 0.1287209 0.986737 0.135559 0.949754 0.1409029 0.986737 0.135559 0.948526 0.1287209 0.986737 0.135559 0.949754 0.1409029 0.949599 0.140922 0.945843 0.113434 0.986739 0.113726 0.986739 0.11327 0.945843 0.113434 0.945843 0.113434 0.986739 0.113726 0.986739 0.113726 0.947299 0.11654 0.986737 0.135559 0.986739 0.113726 0.945843 0.113434 0.947299 0.11654 0.906703 0.146228 0.906696 0.146228 0.896615 0.147475 0.906703 0.146228 0.896615 0.147475 0.900543 0.1302289 0.906703 0.146228 0.900543 0.1302289 0.905849 0.129831 0.906696 0.146228 0.899916 0.130233 0.896615 0.147475 0.906696 0.146228 0.904997 0.129831 0.899916 0.130233 0.905849 0.129831 0.900543 0.1302289 0.904994 0.113434 0.94528 0.127397 0.904997 0.129831 0.906696 0.146228 0.944497 0.113434 0.904997 0.129831 0.94528 0.127397 0.904997 0.129831 0.903298 0.113434 0.899916 0.130233 0.944497 0.113434 0.903298 0.113434 0.904997 0.129831 0.944497 0.113434 0.945843 0.113434 0.903298 0.113434 0.945843 0.113434 0.904994 0.113434 0.904994 0.113434 0.945843 0.113434 0.945843 0.113434 0.904994 0.113434 0.905849 0.129831 0.904994 0.113434 0.947157 0.116502 0.904994 0.113434 0.945843 0.113434 0.947157 0.116502 0.946064 0.141359 0.906696 0.146228 0.906703 0.146228 0.94528 0.127397 0.906696 0.146228 0.946064 0.141359 0.946064 0.141359 0.906703 0.146228 0.945249 0.14146 0.905849 0.129831 0.947157 0.116502 0.946203 0.1289809 0.906703 0.146228 0.946203 0.1289809 0.945249 0.14146 0.906703 0.146228 0.905849 0.129831 0.946203 0.1289809 0.904994 0.113434 0.904994 0.113434 0.891943 0.113434 0.904994 0.113434 0.891943 0.113434 0.891943 0.113434 0.891943 0.113434 0.891943 0.113434 0.860319 0.113291 0.891943 0.113434 0.860319 0.113291 0.860319 0.113291 0.899916 0.130233 0.903298 0.113434 0.891943 0.113434 0.860319 0.113291 0.889237 0.131078 0.891943 0.113434 0.899916 0.130233 0.891943 0.113434 0.889237 0.131078 0.889237 0.131078 0.896615 0.147475 0.899916 0.130233 0.889237 0.131078 0.88653 0.148723 0.896615 0.147475 0.88653 0.148723 0.889237 0.131078 0.857612 0.130985 0.860319 0.113291 0.857612 0.130985 0.889237 0.131078 0.860319 0.113291 0.891943 0.113434 0.889237 0.131078 0.889237 0.131078 0.896615 0.147475 0.88653 0.148723 0.88653 0.148723 0.857612 0.130985 0.889237 0.131078 0.860319 0.113291 0.889237 0.131078 0.857612 0.130985 0.889237 0.131078 0.900543 0.1302289 0.896615 0.147475 0.891943 0.113434 0.904994 0.113434 0.900543 0.1302289 0.891943 0.113434 0.900543 0.1302289 0.889237 0.131078 0.828695 0.113248 0.860319 0.113291 0.857612 0.130985 0.828695 0.113248 0.860319 0.113291 0.860319 0.113291 0.828695 0.113248 0.857612 0.130985 0.860319 0.113291 0.805422 0.152301 0.827417 0.162962 0.807304 0.173185 0.208129 0.53632 0.190565 0.542604 0.192225 0.530336 0.208129 0.53632 0.206979 0.548625 0.190565 0.542604 0.206979 0.548625 0.1908619 0.599454 0.190565 0.542604 0.206979 0.548625 0.209268 0.600465 0.1908619 0.599454 0.1908619 0.599454 0.173179 0.543866 0.190565 0.542604 0.1908619 0.599454 0.173179 0.597359 0.173179 0.543866 0.152875 0.598272 0.173179 0.543866 0.173179 0.597359 0.152875 0.598272 0.157109 0.545609 0.173179 0.543866 0.152875 0.598272 0.143002 0.545781 0.157109 0.545609 0.152875 0.598272 0.1376309 0.599909 0.143002 0.545781 0.157109 0.545609 0.141936 0.537357 0.156576 0.535175 0.157109 0.545609 0.143002 0.545781 0.141936 0.537357 0.206979 0.548625 0.208129 0.53632 0.231905 0.562559 0.209268 0.600465 0.206979 0.548625 0.231905 0.562559 0.209268 0.600465 0.231905 0.562559 0.23724 0.607772 0.23724 0.607772 0.231905 0.562559 0.261188 0.57943 0.23724 0.607772 0.261188 0.57943 0.270945 0.618684 0.231905 0.562559 0.270191 0.574786 0.261188 0.57943 0.233727 0.553736 0.231905 0.562559 0.208129 0.53632 0.231905 0.562559 0.233727 0.553736 0.270191 0.574786 0.297043 0.591734 0.270945 0.618684 0.261188 0.57943 0.270191 0.574786 0.297043 0.591734 0.261188 0.57943 0.270191 0.574786 0.297683 0.580491 0.297043 0.591734 0.340449 0.572565 0.297043 0.591734 0.297683 0.580491 0.341375 0.58294 0.297043 0.591734 0.340449 0.572565 0.297043 0.591734 0.341375 0.58294 0.32902 0.633594 0.297043 0.591734 0.300347 0.629117 0.270945 0.618684 0.297043 0.591734 0.32902 0.633594 0.300347 0.629117 0.209268 0.600465 0.1902419 0.611894 0.1908619 0.599454 0.209268 0.600465 0.207304 0.613258 0.1902419 0.611894 0.207304 0.613258 0.1902419 0.649825 0.1902419 0.611894 0.207304 0.613258 0.209111 0.652035 0.1902419 0.649825 0.173179 0.650505 0.1902419 0.611894 0.1902419 0.649825 0.173179 0.650505 0.173179 0.613406 0.1902419 0.611894 0.1908619 0.599454 0.1902419 0.611894 0.173179 0.613406 0.149971 0.611312 0.173179 0.613406 0.173179 0.650505 0.149971 0.611312 0.173179 0.650505 0.15053 0.648431 0.1908619 0.599454 0.173179 0.613406 0.173179 0.597359 0.173179 0.597359 0.173179 0.613406 0.149971 0.611312 0.173179 0.597359 0.149971 0.611312 0.152875 0.598272 0.126762 0.609218 0.152875 0.598272 0.149971 0.611312 0.15053 0.648431 0.126762 0.609218 0.149971 0.611312 0.15053 0.648431 0.127881 0.646356 0.126762 0.609218 0.126762 0.609218 0.1376309 0.599909 0.152875 0.598272 0.235779 0.622584 0.209111 0.652035 0.207304 0.613258 0.235779 0.622584 0.234143 0.656189 0.209111 0.652035 0.23724 0.607772 0.207304 0.613258 0.209268 0.600465 0.23724 0.607772 0.235779 0.622584 0.207304 0.613258 0.235779 0.622584 0.23724 0.607772 0.270945 0.618684 0.234143 0.656189 0.235779 0.622584 0.266765 0.634222 0.235779 0.622584 0.270945 0.618684 0.266765 0.634222 0.270945 0.618684 0.300745 0.645299 0.266765 0.634222 0.270945 0.618684 0.300347 0.629117 0.300745 0.645299 0.32458 0.64526 0.300745 0.645299 0.300347 0.629117 0.32458 0.64526 0.300347 0.629117 0.32902 0.633594 0.234143 0.656189 0.266765 0.634222 0.261375 0.660344 0.338887 0.687131 0.300745 0.645299 0.32458 0.64526 0.266765 0.634222 0.297427 0.677353 0.261375 0.660344 0.266765 0.634222 0.300745 0.645299 0.297427 0.677353 0.338887 0.687131 0.297427 0.677353 0.300745 0.645299 0.209111 0.652035 0.1902419 0.668987 0.1902419 0.649825 0.209111 0.652035 0.207304 0.66975 0.1902419 0.668987 0.1902419 0.668987 0.173179 0.650505 0.1902419 0.649825 0.1902419 0.668987 0.173179 0.668224 0.173179 0.650505 0.15053 0.648431 0.173179 0.650505 0.173179 0.668224 0.15053 0.648431 0.173179 0.668224 0.1513569 0.667021 0.173179 0.700888 0.173179 0.668224 0.1902419 0.668987 0.207304 0.66975 0.186619 0.701971 0.1902419 0.668987 0.173179 0.700888 0.1902419 0.668987 0.186619 0.701971 0.149778 0.700183 0.173179 0.668224 0.173179 0.700888 0.149778 0.700183 0.1513569 0.667021 0.173179 0.668224 0.173179 0.726105 0.173179 0.700888 0.186619 0.701971 0.149778 0.700183 0.173179 0.700888 0.173179 0.726105 0.11366 0.74279 0.149778 0.700183 0.173179 0.726105 0.11366 0.74279 0.126376 0.699478 0.149778 0.700183 0.1513569 0.667021 0.149778 0.700183 0.126376 0.699478 0.207304 0.66975 0.200058 0.703054 0.186619 0.701971 0.12786 0.66531 0.15053 0.648431 0.1513569 0.667021 0.1513569 0.667021 0.126376 0.699478 0.12786 0.66531 0.12786 0.66531 0.127881 0.646356 0.15053 0.648431 0.234143 0.656189 0.207304 0.66975 0.209111 0.652035 0.228081 0.673113 0.200058 0.703054 0.207304 0.66975 0.234143 0.656189 0.228081 0.673113 0.207304 0.66975 0.192972 0.728177 0.173179 0.726105 0.186619 0.701971 0.192972 0.728177 0.186619 0.701971 0.200058 0.703054 0.261375 0.660344 0.228081 0.673113 0.234143 0.656189 0.261375 0.660344 0.25455 0.679865 0.228081 0.673113 0.173179 0.726105 0.173179 0.745824 0.11366 0.74279 0.192972 0.728177 0.173179 0.745824 0.173179 0.726105 0.11366 0.74279 0.173179 0.745824 0.11366 0.742245 0.222914 0.735737 0.173179 0.745824 0.192972 0.728177 0.173179 0.745824 0.222914 0.735737 0.249983 0.749095 0.224279 0.713136 0.228081 0.673113 0.25455 0.679865 0.192972 0.728177 0.200058 0.703054 0.224279 0.713136 0.192972 0.728177 0.224279 0.713136 0.222914 0.735737 0.228081 0.673113 0.224279 0.713136 0.200058 0.703054 0.222914 0.735737 0.224279 0.713136 0.249307 0.7206 0.222914 0.735737 0.249307 0.7206 0.249983 0.749095 0.224279 0.713136 0.25455 0.679865 0.249307 0.7206 0.25455 0.679865 0.267637 0.726594 0.249307 0.7206 0.267637 0.726594 0.249983 0.749095 0.249307 0.7206 0.25455 0.679865 0.294088 0.688175 0.267637 0.726594 0.261375 0.660344 0.294088 0.688175 0.25455 0.679865 0.267637 0.726594 0.294088 0.688175 0.331888 0.707667 0.331888 0.707667 0.294088 0.688175 0.297427 0.677353 0.261375 0.660344 0.297427 0.677353 0.294088 0.688175 0.331888 0.707667 0.297427 0.677353 0.338887 0.687131 0.267637 0.726594 0.331888 0.707667 0.305495 0.732094 0.305495 0.732094 0.277052 0.762452 0.267637 0.726594 0.249983 0.749095 0.277052 0.762452 0.173179 0.745824 0.267637 0.726594 0.277052 0.762452 0.249983 0.749095 0.305495 0.732094 0.307216 0.769643 0.277052 0.762452 0.837944 0.1629199 0.878161 0.165247 0.855181 0.140833 0.837947 0.162921 0.855181 0.140833 0.878161 0.165247 0.855181 0.140833 0.804695 0.1500509 0.837944 0.1629199 0.855181 0.140833 0.804697 0.1500509 0.804696 0.1500509 0.804504 0.165432 0.804697 0.1500509 0.837947 0.162921 0.807304 0.172583 0.834595 0.172719 0.807304 0.173185 0.837501 0.1709769 0.834595 0.172719 0.807304 0.172583 0.837501 0.1709769 0.884466 0.1734409 0.834595 0.172719 0.06367295 0.212347 0.04530698 0.12953 0.06707495 0.12953 0.06707495 0.12953 0.08897 0.12953 0.06367295 0.212347 0.03523296 0.212347 0.04530698 0.12953 0.06367295 0.212347 0.06367295 0.212347 0.08897 0.12953 0.08776795 0.212347 0.08776795 0.212347 0.08897 0.12953 0.117555 0.212347 0.117555 0.212347 0.08897 0.12953 0.113348 0.12953 0.113348 0.12953 0.122893 0.12953 0.117555 0.212347 0.117555 0.212347 0.122893 0.12953 0.129015 0.212347 0.122893 0.12953 0.140475 0.212347 0.129015 0.212347 0.132438 0.12953 0.140475 0.212347 0.122893 0.12953 0.140475 0.212347 0.132438 0.12953 0.153459 0.12953 0.162443 0.212347 0.140475 0.212347 0.153459 0.12953 0.899411 0.2181169 0.918309 0.225231 0.904266 0.224438 0.916753 0.203908 0.918309 0.225231 0.899411 0.2181169 0.918309 0.225231 0.899411 0.2181169 0.904266 0.224438 0.916753 0.203908 0.899411 0.2181169 0.918309 0.225231 0.918309 0.225231 0.918085 0.234533 0.904266 0.224438 0.904266 0.224438 0.918085 0.234533 0.905489 0.234751 0.918309 0.23467 0.904266 0.224438 0.905489 0.234751 0.918309 0.225231 0.904266 0.224438 0.918309 0.23467 0.889301 0.199544 0.899411 0.2181169 0.916753 0.203908 0.883432 0.211107 0.899411 0.2181169 0.889301 0.199544 0.903863 0.191756 0.889301 0.199544 0.916753 0.203908 0.903863 0.191756 0.916753 0.203908 0.937367 0.1755239 0.903479 0.175804 0.903863 0.191756 0.937367 0.1755239 0.903479 0.175804 0.937367 0.1755239 0.886599 0.175804 0.903863 0.191756 0.903479 0.175804 0.876628 0.186448 0.903863 0.191756 0.876628 0.186448 0.889301 0.199544 0.876628 0.186448 0.903479 0.175804 0.886599 0.175804 0.889297 0.1995429 0.899411 0.2181169 0.883432 0.211107 0.889297 0.1995429 0.916753 0.203908 0.899411 0.2181169 0.903863 0.1917549 0.916753 0.203908 0.889297 0.1995429 0.903863 0.1917549 0.949345 0.191056 0.916753 0.203908 0.937367 0.175221 0.949345 0.191056 0.903863 0.1917549 0.903479 0.175792 0.937367 0.175221 0.903863 0.1917549 0.903479 0.175792 0.903479 0.175792 0.937367 0.175221 0.903479 0.175792 0.876628 0.186446 0.903479 0.175792 0.903863 0.1917549 0.876628 0.186446 0.903479 0.175792 0.903863 0.1917549 0.889297 0.1995429 0.876628 0.186446 0.903479 0.175792 0.903479 0.175912 0.937367 0.175221 0.883432 0.211107 0.889301 0.199544 0.883432 0.211107 0.883432 0.211107 0.883432 0.211107 0.889297 0.1995429 0.876628 0.186446 0.889297 0.1995429 0.866934 0.2022089 0.889297 0.1995429 0.883432 0.211107 0.866934 0.2022089 0.937367 0.175221 0.903479 0.175929 0.937367 0.1755239 0.903479 0.175929 0.886599 0.175804 0.937367 0.1755239 0.903479 0.175912 0.903479 0.175929 0.937367 0.175221 0.949345 0.191056 0.992065 0.175221 0.937367 0.1755239 0.982808 0.1882939 0.992065 0.175221 0.949345 0.191056 0.883432 0.211107 0.889301 0.199544 0.866934 0.202215 0.889301 0.199544 0.876628 0.186448 0.866934 0.202215 0.916753 0.203908 0.957309 0.215749 0.918309 0.225231 0.951838 0.230536 0.948342 0.240149 0.918309 0.225231 0.918309 0.225231 0.948342 0.240149 0.918085 0.234533 0.937367 0.1755239 0.957137 0.215905 0.949345 0.191056 0.916753 0.203908 0.957137 0.215905 0.937367 0.1755239 0.916753 0.203908 0.918309 0.225231 0.957137 0.215905 0.951838 0.230536 0.963019 0.242071 0.965117 0.233593 0.951838 0.230536 0.918309 0.225231 0.948342 0.240149 0.948342 0.240149 0.918309 0.225231 0.918309 0.23467 0.948342 0.240149 0.963019 0.242071 0.951838 0.230536 0.978395 0.236651 0.967442 0.21746 0.965117 0.233593 0.963019 0.242071 0.978395 0.236651 0.965117 0.233593 0.977696 0.243993 0.978395 0.236651 0.963019 0.242071 0.04530698 0.12953 0.06499397 0.120943 0.06707495 0.12953 0.03854995 0.121252 0.06499397 0.120943 0.04530698 0.12953 0.06499397 0.120943 0.08897 0.12953 0.06707495 0.12953 0.091241 0.121204 0.08897 0.12953 0.06499397 0.120943 0.03854995 0.121252 0.05265998 0.02761596 0.06499397 0.120943 0.06499397 0.120943 0.05265998 0.02761596 0.091241 0.121204 0.091241 0.121204 0.05265998 0.02761596 0.08305895 0.03148597 0.016496 0.03117299 0.05265998 0.02761596 0.03854995 0.121252 0.08897 0.12953 0.091241 0.121204 0.113348 0.12953 0.091241 0.121204 0.08305895 0.03148597 0.120578 0.121155 0.113348 0.12953 0.091241 0.121204 0.120578 0.121155 0.113348 0.12953 0.120578 0.121155 0.122893 0.12953 0.122893 0.12953 0.120578 0.121155 0.132268 0.121166 0.120578 0.121155 0.135965 0.02761596 0.132268 0.121166 0.118673 0.02761596 0.135965 0.02761596 0.120578 0.121155 0.120578 0.121155 0.08305895 0.03148597 0.118673 0.02761596 0.143958 0.121177 0.122893 0.12953 0.132268 0.121166 0.135965 0.02761596 0.143958 0.121177 0.132268 0.121166 0.132438 0.12953 0.122893 0.12953 0.143958 0.121177 0.169317 0.121252 0.132438 0.12953 0.143958 0.121177 0.153459 0.12953 0.132438 0.12953 0.169317 0.121252 0.169317 0.121252 0.143958 0.121177 0.185063 0.03117299 0.185063 0.03117299 0.143958 0.121177 0.153257 0.02761596 0.153257 0.02761596 0.143958 0.121177 0.135965 0.02761596 0.08270698 0.02761596 0.118673 0.02761596 0.08305895 0.03148597 0.08270698 0.02761596 0.08305895 0.03148597 0.07917499 0.02761596 0.05265998 0.02761596 0.07917499 0.02761596 0.08305895 0.03148597 0.05265998 0.02761596 0.016496 0.03117299 0.02464795 0.02761596 0.01562595 0.02761596 0.02464795 0.02761596 0.016496 0.03117299 0.185685 0.02761596 0.185063 0.03117299 0.153257 0.02761596 0.184287 0.492905 0.206665 0.506188 0.184287 0.481594 0.184287 0.492905 0.184287 0.481594 0.158991 0.505089 0.184287 0.492905 0.181296 0.501797 0.206665 0.506188 0.184287 0.492905 0.158991 0.505089 0.181296 0.501797 0.206665 0.506188 0.181296 0.501797 0.195976 0.51599 0.178304 0.510689 0.195976 0.51599 0.181296 0.501797 0.213647 0.521291 0.206665 0.506188 0.195976 0.51599 0.21666 0.513083 0.206665 0.506188 0.213647 0.521291 0.208129 0.53632 0.213647 0.521291 0.192225 0.530336 0.181296 0.501797 0.158991 0.505089 0.160585 0.516075 0.178304 0.510689 0.181296 0.501797 0.160585 0.516075 0.160585 0.516075 0.158991 0.505089 0.142866 0.521461 0.142866 0.521461 0.158991 0.505089 0.1440179 0.514495 0.160585 0.516075 0.156576 0.535175 0.178304 0.510689 0.142866 0.521461 0.156576 0.535175 0.160585 0.516075 0.178304 0.510689 0.156576 0.535175 0.173179 0.531422 0.141936 0.537357 0.156576 0.535175 0.142866 0.521461 0.21666 0.513083 0.213647 0.521291 0.251934 0.541837 0.208129 0.53632 0.251934 0.541837 0.213647 0.521291 0.251934 0.541837 0.208129 0.53632 0.233727 0.553736 0.233727 0.553736 0.270191 0.574786 0.251934 0.541837 0.251934 0.541837 0.270191 0.574786 0.277376 0.56549 0.270191 0.574786 0.296815 0.573986 0.277376 0.56549 0.297683 0.580491 0.296815 0.573986 0.270191 0.574786 0.296815 0.573986 0.297683 0.580491 0.340449 0.572565 0.340449 0.572565 0.335767 0.572239 0.296815 0.573986 0.333209 0.57206 0.296815 0.573986 0.335767 0.572239 0.945249 0.14146 0.949754 0.1409029 0.946064 0.141359 0.949599 0.140922 0.949754 0.1409029 0.945249 0.14146 0.949599 0.140922 0.945249 0.14146 0.950448 0.129249 0.950448 0.129249 0.945249 0.14146 0.946203 0.1289809 0.949599 0.140922 0.950448 0.129249 0.986739 0.135559 0.951297 0.117576 0.986739 0.135559 0.950448 0.129249 0.949754 0.1409029 0.948526 0.1287209 0.946064 0.141359 0.946064 0.141359 0.948526 0.1287209 0.94528 0.127397 0.948526 0.1287209 0.947299 0.11654 0.94528 0.127397 0.94528 0.127397 0.947299 0.11654 0.944497 0.113434 0.947299 0.11654 0.945843 0.113434 0.944497 0.113434 0.951297 0.117576 0.986739 0.11327 0.986739 0.135559 0.945843 0.113434 0.986739 0.11327 0.951297 0.117576 0.951297 0.117576 0.950448 0.129249 0.947157 0.116502 0.947157 0.116502 0.945843 0.113434 0.951297 0.117576 0.947157 0.116502 0.950448 0.129249 0.946203 0.1289809 0.986739 0.135559 0.986737 0.135559 0.949599 0.140922 0.947299 0.11654 0.948526 0.1287209 0.986737 0.135559 0.949754 0.1409029 0.986737 0.135559 0.948526 0.1287209 0.949599 0.140922 0.986737 0.135559 0.949754 0.1409029 0.947299 0.11654 0.986739 0.113726 0.945843 0.113434 0.986737 0.135559 0.986739 0.113726 0.947299 0.11654 0.986739 0.113726 0.945843 0.113434 0.945843 0.113434 0.986739 0.11327 0.945843 0.113434 0.986739 0.113726 0.906703 0.146228 0.906696 0.146228 0.896615 0.147475 0.900543 0.1302289 0.906703 0.146228 0.896615 0.147475 0.905849 0.129831 0.906703 0.146228 0.900543 0.1302289 0.906696 0.146228 0.899916 0.130233 0.896615 0.147475 0.904997 0.129831 0.899916 0.130233 0.906696 0.146228 0.905849 0.129831 0.900543 0.1302289 0.904994 0.113434 0.906696 0.146228 0.94528 0.127397 0.904997 0.129831 0.94528 0.127397 0.944497 0.113434 0.904997 0.129831 0.904997 0.129831 0.903298 0.113434 0.899916 0.130233 0.904997 0.129831 0.944497 0.113434 0.903298 0.113434 0.944497 0.113434 0.945843 0.113434 0.903298 0.113434 0.904994 0.113434 0.945843 0.113434 0.945843 0.113434 0.904994 0.113434 0.945843 0.113434 0.904994 0.113434 0.947157 0.116502 0.905849 0.129831 0.904994 0.113434 0.904994 0.113434 0.945843 0.113434 0.947157 0.116502 0.906703 0.146228 0.946064 0.141359 0.906696 0.146228 0.946064 0.141359 0.94528 0.127397 0.906696 0.146228 0.945249 0.14146 0.946064 0.141359 0.906703 0.146228 0.945249 0.14146 0.906703 0.146228 0.946203 0.1289809 0.946203 0.1289809 0.905849 0.129831 0.947157 0.116502 0.946203 0.1289809 0.906703 0.146228 0.905849 0.129831 0.891943 0.113434 0.904994 0.113434 0.904994 0.113434 0.891943 0.113434 0.904994 0.113434 0.891943 0.113434 0.891943 0.113434 0.860319 0.113291 0.891943 0.113434 0.891943 0.113434 0.860319 0.113291 0.860319 0.113291 0.903298 0.113434 0.891943 0.113434 0.899916 0.130233 0.860319 0.113291 0.889237 0.131078 0.891943 0.113434 0.899916 0.130233 0.891943 0.113434 0.889237 0.131078 0.889237 0.131078 0.896615 0.147475 0.899916 0.130233 0.88653 0.148723 0.896615 0.147475 0.889237 0.131078 0.857612 0.130985 0.889237 0.131078 0.860319 0.113291 0.88653 0.148723 0.889237 0.131078 0.857612 0.130985 0.891943 0.113434 0.889237 0.131078 0.860319 0.113291 0.88653 0.148723 0.857612 0.130985 0.889237 0.131078 0.88653 0.148723 0.889237 0.131078 0.896615 0.147475 0.860319 0.113291 0.889237 0.131078 0.857612 0.130985 0.889237 0.131078 0.891943 0.113434 0.900543 0.1302289 0.896615 0.147475 0.889237 0.131078 0.900543 0.1302289 0.900543 0.1302289 0.891943 0.113434 0.904994 0.113434 0.828695 0.113248 0.860319 0.113291 0.860319 0.113291 0.828695 0.113248 0.860319 0.113291 0.857612 0.130985 0.828695 0.113248 0.857612 0.130985 0.860319 0.113291 0.805422 0.152301 0.807304 0.1431699 0.833124 0.133826 0.833124 0.133826 0.83386 0.153273 0.805422 0.152301 0.807304 0.1431699 0.805422 0.152299 0.833124 0.133826 0.833124 0.133826 0.805422 0.152299 0.83386 0.1532649 0.833124 0.133826 0.83386 0.1532649 0.858795 0.153568 0.833124 0.133826 0.858795 0.153568 0.83386 0.153273 0.858795 0.153568 0.83386 0.1532649 0.828436 0.163664 0.805422 0.152299 0.828436 0.163664 0.83386 0.1532649 0.828436 0.163664 0.856451 0.168487 0.858795 0.153568 0.858795 0.153568 0.856451 0.168487 0.87163 0.163439 0.855941 0.168136 0.858795 0.153568 0.87163 0.163439 0.827417 0.162962 0.858795 0.153568 0.855941 0.168136 0.858795 0.153568 0.827417 0.162962 0.83386 0.153273 0.805422 0.152301 0.83386 0.153273 0.827417 0.162962 0.827417 0.162962 0.855941 0.168136 0.834595 0.172719 0.834595 0.172719 0.807304 0.173185 0.827417 0.162962 0.805422 0.152301 0.827417 0.162962 0.807304 0.173185 0.834595 0.172719 0.855941 0.168136 0.859531 0.172655 0.859531 0.172969 0.834595 0.172719 0.859531 0.172655 0.828436 0.163664 0.834595 0.173128 0.856451 0.168487 0.834595 0.173128 0.834595 0.172719 0.859531 0.172969 0.856451 0.168487 0.834595 0.173128 0.859531 0.172969 0.834595 0.172719 0.807304 0.173025 0.807304 0.173185 0.834595 0.173128 0.828436 0.163664 0.807304 0.173025 0.834595 0.173128 0.807304 0.173025 0.834595 0.172719 0.884466 0.17331 0.856451 0.168487 0.859531 0.172969 0.884466 0.17331 0.859531 0.172969 0.859531 0.172655 0.884466 0.17331 0.859531 0.172655 0.855941 0.168136 0.884466 0.17331 0.855941 0.168136 0.87163 0.163439 0.884466 0.17331 0.87163 0.163439 0.856451 0.168487 0.945249 0.14146 0.949754 0.1409029 0.949599 0.140922 0.946064 0.141359 0.949754 0.1409029 0.945249 0.14146 0.950448 0.129249 0.945249 0.14146 0.949599 0.140922 0.946203 0.1289809 0.945249 0.14146 0.950448 0.129249 0.950448 0.129249 0.949599 0.140922 0.986739 0.135559 0.986739 0.135559 0.951297 0.117576 0.950448 0.129249 0.946064 0.141359 0.948526 0.1287209 0.949754 0.1409029 0.94528 0.127397 0.948526 0.1287209 0.946064 0.141359 0.94528 0.127397 0.947299 0.11654 0.948526 0.1287209 0.944497 0.113434 0.947299 0.11654 0.94528 0.127397 0.945843 0.113434 0.947299 0.11654 0.944497 0.113434 0.986739 0.135559 0.986739 0.11327 0.951297 0.117576 0.951297 0.117576 0.986739 0.11327 0.945843 0.113434 0.945843 0.113434 0.947157 0.116502 0.951297 0.117576 0.947157 0.116502 0.950448 0.129249 0.951297 0.117576 0.946203 0.1289809 0.950448 0.129249 0.947157 0.116502 0.948526 0.1287209 0.947299 0.11654 0.986737 0.135559 0.949754 0.1409029 0.986737 0.135559 0.949599 0.140922 0.986737 0.135559 0.949754 0.1409029 0.948526 0.1287209 0.949599 0.140922 0.986737 0.135559 0.986739 0.135559 0.945843 0.113434 0.986739 0.113726 0.947299 0.11654 0.986739 0.113726 0.945843 0.113434 0.986739 0.11327 0.945843 0.113434 0.945843 0.113434 0.986739 0.113726 0.947299 0.11654 0.986739 0.113726 0.986737 0.135559 0.906696 0.146228 0.906703 0.146228 0.896615 0.147475 0.896615 0.147475 0.906703 0.146228 0.900543 0.1302289 0.900543 0.1302289 0.906703 0.146228 0.905849 0.129831 0.899916 0.130233 0.906696 0.146228 0.896615 0.147475 0.904997 0.129831 0.906696 0.146228 0.899916 0.130233 0.900543 0.1302289 0.905849 0.129831 0.904994 0.113434 0.904997 0.129831 0.94528 0.127397 0.906696 0.146228 0.904997 0.129831 0.944497 0.113434 0.94528 0.127397 0.903298 0.113434 0.904997 0.129831 0.899916 0.130233 0.903298 0.113434 0.944497 0.113434 0.904997 0.129831 0.945843 0.113434 0.944497 0.113434 0.903298 0.113434 0.904994 0.113434 0.945843 0.113434 0.904994 0.113434 0.945843 0.113434 0.945843 0.113434 0.904994 0.113434 0.904994 0.113434 0.905849 0.129831 0.947157 0.116502 0.945843 0.113434 0.904994 0.113434 0.947157 0.116502 0.906696 0.146228 0.94528 0.127397 0.946064 0.141359 0.906696 0.146228 0.946064 0.141359 0.906703 0.146228 0.906703 0.146228 0.946064 0.141359 0.945249 0.14146 0.947157 0.116502 0.905849 0.129831 0.946203 0.1289809 0.905849 0.129831 0.906703 0.146228 0.946203 0.1289809 0.946203 0.1289809 0.906703 0.146228 0.945249 0.14146 0.904994 0.113434 0.904994 0.113434 0.891943 0.113434 0.891943 0.113434 0.904994 0.113434 0.891943 0.113434 0.891943 0.113434 0.891943 0.113434 0.860319 0.113291 0.860319 0.113291 0.891943 0.113434 0.860319 0.113291 0.903298 0.113434 0.899916 0.130233 0.891943 0.113434 0.891943 0.113434 0.899916 0.130233 0.889237 0.131078 0.889237 0.131078 0.860319 0.113291 0.891943 0.113434 0.896615 0.147475 0.889237 0.131078 0.899916 0.130233 0.88653 0.148723 0.889237 0.131078 0.896615 0.147475 0.889237 0.131078 0.88653 0.148723 0.857612 0.130985 0.857612 0.130985 0.860319 0.113291 0.889237 0.131078 0.896615 0.147475 0.889237 0.131078 0.88653 0.148723 0.857612 0.130985 0.88653 0.148723 0.889237 0.131078 0.891943 0.113434 0.860319 0.113291 0.889237 0.131078 0.889237 0.131078 0.860319 0.113291 0.857612 0.130985 0.900543 0.1302289 0.889237 0.131078 0.896615 0.147475 0.904994 0.113434 0.891943 0.113434 0.900543 0.1302289 0.900543 0.1302289 0.891943 0.113434 0.889237 0.131078 0.857612 0.130985 0.828695 0.113248 0.860319 0.113291 0.860319 0.113291 0.828695 0.113248 0.860319 0.113291 0.860319 0.113291 0.828695 0.113248 0.857612 0.130985 0.827417 0.162962 0.805422 0.152301 0.807304 0.173185 0.190565 0.542604 0.208129 0.53632 0.192225 0.530336 0.206979 0.548625 0.208129 0.53632 0.190565 0.542604 0.1908619 0.599454 0.206979 0.548625 0.190565 0.542604 0.209268 0.600465 0.206979 0.548625 0.1908619 0.599454 0.190565 0.542604 0.192225 0.530336 0.173179 0.543866 0.173179 0.543866 0.1908619 0.599454 0.190565 0.542604 0.173179 0.597359 0.1908619 0.599454 0.173179 0.543866 0.173179 0.543866 0.152875 0.598272 0.173179 0.597359 0.157109 0.545609 0.152875 0.598272 0.173179 0.543866 0.173179 0.543866 0.156576 0.535175 0.157109 0.545609 0.173179 0.543866 0.192225 0.530336 0.173179 0.531422 0.143002 0.545781 0.152875 0.598272 0.157109 0.545609 0.1376309 0.599909 0.152875 0.598272 0.143002 0.545781 0.143002 0.545781 0.157109 0.545609 0.141936 0.537357 0.141936 0.537357 0.157109 0.545609 0.156576 0.535175 0.208129 0.53632 0.206979 0.548625 0.231905 0.562559 0.206979 0.548625 0.209268 0.600465 0.231905 0.562559 0.231905 0.562559 0.209268 0.600465 0.23724 0.607772 0.231905 0.562559 0.23724 0.607772 0.261188 0.57943 0.261188 0.57943 0.23724 0.607772 0.270945 0.618684 0.270191 0.574786 0.231905 0.562559 0.261188 0.57943 0.231905 0.562559 0.233727 0.553736 0.208129 0.53632 0.233727 0.553736 0.231905 0.562559 0.270191 0.574786 0.297043 0.591734 0.270191 0.574786 0.261188 0.57943 0.270945 0.618684 0.297043 0.591734 0.261188 0.57943 0.297683 0.580491 0.270191 0.574786 0.297043 0.591734 0.297043 0.591734 0.340449 0.572565 0.297683 0.580491 0.297043 0.591734 0.341375 0.58294 0.340449 0.572565 0.341375 0.58294 0.297043 0.591734 0.32902 0.633594 0.32902 0.633594 0.297043 0.591734 0.300347 0.629117 0.300347 0.629117 0.297043 0.591734 0.270945 0.618684 0.1902419 0.611894 0.209268 0.600465 0.1908619 0.599454 0.207304 0.613258 0.209268 0.600465 0.1902419 0.611894 0.1902419 0.649825 0.207304 0.613258 0.1902419 0.611894 0.209111 0.652035 0.207304 0.613258 0.1902419 0.649825 0.1902419 0.611894 0.173179 0.650505 0.1902419 0.649825 0.173179 0.613406 0.173179 0.650505 0.1902419 0.611894 0.1902419 0.611894 0.1908619 0.599454 0.173179 0.613406 0.173179 0.613406 0.149971 0.611312 0.173179 0.650505 0.173179 0.650505 0.149971 0.611312 0.15053 0.648431 0.173179 0.613406 0.173179 0.597359 0.149971 0.611312 0.173179 0.613406 0.1908619 0.599454 0.173179 0.597359 0.149971 0.611312 0.173179 0.597359 0.152875 0.598272 0.126762 0.609218 0.15053 0.648431 0.149971 0.611312 0.152875 0.598272 0.126762 0.609218 0.149971 0.611312 0.127881 0.646356 0.15053 0.648431 0.126762 0.609218 0.1376309 0.599909 0.126762 0.609218 0.152875 0.598272 0.209111 0.652035 0.235779 0.622584 0.207304 0.613258 0.234143 0.656189 0.235779 0.622584 0.209111 0.652035 0.207304 0.613258 0.23724 0.607772 0.209268 0.600465 0.235779 0.622584 0.23724 0.607772 0.207304 0.613258 0.23724 0.607772 0.235779 0.622584 0.270945 0.618684 0.235779 0.622584 0.234143 0.656189 0.266765 0.634222 0.270945 0.618684 0.235779 0.622584 0.266765 0.634222 0.300745 0.645299 0.270945 0.618684 0.266765 0.634222 0.300347 0.629117 0.270945 0.618684 0.300745 0.645299 0.300745 0.645299 0.32458 0.64526 0.300347 0.629117 0.300347 0.629117 0.32458 0.64526 0.32902 0.633594 0.266765 0.634222 0.234143 0.656189 0.261375 0.660344 0.300745 0.645299 0.338887 0.687131 0.32458 0.64526 0.297427 0.677353 0.266765 0.634222 0.261375 0.660344 0.300745 0.645299 0.266765 0.634222 0.297427 0.677353 0.297427 0.677353 0.338887 0.687131 0.300745 0.645299 0.1902419 0.668987 0.209111 0.652035 0.1902419 0.649825 0.207304 0.66975 0.209111 0.652035 0.1902419 0.668987 0.173179 0.650505 0.1902419 0.668987 0.1902419 0.649825 0.173179 0.668224 0.1902419 0.668987 0.173179 0.650505 0.173179 0.650505 0.15053 0.648431 0.173179 0.668224 0.173179 0.668224 0.15053 0.648431 0.1513569 0.667021 0.173179 0.668224 0.173179 0.700888 0.1902419 0.668987 0.1902419 0.668987 0.173179 0.700888 0.186619 0.701971 0.186619 0.701971 0.207304 0.66975 0.1902419 0.668987 0.1513569 0.667021 0.149778 0.700183 0.173179 0.668224 0.173179 0.668224 0.149778 0.700183 0.173179 0.700888 0.173179 0.700888 0.149778 0.700183 0.173179 0.726105 0.173179 0.700888 0.173179 0.726105 0.186619 0.701971 0.149778 0.700183 0.11366 0.74279 0.173179 0.726105 0.126376 0.699478 0.11366 0.74279 0.149778 0.700183 0.149778 0.700183 0.1513569 0.667021 0.126376 0.699478 0.200058 0.703054 0.207304 0.66975 0.186619 0.701971 0.15053 0.648431 0.12786 0.66531 0.1513569 0.667021 0.126376 0.699478 0.1513569 0.667021 0.12786 0.66531 0.127881 0.646356 0.12786 0.66531 0.15053 0.648431 0.207304 0.66975 0.234143 0.656189 0.209111 0.652035 0.228081 0.673113 0.234143 0.656189 0.207304 0.66975 0.200058 0.703054 0.228081 0.673113 0.207304 0.66975 0.173179 0.726105 0.192972 0.728177 0.186619 0.701971 0.186619 0.701971 0.192972 0.728177 0.200058 0.703054 0.228081 0.673113 0.261375 0.660344 0.234143 0.656189 0.25455 0.679865 0.261375 0.660344 0.228081 0.673113 0.173179 0.745824 0.192972 0.728177 0.173179 0.726105 0.173179 0.745824 0.173179 0.726105 0.11366 0.74279 0.173179 0.745824 0.11366 0.74279 0.11366 0.742245 0.173179 0.745824 0.222914 0.735737 0.192972 0.728177 0.222914 0.735737 0.173179 0.745824 0.249983 0.749095 0.224279 0.713136 0.192972 0.728177 0.222914 0.735737 0.200058 0.703054 0.192972 0.728177 0.224279 0.713136 0.224279 0.713136 0.228081 0.673113 0.200058 0.703054 0.228081 0.673113 0.224279 0.713136 0.25455 0.679865 0.224279 0.713136 0.222914 0.735737 0.249307 0.7206 0.25455 0.679865 0.224279 0.713136 0.249307 0.7206 0.249307 0.7206 0.222914 0.735737 0.249983 0.749095 0.249983 0.749095 0.267637 0.726594 0.249307 0.7206 0.267637 0.726594 0.25455 0.679865 0.249307 0.7206 0.294088 0.688175 0.261375 0.660344 0.25455 0.679865 0.294088 0.688175 0.25455 0.679865 0.267637 0.726594 0.294088 0.688175 0.267637 0.726594 0.331888 0.707667 0.297427 0.677353 0.261375 0.660344 0.294088 0.688175 0.294088 0.688175 0.331888 0.707667 0.297427 0.677353 0.297427 0.677353 0.331888 0.707667 0.338887 0.687131 0.331888 0.707667 0.267637 0.726594 0.305495 0.732094 0.277052 0.762452 0.267637 0.726594 0.249983 0.749095 0.277052 0.762452 0.249983 0.749095 0.173179 0.745824 0.277052 0.762452 0.305495 0.732094 0.267637 0.726594 0.307216 0.769643 0.305495 0.732094 0.277052 0.762452 0.878161 0.165247 0.837944 0.1629199 0.855181 0.140833 0.855181 0.140833 0.837947 0.162921 0.878161 0.165247 0.8045 0.165432 0.804695 0.1500509 0.837944 0.1629199 0.855181 0.140833 0.804697 0.1500509 0.837947 0.162921 0.12458 0.79198 0.145557 0.764234 0.124748 0.754506 0.145557 0.787917 0.145557 0.764234 0.12458 0.79198 0.124748 0.754506 0.08953195 0.791569 0.12458 0.79198 0.09035295 0.739061 0.08953195 0.791569 0.124748 0.754506 0.09035295 0.739061 0.06415796 0.791552 0.08953195 0.791569 0.06330996 0.739032 0.06415796 0.791552 0.09035295 0.739061 0.06330996 0.739032 0.02759695 0.754477 0.06415796 0.791552 0.06415796 0.791552 0.02759695 0.754477 0.02778899 0.791893 0.01043498 0.764234 0.02778899 0.791893 0.02759695 0.754477 0.01043498 0.787917 0.02778899 0.791893 0.01043498 0.764234 0.01043498 0.787917 0.02782899 0.799775 0.02778899 0.791893 0.02778899 0.791893 0.02782899 0.799775 0.06415796 0.791552 0.01043498 0.796209 0.02782899 0.799775 0.01043498 0.787917 0.124544 0.79986 0.145557 0.787917 0.12458 0.79198 0.08953195 0.791569 0.124544 0.79986 0.12458 0.79198 0.145557 0.796209 0.145557 0.787917 0.124544 0.79986 0.08953195 0.791569 0.06415796 0.791552 0.08940798 0.799463 0.08940798 0.799463 0.124544 0.79986 0.08953195 0.791569 0.08940798 0.799463 0.06415796 0.791552 0.06428599 0.799443 0.06415796 0.791552 0.02782899 0.799775 0.06428599 0.799443 0.08776396 0.990384 0.123249 0.981976 0.087718 0.981712 0.123298 0.990657 0.123249 0.981976 0.08776396 0.990384 0.08776396 0.990384 0.087718 0.981712 0.065804 0.990348 0.065804 0.990348 0.087718 0.981712 0.06580698 0.981678 0.08776396 0.990384 0.123335 0.997137 0.123298 0.990657 0.065804 0.990348 0.08779799 0.99686 0.08776396 0.990384 0.08779799 0.99686 0.123335 0.997137 0.08776396 0.990384 0.06580299 0.996823 0.08779799 0.99686 0.065804 0.990348 0.123249 0.981976 0.123537 0.948032 0.087718 0.981712 0.123249 0.981976 0.145678 0.948161 0.123537 0.948032 0.123298 0.990657 0.145731 0.982104 0.123249 0.981976 0.145731 0.982104 0.145678 0.948161 0.123249 0.981976 0.087718 0.981712 0.123537 0.948032 0.087884 0.947767 0.087718 0.981712 0.087884 0.947767 0.06580698 0.981678 0.06580698 0.981678 0.087884 0.947767 0.06570297 0.947733 0.02920395 0.98192 0.065804 0.990348 0.06580698 0.981678 0.06580698 0.981678 0.06570297 0.947733 0.02920395 0.98192 0.02920395 0.98192 0.06570297 0.947733 0.02890598 0.947976 0.02920395 0.98192 0.02890598 0.947976 0.01060897 0.982104 0.01060897 0.982104 0.02890598 0.947976 0.01055598 0.948161 0.145696 0.990791 0.145731 0.982104 0.123298 0.990657 0.01060897 0.982104 0.02914696 0.990599 0.02920395 0.98192 0.02914696 0.990599 0.065804 0.990348 0.02920395 0.98192 0.01057398 0.990791 0.02914696 0.990599 0.01060897 0.982104 0.01054698 0.997272 0.02914696 0.990599 0.01057398 0.990791 0.02910399 0.997078 0.065804 0.990348 0.02914696 0.990599 0.06580299 0.996823 0.065804 0.990348 0.02910399 0.997078 0.02910399 0.997078 0.02914696 0.990599 0.01054698 0.997272 0.123298 0.990657 0.145669 0.997272 0.145696 0.990791 0.123335 0.997137 0.145669 0.997272 0.123298 0.990657 0.124052 0.887437 0.145595 0.894855 0.145583 0.887567 0.1239899 0.894725 0.145595 0.894855 0.124052 0.887437 0.08817899 0.887169 0.1239899 0.894725 0.124052 0.887437 0.08814299 0.894458 0.1239899 0.894725 0.08817899 0.887169 0.06551897 0.887134 0.08814299 0.894458 0.08817899 0.887169 0.06554096 0.894422 0.08814299 0.894458 0.06551897 0.887134 0.06554096 0.894422 0.06551897 0.887134 0.02843898 0.894668 0.02843898 0.894668 0.06551897 0.887134 0.02837496 0.88738 0.02843898 0.894668 0.02837496 0.88738 0.01047295 0.894855 0.01047295 0.894855 0.02837496 0.88738 0.01046097 0.887567 0.145583 0.887567 0.145557 0.872114 0.124052 0.887437 0.124052 0.887437 0.145557 0.872114 0.124221 0.871984 0.124052 0.887437 0.124221 0.871984 0.08817899 0.887169 0.08817899 0.887169 0.08827799 0.871716 0.06551897 0.887134 0.08817899 0.887169 0.124221 0.871984 0.08827799 0.871716 0.06551897 0.887134 0.08827799 0.871716 0.06545299 0.871681 0.02819997 0.871927 0.06551897 0.887134 0.06545299 0.871681 0.02837496 0.88738 0.06551897 0.887134 0.02819997 0.871927 0.01043498 0.872114 0.02837496 0.88738 0.02819997 0.871927 0.01046097 0.887567 0.02837496 0.88738 0.01043498 0.872114 0.01043498 0.872114 0.02819997 0.871927 0.01043498 0.849714 0.01043498 0.849714 0.02819997 0.871927 0.02809095 0.850635 0.06545299 0.871681 0.02809095 0.850635 0.02819997 0.871927 0.145557 0.872114 0.145557 0.849714 0.124221 0.871984 0.124221 0.871984 0.124316 0.8507 0.08827799 0.871716 0.124221 0.871984 0.145557 0.849714 0.124316 0.8507 0.08827799 0.871716 0.124316 0.8507 0.088611 0.850394 0.088611 0.850394 0.065108 0.850364 0.08827799 0.871716 0.065108 0.850364 0.02809095 0.850635 0.06545299 0.871681 0.08827799 0.871716 0.065108 0.850364 0.06545299 0.871681 0.13027 0.394914 0.160061 0.402397 0.133361 0.37791 0.133361 0.37791 0.105199 0.385551 0.13027 0.394914 0.09473496 0.351833 0.105199 0.385551 0.133361 0.37791 0.130321 0.419062 0.160061 0.402397 0.13027 0.394914 0.159483 0.419231 0.160061 0.402397 0.130321 0.419062 0.130321 0.419062 0.13027 0.394914 0.105226 0.416268 0.105226 0.416268 0.13027 0.394914 0.105199 0.385551 0.105199 0.385551 0.09473496 0.351833 0.08201295 0.385983 0.05523598 0.377066 0.08201295 0.385983 0.09473496 0.351833 0.05833798 0.394822 0.08201295 0.385983 0.05523598 0.377066 0.105226 0.416268 0.105199 0.385551 0.081999 0.415881 0.081999 0.415881 0.105199 0.385551 0.08201295 0.385983 0.05833798 0.394822 0.081999 0.415881 0.08201295 0.385983 0.05828696 0.419062 0.081999 0.415881 0.05833798 0.394822 0.02831697 0.402436 0.05828696 0.419062 0.05833798 0.394822 0.05833798 0.394822 0.05523598 0.377066 0.02831697 0.402436 0.02867299 0.419391 0.05828696 0.419062 0.02831697 0.402436 0.009635984 0.402397 0.02867299 0.419391 0.02831697 0.402436 0.009057998 0.419231 0.02867299 0.419391 0.009635984 0.402397 0.130321 0.419062 0.159506 0.447221 0.159483 0.419231 0.105226 0.416268 0.130536 0.447932 0.130321 0.419062 0.130536 0.447932 0.159506 0.447221 0.130321 0.419062 0.127136 0.481115 0.159506 0.447221 0.130536 0.447932 0.127136 0.481115 0.130536 0.447932 0.1054 0.448595 0.1054 0.448595 0.130536 0.447932 0.105226 0.416268 0.1054 0.448595 0.105226 0.416268 0.08198499 0.447913 0.08198499 0.447913 0.105226 0.416268 0.081999 0.415881 0.1054 0.448595 0.08198499 0.447913 0.127136 0.481115 0.05808997 0.448107 0.081999 0.415881 0.05828696 0.419062 0.08198499 0.447913 0.081999 0.415881 0.05808997 0.448107 0.02867299 0.419391 0.05808997 0.448107 0.05828696 0.419062 0.04911398 0.481115 0.08198499 0.447913 0.05808997 0.448107 0.02850395 0.447549 0.05808997 0.448107 0.02867299 0.419391 0.04911398 0.481115 0.05808997 0.448107 0.02850395 0.447549 0.009081959 0.447221 0.02867299 0.419391 0.009057998 0.419231 0.04911398 0.481115 0.02850395 0.447549 0.009081959 0.447221 0.02850395 0.447549 0.02867299 0.419391 0.009081959 0.447221 0.01055598 0.948161 0.02886599 0.943345 0.01054894 0.94353 0.02890598 0.947976 0.02886599 0.943345 0.01055598 0.948161 0.02890598 0.947976 0.06568896 0.943101 0.02886599 0.943345 0.06570297 0.947733 0.06568896 0.943101 0.02890598 0.947976 0.06570297 0.947733 0.087884 0.947767 0.06568896 0.943101 0.06568896 0.943101 0.087884 0.947767 0.087906 0.943136 0.087884 0.947767 0.123537 0.948032 0.087906 0.943136 0.087906 0.943136 0.123537 0.948032 0.123576 0.943401 0.123537 0.948032 0.145678 0.948161 0.123576 0.943401 0.123576 0.943401 0.145678 0.948161 0.145671 0.94353 0.01054894 0.94353 0.02886599 0.943345 0.01047295 0.894855 0.02886599 0.943345 0.06568896 0.943101 0.02843898 0.894668 0.01047295 0.894855 0.02886599 0.943345 0.02843898 0.894668 0.145671 0.94353 0.145595 0.894855 0.123576 0.943401 0.123576 0.943401 0.1239899 0.894725 0.087906 0.943136 0.123576 0.943401 0.145595 0.894855 0.1239899 0.894725 0.087906 0.943136 0.1239899 0.894725 0.08814299 0.894458 0.087906 0.943136 0.08814299 0.894458 0.06568896 0.943101 0.02843898 0.894668 0.06568896 0.943101 0.06554096 0.894422 0.06568896 0.943101 0.08814299 0.894458 0.06554096 0.894422 0.01043498 0.842235 0.02809095 0.850635 0.02805399 0.843526 0.01043498 0.849714 0.02809095 0.850635 0.01043498 0.842235 0.02805399 0.843526 0.02809095 0.850635 0.06499296 0.843246 0.06499296 0.843246 0.02809095 0.850635 0.065108 0.850364 0.088611 0.850394 0.06499296 0.843246 0.065108 0.850364 0.088723 0.843275 0.06499296 0.843246 0.088611 0.850394 0.088611 0.850394 0.124316 0.8507 0.088723 0.843275 0.088723 0.843275 0.124316 0.8507 0.124348 0.843593 0.124316 0.8507 0.145557 0.842235 0.124348 0.843593 0.145557 0.849714 0.145557 0.842235 0.124316 0.8507 0.01043498 0.842235 0.02805399 0.843526 0.01043498 0.796209 0.01043498 0.796209 0.02805399 0.843526 0.02782899 0.799775 0.06499296 0.843246 0.02782899 0.799775 0.02805399 0.843526 0.145557 0.842235 0.145557 0.796209 0.124348 0.843593 0.124348 0.843593 0.124544 0.79986 0.088723 0.843275 0.124348 0.843593 0.145557 0.796209 0.124544 0.79986 0.08940798 0.799463 0.06499296 0.843246 0.088723 0.843275 0.088723 0.843275 0.124544 0.79986 0.08940798 0.799463 0.06428599 0.799443 0.06499296 0.843246 0.08940798 0.799463 0.06428599 0.799443 0.02782899 0.799775 0.06499296 0.843246 0.972651 0.02730995 0.993722 0.005986988 0.97099 0.005986988 0.992062 0.02730995 0.993722 0.005986988 0.972651 0.02730995 0.97099 0.005986988 0.961669 0.030128 0.972651 0.02730995 0.935765 0.006087958 0.961669 0.030128 0.97099 0.005986988 0.961669 0.030128 0.967932 0.06509 0.972651 0.02730995 0.958533 0.06938099 0.967932 0.06509 0.961669 0.030128 0.958533 0.06938099 0.968109 0.08575499 0.967932 0.06509 0.968109 0.08575499 0.958533 0.06938099 0.949067 0.085774 0.949067 0.085774 0.958533 0.06938099 0.947914 0.06953299 0.998376 0.08575499 0.967932 0.06509 0.968109 0.08575499 0.998376 0.08575499 0.996676 0.06509 0.967932 0.06509 0.947914 0.06953299 0.930025 0.08579397 0.949067 0.085774 0.937294 0.06968599 0.930025 0.08579397 0.947914 0.06953299 0.937294 0.06968599 0.917601 0.06969195 0.930025 0.08579397 0.930025 0.08579397 0.917601 0.06969195 0.915059 0.08579695 0.897907 0.06969797 0.915059 0.08579695 0.917601 0.06969195 0.897907 0.06969797 0.917601 0.06969195 0.898755 0.006172955 0.897907 0.06969797 0.898755 0.006172955 0.877869 0.069705 0.897907 0.06969797 0.877869 0.069705 0.900092 0.085801 0.900092 0.085801 0.915059 0.08579695 0.897907 0.06969797 0.900092 0.085801 0.877869 0.069705 0.885126 0.08580398 0.935765 0.006087958 0.898755 0.006172955 0.937924 0.02738195 0.898755 0.006172955 0.917601 0.06969195 0.937924 0.02738195 0.937924 0.02738195 0.917601 0.06969195 0.937294 0.06968599 0.937924 0.02738195 0.961669 0.030128 0.935765 0.006087958 0.877869 0.069705 0.898755 0.006172955 0.862864 0.02744799 0.872236 0.006172955 0.862864 0.02744799 0.898755 0.006172955 0.857831 0.06971096 0.885126 0.08580398 0.877869 0.069705 0.857831 0.06971096 0.877869 0.069705 0.862864 0.02744799 0.87016 0.08580696 0.885126 0.08580398 0.857831 0.06971096 0.792107 0.01419299 0.808927 0.04299294 0.851239 0.005254983 0.808927 0.04299294 0.792106 0.01419198 0.851239 0.005254983 0.792106 0.01419198 0.792107 0.01419299 0.851239 0.005254983 0.808927 0.04299294 0.792107 0.01419299 0.765526 0.04986995 0.792107 0.01419299 0.759372 0.007387995 0.765526 0.04986995 0.792107 0.01419299 0.792106 0.01419198 0.759372 0.007387995 0.759372 0.007387995 0.792106 0.01419198 0.759371 0.007386982 0.759371 0.007386982 0.792106 0.01419198 0.765525 0.04986995 0.765526 0.04986995 0.765525 0.04986995 0.808927 0.04299294 0.765525 0.04986995 0.792106 0.01419198 0.808927 0.04299294 0.76512 0.05028897 0.810049 0.04258996 0.802045 0.02881097 0.76512 0.05028897 0.810049 0.04258996 0.76512 0.05028897 0.810049 0.04258996 0.822494 0.01061797 0.802045 0.02881097 0.850946 0.006204962 0.822494 0.01061797 0.810049 0.04258996 0.802045 0.02881097 0.76512 0.05028998 0.76512 0.05028897 0.794041 0.01503199 0.802045 0.02881097 0.822494 0.01061797 0.794041 0.01503199 0.76512 0.05028998 0.802045 0.02881097 0.76512 0.05028998 0.794041 0.01503199 0.762422 0.02862095 0.759723 0.006951987 0.762422 0.02862095 0.794041 0.01503199 0.76512 0.05028897 0.76512 0.05028897 0.810049 0.04258996 0.810049 0.04258996 0.76512 0.05028897 0.802031 0.02870094 0.794041 0.01503199 0.75974 0.007085978 0.759723 0.006951987 0.850946 0.006204962 0.82248 0.010508 0.822494 0.01061797 0.82248 0.010508 0.810049 0.04258996 0.802031 0.02870094 0.850946 0.006204962 0.810049 0.04258996 0.82248 0.010508 0.82248 0.010508 0.794041 0.01503199 0.822494 0.01061797 0.794014 0.01481097 0.794041 0.01503199 0.82248 0.010508 0.794014 0.01481097 0.82248 0.010508 0.802031 0.02870094 0.794041 0.01503199 0.794014 0.01481097 0.75974 0.007085978 0.76512 0.05028897 0.76512 0.05028796 0.802031 0.02870094 0.802031 0.02870094 0.76512 0.05028796 0.794014 0.01481097 0.75974 0.007085978 0.794014 0.01481097 0.76243 0.028687 0.76512 0.05028796 0.76243 0.028687 0.794014 0.01481097 0.796622 0.177504 0.83569 0.195681 0.83569 0.195681 0.796623 0.177525 0.83569 0.195681 0.796622 0.177504 0.83569 0.195681 0.796621 0.177484 0.796622 0.177504 0.83569 0.195681 0.796621 0.177484 0.83569 0.195681 0.83569 0.195681 0.804205 0.202443 0.796621 0.177484 0.804205 0.202443 0.83569 0.195681 0.83569 0.2399049 0.796621 0.177484 0.804205 0.202443 0.781607 0.189529 0.796621 0.177484 0.781607 0.189529 0.777075 0.179343 0.794539 0.224696 0.804205 0.202443 0.83569 0.2399049 0.804205 0.202443 0.794539 0.224696 0.781607 0.189529 0.83569 0.2399049 0.83569 0.239718 0.794539 0.224696 0.766593 0.201575 0.781607 0.189529 0.794539 0.224696 0.766593 0.201575 0.75753 0.1812019 0.781607 0.189529 0.781607 0.189529 0.75753 0.1812019 0.777075 0.179343 0.794539 0.224696 0.83569 0.239718 0.804206 0.202463 0.83569 0.195681 0.804206 0.202463 0.83569 0.239718 0.796623 0.177525 0.804206 0.202463 0.83569 0.195681 0.804206 0.202463 0.781608 0.18955 0.794539 0.224696 0.766593 0.201575 0.781608 0.18955 0.75753 0.1812019 0.766593 0.201575 0.794539 0.224696 0.781608 0.18955 0.796623 0.177525 0.781608 0.18955 0.804206 0.202463 0.75753 0.1812019 0.781608 0.18955 0.777076 0.179363 0.796623 0.177525 0.777076 0.179363 0.781608 0.18955 0.79484 0.129951 0.796622 0.177504 0.794752 0.127601 0.796623 0.177525 0.796622 0.177504 0.79484 0.129951 0.79484 0.129951 0.794752 0.127601 0.794215 0.113279 0.794215 0.113279 0.794752 0.127601 0.794215 0.113259 0.796622 0.177504 0.794664 0.125252 0.794752 0.127601 0.796621 0.177484 0.794664 0.125252 0.796622 0.177504 0.794215 0.113279 0.776513 0.111681 0.79484 0.129951 0.79484 0.129951 0.776513 0.111681 0.776687 0.127677 0.79484 0.129951 0.776687 0.127677 0.796623 0.177525 0.794664 0.125252 0.794214 0.113238 0.794752 0.127601 0.794752 0.127601 0.794214 0.113238 0.794215 0.113259 0.75881 0.110082 0.776687 0.127677 0.776513 0.111681 0.758534 0.125403 0.776687 0.127677 0.75881 0.110082 0.758534 0.125403 0.75881 0.110082 0.776599 0.125328 0.776599 0.125328 0.75881 0.110082 0.776512 0.11166 0.776512 0.11166 0.794664 0.125252 0.776599 0.125328 0.794214 0.113238 0.794664 0.125252 0.776512 0.11166 0.796621 0.177484 0.777075 0.179343 0.794664 0.125252 0.794664 0.125252 0.777075 0.179343 0.776599 0.125328 0.758534 0.125403 0.777076 0.179363 0.776687 0.127677 0.796623 0.177525 0.776687 0.127677 0.777076 0.179363 0.75753 0.1812019 0.776599 0.125328 0.777075 0.179343 0.75753 0.1812019 0.777076 0.179363 0.758534 0.125403 0.758534 0.125403 0.776599 0.125328 0.75753 0.1812019 0.794215 0.113279 0.794215 0.113259 0.836394 0.04772996 0.836394 0.04772996 0.776513 0.111681 0.794215 0.113279 0.770969 0.08426296 0.776513 0.111681 0.836394 0.04772996 0.794214 0.113238 0.836394 0.04772996 0.794215 0.113259 0.776512 0.11166 0.770969 0.08426296 0.836394 0.04772996 0.836394 0.04772996 0.794214 0.113238 0.776512 0.11166 0.75881 0.110082 0.770969 0.08426296 0.776512 0.11166 0.75881 0.110082 0.776513 0.111681 0.770969 0.08426296 0.970918 0.005986988 0.96149 0.03020697 0.935766 0.006087958 0.972578 0.02730995 0.96149 0.03020697 0.970918 0.005986988 0.935766 0.006087958 0.96149 0.03020697 0.937925 0.02738195 0.967964 0.06509 0.96149 0.03020697 0.972578 0.02730995 0.958578 0.06944698 0.96149 0.03020697 0.967964 0.06509 0.967964 0.06509 0.968109 0.08575499 0.958578 0.06944698 0.968109 0.08575499 0.949067 0.085774 0.958578 0.06944698 0.958578 0.06944698 0.949067 0.085774 0.947937 0.06956595 0.930026 0.08579397 0.947937 0.06956595 0.949067 0.085774 0.937295 0.06968599 0.947937 0.06956595 0.930026 0.08579397 0.796622 0.177504 0.83569 0.195681 0.796623 0.177525 0.83569 0.195681 0.83569 0.195681 0.796622 0.177504 0.796622 0.177504 0.796621 0.177484 0.83569 0.195681 0.83569 0.195681 0.796621 0.177484 0.83569 0.195681 0.804205 0.202443 0.83569 0.195681 0.796621 0.177484 0.83569 0.195681 0.804205 0.202443 0.83569 0.2399049 0.804205 0.202443 0.796621 0.177484 0.781607 0.189529 0.781607 0.189529 0.796621 0.177484 0.777075 0.179343 0.804205 0.202443 0.794539 0.224696 0.83569 0.2399049 0.794539 0.224696 0.804205 0.202443 0.781607 0.189529 0.83569 0.239718 0.83569 0.2399049 0.794539 0.224696 0.781607 0.189529 0.766593 0.201575 0.794539 0.224696 0.777075 0.179343 0.75753 0.1812019 0.781607 0.189529 0.781607 0.189529 0.75753 0.1812019 0.766593 0.201575 0.83569 0.195681 0.804206 0.202463 0.796623 0.177525 0.83569 0.239718 0.804206 0.202463 0.83569 0.195681 0.83569 0.239718 0.794539 0.224696 0.804206 0.202463 0.781608 0.18955 0.804206 0.202463 0.794539 0.224696 0.75753 0.1812019 0.781608 0.18955 0.766593 0.201575 0.794539 0.224696 0.766593 0.201575 0.781608 0.18955 0.781608 0.18955 0.796623 0.177525 0.804206 0.202463 0.777076 0.179363 0.796623 0.177525 0.781608 0.18955 0.777076 0.179363 0.781608 0.18955 0.75753 0.1812019 0.796622 0.177504 0.79484 0.129951 0.794752 0.127601 0.796623 0.177525 0.79484 0.129951 0.796622 0.177504 0.794215 0.113279 0.794752 0.127601 0.79484 0.129951 0.794215 0.113259 0.794752 0.127601 0.794215 0.113279 0.794752 0.127601 0.794664 0.125252 0.796622 0.177504 0.796622 0.177504 0.794664 0.125252 0.796621 0.177484 0.794215 0.113279 0.79484 0.129951 0.776513 0.111681 0.796623 0.177525 0.776687 0.127677 0.79484 0.129951 0.776513 0.111681 0.79484 0.129951 0.776687 0.127677 0.794215 0.113259 0.794214 0.113238 0.794752 0.127601 0.794752 0.127601 0.794214 0.113238 0.794664 0.125252 0.776513 0.111681 0.776687 0.127677 0.75881 0.110082 0.75881 0.110082 0.776687 0.127677 0.758534 0.125403 0.776599 0.125328 0.75881 0.110082 0.758534 0.125403 0.776599 0.125328 0.794664 0.125252 0.776512 0.11166 0.776512 0.11166 0.75881 0.110082 0.776599 0.125328 0.776512 0.11166 0.794664 0.125252 0.794214 0.113238 0.796621 0.177484 0.794664 0.125252 0.777075 0.179343 0.777075 0.179343 0.794664 0.125252 0.776599 0.125328 0.776687 0.127677 0.777076 0.179363 0.758534 0.125403 0.777076 0.179363 0.776687 0.127677 0.796623 0.177525 0.758534 0.125403 0.777076 0.179363 0.75753 0.1812019 0.75753 0.1812019 0.776599 0.125328 0.758534 0.125403 0.777075 0.179343 0.776599 0.125328 0.75753 0.1812019 0.794215 0.113259 0.794215 0.113279 0.836394 0.04772996 0.776513 0.111681 0.836394 0.04772996 0.794215 0.113279 0.776513 0.111681 0.770969 0.08426296 0.836394 0.04772996 0.836394 0.04772996 0.794214 0.113238 0.794215 0.113259 0.770969 0.08426296 0.776512 0.11166 0.836394 0.04772996 0.794214 0.113238 0.836394 0.04772996 0.776512 0.11166 0.776513 0.111681 0.75881 0.110082 0.770969 0.08426296 0.770969 0.08426296 0.75881 0.110082 0.776512 0.11166 0.124556 0.792529 0.145557 0.788494 0.124748 0.759485 0.145557 0.791715 0.145557 0.788494 0.124556 0.792529 0.124748 0.759485 0.08915197 0.792548 0.124556 0.792529 0.09035295 0.713431 0.08915197 0.792548 0.124748 0.759485 0.09035295 0.713431 0.06454998 0.792498 0.08915197 0.792548 0.06330996 0.713347 0.06454998 0.792498 0.09035295 0.713431 0.06330996 0.713347 0.02759695 0.759399 0.06454998 0.792498 0.06454998 0.792498 0.02759695 0.759399 0.02781498 0.792382 0.01043498 0.788494 0.02781498 0.792382 0.02759695 0.759399 0.01043498 0.791715 0.02781498 0.792382 0.01043498 0.788494 0.124556 0.792529 0.145557 0.796719 0.145557 0.791715 0.124528 0.797453 0.145557 0.796719 0.124556 0.792529 0.08915197 0.792548 0.124528 0.797453 0.124556 0.792529 0.089078 0.797448 0.124528 0.797453 0.08915197 0.792548 0.06454998 0.792498 0.06462699 0.7974 0.08915197 0.792548 0.08915197 0.792548 0.06462699 0.7974 0.089078 0.797448 0.02781498 0.792382 0.027848 0.797314 0.06454998 0.792498 0.01043498 0.791715 0.027848 0.797314 0.02781498 0.792382 0.06454998 0.792498 0.027848 0.797314 0.06462699 0.7974 0.01043498 0.796719 0.027848 0.797314 0.01043498 0.791715 0.08777195 0.992036 0.123249 0.981976 0.087718 0.981712 0.123307 0.992309 0.123249 0.981976 0.08777195 0.992036 0.06580698 0.981678 0.08777195 0.992036 0.087718 0.981712 0.065804 0.9920001 0.08777195 0.992036 0.06580698 0.981678 0.08777195 0.992036 0.123335 0.997137 0.123307 0.992309 0.08779799 0.99686 0.123335 0.997137 0.08777195 0.992036 0.08779799 0.99686 0.08777195 0.992036 0.06580299 0.996823 0.06580299 0.996823 0.08777195 0.992036 0.065804 0.9920001 0.123249 0.981976 0.123508 0.94692 0.087718 0.981712 0.123249 0.981976 0.145683 0.947049 0.123508 0.94692 0.123307 0.992309 0.145731 0.982104 0.123249 0.981976 0.145731 0.982104 0.145683 0.947049 0.123249 0.981976 0.087718 0.981712 0.08786696 0.946655 0.06580698 0.981678 0.087718 0.981712 0.123508 0.94692 0.08786696 0.946655 0.06580698 0.981678 0.08786696 0.946655 0.065714 0.94662 0.02893596 0.946864 0.06580698 0.981678 0.065714 0.94662 0.02920395 0.98192 0.065804 0.9920001 0.06580698 0.981678 0.02920395 0.98192 0.06580698 0.981678 0.02893596 0.946864 0.010562 0.947049 0.02920395 0.98192 0.02893596 0.946864 0.01060897 0.982104 0.02920395 0.98192 0.010562 0.947049 0.145689 0.992442 0.145731 0.982104 0.123307 0.992309 0.029136 0.992251 0.065804 0.9920001 0.02920395 0.98192 0.01060897 0.982104 0.029136 0.992251 0.02920395 0.98192 0.01056694 0.992442 0.029136 0.992251 0.01060897 0.982104 0.06580299 0.996823 0.065804 0.9920001 0.02910399 0.997078 0.02910399 0.997078 0.065804 0.9920001 0.029136 0.992251 0.02910399 0.997078 0.029136 0.992251 0.01054698 0.997272 0.01054698 0.997272 0.029136 0.992251 0.01056694 0.992442 0.123307 0.992309 0.145669 0.997272 0.145689 0.992442 0.123335 0.997137 0.145669 0.997272 0.123307 0.992309 0.123914 0.8921 0.145583 0.87354 0.124052 0.87341 0.145609 0.89223 0.145583 0.87354 0.123914 0.8921 0.123914 0.8921 0.124052 0.87341 0.088099 0.891834 0.088099 0.891834 0.124052 0.87341 0.08817899 0.873142 0.06551897 0.873107 0.088099 0.891834 0.08817899 0.873142 0.06556797 0.891799 0.088099 0.891834 0.06551897 0.873107 0.02837496 0.873353 0.06556797 0.891799 0.06551897 0.873107 0.02851796 0.892044 0.06556797 0.891799 0.02837496 0.873353 0.01046097 0.87354 0.02851796 0.892044 0.02837496 0.873353 0.01048696 0.89223 0.02851796 0.892044 0.01046097 0.87354 0.145583 0.87354 0.145557 0.850529 0.124052 0.87341 0.124052 0.87341 0.124221 0.850398 0.08817899 0.873142 0.124052 0.87341 0.145557 0.850529 0.124221 0.850398 0.08817899 0.873142 0.08827799 0.850131 0.06551897 0.873107 0.08817899 0.873142 0.124221 0.850398 0.08827799 0.850131 0.06551897 0.873107 0.08827799 0.850131 0.06545299 0.850096 0.02837496 0.873353 0.06551897 0.873107 0.02819997 0.850341 0.02819997 0.850341 0.06551897 0.873107 0.06545299 0.850096 0.01046097 0.87354 0.02837496 0.873353 0.01043498 0.850529 0.01043498 0.850529 0.02837496 0.873353 0.02819997 0.850341 0.123914 0.8921 0.145615 0.896531 0.145609 0.89223 0.088099 0.891834 0.123882 0.896401 0.123914 0.8921 0.123882 0.896401 0.145615 0.896531 0.123914 0.8921 0.088081 0.896135 0.123882 0.896401 0.088099 0.891834 0.088081 0.896135 0.088099 0.891834 0.06557995 0.8961 0.06557995 0.8961 0.088099 0.891834 0.06556797 0.891799 0.01049298 0.896531 0.02851796 0.892044 0.01048696 0.89223 0.06557995 0.8961 0.06556797 0.891799 0.02855098 0.896345 0.02855098 0.896345 0.06556797 0.891799 0.02851796 0.892044 0.02855098 0.896345 0.02851796 0.892044 0.01049298 0.896531 0.972651 0.02730995 0.993722 0.005986988 0.97099 0.005986988 0.992062 0.02730995 0.993722 0.005986988 0.972651 0.02730995 0.97099 0.005986988 0.961669 0.030128 0.972651 0.02730995 0.935765 0.006087958 0.961669 0.030128 0.97099 0.005986988 0.961669 0.030128 0.967932 0.06509 0.972651 0.02730995 0.958533 0.06938099 0.967932 0.06509 0.961669 0.030128 0.958533 0.06938099 0.968109 0.08575499 0.967932 0.06509 0.968109 0.08575499 0.958533 0.06938099 0.949067 0.085774 0.949067 0.085774 0.958533 0.06938099 0.947914 0.06953299 0.998376 0.08575499 0.967932 0.06509 0.968109 0.08575499 0.998376 0.08575499 0.996676 0.06509 0.967932 0.06509 0.947914 0.06953299 0.930025 0.08579397 0.949067 0.085774 0.937294 0.06968599 0.930025 0.08579397 0.947914 0.06953299 0.937294 0.06968599 0.917601 0.06969195 0.930025 0.08579397 0.930025 0.08579397 0.917601 0.06969195 0.915059 0.08579695 0.897907 0.06969797 0.915059 0.08579695 0.917601 0.06969195 0.897907 0.06969797 0.917601 0.06969195 0.898755 0.006172955 0.897907 0.06969797 0.898755 0.006172955 0.877869 0.069705 0.900092 0.085801 0.915059 0.08579695 0.897907 0.06969797 0.897907 0.06969797 0.877869 0.069705 0.900092 0.085801 0.900092 0.085801 0.877869 0.069705 0.885126 0.08580398 0.937924 0.02738195 0.917601 0.06969195 0.937294 0.06968599 0.937924 0.02738195 0.961669 0.030128 0.935765 0.006087958 0.935765 0.006087958 0.898755 0.006172955 0.937924 0.02738195 0.898755 0.006172955 0.917601 0.06969195 0.937924 0.02738195 0.877869 0.069705 0.898755 0.006172955 0.862864 0.02744799 0.872236 0.006172955 0.862864 0.02744799 0.898755 0.006172955 0.857831 0.06971096 0.877869 0.069705 0.862864 0.02744799 0.857831 0.06971096 0.885126 0.08580398 0.877869 0.069705 0.87016 0.08580696 0.885126 0.08580398 0.857831 0.06971096 0.792107 0.01419299 0.808927 0.04299294 0.851239 0.005254983 0.808927 0.04299294 0.792106 0.01419198 0.851239 0.005254983 0.792106 0.01419198 0.792107 0.01419299 0.851239 0.005254983 0.808927 0.04299294 0.792107 0.01419299 0.765526 0.04986995 0.792107 0.01419299 0.759372 0.007387995 0.765526 0.04986995 0.792107 0.01419299 0.792106 0.01419198 0.759372 0.007387995 0.759372 0.007387995 0.792106 0.01419198 0.759371 0.007386982 0.759371 0.007386982 0.792106 0.01419198 0.765525 0.04986995 0.765525 0.04986995 0.792106 0.01419198 0.808927 0.04299294 0.765526 0.04986995 0.765525 0.04986995 0.808927 0.04299294 0.551143 0.582576 0.509996 0.596062 0.563859 0.530716 0.563859 0.530716 0.594972 0.570481 0.551143 0.582576 0.55091 0.619438 0.509996 0.596062 0.551143 0.582576 0.510721 0.617219 0.509996 0.596062 0.55091 0.619438 0.55091 0.619438 0.551143 0.582576 0.591674 0.615515 0.591674 0.615515 0.551143 0.582576 0.594972 0.570481 0.591674 0.615515 0.594972 0.570481 0.632758 0.615463 0.632758 0.615463 0.594972 0.570481 0.62903 0.570534 0.676768 0.582429 0.632758 0.615463 0.62903 0.570534 0.679325 0.619438 0.632758 0.615463 0.676768 0.582429 0.7132 0.596062 0.679325 0.619438 0.676768 0.582429 0.722626 0.618397 0.679325 0.619438 0.7132 0.596062 0.722626 0.618397 0.7132 0.596062 0.744837 0.617986 0.744837 0.617986 0.7132 0.596062 0.746111 0.596497 0.594972 0.570481 0.613681 0.50731 0.62903 0.570534 0.613681 0.50731 0.594972 0.570481 0.563859 0.530716 0.676768 0.582429 0.667428 0.534667 0.7132 0.596062 0.676768 0.582429 0.62903 0.570534 0.667428 0.534667 0.667428 0.534667 0.62903 0.570534 0.613681 0.50731 0.562296 0.654239 0.510721 0.617219 0.55091 0.619438 0.529195 0.652005 0.510721 0.617219 0.562296 0.654239 0.614693 0.707368 0.529195 0.652005 0.562296 0.654239 0.594897 0.655367 0.55091 0.619438 0.591674 0.615515 0.562296 0.654239 0.55091 0.619438 0.594897 0.655367 0.614693 0.707368 0.562296 0.654239 0.594897 0.655367 0.594897 0.655367 0.630084 0.654568 0.614693 0.707368 0.679325 0.619438 0.630084 0.654568 0.632758 0.615463 0.630084 0.654568 0.591674 0.615515 0.632758 0.615463 0.594897 0.655367 0.591674 0.615515 0.630084 0.654568 0.678072 0.654441 0.630084 0.654568 0.679325 0.619438 0.722626 0.618397 0.678072 0.654441 0.679325 0.619438 0.614693 0.707368 0.630084 0.654568 0.678072 0.654441 0.614693 0.707368 0.678072 0.654441 0.709224 0.653352 0.709224 0.653352 0.678072 0.654441 0.722626 0.618397 0.614693 0.707368 0.709224 0.653352 0.744684 0.652976 0.709224 0.653352 0.722626 0.618397 0.744684 0.652976 0.744684 0.652976 0.722626 0.618397 0.744837 0.617986 0.123542 0.942278 0.145683 0.947049 0.145677 0.942407 0.123508 0.94692 0.145683 0.947049 0.123542 0.942278 0.08788698 0.942014 0.123508 0.94692 0.123542 0.942278 0.08786696 0.946655 0.123508 0.94692 0.08788698 0.942014 0.08786696 0.946655 0.08788698 0.942014 0.065714 0.94662 0.065714 0.94662 0.08788698 0.942014 0.065701 0.941979 0.065714 0.94662 0.065701 0.941979 0.02893596 0.946864 0.02893596 0.946864 0.065701 0.941979 0.02890098 0.942222 0.02893596 0.946864 0.02890098 0.942222 0.010562 0.947049 0.010562 0.947049 0.02890098 0.942222 0.01055496 0.942407 0.145677 0.942407 0.145615 0.896531 0.123542 0.942278 0.123542 0.942278 0.123882 0.896401 0.08788698 0.942014 0.123542 0.942278 0.145615 0.896531 0.123882 0.896401 0.08788698 0.942014 0.123882 0.896401 0.088081 0.896135 0.06557995 0.8961 0.08788698 0.942014 0.088081 0.896135 0.065701 0.941979 0.08788698 0.942014 0.06557995 0.8961 0.02890098 0.942222 0.065701 0.941979 0.02855098 0.896345 0.02855098 0.896345 0.065701 0.941979 0.06557995 0.8961 0.01055496 0.942407 0.02890098 0.942222 0.01049298 0.896531 0.01049298 0.896531 0.02890098 0.942222 0.02855098 0.896345 0.124271 0.841747 0.145557 0.850529 0.145557 0.841736 0.124221 0.850398 0.145557 0.850529 0.124271 0.841747 0.08840799 0.841522 0.124221 0.850398 0.124271 0.841747 0.08827799 0.850131 0.124221 0.850398 0.08840799 0.841522 0.08840799 0.841522 0.06545299 0.850096 0.08827799 0.850131 0.06531798 0.841485 0.06545299 0.850096 0.08840799 0.841522 0.06531798 0.841485 0.02819997 0.850341 0.06545299 0.850096 0.02814197 0.841677 0.02819997 0.850341 0.06531798 0.841485 0.02819997 0.850341 0.02814197 0.841677 0.01043498 0.850529 0.01043498 0.850529 0.02814197 0.841677 0.01043498 0.841736 0.145557 0.841736 0.145557 0.796719 0.124271 0.841747 0.124271 0.841747 0.145557 0.796719 0.124528 0.797453 0.124271 0.841747 0.124528 0.797453 0.08840799 0.841522 0.08840799 0.841522 0.124528 0.797453 0.089078 0.797448 0.089078 0.797448 0.06462699 0.7974 0.08840799 0.841522 0.08840799 0.841522 0.06462699 0.7974 0.06531798 0.841485 0.06462699 0.7974 0.027848 0.797314 0.06531798 0.841485 0.06531798 0.841485 0.027848 0.797314 0.02814197 0.841677 0.01043498 0.796719 0.02814197 0.841677 0.027848 0.797314 0.01043498 0.841736 0.02814197 0.841677 0.01043498 0.796719 0.76512 0.05028897 0.810049 0.04258996 0.802045 0.02881097 0.76512 0.05028897 0.810049 0.04258996 0.76512 0.05028897 0.810049 0.04258996 0.822494 0.01061797 0.802045 0.02881097 0.850946 0.006204962 0.822494 0.01061797 0.810049 0.04258996 0.802045 0.02881097 0.76512 0.05028998 0.76512 0.05028897 0.794041 0.01503199 0.802045 0.02881097 0.822494 0.01061797 0.794041 0.01503199 0.76512 0.05028998 0.802045 0.02881097 0.76512 0.05028998 0.794041 0.01503199 0.762422 0.02862095 0.759723 0.006951987 0.762422 0.02862095 0.794041 0.01503199 0.76512 0.05028897 0.76512 0.05028897 0.810049 0.04258996 0.810049 0.04258996 0.76512 0.05028897 0.802031 0.02870094 0.794041 0.01503199 0.75974 0.007085978 0.759723 0.006951987 0.82248 0.010508 0.810049 0.04258996 0.802031 0.02870094 0.850946 0.006204962 0.810049 0.04258996 0.82248 0.010508 0.82248 0.010508 0.794041 0.01503199 0.822494 0.01061797 0.850946 0.006204962 0.82248 0.010508 0.822494 0.01061797 0.794014 0.01481097 0.82248 0.010508 0.802031 0.02870094 0.794041 0.01503199 0.794014 0.01481097 0.75974 0.007085978 0.794014 0.01481097 0.794041 0.01503199 0.82248 0.010508 0.76512 0.05028897 0.76512 0.05028796 0.802031 0.02870094 0.802031 0.02870094 0.76512 0.05028796 0.794014 0.01481097 0.75974 0.007085978 0.794014 0.01481097 0.76243 0.028687 0.76512 0.05028796 0.76243 0.028687 0.794014 0.01481097 0.796622 0.177504 0.83569 0.195681 0.83569 0.195681 0.796623 0.177525 0.83569 0.195681 0.796622 0.177504 0.83569 0.195681 0.796621 0.177484 0.796622 0.177504 0.83569 0.195681 0.796621 0.177484 0.83569 0.195681 0.83569 0.195681 0.804205 0.202443 0.796621 0.177484 0.804205 0.202443 0.83569 0.195681 0.83569 0.2399049 0.796621 0.177484 0.804205 0.202443 0.781607 0.189529 0.796621 0.177484 0.781607 0.189529 0.777075 0.179343 0.804205 0.202443 0.794539 0.224696 0.781607 0.189529 0.794539 0.224696 0.804205 0.202443 0.83569 0.2399049 0.83569 0.2399049 0.83569 0.239718 0.794539 0.224696 0.766593 0.201575 0.781607 0.189529 0.794539 0.224696 0.766593 0.201575 0.75753 0.1812019 0.781607 0.189529 0.781607 0.189529 0.75753 0.1812019 0.777075 0.179343 0.796623 0.177525 0.804206 0.202463 0.83569 0.195681 0.794539 0.224696 0.83569 0.239718 0.804206 0.202463 0.83569 0.195681 0.804206 0.202463 0.83569 0.239718 0.796623 0.177525 0.781608 0.18955 0.804206 0.202463 0.804206 0.202463 0.781608 0.18955 0.794539 0.224696 0.766593 0.201575 0.781608 0.18955 0.75753 0.1812019 0.766593 0.201575 0.794539 0.224696 0.781608 0.18955 0.796623 0.177525 0.777076 0.179363 0.781608 0.18955 0.75753 0.1812019 0.781608 0.18955 0.777076 0.179363 0.79484 0.129951 0.796622 0.177504 0.794752 0.127601 0.796623 0.177525 0.796622 0.177504 0.79484 0.129951 0.79484 0.129951 0.794752 0.127601 0.794215 0.113279 0.794215 0.113279 0.794752 0.127601 0.794215 0.113259 0.796622 0.177504 0.794664 0.125252 0.794752 0.127601 0.796621 0.177484 0.794664 0.125252 0.796622 0.177504 0.794215 0.113279 0.776513 0.111681 0.79484 0.129951 0.79484 0.129951 0.776687 0.127677 0.796623 0.177525 0.79484 0.129951 0.776513 0.111681 0.776687 0.127677 0.794752 0.127601 0.794214 0.113238 0.794215 0.113259 0.794664 0.125252 0.794214 0.113238 0.794752 0.127601 0.75881 0.110082 0.776687 0.127677 0.776513 0.111681 0.758534 0.125403 0.776687 0.127677 0.75881 0.110082 0.758534 0.125403 0.75881 0.110082 0.776599 0.125328 0.776512 0.11166 0.794664 0.125252 0.776599 0.125328 0.794214 0.113238 0.794664 0.125252 0.776512 0.11166 0.776599 0.125328 0.75881 0.110082 0.776512 0.11166 0.794664 0.125252 0.777075 0.179343 0.776599 0.125328 0.796621 0.177484 0.777075 0.179343 0.794664 0.125252 0.758534 0.125403 0.777076 0.179363 0.776687 0.127677 0.796623 0.177525 0.776687 0.127677 0.777076 0.179363 0.758534 0.125403 0.776599 0.125328 0.75753 0.1812019 0.75753 0.1812019 0.777076 0.179363 0.758534 0.125403 0.75753 0.1812019 0.776599 0.125328 0.777075 0.179343 0.794215 0.113279 0.794215 0.113259 0.836394 0.04772996 0.836394 0.04772996 0.776513 0.111681 0.794215 0.113279 0.770969 0.08426296 0.776513 0.111681 0.836394 0.04772996 0.794214 0.113238 0.836394 0.04772996 0.794215 0.113259 0.776512 0.11166 0.770969 0.08426296 0.836394 0.04772996 0.836394 0.04772996 0.794214 0.113238 0.776512 0.11166 0.75881 0.110082 0.776513 0.111681 0.770969 0.08426296 0.75881 0.110082 0.770969 0.08426296 0.776512 0.11166 0.970918 0.005986988 0.96149 0.03020697 0.935766 0.006087958 0.972578 0.02730995 0.96149 0.03020697 0.970918 0.005986988 0.935766 0.006087958 0.96149 0.03020697 0.937925 0.02738195 0.967964 0.06509 0.96149 0.03020697 0.972578 0.02730995 0.958578 0.06944698 0.96149 0.03020697 0.967964 0.06509 0.967964 0.06509 0.968109 0.08575499 0.958578 0.06944698 0.968109 0.08575499 0.949067 0.085774 0.958578 0.06944698 0.958578 0.06944698 0.949067 0.085774 0.947937 0.06956595 0.930026 0.08579397 0.947937 0.06956595 0.949067 0.085774 0.937295 0.06968599 0.947937 0.06956595 0.930026 0.08579397 0.796622 0.177504 0.83569 0.195681 0.796623 0.177525 0.83569 0.195681 0.83569 0.195681 0.796622 0.177504 0.796622 0.177504 0.796621 0.177484 0.83569 0.195681 0.83569 0.195681 0.796621 0.177484 0.83569 0.195681 0.804205 0.202443 0.83569 0.195681 0.796621 0.177484 0.83569 0.195681 0.804205 0.202443 0.83569 0.2399049 0.804205 0.202443 0.796621 0.177484 0.781607 0.189529 0.781607 0.189529 0.796621 0.177484 0.777075 0.179343 0.794539 0.224696 0.804205 0.202443 0.781607 0.189529 0.804205 0.202443 0.794539 0.224696 0.83569 0.2399049 0.83569 0.239718 0.83569 0.2399049 0.794539 0.224696 0.781607 0.189529 0.766593 0.201575 0.794539 0.224696 0.777075 0.179343 0.75753 0.1812019 0.781607 0.189529 0.781607 0.189529 0.75753 0.1812019 0.766593 0.201575 0.83569 0.195681 0.804206 0.202463 0.796623 0.177525 0.83569 0.239718 0.804206 0.202463 0.83569 0.195681 0.83569 0.239718 0.794539 0.224696 0.804206 0.202463 0.781608 0.18955 0.804206 0.202463 0.794539 0.224696 0.75753 0.1812019 0.781608 0.18955 0.766593 0.201575 0.794539 0.224696 0.766593 0.201575 0.781608 0.18955 0.781608 0.18955 0.796623 0.177525 0.804206 0.202463 0.777076 0.179363 0.781608 0.18955 0.75753 0.1812019 0.777076 0.179363 0.796623 0.177525 0.781608 0.18955 0.796622 0.177504 0.79484 0.129951 0.794752 0.127601 0.796623 0.177525 0.79484 0.129951 0.796622 0.177504 0.794215 0.113279 0.794752 0.127601 0.79484 0.129951 0.794215 0.113259 0.794752 0.127601 0.794215 0.113279 0.794752 0.127601 0.794664 0.125252 0.796622 0.177504 0.796622 0.177504 0.794664 0.125252 0.796621 0.177484 0.794215 0.113279 0.79484 0.129951 0.776513 0.111681 0.776513 0.111681 0.79484 0.129951 0.776687 0.127677 0.796623 0.177525 0.776687 0.127677 0.79484 0.129951 0.794215 0.113259 0.794214 0.113238 0.794752 0.127601 0.794752 0.127601 0.794214 0.113238 0.794664 0.125252 0.776513 0.111681 0.776687 0.127677 0.75881 0.110082 0.75881 0.110082 0.776687 0.127677 0.758534 0.125403 0.776599 0.125328 0.75881 0.110082 0.758534 0.125403 0.776512 0.11166 0.75881 0.110082 0.776599 0.125328 0.776512 0.11166 0.794664 0.125252 0.794214 0.113238 0.776599 0.125328 0.794664 0.125252 0.776512 0.11166 0.777075 0.179343 0.794664 0.125252 0.776599 0.125328 0.796621 0.177484 0.794664 0.125252 0.777075 0.179343 0.776687 0.127677 0.777076 0.179363 0.758534 0.125403 0.777076 0.179363 0.776687 0.127677 0.796623 0.177525 0.777075 0.179343 0.776599 0.125328 0.75753 0.1812019 0.758534 0.125403 0.777076 0.179363 0.75753 0.1812019 0.75753 0.1812019 0.776599 0.125328 0.758534 0.125403 0.794215 0.113259 0.794215 0.113279 0.836394 0.04772996 0.776513 0.111681 0.836394 0.04772996 0.794215 0.113279 0.776513 0.111681 0.770969 0.08426296 0.836394 0.04772996 0.836394 0.04772996 0.794214 0.113238 0.794215 0.113259 0.770969 0.08426296 0.776512 0.11166 0.836394 0.04772996 0.794214 0.113238 0.836394 0.04772996 0.776512 0.11166 0.770969 0.08426296 0.75881 0.110082 0.776512 0.11166 0.776513 0.111681 0.75881 0.110082 0.770969 0.08426296 0.304507 0.476974 0.358241 0.508145 0.357034 0.493856 0.357034 0.493856 0.358241 0.508145 0.412168 0.482554 0.412168 0.482554 0.358241 0.508145 0.41242 0.49544 0.41242 0.49544 0.455946 0.460687 0.412168 0.482554 0.357034 0.493856 0.412168 0.482554 0.351547 0.446899 0.351547 0.446899 0.412168 0.482554 0.401461 0.4198 0.351547 0.446899 0.313103 0.471478 0.357034 0.493856 0.357034 0.493856 0.313103 0.471478 0.304507 0.476974 0.401461 0.4198 0.308663 0.381794 0.351547 0.446899 0.329968 0.36131 0.308663 0.381794 0.401461 0.4198 0.291185 0.416504 0.313103 0.471478 0.351547 0.446899 0.291185 0.416504 0.351547 0.446899 0.308663 0.381794 0.304507 0.476974 0.313103 0.471478 0.264092 0.445859 0.329968 0.36131 0.401461 0.4198 0.360837 0.347344 0.360837 0.347344 0.401461 0.4198 0.449089 0.394497 0.412168 0.482554 0.449089 0.394497 0.401461 0.4198 0.455946 0.460687 0.449089 0.394497 0.412168 0.482554 0.455946 0.460687 0.476632 0.452944 0.449089 0.394497 0.455946 0.460687 0.476695 0.501579 0.476632 0.452944 0.360837 0.347344 0.449089 0.394497 0.429927 0.330703 0.417122 0.520829 0.455946 0.460687 0.41242 0.49544 0.41242 0.49544 0.35755 0.540079 0.417122 0.520829 0.358241 0.508145 0.35755 0.540079 0.41242 0.49544 0.35755 0.540079 0.358241 0.508145 0.304507 0.476974 0.271414 0.437925 0.313103 0.471478 0.291185 0.416504 0.264092 0.445859 0.313103 0.471478 0.271414 0.437925 0.271414 0.437925 0.228319 0.415845 0.264092 0.445859 0.360837 0.347344 0.283827 0.3445 0.329968 0.36131 0.308663 0.381794 0.329968 0.36131 0.283827 0.3445 0.271414 0.437925 0.25017 0.362389 0.228319 0.415845 0.308663 0.381794 0.25017 0.362389 0.291185 0.416504 0.308663 0.381794 0.283827 0.3445 0.25017 0.362389 0.291185 0.416504 0.25017 0.362389 0.271414 0.437925 0.25017 0.362389 0.283827 0.3445 0.2160429 0.351507 0.2160429 0.351507 0.283827 0.3445 0.230161 0.326076 0.230161 0.326076 0.181915 0.340626 0.2160429 0.351507 0.208433 0.40581 0.25017 0.362389 0.2160429 0.351507 0.228319 0.415845 0.25017 0.362389 0.208433 0.40581 0.181915 0.340626 0.208433 0.40581 0.2160429 0.351507 0.188546 0.395775 0.208433 0.40581 0.181915 0.340626 0.188546 0.395775 0.181915 0.340626 0.07395398 0.30321 0.176495 0.307652 0.181915 0.340626 0.230161 0.326076 0.181915 0.340626 0.176495 0.307652 0.07395398 0.30321 0.35755 0.540079 0.41242 0.49544 0.417122 0.520829 0.455946 0.460687 0.476695 0.501579 0.417122 0.520829 0.455946 0.460687 0.417122 0.520829 0.41242 0.49544 0.476632 0.452944 0.455946 0.460687 0.449089 0.394497 0.449089 0.394497 0.455946 0.460687 0.412168 0.482554 0.455946 0.460687 0.41242 0.49544 0.412168 0.482554 0.358241 0.508145 0.412168 0.482554 0.41242 0.49544 0.358241 0.508145 0.357034 0.493856 0.412168 0.482554 0.358241 0.508145 0.304507 0.476974 0.357034 0.493856 0.412168 0.482554 0.357034 0.493856 0.351547 0.446899 0.449089 0.394497 0.412168 0.482554 0.401461 0.4198 0.412168 0.482554 0.351547 0.446899 0.401461 0.4198 0.313103 0.471478 0.357034 0.493856 0.304507 0.476974 0.313103 0.471478 0.351547 0.446899 0.357034 0.493856 0.308663 0.381794 0.401461 0.4198 0.351547 0.446899 0.308663 0.381794 0.329968 0.36131 0.401461 0.4198 0.313103 0.471478 0.291185 0.416504 0.351547 0.446899 0.351547 0.446899 0.291185 0.416504 0.308663 0.381794 0.313103 0.471478 0.304507 0.476974 0.264092 0.445859 0.401461 0.4198 0.329968 0.36131 0.360837 0.347344 0.401461 0.4198 0.360837 0.347344 0.449089 0.394497 0.449089 0.394497 0.360837 0.347344 0.429927 0.330703 0.313103 0.471478 0.271414 0.437925 0.291185 0.416504 0.313103 0.471478 0.264092 0.445859 0.271414 0.437925 0.228319 0.415845 0.271414 0.437925 0.264092 0.445859 0.283827 0.3445 0.360837 0.347344 0.329968 0.36131 0.329968 0.36131 0.308663 0.381794 0.283827 0.3445 0.25017 0.362389 0.308663 0.381794 0.291185 0.416504 0.25017 0.362389 0.291185 0.416504 0.271414 0.437925 0.25017 0.362389 0.271414 0.437925 0.228319 0.415845 0.283827 0.3445 0.308663 0.381794 0.25017 0.362389 0.283827 0.3445 0.25017 0.362389 0.2160429 0.351507 0.283827 0.3445 0.2160429 0.351507 0.230161 0.326076 0.181915 0.340626 0.230161 0.326076 0.2160429 0.351507 0.208433 0.40581 0.181915 0.340626 0.2160429 0.351507 0.25017 0.362389 0.208433 0.40581 0.2160429 0.351507 0.25017 0.362389 0.228319 0.415845 0.208433 0.40581 0.208433 0.40581 0.188546 0.395775 0.181915 0.340626 0.181915 0.340626 0.188546 0.395775 0.07395398 0.30321 0.176495 0.307652 0.181915 0.340626 0.07395398 0.30321 0.181915 0.340626 0.176495 0.307652 0.230161 0.326076 0.476632 0.452944 0.449089 0.394497 0.476632 0.379319 0.476632 0.379319 0.449089 0.394497 0.429927 0.330703 0.476632 0.379319 0.429927 0.330703 0.476632 0.330224 0.260797 0.315118 0.308499 0.287099 0.297919 0.286078 0.297919 0.286078 0.308499 0.287099 0.308253 0.265366 0.308499 0.287099 0.327209 0.267265 0.308253 0.265366 0.327209 0.267265 0.3236 0.239947 0.308253 0.265366 0.260797 0.315118 0.304644 0.305733 0.308499 0.287099 0.304644 0.305733 0.329099 0.291202 0.308499 0.287099 0.308499 0.287099 0.329099 0.291202 0.327209 0.267265 0.329099 0.291202 0.344486 0.27059 0.327209 0.267265 0.327209 0.267265 0.352251 0.225859 0.3236 0.239947 0.344486 0.27059 0.352251 0.225859 0.327209 0.267265 0.308253 0.265366 0.3236 0.239947 0.304112 0.2471719 0.308499 0.287099 0.260797 0.315118 0.297919 0.286078 0.329099 0.291202 0.304644 0.305733 0.308499 0.287099 0.308499 0.287099 0.297919 0.286078 0.308253 0.265366 0.304644 0.305733 0.260797 0.315118 0.308499 0.287099 0.352251 0.225859 0.344486 0.27059 0.327209 0.267265 0.344486 0.27059 0.329099 0.291202 0.327209 0.267265 0.327209 0.267265 0.308499 0.287099 0.308253 0.265366 0.329099 0.291202 0.308499 0.287099 0.327209 0.267265 0.3236 0.239947 0.308253 0.265366 0.304112 0.2471719 0.352251 0.225859 0.327209 0.267265 0.3236 0.239947 0.3236 0.239947 0.327209 0.267265 0.308253 0.265366 0.406907 0.834628 0.408839 0.8287 0.35741 0.82777 0.408839 0.8287 0.415799 0.813487 0.35741 0.82777 0.415799 0.813487 0.403737 0.787564 0.35741 0.82777 0.421932 0.836709 0.408839 0.8287 0.406907 0.834628 0.427166 0.829031 0.408839 0.8287 0.421932 0.836709 0.427166 0.829031 0.415799 0.813487 0.408839 0.8287 0.35741 0.82777 0.403737 0.787564 0.390476 0.772903 0.390476 0.772903 0.403737 0.787564 0.406939 0.745586 0.401642 0.736394 0.390476 0.772903 0.406939 0.745586 0.387462 0.765686 0.390476 0.772903 0.401642 0.736394 0.35741 0.82777 0.390476 0.772903 0.387462 0.765686 0.415799 0.813487 0.443592 0.752975 0.403737 0.787564 0.406939 0.745586 0.403737 0.787564 0.443592 0.752975 0.421932 0.836709 0.44236 0.885482 0.427166 0.829031 0.470019 0.800224 0.415799 0.813487 0.427166 0.829031 0.470019 0.800224 0.443592 0.752975 0.415799 0.813487 0.470019 0.800224 0.427166 0.829031 0.450228 0.884083 0.427166 0.829031 0.44236 0.885482 0.450228 0.884083 0.495874 0.874877 0.470019 0.800224 0.450228 0.884083 0.450228 0.884083 0.44236 0.885482 0.415574 0.963961 0.466682 0.942946 0.450228 0.884083 0.415574 0.963961 0.423735 0.972278 0.466682 0.942946 0.415574 0.963961 0.466682 0.942946 0.481278 0.908912 0.450228 0.884083 0.495874 0.874877 0.450228 0.884083 0.481278 0.908912 0.466682 0.942946 0.423735 0.972278 0.454684 0.96768 0.454684 0.96768 0.423735 0.972278 0.419567 0.991462 0.412499 0.990394 0.419567 0.991462 0.423735 0.972278 0.442686 0.992413 0.454684 0.96768 0.419567 0.991462 0.406939 0.745586 0.443592 0.752975 0.461975 0.729143 0.401642 0.736394 0.406939 0.745586 0.461975 0.729143 0.419567 0.991462 0.412499 0.990394 0.423735 0.972278 0.454684 0.96768 0.442686 0.992413 0.419567 0.991462 0.423735 0.972278 0.454684 0.96768 0.419567 0.991462 0.423735 0.972278 0.466682 0.942946 0.454684 0.96768 0.466682 0.942946 0.423735 0.972278 0.415574 0.963961 0.450228 0.884083 0.466682 0.942946 0.415574 0.963961 0.44236 0.885482 0.450228 0.884083 0.415574 0.963961 0.44236 0.885482 0.427166 0.829031 0.450228 0.884083 0.44236 0.885482 0.421932 0.836709 0.427166 0.829031 0.408839 0.8287 0.427166 0.829031 0.421932 0.836709 0.408839 0.8287 0.421932 0.836709 0.406907 0.834628 0.408839 0.8287 0.406907 0.834628 0.35741 0.82777 0.415799 0.813487 0.427166 0.829031 0.408839 0.8287 0.415799 0.813487 0.408839 0.8287 0.35741 0.82777 0.403737 0.787564 0.415799 0.813487 0.35741 0.82777 0.403737 0.787564 0.35741 0.82777 0.390476 0.772903 0.403737 0.787564 0.390476 0.772903 0.406939 0.745586 0.390476 0.772903 0.401642 0.736394 0.406939 0.745586 0.390476 0.772903 0.35741 0.82777 0.387462 0.765686 0.390476 0.772903 0.387462 0.765686 0.401642 0.736394 0.403737 0.787564 0.406939 0.745586 0.443592 0.752975 0.443592 0.752975 0.415799 0.813487 0.403737 0.787564 0.415799 0.813487 0.470019 0.800224 0.427166 0.829031 0.427166 0.829031 0.470019 0.800224 0.450228 0.884083 0.443592 0.752975 0.470019 0.800224 0.415799 0.813487 0.470019 0.800224 0.495874 0.874877 0.450228 0.884083 0.450228 0.884083 0.495874 0.874877 0.481278 0.908912 0.481278 0.908912 0.466682 0.942946 0.450228 0.884083 0.406939 0.745586 0.401642 0.736394 0.461975 0.729143 0.443592 0.752975 0.406939 0.745586 0.461975 0.729143 0.05312699 0.487828 0.06619995 0.518363 0.06946396 0.498793 0.10409 0.522032 0.06946396 0.498793 0.06619995 0.518363 0.06619995 0.518363 0.09261995 0.551324 0.10409 0.522032 0.06619995 0.518363 0.08913797 0.560215 0.09261995 0.551324 0.03641998 0.51548 0.08913797 0.560215 0.06619995 0.518363 0.03641998 0.51548 0.06619995 0.518363 0.05312699 0.487828 0.03641998 0.51548 0.103428 0.615668 0.08913797 0.560215 0.01095998 0.603344 0.103428 0.615668 0.03641998 0.51548 0.09213399 0.681814 0.103428 0.615668 0.01095998 0.603344 0.08681899 0.705509 0.09213399 0.681814 0.01095998 0.603344 0.09213399 0.681814 0.08681899 0.705509 0.01095998 0.603344 0.103428 0.615668 0.09213399 0.681814 0.01095998 0.603344 0.103428 0.615668 0.01095998 0.603344 0.03641998 0.51548 0.103428 0.615668 0.03641998 0.51548 0.08913797 0.560215 0.08913797 0.560215 0.03641998 0.51548 0.06619995 0.518363 0.08913797 0.560215 0.06619995 0.518363 0.09261995 0.551324 0.09261995 0.551324 0.06619995 0.518363 0.10409 0.522032 0.06946396 0.498793 0.10409 0.522032 0.06619995 0.518363 0.06619995 0.518363 0.05312699 0.487828 0.06946396 0.498793 0.06619995 0.518363 0.03641998 0.51548 0.05312699 0.487828 0.949416 0.916357 0.972004 0.921693 0.993466 0.980709 0.972004 0.921693 0.993466 0.927361 0.993466 0.980709 0.993466 0.927361 0.972004 0.921693 0.993466 0.892836 0.993466 0.892836 0.972004 0.921693 0.972004 0.891132 0.972004 0.921693 0.949416 0.916357 0.972004 0.891132 0.993466 0.892836 0.972004 0.891132 0.993466 0.858311 0.993466 0.858311 0.972004 0.891132 0.972004 0.860485 0.972004 0.841892 0.993466 0.858311 0.972004 0.860485 0.993466 0.841079 0.993466 0.858311 0.972004 0.841892 0.972004 0.841892 0.972004 0.795987 0.993466 0.841079 0.993466 0.841079 0.972004 0.795987 0.993463 0.792828 0.993463 0.792828 0.972004 0.795987 0.991746 0.770579 0.991746 0.770579 0.972004 0.795987 0.972004 0.77231 0.972004 0.891132 0.949416 0.916357 0.949416 0.889492 0.949416 0.862583 0.972004 0.891132 0.949416 0.889492 0.972004 0.860485 0.972004 0.891132 0.949416 0.862583 0.972004 0.860485 0.949416 0.862583 0.972004 0.841892 0.949416 0.889492 0.927683 0.887852 0.949416 0.862583 0.949416 0.862583 0.927683 0.887852 0.926287 0.864682 0.933613 0.84331 0.949416 0.862583 0.926287 0.864682 0.949416 0.842601 0.949416 0.862583 0.933613 0.84331 0.949416 0.842601 0.972004 0.795987 0.972004 0.841892 0.972004 0.841892 0.949416 0.862583 0.949416 0.842601 0.933613 0.84331 0.930937 0.802033 0.949416 0.842601 0.949416 0.842601 0.930937 0.802033 0.949416 0.79901 0.949416 0.79901 0.972004 0.795987 0.949416 0.842601 0.972004 0.795987 0.949416 0.79901 0.972004 0.77231 0.930937 0.802033 0.924496 0.775719 0.949416 0.79901 0.972004 0.77231 0.949416 0.79901 0.949416 0.774015 0.949416 0.79901 0.924496 0.775719 0.949416 0.774015 0.924496 0.775719 0.930937 0.802033 0.897624 0.812513 0.926287 0.864682 0.897624 0.812513 0.933613 0.84331 0.933613 0.84331 0.897624 0.812513 0.930937 0.802033 0.926287 0.864682 0.901826 0.856938 0.897624 0.812513 0.927683 0.887852 0.901826 0.856938 0.926287 0.864682 0.927683 0.887852 0.906027 0.901364 0.901826 0.856938 0.929079 0.911022 0.906027 0.901364 0.927683 0.887852 0.949416 0.889492 0.929079 0.911022 0.927683 0.887852 0.949416 0.916357 0.929079 0.911022 0.949416 0.889492 0.906027 0.901364 0.929079 0.911022 0.887311 0.993313 0.922017 0.991377 0.929079 0.911022 0.949416 0.916357 0.949416 0.916357 0.993466 0.980709 0.922017 0.991377 0.887311 0.993313 0.929079 0.911022 0.922017 0.991377 0.972004 0.921693 0.993466 0.927361 0.993466 0.892836 0.993466 0.927361 0.972004 0.921693 0.993466 0.980709 0.972004 0.921693 0.949416 0.916357 0.993466 0.980709 0.972004 0.921693 0.993466 0.892836 0.972004 0.891132 0.949416 0.916357 0.972004 0.921693 0.972004 0.891132 0.972004 0.891132 0.993466 0.892836 0.993466 0.858311 0.972004 0.891132 0.993466 0.858311 0.972004 0.860485 0.993466 0.858311 0.972004 0.841892 0.972004 0.860485 0.993466 0.858311 0.993466 0.841079 0.972004 0.841892 0.972004 0.795987 0.993463 0.792828 0.991746 0.770579 0.972004 0.795987 0.972004 0.841892 0.993466 0.841079 0.972004 0.795987 0.993466 0.841079 0.993463 0.792828 0.972004 0.795987 0.991746 0.770579 0.972004 0.77231 0.949416 0.916357 0.972004 0.891132 0.949416 0.889492 0.972004 0.891132 0.972004 0.860485 0.949416 0.862583 0.949416 0.862583 0.972004 0.860485 0.972004 0.841892 0.972004 0.891132 0.949416 0.862583 0.949416 0.889492 0.927683 0.887852 0.949416 0.889492 0.949416 0.862583 0.927683 0.887852 0.949416 0.862583 0.926287 0.864682 0.949416 0.862583 0.933613 0.84331 0.926287 0.864682 0.949416 0.862583 0.949416 0.842601 0.933613 0.84331 0.949416 0.862583 0.972004 0.841892 0.949416 0.842601 0.972004 0.795987 0.949416 0.842601 0.972004 0.841892 0.930937 0.802033 0.933613 0.84331 0.949416 0.842601 0.972004 0.795987 0.949416 0.79901 0.949416 0.842601 0.949416 0.79901 0.972004 0.795987 0.972004 0.77231 0.930937 0.802033 0.949416 0.842601 0.949416 0.79901 0.924496 0.775719 0.930937 0.802033 0.949416 0.79901 0.924496 0.775719 0.949416 0.79901 0.949416 0.774015 0.949416 0.79901 0.972004 0.77231 0.949416 0.774015 0.897624 0.812513 0.933613 0.84331 0.930937 0.802033 0.930937 0.802033 0.924496 0.775719 0.897624 0.812513 0.897624 0.812513 0.926287 0.864682 0.933613 0.84331 0.901826 0.856938 0.926287 0.864682 0.897624 0.812513 0.901826 0.856938 0.927683 0.887852 0.926287 0.864682 0.906027 0.901364 0.927683 0.887852 0.901826 0.856938 0.929079 0.911022 0.949416 0.889492 0.927683 0.887852 0.929079 0.911022 0.949416 0.916357 0.949416 0.889492 0.906027 0.901364 0.929079 0.911022 0.927683 0.887852 0.929079 0.911022 0.906027 0.901364 0.887311 0.993313 0.993466 0.980709 0.949416 0.916357 0.922017 0.991377 0.929079 0.911022 0.922017 0.991377 0.949416 0.916357 0.929079 0.911022 0.887311 0.993313 0.922017 0.991377 0.949416 0.908883 0.927196 0.905017 0.925805 0.905628 0.949416 0.905049 0.927196 0.905017 0.949416 0.908883 0.925805 0.905628 0.949416 0.907989 0.949416 0.908883 0.925793 0.904848 0.949416 0.907989 0.925805 0.905628 0.925793 0.904848 0.949416 0.907238 0.949416 0.907989 0.925781 0.904069 0.949416 0.907238 0.925793 0.904848 0.949416 0.905049 0.949416 0.908883 0.972004 0.90508 0.949416 0.907989 0.972004 0.912139 0.949416 0.908883 0.972004 0.90508 0.949416 0.908883 0.972004 0.912139 0.991746 0.915367 0.972004 0.90508 0.972004 0.912139 0.991746 0.905113 0.972004 0.90508 0.991746 0.915367 0.991746 0.915367 0.972004 0.912139 0.991746 0.914601 0.972004 0.911129 0.972004 0.912139 0.949416 0.907989 0.949416 0.907238 0.972004 0.911129 0.949416 0.907989 0.991746 0.914601 0.972004 0.912139 0.972004 0.911129 0.991746 0.914601 0.972004 0.911129 0.991746 0.913834 0.972004 0.910407 0.972004 0.911129 0.949416 0.907238 0.991746 0.913834 0.972004 0.911129 0.972004 0.910407 0.972004 0.910407 0.991746 0.9926 0.991746 0.913834 0.949416 0.907238 0.925781 0.904069 0.91916 0.988533 0.91916 0.988533 0.991746 0.9926 0.949416 0.907238 0.972004 0.90508 0.991746 0.905113 0.991746 0.915367 0.972004 0.912139 0.991746 0.915367 0.991746 0.914601 0.972004 0.90508 0.991746 0.915367 0.972004 0.912139 0.972004 0.912139 0.991746 0.914601 0.972004 0.911129 0.972004 0.911129 0.991746 0.914601 0.991746 0.913834 0.972004 0.911129 0.991746 0.913834 0.972004 0.910407 0.949416 0.908883 0.972004 0.90508 0.972004 0.912139 0.949416 0.908883 0.949416 0.905049 0.972004 0.90508 0.927196 0.905017 0.949416 0.905049 0.949416 0.908883 0.927196 0.905017 0.949416 0.908883 0.925805 0.905628 0.972004 0.912139 0.949416 0.907989 0.949416 0.908883 0.972004 0.912139 0.972004 0.911129 0.949416 0.907989 0.949416 0.907989 0.925805 0.905628 0.949416 0.908883 0.949416 0.907989 0.925793 0.904848 0.925805 0.905628 0.949416 0.907238 0.925793 0.904848 0.949416 0.907989 0.972004 0.911129 0.949416 0.907238 0.949416 0.907989 0.972004 0.911129 0.972004 0.910407 0.949416 0.907238 0.972004 0.910407 0.991746 0.9926 0.949416 0.907238 0.949416 0.907238 0.925781 0.904069 0.925793 0.904848 0.925781 0.904069 0.949416 0.907238 0.91916 0.988533 0.91916 0.988533 0.991746 0.9926 0.922279 0.989329 0.86723 0.634748 0.873478 0.655736 0.911152 0.67301 0.911152 0.67301 0.92956 0.679292 0.86723 0.634748 0.86723 0.634748 0.92956 0.679292 0.869492 0.602275 0.848187 0.595337 0.86723 0.634748 0.869492 0.602275 0.83258 0.619684 0.86723 0.634748 0.848187 0.595337 0.857904 0.644181 0.873478 0.655736 0.86723 0.634748 0.83258 0.619684 0.857904 0.644181 0.86723 0.634748 0.840673 0.631893 0.857904 0.644181 0.83258 0.619684 0.83258 0.619684 0.799577 0.651902 0.840673 0.631893 0.819683 0.606653 0.83258 0.619684 0.848187 0.595337 0.819683 0.606653 0.806807 0.631745 0.83258 0.619684 0.83258 0.619684 0.806807 0.631745 0.799577 0.651902 0.869492 0.602275 0.92956 0.679292 0.930184 0.626789 0.913535 0.709421 0.92956 0.679292 0.911152 0.67301 0.913535 0.709421 0.932795 0.749344 0.92956 0.679292 0.962261 0.644589 0.930184 0.626789 0.92956 0.679292 0.857904 0.644181 0.840673 0.631893 0.83258 0.619684 0.799577 0.651902 0.83258 0.619684 0.840673 0.631893 0.83258 0.619684 0.819683 0.606653 0.848187 0.595337 0.806807 0.631745 0.819683 0.606653 0.83258 0.619684 0.806807 0.631745 0.83258 0.619684 0.799577 0.651902 0.857904 0.644181 0.83258 0.619684 0.86723 0.634748 0.873478 0.655736 0.857904 0.644181 0.86723 0.634748 0.86723 0.634748 0.83258 0.619684 0.848187 0.595337 0.86723 0.634748 0.848187 0.595337 0.869492 0.602275 0.962261 0.644589 0.95099 0.694116 0.92956 0.679292 0.92956 0.679292 0.86723 0.634748 0.869492 0.602275 0.930184 0.626789 0.962261 0.644589 0.92956 0.679292 0.92956 0.679292 0.869492 0.602275 0.930184 0.626789 0.92956 0.679292 0.911152 0.67301 0.86723 0.634748 0.873478 0.655736 0.86723 0.634748 0.911152 0.67301 0.92956 0.679292 0.913535 0.709421 0.911152 0.67301 0.92956 0.679292 0.95099 0.694116 0.932795 0.749344 0.911152 0.67301 0.901355 0.669283 0.873478 0.655736 0.901355 0.669283 0.892501 0.67544 0.873478 0.655736 0.901355 0.669283 0.911152 0.67301 0.873478 0.655736 0.892501 0.67544 0.901355 0.669283 0.873478 0.655736 0.726191 0.991758 0.787073 0.92781 0.680291 0.946973 0.787073 0.92781 0.735518 0.895741 0.680291 0.946973 0.772327 0.883172 0.735518 0.895741 0.787073 0.92781 0.772327 0.883172 0.787073 0.92781 0.796526 0.904524 0.742226 0.880008 0.735518 0.895741 0.772327 0.883172 0.742226 0.880008 0.730731 0.876443 0.735518 0.895741 0.678204 0.991744 0.726191 0.991758 0.680291 0.946973 0.57569 0.940708 0.601884 0.992867 0.680291 0.946973 0.57569 0.940708 0.680291 0.946973 0.631129 0.886783 0.558097 0.908814 0.57569 0.940708 0.631129 0.886783 0.558097 0.908814 0.631129 0.886783 0.618848 0.865043 0.618848 0.865043 0.631129 0.886783 0.650379 0.852606 0.735518 0.895741 0.683323 0.891262 0.680291 0.946973 0.631129 0.886783 0.680291 0.946973 0.683323 0.891262 0.650379 0.852606 0.631129 0.886783 0.683323 0.891262 0.735518 0.895741 0.730731 0.876443 0.683323 0.891262 0.683323 0.891262 0.682069 0.851099 0.650379 0.852606 0.683323 0.891262 0.730731 0.876443 0.682069 0.851099 0.678204 0.991744 0.601884 0.992867 0.680291 0.946973 0.726191 0.991758 0.678204 0.991744 0.680291 0.946973 0.787073 0.92781 0.726191 0.991758 0.680291 0.946973 0.787073 0.92781 0.769891 0.989612 0.726191 0.991758 0.735518 0.895741 0.787073 0.92781 0.680291 0.946973 0.735518 0.895741 0.772327 0.883172 0.787073 0.92781 0.787073 0.92781 0.772327 0.883172 0.796526 0.904524 0.735518 0.895741 0.742226 0.880008 0.772327 0.883172 0.730731 0.876443 0.742226 0.880008 0.735518 0.895741 0.683323 0.891262 0.735518 0.895741 0.680291 0.946973 0.730731 0.876443 0.735518 0.895741 0.683323 0.891262 0.57569 0.940708 0.558097 0.908814 0.631129 0.886783 0.680291 0.946973 0.57569 0.940708 0.631129 0.886783 0.680291 0.946973 0.631129 0.886783 0.683323 0.891262 0.631129 0.886783 0.558097 0.908814 0.618848 0.865043 0.631129 0.886783 0.618848 0.865043 0.650379 0.852606 0.631129 0.886783 0.650379 0.852606 0.683323 0.891262 0.682069 0.851099 0.683323 0.891262 0.650379 0.852606 0.730731 0.876443 0.683323 0.891262 0.682069 0.851099 0.264249 0.79396 0.275328 0.779365 0.310479 0.806535 0.310479 0.806535 0.261153 0.877029 0.264249 0.79396 0.264249 0.79396 0.261153 0.877029 0.2227399 0.851193 0.370061 0.616701 0.375539 0.620226 0.364282 0.629801 0.370061 0.616701 0.383864 0.602265 0.375539 0.620226 0.369763 0.617449 0.364282 0.629801 0.375539 0.620226 0.383864 0.602265 0.369763 0.617449 0.375539 0.620226 0.381096 0.592941 0.369763 0.617449 0.383864 0.602265 0.381096 0.592941 0.383864 0.602265 0.393725 0.611749 0.412976 0.60675 0.381096 0.592941 0.393725 0.611749 0.39945 0.5778 0.381096 0.592941 0.412976 0.60675 0.39945 0.5778 0.412976 0.60675 0.414917 0.579788 0.412976 0.60675 0.393725 0.611749 0.410465 0.639543 0.410465 0.639543 0.393725 0.611749 0.390613 0.639543 0.393725 0.611749 0.410465 0.639543 0.390613 0.639543 0.412976 0.60675 0.410465 0.639543 0.425442 0.639543 0.425442 0.639543 0.410465 0.639543 0.398297 0.678712 0.410465 0.639543 0.390613 0.639543 0.398297 0.678712 0.398297 0.678712 0.390613 0.639543 0.376403 0.678711 0.362193 0.713311 0.398297 0.678712 0.376403 0.678711 0.362193 0.713311 0.376403 0.678711 0.378387 0.713311 0.362193 0.713311 0.378387 0.713311 0.398297 0.678712 0.378387 0.713311 0.392457 0.713311 0.398297 0.678712 0.362193 0.713311 0.357529 0.744567 0.378387 0.713311 0.362193 0.713311 0.378387 0.713311 0.357529 0.744567 0.357529 0.744567 0.378387 0.713311 0.37037 0.744567 0.359894 0.785973 0.357529 0.744567 0.37037 0.744567 0.359894 0.785973 0.37037 0.744567 0.357529 0.744567 0.378387 0.713311 0.357529 0.744567 0.37037 0.744567 0.359894 0.785973 0.37037 0.744567 0.378108 0.744567 0.378108 0.744567 0.378387 0.713311 0.37037 0.744567 0.392457 0.713311 0.378387 0.713311 0.378108 0.744567 0.378387 0.713311 0.378108 0.744567 0.37037 0.744567 0.392457 0.713311 0.378108 0.744567 0.378387 0.713311 0.359894 0.785973 0.378108 0.744567 0.37037 0.744567 0.390613 0.639543 0.398297 0.678712 0.376403 0.678711 0.410465 0.639543 0.398297 0.678712 0.390613 0.639543 0.378387 0.713311 0.376403 0.678711 0.398297 0.678712 0.378387 0.713311 0.398297 0.678712 0.392457 0.713311 0.425442 0.639543 0.398297 0.678712 0.410465 0.639543 0.425442 0.639543 0.398297 0.678712 0.427876 0.678711 0.392457 0.713311 0.398297 0.678712 0.427876 0.678711 0.398297 0.678712 0.392457 0.713311 0.427876 0.678711 0.427876 0.678711 0.398297 0.678712 0.425442 0.639543 0.427876 0.678711 0.44655 0.639543 0.425442 0.639543 0.427876 0.678711 0.425442 0.639543 0.44655 0.639543 0.432516 0.603035 0.412976 0.60675 0.425442 0.639543 0.432516 0.603035 0.425442 0.639543 0.44655 0.639543 0.432516 0.603035 0.44655 0.639543 0.425442 0.639543 0.452496 0.603406 0.44655 0.639543 0.432516 0.603035 0.452496 0.603406 0.432516 0.603035 0.44655 0.639543 0.43363 0.586089 0.414917 0.579788 0.412976 0.60675 0.43363 0.586089 0.412976 0.60675 0.432516 0.603035 0.43363 0.586089 0.432516 0.603035 0.452496 0.603406 0.43363 0.586089 0.431455 0.570859 0.414917 0.579788 0.43363 0.586089 0.44893 0.57628 0.431455 0.570859 0.44893 0.57628 0.43363 0.586089 0.452496 0.603406 0.412976 0.60675 0.425442 0.639543 0.410465 0.639543 0.412976 0.60675 0.410465 0.639543 0.393725 0.611749 0.412976 0.60675 0.432516 0.603035 0.425442 0.639543 0.431455 0.570859 0.44893 0.57628 0.431378 0.557198 0.431378 0.557198 0.422155 0.555579 0.431455 0.570859 0.422155 0.555579 0.431378 0.557198 0.430815 0.540285 0.430815 0.540285 0.420529 0.550765 0.422155 0.555579 0.430815 0.540285 0.422155 0.555579 0.420529 0.550765 0.43948 0.55625 0.431378 0.557198 0.44893 0.57628 0.430815 0.540285 0.431378 0.557198 0.43948 0.55625 0.422155 0.555579 0.430815 0.540285 0.431378 0.557198 0.43948 0.55625 0.431378 0.557198 0.430815 0.540285 0.44893 0.57628 0.431378 0.557198 0.43948 0.55625 0.431455 0.570859 0.431378 0.557198 0.44893 0.57628 0.422155 0.555579 0.431378 0.557198 0.431455 0.570859 0.410837 0.555268 0.422155 0.555579 0.431455 0.570859 0.431455 0.570859 0.44893 0.57628 0.43363 0.586089 0.432516 0.603035 0.412976 0.60675 0.43363 0.586089 0.432516 0.603035 0.43363 0.586089 0.452496 0.603406 0.43363 0.586089 0.44893 0.57628 0.452496 0.603406 0.410837 0.555268 0.431455 0.570859 0.414917 0.579788 0.414917 0.579788 0.431455 0.570859 0.43363 0.586089 0.43363 0.586089 0.412976 0.60675 0.414917 0.579788 0.410837 0.555268 0.412572 0.54975 0.422155 0.555579 0.422155 0.555579 0.412572 0.54975 0.420529 0.550765 0.412572 0.54975 0.422155 0.555579 0.420529 0.550765 0.410837 0.555268 0.422155 0.555579 0.412572 0.54975 0.410837 0.555268 0.414917 0.579788 0.431455 0.570859 0.431455 0.570859 0.422155 0.555579 0.410837 0.555268 0.39945 0.5778 0.414917 0.579788 0.410837 0.555268 0.389096 0.555126 0.39945 0.5778 0.410837 0.555268 0.37862 0.565428 0.39945 0.5778 0.389096 0.555126 0.381096 0.592941 0.39945 0.5778 0.363837 0.570953 0.363837 0.570953 0.39945 0.5778 0.37862 0.565428 0.381096 0.592941 0.363837 0.570953 0.372264 0.600539 0.381096 0.592941 0.372264 0.600539 0.369763 0.617449 0.363206 0.59193 0.372264 0.600539 0.363837 0.570953 0.363837 0.570953 0.364212 0.574643 0.363206 0.59193 0.364282 0.629801 0.356878 0.610415 0.370061 0.616701 0.364282 0.629801 0.369763 0.617449 0.356878 0.610415 0.372264 0.600539 0.356878 0.610415 0.369763 0.617449 0.363206 0.59193 0.356878 0.610415 0.372264 0.600539 0.372562 0.599791 0.356878 0.610415 0.363206 0.59193 0.370061 0.616701 0.356878 0.610415 0.372562 0.599791 0.389096 0.555126 0.410837 0.555268 0.402498 0.55194 0.389096 0.555126 0.402498 0.55194 0.394731 0.542923 0.394731 0.542923 0.402498 0.55194 0.402577 0.54251 0.412976 0.60675 0.381096 0.592941 0.414917 0.579788 0.412976 0.60675 0.393725 0.611749 0.381096 0.592941 0.381096 0.592941 0.383864 0.602265 0.370061 0.616701 0.410837 0.555268 0.414917 0.579788 0.381096 0.592941 0.381096 0.592941 0.370061 0.616701 0.372562 0.599791 0.381096 0.592941 0.393725 0.611749 0.383864 0.602265 0.363206 0.59193 0.364588 0.578332 0.372562 0.599791 0.381096 0.592941 0.372562 0.599791 0.364588 0.578332 0.364588 0.578332 0.363206 0.59193 0.364212 0.574643 0.402577 0.54251 0.402498 0.55194 0.410837 0.555268 0.402577 0.54251 0.410837 0.555268 0.412572 0.54975 0.381096 0.592941 0.402577 0.54251 0.410837 0.555268 0.402577 0.54251 0.402577 0.54251 0.402498 0.55194 0.410837 0.555268 0.402577 0.54251 0.412572 0.54975 0.364588 0.578332 0.383582 0.560421 0.381096 0.592941 0.402577 0.54251 0.381096 0.592941 0.383582 0.560421 0.363206 0.59193 0.364588 0.578332 0.364212 0.574643 0.364212 0.574643 0.363837 0.570953 0.363206 0.59193 0.372264 0.600539 0.363206 0.59193 0.363837 0.570953 0.356878 0.610415 0.363206 0.59193 0.372264 0.600539 0.356878 0.610415 0.372562 0.599791 0.363206 0.59193 0.364588 0.578332 0.363206 0.59193 0.372562 0.599791 0.356878 0.610415 0.370061 0.616701 0.372562 0.599791 0.356878 0.610415 0.364282 0.629801 0.370061 0.616701 0.375539 0.620226 0.370061 0.616701 0.364282 0.629801 0.383864 0.602265 0.370061 0.616701 0.375539 0.620226 0.369763 0.617449 0.364282 0.629801 0.356878 0.610415 0.364282 0.629801 0.369763 0.617449 0.375539 0.620226 0.369763 0.617449 0.383864 0.602265 0.375539 0.620226 0.356878 0.610415 0.372264 0.600539 0.369763 0.617449 0.363837 0.570953 0.381096 0.592941 0.372264 0.600539 0.372264 0.600539 0.381096 0.592941 0.369763 0.617449 0.369763 0.617449 0.381096 0.592941 0.383864 0.602265 0.383864 0.602265 0.381096 0.592941 0.393725 0.611749 0.381096 0.592941 0.412976 0.60675 0.393725 0.611749 0.39945 0.5778 0.363837 0.570953 0.37862 0.565428 0.39945 0.5778 0.381096 0.592941 0.363837 0.570953 0.39945 0.5778 0.37862 0.565428 0.389096 0.555126 0.381096 0.592941 0.39945 0.5778 0.412976 0.60675 0.412976 0.60675 0.39945 0.5778 0.414917 0.579788 0.393725 0.611749 0.412976 0.60675 0.410465 0.639543 0.393725 0.611749 0.410465 0.639543 0.390613 0.639543 0.410465 0.639543 0.393725 0.611749 0.390613 0.639543 0.410465 0.639543 0.412976 0.60675 0.425442 0.639543 0.390613 0.639543 0.410465 0.639543 0.398297 0.678712 0.410465 0.639543 0.425442 0.639543 0.398297 0.678712 0.390613 0.639543 0.398297 0.678712 0.376403 0.678711 0.398297 0.678712 0.362193 0.713311 0.376403 0.678711 0.376403 0.678711 0.362193 0.713311 0.378387 0.713311 0.378387 0.713311 0.362193 0.713311 0.398297 0.678712 0.392457 0.713311 0.378387 0.713311 0.398297 0.678712 0.357529 0.744567 0.362193 0.713311 0.378387 0.713311 0.378387 0.713311 0.362193 0.713311 0.357529 0.744567 0.378387 0.713311 0.357529 0.744567 0.37037 0.744567 0.357529 0.744567 0.359894 0.785973 0.37037 0.744567 0.37037 0.744567 0.359894 0.785973 0.357529 0.744567 0.357529 0.744567 0.378387 0.713311 0.37037 0.744567 0.378108 0.744567 0.359894 0.785973 0.37037 0.744567 0.378108 0.744567 0.392457 0.713311 0.378387 0.713311 0.37037 0.744567 0.359894 0.785973 0.378108 0.744567 0.378387 0.713311 0.378108 0.744567 0.37037 0.744567 0.378387 0.713311 0.392457 0.713311 0.378108 0.744567 0.378108 0.744567 0.378387 0.713311 0.37037 0.744567 0.398297 0.678712 0.378387 0.713311 0.392457 0.713311 0.398297 0.678712 0.390613 0.639543 0.376403 0.678711 0.398297 0.678712 0.410465 0.639543 0.390613 0.639543 0.376403 0.678711 0.378387 0.713311 0.398297 0.678712 0.398297 0.678712 0.425442 0.639543 0.410465 0.639543 0.398297 0.678712 0.427876 0.678711 0.425442 0.639543 0.398297 0.678712 0.425442 0.639543 0.427876 0.678711 0.398297 0.678712 0.392457 0.713311 0.427876 0.678711 0.392457 0.713311 0.398297 0.678712 0.427876 0.678711 0.44655 0.639543 0.427876 0.678711 0.425442 0.639543 0.425442 0.639543 0.427876 0.678711 0.44655 0.639543 0.425442 0.639543 0.432516 0.603035 0.44655 0.639543 0.412976 0.60675 0.432516 0.603035 0.425442 0.639543 0.414917 0.579788 0.43363 0.586089 0.412976 0.60675 0.412976 0.60675 0.43363 0.586089 0.432516 0.603035 0.431455 0.570859 0.43363 0.586089 0.414917 0.579788 0.44893 0.57628 0.43363 0.586089 0.431455 0.570859 0.43363 0.586089 0.44893 0.57628 0.452496 0.603406 0.432516 0.603035 0.452496 0.603406 0.44655 0.639543 0.432516 0.603035 0.43363 0.586089 0.452496 0.603406 0.44655 0.639543 0.452496 0.603406 0.432516 0.603035 0.44655 0.639543 0.432516 0.603035 0.425442 0.639543 0.425442 0.639543 0.412976 0.60675 0.410465 0.639543 0.410465 0.639543 0.412976 0.60675 0.393725 0.611749 0.432516 0.603035 0.412976 0.60675 0.425442 0.639543 0.44893 0.57628 0.431455 0.570859 0.431378 0.557198 0.422155 0.555579 0.431378 0.557198 0.431455 0.570859 0.431378 0.557198 0.422155 0.555579 0.430815 0.540285 0.420529 0.550765 0.430815 0.540285 0.422155 0.555579 0.422155 0.555579 0.430815 0.540285 0.420529 0.550765 0.431378 0.557198 0.430815 0.540285 0.43948 0.55625 0.431378 0.557198 0.43948 0.55625 0.44893 0.57628 0.431378 0.557198 0.44893 0.57628 0.43948 0.55625 0.431378 0.557198 0.43948 0.55625 0.430815 0.540285 0.430815 0.540285 0.422155 0.555579 0.431378 0.557198 0.431378 0.557198 0.422155 0.555579 0.431455 0.570859 0.431378 0.557198 0.431455 0.570859 0.44893 0.57628 0.44893 0.57628 0.431455 0.570859 0.43363 0.586089 0.44893 0.57628 0.43363 0.586089 0.452496 0.603406 0.412976 0.60675 0.432516 0.603035 0.43363 0.586089 0.43363 0.586089 0.432516 0.603035 0.452496 0.603406 0.412976 0.60675 0.43363 0.586089 0.414917 0.579788 0.431455 0.570859 0.414917 0.579788 0.43363 0.586089 0.422155 0.555579 0.410837 0.555268 0.431455 0.570859 0.431455 0.570859 0.410837 0.555268 0.414917 0.579788 0.412572 0.54975 0.422155 0.555579 0.420529 0.550765 0.412572 0.54975 0.410837 0.555268 0.422155 0.555579 0.422155 0.555579 0.412572 0.54975 0.420529 0.550765 0.422155 0.555579 0.431455 0.570859 0.410837 0.555268 0.414917 0.579788 0.410837 0.555268 0.431455 0.570859 0.414917 0.579788 0.39945 0.5778 0.410837 0.555268 0.39945 0.5778 0.389096 0.555126 0.410837 0.555268 0.422155 0.555579 0.410837 0.555268 0.412572 0.54975 0.402498 0.55194 0.389096 0.555126 0.394731 0.542923 0.410837 0.555268 0.389096 0.555126 0.402498 0.55194 0.402498 0.55194 0.394731 0.542923 0.402577 0.54251 0.393725 0.611749 0.381096 0.592941 0.383864 0.602265 0.383864 0.602265 0.381096 0.592941 0.370061 0.616701 0.414917 0.579788 0.410837 0.555268 0.381096 0.592941 0.381096 0.592941 0.412976 0.60675 0.414917 0.579788 0.370061 0.616701 0.381096 0.592941 0.372562 0.599791 0.372562 0.599791 0.381096 0.592941 0.364588 0.578332 0.393725 0.611749 0.412976 0.60675 0.381096 0.592941 0.402498 0.55194 0.402577 0.54251 0.410837 0.555268 0.410837 0.555268 0.402577 0.54251 0.412572 0.54975 0.402577 0.54251 0.410837 0.555268 0.412572 0.54975 0.402577 0.54251 0.381096 0.592941 0.410837 0.555268 0.402577 0.54251 0.402577 0.54251 0.402498 0.55194 0.383582 0.560421 0.364588 0.578332 0.381096 0.592941 0.381096 0.592941 0.402577 0.54251 0.383582 0.560421 0.771022 0.802132 0.736736 0.73331 0.724075 0.788772 0.771022 0.802132 0.724075 0.788772 0.763808 0.853055 0.763808 0.853055 0.724075 0.788772 0.71757 0.841798 0.817871 0.804603 0.771022 0.802132 0.8146 0.855672 0.8146 0.855672 0.771022 0.802132 0.763808 0.853055 0.763808 0.853055 0.71757 0.841798 0.760542 0.865158 0.760542 0.865158 0.71757 0.841798 0.714575 0.85236 0.723772 0.863842 0.760542 0.865158 0.714575 0.85236 0.74322 0.874355 0.760542 0.865158 0.723772 0.863842 0.74322 0.874355 0.779617 0.878844 0.760542 0.865158 0.8146 0.855672 0.763808 0.853055 0.805563 0.877934 0.779617 0.878844 0.805563 0.877934 0.760542 0.865158 0.805563 0.877934 0.763808 0.853055 0.760542 0.865158 0.796526 0.900195 0.805563 0.877934 0.779617 0.878844 0.724075 0.788772 0.670299 0.743306 0.674988 0.782971 0.724075 0.788772 0.677783 0.822636 0.71757 0.841798 0.674988 0.782971 0.677783 0.822636 0.724075 0.788772 0.596915 0.794646 0.61529 0.835414 0.635952 0.788808 0.528413 0.86131 0.61529 0.835414 0.596915 0.794646 0.635952 0.788808 0.61529 0.835414 0.647484 0.829025 0.647484 0.829025 0.674988 0.782971 0.635952 0.788808 0.677783 0.822636 0.674988 0.782971 0.647484 0.829025 0.647484 0.829025 0.643277 0.839895 0.677783 0.822636 0.61529 0.835414 0.643277 0.839895 0.647484 0.829025 0.616196 0.845735 0.643277 0.839895 0.61529 0.835414 0.616196 0.845735 0.640396 0.848568 0.643277 0.839895 0.618395 0.855283 0.640396 0.848568 0.616196 0.845735 0.550003 0.897753 0.618395 0.855283 0.616196 0.845735 0.550003 0.897753 0.557191 0.902676 0.618395 0.855283 0.54372 0.887852 0.550003 0.897753 0.616196 0.845735 0.528413 0.86131 0.54372 0.887852 0.61529 0.835414 0.61529 0.835414 0.54372 0.887852 0.616196 0.845735 0.677783 0.822636 0.677602 0.831823 0.71757 0.841798 0.677783 0.822636 0.643277 0.839895 0.677602 0.831823 0.71757 0.841798 0.677602 0.831823 0.714575 0.85236 0.714575 0.85236 0.677657 0.840568 0.723772 0.863842 0.677602 0.831823 0.643277 0.839895 0.677657 0.840568 0.677657 0.840568 0.643277 0.839895 0.640396 0.848568 0.677602 0.831823 0.677657 0.840568 0.714575 0.85236 0.557191 0.902676 0.550003 0.897753 0.618395 0.855283 0.618395 0.855283 0.550003 0.897753 0.616196 0.845735 0.550003 0.897753 0.54372 0.887852 0.616196 0.845735 0.640396 0.848568 0.618395 0.855283 0.616196 0.845735 0.640396 0.848568 0.616196 0.845735 0.643277 0.839895 0.54372 0.887852 0.61529 0.835414 0.616196 0.845735 0.54372 0.887852 0.528413 0.86131 0.61529 0.835414 0.643277 0.839895 0.616196 0.845735 0.61529 0.835414 0.643277 0.839895 0.61529 0.835414 0.647484 0.829025 0.61529 0.835414 0.635952 0.788808 0.647484 0.829025 0.61529 0.835414 0.596915 0.794646 0.635952 0.788808 0.61529 0.835414 0.528413 0.86131 0.596915 0.794646 0.596915 0.794646 0.625293 0.750921 0.635952 0.788808 0.596915 0.794646 0.580286 0.758536 0.625293 0.750921 0.635952 0.788808 0.625293 0.750921 0.670299 0.743306 0.771022 0.802132 0.8118 0.761048 0.817871 0.804603 0.771022 0.802132 0.817871 0.804603 0.8146 0.855672 0.771022 0.802132 0.8146 0.855672 0.763808 0.853055 0.763808 0.853055 0.8146 0.855672 0.805563 0.877934 0.724075 0.788772 0.771022 0.802132 0.763808 0.853055 0.724075 0.788772 0.763808 0.853055 0.71757 0.841798 0.71757 0.841798 0.763808 0.853055 0.760542 0.865158 0.763808 0.853055 0.805563 0.877934 0.760542 0.865158 0.71757 0.841798 0.760542 0.865158 0.714575 0.85236 0.760542 0.865158 0.723772 0.863842 0.714575 0.85236 0.760542 0.865158 0.74322 0.874355 0.723772 0.863842 0.805563 0.877934 0.779617 0.878844 0.760542 0.865158 0.779617 0.878844 0.74322 0.874355 0.760542 0.865158 0.805563 0.877934 0.796526 0.900195 0.779617 0.878844 0.643277 0.839895 0.647484 0.829025 0.677783 0.822636 0.677783 0.822636 0.724075 0.788772 0.71757 0.841798 0.677657 0.840568 0.714575 0.85236 0.723772 0.863842 0.643277 0.839895 0.677657 0.840568 0.640396 0.848568 0.643277 0.839895 0.677783 0.822636 0.677602 0.831823 0.643277 0.839895 0.677602 0.831823 0.677657 0.840568 0.677657 0.840568 0.677602 0.831823 0.714575 0.85236 0.677602 0.831823 0.677783 0.822636 0.71757 0.841798 0.677602 0.831823 0.71757 0.841798 0.714575 0.85236 0.635952 0.788808 0.670299 0.743306 0.674988 0.782971 0.674988 0.782971 0.647484 0.829025 0.635952 0.788808 0.674988 0.782971 0.677783 0.822636 0.647484 0.829025 0.677783 0.822636 0.674988 0.782971 0.724075 0.788772 0.470376 0.107121 0.460825 0.14081 0.460503 0.09913098 0.469597 0.146781 0.460825 0.14081 0.470376 0.107121 0.470376 0.107121 0.460503 0.09913098 0.465886 0.07393795 0.465886 0.07393795 0.460503 0.09913098 0.457677 0.08206999 0.441198 0.01698398 0.465886 0.07393795 0.457677 0.08206999 0.45266 0.02164 0.465886 0.07393795 0.441198 0.01698398 0.469597 0.146781 0.461729 0.182959 0.460825 0.14081 0.468818 0.1864399 0.461729 0.182959 0.469597 0.146781 0.468818 0.1864399 0.416048 0.265851 0.461729 0.182959 0.42446 0.264793 0.416048 0.265851 0.468818 0.1864399 0.457677 0.08206999 0.449468 0.09020197 0.441198 0.01698398 0.449468 0.09020197 0.457677 0.08206999 0.460503 0.09913098 0.460825 0.14081 0.452054 0.13484 0.460503 0.09913098 0.460503 0.09913098 0.452054 0.13484 0.449468 0.09020197 0.452054 0.13484 0.440201 0.135411 0.449468 0.09020197 0.449468 0.09020197 0.440201 0.135411 0.437052 0.09079295 0.460825 0.14081 0.454639 0.179478 0.452054 0.13484 0.461729 0.182959 0.454639 0.179478 0.460825 0.14081 0.452054 0.13484 0.454639 0.179478 0.440201 0.135411 0.440201 0.135411 0.454639 0.179478 0.443351 0.180028 0.454639 0.179478 0.407637 0.266909 0.443351 0.180028 0.416048 0.265851 0.407637 0.266909 0.461729 0.182959 0.461729 0.182959 0.407637 0.266909 0.454639 0.179478 0.443351 0.180028 0.407637 0.266909 0.410689 0.246388 0.443351 0.180028 0.428349 0.135981 0.440201 0.135411 0.440201 0.135411 0.428349 0.135981 0.437052 0.09079295 0.437052 0.09079295 0.428349 0.135981 0.424636 0.09138399 0.410689 0.246388 0.432062 0.1805779 0.443351 0.180028 0.432062 0.1805779 0.428349 0.135981 0.443351 0.180028 0.41374 0.225867 0.432062 0.1805779 0.410689 0.246388 0.449468 0.09020197 0.437052 0.09079295 0.422081 0.01968097 0.424636 0.09138399 0.422081 0.01968097 0.437052 0.09079295 0.407677 0.02709197 0.422081 0.01968097 0.424636 0.09138399 0.428349 0.135981 0.437052 0.09079295 0.424636 0.09138399 0.428349 0.135981 0.440201 0.135411 0.437052 0.09079295 0.440201 0.135411 0.449468 0.09020197 0.437052 0.09079295 0.440201 0.135411 0.452054 0.13484 0.449468 0.09020197 0.454639 0.179478 0.452054 0.13484 0.440201 0.135411 0.454639 0.179478 0.440201 0.135411 0.443351 0.180028 0.428349 0.135981 0.443351 0.180028 0.440201 0.135411 0.428349 0.135981 0.432062 0.1805779 0.443351 0.180028 0.407637 0.266909 0.454639 0.179478 0.443351 0.180028 0.407637 0.266909 0.443351 0.180028 0.410689 0.246388 0.432062 0.1805779 0.41374 0.225867 0.410689 0.246388 0.432062 0.1805779 0.410689 0.246388 0.443351 0.180028 0.460503 0.09913098 0.470376 0.107121 0.465886 0.07393795 0.452054 0.13484 0.460503 0.09913098 0.449468 0.09020197 0.460503 0.09913098 0.465886 0.07393795 0.457677 0.08206999 0.457677 0.08206999 0.449468 0.09020197 0.460503 0.09913098 0.460825 0.14081 0.470376 0.107121 0.460503 0.09913098 0.452054 0.13484 0.460825 0.14081 0.460503 0.09913098 0.460825 0.14081 0.469597 0.146781 0.470376 0.107121 0.454639 0.179478 0.460825 0.14081 0.452054 0.13484 0.449468 0.09020197 0.457677 0.08206999 0.441198 0.01698398 0.465886 0.07393795 0.441198 0.01698398 0.457677 0.08206999 0.465886 0.07393795 0.45266 0.02164 0.441198 0.01698398 0.407637 0.266909 0.461729 0.182959 0.454639 0.179478 0.461729 0.182959 0.468818 0.1864399 0.469597 0.146781 0.461729 0.182959 0.469597 0.146781 0.460825 0.14081 0.454639 0.179478 0.461729 0.182959 0.460825 0.14081 0.407637 0.266909 0.416048 0.265851 0.461729 0.182959 0.416048 0.265851 0.42446 0.264793 0.468818 0.1864399 0.416048 0.265851 0.468818 0.1864399 0.461729 0.182959 0.449468 0.09020197 0.441198 0.01698398 0.429735 0.01232695 0.422081 0.01968097 0.424636 0.09138399 0.437052 0.09079295 0.422081 0.01968097 0.407677 0.02709197 0.424636 0.09138399 0.437052 0.09079295 0.449468 0.09020197 0.422081 0.01968097 0.389002 0.976531 0.396483 0.996554 0.407719 0.978438 0.407719 0.978438 0.399558 0.970121 0.389002 0.976531 0.399558 0.970121 0.426344 0.891642 0.389002 0.976531 0.396483 0.996554 0.389002 0.976531 0.407719 0.978438 0.399558 0.970121 0.407719 0.978438 0.389002 0.976531 0.426344 0.891642 0.399558 0.970121 0.389002 0.976531 0.841211 0.698231 0.888393 0.746753 0.86938 0.694038 0.255724 0.2073 0.2499189 0.247235 0.292694 0.239425 0.316715 0.1850309 0.255724 0.2073 0.292694 0.239425 0.2499189 0.247235 0.255724 0.2073 0.203386 0.2401649 0.279481 0.181286 0.255724 0.2073 0.316715 0.1850309 0.242004 0.16513 0.255724 0.2073 0.279481 0.181286 0.203386 0.2401649 0.255724 0.2073 0.218976 0.187942 0.242004 0.16513 0.218976 0.187942 0.255724 0.2073 0.203386 0.2401649 0.218976 0.187942 0.195949 0.210754 0.255724 0.2073 0.2499189 0.247235 0.203386 0.2401649 0.2499189 0.247235 0.255724 0.2073 0.292694 0.239425 0.255724 0.2073 0.316715 0.1850309 0.292694 0.239425 0.255724 0.2073 0.279481 0.181286 0.316715 0.1850309 0.255724 0.2073 0.242004 0.16513 0.279481 0.181286 0.255724 0.2073 0.203386 0.2401649 0.218976 0.187942 0.218976 0.187942 0.242004 0.16513 0.255724 0.2073 0.218976 0.187942 0.203386 0.2401649 0.195949 0.210754 0.441198 0.01698398 0.449468 0.09020197 0.429735 0.01232695 0.449089 0.394497 0.476632 0.379319 0.429927 0.330703 0.449089 0.394497 0.476632 0.452944 0.476632 0.379319 0.429927 0.330703 0.476632 0.379319 0.476632 0.330224 0.528413 0.86131 0.511294 0.819831 0.596915 0.794646 0.275328 0.779365 0.264249 0.79396 0.310479 0.806535 0.35755 0.540079 0.358241 0.508145 0.41242 0.49544 0.358241 0.508145 0.35755 0.540079 0.304507 0.476974 0.799161 0.957409 0.837432 0.970312 0.799161 0.973171 0.82583 0.957409 0.837432 0.970312 0.799161 0.957409 0.82583 0.957409 0.872578 0.957409 0.837432 0.970312 0.82583 0.957409 0.82583 0.957409 0.872578 0.957409 0.82583 0.957409 0.799161 0.957409 0.82583 0.957409 0.799161 0.957409 0.799161 0.957409 0.82583 0.957409 0.837432 0.970312 0.799161 0.988932 0.799161 0.973171 0.849035 0.983216 0.799161 0.988932 0.837432 0.970312 0.849035 0.983216 0.837432 0.970312 0.872578 0.957409 0.849035 0.983216 0.837432 0.970312 0.799161 0.988932 0.849035 0.983216 0.872578 0.957409 0.837432 0.970312 0.82583 0.957409 0.837432 0.970312 0.872578 0.957409 0.82583 0.957409 0.872578 0.957409 0.82583 0.957409 0.799161 0.957409 0.82583 0.957409 0.82583 0.957409 0.799161 0.957409 0.82583 0.957409 0.799161 0.957409 0.799161 0.957409 0.837432 0.970312 0.82583 0.957409 0.799161 0.988932 0.837432 0.970312 0.799161 0.973171 0.799161 0.973171 0.837432 0.970312 0.799161 0.957409 0.840973 0.957409 0.798726 0.957409 0.840969 0.957409 0.798726 0.957409 0.798726 0.957409 0.840973 0.957409 0.840973 0.957409 0.840969 0.957409 0.872578 0.957409 0.840973 0.957409 0.872578 0.957409 0.845 0.970312 0.849035 0.983216 0.845 0.970312 0.872578 0.957409 0.798726 0.988932 0.845 0.970312 0.849035 0.983216 0.798726 0.957409 0.840973 0.957409 0.798726 0.973171 0.798726 0.973171 0.840973 0.957409 0.845 0.970312 0.798726 0.973171 0.845 0.970312 0.798726 0.988932 0.849035 0.983216 0.872578 0.957409 0.845 0.970312 0.849035 0.983216 0.845 0.970312 0.798726 0.988932 0.798726 0.957409 0.840966 0.957409 0.840969 0.957409 0.840966 0.957409 0.845 0.970312 0.872578 0.957409 0.840966 0.957409 0.872578 0.957409 0.840969 0.957409 0.798726 0.988932 0.845 0.970312 0.798726 0.973171 0.840966 0.957409 0.798726 0.973171 0.845 0.970312 0.798726 0.957409 0.840966 0.957409 0.798726 0.957409 0.798726 0.957409 0.798726 0.973171 0.840966 0.957409 0.980744 0.792739 0.970702 0.832609 0.980744 0.848538 0.970702 0.802335 0.970702 0.832609 0.980744 0.792739 0.980744 0.792739 0.970702 0.795677 0.970702 0.802335 0.980744 0.784698 0.970702 0.795677 0.980744 0.792739 0.970702 0.795677 0.980744 0.784698 0.970702 0.843987 0.970702 0.843987 0.980744 0.784698 0.980744 0.853581 0.970702 0.843987 0.959736 0.845159 0.970702 0.795677 0.970702 0.795677 0.959736 0.845159 0.959736 0.791851 0.959736 0.845159 0.947416 0.836647 0.959736 0.791851 0.959736 0.791851 0.947416 0.836647 0.947416 0.802347 0.947416 0.825034 0.947416 0.802347 0.947416 0.836647 0.947416 0.808878 0.947416 0.802347 0.947416 0.825034 0.959736 0.799909 0.970702 0.795677 0.959736 0.791851 0.970702 0.802335 0.970702 0.795677 0.959736 0.799909 0.959736 0.799909 0.947416 0.802347 0.947416 0.808878 0.959736 0.791851 0.947416 0.802347 0.959736 0.799909 0.947416 0.825034 0.959736 0.799909 0.947416 0.808878 0.959736 0.831112 0.970702 0.802335 0.959736 0.799909 0.970702 0.832609 0.970702 0.802335 0.959736 0.831112 0.959736 0.831112 0.959736 0.799909 0.947416 0.825034 0.980744 0.792739 0.993981 0.790204 0.980744 0.784698 0.980744 0.784698 0.993981 0.790204 0.980744 0.853581 0.980744 0.853581 0.993981 0.790204 0.993981 0.851328 0.980744 0.792739 0.980744 0.848538 0.993981 0.796862 0.993981 0.796862 0.993981 0.790204 0.980744 0.792739 0.993981 0.796862 0.993981 0.851328 0.993981 0.790204 0.993981 0.796862 0.980744 0.848538 0.993981 0.854356 0.993981 0.854356 0.993981 0.851328 0.993981 0.796862 0.840973 0.957409 0.798726 0.957409 0.840969 0.957409 0.798726 0.957409 0.798726 0.957409 0.840973 0.957409 0.840973 0.957409 0.840969 0.957409 0.872578 0.957409 0.840973 0.957409 0.872578 0.957409 0.845 0.970312 0.849035 0.983216 0.845 0.970312 0.872578 0.957409 0.798726 0.988932 0.845 0.970312 0.849035 0.983216 0.798726 0.957409 0.840973 0.957409 0.798726 0.973171 0.798726 0.973171 0.845 0.970312 0.798726 0.988932 0.798726 0.973171 0.840973 0.957409 0.845 0.970312 0.849035 0.983216 0.872578 0.957409 0.845 0.970312 0.849035 0.983216 0.845 0.970312 0.798726 0.988932 0.840966 0.957409 0.845 0.970312 0.872578 0.957409 0.840966 0.957409 0.872578 0.957409 0.840969 0.957409 0.798726 0.957409 0.840966 0.957409 0.840969 0.957409 0.840966 0.957409 0.798726 0.973171 0.845 0.970312 0.798726 0.988932 0.845 0.970312 0.798726 0.973171 0.798726 0.957409 0.798726 0.973171 0.840966 0.957409 0.798726 0.957409 0.840966 0.957409 0.798726 0.957409 0.957309 0.215749 0.916753 0.203908 0.918309 0.225231 0.957137 0.215905 0.916753 0.203908 0.937367 0.1755239 0.957137 0.215905 0.937367 0.1755239 0.949345 0.191056 0.967442 0.21746 0.978395 0.236651 0.965117 0.233593 0.967442 0.21746 0.977747 0.219015 0.978395 0.236651 0.156576 0.535175 0.160585 0.516075 0.178304 0.510689 0.156576 0.535175 0.142866 0.521461 0.160585 0.516075 0.156576 0.535175 0.178304 0.510689 0.173179 0.531422 0.192225 0.530336 0.173179 0.531422 0.178304 0.510689 0.156576 0.535175 0.141936 0.537357 0.142866 0.521461 0.192225 0.530336 0.190565 0.542604 0.173179 0.543866 0.156576 0.535175 0.173179 0.543866 0.157109 0.545609 0.192225 0.530336 0.173179 0.543866 0.173179 0.531422 0.156576 0.535175 0.173179 0.531422 0.173179 0.543866 0.804696 0.1500509 0.804695 0.1500509 0.855181 0.140833 0.804695 0.1500509 0.8045 0.165432 0.837944 0.1629199 0.804697 0.1500509 0.855181 0.140833 0.837947 0.162921 0.957309 0.215749 0.916753 0.203908 0.949345 0.191056 0.957309 0.215749 0.951838 0.230536 0.918309 0.225231 0.957137 0.215905 0.918309 0.225231 0.951838 0.230536 0.957137 0.215905 0.951838 0.230536 0.967442 0.21746 0.967442 0.21746 0.951838 0.230536 0.965117 0.233593 0.977747 0.219015 0.967442 0.21746 0.978395 0.236651 0.192225 0.530336 0.213647 0.521291 0.195976 0.51599 0.192225 0.530336 0.195976 0.51599 0.178304 0.510689 0.173179 0.531422 0.192225 0.530336 0.178304 0.510689 0.173179 0.531422 0.156576 0.535175 0.173179 0.543866 0.804695 0.1500509 0.855181 0.140833 0.837944 0.1629199 0.804695 0.1500509 0.804696 0.1500509 0.855181 0.140833 0.804697 0.1500509 0.855181 0.140833 0.804696 0.1500509 0.804697 0.1500509 0.804504 0.165432 0.837947 0.162921 0.476695 0.501579 0.455946 0.460687 0.417122 0.520829 0.476695 0.501579 0.455946 0.460687 0.476632 0.452944 0.916788 0.577215 0.916638 0.542148 0.881389 0.578103 0.916788 0.577215 0.959229 0.576753 0.916638 0.542148 0.916638 0.542148 0.878669 0.539081 0.881389 0.578103 0.844705 0.564807 0.881389 0.578103 0.878669 0.539081 0.843913 0.589151 0.881389 0.578103 0.844705 0.564807 0.812841 0.560716 0.843913 0.589151 0.844705 0.564807 0.800071 0.587745 0.843913 0.589151 0.812841 0.560716 0.785902 0.552872 0.800071 0.587745 0.812841 0.560716 0.774596 0.57862 0.800071 0.587745 0.785902 0.552872 0.774596 0.57862 0.785902 0.552872 0.734049 0.570283 0.734049 0.570283 0.785902 0.552872 0.712946 0.516203 0.734049 0.570283 0.712946 0.516203 0.712819 0.568079 0.959229 0.576753 0.959131 0.541214 0.916638 0.542148 0.712946 0.516203 0.734049 0.570283 0.712819 0.568079 0.785902 0.552872 0.734049 0.570283 0.712946 0.516203 0.785902 0.552872 0.774596 0.57862 0.734049 0.570283 0.800071 0.587745 0.774596 0.57862 0.785902 0.552872 0.800071 0.587745 0.785902 0.552872 0.812841 0.560716 0.843913 0.589151 0.800071 0.587745 0.812841 0.560716 0.843913 0.589151 0.812841 0.560716 0.844705 0.564807 0.881389 0.578103 0.843913 0.589151 0.844705 0.564807 0.881389 0.578103 0.844705 0.564807 0.878669 0.539081 0.878669 0.539081 0.916638 0.542148 0.881389 0.578103 0.959131 0.541214 0.959229 0.576753 0.916638 0.542148 0.959229 0.576753 0.916788 0.577215 0.916638 0.542148 0.916638 0.542148 0.916788 0.577215 0.881389 0.578103 0.975808 0.629904 0.976446 0.610347 0.975185 0.610347 0.976446 0.610347 0.976392 0.57168 0.975185 0.610347 0.975185 0.610347 0.976392 0.57168 0.975241 0.57168 0.976392 0.57168 0.975856 0.559451 0.975241 0.57168 0.976454 0.559451 0.975856 0.559451 0.976392 0.57168 0.977088 0.57168 0.976454 0.559451 0.976392 0.57168 0.977015 0.559451 0.976454 0.559451 0.977088 0.57168 0.977015 0.559451 0.977088 0.57168 0.977489 0.559451 0.977489 0.559451 0.977088 0.57168 0.977713 0.57168 0.977713 0.57168 0.978773 0.57168 0.977489 0.559451 0.977489 0.559451 0.978773 0.57168 0.978774 0.559451 0.977164 0.610347 0.976392 0.57168 0.976446 0.610347 0.977088 0.57168 0.976392 0.57168 0.977164 0.610347 0.978773 0.57168 0.977713 0.57168 0.978776 0.610347 0.977664 0.610347 0.977088 0.57168 0.977164 0.610347 0.977713 0.57168 0.977088 0.57168 0.977664 0.610347 0.978776 0.610347 0.977713 0.57168 0.977664 0.610347 0.978776 0.610347 0.977664 0.610347 0.978402 0.629904 0.978402 0.629904 0.978776 0.629904 0.978776 0.610347 0.975856 0.559451 0.975188 0.559451 0.975241 0.57168 0.975188 0.559451 0.974439 0.559451 0.975241 0.57168 0.97724 0.629904 0.977164 0.610347 0.976446 0.610347 0.97724 0.629904 0.977664 0.610347 0.977164 0.610347 0.977688 0.629904 0.977664 0.610347 0.97724 0.629904 0.978402 0.629904 0.977664 0.610347 0.977688 0.629904 0.976468 0.629904 0.976446 0.610347 0.975808 0.629904 0.976468 0.629904 0.97724 0.629904 0.976446 0.610347 0.978776 0.629904 0.978402 0.629904 0.978776 0.610347 0.978773 0.57168 0.977489 0.559451 0.978774 0.559451 0.977713 0.57168 0.978773 0.57168 0.978776 0.610347 0.978773 0.57168 0.977713 0.57168 0.977489 0.559451 0.977088 0.57168 0.977489 0.559451 0.977713 0.57168 0.977088 0.57168 0.977015 0.559451 0.977489 0.559451 0.976454 0.559451 0.977015 0.559451 0.977088 0.57168 0.976454 0.559451 0.977088 0.57168 0.976392 0.57168 0.975856 0.559451 0.976454 0.559451 0.976392 0.57168 0.975856 0.559451 0.976392 0.57168 0.975241 0.57168 0.975188 0.559451 0.975856 0.559451 0.975241 0.57168 0.974439 0.559451 0.975188 0.559451 0.975241 0.57168 0.976392 0.57168 0.975185 0.610347 0.975241 0.57168 0.976392 0.57168 0.977088 0.57168 0.977164 0.610347 0.976392 0.57168 0.976446 0.610347 0.975185 0.610347 0.976392 0.57168 0.977164 0.610347 0.976446 0.610347 0.976446 0.610347 0.975808 0.629904 0.975185 0.610347 0.977664 0.610347 0.978776 0.610347 0.978402 0.629904 0.977088 0.57168 0.977664 0.610347 0.977164 0.610347 0.977088 0.57168 0.977713 0.57168 0.977664 0.610347 0.977713 0.57168 0.978776 0.610347 0.977664 0.610347 0.977164 0.610347 0.97724 0.629904 0.976446 0.610347 0.977664 0.610347 0.97724 0.629904 0.977164 0.610347 0.976446 0.610347 0.976468 0.629904 0.975808 0.629904 0.97724 0.629904 0.976468 0.629904 0.976446 0.610347 0.977664 0.610347 0.978402 0.629904 0.977688 0.629904 0.977664 0.610347 0.977688 0.629904 0.97724 0.629904 0.991746 0.9926 0.972004 0.910407 0.949416 0.907238 0.991746 0.9926 0.91916 0.988533 0.922279 0.989329 0.991746 0.9926 0.972004 0.910407 0.991746 0.913834 0.991746 0.9926 0.91916 0.988533 0.949416 0.907238 0.95099 0.694116 0.92956 0.679292 0.932795 0.749344 0.95099 0.694116 0.962261 0.644589 0.92956 0.679292 0.932795 0.749344 0.913535 0.709421 0.92956 0.679292 0.769891 0.989612 0.787073 0.92781 0.726191 0.991758 0.601884 0.992867 0.678204 0.991744 0.680291 0.946973 0.601884 0.992867 0.57569 0.940708 0.680291 0.946973 0.261153 0.877029 0.190125 0.897461 0.2227399 0.851193 0.309329 0.860635 0.261153 0.877029 0.310479 0.806535 0.255849 0.908156 0.190125 0.897461 0.261153 0.877029 0.255849 0.908156 0.255659 0.947744 0.190125 0.897461 0.190125 0.897461 0.255659 0.947744 0.174421 0.993154 0.309329 0.860635 0.295738 0.914456 0.261153 0.877029 0.261153 0.877029 0.295738 0.914456 0.255849 0.908156 0.255659 0.947744 0.255849 0.908156 0.285066 0.948278 0.295738 0.914456 0.314472 0.948812 0.255849 0.908156 0.314472 0.948812 0.285066 0.948278 0.255849 0.908156 0.769103 0.67815 0.8118 0.761048 0.819855 0.683958 0.736736 0.73331 0.8118 0.761048 0.769103 0.67815 0.8118 0.761048 0.736736 0.73331 0.771022 0.802132 0.8118 0.761048 0.771022 0.802132 0.817871 0.804603 0.736736 0.73331 0.670299 0.743306 0.724075 0.788772 0.665722 0.722805 0.670299 0.743306 0.736736 0.73331 0.670299 0.743306 0.665722 0.722805 0.625293 0.750921 0.625293 0.750921 0.665722 0.722805 0.618554 0.727719 0.625293 0.750921 0.635952 0.788808 0.670299 0.743306 0.670299 0.743306 0.635952 0.788808 0.674988 0.782971 0.625293 0.750921 0.596915 0.794646 0.635952 0.788808 0.618554 0.727719 0.580286 0.758536 0.625293 0.750921 0.580286 0.758536 0.596915 0.794646 0.625293 0.750921 0.665722 0.722805 0.670299 0.743306 0.625293 0.750921 0.670299 0.743306 0.665722 0.722805 0.736736 0.73331 0.670299 0.743306 0.736736 0.73331 0.724075 0.788772 0.736736 0.73331 0.8118 0.761048 0.771022 0.802132 0.736736 0.73331 0.771022 0.802132 0.724075 0.788772 0.8118 0.761048 0.769103 0.67815 0.819855 0.683958 0.8118 0.761048 0.736736 0.73331 0.769103 0.67815 0.670299 0.743306 0.724075 0.788772 0.674988 0.782971 0.841141 0.759292 0.888393 0.746753 0.841211 0.698231 0.841141 0.759292 0.860212 0.77839 0.888393 0.746753 0.879282 0.797488 0.888393 0.746753 0.860212 0.77839 0.841141 0.759292 0.841076 0.80048 0.860212 0.77839 0.879282 0.797488 0.860212 0.77839 0.841076 0.80048 0.841076 0.80048 0.867157 0.819805 0.879282 0.797488 0.867157 0.819805 0.841076 0.80048 0.845268 0.841117 0.867157 0.819805 0.845268 0.841117 0.885747 0.83358 0.885747 0.83358 0.879282 0.797488 0.867157 0.819805 0.888393 0.746753 0.841141 0.759292 0.841211 0.698231 0.888393 0.746753 0.841211 0.698231 0.86938 0.694038 0.860212 0.77839 0.841141 0.759292 0.888393 0.746753 0.841076 0.80048 0.841141 0.759292 0.860212 0.77839 0.860212 0.77839 0.879282 0.797488 0.841076 0.80048 0.888393 0.746753 0.879282 0.797488 0.860212 0.77839 0.841076 0.80048 0.867157 0.819805 0.845268 0.841117 0.867157 0.819805 0.841076 0.80048 0.879282 0.797488 0.845268 0.841117 0.867157 0.819805 0.885747 0.83358 0.879282 0.797488 0.885747 0.83358 0.867157 0.819805 0.570912 0.739262 0.580286 0.758536 0.618554 0.727719 0.508536 0.792265 0.580286 0.758536 0.570912 0.739262 0.511294 0.819831 0.580286 0.758536 0.596915 0.794646 0.580286 0.758536 0.508536 0.792265 0.511294 0.819831 0.580286 0.758536 0.511294 0.819831 0.596915 0.794646 0.511294 0.819831 0.528413 0.86131 0.596915 0.794646 0.508536 0.792265 0.580286 0.758536 0.511294 0.819831 0.580286 0.758536 0.508536 0.792265 0.570912 0.739262 0.580286 0.758536 0.618554 0.727719 0.625293 0.750921 0.580286 0.758536 0.570912 0.739262 0.618554 0.727719 0.665722 0.722805 0.625293 0.750921 0.618554 0.727719 0.261153 0.877029 0.310479 0.806535 0.264249 0.79396 0.261153 0.877029 0.264249 0.79396 0.2227399 0.851193 0.190125 0.897461 0.261153 0.877029 0.2227399 0.851193 0.261153 0.877029 0.309329 0.860635 0.310479 0.806535 0.190125 0.897461 0.255849 0.908156 0.261153 0.877029 0.255659 0.947744 0.255849 0.908156 0.190125 0.897461 0.255659 0.947744 0.190125 0.897461 0.174421 0.993154 0.295738 0.914456 0.309329 0.860635 0.261153 0.877029 0.295738 0.914456 0.261153 0.877029 0.255849 0.908156 0.255849 0.908156 0.255659 0.947744 0.285066 0.948278 0.314472 0.948812 0.295738 0.914456 0.255849 0.908156 0.285066 0.948278 0.314472 0.948812 0.255849 0.908156</float_array>
          <technique_common>
            <accessor source="#chr305-mesh-map-0-array" count="11712" stride="2">
              <param name="S" type="float"/>
              <param name="T" type="float"/>
            </accessor>
          </technique_common>
        </source>
        <vertices id="chr305-mesh-vertices">
          <input semantic="POSITION" source="#chr305-mesh-positions"/>
        </vertices>
        <triangles material="chr305a01-material" count="3904">
          <input semantic="VERTEX" source="#chr305-mesh-vertices" offset="0"/>
          <input semantic="NORMAL" source="#chr305-mesh-normals" offset="1"/>
          <input semantic="TEXCOORD" source="#chr305-mesh-map-0" offset="2" set="0"/>
          <p>0 0 0 1 1 1 2 2 2 0 0 3 3 3 4 1 1 5 4 4 6 3 3 7 0 0 8 5 5 9 3 3 10 4 4 11 6 6 12 1 1 13 3 3 14 6 6 15 3 3 16 5 5 17 7 7 18 0 0 19 2 2 20 7 7 21 8 8 22 0 0 23 0 0 24 8 8 25 4 4 26 9 9 27 8 8 28 7 7 29 4 4 30 8 8 31 9 9 32 4 4 33 10 10 34 5 5 35 10 10 36 6 6 37 5 5 38 9 9 39 10 10 40 4 4 41 9 9 42 11 11 43 10 10 44 10 10 45 11 11 46 6 6 47 9 9 48 7 7 49 12 12 50 9 9 51 12 12 52 11 11 53 13 13 54 14 14 55 15 15 56 13 13 57 16 16 58 14 14 59 15 15 60 14 14 61 17 17 62 17 17 63 14 14 64 18 18 65 18 18 66 19 19 67 17 17 68 18 18 69 20 20 70 19 19 71 14 14 72 21 21 73 18 18 74 14 14 75 16 16 76 21 21 77 18 18 78 21 21 79 20 20 80 22 22 81 19 19 82 20 20 83 17 17 84 19 19 85 22 22 86 22 22 87 23 23 88 17 17 89 17 17 90 23 23 91 15 15 92 23 23 93 13 13 94 15 15 95 22 22 96 20 20 97 24 24 98 24 24 99 23 23 100 22 22 101 23 23 102 25 25 103 13 13 104 24 24 105 25 25 106 23 23 107 26 26 108 27 27 109 28 28 110 26 26 111 28 28 112 29 29 113 28 28 114 30 30 115 29 29 116 30 30 117 26 26 118 29 29 119 26 26 120 30 30 121 27 27 122 28 28 123 31 31 124 30 30 125 30 30 126 31 31 127 27 27 128 28 28 129 27 27 130 32 32 131 32 32 132 31 31 133 28 28 134 33 33 135 34 34 136 35 35 137 33 33 138 35 35 139 36 36 140 37 37 141 33 33 142 36 36 143 33 33 144 37 37 145 34 34 146 35 35 147 37 37 148 36 36 149 35 35 150 38 38 151 37 37 152 37 37 153 38 38 154 34 34 155 39 39 156 38 38 157 35 35 158 35 35 159 34 34 160 39 39 161 40 40 162 41 41 163 42 42 164 42 42 165 41 41 166 43 43 167 41 41 168 44 44 169 43 43 170 44 44 171 41 41 172 40 40 173 44 44 174 42 42 175 43 43 176 45 45 177 44 44 178 40 40 179 45 45 180 42 42 181 44 44 182 40 40 183 42 42 184 46 46 185 45 45 186 46 46 187 42 42 188 47 47 189 48 48 190 49 49 191 49 49 192 48 48 193 50 50 194 48 48 195 51 51 196 50 50 197 51 51 198 48 48 199 47 47 200 51 51 201 49 49 202 50 50 203 52 52 204 51 51 205 47 47 206 52 52 207 49 49 208 51 51 209 47 47 210 49 49 211 53 53 212 52 52 213 53 53 214 49 49 215 54 54 216 55 55 217 56 56 218 54 54 219 57 57 220 55 55 221 58 58 222 55 55 223 57 57 224 58 58 225 59 59 226 55 55 227 59 59 228 58 58 229 60 60 230 59 59 231 60 60 232 61 61 233 62 62 234 60 60 235 58 58 236 62 62 237 58 58 238 63 63 239 64 64 240 62 62 241 63 63 242 64 64 243 63 63 244 65 65 245 65 65 246 66 66 247 64 64 248 65 65 249 67 67 250 66 66 251 65 65 252 68 68 253 67 67 254 65 65 255 63 63 256 68 68 257 58 58 258 68 68 259 63 63 260 58 58 261 57 57 262 68 68 263 68 68 264 66 66 265 67 67 266 68 68 267 69 69 268 66 66 269 57 57 270 69 69 271 68 68 272 57 57 273 54 54 274 69 69 275 70 70 276 55 55 277 59 59 278 70 70 279 59 59 280 61 61 281 70 70 282 61 61 283 71 71 284 71 71 285 72 72 286 70 70 287 56 56 288 55 55 289 72 72 290 70 70 291 72 72 292 55 55 293 71 71 294 73 73 295 72 72 296 56 56 297 72 72 298 73 73 299 74 74 300 75 75 301 76 76 302 77 77 303 75 75 304 74 74 305 78 78 306 77 77 307 74 74 308 78 78 309 79 79 310 77 77 311 80 80 312 77 77 313 79 79 314 80 80 315 79 79 316 81 81 317 81 81 318 79 79 319 82 82 320 81 81 321 82 82 322 83 83 323 84 84 324 82 82 325 79 79 326 84 84 327 79 79 328 78 78 329 85 85 330 82 82 331 84 84 332 83 83 333 82 82 334 86 86 335 85 85 336 86 86 337 82 82 338 87 87 339 86 86 340 85 85 341 87 87 342 88 88 343 86 86 344 83 83 345 86 86 346 89 89 347 89 89 348 86 86 349 88 88 350 89 89 351 88 88 352 90 90 353 80 80 354 81 81 355 91 91 356 91 91 357 92 92 358 80 80 359 91 91 360 93 93 361 92 92 362 94 94 363 92 92 364 93 93 365 94 94 366 93 93 367 95 95 368 95 95 369 93 93 370 96 96 371 95 95 372 96 96 373 97 97 374 96 96 375 98 98 376 97 97 377 96 96 378 99 99 379 98 98 380 100 100 381 98 98 382 99 99 383 100 100 384 99 99 385 101 101 386 101 101 387 99 99 388 102 102 389 101 101 390 102 102 391 103 103 392 104 104 393 99 99 394 96 96 395 104 104 396 102 102 397 99 99 398 104 104 399 93 93 400 91 91 401 104 104 402 96 96 403 93 93 404 105 105 405 92 92 406 94 94 407 105 105 408 106 106 409 92 92 410 107 107 411 106 106 412 105 105 413 107 107 414 108 108 415 106 106 416 109 109 417 106 106 418 108 108 419 109 109 420 110 110 421 106 106 422 92 92 423 106 106 424 110 110 425 92 92 426 110 110 427 80 80 428 103 103 429 111 111 430 101 101 431 100 100 432 101 101 433 112 112 434 112 112 435 101 101 436 111 111 437 112 112 438 111 111 439 113 113 440 113 113 441 111 111 442 114 114 443 113 113 444 114 114 445 115 115 446 90 90 447 116 116 448 89 89 449 103 103 450 102 102 451 116 116 452 90 90 453 117 117 454 116 116 455 103 103 456 116 116 457 117 117 458 118 118 459 91 91 460 81 81 461 118 118 462 81 81 463 83 83 464 89 89 465 118 118 466 83 83 467 89 89 468 116 116 469 118 118 470 118 118 471 102 102 472 104 104 473 118 118 474 116 116 475 102 102 476 104 104 477 91 91 478 118 118 479 115 115 480 114 114 481 119 119 482 115 115 483 119 119 484 120 120 485 120 120 486 119 119 487 121 121 488 120 120 489 121 121 490 122 122 491 123 123 492 121 121 493 119 119 494 123 123 495 119 119 496 124 124 497 124 124 498 119 119 499 114 114 500 125 125 501 121 121 502 123 123 503 122 122 504 121 121 505 126 126 506 125 125 507 126 126 508 121 121 509 122 122 510 126 126 511 127 127 512 124 124 513 114 114 514 128 128 515 128 128 516 114 114 517 111 111 518 128 128 519 111 111 520 103 103 521 128 128 522 103 103 523 117 117 524 128 128 525 129 129 526 124 124 527 128 128 528 117 117 529 129 129 530 90 90 531 129 129 532 117 117 533 124 124 534 129 129 535 130 130 536 124 124 537 130 130 538 131 131 539 131 131 540 130 130 541 132 132 542 131 131 543 132 132 544 133 133 545 133 133 546 134 134 547 131 131 548 124 124 549 131 131 550 134 134 551 124 124 552 134 134 553 123 123 554 123 123 555 135 135 556 125 125 557 123 123 558 134 134 559 135 135 560 133 133 561 135 135 562 134 134 563 136 136 564 132 132 565 130 130 566 137 137 567 130 130 568 129 129 569 136 136 570 130 130 571 137 137 572 90 90 573 88 88 574 137 137 575 137 137 576 129 129 577 90 90 578 137 137 579 88 88 580 138 138 581 137 137 582 138 138 583 136 136 584 87 87 585 138 138 586 88 88 587 139 139 588 140 140 589 75 75 590 139 139 591 75 75 592 141 141 593 77 77 594 141 141 595 75 75 596 80 80 597 141 141 598 77 77 599 80 80 600 110 110 601 141 141 602 139 139 603 141 141 604 142 142 605 142 142 606 110 110 607 109 109 608 142 142 609 141 141 610 110 110 611 143 143 612 76 76 613 75 75 614 143 143 615 75 75 616 140 140 617 143 143 618 140 140 619 144 144 620 140 140 621 145 145 622 144 144 623 146 146 624 144 144 625 145 145 626 147 147 627 144 144 628 146 146 629 147 147 630 148 148 631 144 144 632 143 143 633 144 144 634 149 149 635 144 144 636 148 148 637 149 149 638 150 150 639 148 148 640 147 147 641 150 150 642 147 147 643 151 151 644 146 146 645 152 152 646 147 147 647 151 151 648 147 147 649 152 152 650 151 151 651 152 152 652 153 153 653 153 153 654 154 154 655 151 151 656 153 153 657 155 155 658 154 154 659 151 151 660 154 154 661 156 156 662 151 151 663 156 156 664 150 150 665 157 157 666 156 156 667 154 154 668 158 158 669 154 154 670 155 155 671 157 157 672 154 154 673 158 158 674 158 158 675 159 159 676 157 157 677 158 158 678 160 160 679 159 159 680 158 158 681 155 155 682 161 161 683 161 161 684 160 160 685 158 158 686 161 161 687 162 162 688 160 160 689 153 153 690 152 152 691 163 163 692 163 163 693 152 152 694 164 164 695 105 105 696 94 94 697 164 164 698 165 165 699 94 94 700 95 95 701 163 163 702 164 164 703 165 165 704 165 165 705 164 164 706 94 94 707 95 95 708 166 166 709 165 165 710 166 166 711 97 97 712 98 98 713 95 95 714 97 97 715 166 166 716 166 166 717 98 98 718 167 167 719 167 167 720 98 98 721 100 100 722 168 168 723 100 100 724 112 112 725 167 167 726 100 100 727 168 168 728 168 168 729 169 169 730 167 167 731 168 168 732 170 170 733 169 169 734 165 165 735 166 166 736 171 171 737 165 165 738 171 171 739 163 163 740 167 167 741 169 169 742 171 171 743 167 167 744 171 171 745 166 166 746 105 105 747 164 164 748 172 172 749 172 172 750 107 107 751 105 105 752 172 172 753 173 173 754 107 107 755 172 172 756 174 174 757 173 173 758 164 164 759 152 152 760 175 175 761 146 146 762 175 175 763 152 152 764 164 164 765 175 175 766 172 172 767 172 172 768 175 175 769 174 174 770 112 112 771 176 176 772 168 168 773 112 112 774 113 113 775 176 176 776 176 176 777 170 170 778 168 168 779 177 177 780 113 113 781 115 115 782 177 177 783 176 176 784 113 113 785 178 178 786 162 162 787 161 161 788 178 178 789 169 169 790 170 170 791 178 178 792 179 179 793 162 162 794 178 178 795 170 170 796 179 179 797 180 180 798 169 169 799 178 178 800 180 180 801 171 171 802 169 169 803 163 163 804 171 171 805 180 180 806 180 180 807 153 153 808 163 163 809 161 161 810 180 180 811 178 178 812 161 161 813 155 155 814 180 180 815 180 180 816 155 155 817 153 153 818 115 115 819 120 120 820 181 181 821 115 115 822 181 181 823 177 177 824 120 120 825 182 182 826 181 181 827 120 120 828 122 122 829 182 182 830 181 181 831 182 182 832 183 183 833 184 184 834 177 177 835 181 181 836 181 181 837 183 183 838 184 184 839 182 182 840 185 185 841 183 183 842 122 122 843 186 186 844 182 182 845 182 182 846 186 186 847 185 185 848 122 122 849 127 127 850 186 186 851 187 187 852 176 176 853 177 177 854 187 187 855 170 170 856 176 176 857 170 170 858 187 187 859 179 179 860 184 184 861 187 187 862 177 177 863 187 187 864 188 188 865 179 179 866 188 188 867 162 162 868 179 179 869 187 187 870 184 184 871 188 188 872 184 184 873 189 189 874 188 188 875 184 184 876 190 190 877 189 189 878 190 190 879 191 191 880 189 189 881 190 190 882 192 192 883 191 191 884 193 193 885 184 184 886 183 183 887 193 193 888 192 192 889 190 190 890 190 190 891 184 184 892 193 193 893 193 193 894 194 194 895 192 192 896 194 194 897 183 183 898 185 185 899 194 194 900 193 193 901 183 183 902 189 189 903 191 191 904 195 195 905 160 160 906 162 162 907 196 196 908 196 196 909 162 162 910 188 188 911 196 196 912 188 188 913 189 189 914 189 189 915 195 195 916 196 196 917 196 196 918 197 197 919 160 160 920 196 196 921 195 195 922 197 197 923 197 197 924 159 159 925 160 160 926 198 198 927 199 199 928 200 200 929 198 198 930 201 201 931 199 199 932 202 202 933 201 201 934 198 198 935 202 202 936 203 203 937 201 201 938 204 204 939 201 201 940 203 203 941 204 204 942 203 203 943 205 205 944 206 206 945 200 200 946 199 199 947 206 206 948 199 199 949 207 207 950 207 207 951 208 208 952 206 206 953 204 204 954 209 209 955 207 207 956 207 207 957 209 209 958 208 208 959 204 204 960 205 205 961 209 209 962 210 210 963 211 211 964 212 212 965 211 211 966 210 210 967 213 213 968 214 214 969 215 215 970 216 216 971 214 214 972 216 216 973 217 217 974 218 218 975 219 219 976 220 220 977 218 218 978 221 221 979 219 219 980 222 222 981 218 218 982 220 220 983 222 222 984 220 220 985 223 223 986 224 224 987 222 222 988 223 223 989 224 224 990 223 223 991 225 225 992 226 226 993 224 224 994 225 225 995 226 226 996 227 227 997 224 224 998 228 228 999 227 227 1000 226 226 1001 228 228 1002 229 229 1003 227 227 1004 230 230 1005 229 229 1006 228 228 1007 230 230 1008 228 228 1009 231 231 1010 232 232 1011 230 230 1012 231 231 1013 232 232 1014 233 233 1015 230 230 1016 221 221 1017 234 234 1018 219 219 1019 221 221 1020 235 235 1021 234 234 1022 234 234 1023 235 235 1024 236 236 1025 234 234 1026 236 236 1027 237 237 1028 236 236 1029 238 238 1030 237 237 1031 236 236 1032 239 239 1033 238 238 1034 240 240 1035 233 233 1036 232 232 1037 240 240 1038 232 232 1039 241 241 1040 238 238 1041 239 239 1042 242 242 1043 238 238 1044 242 242 1045 243 243 1046 243 243 1047 242 242 1048 244 244 1049 243 243 1050 244 244 1051 245 245 1052 245 245 1053 244 244 1054 246 246 1055 245 245 1056 246 246 1057 247 247 1058 240 240 1059 248 248 1060 233 233 1061 233 233 1062 248 248 1063 249 249 1064 233 233 1065 249 249 1066 250 250 1067 240 240 1068 251 251 1069 248 248 1070 252 252 1071 249 249 1072 248 248 1073 253 253 1074 249 249 1075 252 252 1076 254 254 1077 249 249 1078 253 253 1079 254 254 1080 253 253 1081 255 255 1082 256 256 1083 253 253 1084 252 252 1085 255 255 1086 253 253 1087 256 256 1088 255 255 1089 256 256 1090 257 257 1091 257 257 1092 256 256 1093 258 258 1094 257 257 1095 258 258 1096 259 259 1097 259 259 1098 258 258 1099 260 260 1100 259 259 1101 260 260 1102 261 261 1103 261 261 1104 260 260 1105 262 262 1106 261 261 1107 262 262 1108 263 263 1109 263 263 1110 262 262 1111 264 264 1112 263 263 1113 264 264 1114 265 265 1115 265 265 1116 264 264 1117 266 266 1118 265 265 1119 266 266 1120 267 267 1121 262 262 1122 260 260 1123 268 268 1124 264 264 1125 262 262 1126 268 268 1127 269 269 1128 266 266 1129 264 264 1130 264 264 1131 268 268 1132 269 269 1133 260 260 1134 258 258 1135 270 270 1136 270 270 1137 258 258 1138 256 256 1139 270 270 1140 256 256 1141 252 252 1142 260 260 1143 270 270 1144 268 268 1145 271 271 1146 266 266 1147 269 269 1148 267 267 1149 266 266 1150 271 271 1151 267 267 1152 271 271 1153 272 272 1154 271 271 1155 273 273 1156 272 272 1157 269 269 1158 274 274 1159 271 271 1160 271 271 1161 274 274 1162 273 273 1163 275 275 1164 273 273 1165 274 274 1166 275 275 1167 274 274 1168 276 276 1169 275 275 1170 276 276 1171 277 277 1172 277 277 1173 276 276 1174 278 278 1175 270 270 1176 279 279 1177 268 268 1178 252 252 1179 279 279 1180 270 270 1181 268 268 1182 279 279 1183 269 269 1184 252 252 1185 248 248 1186 280 280 1187 280 280 1188 279 279 1189 252 252 1190 248 248 1191 281 281 1192 280 280 1193 269 269 1194 282 282 1195 274 274 1196 282 282 1197 276 276 1198 274 274 1199 269 269 1200 279 279 1201 282 282 1202 281 281 1203 283 283 1204 280 280 1205 279 279 1206 280 280 1207 284 284 1208 283 283 1209 284 284 1210 280 280 1211 283 283 1212 285 285 1213 284 284 1214 286 286 1215 285 285 1216 283 283 1217 286 286 1218 287 287 1219 285 285 1220 288 288 1221 286 286 1222 283 283 1223 288 288 1224 283 283 1225 289 289 1226 285 285 1227 290 290 1228 284 284 1229 291 291 1230 290 290 1231 285 285 1232 291 291 1233 292 292 1234 290 290 1235 290 290 1236 293 293 1237 284 284 1238 292 292 1239 293 293 1240 290 290 1241 292 292 1242 294 294 1243 293 293 1244 294 294 1245 295 295 1246 293 293 1247 294 294 1248 296 296 1249 295 295 1250 296 296 1251 297 297 1252 295 295 1253 296 296 1254 298 298 1255 297 297 1256 298 298 1257 299 299 1258 297 297 1259 298 298 1260 300 300 1261 299 299 1262 300 300 1263 301 301 1264 299 299 1265 300 300 1266 302 302 1267 301 301 1268 302 302 1269 303 303 1270 301 301 1271 302 302 1272 304 304 1273 303 303 1274 297 297 1275 299 299 1276 305 305 1277 301 301 1278 305 305 1279 299 299 1280 279 279 1281 306 306 1282 282 282 1283 303 303 1284 306 306 1285 301 301 1286 301 301 1287 306 306 1288 305 305 1289 279 279 1290 305 305 1291 306 306 1292 293 293 1293 295 295 1294 307 307 1295 279 279 1296 284 284 1297 307 307 1298 279 279 1299 307 307 1300 305 305 1301 297 297 1302 305 305 1303 307 307 1304 297 297 1305 307 307 1306 295 295 1307 293 293 1308 307 307 1309 284 284 1310 304 304 1311 308 308 1312 303 303 1313 303 303 1314 308 308 1315 306 306 1316 304 304 1317 309 309 1318 308 308 1319 308 308 1320 309 309 1321 310 310 1322 306 306 1323 311 311 1324 282 282 1325 276 276 1326 282 282 1327 311 311 1328 306 306 1329 308 308 1330 311 311 1331 308 308 1332 310 310 1333 311 311 1334 310 310 1335 312 312 1336 311 311 1337 312 312 1338 276 276 1339 311 311 1340 312 312 1341 313 313 1342 276 276 1343 276 276 1344 313 313 1345 278 278 1346 314 314 1347 175 175 1348 146 146 1349 314 314 1350 174 174 1351 175 175 1352 146 146 1353 145 145 1354 314 314 1355 315 315 1356 316 316 1357 317 317 1358 315 315 1359 318 318 1360 316 316 1361 319 319 1362 318 318 1363 315 315 1364 319 319 1365 320 320 1366 318 318 1367 321 321 1368 320 320 1369 319 319 1370 321 321 1371 322 322 1372 320 320 1373 321 321 1374 323 323 1375 322 322 1376 321 321 1377 324 324 1378 323 323 1379 324 324 1380 325 325 1381 323 323 1382 324 324 1383 326 326 1384 325 325 1385 327 327 1386 325 325 1387 326 326 1388 327 327 1389 328 328 1390 325 325 1391 327 327 1392 329 329 1393 328 328 1394 240 240 1395 241 241 1396 329 329 1397 327 327 1398 330 330 1399 329 329 1400 240 240 1401 329 329 1402 330 330 1403 317 317 1404 316 316 1405 331 331 1406 317 317 1407 331 331 1408 332 332 1409 333 333 1410 332 332 1411 331 331 1412 333 333 1413 331 331 1414 334 334 1415 333 333 1416 334 334 1417 335 335 1418 333 333 1419 335 335 1420 336 336 1421 337 337 1422 336 336 1423 335 335 1424 337 337 1425 335 335 1426 338 338 1427 339 339 1428 337 337 1429 338 338 1430 339 339 1431 338 338 1432 340 340 1433 246 246 1434 339 339 1435 340 340 1436 246 246 1437 340 340 1438 247 247 1439 341 341 1440 342 342 1441 343 343 1442 343 343 1443 342 342 1444 344 344 1445 343 343 1446 345 345 1447 341 341 1448 345 345 1449 346 346 1450 341 341 1451 346 346 1452 345 345 1453 347 347 1454 347 347 1455 348 348 1456 346 346 1457 349 349 1458 348 348 1459 347 347 1460 349 349 1461 347 347 1462 350 350 1463 351 351 1464 350 350 1465 347 347 1466 345 345 1467 351 351 1468 347 347 1469 352 352 1470 351 351 1471 345 345 1472 351 351 1473 352 352 1474 353 353 1475 351 351 1476 354 354 1477 350 350 1478 351 351 1479 353 353 1480 354 354 1481 345 345 1482 355 355 1483 352 352 1484 343 343 1485 355 355 1486 345 345 1487 355 355 1488 356 356 1489 352 352 1490 357 357 1491 356 356 1492 355 355 1493 352 352 1494 358 358 1495 353 353 1496 352 352 1497 356 356 1498 358 358 1499 358 358 1500 356 356 1501 357 357 1502 359 359 1503 358 358 1504 357 357 1505 355 355 1506 360 360 1507 357 357 1508 360 360 1509 355 355 1510 343 343 1511 360 360 1512 343 343 1513 344 344 1514 344 344 1515 361 361 1516 360 360 1517 360 360 1518 361 361 1519 362 362 1520 361 361 1521 363 363 1522 362 362 1523 360 360 1524 364 364 1525 357 357 1526 362 362 1527 364 364 1528 360 360 1529 365 365 1530 364 364 1531 362 362 1532 362 362 1533 363 363 1534 365 365 1535 357 357 1536 366 366 1537 359 359 1538 357 357 1539 364 364 1540 366 366 1541 365 365 1542 366 366 1543 364 364 1544 363 363 1545 361 361 1546 367 367 1547 361 361 1548 344 344 1549 368 368 1550 361 361 1551 368 368 1552 367 367 1553 368 368 1554 344 344 1555 369 369 1556 342 342 1557 369 369 1558 344 344 1559 342 342 1560 341 341 1561 369 369 1562 346 346 1563 370 370 1564 341 341 1565 369 369 1566 341 341 1567 370 370 1568 348 348 1569 371 371 1570 346 346 1571 370 370 1572 346 346 1573 371 371 1574 372 372 1575 371 371 1576 348 348 1577 372 372 1578 373 373 1579 371 371 1580 374 374 1581 370 370 1582 371 371 1583 374 374 1584 371 371 1585 373 373 1586 374 374 1587 375 375 1588 370 370 1589 376 376 1590 375 375 1591 374 374 1592 374 374 1593 373 373 1594 377 377 1595 376 376 1596 374 374 1597 377 377 1598 378 378 1599 370 370 1600 375 375 1601 369 369 1602 370 370 1603 378 378 1604 368 368 1605 369 369 1606 378 378 1607 379 379 1608 378 378 1609 375 375 1610 368 368 1611 378 378 1612 380 380 1613 379 379 1614 380 380 1615 378 378 1616 381 381 1617 379 379 1618 375 375 1619 381 381 1620 375 375 1621 376 376 1622 379 379 1623 381 381 1624 380 380 1625 381 381 1626 382 382 1627 380 380 1628 383 383 1629 367 367 1630 368 368 1631 383 383 1632 368 368 1633 380 380 1634 363 363 1635 367 367 1636 384 384 1637 383 383 1638 384 384 1639 367 367 1640 385 385 1641 383 383 1642 380 380 1643 385 385 1644 380 380 1645 382 382 1646 383 383 1647 385 385 1648 384 384 1649 386 386 1650 387 387 1651 388 388 1652 388 388 1653 387 387 1654 389 389 1655 390 390 1656 389 389 1657 387 387 1658 388 388 1659 389 389 1660 391 391 1661 390 390 1662 387 387 1663 392 392 1664 392 392 1665 387 387 1666 393 393 1667 386 386 1668 393 393 1669 387 387 1670 392 392 1671 393 393 1672 394 394 1673 386 386 1674 395 395 1675 393 393 1676 386 386 1677 388 388 1678 395 395 1679 396 396 1680 395 395 1681 388 388 1682 396 396 1683 388 388 1684 391 391 1685 397 397 1686 395 395 1687 396 396 1688 397 397 1689 398 398 1690 395 395 1691 393 393 1692 398 398 1693 394 394 1694 393 393 1695 395 395 1696 398 398 1697 399 399 1698 400 400 1699 401 401 1700 401 401 1701 400 400 1702 402 402 1703 403 403 1704 402 402 1705 400 400 1706 401 401 1707 402 402 1708 404 404 1709 403 403 1710 400 400 1711 405 405 1712 405 405 1713 400 400 1714 406 406 1715 399 399 1716 406 406 1717 400 400 1718 405 405 1719 406 406 1720 407 407 1721 399 399 1722 408 408 1723 406 406 1724 399 399 1725 401 401 1726 408 408 1727 409 409 1728 408 408 1729 401 401 1730 409 409 1731 401 401 1732 404 404 1733 410 410 1734 408 408 1735 409 409 1736 410 410 1737 411 411 1738 408 408 1739 406 406 1740 411 411 1741 407 407 1742 406 406 1743 408 408 1744 411 411 1745 412 412 1746 413 413 1747 414 414 1748 414 414 1749 415 415 1750 412 412 1751 415 415 1752 416 416 1753 412 412 1754 414 414 1755 417 417 1756 415 415 1757 412 412 1758 416 416 1759 418 418 1760 419 419 1761 413 413 1762 412 412 1763 418 418 1764 419 419 1765 412 412 1766 418 418 1767 420 420 1768 419 419 1769 421 421 1770 413 413 1771 419 419 1772 414 414 1773 413 413 1774 421 421 1775 422 422 1776 414 414 1777 421 421 1778 422 422 1779 417 417 1780 414 414 1781 421 421 1782 423 423 1783 422 422 1784 419 419 1785 424 424 1786 421 421 1787 419 419 1788 420 420 1789 424 424 1790 424 424 1791 423 423 1792 421 421 1793 425 425 1794 426 426 1795 427 427 1796 427 427 1797 428 428 1798 425 425 1799 428 428 1800 429 429 1801 425 425 1802 427 427 1803 430 430 1804 428 428 1805 425 425 1806 429 429 1807 431 431 1808 432 432 1809 426 426 1810 425 425 1811 431 431 1812 432 432 1813 425 425 1814 431 431 1815 433 433 1816 432 432 1817 434 434 1818 426 426 1819 432 432 1820 427 427 1821 426 426 1822 434 434 1823 435 435 1824 427 427 1825 434 434 1826 435 435 1827 430 430 1828 427 427 1829 434 434 1830 436 436 1831 435 435 1832 432 432 1833 437 437 1834 434 434 1835 432 432 1836 433 433 1837 437 437 1838 437 437 1839 436 436 1840 434 434 1841 438 438 1842 439 439 1843 440 440 1844 438 438 1845 441 441 1846 439 439 1847 440 440 1848 439 439 1849 442 442 1850 442 442 1851 439 439 1852 443 443 1853 443 443 1854 444 444 1855 442 442 1856 443 443 1857 445 445 1858 444 444 1859 439 439 1860 446 446 1861 443 443 1862 439 439 1863 441 441 1864 446 446 1865 443 443 1866 446 446 1867 445 445 1868 442 442 1869 444 444 1870 447 447 1871 447 447 1872 444 444 1873 445 445 1874 442 442 1875 448 448 1876 440 440 1877 448 448 1878 438 438 1879 440 440 1880 447 447 1881 448 448 1882 442 442 1883 447 447 1884 445 445 1885 449 449 1886 449 449 1887 448 448 1888 447 447 1889 449 449 1890 450 450 1891 448 448 1892 448 448 1893 450 450 1894 438 438 1895 451 451 1896 452 452 1897 453 453 1898 451 451 1899 454 454 1900 452 452 1901 455 455 1902 454 454 1903 451 451 1904 456 456 1905 454 454 1906 455 455 1907 457 457 1908 452 452 1909 454 454 1910 457 457 1911 454 454 1912 456 456 1913 458 458 1914 451 451 1915 453 453 1916 458 458 1917 459 459 1918 451 451 1919 451 451 1920 459 459 1921 455 455 1922 460 460 1923 459 459 1924 458 458 1925 455 455 1926 459 459 1927 460 460 1928 455 455 1929 461 461 1930 456 456 1931 461 461 1932 457 457 1933 456 456 1934 460 460 1935 461 461 1936 455 455 1937 460 460 1938 462 462 1939 461 461 1940 461 461 1941 462 462 1942 457 457 1943 460 460 1944 458 458 1945 463 463 1946 460 460 1947 463 463 1948 462 462 1949 464 464 1950 465 465 1951 466 466 1952 464 464 1953 467 467 1954 465 465 1955 468 468 1956 466 466 1957 465 465 1958 468 468 1959 469 469 1960 466 466 1961 470 470 1962 469 469 1963 468 468 1964 470 470 1965 471 471 1966 469 469 1967 472 472 1968 471 471 1969 470 470 1970 472 472 1971 470 470 1972 473 473 1973 473 473 1974 474 474 1975 472 472 1976 473 473 1977 475 475 1978 474 474 1979 476 476 1980 465 465 1981 467 467 1982 477 477 1983 468 468 1984 465 465 1985 476 476 1986 477 477 1987 465 465 1988 477 477 1989 478 478 1990 468 468 1991 479 479 1992 470 470 1993 468 468 1994 479 479 1995 468 468 1996 478 478 1997 480 480 1998 470 470 1999 479 479 2000 480 480 2001 473 473 2002 470 470 2003 480 480 2004 475 475 2005 473 473 2006 480 480 2007 481 481 2008 475 475 2009 482 482 2010 483 483 2011 484 484 2012 482 482 2013 485 485 2014 483 483 2015 483 483 2016 486 486 2017 484 484 2018 483 483 2019 487 487 2020 486 486 2021 488 488 2022 483 483 2023 485 485 2024 488 488 2025 489 489 2026 483 483 2027 483 483 2028 489 489 2029 490 490 2030 483 483 2031 490 490 2032 487 487 2033 491 491 2034 482 482 2035 484 484 2036 492 492 2037 482 482 2038 491 491 2039 493 493 2040 485 485 2041 482 482 2042 492 492 2043 493 493 2044 482 482 2045 491 491 2046 484 484 2047 494 494 2048 494 494 2049 484 484 2050 486 486 2051 494 494 2052 486 486 2053 495 495 2054 486 486 2055 496 496 2056 495 495 2057 487 487 2058 497 497 2059 486 486 2060 486 486 2061 497 497 2062 496 496 2063 497 497 2064 498 498 2065 496 496 2066 497 497 2067 499 499 2068 498 498 2069 493 493 2070 500 500 2071 485 485 2072 501 501 2073 499 499 2074 497 497 2075 487 487 2076 501 501 2077 497 497 2078 501 501 2079 502 502 2080 499 499 2081 487 487 2082 490 490 2083 503 503 2084 487 487 2085 503 503 2086 501 501 2087 501 501 2088 503 503 2089 504 504 2090 501 501 2091 504 504 2092 502 502 2093 505 505 2094 485 485 2095 500 500 2096 505 505 2097 488 488 2098 485 485 2099 506 506 2100 507 507 2101 508 508 2102 506 506 2103 509 509 2104 507 507 2105 508 508 2106 507 507 2107 510 510 2108 508 508 2109 510 510 2110 511 511 2111 510 510 2112 512 512 2113 511 511 2114 510 510 2115 513 513 2116 512 512 2117 513 513 2118 514 514 2119 512 512 2120 513 513 2121 515 515 2122 514 514 2123 515 515 2124 516 516 2125 514 514 2126 515 515 2127 517 517 2128 516 516 2129 518 518 2130 506 506 2131 508 508 2132 519 519 2133 508 508 2134 511 511 2135 518 518 2136 508 508 2137 519 519 2138 519 519 2139 511 511 2140 520 520 2141 520 520 2142 511 511 2143 512 512 2144 520 520 2145 512 512 2146 521 521 2147 512 512 2148 514 514 2149 522 522 2150 512 512 2151 522 522 2152 521 521 2153 514 514 2154 516 516 2155 523 523 2156 514 514 2157 523 523 2158 522 522 2159 510 510 2160 524 524 2161 513 513 2162 510 510 2163 525 525 2164 524 524 2165 526 526 2166 525 525 2167 510 510 2168 526 526 2169 510 510 2170 507 507 2171 513 513 2172 527 527 2173 515 515 2174 513 513 2175 524 524 2176 527 527 2177 515 515 2178 528 528 2179 517 517 2180 515 515 2181 527 527 2182 528 528 2183 529 529 2184 507 507 2185 509 509 2186 529 529 2187 526 526 2188 507 507 2189 530 530 2190 531 531 2191 532 532 2192 530 530 2193 533 530 2194 531 531 2195 534 533 2196 532 532 2197 531 531 2198 534 533 2199 535 534 2200 532 532 2201 536 535 2202 534 533 2203 531 531 2204 536 535 2205 537 536 2206 534 533 2207 538 537 2208 537 536 2209 536 535 2210 537 536 2211 538 537 2212 539 538 2213 537 536 2214 539 538 2215 540 539 2216 536 535 2217 541 540 2218 538 537 2219 542 541 2220 541 540 2221 536 535 2222 543 542 2223 540 539 2224 539 538 2225 543 542 2226 544 543 2227 540 539 2228 545 544 2229 544 543 2230 543 542 2231 545 544 2232 543 542 2233 546 545 2234 546 545 2235 547 546 2236 545 544 2237 545 544 2238 547 546 2239 548 547 2240 548 547 2241 547 546 2242 549 548 2243 546 545 2244 550 549 2245 547 546 2246 549 548 2247 547 546 2248 550 549 2249 549 548 2250 550 549 2251 551 550 2252 545 544 2253 552 551 2254 544 543 2255 548 547 2256 535 534 2257 552 551 2258 534 533 2259 552 551 2260 535 534 2261 545 544 2262 548 547 2263 552 551 2264 548 547 2265 549 548 2266 553 552 2267 553 552 2268 554 553 2269 548 547 2270 549 548 2271 555 554 2272 553 552 2273 551 550 2274 555 554 2275 549 548 2276 551 550 2277 556 555 2278 555 554 2279 557 556 2280 558 557 2281 559 558 2282 560 559 2283 557 556 2284 559 558 2285 558 557 2286 560 559 2287 559 558 2288 558 557 2289 557 556 2290 561 560 2291 560 559 2292 558 557 2293 562 561 2294 562 561 2295 558 557 2296 561 560 2297 560 559 2298 562 561 2299 563 562 2300 564 563 2301 561 560 2302 557 556 2303 560 559 2304 564 563 2305 557 556 2306 560 559 2307 563 562 2308 564 563 2309 565 564 2310 566 565 2311 567 566 2312 568 567 2313 567 566 2314 566 565 2315 565 564 2316 569 568 2317 566 565 2318 565 564 2319 570 569 2320 569 568 2321 566 565 2322 569 568 2323 571 570 2324 566 565 2325 571 570 2326 568 567 2327 568 567 2328 571 570 2329 572 571 2330 568 567 2331 572 571 2332 573 572 2333 572 571 2334 574 573 2335 573 572 2336 572 571 2337 575 574 2338 574 573 2339 575 574 2340 576 575 2341 574 573 2342 575 574 2343 577 576 2344 576 575 2345 576 575 2346 577 576 2347 578 577 2348 576 575 2349 578 577 2350 579 578 2351 580 579 2352 568 567 2353 573 572 2354 568 567 2355 580 579 2356 567 566 2357 581 580 2358 574 573 2359 576 575 2360 573 572 2361 574 573 2362 581 580 2363 573 572 2364 581 580 2365 580 579 2366 570 569 2367 582 581 2368 569 568 2369 570 569 2370 583 582 2371 582 581 2372 583 582 2373 584 583 2374 582 581 2375 569 568 2376 582 581 2377 585 584 2378 569 568 2379 585 584 2380 571 570 2381 582 581 2382 584 583 2383 585 584 2384 571 570 2385 585 584 2386 586 585 2387 571 570 2388 586 585 2389 572 571 2390 586 585 2391 575 574 2392 572 571 2393 586 585 2394 585 584 2395 584 583 2396 586 585 2397 587 586 2398 575 574 2399 586 585 2400 584 583 2401 587 586 2402 587 586 2403 577 576 2404 575 574 2405 587 586 2406 588 587 2407 577 576 2408 587 586 2409 584 583 2410 588 587 2411 577 576 2412 588 587 2413 589 588 2414 577 576 2415 589 588 2416 578 577 2417 588 587 2418 584 583 2419 589 588 2420 590 589 2421 591 590 2422 592 591 2423 590 589 2424 593 592 2425 591 590 2426 593 592 2427 594 593 2428 591 590 2429 593 592 2430 595 594 2431 594 593 2432 594 593 2433 595 594 2434 596 595 2435 594 593 2436 596 595 2437 597 596 2438 597 596 2439 596 595 2440 598 597 2441 597 596 2442 598 597 2443 599 598 2444 599 598 2445 598 597 2446 600 599 2447 599 598 2448 600 599 2449 601 600 2450 602 601 2451 592 591 2452 591 590 2453 602 601 2454 591 590 2455 603 602 2456 603 602 2457 591 590 2458 594 593 2459 603 602 2460 594 593 2461 604 603 2462 594 593 2463 597 596 2464 605 604 2465 594 593 2466 605 604 2467 604 603 2468 597 596 2469 599 598 2470 606 605 2471 597 596 2472 606 605 2473 605 604 2474 599 598 2475 607 606 2476 606 605 2477 599 598 2478 601 600 2479 607 606 2480 608 607 2481 609 608 2482 610 609 2483 608 607 2484 611 610 2485 609 608 2486 611 610 2487 612 611 2488 609 608 2489 611 610 2490 613 612 2491 612 611 2492 614 613 2493 612 611 2494 613 612 2495 614 613 2496 615 614 2497 612 611 2498 616 615 2499 615 614 2500 614 613 2501 616 615 2502 617 616 2503 615 614 2504 617 616 2505 616 615 2506 618 617 2507 617 616 2508 618 617 2509 619 618 2510 620 619 2511 610 609 2512 609 608 2513 621 620 2514 609 608 2515 612 611 2516 620 619 2517 609 608 2518 621 620 2519 621 620 2520 612 611 2521 622 621 2522 623 622 2523 622 621 2524 612 611 2525 623 622 2526 612 611 2527 615 614 2528 624 623 2529 623 622 2530 615 614 2531 624 623 2532 615 614 2533 617 616 2534 617 616 2535 619 618 2536 625 624 2537 617 616 2538 625 624 2539 624 623 2540 626 625 2541 627 626 2542 628 627 2543 626 625 2544 629 628 2545 627 626 2546 630 629 2547 626 625 2548 628 627 2549 630 629 2550 631 630 2551 626 625 2552 632 631 2553 628 627 2554 627 626 2555 628 627 2556 633 632 2557 630 629 2558 632 631 2559 633 632 2560 628 627 2561 633 632 2562 632 631 2563 634 633 2564 634 633 2565 635 634 2566 633 632 2567 636 635 2568 629 628 2569 626 625 2570 636 635 2571 626 625 2572 637 636 2573 638 637 2574 633 632 2575 635 634 2576 626 625 2577 639 638 2578 637 636 2579 626 625 2580 631 630 2581 639 638 2582 633 632 2583 639 638 2584 630 629 2585 639 638 2586 631 630 2587 630 629 2588 640 639 2589 633 632 2590 638 637 2591 633 632 2592 640 639 2593 639 638 2594 639 638 2595 640 639 2596 637 636 2597 641 640 2598 636 635 2599 637 636 2600 641 640 2601 637 636 2602 640 639 2603 640 639 2604 638 637 2605 642 641 2606 642 641 2607 641 640 2608 640 639 2609 643 642 2610 644 643 2611 645 644 2612 643 642 2613 646 645 2614 644 643 2615 647 646 2616 645 644 2617 644 643 2618 647 646 2619 648 647 2620 645 644 2621 649 648 2622 648 647 2623 647 646 2624 648 647 2625 649 648 2626 650 649 2627 649 648 2628 647 646 2629 651 650 2630 651 650 2631 647 646 2632 652 651 2633 653 652 2634 649 648 2635 651 650 2636 649 648 2637 653 652 2638 650 649 2639 654 653 2640 650 649 2641 653 652 2642 651 650 2643 655 654 2644 653 652 2645 656 655 2646 655 654 2647 651 650 2648 656 655 2649 651 650 2650 652 651 2651 657 656 2652 643 642 2653 654 653 2654 657 656 2655 646 645 2656 643 642 2657 654 653 2658 653 652 2659 657 656 2660 658 657 2661 657 656 2662 653 652 2663 658 657 2664 655 654 2665 656 655 2666 653 652 2667 655 654 2668 658 657 2669 658 657 2670 646 645 2671 657 656 2672 658 657 2673 656 655 2674 659 658 2675 659 658 2676 646 645 2677 658 657 2678 660 659 2679 661 660 2680 662 661 2681 660 659 2682 663 662 2683 661 660 2684 662 661 2685 661 660 2686 664 663 2687 662 661 2688 664 663 2689 665 664 2690 666 665 2691 660 659 2692 662 661 2693 666 665 2694 667 666 2695 660 659 2696 668 667 2697 664 663 2698 661 660 2699 668 667 2700 661 660 2701 669 668 2702 669 668 2703 661 660 2704 663 662 2705 670 669 2706 666 665 2707 662 661 2708 670 669 2709 662 661 2710 665 664 2711 669 668 2712 671 670 2713 668 667 2714 669 668 2715 672 671 2716 671 670 2717 671 670 2718 672 671 2719 673 672 2720 671 670 2721 673 672 2722 674 673 2723 666 665 2724 674 673 2725 673 672 2726 666 665 2727 670 669 2728 674 673 2729 675 674 2730 667 666 2731 666 665 2732 675 674 2733 666 665 2734 673 672 2735 676 675 2736 672 671 2737 669 668 2738 669 668 2739 663 662 2740 676 675 2741 673 672 2742 677 676 2743 675 674 2744 673 672 2745 672 671 2746 677 676 2747 676 675 2748 677 676 2749 672 671 2750 678 677 2751 679 678 2752 680 679 2753 681 680 2754 680 679 2755 679 678 2756 681 680 2757 682 681 2758 680 679 2759 680 679 2760 683 682 2761 678 677 2762 682 681 2763 684 683 2764 680 679 2765 683 682 2766 680 679 2767 684 683 2768 682 681 2769 685 684 2770 684 683 2771 681 680 2772 685 684 2773 682 681 2774 686 685 2775 687 686 2776 688 687 2777 686 685 2778 689 688 2779 687 686 2780 686 685 2781 688 687 2782 690 689 2783 686 685 2784 691 690 2785 689 688 2786 686 685 2787 692 691 2788 691 690 2789 693 692 2790 691 690 2791 692 691 2792 694 693 2793 693 692 2794 692 691 2795 694 693 2796 692 691 2797 695 694 2798 695 694 2799 696 695 2800 694 693 2801 695 694 2802 697 696 2803 696 695 2804 698 697 2805 699 698 2806 700 699 2807 698 697 2808 701 700 2809 699 698 2810 702 701 2811 699 698 2812 701 700 2813 702 701 2814 701 700 2815 703 702 2816 703 702 2817 704 703 2818 702 701 2819 704 703 2820 703 702 2821 705 704 2822 702 701 2823 704 703 2824 706 705 2825 702 701 2826 706 705 2827 707 706 2828 704 703 2829 708 707 2830 706 705 2831 708 707 2832 704 703 2833 705 704 2834 705 704 2835 709 708 2836 708 707 2837 710 709 2838 706 705 2839 708 707 2840 711 710 2841 707 706 2842 706 705 2843 711 710 2844 706 705 2845 710 709 2846 712 711 2847 709 708 2848 698 697 2849 708 707 2850 709 708 2851 712 711 2852 712 711 2853 698 697 2854 700 699 2855 700 699 2856 713 712 2857 712 711 2858 712 711 2859 713 712 2860 708 707 2861 713 712 2862 711 710 2863 710 709 2864 710 709 2865 708 707 2866 713 712 2867 713 712 2868 714 713 2869 711 710 2870 700 699 2871 714 713 2872 713 712 2873 715 714 2874 716 715 2875 717 716 2876 715 714 2877 718 717 2878 716 715 2879 717 716 2880 719 718 2881 715 714 2882 717 716 2883 720 719 2884 719 718 2885 721 720 2886 717 716 2887 716 715 2888 721 720 2889 716 715 2890 722 721 2891 715 714 2892 719 718 2893 723 722 2894 724 723 2895 718 717 2896 715 714 2897 715 714 2898 723 722 2899 724 723 2900 725 724 2901 717 716 2902 721 720 2903 725 724 2904 720 719 2905 717 716 2906 724 723 2907 723 722 2908 726 725 2909 724 723 2910 726 725 2911 727 726 2912 726 725 2913 728 727 2914 727 726 2915 721 720 2916 729 728 2917 725 724 2918 721 720 2919 728 727 2920 729 728 2921 726 725 2922 729 728 2923 728 727 2924 721 720 2925 730 729 2926 728 727 2927 721 720 2928 722 721 2929 730 729 2930 731 730 2931 724 723 2932 727 726 2933 724 723 2934 731 730 2935 718 717 2936 728 727 2937 730 729 2938 732 731 2939 731 730 2940 727 726 2941 732 731 2942 728 727 2943 732 731 2944 727 726 2945 733 732 2946 734 733 2947 735 734 2948 735 734 2949 736 735 2950 733 732 2951 737 736 2952 736 735 2953 735 734 2954 738 737 2955 735 734 2956 734 733 2957 739 738 2958 737 736 2959 735 734 2960 735 734 2961 738 737 2962 739 738 2963 740 739 2964 736 735 2965 737 736 2966 740 739 2967 737 736 2968 739 738 2969 741 740 2970 742 741 2971 743 742 2972 741 740 2973 744 743 2974 742 741 2975 745 744 2976 743 742 2977 742 741 2978 745 744 2979 746 745 2980 743 742 2981 747 746 2982 746 745 2983 745 744 2984 747 746 2985 748 747 2986 746 745 2987 749 748 2988 748 747 2989 747 746 2990 749 748 2991 747 746 2992 750 749 2993 750 749 2994 751 750 2995 749 748 2996 750 749 2997 752 751 2998 751 750 2999 753 752 3000 750 749 3001 747 746 3002 753 752 3003 752 751 3004 750 749 3005 753 752 3006 754 753 3007 752 751 3008 755 754 3009 745 744 3010 742 741 3011 744 743 3012 755 754 3013 742 741 3014 744 743 3015 756 755 3016 755 754 3017 747 746 3018 745 744 3019 757 756 3020 755 754 3021 757 756 3022 745 744 3023 753 752 3024 747 746 3025 758 757 3026 747 746 3027 757 756 3028 758 757 3029 759 758 3030 760 759 3031 761 760 3032 759 758 3033 762 761 3034 760 759 3035 761 760 3036 760 759 3037 763 762 3038 761 760 3039 763 762 3040 764 763 3041 765 764 3042 760 759 3043 762 761 3044 766 765 3045 763 762 3046 760 759 3047 765 764 3048 766 765 3049 760 759 3050 766 765 3051 767 766 3052 763 762 3053 768 767 3054 759 758 3055 761 760 3056 769 768 3057 759 758 3058 768 767 3059 769 768 3060 770 769 3061 759 758 3062 770 769 3063 762 761 3064 759 758 3065 771 770 3066 761 760 3067 764 763 3068 768 767 3069 761 760 3070 771 770 3071 771 770 3072 764 763 3073 772 771 3074 763 762 3075 773 772 3076 764 763 3077 772 771 3078 764 763 3079 773 772 3080 772 771 3081 773 772 3082 774 773 3083 774 773 3084 773 772 3085 775 774 3086 774 773 3087 775 774 3088 776 775 3089 770 769 3090 777 776 3091 762 761 3092 778 777 3093 775 774 3094 773 772 3095 763 762 3096 778 777 3097 773 772 3098 778 777 3099 779 778 3100 775 774 3101 778 777 3102 780 779 3103 779 778 3104 778 777 3105 781 780 3106 780 779 3107 763 762 3108 781 780 3109 778 777 3110 763 762 3111 767 766 3112 781 780 3113 782 781 3114 765 764 3115 762 761 3116 782 781 3117 762 761 3118 777 776 3119 783 782 3120 784 783 3121 785 784 3122 783 782 3123 786 785 3124 784 783 3125 786 785 3126 787 786 3127 784 783 3128 786 785 3129 788 787 3130 787 786 3131 788 787 3132 789 788 3133 787 786 3134 788 787 3135 790 789 3136 789 788 3137 789 788 3138 790 789 3139 791 790 3140 789 788 3141 791 790 3142 792 791 3143 792 791 3144 791 790 3145 793 792 3146 792 791 3147 793 792 3148 794 793 3149 795 794 3150 785 784 3151 784 783 3152 795 794 3153 784 783 3154 796 795 3155 796 795 3156 784 783 3157 787 786 3158 797 796 3159 787 786 3160 789 788 3161 796 795 3162 787 786 3163 797 796 3164 797 796 3165 789 788 3166 798 797 3167 789 788 3168 792 791 3169 799 798 3170 789 788 3171 799 798 3172 798 797 3173 792 791 3174 800 799 3175 799 798 3176 792 791 3177 794 793 3178 800 799 3179 799 798 3180 800 799 3181 801 800 3182 802 801 3183 798 797 3184 799 798 3185 799 798 3186 801 800 3187 802 801 3188 803 802 3189 795 794 3190 796 795 3191 804 803 3192 796 795 3193 797 796 3194 803 802 3195 796 795 3196 804 803 3197 804 803 3198 797 796 3199 805 804 3200 806 805 3201 805 804 3202 797 796 3203 802 801 3204 806 805 3205 798 797 3206 806 805 3207 797 796 3208 798 797 3209 807 806 3210 808 807 3211 809 808 3212 810 809 3213 809 808 3214 808 807 3215 810 809 3216 811 810 3217 809 808 3218 807 806 3219 812 811 3220 808 807 3221 807 806 3222 813 812 3223 812 811 3224 808 807 3225 812 811 3226 814 813 3227 808 807 3228 814 813 3229 810 809 3230 811 810 3231 810 809 3232 815 814 3233 815 814 3234 816 815 3235 811 810 3236 815 814 3237 817 816 3238 816 815 3239 818 817 3240 817 816 3241 815 814 3242 810 809 3243 818 817 3244 815 814 3245 810 809 3246 814 813 3247 818 817 3248 818 817 3249 819 818 3250 817 816 3251 816 815 3252 817 816 3253 820 819 3254 819 818 3255 820 819 3256 817 816 3257 819 818 3258 821 820 3259 820 819 3260 821 820 3261 822 821 3262 820 819 3263 821 820 3264 823 822 3265 822 821 3266 824 823 3267 812 811 3268 813 812 3269 825 824 3270 814 813 3271 812 811 3272 824 823 3273 825 824 3274 812 811 3275 824 823 3276 826 825 3277 825 824 3278 825 824 3279 827 826 3280 814 813 3281 825 824 3282 826 825 3283 827 826 3284 828 827 3285 827 826 3286 826 825 3287 814 813 3288 828 827 3289 818 817 3290 814 813 3291 827 826 3292 828 827 3293 818 817 3294 828 827 3295 829 828 3296 829 828 3297 821 820 3298 819 818 3299 818 817 3300 829 828 3301 819 818 3302 828 827 3303 830 829 3304 829 828 3305 829 828 3306 831 830 3307 821 820 3308 829 828 3309 830 829 3310 831 830 3311 831 830 3312 830 829 3313 832 831 3314 821 820 3315 832 831 3316 823 822 3317 821 820 3318 831 830 3319 832 831 3320 833 832 3321 834 833 3322 835 834 3323 833 832 3324 836 835 3325 834 833 3326 837 836 3327 836 835 3328 833 832 3329 837 836 3330 838 837 3331 836 835 3332 839 838 3333 838 837 3334 837 836 3335 839 838 3336 837 836 3337 840 839 3338 841 840 3339 839 838 3340 840 839 3341 841 840 3342 840 839 3343 842 841 3344 843 842 3345 841 840 3346 842 841 3347 843 842 3348 842 841 3349 844 843 3350 833 832 3351 835 834 3352 845 844 3353 837 836 3354 833 832 3355 846 845 3356 833 832 3357 845 844 3358 846 845 3359 847 846 3360 844 843 3361 842 841 3362 848 847 3363 842 841 3364 840 839 3365 847 846 3366 842 841 3367 848 847 3368 849 848 3369 840 839 3370 837 836 3371 848 847 3372 840 839 3373 849 848 3374 837 836 3375 846 845 3376 850 849 3377 849 848 3378 837 836 3379 850 849 3380 851 850 3381 852 851 3382 853 852 3383 851 850 3384 854 853 3385 852 851 3386 851 850 3387 853 852 3388 855 854 3389 851 850 3390 855 854 3391 856 855 3392 855 854 3393 857 856 3394 856 855 3395 855 854 3396 858 857 3397 857 856 3398 859 858 3399 857 856 3400 858 857 3401 859 858 3402 858 857 3403 860 859 3404 861 860 3405 859 858 3406 860 859 3407 861 860 3408 862 861 3409 859 858 3410 853 852 3411 852 851 3412 863 862 3413 864 863 3414 855 854 3415 853 852 3416 853 852 3417 863 862 3418 864 863 3419 865 864 3420 861 860 3421 860 859 3422 865 864 3423 860 859 3424 866 865 3425 866 865 3426 860 859 3427 858 857 3428 855 854 3429 867 866 3430 858 857 3431 866 865 3432 858 857 3433 867 866 3434 864 863 3435 868 867 3436 855 854 3437 855 854 3438 868 867 3439 867 866 3440 869 868 3441 870 869 3442 871 870 3443 869 868 3444 872 871 3445 870 869 3446 873 872 3447 871 870 3448 870 869 3449 873 872 3450 874 873 3451 871 870 3452 875 874 3453 873 872 3454 870 869 3455 875 874 3456 876 875 3457 873 872 3458 877 876 3459 876 875 3460 875 874 3461 876 875 3462 877 876 3463 878 877 3464 876 875 3465 878 877 3466 879 878 3467 875 874 3468 880 540 3469 877 876 3470 881 541 3471 880 540 3472 875 874 3473 882 542 3474 879 878 3475 878 877 3476 882 542 3477 883 879 3478 879 878 3479 884 880 3480 883 879 3481 882 542 3482 884 880 3483 882 542 3484 885 881 3485 885 881 3486 886 882 3487 884 880 3488 884 880 3489 886 882 3490 887 883 3491 887 883 3492 886 882 3493 888 884 3494 885 881 3495 889 885 3496 886 882 3497 888 884 3498 886 882 3499 889 885 3500 888 884 3501 889 885 3502 890 886 3503 884 880 3504 887 883 3505 891 887 3506 884 880 3507 891 887 3508 883 879 3509 887 883 3510 874 873 3511 891 887 3512 873 872 3513 891 887 3514 874 873 3515 887 883 3516 888 884 3517 892 888 3518 892 888 3519 893 889 3520 887 883 3521 890 886 3522 894 554 3523 888 884 3524 888 884 3525 894 554 3526 892 888 3527 890 886 3528 895 890 3529 894 554 3530 896 556 3531 897 891 3532 898 558 3533 897 891 3534 899 559 3535 898 558 3536 899 559 3537 896 556 3538 898 558 3539 897 891 3540 896 556 3541 900 560 3542 901 561 3543 897 891 3544 900 560 3545 899 559 3546 897 891 3547 901 561 3548 899 559 3549 901 561 3550 902 562 3551 899 559 3552 902 562 3553 903 563 3554 903 563 3555 900 560 3556 896 556 3557 899 559 3558 903 563 3559 896 556 3560 904 625 3561 905 892 3562 906 893 3563 904 625 3564 907 894 3565 905 892 3566 908 629 3567 904 625 3568 906 893 3569 908 629 3570 909 630 3571 904 625 3572 910 631 3573 906 893 3574 905 892 3575 910 631 3576 911 632 3577 906 893 3578 906 893 3579 911 632 3580 908 629 3581 911 632 3582 910 631 3583 912 633 3584 912 633 3585 913 634 3586 911 632 3587 914 895 3588 907 894 3589 904 625 3590 914 895 3591 904 625 3592 915 636 3593 916 637 3594 911 632 3595 913 634 3596 917 638 3597 909 630 3598 908 629 3599 904 625 3600 917 638 3601 915 636 3602 904 625 3603 909 630 3604 917 638 3605 911 632 3606 917 638 3607 908 629 3608 911 632 3609 918 639 3610 917 638 3611 917 638 3612 918 639 3613 915 636 3614 918 639 3615 911 632 3616 916 637 3617 919 896 3618 914 895 3619 915 636 3620 919 896 3621 915 636 3622 918 639 3623 918 639 3624 916 637 3625 920 641 3626 920 641 3627 919 896 3628 918 639 3629 921 642 3630 922 643 3631 923 897 3632 921 642 3633 924 645 3634 922 643 3635 925 898 3636 923 897 3637 922 643 3638 925 898 3639 926 899 3640 923 897 3641 927 900 3642 926 899 3643 925 898 3644 926 899 3645 927 900 3646 928 901 3647 927 900 3648 925 898 3649 929 902 3650 929 902 3651 925 898 3652 930 903 3653 931 904 3654 927 900 3655 929 902 3656 927 900 3657 931 904 3658 928 901 3659 932 653 3660 928 901 3661 931 904 3662 929 902 3663 933 905 3664 931 904 3665 934 906 3666 933 905 3667 929 902 3668 934 906 3669 929 902 3670 930 903 3671 935 907 3672 921 642 3673 932 653 3674 935 907 3675 924 645 3676 921 642 3677 932 653 3678 931 904 3679 935 907 3680 936 908 3681 935 907 3682 931 904 3683 936 908 3684 933 905 3685 934 906 3686 931 904 3687 933 905 3688 936 908 3689 936 908 3690 924 645 3691 935 907 3692 937 909 3693 924 645 3694 936 908 3695 936 908 3696 934 906 3697 937 909 3698 938 910 3699 939 911 3700 940 661 3701 938 910 3702 941 912 3703 939 911 3704 940 661 3705 939 911 3706 942 663 3707 940 661 3708 942 663 3709 943 913 3710 944 665 3711 938 910 3712 940 661 3713 944 665 3714 945 666 3715 938 910 3716 946 667 3717 942 663 3718 939 911 3719 946 667 3720 939 911 3721 947 668 3722 947 668 3723 939 911 3724 941 912 3725 948 914 3726 944 665 3727 940 661 3728 948 914 3729 940 661 3730 943 913 3731 947 668 3732 949 670 3733 946 667 3734 947 668 3735 950 915 3736 949 670 3737 949 670 3738 950 915 3739 951 916 3740 949 670 3741 951 916 3742 952 917 3743 944 665 3744 952 917 3745 951 916 3746 944 665 3747 948 914 3748 952 917 3749 953 918 3750 945 666 3751 944 665 3752 953 918 3753 944 665 3754 951 916 3755 954 919 3756 950 915 3757 947 668 3758 947 668 3759 941 912 3760 954 919 3761 951 916 3762 955 920 3763 953 918 3764 951 916 3765 950 915 3766 955 920 3767 954 919 3768 955 920 3769 950 915 3770 956 921 3771 957 678 3772 958 679 3773 959 680 3774 958 679 3775 957 678 3776 959 680 3777 960 681 3778 958 679 3779 958 679 3780 961 682 3781 956 921 3782 961 682 3783 958 679 3784 962 922 3785 960 681 3786 962 922 3787 958 679 3788 959 680 3789 963 684 3790 960 681 3791 960 681 3792 963 684 3793 962 922 3794 964 923 3795 965 924 3796 966 925 3797 964 923 3798 967 926 3799 965 924 3800 964 923 3801 966 925 3802 968 927 3803 964 923 3804 969 690 3805 967 926 3806 964 923 3807 970 928 3808 969 690 3809 971 929 3810 969 690 3811 970 928 3812 972 693 3813 971 929 3814 970 928 3815 972 693 3816 970 928 3817 973 694 3818 973 694 3819 974 695 3820 972 693 3821 973 694 3822 975 696 3823 974 695 3824 976 930 3825 977 931 3826 978 699 3827 976 930 3828 979 932 3829 977 931 3830 980 933 3831 977 931 3832 979 932 3833 980 933 3834 979 932 3835 981 934 3836 981 934 3837 982 935 3838 980 933 3839 982 935 3840 981 934 3841 983 704 3842 980 933 3843 982 935 3844 984 705 3845 980 933 3846 984 705 3847 985 936 3848 986 937 3849 982 935 3850 983 704 3851 982 935 3852 986 937 3853 984 705 3854 983 704 3855 987 708 3856 986 937 3857 988 709 3858 984 705 3859 986 937 3860 989 938 3861 985 936 3862 984 705 3863 989 938 3864 984 705 3865 988 709 3866 990 939 3867 976 930 3868 978 699 3869 990 939 3870 987 708 3871 976 930 3872 986 937 3873 987 708 3874 990 939 3875 990 939 3876 991 940 3877 986 937 3878 991 940 3879 989 938 3880 988 709 3881 988 709 3882 986 937 3883 991 940 3884 978 699 3885 991 940 3886 990 939 3887 991 940 3888 992 941 3889 989 938 3890 978 699 3891 992 941 3892 991 940 3893 993 942 3894 994 943 3895 995 944 3896 993 942 3897 996 945 3898 994 943 3899 995 944 3900 997 946 3901 993 942 3902 995 944 3903 998 719 3904 997 946 3905 999 720 3906 995 944 3907 994 943 3908 999 720 3909 994 943 3910 1000 947 3911 993 942 3912 997 946 3913 1001 948 3914 993 942 3915 1001 948 3916 1002 949 3917 1002 949 3918 996 945 3919 993 942 3920 1003 724 3921 998 719 3922 995 944 3923 1003 724 3924 995 944 3925 999 720 3926 1002 949 3927 1001 948 3928 1004 950 3929 1002 949 3930 1004 950 3931 1005 726 3932 1004 950 3933 1006 951 3934 1005 726 3935 1004 950 3936 1007 728 3937 1006 951 3938 999 720 3939 1007 728 3940 1003 724 3941 999 720 3942 1006 951 3943 1007 728 3944 999 720 3945 1000 947 3946 1008 952 3947 999 720 3948 1008 952 3949 1006 951 3950 1009 730 3951 1002 949 3952 1005 726 3953 1002 949 3954 1009 730 3955 996 945 3956 1006 951 3957 1010 953 3958 1005 726 3959 1006 951 3960 1008 952 3961 1010 953 3962 1009 730 3963 1005 726 3964 1010 953 3965 1011 954 3966 1012 955 3967 1013 956 3968 1013 956 3969 1014 957 3970 1011 954 3971 1015 958 3972 1014 957 3973 1013 956 3974 1016 959 3975 1013 956 3976 1012 955 3977 1017 960 3978 1015 958 3979 1013 956 3980 1013 956 3981 1016 959 3982 1017 960 3983 1018 961 3984 1015 958 3985 1017 960 3986 1018 961 3987 1014 957 3988 1015 958 3989 1019 962 3990 1020 963 3991 1021 963 3992 1019 962 3993 1022 964 3994 1020 963 3995 1023 965 3996 1022 964 3997 1019 962 3998 1024 966 3999 1025 967 4000 1026 968 4001 1027 969 4002 1026 968 4003 1025 967 4004 1024 966 4005 1028 970 4006 1025 967 4007 1027 969 4008 1025 967 4009 1029 971 4010 1027 969 4011 1029 971 4012 1030 972 4013 1027 969 4014 1030 972 4015 1031 973 4016 1032 974 4017 1031 973 4018 1030 972 4019 1032 974 4020 1030 972 4021 1033 975 4022 1034 976 4023 1032 974 4024 1033 975 4025 1034 976 4026 1035 977 4027 1032 974 4028 1035 977 4029 1034 976 4030 1036 978 4031 1034 976 4032 1037 979 4033 1036 978 4034 1038 980 4035 1039 981 4036 1040 982 4037 1038 980 4038 1041 983 4039 1039 981 4040 1039 981 4041 1042 984 4042 1040 982 4043 1039 981 4044 1043 985 4045 1042 984 4046 1044 986 4047 1038 980 4048 1040 982 4049 1044 986 4050 1040 982 4051 1045 987 4052 1040 982 4053 1046 988 4054 1045 987 4055 1040 982 4056 1042 984 4057 1046 988 4058 1039 981 4059 1047 989 4060 1043 985 4061 1039 981 4062 1048 990 4063 1047 989 4064 1047 989 4065 1049 991 4066 1043 985 4067 1043 985 4068 1049 991 4069 1050 992 4070 1049 991 4071 1051 993 4072 1050 992 4073 1050 992 4074 1051 993 4075 1052 994 4076 1051 993 4077 1053 995 4078 1052 994 4079 1051 993 4080 1049 991 4081 1053 995 4082 1053 995 4083 1049 991 4084 1047 989 4085 1039 981 4086 1054 996 4087 1048 990 4088 1041 983 4089 1054 996 4090 1039 981 4091 1041 983 4092 1055 997 4093 1054 996 4094 1056 998 4095 1055 997 4096 1041 983 4097 1056 998 4098 1057 999 4099 1055 997 4100 1057 999 4101 1058 1000 4102 1055 997 4103 1059 1001 4104 1058 1000 4105 1057 999 4106 1060 1002 4107 1055 997 4108 1058 1000 4109 1054 996 4110 1055 997 4111 1060 1002 4112 1060 1002 4113 1058 1000 4114 1059 1001 4115 1061 1003 4116 1059 1001 4117 1057 999 4118 1062 1004 4119 1048 990 4120 1054 996 4121 1047 989 4122 1048 990 4123 1062 1004 4124 1054 996 4125 1060 1002 4126 1063 1005 4127 1062 1004 4128 1054 996 4129 1063 1005 4130 1064 1006 4131 1057 999 4132 1050 992 4133 1064 1006 4134 1061 1003 4135 1057 999 4136 1052 994 4137 1064 1006 4138 1050 992 4139 1065 1007 4140 1066 1008 4141 1050 992 4142 1065 1007 4143 1067 1009 4144 1066 1008 4145 1047 989 4146 1062 1004 4147 1068 1010 4148 1053 995 4149 1047 989 4150 1068 1010 4151 1041 983 4152 1069 1011 4153 1056 998 4154 1070 1012 4155 1069 1011 4156 1038 980 4157 1071 1013 4158 1070 1012 4159 1038 980 4160 1071 1013 4161 1038 980 4162 1044 986 4163 1042 984 4164 1043 985 4165 1072 1014 4166 1042 984 4167 1072 1014 4168 1073 1015 4169 1073 1015 4170 1072 1014 4171 1074 1016 4172 1073 1015 4173 1074 1016 4174 1075 1017 4175 1076 1018 4176 1073 1015 4177 1075 1017 4178 1076 1018 4179 1077 1019 4180 1073 1015 4181 1042 984 4182 1073 1015 4183 1077 1019 4184 1042 984 4185 1077 1019 4186 1046 988 4187 1078 1020 4188 1076 1018 4189 1075 1017 4190 1078 1020 4191 1079 1021 4192 1076 1018 4193 1080 1022 4194 1081 1023 4195 1082 1024 4196 1080 1022 4197 1083 1025 4198 1081 1023 4199 1084 1026 4200 1080 1022 4201 1082 1024 4202 1084 1026 4203 1085 1027 4204 1080 1022 4205 1086 1028 4206 1083 1025 4207 1080 1022 4208 1086 1028 4209 1080 1022 4210 1085 1027 4211 1086 1028 4212 1085 1027 4213 1087 1029 4214 1086 1028 4215 1088 1030 4216 1083 1025 4217 1085 1027 4218 1084 1026 4219 1089 1031 4220 1087 1029 4221 1085 1027 4222 1090 1032 4223 1085 1027 4224 1089 1031 4225 1090 1032 4226 1090 1032 4227 1089 1031 4228 1091 1033 4229 1090 1032 4230 1091 1033 4231 1092 1034 4232 1093 1035 4233 1090 1032 4234 1092 1034 4235 1093 1035 4236 1094 1036 4237 1090 1032 4238 1087 1029 4239 1090 1032 4240 1094 1036 4241 1095 1037 4242 1093 1035 4243 1092 1034 4244 1091 1033 4245 1095 1037 4246 1092 1034 4247 1091 1033 4248 1096 1038 4249 1095 1037 4250 1096 1038 4251 1097 1039 4252 1095 1037 4253 1096 1038 4254 1098 1040 4255 1097 1039 4256 1095 1037 4257 1097 1039 4258 1099 1041 4259 1095 1037 4260 1099 1041 4261 1100 1042 4262 1095 1037 4263 1100 1042 4264 1093 1035 4265 1094 1036 4266 1101 1043 4267 1102 1044 4268 1102 1044 4269 1101 1043 4270 1103 1045 4271 1103 1045 4272 1104 1046 4273 1102 1044 4274 1105 1047 4275 1104 1046 4276 1106 1048 4277 1106 1048 4278 1107 1049 4279 1105 1047 4280 1108 1050 4281 1109 1050 4282 1100 1042 4283 1110 1051 4284 1111 1052 4285 1112 1053 4286 1112 1053 4287 1111 1052 4288 1113 1054 4289 1113 1054 4290 1111 1052 4291 1114 1055 4292 1114 1055 4293 1111 1052 4294 1110 1051 4295 1114 1055 4296 1110 1051 4297 1115 1056 4298 1115 1056 4299 1116 1057 4300 1114 1055 4301 1110 1051 4302 1117 1058 4303 1115 1056 4304 1110 1051 4305 1118 1059 4306 1117 1058 4307 1117 1058 4308 1119 1060 4309 1115 1056 4310 1115 1056 4311 1119 1060 4312 1116 1057 4313 1117 1058 4314 1120 1061 4315 1119 1060 4316 1114 1055 4317 1116 1057 4318 1121 1062 4319 1113 1054 4320 1114 1055 4321 1121 1062 4322 1113 1054 4323 1121 1062 4324 1122 1063 4325 1113 1054 4326 1122 1063 4327 1123 1064 4328 1124 1065 4329 1120 1061 4330 1117 1058 4331 1117 1058 4332 1118 1059 4333 1124 1065 4334 1120 1061 4335 1124 1065 4336 1125 1066 4337 1126 1067 4338 1125 1066 4339 1124 1065 4340 1126 1067 4341 1124 1065 4342 1127 1068 4343 1128 1069 4344 1126 1067 4345 1127 1068 4346 1128 1069 4347 1129 1070 4348 1126 1067 4349 1129 1070 4350 1128 1069 4351 1130 1071 4352 1131 1072 4353 1130 1071 4354 1128 1069 4355 1128 1069 4356 1132 1073 4357 1131 1072 4358 1133 1074 4359 1134 1075 4360 1135 1076 4361 1133 1074 4362 1136 1077 4363 1134 1075 4364 1134 1075 4365 1136 1077 4366 1137 1078 4367 1134 1075 4368 1137 1078 4369 1138 1079 4370 1137 1078 4371 1136 1077 4372 1139 1080 4373 1139 1080 4374 1140 1081 4375 1137 1078 4376 1141 1082 4377 1133 1074 4378 1135 1076 4379 1141 1082 4380 1135 1076 4381 1142 1083 4382 1143 1084 4383 1141 1082 4384 1142 1083 4385 1143 1084 4386 1142 1083 4387 1144 1085 4388 1145 1086 4389 1143 1084 4390 1144 1085 4391 1146 1087 4392 1140 1081 4393 1139 1080 4394 1146 1087 4395 1147 1088 4396 1140 1081 4397 1137 1078 4398 1148 1089 4399 1138 1079 4400 1137 1078 4401 1140 1081 4402 1148 1089 4403 1147 1088 4404 1148 1089 4405 1140 1081 4406 1149 1090 4407 1139 1080 4408 1136 1077 4409 1149 1090 4410 1133 1074 4411 1141 1082 4412 1141 1082 4413 1143 1084 4414 1149 1090 4415 1149 1090 4416 1136 1077 4417 1133 1074 4418 1150 1091 4419 1143 1084 4420 1145 1086 4421 1147 1088 4422 1146 1087 4423 1150 1091 4424 1147 1088 4425 1150 1091 4426 1145 1086 4427 1150 1091 4428 1149 1090 4429 1143 1084 4430 1151 1092 4431 1152 1093 4432 1153 1094 4433 1152 1093 4434 1154 1095 4435 1153 1094 4436 1152 1093 4437 1155 1096 4438 1154 1095 4439 1156 1097 4440 1151 1092 4441 1153 1094 4442 1156 1097 4443 1157 1098 4444 1151 1092 4445 1154 1095 4446 1155 1096 4447 1158 1099 4448 1159 1100 4449 1151 1092 4450 1157 1098 4451 1160 1101 4452 1159 1100 4453 1157 1098 4454 1161 1102 4455 1157 1098 4456 1156 1097 4457 1160 1101 4458 1157 1098 4459 1161 1102 4460 1162 1103 4461 1160 1101 4462 1161 1102 4463 1162 1103 4464 1158 1099 4465 1163 1104 4466 1162 1103 4467 1164 1105 4468 1158 1099 4469 1163 1104 4470 1158 1099 4471 1165 1106 4472 1155 1096 4473 1165 1106 4474 1158 1099 4475 1159 1100 4476 1166 1107 4477 1151 1092 4478 1166 1107 4479 1152 1093 4480 1151 1092 4481 1166 1107 4482 1167 1108 4483 1152 1093 4484 1152 1093 4485 1167 1108 4486 1168 1109 4487 1155 1096 4488 1168 1109 4489 1165 1106 4490 1152 1093 4491 1168 1109 4492 1155 1096 4493 1164 1105 4494 1169 1110 4495 1158 1099 4496 1164 1105 4497 1170 1111 4498 1169 1110 4499 1171 1112 4500 1169 1110 4501 1170 1111 4502 1171 1112 4503 1170 1111 4504 1172 1113 4505 1170 1111 4506 1161 1102 4507 1173 1114 4508 1174 1115 4509 1172 1113 4510 1170 1111 4511 1170 1111 4512 1173 1114 4513 1174 1115 4514 1175 1116 4515 1174 1115 4516 1173 1114 4517 1175 1116 4518 1176 1117 4519 1174 1115 4520 1174 1115 4521 1176 1117 4522 1177 1118 4523 1174 1115 4524 1177 1118 4525 1172 1113 4526 1178 1119 4527 1169 1110 4528 1171 1112 4529 1177 1118 4530 1176 1117 4531 1178 1119 4532 1178 1119 4533 1176 1117 4534 1175 1116 4535 1178 1119 4536 1171 1112 4537 1177 1118 4538 1169 1110 4539 1179 1120 4540 1158 1099 4541 1178 1119 4542 1175 1116 4543 1179 1120 4544 1169 1110 4545 1178 1119 4546 1179 1120 4547 1177 1118 4548 1180 1121 4549 1172 1113 4550 1171 1112 4551 1180 1121 4552 1177 1118 4553 1172 1113 4554 1180 1121 4555 1171 1112 4556 1181 1122 4557 1182 1123 4558 1183 1124 4559 1184 1125 4560 1183 1124 4561 1182 1123 4562 1185 1126 4563 1181 1122 4564 1183 1124 4565 1185 1126 4566 1183 1124 4567 1186 1127 4568 1186 1127 4569 1183 1124 4570 1187 1128 4571 1187 1128 4572 1183 1124 4573 1184 1125 4574 1188 1129 4575 1185 1126 4576 1186 1127 4577 1186 1127 4578 1187 1128 4579 1188 1129 4580 1189 1130 4581 1188 1129 4582 1187 1128 4583 1189 1130 4584 1187 1128 4585 1190 1131 4586 1187 1128 4587 1191 1132 4588 1190 1131 4589 1187 1128 4590 1192 1133 4591 1191 1132 4592 1192 1133 4593 1187 1128 4594 1184 1125 4595 1184 1125 4596 1182 1123 4597 1192 1133 4598 1191 1132 4599 1192 1133 4600 1193 1134 4601 1192 1133 4602 1182 1123 4603 1194 1135 4604 1194 1135 4605 1193 1134 4606 1192 1133 4607 1191 1132 4608 1193 1134 4609 1195 1136 4610 1193 1134 4611 1196 1137 4612 1195 1136 4613 1197 1138 4614 1189 1130 4615 1196 1137 4616 1197 1138 4617 1188 1129 4618 1189 1130 4619 1193 1134 4620 1197 1138 4621 1196 1137 4622 1188 1129 4623 1197 1138 4624 1198 1139 4625 1198 1139 4626 1193 1134 4627 1194 1135 4628 1198 1139 4629 1197 1138 4630 1193 1134 4631 1195 1136 4632 1199 1140 4633 1191 1132 4634 1191 1132 4635 1199 1140 4636 1190 1131 4637 1190 1131 4638 1199 1140 4639 1189 1130 4640 1189 1130 4641 1199 1140 4642 1196 1137 4643 1196 1137 4644 1199 1140 4645 1195 1136 4646 1200 1141 4647 1201 1142 4648 1202 1143 4649 1200 1141 4650 1203 1144 4651 1201 1142 4652 1201 1142 4653 1204 1145 4654 1202 1143 4655 1201 1142 4656 1205 1146 4657 1204 1145 4658 1202 1143 4659 1204 1145 4660 1206 1147 4661 1207 1148 4662 1206 1147 4663 1204 1145 4664 1208 1149 4665 1203 1144 4666 1200 1141 4667 1208 1149 4668 1209 1150 4669 1203 1144 4670 1210 1151 4671 1209 1150 4672 1208 1149 4673 1210 1151 4674 1211 1152 4675 1209 1150 4676 1210 1151 4677 1212 1153 4678 1211 1152 4679 1213 1154 4680 1206 1147 4681 1207 1148 4682 1213 1154 4683 1207 1148 4684 1214 1155 4685 1204 1145 4686 1215 1156 4687 1207 1148 4688 1204 1145 4689 1205 1146 4690 1215 1156 4691 1215 1156 4692 1214 1155 4693 1207 1148 4694 1216 1157 4695 1202 1143 4696 1206 1147 4697 1210 1151 4698 1208 1149 4699 1216 1157 4700 1200 1141 4701 1216 1157 4702 1208 1149 4703 1216 1157 4704 1200 1141 4705 1202 1143 4706 1214 1155 4707 1217 1158 4708 1213 1154 4709 1214 1155 4710 1212 1153 4711 1217 1158 4712 1217 1158 4713 1210 1151 4714 1216 1157 4715 1217 1158 4716 1212 1153 4717 1210 1151 4718 1218 1159 4719 1219 1160 4720 1220 1161 4721 1218 1159 4722 1220 1161 4723 1221 1162 4724 1218 1159 4725 1221 1162 4726 1222 1163 4727 1219 1160 4728 1223 1164 4729 1220 1161 4730 1219 1160 4731 1224 1165 4732 1223 1164 4733 1222 1163 4734 1221 1162 4735 1225 1166 4736 1226 1167 4737 1224 1165 4738 1219 1160 4739 1227 1168 4740 1224 1165 4741 1226 1167 4742 1224 1165 4743 1228 1169 4744 1223 1164 4745 1227 1168 4746 1228 1169 4747 1224 1165 4748 1227 1168 4749 1229 1170 4750 1228 1169 4751 1229 1170 4752 1225 1166 4753 1230 1171 4754 1229 1170 4755 1231 1172 4756 1225 1166 4757 1222 1163 4758 1225 1166 4759 1232 1173 4760 1225 1166 4761 1231 1172 4762 1232 1173 4763 1233 1174 4764 1219 1160 4765 1218 1159 4766 1226 1167 4767 1219 1160 4768 1233 1174 4769 1233 1174 4770 1218 1159 4771 1234 1175 4772 1222 1163 4773 1232 1173 4774 1235 1176 4775 1218 1159 4776 1235 1176 4777 1234 1175 4778 1218 1159 4779 1222 1163 4780 1235 1176 4781 1230 1171 4782 1225 1166 4783 1236 1177 4784 1230 1171 4785 1236 1177 4786 1237 1178 4787 1237 1178 4788 1236 1177 4789 1238 1179 4790 1237 1178 4791 1238 1179 4792 1239 1180 4793 1240 1181 4794 1228 1169 4795 1237 1178 4796 1239 1180 4797 1241 1182 4798 1237 1178 4799 1240 1181 4800 1237 1178 4801 1241 1182 4802 1241 1182 4803 1242 1183 4804 1240 1181 4805 1241 1182 4806 1243 1184 4807 1242 1183 4808 1243 1184 4809 1241 1182 4810 1244 1185 4811 1239 1180 4812 1244 1185 4813 1241 1182 4814 1238 1179 4815 1236 1177 4816 1245 1186 4817 1245 1186 4818 1242 1183 4819 1243 1184 4820 1243 1184 4821 1244 1185 4822 1245 1186 4823 1238 1179 4824 1245 1186 4825 1244 1185 4826 1245 1186 4827 1246 1187 4828 1242 1183 4829 1236 1177 4830 1225 1166 4831 1246 1187 4832 1236 1177 4833 1246 1187 4834 1245 1186 4835 1247 1188 4836 1238 1179 4837 1244 1185 4838 1247 1188 4839 1239 1180 4840 1238 1179 4841 1247 1188 4842 1244 1185 4843 1239 1180 4844 1248 1189 4845 1249 1189 4846 1250 1189 4847 1251 1190 4848 1252 1191 4849 1253 1192 4850 1251 1190 4851 1254 1193 4852 1252 1191 4853 1254 1193 4854 1255 1194 4855 1252 1191 4856 1254 1193 4857 1256 1195 4858 1255 1194 4859 1255 1194 4860 1257 1196 4861 1252 1191 4862 1255 1194 4863 1258 1197 4864 1257 1196 4865 1259 1198 4866 1257 1196 4867 1258 1197 4868 1259 1198 4869 1260 1199 4870 1257 1196 4871 1259 1198 4872 1261 1200 4873 1260 1199 4874 1259 1198 4875 1262 1201 4876 1261 1200 4877 1260 1199 4878 1263 1202 4879 1264 1203 4880 1260 1199 4881 1261 1200 4882 1263 1202 4883 1254 1193 4884 1251 1190 4885 1265 1204 4886 1256 1195 4887 1254 1193 4888 1265 1204 4889 1256 1195 4890 1265 1204 4891 1266 1205 4892 1266 1205 4893 1265 1204 4894 1267 1206 4895 1266 1205 4896 1267 1206 4897 1268 1207 4898 1265 1204 4899 1269 1208 4900 1267 1206 4901 1270 1209 4902 1265 1204 4903 1251 1190 4904 1265 1204 4905 1270 1209 4906 1269 1208 4907 1271 1210 4908 1268 1207 4909 1267 1206 4910 1269 1208 4911 1271 1210 4912 1267 1206 4913 1269 1208 4914 1272 1211 4915 1271 1210 4916 1273 1212 4917 1271 1210 4918 1272 1211 4919 1274 1213 4920 1271 1210 4921 1273 1212 4922 1271 1210 4923 1274 1213 4924 1275 1214 4925 1271 1210 4926 1276 1215 4927 1268 1207 4928 1271 1210 4929 1275 1214 4930 1276 1215 4931 1277 1216 4932 1278 1217 4933 1279 1218 4934 1277 1216 4935 1280 1219 4936 1278 1217 4937 1280 1219 4938 1281 1220 4939 1278 1217 4940 1280 1219 4941 1282 1221 4942 1281 1220 4943 1283 1222 4944 1278 1217 4945 1281 1220 4946 1283 1222 4947 1284 1223 4948 1278 1217 4949 1279 1218 4950 1278 1217 4951 1284 1223 4952 1285 1224 4953 1284 1223 4954 1283 1222 4955 1285 1224 4956 1283 1222 4957 1286 1225 4958 1279 1218 4959 1284 1223 4960 1287 1226 4961 1287 1226 4962 1284 1223 4963 1285 1224 4964 1287 1226 4965 1285 1224 4966 1288 1227 4967 1289 1228 4968 1288 1227 4969 1285 1224 4970 1286 1225 4971 1289 1228 4972 1285 1224 4973 1286 1225 4974 1290 1229 4975 1289 1228 4976 1289 1228 4977 1291 1230 4978 1288 1227 4979 1292 1231 4980 1282 1221 4981 1280 1219 4982 1292 1231 4983 1293 1232 4984 1282 1221 4985 1294 1233 4986 1280 1219 4987 1277 1216 4988 1294 1233 4989 1292 1231 4990 1280 1219 4991 1292 1231 4992 1294 1233 4993 1295 1234 4994 1293 1232 4995 1292 1231 4996 1296 1235 4997 1292 1231 4998 1295 1234 4999 1296 1235 5000 1295 1234 5001 1297 1236 5002 1296 1235 5003 1295 1234 5004 1298 1237 5005 1297 1236 5006 1299 1238 5007 1297 1236 5008 1298 1237 5009 1299 1238 5010 1298 1237 5011 1300 1239 5012 1293 1232 5013 1296 1235 5014 1301 1240 5015 1302 1241 5016 1297 1236 5017 1299 1238 5018 1296 1235 5019 1303 1242 5020 1301 1240 5021 1296 1235 5022 1297 1236 5023 1303 1242 5024 1302 1241 5025 1303 1242 5026 1297 1236 5027 1304 1243 5028 1305 1244 5029 1306 1245 5030 1304 1243 5031 1307 1246 5032 1305 1244 5033 1305 1244 5034 1308 1247 5035 1306 1245 5036 1305 1244 5037 1309 1248 5038 1308 1247 5039 1310 1249 5040 1308 1247 5041 1309 1248 5042 1310 1249 5043 1309 1248 5044 1311 1250 5045 1312 1251 5046 1309 1248 5047 1305 1244 5048 1307 1246 5049 1313 1252 5050 1305 1244 5051 1312 1251 5052 1305 1244 5053 1313 1252 5054 1314 1253 5055 1309 1248 5056 1312 1251 5057 1314 1253 5058 1311 1250 5059 1309 1248 5060 1315 1254 5061 1312 1251 5062 1313 1252 5063 1314 1253 5064 1312 1251 5065 1315 1254 5066 1316 1255 5067 1314 1253 5068 1315 1254 5069 1316 1255 5070 1317 1256 5071 1314 1253 5072 1311 1250 5073 1314 1253 5074 1317 1256 5075 1307 1246 5076 1318 1257 5077 1313 1252 5078 1319 1258 5079 1310 1249 5080 1311 1250 5081 1311 1250 5082 1317 1256 5083 1319 1258 5084 1319 1258 5085 1320 1259 5086 1310 1249 5087 1321 1260 5088 1307 1246 5089 1304 1243 5090 1322 1261 5091 1318 1257 5092 1307 1246 5093 1321 1260 5094 1322 1261 5095 1307 1246 5096 1323 1262 5097 1315 1254 5098 1313 1252 5099 1323 1262 5100 1313 1252 5101 1318 1257 5102 1324 1263 5103 1322 1261 5104 1321 1260 5105 1324 1263 5106 1325 1264 5107 1322 1261 5108 1315 1254 5109 1326 1265 5110 1316 1255 5111 1323 1262 5112 1326 1265 5113 1315 1254 5114 1316 1255 5115 1326 1265 5116 1327 1266 5117 1328 1267 5118 1326 1265 5119 1323 1262 5120 1326 1265 5121 1328 1267 5122 1329 1268 5123 1330 1269 5124 1322 1261 5125 1325 1264 5126 1323 1262 5127 1318 1257 5128 1330 1269 5129 1323 1262 5130 1330 1269 5131 1328 1267 5132 1322 1261 5133 1330 1269 5134 1318 1257 5135 1328 1267 5136 1330 1269 5137 1331 1270 5138 1328 1267 5139 1331 1270 5140 1329 1268 5141 1330 1269 5142 1325 1264 5143 1331 1270 5144 1325 1264 5145 1332 1271 5146 1331 1270 5147 1332 1271 5148 1329 1268 5149 1331 1270 5150 1325 1264 5151 1333 1272 5152 1332 1271 5153 1324 1263 5154 1333 1272 5155 1325 1264 5156 1332 1271 5157 1333 1272 5158 1334 1273 5159 1334 1273 5160 1333 1272 5161 1335 1274 5162 1324 1263 5163 1335 1274 5164 1333 1272 5165 1334 1273 5166 1335 1274 5167 1336 1275 5168 1332 1271 5169 1334 1273 5170 1337 1276 5171 1337 1276 5172 1338 1277 5173 1332 1271 5174 1329 1268 5175 1338 1277 5176 1326 1265 5177 1332 1271 5178 1338 1277 5179 1329 1268 5180 1337 1276 5181 1339 1278 5182 1338 1277 5183 1340 1279 5184 1341 1280 5185 1342 1281 5186 1343 1282 5187 1342 1281 5188 1341 1280 5189 1342 1281 5190 1344 1283 5191 1340 1279 5192 1342 1281 5193 1345 1284 5194 1346 1285 5195 1347 1286 5196 1345 1284 5197 1343 1282 5198 1348 963 5199 1349 962 5200 1350 963 5201 1351 964 5202 1349 962 5203 1348 963 5204 1351 964 5205 1352 965 5206 1349 962 5207 1353 1287 5208 1354 1288 5209 1355 1289 5210 1355 1289 5211 1356 1290 5212 1353 1287 5213 1357 1291 5214 1354 1288 5215 1353 1287 5216 1353 1287 5217 1356 1290 5218 1358 1292 5219 1358 1292 5220 1356 1290 5221 1359 1293 5222 1359 1293 5223 1356 1290 5224 1360 1294 5225 1360 1294 5226 1361 1295 5227 1359 1293 5228 1359 1293 5229 1361 1295 5230 1362 1296 5231 1361 1295 5232 1363 1297 5233 1362 1296 5234 1364 1298 5235 1363 1297 5236 1361 1295 5237 1363 1297 5238 1364 1298 5239 1365 1299 5240 1366 1300 5241 1363 1297 5242 1365 1299 5243 1367 1301 5244 1368 1302 5245 1369 1303 5246 1370 1304 5247 1368 1302 5248 1367 1301 5249 1371 1305 5250 1367 1301 5251 1369 1303 5252 1372 1306 5253 1367 1301 5254 1371 1305 5255 1368 1302 5256 1373 1307 5257 1369 1303 5258 1369 1303 5259 1373 1307 5260 1374 1308 5261 1375 1309 5262 1369 1303 5263 1374 1308 5264 1371 1305 5265 1369 1303 5266 1375 1309 5267 1376 1310 5268 1367 1301 5269 1372 1306 5270 1377 1311 5271 1367 1301 5272 1376 1310 5273 1378 1312 5274 1376 1310 5275 1372 1306 5276 1378 1312 5277 1372 1306 5278 1379 1313 5279 1380 1314 5280 1378 1312 5281 1379 1313 5282 1380 1314 5283 1379 1313 5284 1381 1315 5285 1378 1312 5286 1380 1314 5287 1382 1316 5288 1378 1312 5289 1382 1316 5290 1376 1310 5291 1382 1316 5292 1380 1314 5293 1381 1315 5294 1383 1317 5295 1367 1301 5296 1377 1311 5297 1383 1317 5298 1370 1304 5299 1367 1301 5300 1384 1318 5301 1370 1304 5302 1383 1317 5303 1384 1318 5304 1385 1319 5305 1370 1304 5306 1386 1320 5307 1385 1319 5308 1384 1318 5309 1387 1321 5310 1386 1320 5311 1384 1318 5312 1387 1321 5313 1388 1322 5314 1386 1320 5315 1387 1321 5316 1389 1323 5317 1388 1322 5318 1384 1318 5319 1389 1323 5320 1387 1321 5321 1384 1318 5322 1383 1317 5323 1389 1323 5324 1388 1322 5325 1390 1324 5326 1386 1320 5327 1377 1311 5328 1376 1310 5329 1391 1325 5330 1377 1311 5331 1391 1325 5332 1383 1317 5333 1389 1323 5334 1383 1317 5335 1392 1326 5336 1383 1317 5337 1391 1325 5338 1392 1326 5339 1386 1320 5340 1393 1327 5341 1379 1313 5342 1393 1327 5343 1381 1315 5344 1379 1313 5345 1390 1324 5346 1393 1327 5347 1386 1320 5348 1394 1328 5349 1395 1329 5350 1379 1313 5351 1396 1330 5352 1395 1329 5353 1394 1328 5354 1391 1325 5355 1376 1310 5356 1397 1331 5357 1376 1310 5358 1382 1316 5359 1397 1331 5360 1370 1304 5361 1398 1332 5362 1368 1302 5363 1399 1333 5364 1400 1334 5365 1368 1302 5366 1368 1302 5367 1400 1334 5368 1373 1307 5369 1379 1313 5370 1401 1335 5371 1394 1328 5372 1372 1306 5373 1401 1335 5374 1379 1313 5375 1372 1306 5376 1371 1305 5377 1401 1335 5378 1402 1336 5379 1403 1337 5380 1404 1338 5381 1402 1336 5382 1371 1305 5383 1405 1339 5384 1405 1339 5385 1371 1305 5386 1375 1309 5387 1405 1339 5388 1403 1337 5389 1402 1336 5390 1406 1340 5391 1407 1341 5392 1404 1338 5393 1403 1337 5394 1406 1340 5395 1404 1338 5396 1408 1342 5397 1406 1340 5398 1403 1337 5399 1409 1343 5400 1410 1344 5401 1411 1345 5402 1412 1346 5403 1410 1344 5404 1409 1343 5405 1410 1344 5406 1413 1347 5407 1411 1345 5408 1414 1348 5409 1413 1347 5410 1410 1344 5411 1412 1346 5412 1415 1349 5413 1410 1344 5414 1410 1344 5415 1415 1349 5416 1414 1348 5417 1414 1348 5418 1415 1349 5419 1416 1350 5420 1417 1351 5421 1415 1349 5422 1412 1346 5423 1413 1347 5424 1414 1348 5425 1418 1352 5426 1414 1348 5427 1416 1350 5428 1419 1353 5429 1418 1352 5430 1414 1348 5431 1419 1353 5432 1418 1352 5433 1419 1353 5434 1420 1354 5435 1420 1354 5436 1419 1353 5437 1421 1355 5438 1419 1353 5439 1422 1356 5440 1421 1355 5441 1423 1357 5442 1422 1356 5443 1419 1353 5444 1419 1353 5445 1416 1350 5446 1423 1357 5447 1424 1358 5448 1420 1354 5449 1421 1355 5450 1422 1356 5451 1424 1358 5452 1421 1355 5453 1425 1359 5454 1420 1354 5455 1424 1358 5456 1426 1360 5457 1425 1359 5458 1424 1358 5459 1427 1361 5460 1425 1359 5461 1426 1360 5462 1426 1360 5463 1424 1358 5464 1428 1362 5465 1428 1362 5466 1424 1358 5467 1429 1363 5468 1429 1363 5469 1424 1358 5470 1422 1356 5471 1430 1364 5472 1423 1357 5473 1431 1365 5474 1430 1364 5475 1431 1365 5476 1432 1366 5477 1433 1367 5478 1432 1366 5479 1431 1365 5480 1433 1367 5481 1434 1368 5482 1435 1369 5483 1436 1370 5484 1435 1369 5485 1434 1368 5486 1437 1371 5487 1438 1371 5488 1429 1363 5489 1439 1372 5490 1440 1373 5491 1441 1374 5492 1439 1372 5493 1441 1374 5494 1442 1375 5495 1439 1372 5496 1443 1376 5497 1440 1373 5498 1439 1372 5499 1442 1375 5500 1443 1376 5501 1440 1373 5502 1443 1376 5503 1444 1377 5504 1445 1378 5505 1444 1377 5506 1443 1376 5507 1446 1379 5508 1440 1373 5509 1444 1377 5510 1447 1380 5511 1440 1373 5512 1446 1379 5513 1448 1381 5514 1446 1379 5515 1449 1382 5516 1443 1376 5517 1442 1375 5518 1450 1383 5519 1445 1378 5520 1443 1376 5521 1450 1383 5522 1450 1383 5523 1442 1375 5524 1451 1384 5525 1451 1384 5526 1442 1375 5527 1452 1385 5528 1450 1383 5529 1453 1386 5530 1445 1378 5531 1451 1384 5532 1453 1386 5533 1450 1383 5534 1445 1378 5535 1453 1386 5536 1454 1387 5537 1455 1388 5538 1453 1386 5539 1451 1384 5540 1447 1380 5541 1446 1379 5542 1456 1389 5543 1448 1381 5544 1456 1389 5545 1446 1379 5546 1456 1389 5547 1448 1381 5548 1457 1390 5549 1457 1390 5550 1458 1391 5551 1456 1389 5552 1456 1389 5553 1458 1391 5554 1459 1392 5555 1458 1391 5556 1460 1393 5557 1459 1392 5558 1461 1394 5559 1460 1393 5560 1458 1391 5561 1460 1393 5562 1461 1394 5563 1462 1395 5564 1462 1395 5565 1463 1396 5566 1460 1393 5567 1464 1397 5568 1460 1393 5569 1463 1396 5570 1465 1398 5571 1466 1141 5572 1467 1144 5573 1468 1399 5574 1466 1141 5575 1465 1398 5576 1468 1399 5577 1465 1398 5578 1469 1145 5579 1469 1145 5580 1465 1398 5581 1470 1400 5582 1468 1399 5583 1469 1145 5584 1471 1147 5585 1472 1148 5586 1471 1147 5587 1469 1145 5588 1466 1141 5589 1473 1149 5590 1467 1144 5591 1467 1144 5592 1473 1149 5593 1474 1150 5594 1473 1149 5595 1475 1401 5596 1474 1150 5597 1474 1150 5598 1475 1401 5599 1476 1152 5600 1475 1401 5601 1477 1402 5602 1476 1152 5603 1472 1148 5604 1478 1154 5605 1471 1147 5606 1479 1155 5607 1478 1154 5608 1472 1148 5609 1472 1148 5610 1469 1145 5611 1480 1156 5612 1480 1156 5613 1479 1155 5614 1472 1148 5615 1480 1156 5616 1469 1145 5617 1470 1400 5618 1471 1147 5619 1481 1403 5620 1468 1399 5621 1475 1401 5622 1473 1149 5623 1481 1403 5624 1466 1141 5625 1481 1403 5626 1473 1149 5627 1468 1399 5628 1481 1403 5629 1466 1141 5630 1475 1401 5631 1482 1158 5632 1477 1402 5633 1481 1403 5634 1482 1158 5635 1475 1401 5636 1482 1158 5637 1479 1155 5638 1477 1402 5639 1478 1154 5640 1479 1155 5641 1482 1158 5642 1483 1404 5643 1484 1160 5644 1485 1161 5645 1486 1405 5646 1483 1404 5647 1485 1161 5648 1487 1406 5649 1483 1404 5650 1486 1405 5651 1484 1160 5652 1488 1164 5653 1485 1161 5654 1489 1165 5655 1488 1164 5656 1484 1160 5657 1487 1406 5658 1486 1405 5659 1490 1166 5660 1484 1160 5661 1491 1167 5662 1489 1165 5663 1491 1167 5664 1492 1168 5665 1489 1165 5666 1489 1165 5667 1493 1169 5668 1488 1164 5669 1489 1165 5670 1492 1168 5671 1493 1169 5672 1492 1168 5673 1494 1170 5674 1493 1169 5675 1490 1166 5676 1494 1170 5677 1495 1172 5678 1496 1171 5679 1494 1170 5680 1490 1166 5681 1497 1173 5682 1487 1406 5683 1490 1166 5684 1490 1166 5685 1495 1172 5686 1497 1173 5687 1483 1404 5688 1498 1174 5689 1484 1160 5690 1498 1174 5691 1491 1167 5692 1484 1160 5693 1499 1407 5694 1498 1174 5695 1483 1404 5696 1499 1407 5697 1483 1404 5698 1500 1176 5699 1500 1176 5700 1487 1406 5701 1497 1173 5702 1500 1176 5703 1483 1404 5704 1487 1406 5705 1501 1177 5706 1496 1171 5707 1490 1166 5708 1502 1178 5709 1496 1171 5710 1501 1177 5711 1501 1177 5712 1503 1179 5713 1502 1178 5714 1502 1178 5715 1503 1179 5716 1504 1180 5717 1493 1169 5718 1502 1178 5719 1505 1408 5720 1504 1180 5721 1506 1409 5722 1502 1178 5723 1505 1408 5724 1502 1178 5725 1506 1409 5726 1506 1409 5727 1507 1410 5728 1505 1408 5729 1508 1411 5730 1507 1410 5731 1506 1409 5732 1509 1185 5733 1506 1409 5734 1504 1180 5735 1508 1411 5736 1506 1409 5737 1509 1185 5738 1501 1177 5739 1510 1412 5740 1503 1179 5741 1508 1411 5742 1509 1185 5743 1510 1412 5744 1508 1411 5745 1510 1412 5746 1507 1410 5747 1503 1179 5748 1510 1412 5749 1509 1185 5750 1510 1412 5751 1501 1177 5752 1511 1187 5753 1507 1410 5754 1510 1412 5755 1511 1187 5756 1511 1187 5757 1501 1177 5758 1490 1166 5759 1512 1188 5760 1504 1180 5761 1503 1179 5762 1512 1188 5763 1503 1179 5764 1509 1185 5765 1512 1188 5766 1509 1185 5767 1504 1180 5768 1513 1413 5769 1514 1414 5770 1515 1415 5771 1515 1415 5772 1516 1416 5773 1513 1413 5774 1514 1414 5775 1517 1417 5776 1515 1415 5777 1515 1415 5778 1517 1417 5779 1518 1418 5780 1515 1415 5781 1518 1418 5782 1519 1419 5783 1515 1415 5784 1519 1419 5785 1516 1416 5786 1519 1419 5787 1518 1418 5788 1520 1420 5789 1517 1417 5790 1520 1420 5791 1518 1418 5792 1520 1420 5793 1521 1421 5794 1519 1419 5795 1519 1419 5796 1521 1421 5797 1522 1422 5798 1523 1423 5799 1519 1419 5800 1522 1422 5801 1524 1424 5802 1519 1419 5803 1523 1423 5804 1519 1419 5805 1524 1424 5806 1516 1416 5807 1513 1413 5808 1516 1416 5809 1524 1424 5810 1524 1424 5811 1523 1423 5812 1525 1425 5813 1525 1425 5814 1526 1426 5815 1524 1424 5816 1513 1413 5817 1524 1424 5818 1526 1426 5819 1525 1425 5820 1523 1423 5821 1527 1427 5822 1528 1428 5823 1525 1425 5824 1527 1427 5825 1520 1420 5826 1529 1429 5827 1521 1421 5828 1529 1429 5829 1525 1425 5830 1528 1428 5831 1521 1421 5832 1529 1429 5833 1528 1428 5834 1525 1425 5835 1530 1430 5836 1526 1426 5837 1529 1429 5838 1520 1420 5839 1530 1430 5840 1529 1429 5841 1530 1430 5842 1525 1425 5843 1531 1431 5844 1521 1421 5845 1528 1428 5846 1531 1431 5847 1528 1428 5848 1527 1427 5849 1531 1431 5850 1527 1427 5851 1523 1423 5852 1531 1431 5853 1523 1423 5854 1522 1422 5855 1531 1431 5856 1522 1422 5857 1521 1421 5858 1532 1432 5859 1533 1074 5860 1534 1433 5861 1535 1076 5862 1533 1074 5863 1532 1432 5864 1536 1078 5865 1532 1432 5866 1534 1433 5867 1537 1434 5868 1532 1432 5869 1536 1078 5870 1536 1078 5871 1534 1433 5872 1538 1080 5873 1538 1080 5874 1539 1081 5875 1536 1078 5876 1535 1076 5877 1540 1082 5878 1533 1074 5879 1541 1083 5880 1540 1082 5881 1535 1076 5882 1541 1083 5883 1542 1435 5884 1540 1082 5885 1543 1085 5886 1542 1435 5887 1541 1083 5888 1544 1436 5889 1542 1435 5890 1543 1085 5891 1538 1080 5892 1545 1087 5893 1539 1081 5894 1539 1081 5895 1545 1087 5896 1546 1088 5897 1546 1088 5898 1547 1089 5899 1539 1081 5900 1547 1089 5901 1536 1078 5902 1539 1081 5903 1537 1434 5904 1536 1078 5905 1547 1089 5906 1540 1082 5907 1542 1435 5908 1548 1437 5909 1533 1074 5910 1548 1437 5911 1534 1433 5912 1548 1437 5913 1533 1074 5914 1540 1082 5915 1534 1433 5916 1548 1437 5917 1538 1080 5918 1544 1436 5919 1549 1091 5920 1542 1435 5921 1549 1091 5922 1546 1088 5923 1545 1087 5924 1544 1436 5925 1546 1088 5926 1549 1091 5927 1542 1435 5928 1549 1091 5929 1548 1437 5930 1550 1092 5931 1551 1438 5932 1552 1094 5933 1552 1094 5934 1551 1438 5935 1553 1439 5936 1553 1439 5937 1551 1438 5938 1554 1440 5939 1555 1097 5940 1550 1092 5941 1552 1094 5942 1556 1098 5943 1550 1092 5944 1555 1097 5945 1553 1439 5946 1554 1440 5947 1557 1099 5948 1556 1098 5949 1558 1100 5950 1550 1092 5951 1556 1098 5952 1559 1101 5953 1558 1100 5954 1560 1102 5955 1556 1098 5956 1555 1097 5957 1560 1102 5958 1559 1101 5959 1556 1098 5960 1561 1103 5961 1559 1101 5962 1560 1102 5963 1557 1099 5964 1561 1103 5965 1562 1105 5966 1563 1104 5967 1561 1103 5968 1557 1099 5969 1557 1099 5970 1554 1440 5971 1564 1106 5972 1563 1104 5973 1557 1099 5974 1564 1106 5975 1550 1092 5976 1558 1100 5977 1565 1107 5978 1550 1092 5979 1565 1107 5980 1551 1438 5981 1551 1438 5982 1565 1107 5983 1566 1441 5984 1564 1106 5985 1554 1440 5986 1567 1109 5987 1554 1440 5988 1551 1438 5989 1567 1109 5990 1567 1109 5991 1551 1438 5992 1566 1441 5993 1557 1099 5994 1562 1105 5995 1568 1110 5996 1568 1110 5997 1562 1105 5998 1569 1111 5999 1568 1110 6000 1569 1111 6001 1570 1112 6002 1570 1112 6003 1569 1111 6004 1571 1113 6005 1560 1102 6006 1572 1442 6007 1569 1111 6008 1569 1111 6009 1572 1442 6010 1573 1443 6011 1573 1443 6012 1571 1113 6013 1569 1111 6014 1574 1444 6015 1573 1443 6016 1572 1442 6017 1575 1445 6018 1573 1443 6019 1574 1444 6020 1573 1443 6021 1575 1445 6022 1576 1118 6023 1576 1118 6024 1571 1113 6025 1573 1443 6026 1574 1444 6027 1577 1446 6028 1575 1445 6029 1576 1118 6030 1575 1445 6031 1577 1446 6032 1568 1110 6033 1570 1112 6034 1577 1446 6035 1577 1446 6036 1570 1112 6037 1576 1118 6038 1578 1120 6039 1577 1446 6040 1574 1444 6041 1557 1099 6042 1568 1110 6043 1578 1120 6044 1578 1120 6045 1568 1110 6046 1577 1446 6047 1576 1118 6048 1579 1121 6049 1571 1113 6050 1571 1113 6051 1579 1121 6052 1570 1112 6053 1570 1112 6054 1579 1121 6055 1576 1118 6056 1580 1447 6057 1581 1447 6058 1582 1447 6059 1583 1448 6060 1584 1449 6061 1585 1450 6062 1586 1451 6063 1584 1449 6064 1583 1448 6065 1587 1452 6066 1586 1451 6067 1583 1448 6068 1588 1453 6069 1586 1451 6070 1587 1452 6071 1583 1448 6072 1585 1450 6073 1589 1454 6074 1589 1454 6075 1587 1452 6076 1583 1448 6077 1590 1455 6078 1587 1452 6079 1589 1454 6080 1589 1454 6081 1591 1456 6082 1590 1455 6083 1592 1457 6084 1591 1456 6085 1589 1454 6086 1589 1454 6087 1593 1458 6088 1592 1457 6089 1589 1454 6090 1585 1450 6091 1594 1459 6092 1595 1460 6093 1591 1456 6094 1592 1457 6095 1596 1461 6096 1591 1456 6097 1595 1460 6098 1595 1460 6099 1592 1457 6100 1597 1462 6101 1597 1462 6102 1592 1457 6103 1593 1458 6104 1584 1449 6105 1586 1451 6106 1598 1463 6107 1586 1451 6108 1588 1453 6109 1598 1463 6110 1598 1463 6111 1588 1453 6112 1599 1464 6113 1598 1463 6114 1599 1464 6115 1600 1465 6116 1600 1465 6117 1599 1464 6118 1601 1466 6119 1602 1467 6120 1598 1463 6121 1600 1465 6122 1598 1463 6123 1603 1468 6124 1584 1449 6125 1603 1468 6126 1598 1463 6127 1602 1467 6128 1604 1469 6129 1602 1467 6130 1600 1465 6131 1601 1466 6132 1604 1469 6133 1600 1465 6134 1605 1470 6135 1602 1467 6136 1604 1469 6137 1604 1469 6138 1606 1471 6139 1605 1470 6140 1604 1469 6141 1607 1472 6142 1606 1471 6143 1607 1472 6144 1604 1469 6145 1608 1473 6146 1608 1473 6147 1604 1469 6148 1609 1474 6149 1609 1474 6150 1604 1469 6151 1601 1466 6152 1610 1475 6153 1611 1476 6154 1612 1477 6155 1613 1478 6156 1611 1476 6157 1610 1475 6158 1614 1479 6159 1613 1478 6160 1610 1475 6161 1615 1480 6162 1613 1478 6163 1614 1479 6164 1610 1475 6165 1616 1481 6166 1614 1479 6167 1617 1482 6168 1616 1481 6169 1610 1475 6170 1610 1475 6171 1612 1477 6172 1617 1482 6173 1617 1482 6174 1618 1483 6175 1616 1481 6176 1616 1481 6177 1618 1483 6178 1619 1484 6179 1617 1482 6180 1620 1485 6181 1618 1483 6182 1617 1482 6183 1612 1477 6184 1620 1485 6185 1618 1483 6186 1620 1485 6187 1621 1486 6188 1622 1487 6189 1619 1484 6190 1618 1483 6191 1621 1486 6192 1622 1487 6193 1618 1483 6194 1623 1488 6195 1619 1484 6196 1622 1487 6197 1624 1489 6198 1622 1487 6199 1621 1486 6200 1615 1480 6201 1625 1490 6202 1613 1478 6203 1626 1491 6204 1625 1490 6205 1615 1480 6206 1613 1478 6207 1627 1492 6208 1611 1476 6209 1625 1490 6210 1627 1492 6211 1613 1478 6212 1627 1492 6213 1625 1490 6214 1628 1493 6215 1625 1490 6216 1626 1491 6217 1629 1494 6218 1628 1493 6219 1625 1490 6220 1629 1494 6221 1630 1495 6222 1628 1493 6223 1629 1494 6224 1631 1496 6225 1628 1493 6226 1630 1495 6227 1630 1495 6228 1632 1497 6229 1631 1496 6230 1631 1496 6231 1632 1497 6232 1633 1498 6233 1629 1494 6234 1626 1491 6235 1634 1499 6236 1630 1495 6237 1635 1500 6238 1632 1497 6239 1636 1501 6240 1629 1494 6241 1634 1499 6242 1630 1495 6243 1629 1494 6244 1636 1501 6245 1636 1501 6246 1635 1500 6247 1630 1495 6248 1637 1502 6249 1638 1503 6250 1639 1504 6251 1640 1505 6252 1638 1503 6253 1637 1502 6254 1641 1506 6255 1637 1502 6256 1639 1504 6257 1642 1507 6258 1637 1502 6259 1641 1506 6260 1641 1506 6261 1643 1508 6262 1642 1507 6263 1642 1507 6264 1643 1508 6265 1644 1509 6266 1642 1507 6267 1645 1510 6268 1637 1502 6269 1637 1502 6270 1645 1510 6271 1646 1511 6272 1646 1511 6273 1640 1505 6274 1637 1502 6275 1644 1509 6276 1647 1512 6277 1642 1507 6278 1642 1507 6279 1647 1512 6280 1645 1510 6281 1645 1510 6282 1647 1512 6283 1648 1513 6284 1645 1510 6285 1648 1513 6286 1646 1511 6287 1647 1512 6288 1649 1514 6289 1648 1513 6290 1650 1515 6291 1649 1514 6292 1647 1512 6293 1647 1512 6294 1644 1509 6295 1650 1515 6296 1651 1516 6297 1640 1505 6298 1646 1511 6299 1643 1508 6300 1652 1517 6301 1644 1509 6302 1650 1515 6303 1644 1509 6304 1652 1517 6305 1653 1518 6306 1652 1517 6307 1643 1508 6308 1640 1505 6309 1654 1519 6310 1638 1503 6311 1655 1520 6312 1654 1519 6313 1640 1505 6314 1651 1516 6315 1655 1520 6316 1640 1505 6317 1648 1513 6318 1656 1521 6319 1646 1511 6320 1646 1511 6321 1656 1521 6322 1651 1516 6323 1655 1520 6324 1657 1522 6325 1654 1519 6326 1658 1523 6327 1657 1522 6328 1655 1520 6329 1659 1524 6330 1656 1521 6331 1648 1513 6332 1659 1524 6333 1648 1513 6334 1649 1514 6335 1659 1524 6336 1649 1514 6337 1660 1525 6338 1659 1524 6339 1661 1526 6340 1656 1521 6341 1661 1526 6342 1659 1524 6343 1662 1527 6344 1663 1528 6345 1656 1521 6346 1661 1526 6347 1651 1516 6348 1656 1521 6349 1663 1528 6350 1663 1528 6351 1655 1520 6352 1651 1516 6353 1655 1520 6354 1663 1528 6355 1658 1523 6356 1663 1528 6357 1661 1526 6358 1664 1529 6359 1658 1523 6360 1663 1528 6361 1664 1529 6362 1664 1529 6363 1661 1526 6364 1662 1527 6365 1662 1527 6366 1665 1530 6367 1664 1529 6368 1665 1530 6369 1658 1523 6370 1664 1529 6371 1666 1531 6372 1657 1522 6373 1658 1523 6374 1666 1531 6375 1658 1523 6376 1665 1530 6377 1666 1531 6378 1665 1530 6379 1667 1532 6380 1668 1533 6381 1657 1522 6382 1666 1531 6383 1666 1531 6384 1667 1532 6385 1668 1533 6386 1668 1533 6387 1667 1532 6388 1669 1534 6389 1667 1532 6390 1665 1530 6391 1670 1535 6392 1671 1536 6393 1665 1530 6394 1662 1527 6395 1671 1536 6396 1662 1527 6397 1659 1524 6398 1671 1536 6399 1670 1535 6400 1665 1530 6401 1672 1537 6402 1670 1535 6403 1671 1536 6404 1673 1538 6405 1674 1539 6406 1675 1540 6407 1675 1540 6408 1676 1541 6409 1673 1538 6410 1677 1542 6411 1678 1543 6412 1674 1539 6413 1675 1540 6414 1679 1544 6415 1676 1541 6416 1680 1545 6417 1681 1546 6418 1682 1547 6419 1683 1548 6420 1681 1546 6421 1680 1545 6422 1682 1547 6423 1684 1549 6424 1680 1545 6425 1685 1550 6426 1684 1549 6427 1682 1547 6428 1685 1550 6429 1686 1551 6430 1684 1549 6431 1687 1552 6432 1686 1551 6433 1685 1550 6434 1687 1552 6435 1688 1553 6436 1686 1551 6437 1686 1551 6438 1688 1553 6439 1689 1554 6440 1690 1555 6441 1689 1554 6442 1688 1553 6443 1691 1556 6444 1689 1554 6445 1690 1555 6446 1691 1556 6447 1692 1557 6448 1689 1554 6449 1689 1554 6450 1692 1557 6451 1686 1551 6452 1693 1558 6453 1692 1557 6454 1691 1556 6455 1694 1559 6456 1683 1548 6457 1680 1545 6458 1684 1549 6459 1694 1559 6460 1680 1545 6461 1695 1560 6462 1683 1548 6463 1694 1559 6464 1684 1549 6465 1686 1551 6466 1696 1561 6467 1696 1561 6468 1694 1559 6469 1684 1549 6470 1696 1561 6471 1686 1551 6472 1697 1562 6473 1686 1551 6474 1692 1557 6475 1697 1562 6476 1698 1563 6477 1699 1564 6478 1700 1565 6479 1701 1566 6480 1699 1564 6481 1698 1563 6482 1698 1563 6483 1700 1565 6484 1702 1567 6485 1702 1567 6486 1700 1565 6487 1703 1568 6488 1698 1563 6489 1704 1569 6490 1701 1566 6491 1702 1567 6492 1705 1570 6493 1698 1563 6494 1705 1570 6495 1704 1569 6496 1698 1563 6497 1706 1571 6498 1705 1570 6499 1702 1567 6500 1699 1564 6501 1707 1572 6502 1700 1565 6503 1699 1564 6504 1708 1573 6505 1707 1572 6506 1701 1566 6507 1709 1574 6508 1699 1564 6509 1709 1574 6510 1708 1573 6511 1699 1564 6512 1700 1565 6513 1707 1572 6514 1710 1575 6515 1700 1565 6516 1710 1575 6517 1703 1568 6518 1703 1568 6519 1710 1575 6520 1711 1576 6521 1712 1577 6522 1702 1567 6523 1703 1568 6524 1703 1568 6525 1711 1576 6526 1712 1577 6527 1712 1577 6528 1711 1576 6529 1713 1578 6530 1712 1577 6531 1713 1578 6532 1714 1579 6533 1714 1579 6534 1713 1578 6535 1715 1580 6536 1716 1581 6537 1709 1574 6538 1701 1566 6539 1714 1579 6540 1717 1582 6541 1712 1577 6542 1717 1582 6543 1702 1567 6544 1712 1577 6545 1718 1583 6546 1717 1582 6547 1714 1579 6548 1719 1584 6549 1717 1582 6550 1718 1583 6551 1720 1585 6552 1702 1567 6553 1717 1582 6554 1706 1571 6555 1702 1567 6556 1720 1585 6557 1720 1585 6558 1717 1582 6559 1719 1584 6560 1701 1566 6561 1721 1586 6562 1716 1581 6563 1704 1569 6564 1721 1586 6565 1701 1566 6566 1722 1587 6567 1723 1588 6568 1724 1589 6569 1725 1590 6570 1723 1588 6571 1722 1587 6572 1726 1591 6573 1725 1590 6574 1722 1587 6575 1727 1592 6576 1725 1590 6577 1726 1591 6578 1728 1593 6579 1727 1592 6580 1726 1591 6581 1729 1594 6582 1727 1592 6583 1728 1593 6584 1729 1594 6585 1728 1593 6586 1730 1595 6587 1730 1595 6588 1728 1593 6589 1731 1596 6590 1730 1595 6591 1731 1596 6592 1732 1597 6593 1732 1597 6594 1731 1596 6595 1733 1598 6596 1724 1589 6597 1734 1599 6598 1722 1587 6599 1722 1587 6600 1734 1599 6601 1735 1600 6602 1722 1587 6603 1735 1600 6604 1726 1591 6605 1726 1591 6606 1736 1601 6607 1728 1593 6608 1726 1591 6609 1735 1600 6610 1736 1601 6611 1728 1593 6612 1736 1601 6613 1737 1602 6614 1738 1603 6615 1728 1593 6616 1737 1602 6617 1731 1596 6618 1728 1593 6619 1738 1603 6620 1739 1604 6621 1731 1596 6622 1738 1603 6623 1733 1598 6624 1731 1596 6625 1739 1604 6626 1739 1604 6627 1738 1603 6628 1740 1605 6629 1740 1605 6630 1738 1603 6631 1741 1606 6632 1737 1602 6633 1741 1606 6634 1738 1603 6635 1734 1599 6636 1742 1607 6637 1735 1600 6638 1735 1600 6639 1743 1608 6640 1736 1601 6641 1735 1600 6642 1742 1607 6643 1743 1608 6644 1736 1601 6645 1743 1608 6646 1744 1609 6647 1744 1609 6648 1745 1610 6649 1736 1601 6650 1745 1610 6651 1741 1606 6652 1737 1602 6653 1736 1601 6654 1745 1610 6655 1737 1602 6656 1746 1611 6657 1747 1612 6658 1748 1613 6659 1748 1613 6660 1749 1614 6661 1746 1611 6662 1750 1615 6663 1749 1614 6664 1748 1613 6665 1751 1616 6666 1747 1612 6667 1746 1611 6668 1752 1617 6669 1747 1612 6670 1751 1616 6671 1751 1616 6672 1746 1611 6673 1753 1618 6674 1753 1618 6675 1746 1611 6676 1749 1614 6677 1749 1614 6678 1750 1615 6679 1754 1619 6680 1755 1620 6681 1754 1619 6682 1750 1615 6683 1756 1621 6684 1754 1619 6685 1755 1620 6686 1753 1618 6687 1749 1614 6688 1757 1622 6689 1757 1622 6690 1749 1614 6691 1754 1619 6692 1756 1621 6693 1757 1622 6694 1754 1619 6695 1758 1623 6696 1757 1622 6697 1756 1621 6698 1759 1624 6699 1758 1623 6700 1756 1621 6701 1756 1621 6702 1755 1620 6703 1759 1624 6704 1760 1625 6705 1758 1623 6706 1759 1624 6707 1761 1626 6708 1760 1625 6709 1759 1624 6710 1762 1627 6711 1760 1625 6712 1761 1626 6713 1751 1616 6714 1763 1628 6715 1752 1617 6716 1753 1618 6717 1764 1629 6718 1751 1616 6719 1764 1629 6720 1763 1628 6721 1751 1616 6722 1765 1630 6723 1763 1628 6724 1764 1629 6725 1765 1630 6726 1764 1629 6727 1766 1631 6728 1766 1631 6729 1764 1629 6730 1753 1618 6731 1766 1631 6732 1753 1618 6733 1767 1632 6734 1767 1632 6735 1753 1618 6736 1757 1622 6737 1766 1631 6738 1767 1632 6739 1765 1630 6740 1768 1633 6741 1757 1622 6742 1758 1623 6743 1767 1632 6744 1757 1622 6745 1768 1633 6746 1760 1625 6747 1768 1633 6748 1758 1623 6749 1769 1634 6750 1767 1632 6751 1768 1633 6752 1770 1635 6753 1768 1633 6754 1760 1625 6755 1769 1634 6756 1768 1633 6757 1770 1635 6758 1771 1636 6759 1760 1625 6760 1762 1627 6761 1769 1634 6762 1770 1635 6763 1771 1636 6764 1770 1635 6765 1760 1625 6766 1771 1636 6767 1772 1637 6768 1773 1638 6769 1774 1639 6770 1775 1640 6771 1773 1638 6772 1772 1637 6773 1775 1640 6774 1776 1641 6775 1773 1638 6776 1777 1642 6777 1776 1641 6778 1775 1640 6779 1777 1642 6780 1778 1643 6781 1776 1641 6782 1776 1641 6783 1778 1643 6784 1779 1644 6785 1778 1643 6786 1780 1645 6787 1779 1644 6788 1779 1644 6789 1780 1645 6790 1781 1646 6791 1780 1645 6792 1782 1647 6793 1781 1646 6794 1781 1646 6795 1782 1647 6796 1783 1648 6797 1774 1639 6798 1773 1638 6799 1784 1649 6800 1773 1638 6801 1776 1641 6802 1785 1650 6803 1784 1649 6804 1773 1638 6805 1785 1650 6806 1783 1648 6807 1786 1651 6808 1781 1646 6809 1781 1646 6810 1787 1652 6811 1779 1644 6812 1781 1646 6813 1786 1651 6814 1787 1652 6815 1779 1644 6816 1787 1652 6817 1788 1653 6818 1779 1644 6819 1788 1653 6820 1776 1641 6821 1785 1650 6822 1776 1641 6823 1789 1654 6824 1776 1641 6825 1788 1653 6826 1789 1654 6827 1790 1655 6828 1791 1656 6829 1792 1657 6830 1793 1658 6831 1791 1656 6832 1790 1655 6833 1792 1657 6834 1791 1656 6835 1794 1659 6836 1794 1659 6837 1791 1656 6838 1795 1660 6839 1796 1661 6840 1794 1659 6841 1795 1660 6842 1797 1662 6843 1794 1659 6844 1796 1661 6845 1796 1661 6846 1798 1663 6847 1797 1662 6848 1797 1662 6849 1798 1663 6850 1799 1664 6851 1798 1663 6852 1800 1665 6853 1799 1664 6854 1801 1666 6855 1800 1665 6856 1798 1663 6857 1790 1655 6858 1792 1657 6859 1802 1667 6860 1802 1667 6861 1792 1657 6862 1803 1668 6863 1794 1659 6864 1803 1668 6865 1792 1657 6866 1800 1665 6867 1804 1669 6868 1799 1664 6869 1799 1664 6870 1805 1670 6871 1797 1662 6872 1799 1664 6873 1804 1669 6874 1805 1670 6875 1806 1671 6876 1794 1659 6877 1797 1662 6878 1797 1662 6879 1805 1670 6880 1806 1671 6881 1807 1672 6882 1794 1659 6883 1806 1671 6884 1807 1672 6885 1803 1668 6886 1794 1659 6887 1808 1673 6888 1809 1674 6889 1810 1675 6890 1811 1676 6891 1809 1674 6892 1808 1673 6893 1810 1675 6894 1812 1677 6895 1808 1673 6896 1813 1678 6897 1812 1677 6898 1810 1675 6899 1812 1677 6900 1814 1679 6901 1808 1673 6902 1815 1680 6903 1814 1679 6904 1812 1677 6905 1815 1680 6906 1816 1681 6907 1814 1679 6908 1816 1681 6909 1815 1680 6910 1817 1682 6911 1817 1682 6912 1815 1680 6913 1818 1683 6914 1819 1684 6915 1814 1679 6916 1816 1681 6917 1819 1684 6918 1820 1685 6919 1814 1679 6920 1818 1683 6921 1821 1686 6922 1817 1682 6923 1822 1687 6924 1821 1686 6925 1818 1683 6926 1822 1687 6927 1823 1688 6928 1821 1686 6929 1821 1686 6930 1823 1688 6931 1824 1689 6932 1825 1690 6933 1824 1689 6934 1823 1688 6935 1825 1690 6936 1823 1688 6937 1826 1691 6938 1825 1690 6939 1826 1691 6940 1827 1692 6941 1825 1690 6942 1827 1692 6943 1828 1693 6944 1828 1693 6945 1824 1689 6946 1825 1690 6947 1828 1693 6948 1827 1692 6949 1829 1694 6950 1813 1678 6951 1826 1691 6952 1830 1695 6953 1826 1691 6954 1823 1688 6955 1830 1695 6956 1830 1695 6957 1823 1688 6958 1822 1687 6959 1830 1695 6960 1812 1677 6961 1813 1678 6962 1827 1692 6963 1826 1691 6964 1831 1696 6965 1832 1697 6966 1831 1696 6967 1826 1691 6968 1833 1698 6969 1829 1694 6970 1827 1692 6971 1833 1698 6972 1827 1692 6973 1831 1696 6974 1834 1699 6975 1829 1694 6976 1833 1698 6977 1835 1700 6978 1836 1701 6979 1837 1702 6980 1836 1701 6981 1838 1703 6982 1837 1702 6983 1838 1703 6984 1835 1700 6985 1837 1702 6986 1836 1701 6987 1835 1700 6988 1839 1704 6989 1835 1700 6990 1840 1705 6991 1839 1704 6992 1835 1700 6993 1838 1703 6994 1840 1705 6995 1840 1705 6996 1838 1703 6997 1841 1706 6998 1841 1706 6999 1838 1703 7000 1842 1707 7001 1839 1704 7002 1842 1707 7003 1836 1701 7004 1842 1707 7005 1838 1703 7006 1836 1701 7007 1843 1708 7008 1844 1709 7009 1845 1710 7010 1846 1711 7011 1844 1709 7012 1843 1708 7013 1844 1709 7014 1847 1712 7015 1845 1710 7016 1848 1713 7017 1847 1712 7018 1844 1709 7019 1845 1710 7020 1849 1714 7021 1843 1708 7022 1850 1715 7023 1845 1710 7024 1847 1712 7025 1850 1715 7026 1849 1714 7027 1845 1710 7028 1849 1714 7029 1850 1715 7030 1851 1716 7031 1852 1717 7032 1851 1716 7033 1850 1715 7034 1846 1711 7035 1853 1718 7036 1844 1709 7037 1844 1709 7038 1853 1718 7039 1854 1719 7040 1850 1715 7041 1855 1720 7042 1852 1717 7043 1848 1713 7044 1856 1721 7045 1847 1712 7046 1856 1721 7047 1844 1709 7048 1854 1719 7049 1848 1713 7050 1844 1709 7051 1856 1721 7052 1856 1721 7053 1850 1715 7054 1847 1712 7055 1857 1722 7056 1850 1715 7057 1856 1721 7058 1857 1722 7059 1856 1721 7060 1854 1719 7061 1850 1715 7062 1857 1722 7063 1855 1720 7064 1853 1718 7065 1858 1723 7066 1854 1719 7067 1854 1719 7068 1858 1723 7069 1857 1722 7070 1855 1720 7071 1857 1722 7072 1859 1724 7073 1858 1723 7074 1859 1724 7075 1857 1722 7076 1860 1725 7077 1861 1726 7078 1862 1727 7079 1863 1728 7080 1861 1726 7081 1860 1725 7082 1862 1727 7083 1864 1729 7084 1860 1725 7085 1865 1730 7086 1864 1729 7087 1862 1727 7088 1865 1730 7089 1866 1731 7090 1864 1729 7091 1866 1731 7092 1865 1730 7093 1867 1732 7094 1864 1729 7095 1866 1731 7096 1868 1733 7097 1864 1729 7098 1868 1733 7099 1869 1734 7100 1870 1735 7101 1866 1731 7102 1867 1732 7103 1866 1731 7104 1870 1735 7105 1868 1733 7106 1867 1732 7107 1871 1736 7108 1870 1735 7109 1872 1737 7110 1868 1733 7111 1870 1735 7112 1872 1737 7113 1873 1738 7114 1868 1733 7115 1868 1733 7116 1873 1738 7117 1869 1734 7118 1870 1735 7119 1871 1736 7120 1874 1739 7121 1861 1726 7122 1874 1739 7123 1871 1736 7124 1863 1728 7125 1874 1739 7126 1861 1726 7127 1874 1739 7128 1875 1740 7129 1870 1735 7130 1872 1737 7131 1875 1740 7132 1873 1738 7133 1872 1737 7134 1870 1735 7135 1875 1740 7136 1863 1728 7137 1875 1740 7138 1874 1739 7139 1873 1738 7140 1875 1740 7141 1876 1741 7142 1863 1728 7143 1876 1741 7144 1875 1740 7145 1877 1742 7146 1878 1743 7147 1879 1744 7148 1880 1745 7149 1878 1743 7150 1877 1742 7151 1877 1742 7152 1879 1744 7153 1881 1746 7154 1881 1746 7155 1879 1744 7156 1882 1747 7157 1878 1743 7158 1883 1748 7159 1879 1744 7160 1884 1749 7161 1883 1748 7162 1878 1743 7163 1881 1746 7164 1885 1750 7165 1877 1742 7166 1877 1742 7167 1885 1750 7168 1886 1751 7169 1877 1742 7170 1886 1751 7171 1880 1745 7172 1883 1748 7173 1887 1752 7174 1879 1744 7175 1879 1744 7176 1887 1752 7177 1882 1747 7178 1888 1753 7179 1886 1751 7180 1885 1750 7181 1889 1754 7182 1886 1751 7183 1888 1753 7184 1889 1754 7185 1888 1753 7186 1890 1755 7187 1890 1755 7188 1888 1753 7189 1891 1756 7190 1891 1756 7191 1883 1748 7192 1890 1755 7193 1887 1752 7194 1883 1748 7195 1891 1756 7196 1884 1749 7197 1892 1757 7198 1883 1748 7199 1883 1748 7200 1892 1757 7201 1890 1755 7202 1889 1754 7203 1893 1758 7204 1886 1751 7205 1880 1745 7206 1886 1751 7207 1893 1758 7208 1894 1759 7209 1890 1755 7210 1892 1757 7211 1894 1759 7212 1893 1758 7213 1889 1754 7214 1889 1754 7215 1890 1755 7216 1894 1759 7217 1895 1760 7218 1896 1761 7219 1897 1762 7220 1897 1762 7221 1898 1763 7222 1895 1760 7223 1899 1764 7224 1898 1763 7225 1897 1762 7226 1900 1765 7227 1897 1762 7228 1896 1761 7229 1901 1766 7230 1899 1764 7231 1897 1762 7232 1897 1762 7233 1900 1765 7234 1901 1766 7235 1902 1767 7236 1899 1764 7237 1901 1766 7238 1902 1767 7239 1898 1763 7240 1899 1764 7241 1903 1768 7242 1904 1769 7243 1905 1770 7244 1906 1771 7245 1904 1769 7246 1903 1768 7247 1905 1770 7248 1904 1769 7249 1907 1772 7250 1908 1773 7251 1904 1769 7252 1906 1771 7253 1909 1774 7254 1904 1769 7255 1908 1773 7256 1908 1773 7257 1910 1775 7258 1909 1774 7259 1910 1775 7260 1911 1776 7261 1909 1774 7262 1909 1774 7263 1911 1776 7264 1912 1777 7265 1913 1778 7266 1912 1777 7267 1911 1776 7268 1914 1779 7269 1912 1777 7270 1913 1778 7271 1915 1780 7272 1916 1781 7273 1917 1782 7274 1918 1783 7275 1916 1781 7276 1915 1780 7277 1915 1780 7278 1919 1784 7279 1918 1783 7280 1918 1783 7281 1919 1784 7282 1920 1785 7283 1921 1786 7284 1920 1785 7285 1919 1784 7286 1920 1785 7287 1921 1786 7288 1922 1787 7289 1921 1786 7290 1919 1784 7291 1923 1788 7292 1923 1788 7293 1919 1784 7294 1924 1789 7295 1921 1786 7296 1925 1790 7297 1922 1787 7298 1925 1790 7299 1921 1786 7300 1923 1788 7301 1926 1791 7302 1922 1787 7303 1925 1790 7304 1923 1788 7305 1927 1792 7306 1925 1790 7307 1924 1789 7308 1928 1793 7309 1923 1788 7310 1923 1788 7311 1928 1793 7312 1927 1792 7313 1916 1781 7314 1929 1794 7315 1917 1782 7316 1926 1791 7317 1929 1794 7318 1916 1781 7319 1926 1791 7320 1925 1790 7321 1929 1794 7322 1930 1795 7323 1929 1794 7324 1925 1790 7325 1928 1793 7326 1930 1795 7327 1927 1792 7328 1925 1790 7329 1927 1792 7330 1930 1795 7331 1930 1795 7332 1917 1782 7333 1929 1794 7334 1931 1796 7335 1917 1782 7336 1930 1795 7337 1931 1796 7338 1930 1795 7339 1928 1793 7340 1932 1797 7341 1933 1798 7342 1934 1799 7343 1935 1800 7344 1933 1798 7345 1932 1797 7346 1936 1801 7347 1934 1799 7348 1933 1798 7349 1937 1802 7350 1934 1799 7351 1936 1801 7352 1934 1799 7353 1938 1803 7354 1932 1797 7355 1932 1797 7356 1938 1803 7357 1939 1804 7358 1936 1801 7359 1933 1798 7360 1940 1805 7361 1935 1800 7362 1941 1806 7363 1933 1798 7364 1940 1805 7365 1933 1798 7366 1941 1806 7367 1937 1802 7368 1942 1807 7369 1934 1799 7370 1934 1799 7371 1942 1807 7372 1938 1803 7373 1940 1805 7374 1941 1806 7375 1943 1808 7376 1943 1808 7377 1941 1806 7378 1944 1809 7379 1945 1810 7380 1943 1808 7381 1944 1809 7382 1945 1810 7383 1938 1803 7384 1946 1811 7385 1946 1811 7386 1943 1808 7387 1945 1810 7388 1946 1811 7389 1938 1803 7390 1942 1807 7391 1939 1804 7392 1938 1803 7393 1947 1812 7394 1947 1812 7395 1938 1803 7396 1945 1810 7397 1941 1806 7398 1948 1813 7399 1944 1809 7400 1948 1813 7401 1941 1806 7402 1935 1800 7403 1944 1809 7404 1948 1813 7405 1949 1814 7406 1949 1814 7407 1945 1810 7408 1944 1809 7409 1947 1812 7410 1945 1810 7411 1949 1814 7412 1950 1815 7413 1951 1816 7414 1952 1817 7415 1953 1818 7416 1952 1817 7417 1951 1816 7418 1953 1818 7419 1954 1819 7420 1952 1817 7421 1952 1817 7422 1955 1820 7423 1950 1815 7424 1954 1819 7425 1956 1821 7426 1952 1817 7427 1955 1820 7428 1952 1817 7429 1956 1821 7430 1953 1818 7431 1957 1822 7432 1954 1819 7433 1954 1819 7434 1957 1822 7435 1956 1821 7436 1958 1823 7437 1959 1824 7438 1960 1825 7439 1961 1826 7440 1959 1824 7441 1958 1823 7442 1960 1825 7443 1962 1827 7444 1958 1823 7445 1963 1828 7446 1962 1827 7447 1960 1825 7448 1963 1828 7449 1964 1829 7450 1962 1827 7451 1965 1830 7452 1964 1829 7453 1963 1828 7454 1965 1830 7455 1966 1831 7456 1964 1829 7457 1964 1829 7458 1966 1831 7459 1967 1832 7460 1968 1833 7461 1967 1832 7462 1966 1831 7463 1969 1834 7464 1967 1832 7465 1968 1833 7466 1958 1823 7467 1970 1835 7468 1961 1826 7469 1971 1836 7470 1970 1835 7471 1958 1823 7472 1962 1827 7473 1971 1836 7474 1958 1823 7475 1972 1837 7476 1971 1836 7477 1962 1827 7478 1964 1829 7479 1973 1838 7480 1962 1827 7481 1962 1827 7482 1973 1838 7483 1972 1837 7484 1967 1832 7485 1974 1839 7486 1964 1829 7487 1969 1834 7488 1974 1839 7489 1967 1832 7490 1964 1829 7491 1974 1839 7492 1973 1838 7493 1975 1840 7494 1974 1839 7495 1969 1834 7496 1976 1841 7497 1977 1842 7498 1978 1843 7499 1979 1844 7500 1977 1842 7501 1976 1841 7502 1980 1845 7503 1976 1841 7504 1978 1843 7505 1981 1846 7506 1976 1841 7507 1980 1845 7508 1976 1841 7509 1982 1847 7510 1979 1844 7511 1983 1848 7512 1982 1847 7513 1976 1841 7514 1983 1848 7515 1976 1841 7516 1984 1849 7517 1984 1849 7518 1976 1841 7519 1981 1846 7520 1977 1842 7521 1985 1850 7522 1978 1843 7523 1977 1842 7524 1986 1851 7525 1985 1850 7526 1979 1844 7527 1987 1852 7528 1977 1842 7529 1987 1852 7530 1986 1851 7531 1977 1842 7532 1978 1843 7533 1988 1853 7534 1980 1845 7535 1978 1843 7536 1985 1850 7537 1988 1853 7538 1980 1845 7539 1988 1853 7540 1989 1854 7541 1990 1855 7542 1980 1845 7543 1989 1854 7544 1991 1856 7545 1981 1846 7546 1980 1845 7547 1991 1856 7548 1980 1845 7549 1990 1855 7550 1992 1857 7551 1991 1856 7552 1990 1855 7553 1993 1858 7554 1991 1856 7555 1992 1857 7556 1994 1859 7557 1987 1852 7558 1979 1844 7559 1995 1860 7560 1981 1846 7561 1991 1856 7562 1993 1858 7563 1995 1860 7564 1991 1856 7565 1996 1861 7566 1995 1860 7567 1993 1858 7568 1984 1849 7569 1981 1846 7570 1997 1862 7571 1997 1862 7572 1981 1846 7573 1995 1860 7574 1997 1862 7575 1995 1860 7576 1998 1863 7577 1998 1863 7578 1995 1860 7579 1996 1861 7580 1979 1844 7581 1999 1864 7582 1994 1859 7583 1982 1847 7584 1999 1864 7585 1979 1844 7586 2000 1865 7587 2001 1866 7588 2002 1867 7589 2003 1868 7590 2001 1866 7591 2000 1865 7592 2000 1865 7593 2002 1867 7594 2004 1869 7595 2004 1869 7596 2002 1867 7597 2005 1870 7598 2006 1871 7599 2004 1869 7600 2005 1870 7601 2007 1872 7602 2004 1869 7603 2006 1871 7604 2008 1873 7605 2007 1872 7606 2006 1871 7607 2009 1874 7608 2007 1872 7609 2008 1873 7610 2010 1875 7611 2009 1874 7612 2008 1873 7613 2011 1876 7614 2009 1874 7615 2010 1875 7616 2001 1866 7617 2012 1877 7618 2002 1867 7619 2002 1867 7620 2013 1878 7621 2005 1870 7622 2002 1867 7623 2012 1877 7624 2013 1878 7625 2005 1870 7626 2014 1879 7627 2006 1871 7628 2005 1870 7629 2013 1878 7630 2014 1879 7631 2006 1871 7632 2014 1879 7633 2015 1880 7634 2008 1873 7635 2006 1871 7636 2016 1881 7637 2016 1881 7638 2006 1871 7639 2015 1880 7640 2010 1875 7641 2008 1873 7642 2017 1882 7643 2017 1882 7644 2008 1873 7645 2016 1881 7646 2000 1865 7647 2018 1883 7648 2003 1868 7649 2004 1869 7650 2019 1884 7651 2000 1865 7652 2019 1884 7653 2018 1883 7654 2000 1865 7655 2020 1885 7656 2019 1884 7657 2004 1869 7658 2020 1885 7659 2004 1869 7660 2021 1886 7661 2021 1886 7662 2004 1869 7663 2007 1872 7664 2022 1887 7665 2009 1874 7666 2011 1876 7667 2021 1886 7668 2007 1872 7669 2023 1888 7670 2023 1888 7671 2007 1872 7672 2009 1874 7673 2023 1888 7674 2009 1874 7675 2022 1887 7676 2024 1889 7677 2025 1890 7678 2026 1891 7679 2027 1890 7680 2025 1890 7681 2024 1889 7682 2026 1891 7683 2028 1892 7684 2024 1889 7685 2029 1893 7686 2028 1892 7687 2026 1891 7688 2028 1892 7689 2030 1679 7690 2024 1889 7691 2031 1680 7692 2030 1679 7693 2028 1892 7694 2031 1680 7695 2032 1681 7696 2030 1679 7697 2032 1681 7698 2031 1680 7699 2033 1682 7700 2033 1682 7701 2031 1680 7702 2034 1894 7703 2035 1684 7704 2030 1679 7705 2032 1681 7706 2035 1684 7707 2036 1685 7708 2030 1679 7709 2034 1894 7710 2037 1686 7711 2033 1682 7712 2038 1895 7713 2037 1686 7714 2034 1894 7715 2038 1895 7716 2039 1896 7717 2037 1686 7718 2037 1686 7719 2039 1896 7720 2040 1897 7721 2041 1898 7722 2040 1897 7723 2039 1896 7724 2041 1898 7725 2039 1896 7726 2042 1899 7727 2041 1898 7728 2042 1899 7729 2043 1900 7730 2044 1901 7731 2040 1897 7732 2041 1898 7733 2041 1898 7734 2043 1900 7735 2044 1901 7736 2044 1901 7737 2043 1900 7738 2045 1902 7739 2046 1903 7740 2039 1896 7741 2038 1895 7742 2046 1903 7743 2028 1892 7744 2029 1893 7745 2029 1893 7746 2042 1899 7747 2046 1903 7748 2042 1899 7749 2039 1896 7750 2046 1903 7751 2043 1900 7752 2042 1899 7753 2047 1904 7754 2048 1905 7755 2047 1904 7756 2042 1899 7757 2049 1698 7758 2043 1900 7759 2047 1904 7760 2049 1698 7761 2045 1902 7762 2043 1900 7763 2050 1906 7764 2045 1902 7765 2049 1698 7766 2051 1907 7767 2052 1701 7768 2053 1702 7769 2052 1701 7770 2054 1703 7771 2053 1702 7772 2054 1703 7773 2051 1907 7774 2053 1702 7775 2052 1701 7776 2051 1907 7777 2055 1704 7778 2051 1907 7779 2056 1705 7780 2055 1704 7781 2051 1907 7782 2054 1703 7783 2056 1705 7784 2056 1705 7785 2054 1703 7786 2057 1706 7787 2057 1706 7788 2054 1703 7789 2058 1707 7790 2058 1707 7791 2054 1703 7792 2052 1701 7793 2055 1704 7794 2058 1707 7795 2052 1701 7796 2059 1908 7797 2060 1909 7798 2061 1910 7799 2061 1910 7800 2062 1911 7801 2059 1908 7802 2063 1912 7803 2060 1909 7804 2059 1908 7805 2064 1913 7806 2060 1909 7807 2063 1912 7808 2063 1912 7809 2059 1908 7810 2065 1914 7811 2065 1914 7812 2059 1908 7813 2062 1911 7814 2065 1914 7815 2062 1911 7816 2066 1915 7817 2066 1915 7818 2062 1911 7819 2067 1916 7820 2068 1917 7821 2066 1915 7822 2067 1916 7823 2069 1918 7824 2066 1915 7825 2068 1917 7826 2070 1919 7827 2069 1918 7828 2068 1917 7829 2071 1920 7830 2069 1918 7831 2070 1919 7832 2071 1920 7833 2070 1919 7834 2072 1921 7835 2072 1921 7836 2070 1919 7837 2073 1922 7838 2062 1911 7839 2074 1923 7840 2067 1916 7841 2074 1923 7842 2062 1911 7843 2061 1910 7844 2068 1917 7845 2075 1924 7846 2070 1919 7847 2068 1917 7848 2067 1916 7849 2075 1924 7850 2075 1924 7851 2067 1916 7852 2074 1923 7853 2076 1925 7854 2064 1913 7855 2063 1912 7856 2077 1926 7857 2064 1913 7858 2076 1925 7859 2078 1927 7860 2077 1926 7861 2076 1925 7862 2079 1928 7863 2063 1912 7864 2065 1914 7865 2076 1925 7866 2063 1912 7867 2079 1928 7868 2078 1927 7869 2076 1925 7870 2079 1928 7871 2079 1928 7872 2080 1929 7873 2078 1927 7874 2069 1918 7875 2080 1929 7876 2066 1915 7877 2080 1929 7878 2065 1914 7879 2066 1915 7880 2079 1928 7881 2065 1914 7882 2080 1929 7883 2081 1930 7884 2080 1929 7885 2069 1918 7886 2071 1920 7887 2081 1930 7888 2069 1918 7889 2078 1927 7890 2080 1929 7891 2081 1930 7892 2078 1927 7893 2081 1930 7894 2082 1931 7895 2082 1931 7896 2081 1930 7897 2071 1920 7898 2078 1927 7899 2082 1931 7900 2083 1932 7901 2082 1931 7902 2071 1920 7903 2083 1932 7904 2083 1932 7905 2071 1920 7906 2072 1921 7907 2084 1933 7908 2085 1934 7909 2086 1935 7910 2087 1936 7911 2085 1934 7912 2084 1933 7913 2088 1937 7914 2087 1936 7915 2084 1933 7916 2089 1938 7917 2087 1936 7918 2088 1937 7919 2089 1938 7920 2088 1937 7921 2090 1939 7922 2090 1939 7923 2088 1937 7924 2091 1940 7925 2090 1939 7926 2091 1940 7927 2092 1941 7928 2092 1941 7929 2091 1940 7930 2093 1942 7931 2092 1941 7932 2093 1942 7933 2094 1943 7934 2094 1943 7935 2093 1942 7936 2095 1944 7937 2086 1935 7938 2096 1945 7939 2084 1933 7940 2084 1933 7941 2097 1946 7942 2088 1937 7943 2084 1933 7944 2096 1945 7945 2097 1946 7946 2088 1937 7947 2097 1946 7948 2098 1947 7949 2099 1948 7950 2088 1937 7951 2098 1947 7952 2091 1940 7953 2088 1937 7954 2099 1948 7955 2093 1942 7956 2091 1940 7957 2100 1949 7958 2100 1949 7959 2091 1940 7960 2099 1948 7961 2095 1944 7962 2093 1942 7963 2101 1950 7964 2101 1950 7965 2093 1942 7966 2100 1949 7967 2102 1951 7968 2103 1952 7969 2104 1953 7970 2105 1954 7971 2103 1952 7972 2102 1951 7973 2106 1955 7974 2105 1954 7975 2102 1951 7976 2107 1956 7977 2105 1954 7978 2106 1955 7979 2106 1955 7980 2108 1957 7981 2107 1956 7982 2109 1958 7983 2108 1957 7984 2106 1955 7985 2109 1958 7986 2110 1959 7987 2108 1957 7988 2111 1960 7989 2110 1959 7990 2109 1958 7991 2110 1959 7992 2111 1960 7993 2112 1961 7994 2112 1961 7995 2111 1960 7996 2113 1962 7997 2104 1953 7998 2114 1963 7999 2102 1951 8000 2102 1951 8001 2114 1963 8002 2115 1964 8003 2102 1951 8004 2115 1964 8005 2106 1955 8006 2106 1955 8007 2115 1964 8008 2116 1965 8009 2116 1965 8010 2117 1966 8011 2106 1955 8012 2106 1955 8013 2117 1966 8014 2109 1958 8015 2117 1966 8016 2118 1967 8017 2109 1958 8018 2109 1958 8019 2118 1967 8020 2111 1960 8021 2119 1968 8022 2111 1960 8023 2118 1967 8024 2113 1962 8025 2111 1960 8026 2119 1968 8027 2120 1969 8028 2121 1709 8029 2122 1970 8030 2123 1971 8031 2121 1709 8032 2120 1969 8033 2121 1709 8034 2124 1712 8035 2122 1970 8036 2125 1713 8037 2124 1712 8038 2121 1709 8039 2122 1970 8040 2126 1714 8041 2120 1969 8042 2127 1715 8043 2122 1970 8044 2124 1712 8045 2127 1715 8046 2126 1714 8047 2122 1970 8048 2126 1714 8049 2127 1715 8050 2128 1716 8051 2129 1717 8052 2128 1716 8053 2127 1715 8054 2123 1971 8055 2130 1972 8056 2121 1709 8057 2121 1709 8058 2130 1972 8059 2131 1719 8060 2127 1715 8061 2132 1720 8062 2129 1717 8063 2133 1721 8064 2121 1709 8065 2131 1719 8066 2125 1713 8067 2121 1709 8068 2133 1721 8069 2133 1721 8070 2127 1715 8071 2124 1712 8072 2125 1713 8073 2133 1721 8074 2124 1712 8075 2134 1722 8076 2133 1721 8077 2131 1719 8078 2127 1715 8079 2134 1722 8080 2132 1720 8081 2134 1722 8082 2127 1715 8083 2133 1721 8084 2130 1972 8085 2135 1973 8086 2131 1719 8087 2131 1719 8088 2135 1973 8089 2134 1722 8090 2132 1720 8091 2134 1722 8092 2136 1724 8093 2135 1973 8094 2136 1724 8095 2134 1722 8096 2137 1725 8097 2138 1726 8098 2139 1727 8099 2140 1728 8100 2138 1726 8101 2137 1725 8102 2139 1727 8103 2141 1729 8104 2137 1725 8105 2142 1730 8106 2141 1729 8107 2139 1727 8108 2142 1730 8109 2143 1974 8110 2141 1729 8111 2143 1974 8112 2142 1730 8113 2144 1975 8114 2141 1729 8115 2143 1974 8116 2145 1976 8117 2141 1729 8118 2145 1976 8119 2146 1977 8120 2143 1974 8121 2147 1978 8122 2145 1976 8123 2147 1978 8124 2143 1974 8125 2144 1975 8126 2144 1975 8127 2148 1736 8128 2147 1978 8129 2149 1979 8130 2145 1976 8131 2147 1978 8132 2149 1979 8133 2150 1980 8134 2145 1976 8135 2145 1976 8136 2150 1980 8137 2146 1977 8138 2140 1728 8139 2151 1981 8140 2138 1726 8141 2147 1978 8142 2148 1736 8143 2151 1981 8144 2138 1726 8145 2151 1981 8146 2148 1736 8147 2140 1728 8148 2152 1982 8149 2151 1981 8150 2151 1981 8151 2152 1982 8152 2147 1978 8153 2149 1979 8154 2152 1982 8155 2150 1980 8156 2149 1979 8157 2147 1978 8158 2152 1982 8159 2140 1728 8160 2153 1983 8161 2152 1982 8162 2150 1980 8163 2152 1982 8164 2153 1983 8165 2154 1984 8166 2155 1985 8167 2156 1986 8168 2157 1745 8169 2155 1985 8170 2154 1984 8171 2154 1984 8172 2156 1986 8173 2158 1746 8174 2158 1746 8175 2156 1986 8176 2159 1987 8177 2155 1985 8178 2160 1748 8179 2156 1986 8180 2161 1749 8181 2160 1748 8182 2155 1985 8183 2158 1746 8184 2162 1750 8185 2154 1984 8186 2154 1984 8187 2163 1751 8188 2157 1745 8189 2154 1984 8190 2162 1750 8191 2163 1751 8192 2156 1986 8193 2164 1988 8194 2159 1987 8195 2160 1748 8196 2164 1988 8197 2156 1986 8198 2165 1753 8199 2163 1751 8200 2162 1750 8201 2166 1989 8202 2163 1751 8203 2165 1753 8204 2166 1989 8205 2165 1753 8206 2167 1990 8207 2168 1991 8208 2160 1748 8209 2167 1990 8210 2164 1988 8211 2160 1748 8212 2168 1991 8213 2167 1990 8214 2165 1753 8215 2168 1991 8216 2160 1748 8217 2169 1992 8218 2167 1990 8219 2161 1749 8220 2169 1992 8221 2160 1748 8222 2166 1989 8223 2170 1993 8224 2163 1751 8225 2157 1745 8226 2163 1751 8227 2170 1993 8228 2166 1989 8229 2167 1990 8230 2171 1994 8231 2171 1994 8232 2170 1993 8233 2166 1989 8234 2171 1994 8235 2167 1990 8236 2169 1992 8237 2172 1760 8238 2173 1995 8239 2174 1762 8240 2174 1762 8241 2175 1763 8242 2172 1760 8243 2176 1764 8244 2175 1763 8245 2174 1762 8246 2177 1765 8247 2174 1762 8248 2173 1995 8249 2178 1996 8250 2176 1764 8251 2174 1762 8252 2174 1762 8253 2177 1765 8254 2178 1996 8255 2179 1767 8256 2175 1763 8257 2176 1764 8258 2179 1767 8259 2176 1764 8260 2178 1996 8261 2180 1997 8262 2181 1998 8263 2182 1999 8264 2183 2000 8265 2181 1998 8266 2180 1997 8267 2182 1999 8268 2181 1998 8269 2184 2001 8270 2185 1773 8271 2181 1998 8272 2183 2000 8273 2186 2002 8274 2181 1998 8275 2185 1773 8276 2185 1773 8277 2187 2003 8278 2186 2002 8279 2187 2003 8280 2188 1776 8281 2186 2002 8282 2186 2002 8283 2188 1776 8284 2189 1777 8285 2190 1778 8286 2189 1777 8287 2188 1776 8288 2191 2004 8289 2189 1777 8290 2190 1778 8291 2192 2005 8292 2193 2006 8293 2194 2007 8294 2195 2008 8295 2193 2006 8296 2192 2005 8297 2192 2005 8298 2196 2009 8299 2195 2008 8300 2195 2008 8301 2196 2009 8302 2197 2010 8303 2198 2011 8304 2197 2010 8305 2196 2009 8306 2197 2010 8307 2198 2011 8308 2199 1787 8309 2198 2011 8310 2196 2009 8311 2200 1788 8312 2200 1788 8313 2196 2009 8314 2201 2012 8315 2202 2013 8316 2198 2011 8317 2200 1788 8318 2198 2011 8319 2202 2013 8320 2199 1787 8321 2203 2014 8322 2199 1787 8323 2202 2013 8324 2200 1788 8325 2204 1792 8326 2202 2013 8327 2201 2012 8328 2205 2015 8329 2200 1788 8330 2200 1788 8331 2205 2015 8332 2204 1792 8333 2193 2006 8334 2206 2016 8335 2194 2007 8336 2203 2014 8337 2206 2016 8338 2193 2006 8339 2203 2014 8340 2202 2013 8341 2206 2016 8342 2207 2017 8343 2206 2016 8344 2202 2013 8345 2205 2015 8346 2207 2017 8347 2204 1792 8348 2202 2013 8349 2204 1792 8350 2207 2017 8351 2207 2017 8352 2194 2007 8353 2206 2016 8354 2208 2018 8355 2207 2017 8356 2205 2015 8357 2208 2018 8358 2194 2007 8359 2207 2017 8360 2209 2019 8361 2210 2020 8362 2211 2021 8363 2212 2022 8364 2210 2020 8365 2209 2019 8366 2213 2023 8367 2211 2021 8368 2210 2020 8369 2214 1802 8370 2211 2021 8371 2213 2023 8372 2211 2021 8373 2215 1803 8374 2209 2019 8375 2209 2019 8376 2215 1803 8377 2216 2024 8378 2213 2023 8379 2210 2020 8380 2217 2025 8381 2217 2025 8382 2210 2020 8383 2218 2026 8384 2212 2022 8385 2218 2026 8386 2210 2020 8387 2214 1802 8388 2219 1807 8389 2211 2021 8390 2211 2021 8391 2219 1807 8392 2215 1803 8393 2217 2025 8394 2218 2026 8395 2220 2027 8396 2220 2027 8397 2218 2026 8398 2221 2028 8399 2222 2029 8400 2220 2027 8401 2221 2028 8402 2223 2030 8403 2220 2027 8404 2222 2029 8405 2223 2030 8406 2215 1803 8407 2219 1807 8408 2222 2029 8409 2215 1803 8410 2223 2030 8411 2224 2031 8412 2215 1803 8413 2222 2029 8414 2216 2024 8415 2215 1803 8416 2224 2031 8417 2218 2026 8418 2225 2032 8419 2221 2028 8420 2225 2032 8421 2218 2026 8422 2212 2022 8423 2224 2031 8424 2222 2029 8425 2226 2033 8426 2221 2028 8427 2225 2032 8428 2226 2033 8429 2226 2033 8430 2222 2029 8431 2221 2028 8432 2227 2034 8433 2228 2035 8434 2229 2036 8435 2230 2037 8436 2229 2036 8437 2228 2035 8438 2230 2037 8439 2231 2038 8440 2229 2036 8441 2229 2036 8442 2232 2039 8443 2227 2034 8444 2231 2038 8445 2233 2040 8446 2229 2036 8447 2232 2039 8448 2229 2036 8449 2233 2040 8450 2231 2038 8451 2234 2041 8452 2233 2040 8453 2230 2037 8454 2234 2041 8455 2231 2038 8456 2235 2042 8457 2236 2043 8458 2237 2044 8459 2237 2044 8460 2236 2043 8461 2238 2045 8462 2238 2045 8463 2236 2043 8464 2239 2046 8465 2239 2046 8466 2240 2047 8467 2238 2045 8468 2237 2044 8469 2238 2045 8470 2241 2048 8471 2241 2048 8472 2238 2045 8473 2242 2049 8474 2241 2048 8475 2243 2050 8476 2237 2044 8477 2237 2044 8478 2243 2050 8479 2235 2042 8480 2242 2049 8481 2244 2051 8482 2241 2048 8483 2245 2052 8484 2244 2051 8485 2242 2049 8486 2246 2053 8487 2243 2050 8488 2241 2048 8489 2246 2053 8490 2241 2048 8491 2244 2051 8492 2235 2042 8493 2243 2050 8494 2247 2054 8495 2245 2052 8496 2242 2049 8497 2248 2055 8498 2248 2055 8499 2242 2049 8500 2249 2056 8501 2238 2045 8502 2249 2056 8503 2242 2049 8504 2240 2047 8505 2249 2056 8506 2238 2045 8507 2240 2047 8508 2250 2057 8509 2249 2056 8510 2240 2047 8511 2251 2058 8512 2250 2057 8513 2248 2055 8514 2249 2056 8515 2252 2059 8516 2253 2060 8517 2240 2047 8518 2254 2061 8519 2254 2061 8520 2255 2062 8521 2253 2060 8522 2256 2063 8523 2255 2062 8524 2254 2061 8525 2255 2062 8526 2256 2063 8527 2257 2064 8528 2258 2065 8529 2243 2050 8530 2246 2053 8531 2247 2054 8532 2243 2050 8533 2258 2065 8534 2258 2065 8535 2259 2066 8536 2247 2054 8537 2248 2055 8538 2260 2067 8539 2245 2052 8540 2244 2051 8541 2245 2052 8542 2260 2067 8543 2258 2065 8544 2261 2068 8545 2259 2066 8546 2244 2051 8547 2261 2068 8548 2246 2053 8549 2244 2051 8550 2260 2067 8551 2261 2068 8552 2246 2053 8553 2261 2068 8554 2258 2065 8555 2261 2068 8556 2260 2067 8557 2262 2069 8558 2262 2069 8559 2260 2067 8560 2263 2070 8561 2263 2070 8562 2264 2071 8563 2262 2069 8564 2265 2072 8565 2261 2068 8566 2262 2069 8567 2259 2066 8568 2261 2068 8569 2265 2072 8570 2264 2071 8571 2265 2072 8572 2262 2069 8573 2266 2073 8574 2265 2072 8575 2264 2071 8576 2266 2073 8577 2264 2071 8578 2267 2074 8579 2268 2075 8580 2264 2071 8581 2263 2070 8582 2264 2071 8583 2268 2075 8584 2267 2074 8585 2255 2062 8586 2269 2076 8587 2253 2060 8588 2270 2077 8589 2251 2058 8590 2253 2060 8591 2270 2077 8592 2253 2060 8593 2269 2076 8594 2271 2078 8595 2270 2077 8596 2272 2079 8597 2272 2079 8598 2270 2077 8599 2273 2080 8600 2270 2077 8601 2274 2081 8602 2273 2080 8603 2275 2082 8604 2273 2080 8605 2274 2081 8606 2275 2082 8607 2276 2083 8608 2273 2080 8609 2275 2082 8610 2277 2084 8611 2276 2083 8612 2273 2080 8613 2276 2083 8614 2278 2085 8615 2272 2079 8616 2273 2080 8617 2279 2086 8618 2273 2080 8619 2278 2085 8620 2279 2086 8621 2280 2087 8622 2276 2083 8623 2277 2084 8624 2280 2087 8625 2278 2085 8626 2276 2083 8627 2281 2088 8628 2279 2086 8629 2278 2085 8630 2281 2088 8631 2282 2089 8632 2279 2086 8633 2280 2087 8634 2283 2090 8635 2278 2085 8636 2278 2085 8637 2283 2090 8638 2281 2088 8639 2280 2087 8640 2277 2084 8641 2284 2091 8642 2279 2086 8643 2282 2089 8644 2285 2092 8645 2279 2086 8646 2285 2092 8647 2272 2079 8648 2272 2079 8649 2285 2092 8650 2286 2093 8651 2280 2087 8652 2287 2094 8653 2283 2090 8654 2280 2087 8655 2284 2091 8656 2287 2094 8657 2288 2095 8658 2287 2094 8659 2284 2091 8660 2289 2096 8661 2285 2092 8662 2282 2089 8663 2282 2089 8664 2281 2088 8665 2289 2096 8666 2290 2097 8667 2281 2088 8668 2283 2090 8669 2290 2097 8670 2283 2090 8671 2287 2094 8672 2290 2097 8673 2287 2094 8674 2288 2095 8675 2289 2096 8676 2281 2088 8677 2290 2097 8678 2289 2096 8679 2290 2097 8680 2291 2098 8681 2289 2096 8682 2291 2098 8683 2292 2099 8684 2293 2100 8685 2292 2099 8686 2291 2098 8687 2294 2101 8688 2293 2100 8689 2291 2098 8690 2290 2097 8691 2294 2101 8692 2291 2098 8693 2290 2097 8694 2288 2095 8695 2294 2101 8696 2294 2101 8697 2295 2102 8698 2293 2100 8699 2293 2100 8700 2295 2102 8701 2296 2103 8702 2297 2104 8703 2293 2100 8704 2296 2103 8705 2293 2100 8706 2297 2104 8707 2292 2099 8708 2271 2078 8709 2272 2079 8710 2298 2105 8711 2298 2105 8712 2272 2079 8713 2286 2093 8714 2298 2105 8715 2286 2093 8716 2299 2106 8717 2300 2107 8718 2301 2108 8719 2302 2109 8720 2302 2109 8721 2301 2108 8722 2303 2110 8723 2301 2108 8724 2304 2111 8725 2303 2110 8726 2304 2111 8727 2305 2112 8728 2303 2110 8729 2300 2107 8730 2306 2113 8731 2301 2108 8732 2306 2113 8733 2307 2114 8734 2301 2108 8735 2301 2108 8736 2307 2114 8737 2304 2111 8738 2307 2114 8739 2308 2115 8740 2304 2111 8741 2304 2111 8742 2309 2116 8743 2305 2112 8744 2308 2115 8745 2309 2116 8746 2304 2111 8747 2303 2110 8748 2305 2112 8749 2310 2117 8750 2311 2118 8751 2300 2107 8752 2302 2109 8753 2307 2114 8754 2306 2113 8755 2311 2118 8756 2311 2118 8757 2302 2109 8758 2303 2110 8759 2306 2113 8760 2300 2107 8761 2311 2118 8762 2309 2116 8763 2308 2115 8764 2312 2119 8765 2308 2115 8766 2307 2114 8767 2312 2119 8768 2312 2119 8769 2311 2118 8770 2303 2110 8771 2307 2114 8772 2311 2118 8773 2312 2119 8774 2313 2120 8775 2303 2110 8776 2310 2117 8777 2309 2116 8778 2312 2119 8779 2313 2120 8780 2313 2120 8781 2312 2119 8782 2303 2110 8783 2314 2121 8784 2315 2122 8785 2316 2123 8786 2315 2122 8787 2317 2124 8788 2316 2123 8789 2317 2124 8790 2318 2125 8791 2316 2123 8792 2319 2126 8793 2315 2122 8794 2314 2121 8795 2320 2127 8796 2315 2122 8797 2319 2126 8798 2320 2127 8799 2317 2124 8800 2315 2122 8801 2316 2123 8802 2318 2125 8803 2321 2128 8804 2321 2128 8805 2318 2125 8806 2322 2129 8807 2323 2130 8808 2321 2128 8809 2322 2129 8810 2324 2131 8811 2321 2128 8812 2323 2130 8813 2316 2123 8814 2321 2128 8815 2324 2131 8816 2317 2124 8817 2325 2132 8818 2318 2125 8819 2322 2129 8820 2318 2125 8821 2325 2132 8822 2319 2126 8823 2326 2133 8824 2320 2127 8825 2327 2134 8826 2317 2124 8827 2320 2127 8828 2327 2134 8829 2325 2132 8830 2317 2124 8831 2327 2134 8832 2320 2127 8833 2328 2135 8834 2320 2127 8835 2326 2133 8836 2328 2135 8837 2329 2136 8838 2327 2134 8839 2328 2135 8840 2328 2135 8841 2326 2133 8842 2330 2137 8843 2331 2138 8844 2328 2135 8845 2330 2137 8846 2332 2139 8847 2331 2138 8848 2330 2137 8849 2331 2138 8850 2333 2140 8851 2328 2135 8852 2329 2136 8853 2328 2135 8854 2333 2140 8855 2331 2138 8856 2332 2139 8857 2334 2141 8858 2334 2141 8859 2332 2139 8860 2335 2142 8861 2336 2143 8862 2335 2142 8863 2332 2139 8864 2337 2144 8865 2334 2141 8866 2335 2142 8867 2322 2129 8868 2325 2132 8869 2338 2145 8870 2323 2130 8871 2322 2129 8872 2338 2145 8873 2335 2142 8874 2336 2143 8875 2339 2146 8876 2340 2147 8877 2337 2144 8878 2335 2142 8879 2339 2146 8880 2340 2147 8881 2335 2142 8882 2339 2146 8883 2341 2148 8884 2340 2147 8885 2341 2148 8886 2339 2146 8887 2342 2149 8888 2343 2150 8889 2341 2148 8890 2342 2149 8891 2344 2151 8892 2343 2150 8893 2342 2149 8894 2344 2151 8895 2345 2152 8896 2343 2150 8897 2344 2151 8898 2346 2153 8899 2345 2152 8900 2347 2154 8901 2345 2152 8902 2346 2153 8903 2347 2154 8904 2346 2153 8905 2348 2155 8906 2347 2154 8907 2348 2155 8908 2349 2156 8909 2350 2157 8910 2345 2152 8911 2347 2154 8912 2350 2157 8913 2347 2154 8914 2349 2156 8915 2351 2158 8916 2350 2157 8917 2349 2156 8918 2351 2158 8919 2349 2156 8920 2352 2159 8921 2351 2158 8922 2352 2159 8923 2353 2160 8924 2352 2159 8925 2354 2161 8926 2353 2160 8927 2352 2159 8928 2349 2156 8929 2355 2162 8930 2352 2159 8931 2355 2162 8932 2354 2161 8933 2351 2158 8934 2353 2160 8935 2356 2163 8936 2356 2163 8937 2350 2157 8938 2351 2158 8939 2350 2157 8940 2357 2164 8941 2345 2152 8942 2345 2152 8943 2357 2164 8944 2343 2150 8945 2356 2163 8946 2357 2164 8947 2350 2157 8948 2357 2164 8949 2358 2165 8950 2343 2150 8951 2343 2150 8952 2358 2165 8953 2359 2166 8954 2359 2166 8955 2341 2148 8956 2343 2150 8957 2353 2160 8958 2354 2161 8959 2360 2167 8960 2356 2163 8961 2353 2160 8962 2360 2167 8963 2361 2168 8964 2362 2169 8965 2363 2170 8966 2364 2171 8967 2363 2170 8968 2362 2169 8969 2362 2169 8970 2365 2172 8971 2364 2171 8972 2362 2169 8973 2366 2173 8974 2365 2172 8975 2367 2174 8976 2366 2173 8977 2362 2169 8978 2367 2174 8979 2362 2169 8980 2361 2168 8981 2367 2174 8982 2368 2175 8983 2366 2173 8984 2369 2176 8985 2368 2175 8986 2367 2174 8987 2370 2177 8988 2368 2175 8989 2369 2176 8990 2371 2178 8991 2370 2177 8992 2369 2176 8993 2372 2179 8994 2371 2178 8995 2369 2176 8996 2373 2180 8997 2372 2179 8998 2369 2176 8999 2373 2180 9000 2369 2176 9001 2374 2181 9002 2373 2180 9003 2374 2181 9004 2375 2182 9005 2375 2182 9006 2374 2181 9007 2376 2183 9008 2375 2182 9009 2376 2183 9010 2377 2184 9011 2377 2184 9012 2376 2183 9013 2378 2185 9014 2379 2186 9015 2378 2185 9016 2376 2183 9017 2376 2183 9018 2380 2187 9019 2379 2186 9020 2376 2183 9021 2374 2181 9022 2380 2187 9023 2381 2188 9024 2382 2189 9025 2383 2190 9026 2382 2189 9027 2384 2191 9028 2383 2190 9029 2384 2191 9030 2382 2189 9031 2385 2192 9032 2385 2192 9033 2382 2189 9034 2386 2193 9035 2382 2189 9036 2381 2188 9037 2386 2193 9038 2385 2192 9039 2386 2193 9040 2387 2194 9041 2387 2194 9042 2386 2193 9043 2388 2195 9044 2389 2196 9045 2387 2194 9046 2388 2195 9047 2390 2197 9048 2387 2194 9049 2389 2196 9050 2389 2196 9051 2391 2198 9052 2390 2197 9053 2390 2197 9054 2391 2198 9055 2392 2199 9056 2392 2199 9057 2391 2198 9058 2393 2200 9059 2393 2200 9060 2391 2198 9061 2394 2201 9062 2386 2193 9063 2381 2188 9064 2395 2202 9065 2396 2203 9066 2386 2193 9067 2395 2202 9068 2388 2195 9069 2386 2193 9070 2396 2203 9071 2388 2195 9072 2396 2203 9073 2389 2196 9074 2395 2202 9075 2397 2204 9076 2396 2203 9077 2396 2203 9078 2397 2204 9079 2398 2205 9080 2399 2206 9081 2396 2203 9082 2398 2205 9083 2400 2207 9084 2396 2203 9085 2399 2206 9086 2400 2207 9087 2391 2198 9088 2389 2196 9089 2389 2196 9090 2396 2203 9091 2400 2207 9092 2399 2206 9093 2401 2208 9094 2400 2207 9095 2400 2207 9096 2401 2208 9097 2402 2209 9098 2402 2209 9099 2391 2198 9100 2400 2207 9101 2391 2198 9102 2402 2209 9103 2394 2201 9104 2401 2208 9105 2403 2210 9106 2402 2209 9107 2394 2201 9108 2402 2209 9109 2404 2211 9110 2402 2209 9111 2403 2210 9112 2404 2211 9113 2403 2210 9114 2401 2208 9115 2405 2212 9116 2398 2205 9117 2405 2212 9118 2399 2206 9119 2399 2206 9120 2405 2212 9121 2401 2208 9122 2398 2205 9123 2406 2213 9124 2405 2212 9125 2397 2204 9126 2406 2213 9127 2398 2205 9128 2397 2204 9129 2407 2214 9130 2406 2213 9131 2408 2215 9132 2407 2214 9133 2397 2204 9134 2395 2202 9135 2408 2215 9136 2397 2204 9137 2381 2188 9138 2408 2215 9139 2395 2202 9140 2407 2214 9141 2408 2215 9142 2409 2216 9143 2410 2217 9144 2408 2215 9145 2381 2188 9146 2381 2188 9147 2383 2190 9148 2410 2217 9149 2409 2216 9150 2408 2215 9151 2410 2217 9152 2411 2218 9153 2384 2191 9154 2385 2192 9155 2384 2191 9156 2411 2218 9157 2383 2190 9158 2411 2218 9159 2412 2219 9160 2383 2190 9161 2411 2218 9162 2385 2192 9163 2413 2220 9164 2412 2219 9165 2411 2218 9166 2413 2220 9167 2413 2220 9168 2385 2192 9169 2387 2194 9170 2413 2220 9171 2387 2194 9172 2414 2221 9173 2387 2194 9174 2415 2222 9175 2414 2221 9176 2387 2194 9177 2390 2197 9178 2415 2222 9179 2416 2223 9180 2392 2199 9181 2393 2200 9182 2416 2223 9183 2415 2222 9184 2390 2197 9185 2416 2223 9186 2390 2197 9187 2392 2199 9188 2416 2223 9189 2393 2200 9190 2417 2224 9191 2412 2219 9192 2413 2220 9193 2418 2225 9194 2413 2220 9195 2414 2221 9196 2419 2226 9197 2419 2226 9198 2414 2221 9199 2415 2222 9200 2413 2220 9201 2419 2226 9202 2418 2225 9203 2420 2227 9204 2418 2225 9205 2419 2226 9206 2420 2227 9207 2419 2226 9208 2421 2228 9209 2419 2226 9210 2422 2229 9211 2421 2228 9212 2419 2226 9213 2423 2230 9214 2422 2229 9215 2419 2226 9216 2415 2222 9217 2423 2230 9218 2416 2223 9219 2423 2230 9220 2415 2222 9221 2424 2231 9222 2422 2229 9223 2423 2230 9224 2416 2223 9225 2425 2232 9226 2423 2230 9227 2425 2232 9228 2416 2223 9229 2417 2224 9230 2424 2231 9231 2423 2230 9232 2425 2232 9233 2426 2233 9234 2424 2231 9235 2425 2232 9236 2426 2233 9237 2425 2232 9238 2427 2234 9239 2425 2232 9240 2417 2224 9241 2427 2234 9242 2428 2235 9243 2422 2229 9244 2424 2231 9245 2424 2231 9246 2426 2233 9247 2428 2235 9248 2428 2235 9249 2421 2228 9250 2422 2229 9251 2429 2236 9252 2421 2228 9253 2428 2235 9254 2429 2236 9255 2420 2227 9256 2421 2228 9257 2430 2237 9258 2420 2227 9259 2429 2236 9260 2431 2238 9261 2418 2225 9262 2420 2227 9263 2431 2238 9264 2412 2219 9265 2418 2225 9266 2430 2237 9267 2431 2238 9268 2420 2227 9269 2431 2238 9270 2430 2237 9271 2432 2239 9272 2383 2190 9273 2412 2219 9274 2433 2240 9275 2431 2238 9276 2433 2240 9277 2412 2219 9278 2431 2238 9279 2432 2239 9280 2433 2240 9281 2434 2241 9282 2435 2242 9283 2436 2243 9284 2437 2244 9285 2435 2242 9286 2434 2241 9287 2436 2243 9288 2438 2245 9289 2434 2241 9290 2439 2246 9291 2438 2245 9292 2436 2243 9293 2439 2246 9294 2440 2247 9295 2438 2245 9296 2441 2248 9297 2440 2247 9298 2439 2246 9299 2437 2244 9300 2434 2241 9301 2442 2249 9302 2438 2245 9303 2443 2250 9304 2434 2241 9305 2442 2249 9306 2434 2241 9307 2443 2250 9308 2444 2251 9309 2442 2249 9310 2443 2250 9311 2445 2252 9312 2442 2249 9313 2444 2251 9314 2444 2251 9315 2443 2250 9316 2446 2253 9317 2447 2254 9318 2443 2250 9319 2438 2245 9320 2440 2247 9321 2447 2254 9322 2438 2245 9323 2446 2253 9324 2443 2250 9325 2447 2254 9326 2446 2253 9327 2447 2254 9328 2448 2255 9329 2449 2256 9330 2447 2254 9331 2440 2247 9332 2448 2255 9333 2447 2254 9334 2449 2256 9335 2449 2256 9336 2450 2257 9337 2448 2255 9338 2440 2247 9339 2441 2248 9340 2451 2258 9341 2451 2258 9342 2450 2257 9343 2440 2247 9344 2452 2259 9345 2445 2252 9346 2444 2251 9347 2453 2260 9348 2444 2251 9349 2446 2253 9350 2452 2259 9351 2444 2251 9352 2453 2260 9353 2453 2260 9354 2446 2253 9355 2454 2261 9356 2454 2261 9357 2446 2253 9358 2448 2255 9359 2454 2261 9360 2448 2255 9361 2455 2262 9362 2456 2263 9363 2452 2259 9364 2453 2260 9365 2456 2263 9366 2457 2264 9367 2452 2259 9368 2458 2265 9369 2457 2264 9370 2456 2263 9371 2458 2265 9372 2456 2263 9373 2459 2266 9374 2453 2260 9375 2460 2267 9376 2456 2263 9377 2453 2260 9378 2454 2261 9379 2460 2267 9380 2460 2267 9381 2459 2266 9382 2456 2263 9383 2460 2267 9384 2461 2268 9385 2459 2266 9386 2462 2269 9387 2461 2268 9388 2460 2267 9389 2454 2261 9390 2462 2269 9391 2460 2267 9392 2454 2261 9393 2455 2262 9394 2462 2269 9395 2455 2262 9396 2450 2257 9397 2462 2269 9398 2462 2269 9399 2463 2270 9400 2461 2268 9401 2463 2270 9402 2462 2269 9403 2464 2271 9404 2464 2271 9405 2450 2257 9406 2465 2272 9407 2466 2273 9408 2467 2274 9409 2468 2275 9410 2468 2275 9411 2469 2276 9412 2466 2273 9413 2466 2273 9414 2469 2276 9415 2470 2277 9416 2471 2278 9417 2466 2273 9418 2470 2277 9419 2472 2279 9420 2466 2273 9421 2471 2278 9422 2473 2280 9423 2467 2274 9424 2466 2273 9425 2472 2279 9426 2473 2280 9427 2466 2273 9428 2474 2281 9429 2473 2280 9430 2472 2279 9431 2472 2279 9432 2475 2282 9433 2474 2281 9434 2476 2283 9435 2472 2279 9436 2471 2278 9437 2476 2283 9438 2477 2284 9439 2472 2279 9440 2472 2279 9441 2477 2284 9442 2475 2282 9443 2470 2277 9444 2469 2276 9445 2478 2285 9446 2479 2286 9447 2469 2276 9448 2468 2275 9449 2479 2286 9450 2480 2287 9451 2469 2276 9452 2481 2288 9453 2478 2285 9454 2469 2276 9455 2473 2280 9456 2474 2281 9457 2482 2289 9458 2475 2282 9459 2482 2289 9460 2474 2281 9461 2482 2289 9462 2476 2283 9463 2471 2278 9464 2477 2284 9465 2476 2283 9466 2482 2289 9467 2477 2284 9468 2482 2289 9469 2475 2282 9470 2473 2280 9471 2482 2289 9472 2483 2290 9473 2467 2274 9474 2473 2280 9475 2483 2290 9476 2483 2290 9477 2482 2289 9478 2471 2278 9479 2483 2290 9480 2471 2278 9481 2470 2277 9482 2481 2288 9483 2484 2291 9484 2485 2292 9485 2485 2292 9486 2483 2290 9487 2470 2277 9488 2478 2285 9489 2481 2288 9490 2485 2292 9491 2485 2292 9492 2470 2277 9493 2478 2285 9494 2485 2292 9495 2486 2293 9496 2483 2290 9497 2467 2274 9498 2483 2290 9499 2486 2293 9500 2485 2292 9501 2487 2294 9502 2486 2293 9503 2485 2292 9504 2484 2291 9505 2488 2295 9506 2486 2293 9507 2489 2296 9508 2467 2274 9509 2489 2296 9510 2490 2297 9511 2467 2274 9512 2491 2298 9513 2468 2275 9514 2467 2274 9515 2490 2297 9516 2491 2298 9517 2467 2274 9518 2492 2299 9519 2493 2300 9520 2494 2301 9521 2493 2300 9522 2495 2302 9523 2494 2301 9524 2496 2303 9525 2495 2302 9526 2493 2300 9527 2496 2303 9528 2493 2300 9529 2497 2304 9530 2498 2305 9531 2495 2302 9532 2496 2303 9533 2498 2305 9534 2499 2306 9535 2495 2302 9536 2500 2307 9537 2492 2299 9538 2494 2301 9539 2501 2308 9540 2502 2309 9541 2494 2301 9542 2501 2308 9543 2494 2301 9544 2503 2310 9545 2504 2311 9546 2501 2308 9547 2503 2310 9548 2504 2311 9549 2503 2310 9550 2505 2312 9551 2505 2312 9552 2503 2310 9553 2506 2313 9554 2495 2302 9555 2507 2314 9556 2494 2301 9557 2503 2310 9558 2494 2301 9559 2507 2314 9560 2506 2313 9561 2503 2310 9562 2507 2314 9563 2495 2302 9564 2499 2306 9565 2507 2314 9566 2507 2314 9567 2508 2315 9568 2506 2313 9569 2507 2314 9570 2499 2306 9571 2508 2315 9572 2509 2316 9573 2502 2309 9574 2510 2317 9575 2511 2318 9576 2509 2316 9577 2510 2317 9578 2493 2300 9579 2511 2318 9580 2510 2317 9581 2493 2300 9582 2512 2319 9583 2511 2318 9584 2513 2320 9585 2493 2300 9586 2510 2317 9587 2513 2320 9588 2514 2321 9589 2493 2300 9590 2493 2300 9591 2514 2321 9592 2497 2304 9593 2513 2320 9594 2515 2322 9595 2514 2321 9596 2516 2323 9597 2515 2322 9598 2513 2320 9599 2517 2324 9600 2513 2320 9601 2510 2317 9602 2516 2323 9603 2513 2320 9604 2517 2324 9605 2501 2308 9606 2504 2311 9607 2518 2325 9608 2510 2317 9609 2501 2308 9610 2518 2325 9611 2510 2317 9612 2518 2325 9613 2517 2324 9614 2518 2325 9615 2504 2311 9616 2519 2326 9617 2518 2325 9618 2519 2326 9619 2520 2327 9620 2518 2325 9621 2520 2327 9622 2517 2324 9623 2521 2328 9624 2517 2324 9625 2520 2327 9626 2516 2323 9627 2517 2324 9628 2521 2328 9629 2522 2329 9630 2523 2330 9631 2524 2331 9632 2524 2331 9633 2525 2332 9634 2522 2329 9635 2522 2329 9636 2525 2332 9637 2526 2333 9638 2527 2334 9639 2528 2335 9640 2529 2336 9641 2527 2334 9642 2530 2337 9643 2528 2335 9644 2531 2338 9645 2529 2336 9646 2528 2335 9647 2530 2337 9648 2531 2338 9649 2528 2335 9650 2532 2339 9651 2531 2338 9652 2530 2337 9653 2532 2339 9654 2530 2337 9655 2533 2340 9656 2534 2341 9657 2532 2339 9658 2533 2340 9659 2535 2342 9660 2532 2339 9661 2534 2341 9662 2535 2342 9663 2534 2341 9664 2536 2343 9665 2534 2341 9666 2533 2340 9667 2537 2344 9668 2537 2344 9669 2533 2340 9670 2538 2345 9671 2533 2340 9672 2539 2346 9673 2538 2345 9674 2534 2341 9675 2537 2344 9676 2540 2347 9677 2540 2347 9678 2537 2344 9679 2541 2348 9680 2537 2344 9681 2538 2345 9682 2541 2348 9683 2541 2348 9684 2538 2345 9685 2542 2349 9686 2543 2350 9687 2541 2348 9688 2542 2349 9689 2543 2350 9690 2542 2349 9691 2544 2351 9692 2543 2350 9693 2545 2352 9694 2541 2348 9695 2545 2352 9696 2546 2353 9697 2541 2348 9698 2543 2350 9699 2547 2354 9700 2545 2352 9701 2543 2350 9702 2544 2351 9703 2547 2354 9704 2547 2354 9705 2544 2351 9706 2548 2355 9707 2549 2356 9708 2547 2354 9709 2548 2355 9710 2549 2356 9711 2550 2357 9712 2547 2354 9713 2545 2352 9714 2547 2354 9715 2550 2357 9716 2549 2356 9717 2548 2355 9718 2551 2358 9719 2551 2358 9720 2545 2352 9721 2550 2357 9722 2546 2353 9723 2545 2352 9724 2551 2358 9725 2544 2351 9726 2551 2358 9727 2548 2355 9728 2546 2353 9729 2551 2358 9730 2544 2351 9731 2549 2356 9732 2551 2358 9733 2550 2357 9734 2538 2345 9735 2552 2359 9736 2542 2349 9737 2539 2346 9738 2552 2359 9739 2538 2345 9740 2544 2351 9741 2542 2349 9742 2552 2359 9743 2544 2351 9744 2552 2359 9745 2546 2353 9746 2553 2360 9747 2552 2359 9748 2539 2346 9749 2540 2347 9750 2541 2348 9751 2554 2361 9752 2546 2353 9753 2552 2359 9754 2554 2361 9755 2541 2348 9756 2546 2353 9757 2554 2361 9758 2554 2361 9759 2552 2359 9760 2553 2360 9761 2554 2361 9762 2555 2362 9763 2540 2347 9764 2554 2361 9765 2553 2360 9766 2555 2362 9767 2556 2363 9768 2534 2341 9769 2540 2347 9770 2556 2363 9771 2540 2347 9772 2555 2362 9773 2557 2364 9774 2555 2362 9775 2553 2360 9776 2558 2365 9777 2555 2362 9778 2557 2364 9779 2558 2365 9780 2556 2363 9781 2555 2362 9782 2559 2366 9783 2536 2343 9784 2534 2341 9785 2559 2366 9786 2534 2341 9787 2556 2363 9788 2559 2366 9789 2556 2363 9790 2558 2365 9791 2559 2366 9792 2560 2367 9793 2536 2343 9794 2559 2366 9795 2561 2368 9796 2560 2367 9797 2561 2368 9798 2559 2366 9799 2558 2365 9800 2562 2369 9801 2553 2360 9802 2539 2346 9803 2562 2369 9804 2539 2346 9805 2533 2340 9806 2562 2369 9807 2557 2364 9808 2553 2360 9809 2560 2367 9810 2561 2368 9811 2563 2370 9812 2563 2370 9813 2564 2371 9814 2560 2367 9815 2564 2371 9816 2563 2370 9817 2565 2372 9818 2565 2372 9819 2566 2373 9820 2564 2371 9821 2565 2372 9822 2567 2374 9823 2566 2373 9824 2568 2375 9825 2563 2370 9826 2561 2368 9827 2565 2372 9828 2563 2370 9829 2568 2375 9830 2567 2374 9831 2565 2372 9832 2569 2376 9833 2568 2375 9834 2569 2376 9835 2565 2372 9836 2561 2368 9837 2569 2376 9838 2568 2375 9839 2570 2377 9840 2569 2376 9841 2561 2368 9842 2567 2374 9843 2569 2376 9844 2570 2377 9845 2571 2378 9846 2567 2374 9847 2570 2377 9848 2570 2377 9849 2561 2368 9850 2572 2379 9851 2557 2364 9852 2562 2369 9853 2572 2379 9854 2557 2364 9855 2572 2379 9856 2558 2365 9857 2572 2379 9858 2561 2368 9859 2558 2365 9860 2571 2378 9861 2570 2377 9862 2573 2380 9863 2573 2380 9864 2570 2377 9865 2572 2379 9866 2572 2379 9867 2562 2369 9868 2573 2380 9869 2571 2378 9870 2574 2381 9871 2567 2374 9872 2567 2374 9873 2574 2381 9874 2566 2373 9875 2574 2381 9876 2564 2371 9877 2566 2373 9878 2575 2382 9879 2564 2371 9880 2574 2381 9881 2575 2382 9882 2536 2343 9883 2560 2367 9884 2560 2367 9885 2564 2371 9886 2575 2382 9887 2535 2342 9888 2536 2343 9889 2575 2382 9890 2576 2383 9891 2535 2342 9892 2575 2382 9893 2577 2384 9894 2535 2342 9895 2576 2383 9896 2532 2339 9897 2535 2342 9898 2578 2385 9899 2578 2385 9900 2535 2342 9901 2577 2384 9902 2532 2339 9903 2578 2385 9904 2579 2386 9905 2532 2339 9906 2579 2386 9907 2531 2338 9908 2580 2387 9909 2579 2386 9910 2578 2385 9911 2578 2385 9912 2581 2388 9913 2580 2387 9914 2529 2336 9915 2582 2389 9916 2527 2334 9917 2529 2336 9918 2531 2338 9919 2582 2389 9920 2579 2386 9921 2582 2389 9922 2531 2338 9923 2580 2387 9924 2582 2389 9925 2579 2386 9926 2583 2390 9927 2582 2389 9928 2580 2387 9929 2527 2334 9930 2582 2389 9931 2583 2390 9932 2576 2383 9933 2575 2382 9934 2584 2391 9935 2576 2383 9936 2584 2391 9937 2585 2392 9938 2585 2392 9939 2584 2391 9940 2586 2393 9941 2562 2369 9942 2587 2394 9943 2573 2380 9944 2562 2369 9945 2533 2340 9946 2587 2394 9947 2587 2394 9948 2530 2337 9949 2527 2334 9950 2571 2378 9951 2573 2380 9952 2587 2394 9953 2587 2394 9954 2527 2334 9955 2583 2390 9956 2587 2394 9957 2533 2340 9958 2530 2337 9959 2580 2387 9960 2588 2395 9961 2583 2390 9962 2587 2394 9963 2583 2390 9964 2588 2395 9965 2588 2395 9966 2580 2387 9967 2581 2388 9968 2589 2396 9969 2584 2391 9970 2575 2382 9971 2589 2396 9972 2575 2382 9973 2574 2381 9974 2587 2394 9975 2589 2396 9976 2571 2378 9977 2589 2396 9978 2586 2393 9979 2584 2391 9980 2571 2378 9981 2589 2396 9982 2574 2381 9983 2588 2395 9984 2590 2397 9985 2587 2394 9986 2589 2396 9987 2587 2394 9988 2590 2397 9989 2591 2398 9990 2588 2395 9991 2581 2388 9992 2581 2388 9993 2578 2385 9994 2591 2398 9995 2592 2399 9996 2591 2398 9997 2578 2385 9998 2593 2400 9999 2591 2398 10000 2592 2399 10001 2593 2400 10002 2594 2401 10003 2591 2398 10004 2588 2395 10005 2591 2398 10006 2594 2401 10007 2593 2400 10008 2595 2402 10009 2594 2401 10010 2593 2400 10011 2596 2403 10012 2595 2402 10013 2597 2404 10014 2595 2402 10015 2596 2403 10016 2598 2405 10017 2595 2402 10018 2597 2404 10019 2599 2406 10020 2596 2403 10021 2593 2400 10022 2596 2403 10023 2599 2406 10024 2597 2404 10025 2599 2406 10026 2598 2405 10027 2597 2404 10028 2593 2400 10029 2592 2399 10030 2599 2406 10031 2578 2385 10032 2600 2407 10033 2592 2399 10034 2592 2399 10035 2600 2407 10036 2599 2406 10037 2599 2406 10038 2600 2407 10039 2598 2405 10040 2598 2405 10041 2600 2407 10042 2601 2408 10043 2600 2407 10044 2602 2409 10045 2601 2408 10046 2603 2410 10047 2578 2385 10048 2577 2384 10049 2603 2410 10050 2600 2407 10051 2578 2385 10052 2603 2410 10053 2577 2384 10054 2576 2383 10055 2600 2407 10056 2603 2410 10057 2602 2409 10058 2602 2409 10059 2603 2410 10060 2604 2411 10061 2601 2408 10062 2602 2409 10063 2605 2412 10064 2601 2408 10065 2605 2412 10066 2606 2413 10067 2607 2414 10068 2601 2408 10069 2606 2413 10070 2605 2412 10071 2602 2409 10072 2608 2415 10073 2606 2413 10074 2605 2412 10075 2609 2416 10076 2605 2412 10077 2608 2415 10078 2609 2416 10079 2606 2413 10080 2609 2416 10081 2610 2417 10082 2609 2416 10083 2611 2418 10084 2610 2417 10085 2610 2417 10086 2611 2418 10087 2612 2419 10088 2613 2420 10089 2611 2418 10090 2609 2416 10091 2614 2421 10092 2613 2420 10093 2609 2416 10094 2615 2422 10095 2611 2418 10096 2613 2420 10097 2612 2419 10098 2611 2418 10099 2615 2422 10100 2612 2419 10101 2615 2422 10102 2616 2423 10103 2615 2422 10104 2617 2424 10105 2616 2423 10106 2618 2425 10107 2617 2424 10108 2615 2422 10109 2615 2422 10110 2613 2420 10111 2618 2425 10112 2619 2426 10113 2617 2424 10114 2618 2425 10115 2619 2426 10116 2614 2421 10117 2612 2419 10118 2616 2423 10119 2617 2424 10120 2619 2426 10121 2613 2420 10122 2619 2426 10123 2618 2425 10124 2613 2420 10125 2614 2421 10126 2619 2426 10127 2619 2426 10128 2612 2419 10129 2616 2423 10130 2620 2427 10131 2612 2419 10132 2614 2421 10133 2620 2427 10134 2606 2413 10135 2610 2417 10136 2620 2427 10137 2607 2414 10138 2606 2413 10139 2610 2417 10140 2612 2419 10141 2620 2427 10142 2620 2427 10143 2621 2428 10144 2607 2414 10145 2620 2427 10146 2622 2429 10147 2621 2428 10148 2609 2416 10149 2608 2415 10150 2622 2429 10151 2620 2427 10152 2614 2421 10153 2622 2429 10154 2614 2421 10155 2609 2416 10156 2622 2429 10157 2623 2430 10158 2622 2429 10159 2608 2415 10160 2621 2428 10161 2622 2429 10162 2623 2430 10163 2608 2415 10164 2624 2431 10165 2623 2430 10166 2602 2409 10167 2624 2431 10168 2608 2415 10169 2604 2411 10170 2625 2432 10171 2602 2409 10172 2602 2409 10173 2625 2432 10174 2624 2431 10175 2626 2433 10176 2625 2432 10177 2604 2411 10178 2627 2434 10179 2625 2432 10180 2626 2433 10181 2625 2432 10182 2627 2434 10183 2628 2435 10184 2624 2431 10185 2628 2435 10186 2623 2430 10187 2624 2431 10188 2625 2432 10189 2628 2435 10190 2623 2430 10191 2628 2435 10192 2629 2436 10193 2623 2430 10194 2629 2436 10195 2621 2428 10196 2621 2428 10197 2630 2437 10198 2607 2414 10199 2607 2414 10200 2630 2437 10201 2601 2408 10202 2629 2436 10203 2630 2437 10204 2621 2428 10205 2627 2434 10206 2626 2433 10207 2631 2438 10208 2632 2439 10209 2631 2438 10210 2626 2433 10211 2631 2438 10212 2632 2439 10213 2633 2440 10214 2634 2441 10215 2633 2440 10216 2632 2439 10217 2635 2442 10218 2633 2440 10219 2634 2441 10220 2631 2438 10221 2633 2440 10222 2636 2443 10223 2631 2438 10224 2636 2443 10225 2627 2434 10226 2637 2444 10227 2627 2434 10228 2636 2443 10229 2637 2444 10230 2636 2443 10231 2633 2440 10232 2633 2440 10233 2635 2442 10234 2637 2444 10235 2637 2444 10236 2635 2442 10237 2638 2445 10238 2637 2444 10239 2638 2445 10240 2627 2434 10241 2627 2434 10242 2638 2445 10243 2639 2446 10244 2627 2434 10245 2639 2446 10246 2628 2435 10247 2630 2437 10248 2629 2436 10249 2639 2446 10250 2639 2446 10251 2629 2436 10252 2628 2435 10253 2630 2437 10254 2639 2446 10255 2640 2447 10256 2638 2445 10257 2640 2447 10258 2639 2446 10259 2635 2442 10260 2641 2448 10261 2638 2445 10262 2638 2445 10263 2641 2448 10264 2640 2447 10265 2642 2449 10266 2635 2442 10267 2634 2441 10268 2642 2449 10269 2641 2448 10270 2635 2442 10271 2632 2439 10272 2642 2449 10273 2634 2441 10274 2632 2439 10275 2626 2433 10276 2643 2450 10277 2604 2411 10278 2643 2450 10279 2626 2433 10280 2604 2411 10281 2603 2410 10282 2643 2450 10283 2603 2410 10284 2576 2383 10285 2643 2450 10286 2632 2439 10287 2643 2450 10288 2642 2449 10289 2644 2451 10290 2576 2383 10291 2585 2392 10292 2643 2450 10293 2576 2383 10294 2644 2451 10295 2644 2451 10296 2585 2392 10297 2645 2452 10298 2601 2408 10299 2646 2453 10300 2598 2405 10301 2598 2405 10302 2646 2453 10303 2595 2402 10304 2640 2447 10305 2641 2448 10306 2646 2453 10307 2646 2453 10308 2630 2437 10309 2640 2447 10310 2595 2402 10311 2646 2453 10312 2594 2401 10313 2594 2401 10314 2646 2453 10315 2588 2395 10316 2601 2408 10317 2630 2437 10318 2646 2453 10319 2644 2451 10320 2647 2454 10321 2643 2450 10322 2643 2450 10323 2647 2454 10324 2642 2449 10325 2647 2454 10326 2641 2448 10327 2642 2449 10328 2647 2454 10329 2646 2453 10330 2641 2448 10331 2645 2452 10332 2647 2454 10333 2644 2451 10334 2648 2455 10335 2588 2395 10336 2646 2453 10337 2646 2453 10338 2647 2454 10339 2648 2455 10340 2649 2456 10341 2650 2457 10342 2651 2458 10343 2649 2456 10344 2651 2458 10345 2652 2459 10346 2652 2459 10347 2651 2458 10348 2653 2460 10349 2654 2461 10350 2649 2456 10351 2655 2462 10352 2655 2462 10353 2649 2456 10354 2652 2459 10355 2652 2459 10356 2653 2460 10357 2656 2463 10358 2656 2463 10359 2653 2460 10360 2657 2464 10361 2658 2465 10362 2656 2463 10363 2657 2464 10364 2659 2466 10365 2656 2463 10366 2658 2465 10367 2659 2466 10368 2660 2467 10369 2656 2463 10370 2655 2462 10371 2652 2459 10372 2661 2468 10373 2660 2467 10374 2661 2468 10375 2656 2463 10376 2661 2468 10377 2652 2459 10378 2656 2463 10379 2662 2469 10380 2661 2468 10381 2660 2467 10382 2651 2458 10383 2663 2470 10384 2664 2471 10385 2651 2458 10386 2665 2472 10387 2653 2460 10388 2664 2471 10389 2665 2472 10390 2651 2458 10391 2666 2473 10392 2667 2474 10393 2668 2475 10394 2669 2476 10395 2667 2474 10396 2666 2473 10397 2668 2475 10398 2667 2474 10399 2670 2477 10400 2670 2477 10401 2664 2471 10402 2668 2475 10403 2665 2472 10404 2664 2471 10405 2670 2477 10406 2670 2477 10407 2671 2478 10408 2665 2472 10409 2667 2474 10410 2671 2478 10411 2670 2477 10412 2672 2479 10413 2671 2478 10414 2667 2474 10415 2672 2479 10416 2673 2480 10417 2671 2478 10418 2674 2481 10419 2673 2480 10420 2672 2479 10421 2675 2482 10422 2674 2481 10423 2672 2479 10424 2675 2482 10425 2676 2483 10426 2674 2481 10427 2677 2484 10428 2675 2482 10429 2672 2479 10430 2669 2476 10431 2677 2484 10432 2667 2474 10433 2667 2474 10434 2677 2484 10435 2672 2479 10436 2665 2472 10437 2678 2485 10438 2653 2460 10439 2665 2472 10440 2671 2478 10441 2678 2485 10442 2653 2460 10443 2678 2485 10444 2657 2464 10445 2657 2464 10446 2679 2486 10447 2658 2465 10448 2678 2485 10449 2671 2478 10450 2679 2486 10451 2679 2486 10452 2671 2478 10453 2673 2480 10454 2678 2485 10455 2679 2486 10456 2657 2464 10457 2676 2483 10458 2675 2482 10459 2680 2487 10460 2680 2487 10461 2675 2482 10462 2681 2488 10463 2675 2482 10464 2677 2484 10465 2681 2488 10466 2682 2489 10467 2680 2487 10468 2681 2488 10469 2682 2489 10470 2681 2488 10471 2683 2490 10472 2677 2484 10473 2684 2491 10474 2681 2488 10475 2677 2484 10476 2669 2476 10477 2684 2491 10478 2683 2490 10479 2681 2488 10480 2684 2491 10481 2683 2490 10482 2684 2491 10483 2685 2492 10484 2684 2491 10485 2686 2493 10486 2685 2492 10487 2684 2491 10488 2687 2494 10489 2686 2493 10490 2684 2491 10491 2669 2476 10492 2687 2494 10493 2687 2494 10494 2688 2495 10495 2686 2493 10496 2687 2494 10497 2689 2496 10498 2688 2495 10499 2686 2493 10500 2688 2495 10501 2690 2497 10502 2691 2498 10503 2692 2499 10504 2654 2461 10505 2691 2498 10506 2654 2461 10507 2655 2462 10508 2691 2498 10509 2655 2462 10510 2693 2500 10511 2693 2500 10512 2655 2462 10513 2661 2468 10514 2694 2501 10515 2691 2498 10516 2693 2500 10517 2694 2501 10518 2693 2500 10519 2695 2502 10520 2695 2502 10521 2693 2500 10522 2696 2503 10523 2693 2500 10524 2661 2468 10525 2696 2503 10526 2695 2502 10527 2696 2503 10528 2697 2504 10529 2696 2503 10530 2698 2505 10531 2697 2504 10532 2696 2503 10533 2699 2506 10534 2698 2505 10535 2661 2468 10536 2700 2507 10537 2696 2503 10538 2700 2507 10539 2699 2506 10540 2696 2503 10541 2661 2468 10542 2662 2469 10543 2700 2507 10544 2683 2490 10545 2685 2492 10546 2701 2508 10547 2701 2508 10548 2694 2501 10549 2695 2502 10550 2702 2509 10551 2697 2504 10552 2698 2505 10553 2683 2490 10554 2702 2509 10555 2682 2489 10556 2683 2490 10557 2701 2508 10558 2703 2510 10559 2683 2490 10560 2703 2510 10561 2702 2509 10562 2702 2509 10563 2703 2510 10564 2697 2504 10565 2703 2510 10566 2701 2508 10567 2695 2502 10568 2703 2510 10569 2695 2502 10570 2697 2504 10571 2686 2493 10572 2690 2497 10573 2704 2511 10574 2704 2511 10575 2685 2492 10576 2686 2493 10577 2704 2511 10578 2701 2508 10579 2685 2492 10580 2701 2508 10581 2704 2511 10582 2694 2501 10583 2705 2512 10584 2706 2513 10585 2707 2514 10586 2708 2515 10587 2706 2513 10588 2705 2512 10589 2705 2512 10590 2707 2514 10591 2709 2516 10592 2709 2516 10593 2707 2514 10594 2710 2517 10595 2711 2518 10596 2709 2516 10597 2710 2517 10598 2712 2519 10599 2709 2516 10600 2711 2518 10601 2708 2515 10602 2713 2520 10603 2706 2513 10604 2714 2521 10605 2713 2520 10606 2708 2515 10607 2714 2521 10608 2715 2522 10609 2713 2520 10610 2716 2523 10611 2715 2522 10612 2714 2521 10613 2710 2517 10614 2717 2524 10615 2711 2518 10616 2717 2524 10617 2710 2517 10618 2707 2514 10619 2706 2513 10620 2718 2525 10621 2707 2514 10622 2707 2514 10623 2718 2525 10624 2717 2524 10625 2718 2525 10626 2719 2526 10627 2717 2524 10628 2717 2524 10629 2719 2526 10630 2720 2527 10631 2706 2513 10632 2721 2528 10633 2718 2525 10634 2713 2520 10635 2721 2528 10636 2706 2513 10637 2718 2525 10638 2721 2528 10639 2719 2526 10640 2719 2526 10641 2721 2528 10642 2722 2529 10643 2721 2528 10644 2723 2530 10645 2722 2529 10646 2715 2522 10647 2723 2530 10648 2713 2520 10649 2713 2520 10650 2723 2530 10651 2721 2528 10652 2722 2529 10653 2723 2530 10654 2724 2531 10655 2722 2529 10656 2725 2532 10657 2719 2526 10658 2719 2526 10659 2725 2532 10660 2720 2527 10661 2720 2527 10662 2725 2532 10663 2726 2533 10664 2724 2531 10665 2727 2534 10666 2722 2529 10667 2727 2534 10668 2725 2532 10669 2722 2529 10670 2728 2535 10671 2727 2534 10672 2724 2531 10673 2717 2524 10674 2720 2527 10675 2729 2536 10676 2726 2533 10677 2729 2536 10678 2720 2527 10679 2730 2537 10680 2729 2536 10681 2726 2533 10682 2725 2532 10683 2731 2538 10684 2726 2533 10685 2725 2532 10686 2732 2539 10687 2731 2538 10688 2732 2539 10689 2733 2540 10690 2731 2538 10691 2732 2539 10692 2734 2541 10693 2733 2540 10694 2735 2542 10695 2734 2541 10696 2732 2539 10697 2735 2542 10698 2732 2539 10699 2736 2543 10700 2725 2532 10701 2736 2543 10702 2732 2539 10703 2725 2532 10704 2727 2534 10705 2736 2543 10706 2737 2544 10707 2735 2542 10708 2736 2543 10709 2737 2544 10710 2736 2543 10711 2738 2545 10712 2727 2534 10713 2728 2535 10714 2738 2545 10715 2727 2534 10716 2738 2545 10717 2736 2543 10718 2739 2546 10719 2705 2512 10720 2709 2516 10721 2734 2541 10722 2739 2546 10723 2733 2540 10724 2739 2546 10725 2709 2516 10726 2740 2547 10727 2740 2547 10728 2733 2540 10729 2739 2546 10730 2741 2548 10731 2705 2512 10732 2739 2546 10733 2734 2541 10734 2741 2548 10735 2739 2546 10736 2741 2548 10737 2708 2515 10738 2705 2512 10739 2735 2542 10740 2741 2548 10741 2734 2541 10742 2733 2540 10743 2740 2547 10744 2742 2549 10745 2709 2516 10746 2742 2549 10747 2740 2547 10748 2709 2516 10749 2712 2519 10750 2742 2549 10751 2737 2544 10752 2743 2550 10753 2735 2542 10754 2743 2550 10755 2714 2521 10756 2708 2515 10757 2743 2550 10758 2708 2515 10759 2741 2548 10760 2735 2542 10761 2743 2550 10762 2741 2548 10763 2737 2544 10764 2744 2551 10765 2743 2550 10766 2744 2551 10767 2716 2523 10768 2714 2521 10769 2744 2551 10770 2714 2521 10771 2743 2550 10772 2733 2540 10773 2742 2549 10774 2745 2552 10775 2746 2553 10776 2726 2533 10777 2731 2538 10778 2746 2553 10779 2730 2537 10780 2726 2533 10781 2731 2538 10782 2733 2540 10783 2746 2553 10784 2747 2554 10785 2748 2555 10786 2749 2556 10787 2749 2556 10788 2750 2557 10789 2747 2554 10790 2750 2557 10791 2751 2558 10792 2747 2554 10793 2748 2555 10794 2752 2559 10795 2753 2560 10796 2754 2561 10797 2753 2560 10798 2752 2559 10799 2755 2562 10800 2754 2561 10801 2752 2559 10802 2756 2563 10803 2757 2564 10804 2758 2565 10805 2759 2566 10806 2760 2567 10807 2761 2568 10808 2762 2569 10809 2759 2566 10810 2761 2568 10811 2760 2567 10812 2759 2566 10813 2763 2570 10814 2764 2571 10815 2759 2566 10816 2762 2569 10817 2765 2572 10818 2759 2566 10819 2764 2571 10820 2763 2570 10821 2759 2566 10822 2766 2573 10823 2765 2572 10824 2766 2573 10825 2759 2566 10826 2763 2570 10827 2766 2573 10828 2767 2574 10829 2768 2575 10830 2760 2567 10831 2763 2570 10832 2760 2567 10833 2768 2575 10834 2761 2568 10835 2768 2575 10836 2769 2576 10837 2761 2568 10838 2768 2575 10839 2770 2577 10840 2769 2576 10841 2768 2575 10842 2771 2578 10843 2770 2577 10844 2768 2575 10845 2763 2570 10846 2772 2579 10847 2772 2579 10848 2771 2578 10849 2768 2575 10850 2772 2579 10851 2763 2570 10852 2773 2580 10853 2711 2518 10854 2717 2524 10855 2774 2581 10856 2249 2056 10857 2775 2582 10858 2252 2059 10859 2249 2056 10860 2250 2057 10861 2775 2582 10862 2252 2059 10863 2775 2582 10864 2776 2583 10865 2669 2476 10866 2777 2584 10867 2687 2494 10868 2778 2585 10869 2779 2586 10870 2780 2587 10871 2255 2062 10872 2781 2588 10873 2269 2076 10874 2781 2588 10875 2255 2062 10876 2782 2589 10877 2783 11 10878 2784 9 10879 2785 2590 10880 2786 2591 10881 2784 9 10882 2783 11 10883 2786 2591 10884 2787 4 10885 2784 9 10886 2786 2591 10887 2788 5 10888 2787 4 10889 2786 2591 10890 2789 6 10891 2788 5 10892 2783 11 10893 2789 6 10894 2786 2591 10895 2784 9 10896 2790 7 10897 2785 2590 10898 2791 8 10899 2790 7 10900 2784 9 10901 2791 8 10902 2784 9 10903 2787 4 10904 2791 8 10905 2792 0 10906 2790 7 10907 2791 8 10908 2787 4 10909 2792 0 10910 2793 2592 10911 2792 0 10912 2787 4 10913 2793 2592 10914 2787 4 10915 2788 5 10916 2789 6 10917 2793 2592 10918 2788 5 10919 2794 1 10920 2793 2592 10921 2789 6 10922 2794 1 10923 2792 0 10924 2793 2592 10925 2790 7 10926 2792 0 10927 2795 2593 10928 2795 2593 10929 2792 0 10930 2794 1 10931 2796 2594 10932 2797 2595 10933 2798 2596 10934 2799 2597 10935 2797 2595 10936 2796 2594 10937 2796 2594 10938 2798 2596 10939 2800 2598 10940 2796 2594 10941 2800 2598 10942 2801 2599 10943 2802 2600 10944 2801 2599 10945 2800 2598 10946 2803 2601 10947 2801 2599 10948 2802 2600 10949 2799 2597 10950 2796 2594 10951 2804 2602 10952 2804 2602 10953 2796 2594 10954 2801 2599 10955 2804 2602 10956 2801 2599 10957 2803 2601 10958 2802 2600 10959 2800 2598 10960 2805 2603 10961 2802 2600 10962 2805 2603 10963 2803 2601 10964 2797 2595 10965 2806 2604 10966 2798 2596 10967 2806 2604 10968 2805 2603 10969 2800 2598 10970 2806 2604 10971 2800 2598 10972 2798 2596 10973 2803 2601 10974 2805 2603 10975 2807 2605 10976 2806 2604 10977 2807 2605 10978 2805 2603 10979 2808 2606 10980 2806 2604 10981 2797 2595 10982 2808 2606 10983 2807 2605 10984 2806 2604 10985 2809 2607 10986 2810 2608 10987 2811 2609 10988 2812 2610 10989 2810 2608 10990 2809 2607 10991 2809 2607 10992 2813 2611 10993 2812 2610 10994 2814 2612 10995 2813 2611 10996 2809 2607 10997 2813 2611 10998 2814 2612 10999 2815 2613 11000 2815 2613 11001 2814 2612 11002 2816 2614 11003 2815 2613 11004 2817 2615 11005 2813 2611 11006 2813 2611 11007 2817 2615 11008 2818 2616 11009 2817 2615 11010 2819 2617 11011 2818 2616 11012 2818 2616 11013 2819 2617 11014 2820 2618 11015 2821 2619 11016 2820 2618 11017 2819 2617 11018 2822 2620 11019 2820 2618 11020 2821 2619 11021 2823 2621 11022 2813 2611 11023 2818 2616 11024 2812 2610 11025 2813 2611 11026 2823 2621 11027 2823 2621 11028 2820 2618 11029 2822 2620 11030 2818 2616 11031 2820 2618 11032 2823 2621 11033 2821 2619 11034 2823 2621 11035 2822 2620 11036 2824 2622 11037 2812 2610 11038 2823 2621 11039 2810 2608 11040 2812 2610 11041 2824 2622 11042 2824 2622 11043 2823 2621 11044 2821 2619 11045 2809 2607 11046 2825 2623 11047 2814 2612 11048 2814 2612 11049 2825 2623 11050 2816 2614 11051 2816 2614 11052 2825 2623 11053 2826 2624 11054 2809 2607 11055 2811 2609 11056 2827 2625 11057 2827 2625 11058 2825 2623 11059 2809 2607 11060 2827 2625 11061 2826 2624 11062 2825 2623 11063 2827 2625 11064 2811 2609 11065 2828 2626 11066 2828 2626 11067 2826 2624 11068 2827 2625 11069 2829 2627 11070 2830 2628 11071 2831 2629 11072 2832 2630 11073 2830 2628 11074 2829 2627 11075 2829 2627 11076 2831 2629 11077 2833 2631 11078 2829 2627 11079 2833 2631 11080 2834 2632 11081 2835 2633 11082 2834 2632 11083 2833 2631 11084 2836 2634 11085 2834 2632 11086 2835 2633 11087 2832 2630 11088 2829 2627 11089 2837 2635 11090 2837 2635 11091 2834 2632 11092 2836 2634 11093 2837 2635 11094 2829 2627 11095 2834 2632 11096 2835 2633 11097 2833 2631 11098 2838 2636 11099 2835 2633 11100 2838 2636 11101 2836 2634 11102 2839 2637 11103 2838 2636 11104 2833 2631 11105 2839 2637 11106 2833 2631 11107 2831 2629 11108 2830 2628 11109 2839 2637 11110 2831 2629 11111 2839 2637 11112 2840 2638 11113 2838 2636 11114 2836 2634 11115 2838 2636 11116 2840 2638 11117 2841 2639 11118 2840 2638 11119 2839 2637 11120 2841 2639 11121 2839 2637 11122 2830 2628 11123 1069 1011 11124 1041 983 11125 1038 980 11126 1072 1014 11127 1043 985 11128 1050 992 11129 1072 1014 11130 1050 992 11131 1066 1008 11132 1074 1016 11133 1078 1020 11134 1075 1017 11135 1074 1016 11136 2842 2640 11137 1078 1020 11138 2843 2641 11139 1121 1062 11140 1116 1057 11141 2843 2641 11142 1122 1063 11143 1121 1062 11144 2843 2641 11145 1116 1057 11146 2844 2642 11147 1119 1060 11148 2844 2642 11149 1116 1057 11150 2843 2641 11151 2845 2643 11152 1122 1063 11153 1253 1192 11154 1252 1191 11155 1257 1196 11156 1264 1203 11157 1257 1196 11158 1260 1199 11159 1253 1192 11160 1257 1196 11161 2846 2644 11162 1264 1203 11163 2846 2644 11164 1257 1196 11165 1346 1285 11166 1344 1283 11167 1342 1281 11168 1344 1283 11169 2847 2645 11170 1340 1279 11171 1345 1284 11172 1342 1281 11173 1343 1282 11174 1398 1332 11175 1370 1304 11176 1385 1319 11177 1398 1332 11178 1399 1333 11179 1368 1302 11180 1401 1335 11181 1371 1305 11182 1402 1336 11183 1401 1335 11184 1402 1336 11185 1407 1341 11186 1407 1341 11187 1402 1336 11188 1404 1338 11189 2848 2646 11190 1407 1341 11191 1406 1340 11192 1449 1382 11193 1446 1379 11194 1444 1377 11195 1449 1382 11196 1444 1377 11197 1445 1378 11198 1454 1387 11199 1449 1382 11200 1445 1378 11201 1594 1459 11202 1593 1458 11203 1589 1454 11204 1678 1543 11205 1675 1540 11206 1674 1539 11207 1678 1543 11208 2849 2647 11209 1675 1540 11210 1679 1544 11211 1675 1540 11212 2849 2647 11213 1679 1544 11214 2850 2648 11215 1676 1541 11216 2251 2058 11217 2240 2047 11218 2253 2060 11219 2251 2058 11220 2270 2077 11221 2271 2078 11222 2851 2649 11223 2852 2650 11224 2853 2651 11225 2851 2649 11226 2854 2652 11227 2852 2650 11228 2852 2650 11229 2855 2653 11230 2853 2651 11231 2856 2654 11232 2853 2651 11233 2855 2653 11234 2857 2655 11235 2853 2651 11236 2856 2654 11237 2858 2656 11238 2857 2655 11239 2856 2654 11240 2859 2657 11241 2857 2655 11242 2858 2656 11243 2860 2658 11244 2859 2657 11245 2858 2656 11246 2861 2659 11247 2859 2657 11248 2860 2658 11249 2861 2659 11250 2860 2658 11251 2862 2660 11252 2862 2660 11253 2860 2658 11254 2863 2661 11255 2862 2660 11256 2863 2661 11257 2864 2662 11258 2854 2652 11259 2865 2663 11260 2852 2650 11261 2863 2661 11262 2866 2664 11263 2864 2662 11264 2867 2665 11265 2866 2664 11266 2863 2661 11267 2867 2665 11268 2868 2666 11269 2866 2664 11270 2869 2667 11271 2868 2666 11272 2867 2665 11273 2869 2667 11274 2867 2665 11275 2870 2668 11276 2871 2669 11277 2869 2667 11278 2870 2668 11279 2871 2669 11280 2870 2668 11281 2872 2670 11282 2873 2671 11283 2871 2669 11284 2872 2670 11285 2873 2671 11286 2872 2670 11287 2874 2672 11288 2874 2672 11289 2875 2673 11290 2873 2671 11291 2865 2663 11292 2854 2652 11293 2875 2673 11294 2854 2652 11295 2876 2674 11296 2875 2673 11297 2875 2673 11298 2876 2674 11299 2873 2671 11300 2877 2675 11301 2878 2676 11302 2879 2677 11303 2878 2676 11304 2880 2678 11305 2879 2677 11306 2879 2677 11307 2880 2678 11308 2881 2679 11309 2880 2678 11310 2882 2680 11311 2881 2679 11312 2883 2681 11313 2882 2680 11314 2880 2678 11315 2884 2682 11316 2883 2681 11317 2880 2678 11318 2885 2683 11319 2883 2681 11320 2884 2682 11321 2885 2683 11322 2884 2682 11323 2886 2684 11324 2886 2684 11325 2884 2682 11326 2887 2685 11327 2887 2685 11328 2888 2686 11329 2886 2684 11330 2886 2684 11331 2888 2686 11332 2889 2687 11333 2890 2688 11334 2880 2678 11335 2878 2676 11336 2884 2682 11337 2880 2678 11338 2890 2688 11339 2888 2686 11340 2887 2685 11341 2891 2689 11342 2892 2690 11343 2884 2682 11344 2890 2688 11345 2887 2685 11346 2884 2682 11347 2892 2690 11348 2891 2689 11349 2887 2685 11350 2892 2690 11351 2891 2689 11352 2892 2690 11353 2893 2691 11354 2893 2691 11355 2894 2692 11356 2891 2689 11357 2882 2680 11358 2895 2693 11359 2881 2679 11360 2895 2693 11361 2896 2694 11362 2881 2679 11363 2897 2695 11364 2890 2688 11365 2878 2676 11366 2897 2695 11367 2892 2690 11368 2890 2688 11369 2898 2696 11370 2892 2690 11371 2897 2695 11372 2893 2691 11373 2892 2690 11374 2898 2696 11375 2899 2697 11376 2878 2676 11377 2877 2675 11378 2899 2697 11379 2897 2695 11380 2878 2676 11381 2894 2692 11382 2900 2698 11383 2891 2689 11384 2888 2686 11385 2901 2699 11386 2889 2687 11387 2902 2700 11388 2888 2686 11389 2891 2689 11390 2888 2686 11391 2902 2700 11392 2901 2699 11393 2903 2701 11394 2901 2699 11395 2902 2700 11396 2903 2701 11397 2904 2702 11398 2901 2699 11399 2905 2703 11400 2904 2702 11401 2903 2701 11402 2905 2703 11403 2903 2701 11404 2906 2704 11405 2907 2705 11406 2905 2703 11407 2906 2704 11408 2907 2705 11409 2906 2704 11410 2908 2706 11411 2909 2707 11412 2907 2705 11413 2908 2706 11414 2896 2694 11415 2909 2707 11416 2908 2706 11417 2906 2704 11418 2910 2708 11419 2908 2706 11420 2906 2704 11421 2903 2701 11422 2911 2709 11423 2906 2704 11424 2912 2710 11425 2910 2708 11426 2906 2704 11427 2911 2709 11428 2912 2710 11429 2912 2710 11430 2913 2711 11431 2910 2708 11432 2914 2712 11433 2891 2689 11434 2900 2698 11435 2903 2701 11436 2914 2712 11437 2911 2709 11438 2903 2701 11439 2902 2700 11440 2914 2712 11441 2902 2700 11442 2891 2689 11443 2914 2712 11444 2911 2709 11445 2915 2713 11446 2912 2710 11447 2914 2712 11448 2915 2713 11449 2911 2709 11450 2912 2710 11451 2916 2697 11452 2913 2711 11453 2915 2713 11454 2916 2697 11455 2912 2710 11456 2914 2712 11457 2900 2698 11458 2917 2714 11459 2914 2712 11460 2917 2714 11461 2915 2713 11462 2450 2257 11463 2449 2256 11464 2440 2247 11465 2450 2257 11466 2451 2258 11467 2918 2715 11468 2450 2257 11469 2455 2262 11470 2448 2255 11471 2450 2257 11472 2464 2271 11473 2462 2269 11474 2484 2291 11475 2469 2276 11476 2480 2287 11477 2484 2291 11478 2481 2288 11479 2469 2276 11480 2488 2295 11481 2487 2294 11482 2485 2292 11483 2512 2319 11484 2493 2300 11485 2492 2299 11486 2502 2309 11487 2500 2307 11488 2494 2301 11489 2502 2309 11490 2501 2308 11491 2510 2317 11492 2525 2332 11493 2919 2716 11494 2526 2333 11495 2920 2717 11496 2525 2332 11497 2524 2331 11498 2921 2718 11499 2919 2716 11500 2525 2332 11501 2921 2718 11502 2922 2719 11503 2919 2716 11504 2919 2716 11505 2922 2719 11506 2923 2720 11507 2920 2717 11508 2924 2721 11509 2525 2332 11510 2525 2332 11511 2924 2721 11512 2921 2718 11513 2922 2719 11514 2921 2718 11515 2925 2722 11516 2924 2721 11517 2926 2723 11518 2921 2718 11519 2926 2723 11520 2925 2722 11521 2921 2718 11522 2927 2724 11523 2692 2499 11524 2928 2725 11525 2650 2457 11526 2692 2499 11527 2927 2724 11528 2692 2499 11529 2650 2457 11530 2649 2456 11531 2692 2499 11532 2649 2456 11533 2654 2461 11534 2650 2457 11535 2663 2470 11536 2651 2458 11537 2929 2726 11538 2663 2470 11539 2650 2457 11540 2663 2470 11541 2929 2726 11542 2930 2727 11543 2930 2727 11544 2929 2726 11545 2931 2728 11546 2930 2727 11547 2668 2475 11548 2663 2470 11549 2663 2470 11550 2668 2475 11551 2664 2471 11552 2930 2727 11553 2666 2473 11554 2668 2475 11555 2931 2728 11556 2932 2729 11557 2930 2727 11558 2932 2729 11559 2666 2473 11560 2930 2727 11561 2933 2730 11562 2690 2497 11563 2688 2495 11564 2690 2497 11565 2933 2730 11566 2934 2731 11567 2690 2497 11568 2934 2731 11569 2694 2501 11570 2934 2731 11571 2692 2499 11572 2691 2498 11573 2934 2731 11574 2691 2498 11575 2694 2501 11576 2692 2499 11577 2935 2732 11578 2928 2725 11579 2692 2499 11580 2934 2731 11581 2935 2732 11582 2690 2497 11583 2694 2501 11584 2704 2511 11585 2936 2733 11586 2757 2564 11587 2756 2563 11588 2936 2733 11589 2937 2734 11590 2757 2564 11591 2938 2735 11592 2757 2564 11593 2937 2734 11594 2936 2733 11595 2939 2736 11596 2937 2734 11597 2938 2735 11598 2937 2734 11599 2939 2736 11600 2939 2736 11601 2940 2737 11602 2938 2735 11603 2940 2737 11604 2939 2736 11605 2941 2738 11606 2940 2737 11607 2941 2738 11608 2942 2739 11609 2942 2739 11610 2938 2735 11611 2940 2737 11612 2943 2740 11613 2936 2733 11614 2756 2563 11615 2943 2740 11616 2756 2563 11617 2944 2741 11618 2945 2742 11619 2936 2733 11620 2943 2740 11621 2939 2736 11622 2936 2733 11623 2945 2742 11624 2945 2742 11625 2946 2743 11626 2939 2736 11627 2943 2740 11628 2946 2743 11629 2945 2742 11630 2939 2736 11631 2947 2744 11632 2941 2738 11633 2947 2744 11634 2939 2736 11635 2946 2743 11636 2941 2738 11637 2947 2744 11638 2948 2745 11639 2946 2743 11640 2948 2745 11641 2947 2744 11642 2949 2746 11643 2932 2729 11644 2931 2728 11645 2950 2747 11646 2932 2729 11647 2949 2746 11648 2777 2584 11649 2689 2496 11650 2687 2494 11651 2932 2729 11652 2950 2747 11653 2777 2584 11654 2932 2729 11655 2777 2584 11656 2666 2473 11657 2777 2584 11658 2669 2476 11659 2666 2473 11660 2950 2747 11661 2689 2496 11662 2777 2584 11663 2689 2496 11664 2950 2747 11665 2951 2748 11666 2689 2496 11667 2952 2749 11668 2688 2495 11669 2689 2496 11670 2951 2748 11671 2952 2749 11672 2933 2730 11673 2688 2495 11674 2952 2749 11675 2953 2750 11676 2780 2587 11677 2779 2586 11678 2953 2750 11679 2779 2586 11680 2954 2751 11681 2955 2752 11682 2953 2750 11683 2954 2751 11684 2953 2750 11685 2956 2753 11686 2780 2587 11687 2955 2752 11688 2957 2754 11689 2953 2750 11690 2958 2755 11691 2957 2754 11692 2955 2752 11693 2958 2755 11694 2955 2752 11695 2959 2756 11696 2960 2757 11697 2956 2753 11698 2953 2750 11699 2960 2757 11700 2953 2750 11701 2957 2754 11702 2957 2754 11703 2958 2755 11704 2961 2758 11705 2962 2759 11706 2960 2757 11707 2957 2754 11708 2961 2758 11709 2962 2759 11710 2957 2754 11711</p>
        </triangles>
      </mesh>
    </geometry>
  </library_geometries>
  <library_controllers>
    <controller id="Armature_chr305-skin" name="Armature">
      <skin source="#chr305-mesh">
        <bind_shape_matrix>1 0 0 0 0 1 0 0 0 0 1 0 0 0 0 1</bind_shape_matrix>
        <source id="Armature_chr305-skin-joints">
          <Name_array id="Armature_chr305-skin-joints-array" count="40">chr305 Scale chr305_rd GRP_joint CP01 FP01 GP01 J_point J_center J_hara J_mune J_hane J_kata_L J_ude_L J_hiji_L J_te_L J_kata_R J_ude_R J_hiji_R J_te_R J_kubi J_atama FacePos J_ago J_udeU_L J_hijiU_L J_teU_L J_udeU_R J_hijiU_R J_teU_R J_momo_L J_hiza_L J_kakato_L J_tumasaki_L J_momo_R J_hiza_R J_kakato_R J_tumasaki_R TP01 GRP_mesh</Name_array>
          <technique_common>
            <accessor source="#Armature_chr305-skin-joints-array" count="40" stride="1">
              <param name="JOINT" type="name"/>
            </accessor>
          </technique_common>
        </source>
        <source id="Armature_chr305-skin-bind_poses">
          <float_array id="Armature_chr305-skin-bind_poses-array" count="640">1 0 0 0 0 1 0 0 0 0 1 0 0 0 0 1 0.555556 0 0 0 0 0.555556 0 0 0 0 0.555556 0 0 0 0 1 0.213675 0 0 0 0 0.213675 0 0 0 0 0.213675 0 0 0 0 1 0.213675 0 0 0 0 0.213675 0 0 0 0 0.213675 0 0 0 0 1 0.213675 0 0 0 0 0.213675 0 -0.36 0 0 0.213675 -0.06999999 0 0 0 1 0.213675 0 0 0 0 0.213675 0 -0.36 0 0 0.213675 -0.1399999 0 0 0 1 0.213675 0 0 0 0 0.213675 0 0 0 0 0.213675 0 0 0 0 1 0.213675 0 0 0 0 0.213675 0 0 0 0 0.213675 0 0 0 0 1 0.213675 0 0 0 0 0.213675 0 -0.250194 0 0 0.213675 0.001162946 0 0 0 1 0.213675 0 0 0 0 0.213675 0 -0.269252 0 0 0.213675 -0.00523597 0 0 0 1 0.213675 0 0 0 0 0.213675 0 -0.305916 0 0 0.213675 -0.03336399 0 0 0 1 0.213675 0 0 0 0 0.213675 0 -0.3884969 0 0 0.213675 -0.013255 0 0 0 1 0.213675 0 0 -0.02676296 0 0.213675 0 -0.328993 0 0 0.213675 -0.05067199 0 0 0 1 0.213675 0 0 -0.04742497 0 0.213675 0 -0.322656 0 0 0.213675 -0.04433494 0 0 0 1 0.213675 0 0 -0.119715 0 0.213675 0 -0.322656 0 0 0.213675 -0.04433494 0 0 0 1 0.213675 0 0 -0.1794739 0 0.213675 0 -0.322656 0 0 0.213675 -0.04433494 0 0 0 1 0.213675 0 0 0.02676296 0 -0.213675 0 0.328993 0 0 -0.213675 0.05067199 0 0 0 1 0.213675 0 0 0.04742497 0 -0.213675 0 0.322656 0 0 -0.213675 0.04433494 0 0 0 1 0.213675 0 0 0.119715 0 -0.213675 0 0.322656 0 0 -0.213675 0.04433494 0 0 0 1 0.213675 0 0 0.1794739 0 -0.213675 0 0.322656 0 0 -0.213675 0.04433494 0 0 0 1 0.213675 0 0 0 0 0.213675 0 -0.324589 0 0 0.213675 -0.05917996 0 0 0 1 0.213675 0 0 0 0 0.213675 0 -0.331165 0 0 0.213675 -0.06735998 0 0 0 1 0.213675 0 0 0 0 0.213675 0 -0.342565 0 0 0.213675 -0.13236 0 0 0 1 0.213675 0 0 0 0 0.213675 0 -0.335249 0 0 0.213675 -0.07982599 0 0 0 1 0.213675 0 0 -0.04376995 0 0.213675 0 -0.293734 0 0 0.213675 -0.01884096 0 0 0 1 0.213675 0 0 -0.116059 0 0.213675 0 -0.293734 0 0 0.213675 -0.01884096 0 0 0 1 0.213675 0 0 -0.1758189 0 0.213675 0 -0.293734 0 0 0.213675 -0.01884096 0 0 0 1 0.213675 0 0 0.04376995 0 -0.213675 0 0.293734 0 0 -0.213675 0.01884096 0 0 0 1 0.213675 0 0 0.116059 0 -0.213675 0 0.293734 0 0 -0.213675 0.01884096 0 0 0 1 0.213675 0 0 0.1758189 0 -0.213675 0 0.293734 0 0 -0.213675 0.01884096 0 0 0 1 0.213675 0 0 -0.02945995 0 0.213675 0 -0.2283439 0 0 0.213675 0.006452977 0 0 0 1 0.213675 0 0 -0.03461199 0 0.213675 0 -0.134041 0 0 0.213675 -0.02667599 0 0 0 1 0.213675 0 0 -0.03461199 0 0.213675 0 -0.03228795 0 0 0.213675 0.02187097 0 0 0 1 0.213675 0 0 -0.03461199 0 0.213675 0 -0.01016396 0 0 0.213675 -0.03858596 0 0 0 1 0.213675 0 0 0.02945995 0 -0.213675 0 0.228345 0 0 -0.213675 -0.006452977 0 0 0 1 0.213675 0 0 0.03461199 0 -0.213675 0 0.134041 0 0 -0.213675 0.02667599 0 0 0 1 0.213675 0 0 0.03461199 0 -0.213675 0 0.03228795 0 0 -0.213675 -0.02187097 0 0 0 1 0.213675 0 0 0.03461199 0 -0.213675 0 0.01016396 0 0 -0.213675 0.03858596 0 0 0 1 0.213675 0 0 0 0 0.213675 0 -0.42 0 0 0.213675 -0.16 0 0 0 1 0.213675 0 0 0 0 0.213675 0 0 0 0 0.213675 0 0 0 0 1</float_array>
          <technique_common>
            <accessor source="#Armature_chr305-skin-bind_poses-array" count="40" stride="16">
              <param name="TRANSFORM" type="float4x4"/>
            </accessor>
          </technique_common>
        </source>
        <source id="Armature_chr305-skin-weights">
          <float_array id="Armature_chr305-skin-weights-array" count="3116">1 1 1 1 1 1 1 1 1 1 1 1 1 1 1 1 1 1 1 1 1 1 1 1 1 1 1 1 1 1 1 1 1 1 1 1 1 1 1 1 1 1 1 1 1 1 1 1 1 1 1 1 1 1 1 1 1 1 1 1 1 1 1 1 1 1 1 1 1 1 1 1 1 1 1 1 1 1 1 1 1 1 1 1 1 1 1 1 1 1 1 1 1 1 1 1 1 1 1 1 1 1 1 1 1 1 1 1 1 1 1 1 1 1 1 1 1 1 1 1 1 1 1 1 1 1 1 1 1 1 1 1 1 1 1 1 1 1 1 1 1 1 1 1 1 1 1 1 1 1 1 1 1 1 1 1 1 1 1 1 1 1 1 1 1 1 1 1 1 1 1 1 1 1 1 1 1 1 1 1 1 1 1 1 1 1 1 1 1 1 1 1 1 1 1 1 1 1 1 1 1 1 1 1 1 1 1 1 1 1 1 1 1 1 1 1 1 1 1 1 1 1 1 1 1 1 1 1 1 1 1 1 1 1 1 1 1 1 1 1 1 1 1 1 1 1 1 1 1 1 1 1 1 1 1 1 1 1 1 1 1 1 1 1 1 1 1 1 1 1 1 1 1 1 1 1 1 1 1 1 1 1 1 1 1 1 1 1 1 1 1 1 1 1 1 1 1 1 1 1 1 1 1 1 1 1 1 1 1 1 1 1 1 1 1 1 1 1 1 1 1 1 1 1 1 1 1 1 1 1 1 1 1 1 1 1 1 1 1 1 1 1 1 1 1 1 1 1 1 1 1 1 1 1 1 1 1 1 1 1 1 1 1 1 1 1 1 1 1 1 1 1 1 1 1 1 1 1 1 1 1 1 1 1 1 1 1 1 1 1 1 1 1 1 1 1 1 1 1 1 1 1 1 1 1 1 1 1 1 1 1 1 1 1 1 1 1 1 1 1 1 1 1 1 1 1 1 1 1 1 1 1 1 1 1 1 1 1 1 1 1 1 1 1 1 1 1 1 1 1 1 1 1 1 1 1 1 1 1 1 1 1 1 1 1 1 1 1 1 1 1 1 1 1 1 1 1 1 1 1 1 1 1 1 1 1 1 1 1 1 1 1 1 1 1 1 1 1 1 1 1 1 1 1 1 1 1 1 1 1 1 1 1 1 1 1 1 1 1 1 1 1 1 1 1 1 1 1 1 1 1 1 1 1 1 1 1 1 1 1 1 1 1 1 1 1 1 1 1 1 1 1 1 1 1 1 1 1 1 1 1 1 1 1 1 1 1 1 1 1 1 1 1 1 1 1 1 1 1 1 1 1 1 1 1 1 1 1 1 1 1 1 1 1 1 1 1 1 1 1 1 1 1 1 1 1 1 1 1 1 1 1 1 1 1 1 1 1 1 1 1 1 1 1 1 1 1 1 1 1 1 1 1 1 1 1 1 1 1 1 1 1 1 1 1 1 1 1 1 1 1 1 1 1 1 1 1 1 1 1 1 1 1 1 1 1 1 1 1 1 1 1 1 1 1 1 1 1 1 1 1 1 1 1 1 1 1 1 1 1 1 1 1 1 1 1 1 1 1 1 1 1 1 1 1 1 1 1 1 1 1 1 1 1 1 1 1 1 1 1 1 1 1 1 1 1 1 1 1 1 1 1 1 1 1 1 1 1 1 1 1 1 1 1 1 1 1 1 1 1 1 1 1 1 1 1 1 1 1 1 1 1 1 1 1 1 1 1 1 1 1 1 1 1 1 1 1 1 1 1 1 1 1 1 1 1 1 1 1 1 1 1 1 1 1 1 1 1 1 1 1 1 1 1 1 1 1 1 1 1 1 1 1 1 1 1 1 1 1 1 1 1 1 1 1 1 1 1 1 1 1 1 1 1 1 1 1 1 1 1 1 1 1 1 1 1 1 1 1 1 1 1 1 1 1 1 1 1 1 1 1 1 1 1 1 1 1 1 1 1 1 1 1 1 1 1 1 1 1 1 1 1 1 1 1 1 1 1 1 1 1 1 1 1 1 1 1 1 1 1 1 1 1 1 1 1 1 1 1 1 1 1 1 1 1 1 1 1 1 1 1 1 1 1 1 1 1 1 1 1 1 1 1 1 1 1 1 1 1 1 1 1 1 1 1 1 1 1 1 1 1 1 1 1 1 1 1 1 1 1 1 1 1 1 1 1 1 1 1 1 1 1 1 1 1 1 1 1 1 1 1 1 1 1 1 1 1 1 1 1 1 1 1 1 1 1 1 1 1 1 1 1 1 1 1 1 1 1 1 1 1 1 1 1 1 1 1 1 1 1 1 1 1 1 1 1 1 1 1 1 1 1 1 1 1 1 1 1 1 1 1 1 1 1 1 1 1 1 1 1 1 1 1 1 1 1 1 1 1 1 1 1 1 1 1 1 1 1 1 0.5 0.5 1 1 0.5 0.5 1 0.5 0.5 1 1 1 1 1 1 1 1 1 1 1 1 1 1 1 1 1 1 1 1 1 1 1 1 1 1 1 1 1 1 1 1 1 1 1 1 1 1 1 1 1 1 1 1 0.5 0.5 1 1 1 1 1 1 1 1 1 1 1 1 1 1 1 1 1 1 1 1 1 1 1 1 1 1 1 1 1 1 1 1 1 1 1 1 1 1 1 1 1 1 1 1 1 1 1 1 1 1 1 1 1 1 1 1 1 1 1 1 1 1 1 1 1 1 1 1 1 1 1 1 1 1 1 1 1 1 1 1 1 1 1 1 1 1 1 1 1 1 1 1 1 1 1 1 1 1 1 1 1 1 1 1 1 1 1 1 1 1 1 1 1 1 1 1 1 1 1 1 1 1 1 1 1 1 1 1 1 1 1 1 1 0.5 0.5 1 1 1 1 1 1 1 1 1 1 0.5 0.5 1 1 1 1 1 1 1 1 1 1 1 1 1 1 1 1 1 1 1 1 1 1 1 1 1 1 1 1 1 1 1 1 1 1 1 1 1 1 1 1 1 1 1 1 1 1 1 1 1 1 1 1 1 1 1 1 1 1 1 1 1 1 1 1 1 1 1 1 1 1 1 1 1 1 1 1 1 1 1 0.5 0.5 0.5 0.5 0.5 0.5 1 1 1 1 1 1 1 1 1 1 1 1 1 1 1 1 1 1 1 1 1 1 1 1 1 1 1 1 1 1 1 1 1 1 1 1 1 1 1 1 1 1 1 1 1 1 1 1 1 1 1 0.5 0.5 1 1 0.5 0.5 1 1 1 1 1 0.5 0.5 1 1 1 1 1 1 1 1 1 1 1 1 1 1 1 1 1 1 1 1 1 1 1 1 1 1 1 1 1 1 1 1 1 1 1 1 1 1 1 1 1 0.5 0.5 1 1 1 0.5 0.5 0.5 0.5 1 1 1 1 1 1 1 1 1 1 1 1 1 1 1 1 1 1 1 1 1 1 1 1 1 1 1 1 1 1 1 1 1 1 1 1 1 1 1 1 1 1 1 1 1 1 1 1 1 1 1 1 1 1 1 1 1 1 1 1 1 1 1 1 1 1 1 1 1 1 1 1 1 1 1 1 1 1 1 1 1 1 1 1 1 1 1 1 1 1 1 1 1 1 1 1 1 1 1 1 1 1 1 1 1 1 1 1 1 1 1 1 1 1 1 1 1 1 1 1 1 1 1 1 1 1 1 1 1 1 0.5 0.5 1 1 1 1 1 1 1 0.5 0.5 0.5 0.5 1 1 1 1 1 1 1 1 1 1 1 1 1 1 1 1 1 1 1 1 1 1 1 1 1 1 1 1 1 1 1 1 1 1 1 1 1 1 1 1 1 1 1 1 1 1 1 1 1 1 1 1 1 1 1 1 1 1 1 1 1 1 1 1 1 1 1 1 1 1 1 1 1 1 1 1 1 1 1 1 1 1 1 0.5 0.5 0.5 0.5 1 1 1 1 1 1 1 1 1 1 1 1 1 1 1 1 1 1 1 1 1 1 1 1 1 1 1 1 1 1 1 1 1 1 1 1 1 1 1 1 1 1 1 1 1 1 1 1 1 1 1 1 1 1 1 1 1 1 1 1 1 1 1 1 1 1 1 1 1 1 1 1 1 1 1 1 1 1 1 1 1 1 1 1 1 1 1 1 1 1 1 1 1 1 1 1 1 1 1 1 1 1 1 1 1 1 1 1 1 1 1 1 1 1 1 1 1 1 1 1 1 1 1 1 1 1 1 1 1 1 1 1 1 1 1 1 1 1 1 1 1 1 1 1 1 1 1 1 1 1 1 1 1 1 1 1 1 1 1 1 1 1 1 1 1 1 1 1 1 1 1 1 1 1 1 1 1 1 1 1 1 1 1 1 1 1 1 1 1 1 1 1 1 1 1 1 1 1 1 1 1 1 1 1 1 1 1 1 1 1 1 1 1 1 1 1 1 1 1 1 1 1 1 1 1 1 1 1 1 1 1 1 1 1 1 1 1 1 1 1 1 1 1 1 1 1 1 1 1 1 1 1 1 1 1 1 1 1 1 1 1 1 1 1 1 1 1 1 1 1 1 1 1 1 1 1 1 1 1 1 1 1 1 1 1 1 1 1 1 1 1 1 1 1 1 1 1 1 1 1 1 1 1 1 1 1 1 1 1 1 1 1 1 1 1 1 1 1 1 1 1 1 1 1 1 1 1 1 1 1 1 1 1 1 1 1 1 1 1 1 1 1 1 1 1 1 1 1 1 1 1 1 1 1 1 1 1 1 1 1 1 1 1 1 1 1 1 1 1 1 1 1 1 1 1 1 1 1 1 1 1 1 1 1 1 1 1 1 1 1 1 1 1 1 1 1 1 1 1 1 1 1 1 1 1 1 1 1 1 1 1 1 1 1 1 1 1 1 1 1 1 1 1 1 1 1 1 1 1 1 1 1 1 1 1 1 1 1 1 1 1 1 1 1 1 1 1 1 1 1 1 1 1 1 1 1 1 1 1 1 1 1 1 1 1 1 1 1 1 1 1 1 1 1 1 1 1 1 1 1 1 1 1 1 1 1 1 1 1 1 1 1 1 1 1 1 1 1 1 1 1 1 1 1 1 1 1 1 1 1 1 1 1 1 1 1 1 1 1 1 1 1 1 1 1 1 1 1 1 1 1 1 1 1 1 1 1 1 1 1 1 1 1 1 1 1 1 1 1 1 1 1 1 1 1 1 1 1 1 1 1 1 1 1 1 1 1 1 1 1 1 0.5 0.5 1 1 1 1 1 1 1 1 1 1 1 1 1 1 1 1 1 1 1 1 1 1 1 1 1 1 1 1 1 1 1 1 1 1 1 1 1 1 1 1 1 1 1 1 1 1 1 1 1 1 1 1 1 1 1 1 1 1 1 1 1 1 1 1 1 1 1 1 1 1 1 1 1 1 1 1 1 1 1 1 1 1 1 1 1 1 1 1 1 1 1 1 1 1 1 1 1 1 1 1 1 1 1 1 1 1 1 1 1 1 1 1 1 1 1 1 1 1 1 1 1 1 1 1 1 1 1 1 1 1 1 1 1 1 1 1 1 1 1 1 1 1 1 1 1 1 1 1 1 1 1 1 1 1 1 1 1 1 1 1 1 1 1 1 1 1 1 1 1 1 1 1 1 1 1 1 1 1 1 1 1 1 1 1 1 1 1 1 1 1 1 1 1 1 1 1 1 1 0.5 0.5 1 1 1 1 1 1 1 1 1 1 1 1 1 1 1 1 1 1 1 1 1 1 1 1 1 1 1 1 1 0.3 0.7 1 1 1 0.3 0.7 1 1 1 0.3 0.7 1 1 1 1 1 1 1 1 1 1 1 1 1 0.5 0.5 1 1 1 1 1 1 1 1 1 0.5 0.5 1 1 1 1 1 1 1 1 1 1 1 1 0.6 0.4 0.3 0.7 1 1 1 1 1 1 1 1 1 1 1 1 1 1 1 1 1 1 1 1 1 1 1 1 1 1 1 1 1 1 1 1 1 1 1 1 1 1 1 1 1 1 1 1 1 1 1 1 1 1 1 1 1 1 1 1 1 1 1 1 1 1 1 1 1 1 1 1 1 1 1 1 1 1 1 1 1 1 1 1 1 1 1 1 1 1 1 1 1 1 1 1 1 1 1 1 1 1 1 1 1 1 1 1 1 1 1 1 1 1 1 1 1 1 1 1 1 1 1 1 1 1 1 0.6 0.4 1 1 1 1 1 1 1 1 1 1 1 1 0.6 0.4 1 1 1 1 1 1 1 1 1 1 1 1 1 1 1 1 1 1 1 1 1 1 1 1 0.6 0.4 0.6 0.4 0.6 0.4 1 0.6 0.4 1 1 1 1 1 1 1 1 1 1 1 1 1 1 1 1 1 1 1 1 1 1 1 1 1 1 1 1 1 1 1 1 1 1 1 1 1 1 1 1 1 1 1 1 1 1 1 1 1 1 1 1 1 1 1 1 1 1 1 1 1 1 1 1 0.6 0.4 1 1 1 1 1 1 1 1 1 1 1 1 1 1 1 1 1 1 1 0.6 0.4 1 1 1 1 1 1 1 1 1 1 1 1 1 1 1 1 1 1 1 1 1 1 1 1 1 1 1 1 1 1 1 1 1 1 1 1 1 1 1 1 1 1 1 1 1 1 1 1 1 1 1 1 1 1 1 1 1 1 1 1 1 1 1 1 0.5 0.5 0.5 0.5 0.5 0.5 1 0.5 0.5 1 0.5 0.5 0.5 0.5 1 0.3 0.7 0.3 0.7 0.3 0.7 0.3 0.7 0.3 0.7 0.3 0.7 0.3 0.7 0.3 0.7 0.3 0.7 0.3 0.7 0.3 0.7 0.3 0.7 0.3 0.7 0.3 0.7 0.3 0.7 0.3 0.7 0.3 0.7 0.3 0.7 0.3 0.7 0.3 0.7 0.3 0.7 0.3 0.7 0.3 0.7 0.3 0.7 0.3 0.7 0.3 0.7 0.3 0.7 0.3 0.7 0.3 0.7 0.3 0.7 0.3 0.7 0.3 0.7 0.3 0.7 0.3 0.7 0.3 0.7 0.3 0.7 0.3 0.7 0.3 0.7 0.3 0.7 0.3 0.7 0.3 0.7 0.3 0.7 0.3 0.7 0.3 0.7 0.3 0.7 0.3 0.7 0.3 0.7 0.3 0.7 0.3 0.7 0.3 0.7 0.3 0.7 0.3 0.7 0.3 0.7 0.3 0.7 0.3 0.7 0.3 0.7 0.3 0.7 0.3 0.7 0.3 0.7 0.3 0.7 0.3 0.7 0.3 0.7 0.3 0.7 0.3 0.7 0.3 0.7 0.3 0.7 0.3 0.7 1 0.3 0.7 0.6 0.4 0.3 0.7 0.6 0.4 0.6 0.4 0.3 0.7 0.6 0.4 0.6 0.4 0.3 0.7 0.3 0.7 0.6 0.4 0.6 0.4 0.6 0.4 0.6 0.4 0.6 0.4 0.6 0.4 0.3 0.7 0.6 0.4 0.6 0.4 0.3 0.7 0.3 0.7 0.3 0.7 0.6 0.4 0.6 0.4 0.6 0.4 1 0.6 0.4 0.3 0.7 0.3 0.7 0.6 0.4 0.6 0.4 0.6 0.4 0.6 0.4 0.6 0.4 0.6 0.4 0.3 0.7 0.3 0.7 0.6 0.4 0.3 0.7 0.6 0.4 0.6 0.4 0.3 0.7 0.6 0.4 0.6 0.4</float_array>
          <technique_common>
            <accessor source="#Armature_chr305-skin-weights-array" count="3116" stride="1">
              <param name="WEIGHT" type="float"/>
            </accessor>
          </technique_common>
        </source>
        <joints>
          <input semantic="JOINT" source="#Armature_chr305-skin-joints"/>
          <input semantic="INV_BIND_MATRIX" source="#Armature_chr305-skin-bind_poses"/>
        </joints>
        <vertex_weights count="2963">
          <input semantic="JOINT" source="#Armature_chr305-skin-joints" offset="0"/>
          <input semantic="WEIGHT" source="#Armature_chr305-skin-weights" offset="1"/>
          <vcount>1 1 1 1 1 1 1 1 1 1 1 1 1 1 1 1 1 1 1 1 1 1 1 1 1 1 1 1 1 1 1 1 1 1 1 1 1 1 1 1 1 1 1 1 1 1 1 1 1 1 1 1 1 1 1 1 1 1 1 1 1 1 1 1 1 1 1 1 1 1 1 1 1 1 1 1 1 1 1 1 1 1 1 1 1 1 1 1 1 1 1 1 1 1 1 1 1 1 1 1 1 1 1 1 1 1 1 1 1 1 1 1 1 1 1 1 1 1 1 1 1 1 1 1 1 1 1 1 1 1 1 1 1 1 1 1 1 1 1 1 1 1 1 1 1 1 1 1 1 1 1 1 1 1 1 1 1 1 1 1 1 1 1 1 1 1 1 1 1 1 1 1 1 1 1 1 1 1 1 1 1 1 1 1 1 1 1 1 1 1 1 1 1 1 1 1 1 1 1 1 1 1 1 1 1 1 1 1 1 1 1 1 1 1 1 1 1 1 1 1 1 1 1 1 1 1 1 1 1 1 1 1 1 1 1 1 1 1 1 1 1 1 1 1 1 1 1 1 1 1 1 1 1 1 1 1 1 1 1 1 1 1 1 1 1 1 1 1 1 1 1 1 1 1 1 1 1 1 1 1 1 1 1 1 1 1 1 1 1 1 1 1 1 1 1 1 1 1 1 1 1 1 1 1 1 1 1 1 1 1 1 1 1 1 1 1 1 1 1 1 1 1 1 1 1 1 1 1 1 1 1 1 1 1 1 1 1 1 1 1 1 1 1 1 1 1 1 1 1 1 1 1 1 1 1 1 1 1 1 1 1 1 1 1 1 1 1 1 1 1 1 1 1 1 1 1 1 1 1 1 1 1 1 1 1 1 1 1 1 1 1 1 1 1 1 1 1 1 1 1 1 1 1 1 1 1 1 1 1 1 1 1 1 1 1 1 1 1 1 1 1 1 1 1 1 1 1 1 1 1 1 1 1 1 1 1 1 1 1 1 1 1 1 1 1 1 1 1 1 1 1 1 1 1 1 1 1 1 1 1 1 1 1 1 1 1 1 1 1 1 1 1 1 1 1 1 1 1 1 1 1 1 1 1 1 1 1 1 1 1 1 1 1 1 1 1 1 1 1 1 1 1 1 1 1 1 1 1 1 1 1 1 1 1 1 1 1 1 1 1 1 1 1 1 1 1 1 1 1 1 1 1 1 1 1 1 1 1 1 1 1 1 1 1 1 1 1 1 1 1 1 1 1 1 1 1 1 1 1 1 1 1 1 1 1 1 1 1 1 1 1 1 1 1 1 1 1 1 1 1 1 1 1 1 1 1 1 1 1 1 1 1 1 1 1 1 1 1 1 1 1 1 1 1 1 1 1 1 1 1 1 1 1 1 1 1 1 1 1 1 1 1 1 1 1 1 1 1 1 1 1 1 1 1 1 1 1 1 1 1 1 1 1 1 1 1 1 1 1 1 1 1 1 1 1 1 1 1 1 1 1 1 1 1 1 1 1 1 1 1 1 1 1 1 1 1 1 1 1 1 1 1 1 1 1 1 1 1 1 1 1 1 1 1 1 1 1 1 1 1 1 1 1 1 1 1 1 1 1 1 1 1 1 1 1 1 1 1 1 1 1 1 1 1 1 1 1 1 1 1 1 1 1 1 1 1 1 1 1 1 1 1 1 1 1 1 1 1 1 1 1 1 1 1 1 1 1 1 1 1 1 1 1 1 1 1 1 1 1 1 1 1 1 1 1 1 1 1 1 1 1 1 1 1 1 1 1 1 1 1 1 1 1 1 1 1 1 1 1 1 1 1 1 1 1 1 1 1 1 1 1 1 1 1 1 1 1 1 1 1 1 1 1 1 1 1 1 1 1 1 1 1 1 1 1 1 1 1 1 1 1 1 1 1 1 1 1 1 1 1 1 1 1 1 1 1 1 1 1 1 1 1 1 1 1 1 1 1 1 1 1 1 1 1 1 1 1 1 1 1 1 1 1 1 1 1 1 1 1 1 1 1 1 1 1 1 1 1 1 1 1 1 1 1 1 1 1 1 1 1 1 1 1 1 1 1 1 1 1 1 1 1 1 1 1 1 1 1 1 1 1 1 1 1 1 1 1 1 1 1 1 1 1 1 1 1 1 1 1 1 1 1 1 1 1 1 1 1 1 1 1 1 1 1 1 1 1 1 1 1 1 1 1 1 1 1 1 1 1 1 1 1 1 1 1 1 1 1 1 1 1 1 1 1 1 1 1 1 1 1 1 1 1 1 1 1 1 1 1 1 1 1 1 1 1 1 1 1 1 1 1 1 1 1 1 1 1 1 1 1 1 1 1 1 1 1 1 1 1 1 1 1 1 1 1 1 1 1 1 1 1 1 1 1 1 1 1 1 1 1 1 1 1 1 1 1 1 1 1 2 1 1 2 1 2 1 1 1 1 1 1 1 1 1 1 1 1 1 1 1 1 1 1 1 1 1 1 1 1 1 1 1 1 1 1 1 1 1 1 1 1 1 1 1 1 1 1 1 1 2 1 1 1 1 1 1 1 1 1 1 1 1 1 1 1 1 1 1 1 1 1 1 1 1 1 1 1 1 1 1 1 1 1 1 1 1 1 1 1 1 1 1 1 1 1 1 1 1 1 1 1 1 1 1 1 1 1 1 1 1 1 1 1 1 1 1 1 1 1 1 1 1 1 1 1 1 1 1 1 1 1 1 1 1 1 1 1 1 1 1 1 1 1 1 1 1 1 1 1 1 1 1 1 1 1 1 1 1 1 1 1 1 1 1 1 1 1 1 1 1 1 1 1 1 1 1 1 1 1 1 1 1 1 2 1 1 1 1 1 1 1 1 1 1 2 1 1 1 1 1 1 1 1 1 1 1 1 1 1 1 1 1 1 1 1 1 1 1 1 1 1 1 1 1 1 1 1 1 1 1 1 1 1 1 1 1 1 1 1 1 1 1 1 1 1 1 1 1 1 1 1 1 1 1 1 1 1 1 1 1 1 1 1 1 1 1 1 1 1 1 1 1 1 1 2 2 2 1 1 1 1 1 1 1 1 1 1 1 1 1 1 1 1 1 1 1 1 1 1 1 1 1 1 1 1 1 1 1 1 1 1 1 1 1 1 1 1 1 1 1 1 1 1 1 1 1 1 1 2 1 1 2 1 1 1 1 1 2 1 1 1 1 1 1 1 1 1 1 1 1 1 1 1 1 1 1 1 1 1 1 1 1 1 1 1 1 1 1 1 1 1 1 1 1 1 1 1 1 1 2 1 1 1 2 2 1 1 1 1 1 1 1 1 1 1 1 1 1 1 1 1 1 1 1 1 1 1 1 1 1 1 1 1 1 1 1 1 1 1 1 1 1 1 1 1 1 1 1 1 1 1 1 1 1 1 1 1 1 1 1 1 1 1 1 1 1 1 1 1 1 1 1 1 1 1 1 1 1 1 1 1 1 1 1 1 1 1 1 1 1 1 1 1 1 1 1 1 1 1 1 1 1 1 1 1 1 1 1 1 1 1 1 1 1 1 1 1 1 1 1 1 1 1 1 1 1 1 1 1 1 1 1 1 1 1 2 1 1 1 1 1 1 1 2 2 1 1 1 1 1 1 1 1 1 1 1 1 1 1 1 1 1 1 1 1 1 1 1 1 1 1 1 1 1 1 1 1 1 1 1 1 1 1 1 1 1 1 1 1 1 1 1 1 1 1 1 1 1 1 1 1 1 1 1 1 1 1 1 1 1 1 1 1 1 1 1 1 1 1 1 1 1 1 1 1 1 1 1 2 2 1 1 1 1 1 1 1 1 1 1 1 1 1 1 1 1 1 1 1 1 1 1 1 1 1 1 1 1 1 1 1 1 1 1 1 1 1 1 1 1 1 1 1 1 1 1 1 1 1 1 1 1 1 1 1 1 1 1 1 1 1 1 1 1 1 1 1 1 1 1 1 1 1 1 1 1 1 1 1 1 1 1 1 1 1 1 1 1 1 1 1 1 1 1 1 1 1 1 1 1 1 1 1 1 1 1 1 1 1 1 1 1 1 1 1 1 1 1 1 1 1 1 1 1 1 1 1 1 1 1 1 1 1 1 1 1 1 1 1 1 1 1 1 1 1 1 1 1 1 1 1 1 1 1 1 1 1 1 1 1 1 1 1 1 1 1 1 1 1 1 1 1 1 1 1 1 1 1 1 1 1 1 1 1 1 1 1 1 1 1 1 1 1 1 1 1 1 1 1 1 1 1 1 1 1 1 1 1 1 1 1 1 1 1 1 1 1 1 1 1 1 1 1 1 1 1 1 1 1 1 1 1 1 1 1 1 1 1 1 1 1 1 1 1 1 1 1 1 1 1 1 1 1 1 1 1 1 1 1 1 1 1 1 1 1 1 1 1 1 1 1 1 1 1 1 1 1 1 1 1 1 1 1 1 1 1 1 1 1 1 1 1 1 1 1 1 1 1 1 1 1 1 1 1 1 1 1 1 1 1 1 1 1 1 1 1 1 1 1 1 1 1 1 1 1 1 1 1 1 1 1 1 1 1 1 1 1 1 1 1 1 1 1 1 1 1 1 1 1 1 1 1 1 1 1 1 1 1 1 1 1 1 1 1 1 1 1 1 1 1 1 1 1 1 1 1 1 1 1 1 1 1 1 1 1 1 1 1 1 1 1 1 1 1 1 1 1 1 1 1 1 1 1 1 1 1 1 1 1 1 1 1 1 1 1 1 1 1 1 1 1 1 1 1 1 1 1 1 1 1 1 1 1 1 1 1 1 1 1 1 1 1 1 1 1 1 1 1 1 1 1 1 1 1 1 1 1 1 1 1 1 1 1 1 1 1 1 1 1 1 1 1 1 1 1 1 1 1 1 1 1 1 1 1 1 1 1 1 1 1 1 1 1 1 1 1 1 1 1 1 1 1 1 1 1 1 1 1 1 1 1 1 1 1 1 1 1 1 1 1 1 1 1 1 1 1 1 1 1 1 1 1 1 1 1 1 1 1 1 1 1 1 1 1 1 1 1 1 1 1 1 1 1 1 1 1 1 1 1 1 1 1 1 1 1 1 1 1 1 1 1 2 1 1 1 1 1 1 1 1 1 1 1 1 1 1 1 1 1 1 1 1 1 1 1 1 1 1 1 1 1 1 1 1 1 1 1 1 1 1 1 1 1 1 1 1 1 1 1 1 1 1 1 1 1 1 1 1 1 1 1 1 1 1 1 1 1 1 1 1 1 1 1 1 1 1 1 1 1 1 1 1 1 1 1 1 1 1 1 1 1 1 1 1 1 1 1 1 1 1 1 1 1 1 1 1 1 1 1 1 1 1 1 1 1 1 1 1 1 1 1 1 1 1 1 1 1 1 1 1 1 1 1 1 1 1 1 1 1 1 1 1 1 1 1 1 1 1 1 1 1 1 1 1 1 1 1 1 1 1 1 1 1 1 1 1 1 1 1 1 1 1 1 1 1 1 1 1 1 1 1 1 1 1 1 1 1 1 1 1 1 1 1 1 1 1 1 1 1 1 2 1 1 1 1 1 1 1 1 1 1 1 1 1 1 1 1 1 1 1 1 1 1 1 1 1 1 1 1 1 2 1 1 1 2 1 1 1 2 1 1 1 1 1 1 1 1 1 1 1 1 1 2 1 1 1 1 1 1 1 1 1 2 1 1 1 1 1 1 1 1 1 1 1 1 2 2 1 1 1 1 1 1 1 1 1 1 1 1 1 1 1 1 1 1 1 1 1 1 1 1 1 1 1 1 1 1 1 1 1 1 1 1 1 1 1 1 1 1 1 1 1 1 1 1 1 1 1 1 1 1 1 1 1 1 1 1 1 1 1 1 1 1 1 1 1 1 1 1 1 1 1 1 1 1 1 1 1 1 1 1 1 1 1 1 1 1 1 1 1 1 1 1 1 1 1 1 1 1 1 1 1 1 1 1 1 1 1 1 1 1 1 1 1 1 1 1 1 1 1 2 1 1 1 1 1 1 1 1 1 1 1 1 2 1 1 1 1 1 1 1 1 1 1 1 1 1 1 1 1 1 1 1 1 1 1 1 1 2 2 2 1 2 1 1 1 1 1 1 1 1 1 1 1 1 1 1 1 1 1 1 1 1 1 1 1 1 1 1 1 1 1 1 1 1 1 1 1 1 1 1 1 1 1 1 1 1 1 1 1 1 1 1 1 1 1 1 1 1 1 1 1 1 1 1 1 1 2 1 1 1 1 1 1 1 1 1 1 1 1 1 1 1 1 1 1 1 2 1 1 1 1 1 1 1 1 1 1 1 1 1 1 1 1 1 1 1 1 1 1 1 1 1 1 1 1 1 1 1 1 1 1 1 1 1 1 1 1 1 1 1 1 1 1 1 1 1 1 1 1 1 1 1 1 1 1 1 1 1 1 1 1 2 2 2 1 2 1 2 2 1 2 2 2 2 2 2 2 2 2 2 2 2 2 2 2 2 2 2 2 2 2 2 2 2 2 2 2 2 2 2 2 2 2 2 2 2 2 2 2 2 2 2 2 2 2 2 2 2 2 2 2 2 2 2 2 2 2 2 2 2 2 2 2 2 2 2 2 1 2 2 2 2 2 2 2 2 2 2 2 2 2 2 2 2 2 2 2 2 2 2 2 2 2 1 2 2 2 2 2 2 2 2 2 2 2 2 2 2 2 2 2 2 </vcount>
          <v>23 0 23 1 23 2 23 3 23 4 23 5 23 6 23 7 23 8 23 9 23 10 23 11 23 12 21 13 21 14 21 15 21 16 21 17 21 18 21 19 21 20 21 21 21 22 21 23 21 24 21 25 21 26 21 27 21 28 21 29 21 30 21 31 21 32 21 33 21 34 21 35 21 36 21 37 21 38 21 39 21 40 21 41 21 42 21 43 21 44 21 45 21 46 21 47 21 48 21 49 21 50 21 51 21 52 21 53 21 54 21 55 21 56 21 57 21 58 21 59 21 60 21 61 21 62 21 63 21 64 21 65 21 66 21 67 21 68 21 69 21 70 21 71 21 72 21 73 11 74 11 75 11 76 11 77 11 78 11 79 11 80 11 81 11 82 11 83 11 84 11 85 11 86 11 87 11 88 11 89 11 90 11 91 11 92 11 93 11 94 11 95 11 96 11 97 11 98 11 99 11 100 11 101 11 102 11 103 11 104 11 105 11 106 11 107 11 108 11 109 11 110 11 111 11 112 11 113 11 114 11 115 11 116 11 117 11 118 11 119 11 120 11 121 11 122 11 123 11 124 11 125 11 126 11 127 11 128 11 129 11 130 11 131 11 132 11 133 11 134 11 135 11 136 11 137 11 138 11 139 11 140 11 141 11 142 11 143 11 144 11 145 11 146 11 147 11 148 11 149 11 150 11 151 11 152 11 153 11 154 11 155 11 156 11 157 11 158 11 159 11 160 11 161 11 162 11 163 11 164 11 165 11 166 11 167 11 168 11 169 11 170 11 171 11 172 11 173 11 174 11 175 11 176 11 177 11 178 11 179 11 180 11 181 11 182 11 183 11 184 11 185 11 186 11 187 11 188 11 189 11 190 11 191 11 192 11 193 11 194 11 195 11 196 11 197 11 198 11 199 11 200 11 201 11 202 11 203 11 204 11 205 11 206 11 207 11 208 11 209 11 210 11 211 11 212 11 213 11 214 11 215 11 216 11 217 11 218 11 219 11 220 11 221 11 222 11 223 11 224 11 225 11 226 11 227 11 228 11 229 11 230 11 231 11 232 11 233 11 234 11 235 11 236 11 237 11 238 11 239 11 240 11 241 11 242 11 243 11 244 11 245 11 246 11 247 11 248 11 249 11 250 11 251 11 252 11 253 11 254 11 255 11 256 11 257 11 258 11 259 11 260 11 261 11 262 11 263 11 264 11 265 11 266 11 267 11 268 11 269 11 270 11 271 11 272 11 273 11 274 11 275 11 276 11 277 11 278 11 279 11 280 11 281 11 282 11 283 11 284 11 285 11 286 11 287 11 288 11 289 11 290 11 291 11 292 11 293 11 294 11 295 11 296 11 297 11 298 11 299 11 300 11 301 11 302 11 303 11 304 11 305 11 306 11 307 11 308 11 309 11 310 11 311 11 312 11 313 11 314 11 315 11 316 11 317 11 318 11 319 11 320 11 321 11 322 11 323 11 324 11 325 11 326 11 327 11 328 11 329 11 330 11 331 11 332 11 333 11 334 11 335 11 336 11 337 11 338 11 339 11 340 11 341 11 342 11 343 11 344 11 345 11 346 11 347 11 348 11 349 11 350 11 351 11 352 11 353 11 354 11 355 11 356 11 357 11 358 11 359 11 360 11 361 11 362 11 363 11 364 11 365 11 366 11 367 11 368 11 369 11 370 11 371 11 372 11 373 11 374 11 375 11 376 11 377 11 378 11 379 11 380 11 381 11 382 11 383 11 384 11 385 11 386 11 387 11 388 11 389 11 390 11 391 11 392 11 393 11 394 11 395 11 396 11 397 11 398 11 399 11 400 11 401 11 402 11 403 11 404 11 405 11 406 11 407 11 408 11 409 11 410 11 411 11 412 11 413 11 414 11 415 11 416 11 417 11 418 11 419 11 420 11 421 11 422 11 423 11 424 11 425 11 426 11 427 11 428 11 429 11 430 11 431 11 432 11 433 11 434 11 435 11 436 11 437 21 438 21 439 21 440 21 441 21 442 21 443 21 444 21 445 21 446 21 447 21 448 21 449 21 450 23 451 23 452 23 453 23 454 23 455 23 456 23 457 23 458 23 459 23 460 23 461 23 462 23 463 13 464 13 465 13 466 13 467 13 468 13 469 13 470 13 471 13 472 13 473 13 474 13 475 13 476 13 477 13 478 13 479 13 480 13 481 14 482 15 483 14 484 15 485 14 486 15 487 15 488 15 489 15 490 14 491 14 492 14 493 14 494 14 495 14 496 14 497 14 498 14 499 15 500 15 501 15 502 15 503 15 504 15 505 14 506 14 507 14 508 14 509 14 510 14 511 14 512 14 513 14 514 14 515 14 516 14 517 13 518 13 519 13 520 13 521 13 522 13 523 14 524 14 525 14 526 14 527 14 528 14 529 15 530 15 531 15 532 15 533 15 534 15 535 15 536 15 537 15 538 15 539 15 540 15 541 15 542 15 543 15 544 15 545 15 546 15 547 15 548 15 549 15 550 15 551 15 552 15 553 15 554 15 555 15 556 15 557 15 558 15 559 15 560 15 561 15 562 15 563 15 564 13 565 13 566 13 567 13 568 13 569 13 570 13 571 13 572 13 573 13 574 13 575 13 576 13 577 13 578 13 579 13 580 13 581 13 582 13 583 13 584 13 585 13 586 13 587 13 588 13 589 14 590 14 591 14 592 14 593 14 594 14 595 14 596 14 597 14 598 14 599 14 600 14 601 14 602 14 603 14 604 14 605 14 606 14 607 13 608 13 609 13 610 13 611 13 612 13 613 13 614 13 615 13 616 13 617 13 618 13 619 13 620 13 621 13 622 13 623 13 624 13 625 15 626 15 627 15 628 15 629 15 630 15 631 15 632 15 633 15 634 15 635 15 636 15 637 15 638 15 639 15 640 15 641 15 642 15 643 15 644 15 645 15 646 15 647 15 648 15 649 15 650 15 651 15 652 15 653 15 654 15 655 15 656 15 657 15 658 15 659 15 660 15 661 15 662 15 663 15 664 15 665 15 666 15 667 15 668 15 669 15 670 15 671 15 672 15 673 15 674 15 675 15 676 15 677 15 678 15 679 15 680 15 681 15 682 15 683 15 684 15 685 15 686 15 687 15 688 15 689 15 690 15 691 15 692 15 693 15 694 15 695 15 696 15 697 15 698 15 699 15 700 15 701 15 702 15 703 15 704 15 705 15 706 15 707 15 708 15 709 15 710 15 711 15 712 15 713 15 714 15 715 15 716 15 717 15 718 15 719 15 720 15 721 15 722 15 723 15 724 15 725 15 726 15 727 15 728 15 729 15 730 15 731 15 732 15 733 15 734 15 735 15 736 15 737 15 738 15 739 15 740 24 741 24 742 24 743 24 744 24 745 24 746 24 747 24 748 24 749 24 750 24 751 24 752 24 753 24 754 24 755 24 756 24 757 24 758 25 759 25 760 25 761 25 762 25 763 25 764 26 765 26 766 26 767 25 768 25 769 25 770 25 771 25 772 25 773 25 774 25 775 25 776 25 777 25 778 25 779 26 780 26 781 26 782 25 783 25 784 25 785 25 786 25 787 25 788 25 789 25 790 25 791 25 792 25 793 25 794 24 795 24 796 24 797 24 798 24 799 24 800 24 801 24 802 24 803 24 804 24 805 24 806 24 807 24 808 24 809 24 810 24 811 24 812 24 813 24 814 24 815 24 816 24 817 24 818 24 819 24 820 24 821 24 822 24 823 24 824 24 825 24 826 24 827 24 828 24 829 24 830 24 831 24 832 25 833 25 834 25 835 25 836 25 837 25 838 25 839 25 840 25 841 25 842 25 843 25 844 25 845 25 846 25 847 25 848 25 849 25 850 24 851 24 852 24 853 24 854 24 855 24 856 24 857 24 858 24 859 24 860 24 861 24 862 24 863 24 864 24 865 24 866 24 867 24 868 26 869 26 870 26 871 26 872 26 873 26 874 26 875 26 876 26 877 26 878 26 879 26 880 26 881 26 882 26 883 26 884 26 885 26 886 26 887 26 888 26 889 26 890 26 891 26 892 26 893 26 894 26 895 26 896 26 897 26 898 26 899 26 900 26 901 26 902 26 903 26 904 26 905 26 906 26 907 26 908 26 909 26 910 26 911 26 912 26 913 26 914 26 915 26 916 26 917 26 918 26 919 26 920 26 921 26 922 26 923 26 924 26 925 26 926 26 927 26 928 26 929 26 930 26 931 26 932 26 933 26 934 26 935 26 936 26 937 26 938 26 939 26 940 26 941 26 942 26 943 26 944 26 945 26 946 26 947 26 948 26 949 26 950 26 951 26 952 26 953 26 954 26 955 26 956 26 957 26 958 26 959 26 960 26 961 26 962 26 963 26 964 26 965 26 966 26 967 26 968 26 969 26 970 26 971 26 972 26 973 26 974 26 975 26 976 26 977 26 978 26 979 26 980 26 981 26 982 26 983 26 984 26 985 26 986 26 987 26 988 26 989 26 990 26 991 26 992 26 993 26 994 26 995 26 996 26 997 26 998 26 999 26 1000 26 1001 26 1002 26 1003 26 1004 26 1005 26 1006 26 1007 26 1008 26 1009 26 1010 26 1011 26 1012 26 1013 26 1014 26 1015 26 1016 26 1017 26 1018 32 1019 32 1020 32 1021 32 1022 32 1023 31 1024 31 1025 31 1026 31 1027 31 1028 31 1029 31 1030 31 1031 31 1032 31 1033 31 1034 31 1035 31 1036 31 1037 31 1038 32 1039 31 1040 32 1041 31 1042 32 1043 31 1044 31 1045 31 1046 32 1047 32 1048 32 1049 32 1050 32 1051 32 1052 32 1053 32 1054 32 1055 32 1056 32 1057 32 1058 32 1059 32 1060 32 1061 32 1062 32 1063 32 1064 32 1065 32 1066 32 1067 32 1068 31 1069 32 1070 31 1071 31 1072 31 1073 32 1074 31 1075 31 1076 32 1077 31 1078 31 1079 31 1080 31 1081 31 1082 31 1083 31 1084 31 1085 31 1086 31 1087 31 1088 31 1089 31 1090 31 1091 31 1092 31 1093 31 1094 31 1095 31 1096 30 1097 31 1098 31 1099 31 1100 31 1101 31 1102 30 1103 31 1104 31 1105 31 1106 31 1107 31 1108 31 1109 31 1110 31 1111 31 1112 31 1113 31 1114 31 1115 31 1116 31 1117 31 1118 31 1119 31 1120 31 1121 30 1122 31 1123 30 1124 31 1125 31 1126 31 1127 30 1128 30 1129 30 1130 31 1131 30 1132 30 1133 30 1134 31 1135 31 1136 33 1137 33 1138 33 1139 33 1140 33 1141 33 1142 32 1143 33 1144 33 1145 33 1146 33 1147 33 1148 33 1149 32 1150 33 1151 33 1152 32 1153 32 1154 33 1155 33 1156 33 1157 33 1158 33 1159 33 1160 33 1161 33 1162 33 1163 33 1164 33 1165 33 1166 33 1167 33 1168 33 1169 33 1170 33 1171 33 1172 33 1173 33 1174 33 1175 33 1176 33 1177 33 1178 33 1179 33 1180 33 1181 33 1182 33 1183 33 1184 32 1185 32 1186 33 1187 33 1188 32 1189 33 1190 33 1191 33 1192 33 1193 33 1194 33 1195 33 1196 33 1197 32 1198 33 1199 33 1200 33 1201 32 1202 33 1203 33 1204 33 1205 33 1206 33 1207 33 1208 33 1209 32 1210 33 1211 33 1212 33 1213 33 1214 33 1215 33 1216 32 1217 33 1218 33 1219 32 1220 32 1221 33 1222 33 1223 33 1224 33 1225 33 1226 33 1227 33 1228 33 1229 33 1230 33 1231 33 1232 33 1233 33 1234 33 1235 33 1236 33 1237 33 1238 33 1239 33 1240 33 1241 33 1242 33 1243 33 1244 33 1245 33 1246 33 1247 33 1248 33 1249 33 1250 33 1251 32 1252 33 1253 32 1254 30 1255 30 1256 30 1257 31 1258 30 1259 30 1260 30 1261 30 1262 30 1263 30 1264 30 1265 30 1266 30 1267 30 1268 30 1269 31 1270 30 1271 30 1272 30 1273 30 1274 30 1275 30 1276 30 1277 30 1278 30 1279 30 1280 30 1281 30 1282 30 1283 30 1284 30 1285 30 1286 30 1287 30 1288 30 1289 30 1290 30 1291 30 1292 30 1293 30 1294 30 1295 30 1296 30 1297 30 1298 30 1299 30 1300 30 1301 30 1302 30 1303 30 1304 30 1305 30 1306 30 1307 30 1308 30 1309 30 1310 30 1311 30 1312 30 1313 30 1314 30 1315 30 1316 30 1317 30 1318 30 1319 30 1320 30 1321 30 1322 30 1323 30 1324 30 1325 30 1326 30 1327 30 1328 30 1329 30 1330 30 1331 30 1332 30 1333 30 1334 30 1335 30 1336 30 1337 30 1338 30 1339 30 1340 30 1341 30 1342 30 1343 30 1344 30 1345 32 1346 32 1347 32 1348 32 1349 31 1350 32 1351 31 1352 32 1353 31 1354 32 1355 32 1356 36 1357 36 1358 36 1359 36 1360 36 1361 35 1362 35 1363 35 1364 35 1365 35 1366 35 1367 35 1368 35 1369 35 1370 35 1371 35 1372 35 1373 35 1374 35 1375 36 1376 35 1377 35 1378 36 1379 35 1380 36 1381 35 1382 35 1383 35 1384 36 1385 36 1386 36 1387 36 1388 36 1389 36 1390 36 1391 36 1392 36 1393 36 1394 36 1395 36 1396 36 1397 36 1398 36 1399 36 1400 36 1401 36 1402 36 1403 36 1404 36 1405 36 1406 35 1407 36 1408 35 1409 35 1410 35 1411 36 1412 35 1413 35 1414 35 1415 35 1416 35 1417 35 1418 36 1419 35 1420 35 1421 35 1422 35 1423 35 1424 35 1425 35 1426 35 1427 35 1428 35 1429 35 1430 35 1431 35 1432 35 1433 35 1434 34 1435 35 1436 35 1437 35 1438 35 1439 35 1440 34 1441 35 1442 35 1443 35 1444 35 1445 35 1446 35 1447 35 1448 35 1449 35 1450 35 1451 35 1452 35 1453 35 1454 35 1455 35 1456 35 1457 35 1458 35 1459 34 1460 34 1461 35 1462 35 1463 35 1464 35 1465 34 1466 35 1467 34 1468 35 1469 34 1470 34 1471 34 1472 34 1473 35 1474 34 1475 34 1476 34 1477 35 1478 35 1479 37 1480 37 1481 37 1482 37 1483 37 1484 37 1485 36 1486 37 1487 37 1488 37 1489 37 1490 37 1491 37 1492 36 1493 37 1494 37 1495 36 1496 36 1497 37 1498 37 1499 37 1500 37 1501 37 1502 37 1503 37 1504 37 1505 37 1506 37 1507 37 1508 37 1509 37 1510 37 1511 37 1512 37 1513 37 1514 37 1515 37 1516 37 1517 37 1518 37 1519 37 1520 37 1521 37 1522 37 1523 37 1524 37 1525 37 1526 37 1527 36 1528 36 1529 37 1530 37 1531 36 1532 37 1533 37 1534 37 1535 37 1536 37 1537 37 1538 37 1539 37 1540 36 1541 37 1542 37 1543 37 1544 36 1545 37 1546 37 1547 37 1548 37 1549 37 1550 37 1551 37 1552 36 1553 37 1554 37 1555 37 1556 37 1557 37 1558 37 1559 36 1560 37 1561 37 1562 36 1563 36 1564 37 1565 37 1566 37 1567 37 1568 37 1569 37 1570 37 1571 37 1572 37 1573 37 1574 37 1575 37 1576 37 1577 37 1578 37 1579 37 1580 37 1581 37 1582 37 1583 37 1584 37 1585 37 1586 37 1587 37 1588 37 1589 37 1590 37 1591 37 1592 37 1593 37 1594 37 1595 36 1596 36 1597 34 1598 34 1599 34 1600 35 1601 34 1602 34 1603 34 1604 34 1605 34 1606 34 1607 34 1608 34 1609 35 1610 34 1611 35 1612 34 1613 34 1614 34 1615 34 1616 34 1617 34 1618 34 1619 34 1620 34 1621 34 1622 34 1623 34 1624 34 1625 34 1626 34 1627 34 1628 34 1629 34 1630 34 1631 34 1632 34 1633 34 1634 34 1635 34 1636 34 1637 34 1638 34 1639 34 1640 34 1641 34 1642 34 1643 34 1644 34 1645 34 1646 34 1647 34 1648 34 1649 34 1650 34 1651 34 1652 34 1653 34 1654 34 1655 34 1656 34 1657 34 1658 34 1659 34 1660 34 1661 34 1662 34 1663 34 1664 34 1665 34 1666 34 1667 34 1668 34 1669 34 1670 34 1671 34 1672 34 1673 34 1674 34 1675 34 1676 34 1677 34 1678 34 1679 34 1680 34 1681 34 1682 34 1683 34 1684 34 1685 34 1686 34 1687 34 1688 34 1689 34 1690 36 1691 36 1692 36 1693 36 1694 36 1695 35 1696 36 1697 35 1698 36 1699 27 1700 27 1701 27 1702 27 1703 27 1704 27 1705 27 1706 27 1707 27 1708 27 1709 27 1710 27 1711 27 1712 27 1713 27 1714 27 1715 27 1716 27 1717 28 1718 28 1719 28 1720 28 1721 28 1722 28 1723 29 1724 29 1725 29 1726 28 1727 28 1728 28 1729 28 1730 28 1731 28 1732 28 1733 28 1734 28 1735 28 1736 28 1737 28 1738 29 1739 29 1740 29 1741 28 1742 28 1743 28 1744 28 1745 28 1746 28 1747 28 1748 28 1749 28 1750 28 1751 28 1752 28 1753 27 1754 27 1755 27 1756 27 1757 27 1758 27 1759 27 1760 27 1761 27 1762 27 1763 27 1764 27 1765 27 1766 27 1767 27 1768 27 1769 27 1770 27 1771 27 1772 27 1773 27 1774 27 1775 27 1776 27 1777 27 1778 27 1779 27 1780 27 1781 27 1782 27 1783 27 1784 27 1785 27 1786 27 1787 27 1788 27 1789 27 1790 27 1791 28 1792 28 1793 28 1794 28 1795 28 1796 28 1797 28 1798 28 1799 28 1800 28 1801 28 1802 28 1803 28 1804 28 1805 28 1806 28 1807 28 1808 28 1809 27 1810 27 1811 27 1812 27 1813 27 1814 27 1815 27 1816 27 1817 27 1818 27 1819 27 1820 27 1821 27 1822 27 1823 27 1824 27 1825 27 1826 27 1827 29 1828 29 1829 29 1830 29 1831 29 1832 29 1833 29 1834 29 1835 29 1836 29 1837 29 1838 29 1839 29 1840 29 1841 29 1842 29 1843 29 1844 29 1845 29 1846 29 1847 29 1848 29 1849 29 1850 29 1851 29 1852 29 1853 29 1854 29 1855 29 1856 29 1857 29 1858 29 1859 29 1860 29 1861 29 1862 29 1863 29 1864 29 1865 29 1866 29 1867 29 1868 29 1869 29 1870 29 1871 29 1872 29 1873 29 1874 29 1875 29 1876 29 1877 29 1878 29 1879 29 1880 29 1881 29 1882 29 1883 29 1884 29 1885 29 1886 29 1887 29 1888 29 1889 29 1890 29 1891 29 1892 29 1893 29 1894 29 1895 29 1896 29 1897 29 1898 29 1899 29 1900 29 1901 29 1902 29 1903 29 1904 29 1905 29 1906 29 1907 29 1908 29 1909 29 1910 29 1911 29 1912 29 1913 29 1914 29 1915 29 1916 29 1917 29 1918 29 1919 29 1920 29 1921 29 1922 29 1923 29 1924 29 1925 29 1926 29 1927 29 1928 29 1929 29 1930 29 1931 29 1932 29 1933 29 1934 29 1935 29 1936 29 1937 29 1938 29 1939 29 1940 29 1941 29 1942 29 1943 29 1944 29 1945 29 1946 29 1947 29 1948 29 1949 29 1950 29 1951 29 1952 29 1953 29 1954 29 1955 29 1956 29 1957 29 1958 29 1959 29 1960 29 1961 29 1962 29 1963 29 1964 29 1965 29 1966 29 1967 29 1968 29 1969 29 1970 29 1971 29 1972 29 1973 29 1974 29 1975 29 1976 29 1977 17 1978 17 1979 17 1980 17 1981 17 1982 17 1983 17 1984 17 1985 17 1986 17 1987 17 1988 17 1989 17 1990 17 1991 17 1992 17 1993 17 1994 17 1995 19 1996 18 1997 18 1998 19 1999 18 2000 19 2001 19 2002 19 2003 19 2004 18 2005 18 2006 18 2007 18 2008 18 2009 18 2010 18 2011 18 2012 18 2013 19 2014 19 2015 19 2016 19 2017 19 2018 19 2019 18 2020 18 2021 18 2022 18 2023 18 2024 18 2025 18 2026 18 2027 18 2028 18 2029 18 2030 18 2031 17 2032 17 2033 17 2034 17 2035 17 2036 17 2037 18 2038 18 2039 18 2040 18 2041 18 2042 18 2043 19 2044 19 2045 19 2046 19 2047 19 2048 19 2049 19 2050 19 2051 19 2052 19 2053 19 2054 19 2055 19 2056 19 2057 19 2058 19 2059 19 2060 19 2061 19 2062 19 2063 19 2064 19 2065 19 2066 19 2067 19 2068 19 2069 19 2070 19 2071 19 2072 19 2073 19 2074 19 2075 19 2076 19 2077 19 2078 17 2079 17 2080 17 2081 17 2082 17 2083 17 2084 17 2085 17 2086 17 2087 17 2088 17 2089 17 2090 17 2091 17 2092 17 2093 17 2094 17 2095 17 2096 17 2097 17 2098 17 2099 17 2100 17 2101 17 2102 17 2103 18 2104 18 2105 18 2106 18 2107 18 2108 18 2109 18 2110 18 2111 18 2112 18 2113 18 2114 18 2115 18 2116 18 2117 18 2118 18 2119 18 2120 18 2121 17 2122 17 2123 17 2124 17 2125 17 2126 17 2127 17 2128 17 2129 17 2130 17 2131 17 2132 17 2133 17 2134 17 2135 17 2136 17 2137 17 2138 17 2139 19 2140 19 2141 19 2142 19 2143 19 2144 19 2145 19 2146 19 2147 19 2148 19 2149 19 2150 19 2151 19 2152 19 2153 19 2154 19 2155 19 2156 19 2157 19 2158 19 2159 19 2160 19 2161 19 2162 19 2163 19 2164 19 2165 19 2166 19 2167 19 2168 19 2169 19 2170 19 2171 19 2172 19 2173 19 2174 19 2175 19 2176 19 2177 19 2178 19 2179 19 2180 19 2181 19 2182 19 2183 19 2184 19 2185 19 2186 19 2187 19 2188 19 2189 19 2190 19 2191 19 2192 19 2193 19 2194 19 2195 19 2196 19 2197 19 2198 19 2199 19 2200 19 2201 19 2202 19 2203 19 2204 19 2205 19 2206 19 2207 19 2208 19 2209 19 2210 19 2211 19 2212 19 2213 19 2214 19 2215 19 2216 19 2217 19 2218 19 2219 19 2220 19 2221 19 2222 19 2223 19 2224 19 2225 19 2226 19 2227 19 2228 19 2229 19 2230 19 2231 19 2232 19 2233 19 2234 19 2235 19 2236 19 2237 19 2238 19 2239 19 2240 19 2241 19 2242 19 2243 19 2244 19 2245 19 2246 19 2247 19 2248 19 2249 19 2250 19 2251 19 2252 19 2253 19 2254 21 2255 21 2256 21 2257 21 2258 21 2259 21 2260 21 2261 21 2262 21 2263 21 2264 21 2265 21 2266 21 2267 21 2268 21 2269 21 2270 20 2271 21 2272 21 2273 21 2274 21 2275 21 2276 21 2277 21 2278 21 2279 21 2280 21 2281 21 2282 21 2283 21 2284 21 2285 21 2286 21 2287 21 2288 21 2289 21 2290 21 2291 21 2292 21 2293 21 2294 21 2295 21 2296 21 2297 21 2298 21 2299 21 2300 21 2301 21 2302 21 2303 21 2304 21 2305 21 2306 21 2307 21 2308 21 2309 21 2310 21 2311 21 2312 21 2313 21 2314 21 2315 21 2316 21 2317 21 2318 21 2319 21 2320 21 2321 21 2322 21 2323 21 2324 21 2325 21 2326 21 2327 21 2328 21 2329 21 2330 21 2331 21 2332 21 2333 21 2334 21 2335 21 2336 21 2337 21 2338 21 2339 21 2340 21 2341 21 2342 21 2343 21 2344 21 2345 21 2346 21 2347 21 2348 21 2349 21 2350 21 2351 21 2352 21 2353 21 2354 21 2355 21 2356 21 2357 21 2358 21 2359 21 2360 21 2361 21 2362 21 2363 21 2364 21 2365 21 2366 21 2367 21 2368 21 2369 21 2370 21 2371 21 2372 21 2373 21 2374 21 2375 21 2376 21 2377 21 2378 21 2379 21 2380 21 2381 21 2382 21 2383 21 2384 21 2385 21 2386 21 2387 21 2388 21 2389 21 2390 21 2391 21 2392 21 2393 21 2394 21 2395 21 2396 21 2397 21 2398 21 2399 21 2400 21 2401 23 2402 23 2403 21 2404 23 2405 23 2406 23 2407 23 2408 23 2409 23 2410 23 2411 23 2412 23 2413 23 2414 23 2415 23 2416 23 2417 23 2418 23 2419 23 2420 23 2421 23 2422 23 2423 23 2424 23 2425 23 2426 23 2427 23 2428 23 2429 21 2430 21 2431 23 2432 23 2433 23 2434 23 2435 23 2436 23 2437 23 2438 23 2439 23 2440 23 2441 23 2442 23 2443 23 2444 23 2445 23 2446 23 2447 23 2448 23 2449 23 2450 23 2451 23 2452 21 2453 21 2454 23 2455 23 2456 23 2457 23 2458 23 2459 23 2460 23 2461 23 2462 23 2463 23 2464 23 2465 23 2466 23 2467 23 2468 23 2469 23 2470 20 2471 23 2472 21 2473 23 2474 23 2475 23 2476 23 2477 23 2478 23 2479 23 2480 23 2481 23 2482 23 2483 23 2484 23 2485 21 2486 21 2487 8 2488 8 2489 8 2490 8 2491 8 2492 8 2493 8 2494 8 2495 8 2496 8 2497 8 2498 8 2499 8 2500 8 2501 8 2502 9 2503 8 2504 8 2505 8 2506 8 2507 9 2508 8 2509 8 2510 8 2511 8 2512 9 2513 8 2514 8 2515 8 2516 21 2517 10 2518 10 2519 10 2520 10 2521 10 2522 10 2523 10 2524 21 2525 10 2526 20 2527 23 2528 10 2529 10 2530 10 2531 10 2532 16 2533 10 2534 21 2535 10 2536 21 2537 20 2538 21 2539 10 2540 10 2541 10 2542 10 2543 10 2544 10 2545 10 2546 10 2547 10 2548 8 2549 8 2550 8 2551 8 2552 9 2553 8 2554 9 2555 21 2556 21 2557 21 2558 21 2559 21 2560 21 2561 21 2562 21 2563 21 2564 21 2565 21 2566 21 2567 21 2568 21 2569 21 2570 21 2571 21 2572 21 2573 21 2574 21 2575 21 2576 21 2577 21 2578 21 2579 21 2580 21 2581 21 2582 21 2583 21 2584 21 2585 21 2586 21 2587 21 2588 21 2589 21 2590 21 2591 21 2592 21 2593 21 2594 21 2595 21 2596 21 2597 21 2598 21 2599 21 2600 21 2601 21 2602 21 2603 21 2604 21 2605 21 2606 21 2607 21 2608 21 2609 21 2610 21 2611 21 2612 21 2613 21 2614 21 2615 21 2616 21 2617 21 2618 21 2619 21 2620 21 2621 21 2622 21 2623 21 2624 21 2625 21 2626 21 2627 21 2628 21 2629 21 2630 21 2631 21 2632 21 2633 21 2634 21 2635 21 2636 21 2637 21 2638 21 2639 21 2640 21 2641 21 2642 21 2643 21 2644 21 2645 21 2646 21 2647 21 2648 21 2649 21 2650 21 2651 21 2652 21 2653 21 2654 21 2655 21 2656 21 2657 21 2658 21 2659 21 2660 21 2661 21 2662 21 2663 21 2664 21 2665 21 2666 21 2667 21 2668 21 2669 21 2670 21 2671 21 2672 21 2673 21 2674 21 2675 21 2676 21 2677 10 2678 9 2679 10 2680 10 2681 10 2682 10 2683 10 2684 10 2685 10 2686 10 2687 10 2688 10 2689 10 2690 10 2691 10 2692 9 2693 10 2694 10 2695 10 2696 10 2697 10 2698 10 2699 10 2700 10 2701 10 2702 10 2703 10 2704 10 2705 10 2706 10 2707 10 2708 10 2709 10 2710 10 2711 10 2712 10 2713 10 2714 10 2715 10 2716 10 2717 10 2718 9 2719 10 2720 9 2721 10 2722 9 2723 10 2724 10 2725 9 2726 10 2727 10 2728 10 2729 10 2730 10 2731 10 2732 10 2733 10 2734 10 2735 10 2736 10 2737 10 2738 10 2739 21 2740 21 2741 21 2742 21 2743 21 2744 21 2745 21 2746 21 2747 21 2748 21 2749 21 2750 21 2751 21 2752 21 2753 21 2754 21 2755 21 2756 21 2757 21 2758 21 2759 21 2760 21 2761 21 2762 21 2763 21 2764 21 2765 21 2766 21 2767 21 2768 21 2769 21 2770 21 2771 21 2772 21 2773 21 2774 21 2775 21 2776 21 2777 21 2778 21 2779 21 2780 21 2781 21 2782 21 2783 21 2784 21 2785 21 2786 21 2787 21 2788 21 2789 21 2790 8 2791 8 2792 9 2793 8 2794 21 2795 21 2796 21 2797 21 2798 21 2799 21 2800 21 2801 21 2802 21 2803 21 2804 21 2805 21 2806 21 2807 21 2808 21 2809 21 2810 21 2811 21 2812 9 2813 10 2814 8 2815 8 2816 8 2817 21 2818 21 2819 23 2820 23 2821 23 2822 23 2823 23 2824 23 2825 23 2826 23 2827 23 2828 23 2829 23 2830 23 2831 23 2832 21 2833 21 2834 21 2835 21 2836 21 2837 21 2838 21 2839 21 2840 21 2841 21 2842 21 2843 21 2844 21 2845 21 2846 21 2847 21 2848 21 2849 21 2850 21 2851 21 2852 21 2853 21 2854 21 2855 21 2856 21 2857 21 2858 21 2859 21 2860 21 2861 21 2862 21 2863 21 2864 21 2865 21 2866 21 2867 21 2868 21 2869 21 2870 21 2871 21 2872 21 2873 21 2874 21 2875 21 2876 21 2877 21 2878 31 2879 32 2880 30 2881 31 2882 30 2883 31 2884 30 2885 30 2886 31 2887 32 2888 35 2889 36 2890 35 2891 36 2892 36 2893 8 2894 9 2895 8 2896 9 2897 8 2898 9 2899 8 2900 9 2901 8 2902 9 2903 8 2904 9 2905 8 2906 9 2907 8 2908 9 2909 8 2910 9 2911 8 2912 9 2913 8 2914 9 2915 8 2916 9 2917 8 2918 9 2919 8 2920 9 2921 8 2922 9 2923 8 2924 9 2925 8 2926 9 2927 8 2928 9 2929 8 2930 9 2931 8 2932 9 2933 8 2934 9 2935 8 2936 9 2937 8 2938 9 2939 8 2940 9 2941 8 2942 9 2943 8 2944 9 2945 8 2946 9 2947 8 2948 9 2949 8 2950 9 2951 8 2952 9 2953 8 2954 9 2955 8 2956 9 2957 8 2958 9 2959 8 2960 9 2961 8 2962 9 2963 8 2964 9 2965 8 2966 9 2967 8 2968 9 2969 8 2970 9 2971 8 2972 9 2973 8 2974 9 2975 8 2976 9 2977 8 2978 9 2979 8 2980 9 2981 8 2982 9 2983 8 2984 9 2985 8 2986 9 2987 8 2988 9 2989 8 2990 9 2991 8 2992 9 2993 8 2994 9 2995 8 2996 9 2997 8 2998 9 2999 8 3000 9 3001 8 3002 9 3003 8 3004 9 3005 8 3006 9 3007 8 3008 9 3009 8 3010 9 3011 8 3012 9 3013 8 3014 9 3015 8 3016 9 3017 8 3018 9 3019 8 3020 9 3021 8 3022 9 3023 8 3024 9 3025 8 3026 9 3027 21 3028 8 3029 9 3030 8 3031 9 3032 8 3033 9 3034 9 3035 10 3036 9 3037 10 3038 8 3039 9 3040 9 3041 10 3042 9 3043 10 3044 8 3045 9 3046 8 3047 9 3048 9 3049 10 3050 9 3051 10 3052 9 3053 10 3054 9 3055 10 3056 9 3057 10 3058 9 3059 10 3060 8 3061 9 3062 8 3063 9 3064 8 3065 9 3066 8 3067 9 3068 8 3069 9 3070 8 3071 9 3072 9 3073 10 3074 9 3075 10 3076 8 3077 9 3078 8 3079 8 3080 9 3081 8 3082 9 3083 8 3084 9 3085 9 3086 10 3087 9 3088 10 3089 9 3090 10 3091 9 3092 10 3093 9 3094 10 3095 8 3096 9 3097 8 3098 9 3099 8 3100 9 3101 8 3102 9 3103 8 3104 9 3105 9 3106 10 3107 9 3108 10 3109 8 3110 9 3111 9 3112 10 3113 9 3114 10 3115</v>
        </vertex_weights>
      </skin>
    </controller>
  </library_controllers>
  <library_visual_scenes>
    <visual_scene id="Default" name="Default">
      <node id="Armature" name="Armature" type="NODE">
        <matrix sid="transform">1 0 0 0 0 1 0 0 0 0 1 0 0 0 0 1</matrix>
        <node id="Armature_chr305" name="chr305" sid="chr305" type="JOINT">
          <matrix sid="transform">1 0 0 0 0 1 0 0 0 0 1 0 0 0 0 1</matrix>
          <node id="Armature_Scale" name="Scale" sid="Scale" type="JOINT">
            <matrix sid="transform">1.8 0 0 0 0 1.8 0 0 0 0 1.8 0 0 0 0 1</matrix>
            <node id="Armature_chr305_rd" name="chr305_rd" sid="chr305_rd" type="JOINT">
              <matrix sid="transform">2.6 0 0 0 0 2.6 0 0 0 0 2.6 0 0 0 0 1</matrix>
              <node id="Armature_GRP_joint" name="GRP_joint" sid="GRP_joint" type="JOINT">
                <matrix sid="transform">1 0 0 0 0 1 0 0 0 0 1 0 0 0 0 1</matrix>
                <node id="Armature_CP01" name="CP01" sid="CP01" type="JOINT">
                  <matrix sid="transform">1 0 0 0 0 1 0 0.36 0 0 1 0.07 0 0 0 1</matrix>
                  <extra>
                    <technique profile="blender">
                      <layer sid="layer" type="string">0</layer>
                      <tip_x sid="tip_x" type="float">0</tip_x>
                      <tip_y sid="tip_y" type="float">0.04911899</tip_y>
                      <tip_z sid="tip_z" type="float">0</tip_z>
                    </technique>
                  </extra>
                </node>
                <node id="Armature_FP01" name="FP01" sid="FP01" type="JOINT">
                  <matrix sid="transform">1 0 0 0 0 1 0 0.36 0 0 1 0.14 0 0 0 1</matrix>
                  <extra>
                    <technique profile="blender">
                      <layer sid="layer" type="string">0</layer>
                      <tip_x sid="tip_x" type="float">0</tip_x>
                      <tip_y sid="tip_y" type="float">0.04911899</tip_y>
                      <tip_z sid="tip_z" type="float">0</tip_z>
                    </technique>
                  </extra>
                </node>
                <node id="Armature_GP01" name="GP01" sid="GP01" type="JOINT">
                  <matrix sid="transform">1 0 0 0 0 1 0 0 0 0 1 0 0 0 0 1</matrix>
                  <extra>
                    <technique profile="blender">
                      <layer sid="layer" type="string">0</layer>
                      <tip_x sid="tip_x" type="float">0</tip_x>
                      <tip_y sid="tip_y" type="float">0.04911899</tip_y>
                      <tip_z sid="tip_z" type="float">0</tip_z>
                    </technique>
                  </extra>
                </node>
                <node id="Armature_J_point" name="J_point" sid="J_point" type="JOINT">
                  <matrix sid="transform">1 0 0 0 0 1 0 0 0 0 1 0 0 0 0 1</matrix>
                  <node id="Armature_J_center" name="J_center" sid="J_center" type="JOINT">
                    <matrix sid="transform">1 0 0 0 0 1 0 0.250194 0 0 1 -0.001163 0 0 0 1</matrix>
                    <node id="Armature_J_hara" name="J_hara" sid="J_hara" type="JOINT">
                      <matrix sid="transform">1 0 0 0 0 1 0 0.019058 0 0 1 0.006399 0 0 0 1</matrix>
                      <node id="Armature_J_mune" name="J_mune" sid="J_mune" type="JOINT">
                        <matrix sid="transform">1 0 0 0 0 1 0 0.036664 0 0 1 0.028128 0 0 0 1</matrix>
                        <node id="Armature_J_hane" name="J_hane" sid="J_hane" type="JOINT">
                          <matrix sid="transform">1 0 0 0 0 1 0 0.08258 0 0 1 -0.020108 0 0 0 1</matrix>
                          <extra>
                            <technique profile="blender">
                              <layer sid="layer" type="string">0</layer>
                              <tip_x sid="tip_x" type="float">0</tip_x>
                              <tip_y sid="tip_y" type="float">0.04911899</tip_y>
                              <tip_z sid="tip_z" type="float">0</tip_z>
                            </technique>
                          </extra>
                        </node>
                        <node id="Armature_J_kata_L" name="J_kata_L" sid="J_kata_L" type="JOINT">
                          <matrix sid="transform">1 0 0 0.026763 0 1 0 0.023076 0 0 1 0.017308 0 0 0 1</matrix>
                          <node id="Armature_J_ude_L" name="J_ude_L" sid="J_ude_L" type="JOINT">
                            <matrix sid="transform">1 0 0 0.020662 0 1 0 -0.006337 0 0 1 -0.006336 0 0 0 1</matrix>
                            <node id="Armature_J_hiji_L" name="J_hiji_L" sid="J_hiji_L" type="JOINT">
                              <matrix sid="transform">1 0 0 0.072288 0 1 0 0 0 0 1 0 0 0 0 1</matrix>
                              <node id="Armature_J_te_L" name="J_te_L" sid="J_te_L" type="JOINT">
                                <matrix sid="transform">1 0 0 0.059759 0 1 0 0 0 0 1 0 0 0 0 1</matrix>
                                <extra>
                                  <technique profile="blender">
                                    <layer sid="layer" type="string">0</layer>
                                    <tip_x sid="tip_x" type="float">0</tip_x>
                                    <tip_y sid="tip_y" type="float">0.04911899</tip_y>
                                    <tip_z sid="tip_z" type="float">0</tip_z>
                                  </technique>
                                </extra>
                              </node>
                              <extra>
                                <technique profile="blender">
                                  <layer sid="layer" type="string">0</layer>
                                  <tip_x sid="tip_x" type="float">0</tip_x>
                                  <tip_y sid="tip_y" type="float">0.04911899</tip_y>
                                  <tip_z sid="tip_z" type="float">0</tip_z>
                                </technique>
                              </extra>
                            </node>
                            <extra>
                              <technique profile="blender">
                                <layer sid="layer" type="string">0</layer>
                                <tip_x sid="tip_x" type="float">0</tip_x>
                                <tip_y sid="tip_y" type="float">0.04911899</tip_y>
                                <tip_z sid="tip_z" type="float">0</tip_z>
                              </technique>
                            </extra>
                          </node>
                          <extra>
                            <technique profile="blender">
                              <layer sid="layer" type="string">0</layer>
                              <tip_x sid="tip_x" type="float">0</tip_x>
                              <tip_y sid="tip_y" type="float">0.04911899</tip_y>
                              <tip_z sid="tip_z" type="float">0</tip_z>
                            </technique>
                          </extra>
                        </node>
                        <node id="Armature_J_kata_R" name="J_kata_R" sid="J_kata_R" type="JOINT">
                          <matrix sid="transform">1 0 0 -0.026763 0 -1 0 0.023076 0 0 -1 0.017308 0 0 0 1</matrix>
                          <node id="Armature_J_ude_R" name="J_ude_R" sid="J_ude_R" type="JOINT">
                            <matrix sid="transform">1 0 0 -0.020662 0 1 0 0.006336 0 0 1 0.006336 0 0 0 1</matrix>
                            <node id="Armature_J_hiji_R" name="J_hiji_R" sid="J_hiji_R" type="JOINT">
                              <matrix sid="transform">1 0 0 -0.072289 0 1 0 0 0 0 1 0 0 0 0 1</matrix>
                              <node id="Armature_J_te_R" name="J_te_R" sid="J_te_R" type="JOINT">
                                <matrix sid="transform">1 0 0 -0.059759 0 1 0 0 0 0 1 0 0 0 0 1</matrix>
                                <extra>
                                  <technique profile="blender">
                                    <layer sid="layer" type="string">0</layer>
                                    <roll sid="roll" type="float">3.141593</roll>
                                    <tip_x sid="tip_x" type="float">0</tip_x>
                                    <tip_y sid="tip_y" type="float">0.04911899</tip_y>
                                    <tip_z sid="tip_z" type="float">0</tip_z>
                                  </technique>
                                </extra>
                              </node>
                              <extra>
                                <technique profile="blender">
                                  <layer sid="layer" type="string">0</layer>
                                  <roll sid="roll" type="float">3.141593</roll>
                                  <tip_x sid="tip_x" type="float">0</tip_x>
                                  <tip_y sid="tip_y" type="float">0.04911899</tip_y>
                                  <tip_z sid="tip_z" type="float">0</tip_z>
                                </technique>
                              </extra>
                            </node>
                            <extra>
                              <technique profile="blender">
                                <layer sid="layer" type="string">0</layer>
                                <roll sid="roll" type="float">3.141593</roll>
                                <tip_x sid="tip_x" type="float">0</tip_x>
                                <tip_y sid="tip_y" type="float">0.04911899</tip_y>
                                <tip_z sid="tip_z" type="float">0</tip_z>
                              </technique>
                            </extra>
                          </node>
                          <extra>
                            <technique profile="blender">
                              <layer sid="layer" type="string">0</layer>
                              <roll sid="roll" type="float">3.141593</roll>
                              <tip_x sid="tip_x" type="float">0</tip_x>
                              <tip_y sid="tip_y" type="float">0.04911899</tip_y>
                              <tip_z sid="tip_z" type="float">0</tip_z>
                            </technique>
                          </extra>
                        </node>
                        <node id="Armature_J_kubi" name="J_kubi" sid="J_kubi" type="JOINT">
                          <matrix sid="transform">1 0 0 0 0 1 0 0.018672 0 0 1 0.025815 0 0 0 1</matrix>
                          <node id="Armature_J_atama" name="J_atama" sid="J_atama" type="JOINT">
                            <matrix sid="transform">1 0 0 0 0 1 0 0.006576 0 0 1 0.008179 0 0 0 1</matrix>
                            <node id="Armature_FacePos" name="FacePos" sid="FacePos" type="JOINT">
                              <matrix sid="transform">1 0 0 0 0 1 0 0.0114 0 0 1 0.06500001 0 0 0 1</matrix>
                              <extra>
                                <technique profile="blender">
                                  <layer sid="layer" type="string">0</layer>
                                  <tip_x sid="tip_x" type="float">0</tip_x>
                                  <tip_y sid="tip_y" type="float">0.04911899</tip_y>
                                  <tip_z sid="tip_z" type="float">0</tip_z>
                                </technique>
                              </extra>
                            </node>
                            <node id="Armature_J_ago" name="J_ago" sid="J_ago" type="JOINT">
                              <matrix sid="transform">1 0 0 0 0 1 0 0.004083 0 0 1 0.012466 0 0 0 1</matrix>
                              <extra>
                                <technique profile="blender">
                                  <layer sid="layer" type="string">0</layer>
                                  <tip_x sid="tip_x" type="float">0</tip_x>
                                  <tip_y sid="tip_y" type="float">0.04911899</tip_y>
                                  <tip_z sid="tip_z" type="float">0</tip_z>
                                </technique>
                              </extra>
                            </node>
                            <extra>
                              <technique profile="blender">
                                <layer sid="layer" type="string">0</layer>
                                <tip_x sid="tip_x" type="float">0</tip_x>
                                <tip_y sid="tip_y" type="float">0.04911899</tip_y>
                                <tip_z sid="tip_z" type="float">0</tip_z>
                              </technique>
                            </extra>
                          </node>
                          <extra>
                            <technique profile="blender">
                              <layer sid="layer" type="string">0</layer>
                              <tip_x sid="tip_x" type="float">0</tip_x>
                              <tip_y sid="tip_y" type="float">0.04911899</tip_y>
                              <tip_z sid="tip_z" type="float">0</tip_z>
                            </technique>
                          </extra>
                        </node>
                        <node id="Armature_J_udeU_L" name="J_udeU_L" sid="J_udeU_L" type="JOINT">
                          <matrix sid="transform">1 0 0 0.04377 0 1 0 -0.012182 0 0 1 -0.014522 0 0 0 1</matrix>
                          <node id="Armature_J_hijiU_L" name="J_hijiU_L" sid="J_hijiU_L" type="JOINT">
                            <matrix sid="transform">1 0 0 0.072288 0 1 0 0 0 0 1 0 0 0 0 1</matrix>
                            <node id="Armature_J_teU_L" name="J_teU_L" sid="J_teU_L" type="JOINT">
                              <matrix sid="transform">1 0 0 0.059759 0 1 0 0 0 0 1 0 0 0 0 1</matrix>
                              <extra>
                                <technique profile="blender">
                                  <layer sid="layer" type="string">0</layer>
                                  <tip_x sid="tip_x" type="float">0</tip_x>
                                  <tip_y sid="tip_y" type="float">0.04911899</tip_y>
                                  <tip_z sid="tip_z" type="float">0</tip_z>
                                </technique>
                              </extra>
                            </node>
                            <extra>
                              <technique profile="blender">
                                <layer sid="layer" type="string">0</layer>
                                <tip_x sid="tip_x" type="float">0</tip_x>
                                <tip_y sid="tip_y" type="float">0.04911899</tip_y>
                                <tip_z sid="tip_z" type="float">0</tip_z>
                              </technique>
                            </extra>
                          </node>
                          <extra>
                            <technique profile="blender">
                              <layer sid="layer" type="string">0</layer>
                              <tip_x sid="tip_x" type="float">0</tip_x>
                              <tip_y sid="tip_y" type="float">0.04911899</tip_y>
                              <tip_z sid="tip_z" type="float">0</tip_z>
                            </technique>
                          </extra>
                        </node>
                        <node id="Armature_J_udeU_R" name="J_udeU_R" sid="J_udeU_R" type="JOINT">
                          <matrix sid="transform">1 0 0 -0.04377 0 -1 0 -0.012182 0 0 -1 -0.014522 0 0 0 1</matrix>
                          <node id="Armature_J_hijiU_R" name="J_hijiU_R" sid="J_hijiU_R" type="JOINT">
                            <matrix sid="transform">1 0 0 -0.072288 0 1 0 0 0 0 1 0 0 0 0 1</matrix>
                            <node id="Armature_J_teU_R" name="J_teU_R" sid="J_teU_R" type="JOINT">
                              <matrix sid="transform">1 0 0 -0.05976 0 1 0 0 0 0 1 0 0 0 0 1</matrix>
                              <extra>
                                <technique profile="blender">
                                  <layer sid="layer" type="string">0</layer>
                                  <roll sid="roll" type="float">3.141593</roll>
                                  <tip_x sid="tip_x" type="float">0</tip_x>
                                  <tip_y sid="tip_y" type="float">0.04911899</tip_y>
                                  <tip_z sid="tip_z" type="float">0</tip_z>
                                </technique>
                              </extra>
                            </node>
                            <extra>
                              <technique profile="blender">
                                <layer sid="layer" type="string">0</layer>
                                <roll sid="roll" type="float">3.141593</roll>
                                <tip_x sid="tip_x" type="float">0</tip_x>
                                <tip_y sid="tip_y" type="float">0.04911899</tip_y>
                                <tip_z sid="tip_z" type="float">0</tip_z>
                              </technique>
                            </extra>
                          </node>
                          <extra>
                            <technique profile="blender">
                              <layer sid="layer" type="string">0</layer>
                              <roll sid="roll" type="float">3.141593</roll>
                              <tip_x sid="tip_x" type="float">0</tip_x>
                              <tip_y sid="tip_y" type="float">0.04911899</tip_y>
                              <tip_z sid="tip_z" type="float">0</tip_z>
                            </technique>
                          </extra>
                        </node>
                        <extra>
                          <technique profile="blender">
                            <layer sid="layer" type="string">0</layer>
                            <tip_x sid="tip_x" type="float">0</tip_x>
                            <tip_y sid="tip_y" type="float">0.04911899</tip_y>
                            <tip_z sid="tip_z" type="float">0</tip_z>
                          </technique>
                        </extra>
                      </node>
                      <extra>
                        <technique profile="blender">
                          <layer sid="layer" type="string">0</layer>
                          <tip_x sid="tip_x" type="float">0</tip_x>
                          <tip_y sid="tip_y" type="float">0.04911899</tip_y>
                          <tip_z sid="tip_z" type="float">0</tip_z>
                        </technique>
                      </extra>
                    </node>
                    <node id="Armature_J_momo_L" name="J_momo_L" sid="J_momo_L" type="JOINT">
                      <matrix sid="transform">1 0 0 0.02946 0 1 0 -0.021849 0 0 1 -0.005289 0 0 0 1</matrix>
                      <node id="Armature_J_hiza_L" name="J_hiza_L" sid="J_hiza_L" type="JOINT">
                        <matrix sid="transform">1 0 0 0.005151 0 1 0 -0.094303 0 0 1 0.033129 0 0 0 1</matrix>
                        <node id="Armature_J_kakato_L" name="J_kakato_L" sid="J_kakato_L" type="JOINT">
                          <matrix sid="transform">1 0 0 0 0 1 0 -0.101753 0 0 1 -0.048547 0 0 0 1</matrix>
                          <node id="Armature_J_tumasaki_L" name="J_tumasaki_L" sid="J_tumasaki_L" type="JOINT">
                            <matrix sid="transform">1 0 0 0 0 1 0 -0.022124 0 0 1 0.060457 0 0 0 1</matrix>
                            <extra>
                              <technique profile="blender">
                                <layer sid="layer" type="string">0</layer>
                                <tip_x sid="tip_x" type="float">0</tip_x>
                                <tip_y sid="tip_y" type="float">0.04911899</tip_y>
                                <tip_z sid="tip_z" type="float">0</tip_z>
                              </technique>
                            </extra>
                          </node>
                          <extra>
                            <technique profile="blender">
                              <layer sid="layer" type="string">0</layer>
                              <tip_x sid="tip_x" type="float">0</tip_x>
                              <tip_y sid="tip_y" type="float">0.04911899</tip_y>
                              <tip_z sid="tip_z" type="float">0</tip_z>
                            </technique>
                          </extra>
                        </node>
                        <extra>
                          <technique profile="blender">
                            <layer sid="layer" type="string">0</layer>
                            <tip_x sid="tip_x" type="float">0</tip_x>
                            <tip_y sid="tip_y" type="float">0.04911905</tip_y>
                            <tip_z sid="tip_z" type="float">0</tip_z>
                          </technique>
                        </extra>
                      </node>
                      <extra>
                        <technique profile="blender">
                          <layer sid="layer" type="string">0</layer>
                          <tip_x sid="tip_x" type="float">0</tip_x>
                          <tip_y sid="tip_y" type="float">0.04911899</tip_y>
                          <tip_z sid="tip_z" type="float">0</tip_z>
                        </technique>
                      </extra>
                    </node>
                    <node id="Armature_J_momo_R" name="J_momo_R" sid="J_momo_R" type="JOINT">
                      <matrix sid="transform">1 0 0 -0.02946 0 -1 0 -0.021849 0 0 -1 -0.005289 0 0 0 1</matrix>
                      <node id="Armature_J_hiza_R" name="J_hiza_R" sid="J_hiza_R" type="JOINT">
                        <matrix sid="transform">1 0 0 -0.005151 0 1 0 0.094304 0 0 1 -0.033129 0 0 0 1</matrix>
                        <node id="Armature_J_kakato_R" name="J_kakato_R" sid="J_kakato_R" type="JOINT">
                          <matrix sid="transform">1 0 0 0 0 1 0 0.101752 0 0 1 0.048547 0 0 0 1</matrix>
                          <node id="Armature_J_tumasaki_R" name="J_tumasaki_R" sid="J_tumasaki_R" type="JOINT">
                            <matrix sid="transform">1 0 0 0 0 1 0 0.022124 0 0 1 -0.060457 0 0 0 1</matrix>
                            <extra>
                              <technique profile="blender">
                                <layer sid="layer" type="string">0</layer>
                                <roll sid="roll" type="float">3.141593</roll>
                                <tip_x sid="tip_x" type="float">0</tip_x>
                                <tip_y sid="tip_y" type="float">0.04911899</tip_y>
                                <tip_z sid="tip_z" type="float">0</tip_z>
                              </technique>
                            </extra>
                          </node>
                          <extra>
                            <technique profile="blender">
                              <layer sid="layer" type="string">0</layer>
                              <roll sid="roll" type="float">3.141593</roll>
                              <tip_x sid="tip_x" type="float">0</tip_x>
                              <tip_y sid="tip_y" type="float">0.04911899</tip_y>
                              <tip_z sid="tip_z" type="float">0</tip_z>
                            </technique>
                          </extra>
                        </node>
                        <extra>
                          <technique profile="blender">
                            <layer sid="layer" type="string">0</layer>
                            <roll sid="roll" type="float">3.141593</roll>
                            <tip_x sid="tip_x" type="float">0</tip_x>
                            <tip_y sid="tip_y" type="float">0.04911905</tip_y>
                            <tip_z sid="tip_z" type="float">0</tip_z>
                          </technique>
                        </extra>
                      </node>
                      <extra>
                        <technique profile="blender">
                          <layer sid="layer" type="string">0</layer>
                          <roll sid="roll" type="float">3.141593</roll>
                          <tip_x sid="tip_x" type="float">0</tip_x>
                          <tip_y sid="tip_y" type="float">0.04911899</tip_y>
                          <tip_z sid="tip_z" type="float">0</tip_z>
                        </technique>
                      </extra>
                    </node>
                    <extra>
                      <technique profile="blender">
                        <layer sid="layer" type="string">0</layer>
                        <tip_x sid="tip_x" type="float">0</tip_x>
                        <tip_y sid="tip_y" type="float">0.04911899</tip_y>
                        <tip_z sid="tip_z" type="float">0</tip_z>
                      </technique>
                    </extra>
                  </node>
                  <extra>
                    <technique profile="blender">
                      <layer sid="layer" type="string">0</layer>
                      <tip_x sid="tip_x" type="float">0</tip_x>
                      <tip_y sid="tip_y" type="float">0.04911899</tip_y>
                      <tip_z sid="tip_z" type="float">0</tip_z>
                    </technique>
                  </extra>
                </node>
                <node id="Armature_TP01" name="TP01" sid="TP01" type="JOINT">
                  <matrix sid="transform">1 0 0 0 0 1 0 0.42 0 0 1 0.16 0 0 0 1</matrix>
                  <extra>
                    <technique profile="blender">
                      <layer sid="layer" type="string">0</layer>
                      <tip_x sid="tip_x" type="float">0</tip_x>
                      <tip_y sid="tip_y" type="float">0.04911899</tip_y>
                      <tip_z sid="tip_z" type="float">0</tip_z>
                    </technique>
                  </extra>
                </node>
                <extra>
                  <technique profile="blender">
                    <layer sid="layer" type="string">0</layer>
                    <tip_x sid="tip_x" type="float">0</tip_x>
                    <tip_y sid="tip_y" type="float">0.04911899</tip_y>
                    <tip_z sid="tip_z" type="float">0</tip_z>
                  </technique>
                </extra>
              </node>
              <node id="Armature_GRP_mesh" name="GRP_mesh" sid="GRP_mesh" type="JOINT">
                <matrix sid="transform">1 0 0 0 0 1 0 0 0 0 1 0 0 0 0 1</matrix>
                <extra>
                  <technique profile="blender">
                    <layer sid="layer" type="string">0</layer>
                    <tip_x sid="tip_x" type="float">0</tip_x>
                    <tip_y sid="tip_y" type="float">0.04911899</tip_y>
                    <tip_z sid="tip_z" type="float">0</tip_z>
                  </technique>
                </extra>
              </node>
              <extra>
                <technique profile="blender">
                  <layer sid="layer" type="string">0</layer>
                  <tip_x sid="tip_x" type="float">0</tip_x>
                  <tip_y sid="tip_y" type="float">0.04911899</tip_y>
                  <tip_z sid="tip_z" type="float">0</tip_z>
                </technique>
              </extra>
            </node>
            <extra>
              <technique profile="blender">
                <layer sid="layer" type="string">0</layer>
                <tip_x sid="tip_x" type="float">0</tip_x>
                <tip_y sid="tip_y" type="float">0.04911899</tip_y>
                <tip_z sid="tip_z" type="float">0</tip_z>
              </technique>
            </extra>
          </node>
          <extra>
            <technique profile="blender">
              <layer sid="layer" type="string">0</layer>
              <tip_x sid="tip_x" type="float">0</tip_x>
              <tip_y sid="tip_y" type="float">0.04911899</tip_y>
              <tip_z sid="tip_z" type="float">0</tip_z>
            </technique>
          </extra>
        </node>
      </node>
      <node id="chr305" name="chr305" type="NODE">
        <translate sid="location">0 0 0</translate>
        <rotate sid="rotationZ">0 0 1 0</rotate>
        <rotate sid="rotationY">0 1 0 0</rotate>
        <rotate sid="rotationX">1 0 0 0</rotate>
        <scale sid="scale">1 1 1</scale>
        <instance_controller url="#Armature_chr305-skin">
          <skeleton>#Armature_chr305</skeleton>
          <bind_material>
            <technique_common>
              <instance_material symbol="chr305a01-material" target="#chr305a01-material"/>
            </technique_common>
          </bind_material>
        </instance_controller>
      </node>
    </visual_scene>
  </library_visual_scenes>
  <scene>
    <instance_visual_scene url="#Default"/>
  </scene>
</COLLADA>