<?xml version="1.0" encoding="utf-8"?>
<COLLADA xmlns="http://www.collada.org/2005/11/COLLADASchema" version="1.4.1">
  <asset>
    <created>2017-08-29T16:56:53Z</created>
    <modified>2017-08-29T16:56:53Z</modified>
  </asset>
  <library_images>
    <image id="Image">
      <init_from>light</init_from>
    </image>
    <image id="Image1">
      <init_from>chr745a01.png</init_from>
    </image>
  </library_images>
  <library_materials>
    <material id="VisualMaterial" name="light">
      <instance_effect url="#Effect"/>
      <extra>
        <technique profile="FCOLLADA">
          <user_properties>light</user_properties>
        </technique>
      </extra>
    </material>
    <material id="VisualMaterial1" name="chr745a01">
      <instance_effect url="#Effect1"/>
      <extra>
        <technique profile="FCOLLADA">
          <user_properties>chr745a01</user_properties>
        </technique>
      </extra>
    </material>
  </library_materials>
  <library_effects>
    <effect id="Effect" name="light">
      <profile_COMMON>
        <newparam sid="Image-surface">
          <surface type="2D">
            <init_from>Image</init_from>
            <format>A8R8G8B8</format>
          </surface>
        </newparam>
        <newparam sid="Image-sampler">
          <sampler2D>
            <source>Image-surface</source>
            <wrap_s>WRAP</wrap_s>
            <wrap_t>WRAP</wrap_t>
            <minfilter>NONE</minfilter>
            <magfilter>NONE</magfilter>
            <mipfilter>NONE</mipfilter>
          </sampler2D>
        </newparam>
        <technique sid="common">
          <phong>
            <emission>
              <color>0 0 0 1</color>
            </emission>
            <ambient>
              <color>0 0 0 1</color>
            </ambient>
            <diffuse>
              <texture texture="Image-sampler" texcoord=""/>
            </diffuse>
            <specular>
              <color>1 1 1 1</color>
            </specular>
            <shininess>
              <float>0</float>
            </shininess>
            <transparent opaque="A_ONE">
              <color>0 0 0 1</color>
            </transparent>
            <transparency>
              <float>1</float>
            </transparency>
            <index_of_refraction>
              <float>1.55</float>
            </index_of_refraction>
          </phong>
          <extra>
            <technique profile="FCOLLADA">
              <spec_level>
                <float>0</float>
              </spec_level>
            </technique>
          </extra>
        </technique>
      </profile_COMMON>
      <extra>
        <technique profile="FCOLLADA">
          <user_properties>light</user_properties>
        </technique>
      </extra>
    </effect>
    <effect id="Effect1" name="Texture2D_chr745a01_png">
      <profile_COMMON>
        <newparam sid="Image1-surface">
          <surface type="2D">
            <init_from>Image1</init_from>
            <format>A8R8G8B8</format>
          </surface>
        </newparam>
        <newparam sid="Image1-sampler">
          <sampler2D>
            <source>Image1-surface</source>
            <wrap_s>WRAP</wrap_s>
            <wrap_t>WRAP</wrap_t>
            <minfilter>NONE</minfilter>
            <magfilter>NONE</magfilter>
            <mipfilter>NONE</mipfilter>
          </sampler2D>
        </newparam>
        <technique sid="common">
          <phong>
            <emission>
              <color>0 0 0 1</color>
            </emission>
            <ambient>
              <color>0 0 0 1</color>
            </ambient>
            <diffuse>
              <texture texture="Image1-sampler" texcoord=""/>
            </diffuse>
            <specular>
              <color>1 1 1 1</color>
            </specular>
            <shininess>
              <float>0</float>
            </shininess>
            <transparent opaque="A_ONE">
              <color>0 0 0 1</color>
            </transparent>
            <transparency>
              <float>1</float>
            </transparency>
            <index_of_refraction>
              <float>1.55</float>
            </index_of_refraction>
          </phong>
          <extra>
            <technique profile="FCOLLADA">
              <spec_level>
                <float>0</float>
              </spec_level>
            </technique>
          </extra>
        </technique>
      </profile_COMMON>
      <extra>
        <technique profile="FCOLLADA">
          <user_properties>Texture2D%5Cchr745a01.png</user_properties>
        </technique>
      </extra>
    </effect>
  </library_effects>
  <library_geometries>
    <geometry id="Geometry" name="sw_ef_r">
      <mesh>
        <source id="GeometrySource" name="sw_ef_rPos">
          <float_array id="GeometrySource-array" count="264">-1.1758 0.627559 1.49813 -0.932532 0.733342 0.8569 -0.945288 0.735121 0.853257 -0.741242 0.817382 0.348311 -0.763644 0.820506 0.341914 -0.661783 0.846582 0.166087 -0.690745 0.850622 0.157817 -0.633147 0.862392 0.073526 -0.662109 0.866432 0.065255 -1.1758 0.627559 1.49813 -0.968947 0.797024 0.856511 -0.967001 0.820377 0.861102 -0.805196 0.929222 0.347628 -0.801778 0.970236 0.355691 -0.744464 0.991172 0.165204 -0.740045 1.0442 0.175628 -0.715828 1.00698 0.072642 -0.711409 1.06 0.083066 -0.980549 0.657812 0.829144 -0.978602 0.681165 0.833735 -0.825571 0.684732 0.299565 -0.822153 0.725746 0.307627 -0.770805 0.67509 0.103067 -0.766386 0.728114 0.113491 -0.742169 0.6909 0.010506 -0.73775 0.743923 0.020929 -1.1758 0.627559 1.49813 -0.945288 0.735121 0.853257 -0.968947 0.797024 0.856511 -0.763644 0.820506 0.341914 -0.805196 0.929222 0.347628 -0.690745 0.850622 0.157817 -0.744464 0.991172 0.165204 -0.662109 0.866432 0.065255 -0.715828 1.00698 0.072642 -1.1758 0.627559 1.49813 -0.978602 0.681165 0.833735 -0.945288 0.735121 0.853257 -0.822153 0.725746 0.307627 -0.763644 0.820506 0.341914 -0.766386 0.728114 0.113491 -0.690745 0.850622 0.157817 -0.73775 0.743923 0.020929 -0.662109 0.866432 0.065255 -1.1758 0.627559 1.49813 -1.00226 0.743068 0.836988 -1.01502 0.744847 0.833346 -0.886107 0.837587 0.306944 -0.863705 0.834462 0.313341 -0.849068 0.872703 0.112608 -0.820105 0.868664 0.120878 -0.820431 0.888513 0.020046 -0.791469 0.884474 0.028316 -1.1758 0.627559 1.49813 -0.978602 0.681165 0.833735 -0.980549 0.657812 0.829144 -0.822153 0.725746 0.307627 -0.825571 0.684732 0.299565 -0.766386 0.728114 0.113491 -0.770805 0.67509 0.103067 -0.73775 0.743923 0.020929 -0.742169 0.6909 0.010506 -0.967001 0.820377 0.861102 -0.968947 0.797024 0.856511 -0.801778 0.970236 0.355691 -0.805196 0.929222 0.347628 -0.740045 1.0442 0.175628 -0.744464 0.991172 0.165204 -0.711409 1.06 0.083066 -0.715828 1.00698 0.072642 -1.1758 0.627559 1.49813 -1.00226 0.743068 0.836988 -0.978602 0.681165 0.833735 -0.863705 0.834462 0.313341 -0.822153 0.725746 0.307627 -0.820105 0.868664 0.120878 -0.766386 0.728114 0.113491 -0.791469 0.884474 0.028316 -0.73775 0.743923 0.020929 -1.1758 0.627559 1.49813 -0.968947 0.797024 0.856511 -1.00226 0.743068 0.836988 -0.805196 0.929222 0.347628 -0.863705 0.834462 0.313341 -0.744464 0.991172 0.165204 -0.820105 0.868664 0.120878 -0.715828 1.00698 0.072642 -0.791469 0.884474 0.028316</float_array>
          <technique_common>
            <accessor source="#GeometrySource-array" count="88" stride="3">
              <param name="X" type="float"/>
              <param name="Y" type="float"/>
              <param name="Z" type="float"/>
            </accessor>
          </technique_common>
        </source>
        <source id="GeometrySource1" name="sw_ef_rNrm">
          <float_array id="GeometrySource1-array" count="264">0.081501 0.977956 0.192252 0.0815 0.977956 0.192252 0.0815 0.977956 0.192252 0.081499 0.977955 0.192253 0.081499 0.977955 0.192253 0.081498 0.977956 0.192251 0.081498 0.977956 0.192252 0.081498 0.977956 0.19225 0.081498 0.977956 0.19225 0.953032 -0.132922 0.272142 0.953032 -0.132922 0.272142 0.953032 -0.132922 0.272142 0.953032 -0.132921 0.272142 0.953032 -0.132921 0.272142 0.953032 -0.13292 0.272143 0.953032 -0.13292 0.272143 0.953033 -0.132919 0.272142 0.953033 -0.132919 0.272142 0.953032 -0.132927 0.27214 0.953032 -0.132927 0.27214 0.953032 -0.132921 0.272142 0.953032 -0.132921 0.272141 0.953032 -0.132922 0.272142 0.953032 -0.132922 0.272142 0.953032 -0.13292 0.272142 0.953032 -0.13292 0.272142 0.875668 0.315469 0.365629 0.876064 0.31568 0.364498 0.876072 0.315684 0.364474 0.872517 0.313798 0.374493 0.872279 0.313673 0.375152 0.873923 0.314542 0.370569 0.87428 0.314731 0.369566 0.887558 0.321908 0.329571 0.887557 0.321908 0.329571 0.802291 -0.565029 0.192537 0.802691 -0.564856 0.191374 0.802683 -0.56486 0.191398 0.798935 -0.566431 0.202137 0.79917 -0.566336 0.201473 0.800915 -0.565616 0.196503 0.800562 -0.565763 0.197514 0.814126 -0.559244 0.15635 0.814126 -0.559244 0.15635 0.081497 0.977956 0.192248 0.081499 0.977956 0.19225 0.081499 0.977956 0.19225 0.0815 0.977956 0.192251 0.0815 0.977956 0.192251 0.081502 0.977955 0.192251 0.081502 0.977955 0.192251 0.081502 0.977955 0.192252 0.081502 0.977955 0.192252 -0.953032 0.132927 -0.27214 -0.953032 0.132927 -0.27214 -0.953032 0.132927 -0.27214 -0.953032 0.132921 -0.272141 -0.953032 0.132921 -0.272142 -0.953032 0.132922 -0.272142 -0.953032 0.132922 -0.272142 -0.953032 0.13292 -0.272142 -0.953032 0.13292 -0.272142 -0.953032 0.132922 -0.272142 -0.953032 0.132922 -0.272142 -0.953032 0.132921 -0.272142 -0.953032 0.132921 -0.272142 -0.953032 0.13292 -0.272143 -0.953032 0.13292 -0.272143 -0.953033 0.132919 -0.272142 -0.953033 0.132919 -0.272142 -0.898131 -0.327867 -0.293025 -0.897818 -0.327687 -0.294186 -0.897811 -0.327683 -0.294211 -0.900548 -0.329273 -0.283888 -0.900725 -0.329376 -0.283206 -0.899486 -0.328656 -0.28794 -0.899213 -0.328497 -0.288974 -0.887557 -0.321908 -0.329572 -0.887557 -0.321908 -0.329572 -0.824755 0.552626 -0.119932 -0.824431 0.552853 -0.12111 -0.824438 0.552848 -0.121085 -0.827381 0.550726 -0.110192 -0.827202 0.550859 -0.110867 -0.825848 0.55185 -0.115912 -0.826125 0.55165 -0.114886 -0.814126 0.559244 -0.15635 -0.814126 0.559244 -0.15635</float_array>
          <technique_common>
            <accessor source="#GeometrySource1-array" count="88" stride="3">
              <param name="X" type="float"/>
              <param name="Y" type="float"/>
              <param name="Z" type="float"/>
            </accessor>
          </technique_common>
        </source>
        <source id="GeometrySource2" name="sw_ef_rUV">
          <float_array id="GeometrySource2-array" count="176">0.5 0.215912 1 0.438692 0.5 0.438692 1 0.5 0.5 0.5 1 0.75 0.5 0.75 1 1 0.5 1 0.5 0.215912 0.321394 0.438692 0 0.438692 0.321394 0.5 0 0.5 0.321394 0.75 0 0.75 0.321394 1 0 1 1 0.438692 0.678606 0.438692 1 0.5 0.678606 0.5 1 0.75 0.678606 0.75 1 1 0.678606 1 0.5 0.215912 0.5 0.438692 0.321394 0.438692 0.5 0.5 0.321394 0.5 0.5 0.75 0.321394 0.75 0.5 1 0.321394 1 0.5 0.215912 0.678606 0.438692 0.5 0.438692 0.678606 0.5 0.5 0.5 0.678606 0.75 0.5 0.75 0.678606 1 0.5 1 0.5 0.215912 0.5 0.438692 1 0.438692 1 0.5 0.5 0.5 1 0.75 0.5 0.75 1 1 0.5 1 0.5 0.215912 0.321394 0.438692 0 0.438692 0.321394 0.5 0 0.5 0.321394 0.75 0 0.75 0.321394 1 0 1 1 0.438692 0.678606 0.438692 1 0.5 0.678606 0.5 1 0.75 0.678606 0.75 1 1 0.678606 1 0.5 0.215912 0.5 0.438692 0.321394 0.438692 0.5 0.5 0.321394 0.5 0.5 0.75 0.321394 0.75 0.5 1 0.321394 1 0.5 0.215912 0.678606 0.438692 0.5 0.438692 0.678606 0.5 0.5 0.5 0.678606 0.75 0.5 0.75 0.678606 1 0.5 1</float_array>
          <technique_common>
            <accessor source="#GeometrySource2-array" count="88" stride="2">
              <param name="S" type="float"/>
              <param name="T" type="float"/>
            </accessor>
          </technique_common>
        </source>
        <source id="GeometrySource3" name="sw_ef_rClr">
          <float_array id="GeometrySource3-array" count="352">0 0.576471 1 1 0 0.576471 1 1 1 1 0 0.576471 1 1 0 0.576471 0 0.576471 1 0 1 0 0 0.576471 0 0.576471 1 0 1 0 1 1 1 1 1 0.8 1 0.8 0 0.576471 1 0 1 1 0 0.576471 1 0 1 1 1 0.8 1 0.8 0 0.576471 0 0.576471 1 0 1 0 1 1 1 1 1 0.8 1 0.8 0 0.576471 1 1 0 0.576471 0 0.576471 1 1 0 0.576471 1 0 1 0 0 0.576471 0 0.576471 1 1 1 1 0 0.576471 0 0.576471 1 1 1 1 0 0.576471 0 0.576471 1 0 0 0.576471 1 1 1 0 0 0.576471 1 1 0 0.576471 0 0.576471 1 0 1 0 0 0.576471 0 0.576471 1 1 1 1 0 0.576471 0 0.576471 1 0 1 0 0 0.576471 1 1 0 0.576471 0 0.576471 1 1 0 0.576471 1 0 1 0 0 0.576471 0 0.576471 1 0 1 0 0 0.576471 0 0.576471 1 1 1 1 0 0.576471 0 0.576471 1 0 0 0.576471 1 1 1 0 0 0.576471 1 1 0 0.576471 0 0.576471 1 0 1 0 0 0.576471 0 0.576471 1 1 1 1 0 0.576471 0 0.576471 1 1 1 1 0 0.576471 1 1 0 0.576471 0 0.576471 1 1 0 0.576471 1 1 1 1 1 1 1 1 1 0.8 1 0.8 0 0.576471 0 0.576471 1 1 1 1 1 1 1 0.8 0 0.576471 1 1 1 0.8 0 0.576471 1 1 1 1 1 1 1 1 1 0.8 1 0.8 0 0.576471 0 0.576471 1 1 1 1 0 0.576471 0 0.576471 1 1 0 0.576471 1 1 1 1 0 0.576471 1 1 0 0.576471 0 0.576471 1 1 1 1 0 0.576471 0 0.576471 1 1 1 1 1 1 1 1 1 0.8 1 0.8 0 0.576471 1 1 1 1 0 0.576471 1 1 1 1 1 0.8 1 0.8 0 0.576471 0 0.576471 1 1 1 1 1 1 1 1 1 0.8 1 0.8 0 0.576471</float_array>
          <technique_common>
            <accessor source="#GeometrySource3-array" count="88" stride="4">
              <param name="R" type="float"/>
              <param name="G" type="float"/>
              <param name="B" type="float"/>
              <param name="A" type="float"/>
            </accessor>
          </technique_common>
        </source>
        <vertices id="Geometry-vertices">
          <input semantic="POSITION" source="#GeometrySource"/>
          <input semantic="NORMAL" source="#GeometrySource1"/>
          <input semantic="TEXCOORD" source="#GeometrySource2"/>
          <input semantic="COLOR" source="#GeometrySource3"/>
        </vertices>
        <triangles material="VisualMaterial0" count="70">
          <input semantic="VERTEX" source="#Geometry-vertices" offset="0"/>
          <p>0 1 2 2 1 3 2 3 4 4 3 5 4 5 6 6 5 7 6 7 8 9 10 11 11 10 12 11 12 13 13 12 14 13 14 15 15 14 16 15 16 17 9 18 19 19 18 20 19 20 21 21 20 22 21 22 23 23 22 24 23 24 25 26 27 28 28 27 29 28 29 30 30 29 31 30 31 32 32 31 33 32 33 34 35 36 37 37 36 38 37 38 39 39 38 40 39 40 41 41 40 42 41 42 43 44 45 46 45 47 46 45 48 47 48 49 47 48 50 49 50 51 49 50 52 51 53 54 55 55 54 56 55 56 57 57 56 58 57 58 59 59 58 60 59 60 61 53 62 63 63 62 64 63 64 65 65 64 66 65 66 67 67 66 68 67 68 69 70 71 72 72 71 73 72 73 74 74 73 75 74 75 76 76 75 77 76 77 78 79 80 81 81 80 82 81 82 83 83 82 84 83 84 85 85 84 86 85 86 87</p>
        </triangles>
      </mesh>
    </geometry>
    <geometry id="Geometry1" name="sw_ef_l">
      <mesh>
        <source id="GeometrySource4" name="sw_ef_lPos">
          <float_array id="GeometrySource4-array" count="264">1.18228 0.600398 1.51466 1.01596 0.732496 0.829322 1.00319 0.730761 0.832932 0.88808 0.833674 0.304225 0.865651 0.830626 0.310565 0.851427 0.871827 0.110388 0.82243 0.867887 0.118585 0.822968 0.889165 0.018046 0.793972 0.885225 0.026242 1.18228 0.600398 1.51466 0.970266 0.784682 0.853203 0.968492 0.807981 0.858124 0.80783 0.925324 0.346166 0.804713 0.966244 0.354809 0.747678 0.990314 0.16461 0.743648 1.04322 0.175784 0.719219 1.00765 0.072267 0.715189 1.06055 0.083441 0.980846 0.64579 0.823864 0.979071 0.669089 0.828786 0.826409 0.681397 0.29464 0.823292 0.722316 0.303283 0.771698 0.67496 0.097996 0.767668 0.727861 0.109171 0.743239 0.692298 0.005654 0.739209 0.7452 0.016828 1.18228 0.600398 1.51466 1.00319 0.730761 0.832932 0.970266 0.784682 0.853203 0.865651 0.830626 0.310565 0.80783 0.925324 0.346166 0.82243 0.867887 0.118585 0.747678 0.990314 0.16461 0.793972 0.885225 0.026242 0.719219 1.00765 0.072267 1.18228 0.600398 1.51466 0.979071 0.669089 0.828786 1.00319 0.730761 0.832932 0.823292 0.722316 0.303283 0.865651 0.830626 0.310565 0.767668 0.727861 0.109171 0.82243 0.867887 0.118585 0.739209 0.7452 0.016828 0.793972 0.885225 0.026242 1.18228 0.600398 1.51466 0.946147 0.72301 0.849057 0.933376 0.721275 0.852666 0.743041 0.813966 0.345224 0.765471 0.817014 0.338884 0.663919 0.846349 0.163392 0.692915 0.850289 0.155195 0.63546 0.863687 0.071049 0.664457 0.867627 0.062853 1.18228 0.600398 1.51466 0.979071 0.669089 0.828786 0.980846 0.64579 0.823864 0.823292 0.722316 0.303283 0.826409 0.681397 0.29464 0.767668 0.727861 0.109171 0.771698 0.67496 0.097996 0.739209 0.7452 0.016828 0.743239 0.692298 0.005654 0.968492 0.807981 0.858124 0.970266 0.784682 0.853203 0.804713 0.966244 0.354809 0.80783 0.925324 0.346166 0.743648 1.04322 0.175784 0.747678 0.990314 0.16461 0.715189 1.06055 0.083441 0.719219 1.00765 0.072267 1.18228 0.600398 1.51466 0.946147 0.72301 0.849057 0.979071 0.669089 0.828786 0.765471 0.817014 0.338884 0.823292 0.722316 0.303283 0.692915 0.850289 0.155195 0.767668 0.727861 0.109171 0.664457 0.867627 0.062853 0.739209 0.7452 0.016828 1.18228 0.600398 1.51466 0.970266 0.784682 0.853203 0.946147 0.72301 0.849057 0.80783 0.925324 0.346166 0.765471 0.817014 0.338884 0.747678 0.990314 0.16461 0.692915 0.850289 0.155195 0.719219 1.00765 0.072267 0.664457 0.867627 0.062853</float_array>
          <technique_common>
            <accessor source="#GeometrySource4-array" count="88" stride="3">
              <param name="X" type="float"/>
              <param name="Y" type="float"/>
              <param name="Z" type="float"/>
            </accessor>
          </technique_common>
        </source>
        <source id="GeometrySource5" name="sw_ef_lNrm">
          <float_array id="GeometrySource5-array" count="264">-0.074315 0.975704 0.206102 -0.074316 0.975705 0.206101 -0.074316 0.975705 0.206101 -0.074318 0.975704 0.206101 -0.074317 0.975704 0.206101 -0.074318 0.975704 0.206102 -0.074318 0.975704 0.206102 -0.074318 0.975704 0.206102 -0.074318 0.975704 0.206102 0.95417 0.129656 -0.26972 0.95417 0.129656 -0.26972 0.95417 0.129656 -0.26972 0.954171 0.129651 -0.269719 0.954171 0.129651 -0.269719 0.954171 0.129653 -0.26972 0.954171 0.129653 -0.26972 0.954171 0.129652 -0.269719 0.954171 0.129652 -0.269719 0.954171 0.129656 -0.269718 0.954171 0.129656 -0.269718 0.954171 0.129651 -0.26972 0.954171 0.129651 -0.26972 0.954171 0.129653 -0.269719 0.954171 0.129653 -0.26972 0.954171 0.129651 -0.26972 0.954171 0.129651 -0.26972 0.828604 0.548349 -0.112821 0.828516 0.548416 -0.113139 0.828514 0.548418 -0.113146 0.83136 0.546184 -0.102581 0.831538 0.54604 -0.101908 0.830293 0.547039 -0.106589 0.830018 0.547256 -0.107612 0.818377 0.555311 -0.147948 0.818377 0.555311 -0.147948 0.895519 -0.330164 -0.298393 0.89543 -0.330108 -0.29872 0.895432 -0.330109 -0.298713 0.89842 -0.332039 -0.287388 0.898245 -0.331925 -0.288068 0.896919 -0.331065 -0.293143 0.897191 -0.33124 -0.292112 0.885339 -0.323812 -0.333648 0.885339 -0.323812 -0.333648 -0.07432 0.975704 0.206101 -0.074319 0.975704 0.206102 -0.074319 0.975704 0.206102 -0.074318 0.975704 0.206102 -0.074318 0.975704 0.206102 -0.074318 0.975704 0.206103 -0.074318 0.975704 0.206103 -0.074316 0.975704 0.206103 -0.074316 0.975704 0.206103 -0.954171 -0.129656 0.269718 -0.954171 -0.129656 0.269718 -0.954171 -0.129656 0.269718 -0.954171 -0.129651 0.26972 -0.954171 -0.129651 0.26972 -0.954171 -0.129653 0.26972 -0.954171 -0.129653 0.269719 -0.954171 -0.129651 0.26972 -0.954171 -0.129651 0.26972 -0.95417 -0.129656 0.26972 -0.95417 -0.129656 0.26972 -0.954171 -0.129651 0.269719 -0.954171 -0.129651 0.269719 -0.954171 -0.129653 0.26972 -0.954171 -0.129653 0.26972 -0.954171 -0.129652 0.269719 -0.954171 -0.129652 0.269719 -0.807016 -0.561502 0.18287 -0.807123 -0.56145 0.182556 -0.807125 -0.561449 0.182549 -0.803503 -0.563156 0.192973 -0.803269 -0.563262 0.193636 -0.804888 -0.562517 0.189022 -0.80524 -0.562352 0.188014 -0.818377 -0.555312 0.147948 -0.818377 -0.555312 0.147948 -0.87393 0.317011 0.368442 -0.874041 0.317076 0.368123 -0.874039 0.317074 0.36813 -0.870151 0.314815 0.379116 -0.870387 0.314952 0.378459 -0.87214 0.315968 0.373544 -0.871786 0.315762 0.374544 -0.885339 0.323812 0.333648 -0.885339 0.323812 0.333648</float_array>
          <technique_common>
            <accessor source="#GeometrySource5-array" count="88" stride="3">
              <param name="X" type="float"/>
              <param name="Y" type="float"/>
              <param name="Z" type="float"/>
            </accessor>
          </technique_common>
        </source>
        <source id="GeometrySource6" name="sw_ef_lUV">
          <float_array id="GeometrySource6-array" count="176">0.5 0.212083 1 0.438692 0.5 0.438692 1 0.5 0.5 0.5 1 0.75 0.5 0.75 1 1 0.5 1 0.5 0.212083 0.321394 0.438692 0 0.438692 0.321394 0.5 0 0.5 0.321394 0.75 0 0.75 0.321394 1 0 1 1 0.438692 0.678606 0.438692 1 0.5 0.678606 0.5 1 0.75 0.678606 0.75 1 1 0.678606 1 0.5 0.212083 0.5 0.438692 0.321394 0.438692 0.5 0.5 0.321394 0.5 0.5 0.75 0.321394 0.75 0.5 1 0.321394 1 0.5 0.212083 0.678606 0.438692 0.5 0.438692 0.678606 0.5 0.5 0.5 0.678606 0.75 0.5 0.75 0.678606 1 0.5 1 0.5 0.212083 0.5 0.438692 1 0.438692 1 0.5 0.5 0.5 1 0.75 0.5 0.75 1 1 0.5 1 0.5 0.212083 0.321394 0.438692 0 0.438692 0.321394 0.5 0 0.5 0.321394 0.75 0 0.75 0.321394 1 0 1 1 0.438692 0.678606 0.438692 1 0.5 0.678606 0.5 1 0.75 0.678606 0.75 1 1 0.678606 1 0.5 0.212083 0.5 0.438692 0.321394 0.438692 0.5 0.5 0.321394 0.5 0.5 0.75 0.321394 0.75 0.5 1 0.321394 1 0.5 0.212083 0.678606 0.438692 0.5 0.438692 0.678606 0.5 0.5 0.5 0.678606 0.75 0.5 0.75 0.678606 1 0.5 1</float_array>
          <technique_common>
            <accessor source="#GeometrySource6-array" count="88" stride="2">
              <param name="S" type="float"/>
              <param name="T" type="float"/>
            </accessor>
          </technique_common>
        </source>
        <source id="GeometrySource7" name="sw_ef_lClr">
          <float_array id="GeometrySource7-array" count="352">0 0.576471 1 1 0 0.576471 1 1 1 1 0 0.576471 1 1 0 0.576471 0 0.576471 1 0 1 0 0 0.576471 0 0.576471 1 0 1 0 1 1 1 1 1 0.8 1 0.8 0 0.576471 1 0 1 1 0 0.576471 1 0 1 1 1 0.8 1 0.8 0 0.576471 0 0.576471 1 0 1 0 1 1 1 1 1 0.8 1 0.8 0 0.576471 1 1 0 0.576471 0 0.576471 1 1 0 0.576471 1 0 1 0 0 0.576471 0 0.576471 1 1 1 1 0 0.576471 0 0.576471 1 1 1 1 0 0.576471 0 0.576471 1 0 0 0.576471 1 1 1 0 0 0.576471 1 1 0 0.576471 0 0.576471 1 0 1 0 0 0.576471 0 0.576471 1 1 1 1 0 0.576471 0 0.576471 1 0 1 0 0 0.576471 1 1 0 0.576471 0 0.576471 1 1 0 0.576471 1 0 1 0 0 0.576471 0 0.576471 1 0 1 0 0 0.576471 0 0.576471 1 1 1 1 0 0.576471 0 0.576471 1 0 0 0.576471 1 1 1 0 0 0.576471 1 1 0 0.576471 0 0.576471 1 0 1 0 0 0.576471 0 0.576471 1 1 1 1 0 0.576471 0 0.576471 1 1 1 1 0 0.576471 1 1 0 0.576471 0 0.576471 1 1 0 0.576471 1 1 1 1 1 1 1 1 1 0.8 1 0.8 0 0.576471 0 0.576471 1 1 1 1 1 1 1 0.8 0 0.576471 1 1 1 0.8 0 0.576471 1 1 1 1 1 1 1 1 1 0.8 1 0.8 0 0.576471 0 0.576471 1 1 1 1 0 0.576471 0 0.576471 1 1 0 0.576471 1 1 1 1 0 0.576471 1 1 0 0.576471 0 0.576471 1 1 1 1 0 0.576471 0 0.576471 1 1 1 1 1 1 1 1 1 0.8 1 0.8 0 0.576471 1 1 1 1 0 0.576471 1 1 1 1 1 0.8 1 0.8 0 0.576471 0 0.576471 1 1 1 1 1 1 1 1 1 0.8 1 0.8 0 0.576471</float_array>
          <technique_common>
            <accessor source="#GeometrySource7-array" count="88" stride="4">
              <param name="R" type="float"/>
              <param name="G" type="float"/>
              <param name="B" type="float"/>
              <param name="A" type="float"/>
            </accessor>
          </technique_common>
        </source>
        <vertices id="Geometry1-vertices">
          <input semantic="POSITION" source="#GeometrySource4"/>
          <input semantic="NORMAL" source="#GeometrySource5"/>
          <input semantic="TEXCOORD" source="#GeometrySource6"/>
          <input semantic="COLOR" source="#GeometrySource7"/>
        </vertices>
        <triangles material="VisualMaterial0" count="70">
          <input semantic="VERTEX" source="#Geometry1-vertices" offset="0"/>
          <p>0 1 2 2 1 3 2 3 4 4 3 5 4 5 6 6 5 7 6 7 8 9 10 11 11 10 12 11 12 13 13 12 14 13 14 15 15 14 16 15 16 17 9 18 19 19 18 20 19 20 21 21 20 22 21 22 23 23 22 24 23 24 25 26 27 28 28 27 29 28 29 30 30 29 31 30 31 32 32 31 33 32 33 34 35 36 37 37 36 38 37 38 39 39 38 40 39 40 41 41 40 42 41 42 43 44 45 46 45 47 46 45 48 47 48 49 47 48 50 49 50 51 49 50 52 51 53 54 55 55 54 56 55 56 57 57 56 58 57 58 59 59 58 60 59 60 61 53 62 63 63 62 64 63 64 65 65 64 66 65 66 67 67 66 68 67 68 69 70 71 72 72 71 73 72 73 74 74 73 75 74 75 76 76 75 77 76 77 78 79 80 81 81 80 82 81 82 83 83 82 84 83 84 85 85 84 86 85 86 87</p>
        </triangles>
      </mesh>
    </geometry>
    <geometry id="Geometry2" name="chr745">
      <mesh>
        <source id="GeometrySource8" name="chr745Pos">
          <float_array id="GeometrySource8-array" count="23991">-0.133422 1.56915 0.027821 -0.133316 1.56905 0.024388 -0.152762 1.52955 0.027873 -0.152758 1.52958 0.024388 -0.133316 1.56905 0.024388 -0.133422 1.56915 0.027821 -0.086203 1.53135 0.023744 -0.086203 1.53135 0.033791 -0.133316 1.56905 0.024388 -0.086203 1.53135 0.023744 -0.152758 1.52958 0.024388 -0.115376 1.49841 0.023744 -0.115376 1.49841 0.033791 -0.152762 1.52955 0.027873 -0.115376 1.49841 0.023744 -0.152758 1.52958 0.024388 -0.133422 1.56915 0.027821 -0.152762 1.52955 0.027873 -0.086203 1.53135 0.033791 -0.115376 1.49841 0.033791 0.115376 1.49841 0.033791 0.152762 1.52955 0.027873 0.086203 1.53135 0.033791 0.133422 1.56915 0.027821 0.115376 1.49841 0.023744 0.086203 1.53135 0.023744 0.152758 1.52958 0.024388 0.133317 1.56905 0.024388 0.115376 1.49841 0.033791 0.115376 1.49841 0.023744 0.152762 1.52955 0.027873 0.152758 1.52958 0.024388 0.133317 1.56905 0.024388 0.086203 1.53135 0.023744 0.133422 1.56915 0.027821 0.086203 1.53135 0.033791 0.133422 1.56915 0.027821 0.152762 1.52955 0.027873 0.133317 1.56905 0.024388 0.152758 1.52958 0.024388 0.070291 1.53889 -0.1029 0.133216 1.56898 -0.097877 0.089733 1.49942 -0.1029 0.152821 1.52898 -0.097877 0.133216 1.56898 -0.097877 0.133335 1.56891 -0.092026 0.152821 1.52898 -0.097877 0.152865 1.52907 -0.092059 0.089733 1.49942 -0.1029 0.152821 1.52898 -0.097877 0.089733 1.49942 -0.092853 0.152865 1.52907 -0.092059 0.070291 1.53889 -0.1029 0.070291 1.53889 -0.092853 0.133216 1.56898 -0.097877 0.133335 1.56891 -0.092026 0.152865 1.52907 -0.092059 0.133335 1.56891 -0.092026 0.089733 1.49942 -0.092853 0.070291 1.53889 -0.092853 -0.15282 1.52898 -0.097877 -0.133216 1.56898 -0.097877 -0.089733 1.49942 -0.1029 -0.070291 1.53889 -0.1029 -0.133216 1.56898 -0.097877 -0.15282 1.52898 -0.097877 -0.133334 1.56891 -0.092026 -0.152865 1.52907 -0.092059 -0.089733 1.49942 -0.1029 -0.089733 1.49942 -0.092853 -0.15282 1.52898 -0.097877 -0.152865 1.52907 -0.092059 -0.070291 1.53889 -0.1029 -0.133216 1.56898 -0.097877 -0.070291 1.53889 -0.092853 -0.133334 1.56891 -0.092026 -0.152865 1.52907 -0.092059 -0.089733 1.49942 -0.092853 -0.133334 1.56891 -0.092026 -0.070291 1.53889 -0.092853 -0.026281 1.7445 -1.20166 -0.058635 1.80407 -1.22687 -0.029293 1.77462 -1.19389 0.008708 1.72049 -0.153352 0.024052 1.685 -0.277094 -0.003373 1.74317 -0.273578 0.023246 1.67862 -0.153145 0.000388 1.66524 -0.100155 -0.013258 1.71775 -0.153145 -0.048835 1.75843 -0.264522 -0.051753 1.75668 -1.18156 -0.028416 1.74628 -1.12775 -0.013258 1.71775 -0.153145 -0.001016 1.69244 -0.155078 0.000388 1.66524 -0.100155 0.023246 1.67862 -0.153145 0.024052 1.685 -0.277094 -0.017554 1.71599 -0.26954 -0.043961 1.74499 -1.19584 -0.006313 1.70775 -1.13009 -0.036822 1.71133 -1.13704 -0.026281 1.7445 -1.20166 -0.058635 1.80407 -1.22687 -0.051753 1.75668 -1.18156 -0.066072 1.73411 -1.12187 -0.085549 1.52138 -1.23626 -0.159936 1.53667 -1.27963 -0.084206 1.54346 -1.22706 -0.022115 1.54036 -1.15432 -0.036352 1.57587 -1.14987 0.011147 1.58167 -1.05179 -0.01139 1.61722 -1.06376 -0.0182 1.59077 -0.991208 0.034477 1.58584 -0.824309 -0.030655 1.60011 -0.885368 -0.045443 1.60171 -0.818627 0.014342 1.61715 -0.592228 0.052353 1.57749 -0.675245 -0.052933 1.61934 -0.666728 0.107462 1.55946 -0.599742 0.059 1.585 -0.545448 0.141755 1.64635 -0.316245 0.072985 1.66227 -0.37475 0.073004 1.67608 -0.311291 0.066345 1.63837 -0.242787 0.000316 1.66726 -0.104424 0.027887 1.649 -0.155688 0.000933 1.68046 -0.153926 -0.001516 1.6681 -0.304556 0.031067 1.67298 -0.241854 -0.001273 1.66523 -0.367977 -0.054475 1.65139 -0.53569 0.005701 1.63805 -0.541384 -0.107638 1.64563 -0.581378 -0.121109 1.5922 -0.749254 -0.023869 1.60722 -0.75776 -0.153094 1.57824 -0.809154 -0.094561 1.57438 -0.875503 -0.068604 1.623 -1.0788 -0.069145 1.62829 -1.00273 -0.068819 1.57733 -1.14312 -0.101092 1.54577 -1.21556 0.000316 1.66726 -0.104424 -0.009982 1.65966 -0.154596 0.027887 1.649 -0.155688 0.066933 1.64115 -0.309947 0.066345 1.63837 -0.242787 0.01969 1.64483 -0.242086 0.141755 1.64635 -0.316245 0.067379 1.63082 -0.370151 0.142509 1.62157 -0.379879 0.107462 1.55946 -0.599742 -0.002608 1.59546 -0.588422 0.052353 1.57749 -0.675245 0.034477 1.58584 -0.824309 -0.020737 1.57042 -0.755777 -0.059167 1.56631 -0.814193 -0.033888 1.56444 -0.883342 0.025616 1.58569 -0.892151 -0.049432 1.55263 -1.14426 0.011147 1.58167 -1.05179 -0.03288 1.59551 -1.06346 -0.022115 1.54036 -1.15432 -0.096143 1.52903 -1.22267 -0.085549 1.52138 -1.23626 -0.159936 1.53667 -1.27963 -0.101092 1.54577 -1.21556 -0.121109 1.5922 -0.749254 -0.153094 1.57824 -0.809154 -0.068604 1.623 -1.0788 -0.083473 1.60532 -1.00619 -0.140921 1.6415 -1.01567 -0.107638 1.64563 -0.581378 -0.060767 1.58877 -0.658433 -0.054475 1.65139 -0.53569 -0.001516 1.6681 -0.304556 -0.017848 1.67343 -0.24023 -0.068819 1.57733 -1.14312 0 1.64366 -0.125901 0.030329 1.64253 -0.116613 0 1.63266 -0.123539 0.024695 1.65166 -0.120547 0.035999 1.67048 -0.108766 0.045162 1.66646 -0.101136 0.03153 1.6894 -0.086165 0.025797 1.68873 -0.0973 0 1.69826 -0.090872 0 1.70188 -0.077474 0.024539 1.65819 -0.132967 0 1.65044 -0.138552 0.018546 1.66845 -0.139194 0.026855 1.68227 -0.129858 0.036145 1.67712 -0.120478 0.019451 1.696 -0.120569 0.031195 1.68989 -0.112156 0.020049 1.70122 -0.104342 0 1.7027 -0.115534 0 1.70512 -0.101361 0 1.67393 -0.118738 0 1.66275 -0.14341 0.028569 1.63838 -0.106146 0 1.63253 -0.107079 0.042178 1.66059 -0.091959 0.036469 1.67443 -0.079863 0.023585 1.68842 -0.072318 0 1.69274 -0.068719 -0.030329 1.64253 -0.116613 -0.024695 1.65166 -0.120547 -0.035999 1.67048 -0.108766 -0.045162 1.66646 -0.101136 -0.03153 1.6894 -0.086165 -0.025797 1.68873 -0.0973 -0.024539 1.65819 -0.132967 -0.018546 1.66845 -0.139194 -0.026855 1.68227 -0.129858 -0.036145 1.67712 -0.120478 -0.019451 1.696 -0.120569 -0.031195 1.68989 -0.112156 -0.020049 1.70122 -0.104342 -0.028569 1.63838 -0.106146 -0.042178 1.66059 -0.091959 -0.036469 1.67443 -0.079863 -0.023585 1.68842 -0.072318 0.047626 1.63859 -0.077568 0 1.66986 -0.080986 0.042551 1.66439 -0.060532 0 1.64455 -0.098344 0.064402 1.6233 -0.033297 0.056434 1.65122 -0.020889 0.041963 1.60577 0.010239 0.037491 1.63578 0.016755 0 1.59777 0.028273 0 1.62863 0.032983 -0.047626 1.63859 -0.077568 -0.042551 1.66439 -0.060532 -0.064402 1.6233 -0.033297 -0.056434 1.65122 -0.020889 -0.041963 1.60577 0.010239 -0.037491 1.63578 0.016755 -0.075429 1.63422 -0.048755 -0.090364 1.60298 -0.062518 -0.091443 1.58234 -0.004055 -0.068228 1.66902 -0.063433 -0.058786 1.64573 -0.077934 -0.034902 1.68508 -0.077373 -0.050997 1.65764 -0.054506 -0.063034 1.61688 -0.014731 -0.040575 1.61007 0.034253 -0.032293 1.60266 0.027077 -0.073614 1.62213 -0.005781 -0.030693 1.62869 0.031377 0 1.6268 0.042084 0 1.61233 0.045731 0 1.60219 0.046268 -0.062694 1.63976 -0.007762 -0.07627 1.65358 -0.040948 0 1.64845 -0.042799 -0.058592 1.65054 -0.040589 -0.053883 1.66343 -0.02802 -0.049854 1.67647 -0.039279 -0.037058 1.69086 -0.057023 0 1.71613 -0.082273 -0.036461 1.67039 -0.095453 -0.065323 1.62357 -0.105728 -0.031886 1.62293 -0.112272 0 1.62825 -0.121623 0.031886 1.62293 -0.112272 0.058786 1.64573 -0.077934 0.065323 1.62357 -0.105728 0.036461 1.67039 -0.095453 0.075429 1.63422 -0.048755 0.091443 1.58234 -0.004055 0.090364 1.60298 -0.062518 0.068228 1.66902 -0.063433 0.034902 1.68508 -0.077373 0.05805 1.65409 -0.047547 0.032293 1.60266 0.027077 0.063034 1.61688 -0.014731 0.073614 1.62213 -0.005781 0.062694 1.63976 -0.007762 0.07627 1.65358 -0.040948 0.030693 1.62869 0.031377 0.040575 1.61007 0.034253 0.055124 1.66995 -0.033649 0.037058 1.69086 -0.057023 0 1.70582 0.085204 -0.032601 1.7327 0.06253 -0.019357 1.7113 0.078381 0 1.74595 0.078653 -0.030875 1.69874 0.067162 -0.049179 1.70217 0.048937 -0.057389 1.71838 0.039761 -0.061006 1.74075 0.026885 -0.03494 1.76532 0.053384 0 1.8003 0.052825 -0.05077 1.7828 0.0178 -0.026761 1.79479 0.042875 -0.02642 1.81705 0.0213 0 1.82386 0.023314 -0.050958 1.80203 0.004271 -0.036135 1.82081 -0.009676 0 1.83153 -0.019377 -0.025123 1.81573 -0.058349 -0.052859 1.80294 -0.025285 -0.05783 1.79092 -0.041811 -0.044681 1.80481 -0.050584 -0.043293 1.77891 -0.076408 -0.069373 1.76043 -0.053459 -0.047499 1.7403 -0.081745 0 1.81998 -0.061687 0 1.78825 -0.090287 0 1.75446 -0.100303 0 1.71871 -0.098594 -0.045437 1.70257 -0.073265 0 1.69808 -0.084227 0 1.68212 -0.043852 -0.057848 1.69212 -0.043051 -0.074861 1.70691 -0.051799 -0.075481 1.73234 -0.049024 -0.075481 1.73234 -0.049024 -0.093784 1.70484 -0.060561 -0.079047 1.7089 -0.026315 -0.085393 1.69135 -0.022398 -0.078343 1.69681 -0.006001 -0.068436 1.69014 0.013485 -0.065007 1.67698 0.016867 -0.056286 1.6875 0.032005 -0.042543 1.67128 0.044534 -0.038762 1.68654 0.053766 -0.024017 1.66463 0.062099 0 1.68203 0.080908 -0.003202 1.67026 0.080467 -0.006759 1.66279 0.078241 0.003648 1.66168 0.079312 -0.003819 1.65135 0.078472 -0.007827 1.64659 0.071254 0 1.63585 0.075415 -0.02882 1.6977 0.064481 0 1.68203 0.080908 -0.018492 1.70958 0.075056 -0.038762 1.68654 0.053766 0 1.70345 0.081476 -0.046663 1.70155 0.046641 -0.036471 1.6872 0.057368 0 1.67242 0.056169 -0.057848 1.69212 -0.043051 0 1.68212 -0.043852 -0.074861 1.70691 -0.051799 0 1.63585 0.075415 -0.024017 1.66463 0.062099 0 1.67242 0.056169 -0.007827 1.64659 0.071254 -0.042543 1.67128 0.044534 -0.065007 1.67698 0.016867 -0.085393 1.69135 -0.022398 -0.093784 1.70484 -0.060561 -0.074861 1.70691 -0.051799 -0.030875 1.69874 0.067162 -0.018492 1.70958 0.075056 -0.019357 1.7113 0.078381 -0.02882 1.6977 0.064481 0 1.70345 0.081476 0 1.70582 0.085204 -0.074111 1.78505 -0.037474 -0.05783 1.79092 -0.041811 -0.069373 1.76043 -0.053459 -0.066241 1.79916 -0.021504 -0.052859 1.80294 -0.025285 -0.082301 1.79066 -0.011187 -0.066497 1.79681 0.003888 -0.050958 1.80203 0.004271 -0.05077 1.7828 0.0178 -0.088514 1.77797 -0.000875 -0.093384 1.77148 -0.02433 -0.081275 1.76647 -0.045465 -0.089157 1.74301 -0.040396 -0.075481 1.73234 -0.049024 -0.079047 1.7089 -0.026315 -0.088768 1.72119 -0.020175 -0.085436 1.70663 0.000829 -0.078343 1.69681 -0.006001 -0.073621 1.69951 0.022667 -0.088876 1.72576 0.019275 -0.069433 1.71291 0.033136 -0.068436 1.69014 0.013485 -0.05626 1.6992 0.042637 -0.056286 1.6875 0.032005 -0.038762 1.68654 0.053766 -0.036471 1.6872 0.057368 -0.049179 1.70217 0.048937 -0.057389 1.71838 0.039761 -0.072844 1.73773 0.025698 -0.061006 1.74075 0.026885 -0.068669 1.77404 0.014348 -0.091166 1.75656 0.012657 -0.095984 1.73316 0.000425 -0.098918 1.75124 -0.013032 -0.074861 1.70691 -0.051799 -0.093784 1.70484 -0.060561 -0.075481 1.73234 -0.049024 -0.049179 1.70217 0.048937 -0.02882 1.6977 0.064481 -0.030875 1.69874 0.067162 -0.046663 1.70155 0.046641 -0.036471 1.6872 0.057368 -0.046663 1.70155 0.046641 -0.049179 1.70217 0.048937 0.032601 1.7327 0.06253 0.019357 1.7113 0.078381 0.03494 1.76532 0.053384 0.061006 1.74075 0.026885 0.057389 1.71838 0.039761 0.049179 1.70217 0.048937 0.05077 1.7828 0.0178 0.026761 1.79479 0.042875 0.02642 1.81705 0.0213 0.050958 1.80203 0.004271 0.036135 1.82081 -0.009676 0.025123 1.81573 -0.058349 0.052859 1.80294 -0.025285 0.05783 1.79092 -0.041811 0.044681 1.80481 -0.050584 0.043293 1.77891 -0.076408 0.069373 1.76043 -0.053459 0.047499 1.7403 -0.081745 0.045437 1.70257 -0.073265 0.057848 1.69212 -0.043051 0.074861 1.70691 -0.051799 0.075481 1.73234 -0.049024 0.075481 1.73234 -0.049024 0.079047 1.7089 -0.026315 0.093784 1.70484 -0.060561 0.085393 1.69135 -0.022398 0.078343 1.69681 -0.006001 0.068436 1.69014 0.013485 0.065007 1.67698 0.016867 0.056286 1.6875 0.032005 0.042543 1.67128 0.044534 0.036553 1.6852 0.05667 0.024017 1.66463 0.062099 0.007827 1.64659 0.071254 0.036471 1.6872 0.057368 0.02882 1.6977 0.064481 0.046663 1.70155 0.046641 0.018492 1.70958 0.075056 0.036553 1.6852 0.05667 0.057848 1.69212 -0.043051 0.074861 1.70691 -0.051799 0.024017 1.66463 0.062099 0.007827 1.64659 0.071254 0.042543 1.67128 0.044534 0.065007 1.67698 0.016867 0.085393 1.69135 -0.022398 0.093784 1.70484 -0.060561 0.074861 1.70691 -0.051799 0.030875 1.69874 0.067162 0.018492 1.70958 0.075056 0.02882 1.6977 0.064481 0.019357 1.7113 0.078381 0.074111 1.78505 -0.037474 0.069373 1.76043 -0.053459 0.05783 1.79092 -0.041811 0.066241 1.79916 -0.021504 0.052859 1.80294 -0.025285 0.082301 1.79066 -0.011187 0.066497 1.79681 0.003888 0.050958 1.80203 0.004271 0.05077 1.7828 0.0178 0.088514 1.77797 -0.000875 0.093384 1.77148 -0.02433 0.081275 1.76647 -0.045465 0.089157 1.74301 -0.040396 0.075481 1.73234 -0.049024 0.079047 1.7089 -0.026315 0.088768 1.72119 -0.020175 0.085436 1.70663 0.000829 0.078343 1.69681 -0.006001 0.073621 1.69951 0.022667 0.088876 1.72576 0.019275 0.069433 1.71291 0.033136 0.068436 1.69014 0.013485 0.05626 1.6992 0.042637 0.056286 1.6875 0.032005 0.036553 1.6852 0.05667 0.036471 1.6872 0.057368 0.072844 1.73773 0.025698 0.061006 1.74075 0.026885 0.068669 1.77404 0.014348 0.091166 1.75656 0.012657 0.095984 1.73316 0.000425 0.098918 1.75124 -0.013032 0.057389 1.71838 0.039761 0.049179 1.70217 0.048937 0.074861 1.70691 -0.051799 0.075481 1.73234 -0.049024 0.093784 1.70484 -0.060561 0.049179 1.70217 0.048937 0.02882 1.6977 0.064481 0.046663 1.70155 0.046641 0.030875 1.69874 0.067162 0.036471 1.6872 0.057368 0.049179 1.70217 0.048937 0.046663 1.70155 0.046641 0.030875 1.69874 0.067162 -0.051237 1.7481 0.036939 -0.063165 1.80297 0.037852 -0.053131 1.75731 0.028924 -0.059214 1.79205 0.043035 -0.044977 1.75753 0.039877 -0.049834 1.79933 0.042767 -0.059732 1.81375 0.034805 -0.050024 1.77221 0.025251 -0.050511 1.81939 0.035313 -0.044931 1.78148 0.029367 -0.046401 1.81012 0.039721 -0.04187 1.77242 0.036203 0.051237 1.7481 0.036939 0.063165 1.80297 0.037852 0.059214 1.79205 0.043035 0.053131 1.75731 0.028924 0.044977 1.75753 0.039877 0.049834 1.79933 0.042767 0.059732 1.81375 0.034805 0.050024 1.77221 0.025251 0.050511 1.81939 0.035313 0.044931 1.78148 0.029367 0.046401 1.81012 0.039721 0.04187 1.77242 0.036203 0.118878 1.48904 0.008713 0.123236 1.44891 -0.065698 0.117882 1.48839 -0.065698 0.127173 1.45068 0.008713 0.107539 1.5446 0.008713 0.10866 1.54729 -0.065698 0.092261 1.52906 0.036685 0.110461 1.48468 0.032437 0.119782 1.44846 0.029373 0.088077 1.57 0.008713 0.089669 1.57391 -0.065698 0.071648 1.55178 0.039628 0.110292 1.48391 -0.106701 0.107674 1.44811 -0.097646 0.082424 1.52913 -0.108154 0.062082 1.55487 -0.107016 0.064233 1.59703 -0.065698 0.041369 1.56988 -0.105252 0.025816 1.61594 -0.065698 0.064137 1.59234 0.008713 0.025834 1.60748 0.008713 0.051791 1.5734 0.042907 0.025834 1.58928 0.044038 0.025834 1.58016 -0.103873 -0.118878 1.48904 0.008713 -0.123236 1.44891 -0.065698 -0.127173 1.45068 0.008713 -0.117882 1.48839 -0.065698 -0.107539 1.5446 0.008713 -0.10866 1.54729 -0.065698 -0.092261 1.52906 0.036685 -0.110461 1.48468 0.032437 -0.119782 1.44846 0.029373 -0.088077 1.57 0.008713 -0.089669 1.57391 -0.065698 -0.071648 1.55178 0.039628 -0.110292 1.48391 -0.106701 -0.107674 1.44811 -0.097646 -0.082424 1.52913 -0.108154 -0.062082 1.55487 -0.107016 -0.064233 1.59703 -0.065698 -0.041369 1.56988 -0.105252 -0.025816 1.61594 -0.065698 -0.064137 1.59234 0.008713 -0.025834 1.60748 0.008713 -0.051791 1.5734 0.042907 -0.025834 1.58928 0.044038 -0.025834 1.58016 -0.103873 -0.083592 1.08695 -0.377299 -0.219839 1.00644 -0.428443 -0.13018 1.22882 -0.313347 -0.022243 1.2676 -0.281013 -0.011138 1.39344 -0.212088 -0.076325 1.4023 -0.214352 -0.036861 1.50158 -0.149984 -0.199682 0.873086 -0.488374 -0.319685 0.78751 -0.538841 -0.300491 0.717636 -0.568005 -0.452089 0.517189 -0.669233 -0.127726 1.42359 -0.187229 -0.061155 1.50788 -0.14485 -0.190959 1.31154 -0.245265 -0.260534 1.13288 -0.339894 -0.336366 0.908485 -0.459521 -0.386203 0.739832 -0.549912 -0.452089 0.517189 -0.669233 -0.300491 0.717636 -0.568005 -0.386203 0.739832 -0.549912 -0.199682 0.873086 -0.488374 -0.336366 0.908485 -0.459521 -0.083592 1.08695 -0.377299 -0.260534 1.13288 -0.339894 -0.022243 1.2676 -0.281013 -0.190959 1.31154 -0.245265 -0.011138 1.39344 -0.212088 -0.127726 1.42359 -0.187229 -0.036861 1.50158 -0.149984 -0.061155 1.50788 -0.14485 -0.192216 1.23296 -0.435087 -0.349399 1.19439 -0.473392 -0.195055 1.35811 -0.33158 -0.07743 1.36721 -0.314801 -0.025123 1.46514 -0.223131 -0.088641 1.48616 -0.208793 -0.018194 1.55584 -0.133037 -0.369425 1.08082 -0.565498 -0.512013 1.03444 -0.607782 -0.513848 0.972819 -0.655752 -0.720619 0.836942 -0.766163 -0.128952 1.50797 -0.167195 -0.03932 1.56466 -0.121544 -0.22409 1.42864 -0.234859 -0.346075 1.29725 -0.351365 -0.488301 1.13043 -0.50088 -0.588393 1.00393 -0.615232 -0.720619 0.836942 -0.766163 -0.513848 0.972819 -0.655752 -0.588393 1.00393 -0.615232 -0.369425 1.08082 -0.565498 -0.488301 1.13043 -0.50088 -0.192216 1.23296 -0.435087 -0.346075 1.29725 -0.351365 -0.22409 1.42864 -0.234859 -0.07743 1.36721 -0.314801 -0.025123 1.46514 -0.223131 -0.128952 1.50797 -0.167195 -0.018194 1.55584 -0.133037 -0.03932 1.56466 -0.121544 0.083592 1.08695 -0.377299 0.130179 1.22882 -0.313347 0.219839 1.00644 -0.428443 0.022243 1.2676 -0.281013 0.011138 1.39344 -0.212088 0.076325 1.4023 -0.214351 0.036861 1.50158 -0.149984 0.199682 0.873086 -0.488374 0.319684 0.78751 -0.538842 0.30049 0.717636 -0.568006 0.452089 0.517189 -0.669234 0.127726 1.42359 -0.187229 0.061155 1.50788 -0.14485 0.190959 1.31154 -0.245265 0.260534 1.13287 -0.339894 0.336366 0.908485 -0.459521 0.386203 0.739833 -0.549913 0.452089 0.517189 -0.669234 0.386203 0.739833 -0.549913 0.30049 0.717636 -0.568006 0.199682 0.873086 -0.488374 0.336366 0.908485 -0.459521 0.083592 1.08695 -0.377299 0.260534 1.13287 -0.339894 0.022243 1.2676 -0.281013 0.190959 1.31154 -0.245265 0.011138 1.39344 -0.212088 0.127726 1.42359 -0.187229 0.036861 1.50158 -0.149984 0.061155 1.50788 -0.14485 0.192216 1.23296 -0.435088 0.195055 1.35811 -0.33158 0.349399 1.19439 -0.473393 0.077429 1.36721 -0.314802 0.025123 1.46514 -0.223131 0.08864 1.48616 -0.208793 0.018194 1.55584 -0.133037 0.369424 1.08082 -0.565498 0.512012 1.03444 -0.607783 0.513847 0.97282 -0.655752 0.720618 0.836942 -0.766164 0.128952 1.50797 -0.167195 0.03932 1.56466 -0.121544 0.22409 1.42864 -0.234859 0.346075 1.29725 -0.351365 0.488301 1.13043 -0.500881 0.588393 1.00393 -0.615232 0.720618 0.836942 -0.766164 0.588393 1.00393 -0.615232 0.513847 0.97282 -0.655752 0.369424 1.08082 -0.565498 0.488301 1.13043 -0.500881 0.192216 1.23296 -0.435088 0.346075 1.29725 -0.351365 0.22409 1.42864 -0.234859 0.077429 1.36721 -0.314802 0.025123 1.46514 -0.223131 0.128952 1.50797 -0.167195 0.018194 1.55584 -0.133037 0.03932 1.56466 -0.121544 -0.047585 1.40043 -0.144565 -0.105804 1.40492 -0.198175 -0.084123 1.45952 -0.144544 -0.099391 1.40774 -0.10265 -0.105804 1.40492 -0.198175 -0.047585 1.40043 -0.144565 -0.084123 1.45952 -0.144544 -0.105804 1.40492 -0.198175 -0.099391 1.40774 -0.10265 0 1.31939 0.044797 -0.033276 1.32678 0.02473 0 1.35153 0.004497 -0.032949 1.3301 -0.015784 0 1.32787 -0.035801 0 1.523 -0.158944 -0.045378 1.58074 -0.119203 0 1.58548 -0.134675 -0.066009 1.52377 -0.141915 -0.063855 1.57548 -0.093535 -0.086755 1.52518 -0.109444 -0.024709 1.63178 -0.080253 0 1.63617 -0.090984 -0.039607 1.62013 -0.065678 -0.084123 1.45952 -0.144544 0 1.46014 -0.163717 -0.114787 1.48397 -0.105784 -0.099391 1.40774 -0.10265 -0.128062 1.45171 -0.063308 0 1.4123 -0.158978 -0.047585 1.40043 -0.144565 -0.101001 1.40181 -0.064557 -0.05727 1.364 -0.06359 -0.055314 1.37618 -0.100836 0 1.34773 -0.098808 0 1.38006 -0.138999 0 1.33403 -0.061371 -0.086755 1.52518 -0.109444 0 1.57673 -0.085825 -0.063855 1.57548 -0.093535 0 1.52189 -0.093136 0 1.62013 -0.062798 -0.039607 1.62013 -0.065678 0 1.47139 -0.086019 -0.114787 1.48397 -0.105784 0 1.4749 0.046351 -0.137743 1.45171 -0.016449 -0.124882 1.49464 -0.001783 0 1.62553 0.045165 0 1.4749 0.046351 -0.058838 1.57953 0.040016 -0.110207 1.51649 0.032047 0 1.61516 0.041918 0 1.4749 0.046351 -0.128062 1.45171 -0.063308 -0.137743 1.45171 -0.016449 0 1.47139 -0.086019 -0.144258 1.45171 0.104137 -0.124994 1.49199 0.03091 -0.185948 1.45171 0.026131 -0.119833 1.48129 0.080223 -0.105099 1.46803 0.126502 -0.082901 1.45161 0.167431 -0.110207 1.51649 0.032047 -0.124882 1.49464 -0.001783 -0.124994 1.49199 0.03091 -0.119833 1.48129 0.080223 -0.102917 1.50822 0.082377 -0.058838 1.57953 0.040016 -0.055744 1.56206 0.085898 0 1.60075 0.090401 0 1.62553 0.045165 -0.136599 1.45171 0.026131 -0.137743 1.45171 -0.016449 -0.102917 1.50822 0.082377 -0.068964 1.51804 0.13149 -0.055744 1.56206 0.085898 -0.105099 1.46803 0.126502 -0.119833 1.48129 0.080223 0 1.57193 0.137919 0 1.60075 0.090401 -0.082901 1.45161 0.167431 -0.068964 1.51804 0.13149 -0.105099 1.46803 0.126502 -0.053879 1.50133 0.172376 0 1.54291 0.177572 0 1.57193 0.137919 -0.053879 1.50133 0.172376 -0.059058 1.45161 0.204674 -0.036532 1.48221 0.207826 -0.082901 1.45161 0.167431 0 1.54291 0.177572 0 1.50966 0.211852 -0.103203 1.39144 0.026131 -0.137743 1.45171 -0.016449 -0.103001 1.39445 -0.017242 -0.136599 1.45171 0.026131 -0.060844 1.35538 -0.017242 -0.062749 1.34956 0.026131 -0.032949 1.3301 -0.015784 -0.033276 1.32678 0.02473 -0.129914 1.45171 0.080228 -0.083493 1.40376 0.126502 -0.110511 1.45171 0.126502 -0.098152 1.39445 0.080228 -0.061286 1.35629 0.080228 -0.056312 1.37562 0.126502 0 1.34376 0.126502 0 1.3239 0.080228 -0.082901 1.45161 0.167431 -0.083493 1.40376 0.126502 -0.049397 1.40189 0.167431 -0.110511 1.45171 0.126502 -0.056312 1.37562 0.126502 0 1.34376 0.126502 0 1.37061 0.167431 -0.082901 1.45161 0.167431 -0.03519 1.42317 0.204674 -0.059058 1.45161 0.204674 -0.049397 1.40189 0.167431 0 1.37061 0.167431 0 1.40093 0.204674 0 1.47139 -0.086019 -0.114787 1.48397 -0.105784 -0.128062 1.45171 -0.063308 -0.110207 1.51649 0.032047 0 1.4749 0.046351 -0.124882 1.49464 -0.001783 -0.129914 1.45171 0.080228 -0.185948 1.45171 0.026131 -0.136599 1.45171 0.026131 -0.144258 1.45171 0.104137 -0.110511 1.45171 0.126502 -0.082901 1.45161 0.167431 -0.136599 1.45171 0.026131 -0.185948 1.45171 0.026131 -0.124994 1.49199 0.03091 0 1.45171 0.258919 -0.03519 1.42317 0.204674 0 1.40093 0.204674 -0.059058 1.45161 0.204674 0 1.45171 0.258919 -0.036532 1.48221 0.207826 -0.059058 1.45161 0.204674 0 1.50966 0.211852 -0.103203 1.39144 0.026131 -0.129914 1.45171 0.080228 -0.136599 1.45171 0.026131 -0.098152 1.39445 0.080228 -0.062749 1.34956 0.026131 -0.061286 1.35629 0.080228 0 1.31939 0.044797 -0.033276 1.32678 0.02473 0 1.3239 0.080228 -0.101001 1.40181 -0.064557 -0.137743 1.45171 -0.016449 -0.128062 1.45171 -0.063308 -0.103001 1.39445 -0.017242 -0.05727 1.364 -0.06359 -0.060844 1.35538 -0.017242 0 1.33403 -0.061371 0 1.32787 -0.035801 -0.032949 1.3301 -0.015784 0.047585 1.40043 -0.144565 0.084123 1.45952 -0.144544 0.105804 1.40492 -0.198175 0.099391 1.40774 -0.10265 0.047585 1.40043 -0.144565 0.105804 1.40492 -0.198175 0.084123 1.45952 -0.144544 0.099391 1.40774 -0.10265 0.105804 1.40492 -0.198175 0.033276 1.32678 0.02473 0.032949 1.3301 -0.015784 0.045378 1.58074 -0.119203 0.066009 1.52377 -0.141915 0.063855 1.57548 -0.093535 0.086755 1.52518 -0.109444 0.024709 1.63178 -0.080253 0.039607 1.62013 -0.065678 0.084123 1.45952 -0.144544 0.114787 1.48397 -0.105784 0.099391 1.40774 -0.10265 0.128062 1.45171 -0.063308 0.047585 1.40043 -0.144565 0.101001 1.40181 -0.064557 0.05727 1.364 -0.06359 0.055314 1.37618 -0.100836 0.086755 1.52518 -0.109444 0.063855 1.57548 -0.093535 0.039607 1.62013 -0.065678 0.114787 1.48397 -0.105784 0 1.4749 0.046351 0.124882 1.49464 -0.001783 0.137743 1.45171 -0.016449 0.058838 1.57953 0.040016 0.110207 1.51649 0.032047 0.128062 1.45171 -0.063308 0.137743 1.45171 -0.016449 0.144258 1.45171 0.104137 0.124994 1.49199 0.03091 0.119833 1.48129 0.080223 0.185948 1.45171 0.026131 0.105099 1.46803 0.126502 0.082901 1.45161 0.167431 0.110207 1.51649 0.032047 0.124994 1.49199 0.03091 0.124882 1.49464 -0.001783 0.119833 1.48129 0.080223 0.102917 1.50822 0.082377 0.058838 1.57953 0.040016 0.055744 1.56206 0.085898 0.136599 1.45171 0.026131 0.137743 1.45171 -0.016449 0.055744 1.56206 0.085898 0.102917 1.50822 0.082377 0.068964 1.51804 0.13149 0.105099 1.46803 0.126502 0.119833 1.48129 0.080223 0.068964 1.51804 0.13149 0.082901 1.45161 0.167431 0.053879 1.50133 0.172376 0.105099 1.46803 0.126502 0.053879 1.50133 0.172376 0.059058 1.45161 0.204674 0.082901 1.45161 0.167431 0.036532 1.48221 0.207826 0.103203 1.39144 0.026131 0.137743 1.45171 -0.016449 0.136599 1.45171 0.026131 0.103001 1.39445 -0.017242 0.060844 1.35538 -0.017242 0.062749 1.34956 0.026131 0.032949 1.3301 -0.015784 0.033276 1.32678 0.02473 0.129914 1.45171 0.080228 0.083493 1.40376 0.126502 0.098152 1.39445 0.080228 0.110511 1.45171 0.126502 0.061286 1.35629 0.080228 0.056312 1.37562 0.126502 0.082901 1.45161 0.167431 0.083493 1.40376 0.126502 0.110511 1.45171 0.126502 0.049397 1.40189 0.167431 0.056312 1.37562 0.126502 0.03519 1.42317 0.204674 0.049397 1.40189 0.167431 0.082901 1.45161 0.167431 0.059058 1.45161 0.204674 0 1.47139 -0.086019 0.128062 1.45171 -0.063308 0.114787 1.48397 -0.105784 0.110207 1.51649 0.032047 0.124882 1.49464 -0.001783 0 1.4749 0.046351 0.129914 1.45171 0.080228 0.185948 1.45171 0.026131 0.144258 1.45171 0.104137 0.136599 1.45171 0.026131 0.110511 1.45171 0.126502 0.082901 1.45161 0.167431 0.136599 1.45171 0.026131 0.124994 1.49199 0.03091 0.185948 1.45171 0.026131 0.03519 1.42317 0.204674 0.059058 1.45161 0.204674 0.036532 1.48221 0.207826 0.059058 1.45161 0.204674 0.103203 1.39144 0.026131 0.129914 1.45171 0.080228 0.098152 1.39445 0.080228 0.136599 1.45171 0.026131 0.062749 1.34956 0.026131 0.061286 1.35629 0.080228 0.033276 1.32678 0.02473 0.101001 1.40181 -0.064557 0.137743 1.45171 -0.016449 0.103001 1.39445 -0.017242 0.128062 1.45171 -0.063308 0.05727 1.364 -0.06359 0.060844 1.35538 -0.017242 0.032949 1.3301 -0.015784 -0.023899 1.74971 0.080018 -0.011208 1.79859 0.073293 -0.022417 1.80504 0.066791 -0.035679 1.82806 0.053941 -0.037425 1.77598 0.066376 -0.038068 1.76969 0.067943 0 1.72458 0.090753 0 1.79632 0.075189 -0.03671 1.79863 0.061108 -0.037583 1.82315 0.054906 -0.010364 1.79677 0.065232 -0.022417 1.80504 0.066791 -0.011208 1.79859 0.073293 -0.020729 1.80314 0.058377 -0.035679 1.82806 0.053941 -0.032977 1.82609 0.045322 0 1.79457 0.067483 0 1.79632 0.075189 -0.010364 1.79677 0.065232 -0.02234 1.74781 0.07196 -0.020729 1.80314 0.058377 -0.032977 1.82609 0.045322 -0.035545 1.7676 0.05921 0 1.72317 0.082739 0 1.79457 0.067483 0 1.72458 0.090753 -0.02234 1.74781 0.07196 0 1.72317 0.082739 -0.023899 1.74971 0.080018 -0.035545 1.7676 0.05921 -0.038068 1.76969 0.067943 0.02234 1.74781 0.07196 0.023899 1.74971 0.080018 0.035545 1.7676 0.05921 0.038068 1.76969 0.067943 -0.038068 1.76969 0.067943 -0.070674 1.80344 0.035014 -0.035545 1.7676 0.05921 -0.130898 1.91442 -0.035246 -0.065677 1.82359 0.045419 -0.05704 1.85277 0.044002 -0.050197 1.8719 0.0284 -0.023816 1.85966 0.043025 -0.036828 1.82881 0.056621 -0.038799 1.82392 0.057694 -0.037981 1.79975 0.065461 -0.025257 1.81003 0.063998 -0.038641 1.77675 0.069164 -0.026401 1.78746 0.069781 -0.0564 1.84469 0.024331 -0.023816 1.85966 0.043025 -0.032977 1.82609 0.045322 -0.035545 1.7676 0.05921 -0.070674 1.80344 0.035014 -0.130898 1.91442 -0.035246 -0.050197 1.8719 0.0284 -0.032977 1.82609 0.045322 -0.023816 1.85966 0.043025 -0.035679 1.82806 0.053941 -0.038799 1.82392 0.057694 -0.037583 1.82315 0.054906 -0.036828 1.82881 0.056621 -0.025257 1.81003 0.063998 -0.037425 1.77598 0.066376 -0.038641 1.77675 0.069164 -0.038068 1.76969 0.067943 -0.037425 1.77598 0.066376 -0.026401 1.78746 0.069781 -0.038641 1.77675 0.069164 -0.037981 1.79975 0.065461 -0.026401 1.78746 0.069781 -0.03671 1.79863 0.061108 -0.037583 1.82315 0.054906 -0.025257 1.81003 0.063998 -0.03671 1.79863 0.061108 -0.03671 1.79863 0.061108 -0.025257 1.81003 0.063998 -0.037981 1.79975 0.065461 0.011208 1.79859 0.073293 0.023899 1.74971 0.080018 0.022417 1.80504 0.066791 0.035679 1.82806 0.053941 0.03671 1.79863 0.061108 0.037583 1.82315 0.054906 0.037425 1.77598 0.066376 0.038068 1.76969 0.067943 0.011208 1.79859 0.073293 0.010364 1.79677 0.065232 0.022417 1.80504 0.066791 0.020729 1.80314 0.058377 0.035679 1.82806 0.053941 0.032977 1.82609 0.045322 0.010364 1.79677 0.065232 0.02234 1.74781 0.07196 0.020729 1.80314 0.058377 0.032977 1.82609 0.045322 0.035545 1.7676 0.05921 0.038068 1.76969 0.067943 0.035545 1.7676 0.05921 0.070674 1.80344 0.035014 0.038641 1.77675 0.069164 0.065677 1.82359 0.045419 0.130898 1.91442 -0.035246 0.05704 1.85277 0.044002 0.050197 1.8719 0.0284 0.023816 1.85966 0.043025 0.038799 1.82392 0.057694 0.036828 1.82881 0.056621 0.037981 1.79975 0.065461 0.025257 1.81003 0.063998 0.026401 1.78746 0.069781 0.0564 1.84469 0.024331 0.032977 1.82609 0.045322 0.023816 1.85966 0.043025 0.035545 1.7676 0.05921 0.070674 1.80344 0.035014 0.130898 1.91442 -0.035246 0.050197 1.8719 0.0284 0.032977 1.82609 0.045322 0.035679 1.82806 0.053941 0.023816 1.85966 0.043025 0.036828 1.82881 0.056621 0.038799 1.82392 0.057694 0.037583 1.82315 0.054906 0.025257 1.81003 0.063998 0.037425 1.77598 0.066376 0.038068 1.76969 0.067943 0.038641 1.77675 0.069164 0.037425 1.77598 0.066376 0.038641 1.77675 0.069164 0.026401 1.78746 0.069781 0.037981 1.79975 0.065461 0.03671 1.79863 0.061108 0.026401 1.78746 0.069781 0.037583 1.82315 0.054906 0.03671 1.79863 0.061108 0.025257 1.81003 0.063998 0.03671 1.79863 0.061108 0.037981 1.79975 0.065461 0.025257 1.81003 0.063998 -0.027038 1.27733 0.047987 0 1.24699 0.087507 0 1.27733 0.061603 -0.036717 1.25885 0.066815 -0.047162 1.23096 0.08632 0 1.21444 0.10486 -0.052041 1.2657 0.019202 -0.04055 1.27733 0.014984 -0.059643 1.25268 0.02345 -0.047451 1.26406 -0.041546 -0.034061 1.27733 -0.031003 -0.056893 1.24767 -0.053733 0 1.27733 -0.058605 0 1.2354 -0.089492 0 1.14515 0.081151 -0.039485 1.14927 0.067111 -0.031654 1.08547 0.052046 -0.047162 1.23096 0.08632 0 1.21444 0.10486 -0.021589 1.07804 0.053011 0 1.07478 0.057084 0 1.04458 -0.034648 -0.028922 1.05869 -0.042176 0 1.063 -0.049947 0 1.07531 -0.063964 -0.036583 1.07691 -0.043481 -0.021589 1.07804 0.053011 -0.026582 1.05238 -0.016711 -0.031654 1.08547 0.052046 -0.018324 1.06681 0.008395 0 1.07169 0.043405 0 1.15296 -0.076346 -0.046316 1.15996 -0.049756 -0.039485 1.14927 0.067111 -0.031654 1.08547 0.052046 0 1.2354 -0.089492 -0.056893 1.24767 -0.053733 -0.059643 1.25268 0.02345 -0.047162 1.23096 0.08632 0 1.07478 0.057084 0 1.27733 0.061603 0 1.25191 0.001498 -0.027038 1.27733 0.047987 -0.04055 1.27733 0.014984 -0.034061 1.27733 -0.031003 0 1.27733 -0.058605 -0.026582 1.05238 -0.016711 0 0.971665 0.03977 -0.018324 1.06681 0.008395 0 1.07169 0.043405 0.018324 1.06681 0.008395 0.026582 1.05238 -0.016711 0 1.04458 -0.034648 0 1.04458 -0.034648 0.027038 1.27733 0.047987 0.036717 1.25885 0.066815 0.047162 1.23096 0.08632 0.052041 1.2657 0.019202 0.04055 1.27733 0.014984 0.059643 1.25268 0.02345 0.047451 1.26406 -0.041546 0.034061 1.27733 -0.031003 0.056893 1.24767 -0.053733 0.031654 1.08547 0.052046 0.039485 1.14927 0.067111 0.047162 1.23096 0.08632 0.021589 1.07804 0.053011 0.028922 1.05869 -0.042176 0.036583 1.07691 -0.043481 0.021589 1.07804 0.053011 0.026582 1.05238 -0.016711 0.031654 1.08547 0.052046 0.018324 1.06681 0.008395 0.046316 1.15996 -0.049756 0.039485 1.14927 0.067111 0.031654 1.08547 0.052046 0.056893 1.24767 -0.053733 0.059643 1.25268 0.02345 0.047162 1.23096 0.08632 0.027038 1.27733 0.047987 0.04055 1.27733 0.014984 0.034061 1.27733 -0.031003 0 1.27733 -0.058605 -0.183527 1.55177 0.021386 -0.168436 1.53499 0.036679 -0.17645 1.55196 0.036679 -0.173303 1.53012 0.021386 -0.151461 1.52697 0.036679 -0.151647 1.51989 0.021386 -0.132227 1.53408 0.036679 -0.12711 1.52896 0.021386 -0.174462 1.57631 0.021386 -0.169345 1.57119 0.036679 -0.150786 1.55264 0.029847 -0.17645 1.55196 0.036679 -0.168436 1.53499 0.036679 -0.169345 1.57119 0.036679 -0.151461 1.52697 0.036679 -0.132227 1.53408 0.036679 -0.149924 1.58538 0.021386 -0.133136 1.57029 0.036679 -0.128269 1.57515 0.021386 -0.150111 1.5783 0.036679 -0.125122 1.55331 0.036679 -0.118045 1.5535 0.021386 -0.150111 1.5783 0.036679 -0.133136 1.57029 0.036679 -0.125122 1.55331 0.036679 -0.18299 1.55179 -0.090495 -0.168147 1.53527 -0.105789 -0.172934 1.53049 -0.090495 -0.17603 1.55197 -0.105789 -0.15145 1.52739 -0.105789 -0.151633 1.52043 -0.090495 -0.132531 1.53438 -0.105789 -0.127498 1.52935 -0.090495 -0.174074 1.57592 -0.090495 -0.16904 1.57089 -0.105789 -0.132531 1.53438 -0.105789 -0.17603 1.55197 -0.105789 -0.16904 1.57089 -0.105789 -0.15145 1.52739 -0.105789 -0.168147 1.53527 -0.105789 -0.149939 1.58484 -0.090495 -0.133425 1.57 -0.105789 -0.150122 1.57788 -0.105789 -0.128638 1.57478 -0.090495 -0.125542 1.5533 -0.105789 -0.118581 1.55348 -0.090495 -0.150122 1.57788 -0.105789 -0.125542 1.5533 -0.105789 -0.133425 1.57 -0.105789 -0.078679 1.546 -0.08102 -0.144659 1.48002 0.012289 -0.144659 1.48002 -0.08102 -0.078679 1.546 0.012289 -0.15104 1.4864 0.021314 -0.151041 1.61836 0.021314 -0.217021 1.55238 0.021314 -0.08506 1.55238 0.021314 -0.144659 1.62474 0.012289 -0.078679 1.55876 -0.08102 -0.144659 1.62474 -0.08102 -0.078679 1.55876 0.012289 -0.157422 1.48002 -0.08102 -0.223402 1.546 0.012289 -0.223402 1.546 -0.08102 -0.157422 1.48002 0.012289 -0.223402 1.55876 0.012289 -0.157422 1.62474 -0.08102 -0.223402 1.55876 -0.08102 -0.157422 1.62474 0.012289 -0.217021 1.55238 -0.090045 -0.08506 1.55238 -0.090045 -0.15104 1.4864 -0.090045 -0.151041 1.61836 -0.090045 -0.078679 1.546 0.012289 -0.078679 1.55876 -0.08102 -0.078679 1.55876 0.012289 -0.078679 1.546 -0.08102 -0.08506 1.55238 0.021314 -0.144659 1.48002 0.012289 -0.078679 1.546 0.012289 -0.15104 1.4864 0.021314 -0.078679 1.55876 0.012289 -0.151041 1.61836 0.021314 -0.08506 1.55238 0.021314 -0.144659 1.62474 0.012289 -0.157422 1.48002 0.012289 -0.144659 1.48002 -0.08102 -0.144659 1.48002 0.012289 -0.157422 1.48002 -0.08102 -0.15104 1.4864 0.021314 -0.223402 1.546 0.012289 -0.157422 1.48002 0.012289 -0.217021 1.55238 0.021314 -0.144659 1.62474 0.012289 -0.157422 1.62474 -0.08102 -0.157422 1.62474 0.012289 -0.144659 1.62474 -0.08102 -0.157422 1.62474 0.012289 -0.217021 1.55238 0.021314 -0.151041 1.61836 0.021314 -0.223402 1.55876 0.012289 -0.223402 1.55876 0.012289 -0.223402 1.546 -0.08102 -0.223402 1.546 0.012289 -0.223402 1.55876 -0.08102 -0.144659 1.62474 -0.08102 -0.08506 1.55238 -0.090045 -0.151041 1.61836 -0.090045 -0.078679 1.55876 -0.08102 -0.151041 1.61836 -0.090045 -0.223402 1.55876 -0.08102 -0.157422 1.62474 -0.08102 -0.217021 1.55238 -0.090045 -0.217021 1.55238 -0.090045 -0.157422 1.48002 -0.08102 -0.223402 1.546 -0.08102 -0.15104 1.4864 -0.090045 -0.078679 1.546 -0.08102 -0.15104 1.4864 -0.090045 -0.08506 1.55238 -0.090045 -0.144659 1.48002 -0.08102 -0.078679 1.55876 0.012289 -0.08506 1.55238 0.021314 -0.078679 1.546 0.012289 -0.144659 1.48002 0.012289 -0.15104 1.4864 0.021314 -0.157422 1.48002 0.012289 -0.157422 1.62474 0.012289 -0.151041 1.61836 0.021314 -0.144659 1.62474 0.012289 -0.223402 1.546 0.012289 -0.217021 1.55238 0.021314 -0.223402 1.55876 0.012289 -0.151041 1.61836 -0.090045 -0.157422 1.62474 -0.08102 -0.144659 1.62474 -0.08102 -0.223402 1.546 -0.08102 -0.223402 1.55876 -0.08102 -0.217021 1.55238 -0.090045 -0.078679 1.546 -0.08102 -0.08506 1.55238 -0.090045 -0.078679 1.55876 -0.08102 -0.157422 1.48002 -0.08102 -0.15104 1.4864 -0.090045 -0.144659 1.48002 -0.08102 -0.140579 1.45758 -0.075213 -0.181908 1.47115 -0.094267 -0.168032 1.48503 -0.091295 -0.152968 1.44221 -0.077315 -0.210848 1.50009 -0.077315 -0.195485 1.51248 -0.075213 -0.222835 1.51208 -0.036388 -0.206857 1.52385 -0.036388 -0.129207 1.4462 -0.036388 -0.140981 1.43023 -0.036388 -0.210848 1.50009 0.004538 -0.195485 1.51248 0.002436 -0.181908 1.47115 0.021491 -0.168032 1.48503 0.018518 -0.152968 1.44221 0.004538 -0.140579 1.45758 0.002436 -0.195485 1.51248 0.002436 -0.129207 1.4462 -0.036388 -0.206857 1.52385 -0.036388 -0.140579 1.45758 0.002436 -0.168032 1.48503 0.018518 -0.140579 1.45758 -0.075213 -0.195485 1.51248 -0.075213 -0.168032 1.48503 -0.091295 -0.22248 1.37567 -0.075213 -0.249933 1.40313 -0.036388 -0.249933 1.40313 -0.091295 -0.277387 1.43058 -0.075213 -0.277387 1.43058 0.002436 -0.249933 1.40313 0.018518 -0.22248 1.37567 0.002436 -0.288758 1.44195 -0.036388 -0.211108 1.3643 -0.036388 -0.259306 1.45652 -0.08077 -0.288758 1.44195 -0.036388 -0.272305 1.46952 -0.036388 -0.277387 1.43058 -0.075213 -0.227923 1.42514 -0.099154 -0.249933 1.40313 -0.091295 -0.196539 1.39375 -0.08077 -0.22248 1.37567 -0.075213 -0.18354 1.38076 -0.036388 -0.211108 1.3643 -0.036388 -0.196539 1.39375 0.007993 -0.22248 1.37567 0.002436 -0.227923 1.42514 0.026377 -0.249933 1.40313 0.018518 -0.259306 1.45652 0.007993 -0.277387 1.43058 0.002436 -0.251802 1.49452 -0.036388 -0.253817 1.45456 0.002729 -0.238144 1.48087 0.010244 -0.265275 1.46602 -0.036388 -0.226157 1.4269 0.018932 -0.20517 1.44789 0.029559 -0.198496 1.39924 0.002729 -0.172196 1.41492 0.010244 -0.187039 1.38779 -0.036388 -0.158537 1.40126 -0.036388 -0.198496 1.39924 -0.075506 -0.172196 1.41492 -0.08302 -0.226157 1.4269 -0.091709 -0.20517 1.44789 -0.102337 -0.253817 1.45456 -0.075506 -0.238144 1.48087 -0.08302 -0.184677 1.46838 -0.101405 -0.232865 1.4781 -0.077336 -0.217185 1.50089 -0.082362 -0.203911 1.44915 -0.094297 -0.152168 1.43588 -0.082362 -0.174956 1.4202 -0.077336 -0.138703 1.42241 -0.036388 -0.162963 1.4082 -0.036388 -0.244858 1.4901 -0.036388 -0.23065 1.51436 -0.036388 -0.152168 1.43588 0.009585 -0.174956 1.4202 0.004559 -0.184677 1.46838 0.028628 -0.203911 1.44915 0.02152 -0.217185 1.50089 0.009585 -0.232865 1.4781 0.004559 -0.244858 1.4901 -0.036388 -0.238144 1.48087 0.010244 -0.232865 1.4781 0.004559 -0.20517 1.44789 0.029559 -0.251802 1.49452 -0.036388 -0.203911 1.44915 0.02152 -0.172196 1.41492 0.010244 -0.174956 1.4202 0.004559 -0.158537 1.40126 -0.036388 -0.162963 1.4082 -0.036388 -0.232865 1.4781 -0.077336 -0.238144 1.48087 -0.08302 -0.203911 1.44915 -0.094297 -0.20517 1.44789 -0.102337 -0.174956 1.4202 -0.077336 -0.172196 1.41492 -0.08302 -0.265275 1.46602 -0.036388 -0.259306 1.45652 0.007993 -0.253817 1.45456 0.002729 -0.272305 1.46952 -0.036388 -0.227923 1.42514 0.026377 -0.226157 1.4269 0.018932 -0.196539 1.39375 0.007993 -0.198496 1.39924 0.002729 -0.18354 1.38076 -0.036388 -0.187039 1.38779 -0.036388 -0.253817 1.45456 -0.075506 -0.259306 1.45652 -0.08077 -0.226157 1.4269 -0.091709 -0.227923 1.42514 -0.099154 -0.198496 1.39924 -0.075506 -0.196539 1.39375 -0.08077 -0.222835 1.51208 -0.036388 -0.217185 1.50089 0.009585 -0.210848 1.50009 0.004538 -0.23065 1.51436 -0.036388 -0.184677 1.46838 0.028628 -0.181908 1.47115 0.021491 -0.152168 1.43588 0.009585 -0.152968 1.44221 0.004538 -0.138703 1.42241 -0.036388 -0.140981 1.43023 -0.036388 -0.210848 1.50009 -0.077315 -0.217185 1.50089 -0.082362 -0.181908 1.47115 -0.094267 -0.184677 1.46838 -0.101405 -0.152968 1.44221 -0.077315 -0.152168 1.43588 -0.082362 -0.357604 1.31117 0.011337 -0.347732 1.32305 0.024669 -0.351233 1.32655 0.011337 -0.352654 1.31117 0.024669 -0.351233 1.32655 0.011337 -0.335851 1.32797 0.024669 -0.335851 1.33292 0.011337 -0.347732 1.32305 0.024669 -0.335851 1.33292 0.011337 -0.32397 1.32305 0.024669 -0.32047 1.32655 0.011337 -0.335851 1.32797 0.024669 -0.32047 1.32655 0.011337 -0.319049 1.31117 0.024669 -0.314099 1.31117 0.011337 -0.32397 1.32305 0.024669 -0.314099 1.31117 0.011337 -0.32397 1.29929 0.024669 -0.32047 1.29579 0.011337 -0.319049 1.31117 0.024669 -0.32047 1.29579 0.011337 -0.335851 1.29437 0.024669 -0.335851 1.28942 0.011337 -0.32397 1.29929 0.024669 -0.335851 1.28942 0.011337 -0.347732 1.29929 0.024669 -0.351233 1.29579 0.011337 -0.335851 1.29437 0.024669 -0.351233 1.29579 0.011337 -0.352654 1.31117 0.024669 -0.357604 1.31117 0.011337 -0.347732 1.29929 0.024669 -0.32397 1.32305 0.024669 -0.32397 1.29929 0.024669 -0.319049 1.31117 0.024669 -0.335851 1.32797 0.024669 -0.347732 1.32305 0.024669 -0.335851 1.29437 0.024669 -0.347732 1.29929 0.024669 -0.352654 1.31117 0.024669 -0.323277 1.3455 0.011337 -0.313406 1.35738 0.024669 -0.316906 1.36088 0.011337 -0.318328 1.3455 0.024669 -0.316906 1.36088 0.011337 -0.301525 1.3623 0.024669 -0.301525 1.36725 0.011337 -0.313406 1.35738 0.024669 -0.301525 1.36725 0.011337 -0.289644 1.35738 0.024669 -0.286144 1.36088 0.011337 -0.301525 1.3623 0.024669 -0.286144 1.36088 0.011337 -0.284723 1.3455 0.024669 -0.279773 1.3455 0.011337 -0.289644 1.35738 0.024669 -0.279773 1.3455 0.011337 -0.289644 1.33362 0.024669 -0.286144 1.33012 0.011337 -0.284723 1.3455 0.024669 -0.286144 1.33012 0.011337 -0.301525 1.3287 0.024669 -0.301525 1.32375 0.011337 -0.289644 1.33362 0.024669 -0.301525 1.32375 0.011337 -0.313406 1.33362 0.024669 -0.316906 1.33012 0.011337 -0.301525 1.3287 0.024669 -0.316906 1.33012 0.011337 -0.318328 1.3455 0.024669 -0.323277 1.3455 0.011337 -0.313406 1.33362 0.024669 -0.289644 1.35738 0.024669 -0.289644 1.33362 0.024669 -0.284723 1.3455 0.024669 -0.301525 1.3623 0.024669 -0.313406 1.35738 0.024669 -0.301525 1.3287 0.024669 -0.313406 1.33362 0.024669 -0.318328 1.3455 0.024669 -0.289387 1.37939 0.011337 -0.279516 1.39127 0.024669 -0.283016 1.39477 0.011337 -0.284437 1.37939 0.024669 -0.283016 1.39477 0.011337 -0.267635 1.39619 0.024669 -0.267635 1.40114 0.011337 -0.279516 1.39127 0.024669 -0.267635 1.40114 0.011337 -0.255754 1.39127 0.024669 -0.252254 1.39477 0.011337 -0.267635 1.39619 0.024669 -0.252254 1.39477 0.011337 -0.250832 1.37939 0.024669 -0.245883 1.37939 0.011337 -0.255754 1.39127 0.024669 -0.245883 1.37939 0.011337 -0.255754 1.36751 0.024669 -0.252254 1.36401 0.011337 -0.250832 1.37939 0.024669 -0.252254 1.36401 0.011337 -0.267635 1.36259 0.024669 -0.267635 1.35764 0.011337 -0.255754 1.36751 0.024669 -0.267635 1.35764 0.011337 -0.279516 1.36751 0.024669 -0.283016 1.36401 0.011337 -0.267635 1.36259 0.024669 -0.283016 1.36401 0.011337 -0.284437 1.37939 0.024669 -0.289387 1.37939 0.011337 -0.279516 1.36751 0.024669 -0.255754 1.39127 0.024669 -0.255754 1.36751 0.024669 -0.250832 1.37939 0.024669 -0.267635 1.39619 0.024669 -0.279516 1.39127 0.024669 -0.267635 1.36259 0.024669 -0.279516 1.36751 0.024669 -0.284437 1.37939 0.024669 -0.310919 1.29386 0.009644 -0.382434 1.30427 0.009644 -0.341471 1.26331 0.009644 -0.351881 1.33482 0.009644 -0.329704 1.25154 -0.002101 -0.299152 1.28209 -0.002101 -0.226218 1.37856 0.009644 -0.26718 1.41952 0.009644 -0.214451 1.36679 -0.002101 -0.28765 1.43999 -0.008119 -0.372351 1.35529 -0.008119 -0.351881 1.33482 -0.082421 -0.341471 1.26331 -0.082421 -0.382434 1.30427 -0.082421 -0.310919 1.29386 -0.082421 -0.299152 1.28209 -0.070675 -0.329704 1.25154 -0.070675 -0.214451 1.36679 -0.070675 -0.226218 1.37856 -0.082421 -0.26718 1.41952 -0.082421 -0.372351 1.35529 -0.064657 -0.28765 1.43999 -0.064657 -0.299152 1.28209 -0.070675 -0.329704 1.25154 -0.002101 -0.329704 1.25154 -0.070675 -0.299152 1.28209 -0.002101 -0.226218 1.37856 -0.082421 -0.214451 1.36679 -0.002101 -0.214451 1.36679 -0.070675 -0.226218 1.37856 0.009644 -0.26718 1.41952 -0.082421 -0.26718 1.41952 0.009644 -0.28765 1.43999 -0.064657 -0.28765 1.43999 -0.008119 -0.214451 1.36679 -0.070675 -0.299152 1.28209 -0.070675 -0.214451 1.36679 -0.002101 -0.28765 1.43999 -0.008119 -0.372351 1.35529 -0.064657 -0.372351 1.35529 -0.008119 -0.28765 1.43999 -0.064657 -0.382434 1.30427 0.009644 -0.315823 1.29256 -0.006906 -0.341471 1.26331 0.009644 -0.372351 1.35529 -0.008119 -0.329704 1.25154 -0.002101 -0.372351 1.35529 -0.064657 -0.341471 1.26331 -0.082421 -0.315823 1.29256 -0.065869 -0.382434 1.30427 -0.082421 -0.329704 1.25154 -0.070675 -0.329704 1.25154 -0.002101 -0.315823 1.29256 -0.065869 -0.329704 1.25154 -0.070675 -0.315823 1.29256 -0.006906 -0.372351 1.35529 -0.008119 -0.372351 1.35529 -0.064657 -0.277365 1.4261 0.01507 -0.319649 1.36497 0.023047 -0.275923 1.40869 0.023047 -0.294766 1.42754 0.007093 -0.338492 1.38381 0.007093 -0.33705 1.36641 0.01507 -0.294766 1.42754 0.007093 -0.335332 1.38065 -0.00037 -0.338492 1.38381 0.007093 -0.291607 1.42438 -0.00037 -0.272763 1.40553 0.015583 -0.319649 1.36497 0.023047 -0.316489 1.36181 0.015583 -0.275923 1.40869 0.023047 -0.33705 1.36641 0.01507 -0.335332 1.38065 -0.00037 -0.33389 1.36325 0.007606 -0.338492 1.38381 0.007093 -0.274205 1.42294 0.007606 -0.294766 1.42754 0.007093 -0.277365 1.4261 0.01507 -0.291607 1.42438 -0.00037 -0.319649 1.36497 0.023047 -0.33389 1.36325 0.007606 -0.316489 1.36181 0.015583 -0.33705 1.36641 0.01507 -0.272763 1.40553 0.015583 -0.277365 1.4261 0.01507 -0.275923 1.40869 0.023047 -0.274205 1.42294 0.007606 -0.304415 1.33992 -0.064576 -0.346095 1.27524 -0.065002 -0.369484 1.29863 -0.065002 -0.381178 1.31032 -0.036357 -0.325932 1.36144 -0.036388 -0.282899 1.31841 -0.036388 -0.369484 1.29863 -0.007711 -0.304415 1.33992 -0.0082 -0.346095 1.27524 -0.007711 -0.334401 1.26354 -0.036357 -0.428873 1.29973 -0.036388 -0.365672 1.23653 0.015214 -0.407806 1.27867 0.015214 -0.344606 1.21546 -0.036388 -0.407806 1.27867 -0.087991 -0.365672 1.23653 -0.087991 -0.399814 1.28697 -0.088352 -0.428873 1.29973 -0.036388 -0.421078 1.30823 -0.036266 -0.407806 1.27867 -0.087991 -0.357286 1.24444 -0.088352 -0.365672 1.23653 -0.087991 -0.336022 1.22318 -0.036266 -0.344606 1.21546 -0.036388 -0.357286 1.24444 0.015819 -0.365672 1.23653 0.015214 -0.399815 1.28697 0.015819 -0.407806 1.27867 0.015214 -0.638052 1.009 -0.069818 -0.595169 1.0099 -0.055718 -0.618362 0.99113 -0.053747 -0.61769 1.02876 -0.073277 -0.612774 0.985278 -0.030737 -0.587609 1.00491 -0.030577 -0.578879 1.02186 -0.018213 -0.605287 1.00027 -0.01942 -0.595711 1.05069 -0.005968 -0.621006 1.02599 -0.006526 -0.514491 1.13116 -0.136449 -0.419044 1.10637 -0.114762 -0.458291 1.09513 -0.089126 -0.49303 1.1528 -0.180047 -0.429736 1.0962 -0.029936 -0.37941 1.11011 -0.029489 -0.362756 1.15004 0.008179 -0.416886 1.12694 -0.001561 -0.414657 1.23089 0.057446 -0.454387 1.19114 0.029454 -0.495592 1.28294 0.008298 -0.518646 1.22875 -0.001471 -0.53567 1.26526 -0.029414 -0.548588 1.21592 -0.02988 -0.550458 1.18712 -0.089478 -0.539171 1.22658 -0.115198 -0.414657 1.23089 0.057446 -0.448486 1.28392 -0.006031 -0.495592 1.28294 0.008298 -0.393575 1.24964 0.023054 -0.410165 1.28963 -0.013656 -0.383125 1.26259 0.005699 -0.463346 1.28458 -0.030129 -0.414562 1.29402 -0.028542 -0.465615 1.26063 -0.074137 -0.539171 1.22658 -0.115198 -0.53567 1.26526 -0.029414 -0.407553 1.28701 -0.058995 -0.383158 1.26262 -0.079941 -0.435356 1.21275 -0.110621 -0.49303 1.1528 -0.180047 -0.419044 1.10637 -0.114762 -0.383829 1.18326 -0.078481 -0.358685 1.23815 -0.05881 -0.357253 1.18443 -0.032548 -0.351242 1.2307 -0.028571 -0.357204 1.19918 -0.005035 -0.356131 1.23559 -0.013703 -0.362756 1.15004 0.008179 -0.37941 1.11011 -0.029489 -0.624576 1.06756 -0.018174 -0.647219 1.0428 -0.018788 -0.65994 1.03531 -0.030714 -0.639828 1.05979 -0.030553 -0.636503 1.0512 -0.055871 -0.655867 1.02862 -0.053887 -0.639828 1.05979 -0.030553 -0.615968 1.07711 -0.057238 -0.636503 1.0512 -0.055871 -0.618683 1.08813 -0.030396 -0.595142 1.05057 -0.077082 -0.61769 1.02876 -0.073277 -0.600495 1.09767 -0.016284 -0.624576 1.06756 -0.018174 -0.595711 1.05069 -0.005968 -0.567447 1.0782 -0.002313 -0.578879 1.02186 -0.018213 -0.548022 1.04519 -0.016329 -0.587609 1.00491 -0.030577 -0.557588 1.02624 -0.030424 -0.568496 1.02969 -0.057063 -0.595169 1.0099 -0.055718 -0.550458 1.18712 -0.089478 -0.574126 1.16606 -0.029594 -0.548588 1.21592 -0.02988 -0.572754 1.14609 -0.073348 -0.514491 1.13116 -0.136449 -0.542573 1.1031 -0.104279 -0.518646 1.22875 -0.001471 -0.549757 1.1769 -0.007619 -0.499172 1.14641 0.01184 -0.454387 1.19114 0.029454 -0.458291 1.09513 -0.089126 -0.499419 1.07286 -0.073075 -0.481141 1.06917 -0.029637 -0.429736 1.0962 -0.029936 -0.468758 1.09588 -0.007689 -0.416886 1.12694 -0.001561 -0.572754 1.14609 -0.073348 -0.596967 1.12383 -0.029967 -0.574126 1.16606 -0.029594 -0.594547 1.10933 -0.063556 -0.542573 1.1031 -0.104279 -0.56961 1.07607 -0.087792 -0.549757 1.1769 -0.007619 -0.576562 1.13355 -0.01274 -0.536326 1.10928 0.002704 -0.499172 1.14641 0.01184 -0.499419 1.07286 -0.073075 -0.536228 1.05108 -0.063343 -0.524039 1.04572 -0.030001 -0.481141 1.06917 -0.029637 -0.512123 1.06909 -0.012795 -0.468758 1.09588 -0.007689 -0.618683 1.08813 -0.030396 -0.594547 1.10933 -0.063556 -0.615968 1.07711 -0.057238 -0.596967 1.12383 -0.029967 -0.56961 1.07607 -0.087792 -0.595142 1.05057 -0.077082 -0.600495 1.09767 -0.016284 -0.576562 1.13355 -0.01274 -0.567447 1.0782 -0.002313 -0.536326 1.10928 0.002704 -0.536228 1.05108 -0.063343 -0.568496 1.02969 -0.057063 -0.524039 1.04572 -0.030001 -0.557588 1.02624 -0.030424 -0.548022 1.04519 -0.016329 -0.512123 1.06909 -0.012795 -0.687719 1.00881 -0.030694 -0.655867 1.02862 -0.053887 -0.682218 1.00331 -0.054689 -0.65994 1.03531 -0.030714 -0.638052 1.009 -0.069818 -0.662996 0.984084 -0.071193 -0.675248 1.01439 -0.018965 -0.647219 1.0428 -0.018788 -0.653942 0.993086 -0.004807 -0.621006 1.02599 -0.006526 -0.618362 0.99113 -0.053747 -0.643714 0.964802 -0.054543 -0.612774 0.985278 -0.030737 -0.637818 0.958925 -0.030717 -0.605287 1.00027 -0.01942 -0.632673 0.971817 -0.019002 -0.643714 0.964802 -0.054543 -0.640865 1.00699 -0.037447 -0.662996 0.984084 -0.071193 -0.675248 1.01439 -0.018965 -0.640865 1.00699 -0.037447 -0.653942 0.993086 -0.004807 -0.682218 1.00331 -0.054689 -0.640865 1.00699 -0.037447 -0.687719 1.00881 -0.030694 -0.662996 0.984084 -0.071193 -0.640865 1.00699 -0.037447 -0.682218 1.00331 -0.054689 -0.687719 1.00881 -0.030694 -0.640865 1.00699 -0.037447 -0.675248 1.01439 -0.018965 -0.653942 0.993086 -0.004807 -0.640865 1.00699 -0.037447 -0.632673 0.971817 -0.019002 -0.637818 0.958925 -0.030717 -0.640865 1.00699 -0.037447 -0.643714 0.964802 -0.054543 -0.632673 0.971817 -0.019002 -0.640865 1.00699 -0.037447 -0.637818 0.958925 -0.030717 -0.284532 1.34314 0.028158 -0.269486 1.31373 0.024045 -0.29198 1.33607 0.024351 -0.260484 1.31922 0.027332 -0.286307 1.34503 0.027464 -0.287708 1.34632 0.024669 -0.291972 1.35658 0.024669 -0.287216 1.35218 0.035357 -0.302227 1.36082 0.024669 -0.294328 1.35352 0.043206 -0.312488 1.35657 0.024669 -0.303491 1.34828 0.046433 -0.284541 1.34314 0.047357 -0.281533 1.34614 0.037768 -0.253503 1.31815 0.035252 -0.252613 1.31117 0.043163 -0.291797 1.33588 0.051332 -0.258312 1.30232 0.046442 -0.248645 1.31326 0.03107 -0.245699 1.3043 0.036656 -0.238993 1.30451 -0.010739 -0.234723 1.29396 -0.008867 -0.250486 1.29457 0.038971 -0.239228 1.28331 -0.008093 -0.257585 1.3162 0.025471 -0.267277 1.31136 0.023148 -0.260209 1.30429 -0.013395 -0.249549 1.3088 -0.012615 -0.243587 1.31132 -0.089045 -0.23892 1.29969 -0.091304 -0.243947 1.28792 -0.092244 -0.267036 1.31101 -0.085852 -0.25523 1.31603 -0.086786 -0.252702 1.32213 -0.127054 -0.248652 1.31062 -0.133058 -0.254455 1.29843 -0.135571 -0.276531 1.32051 -0.118599 -0.264247 1.32624 -0.121062 -0.281907 1.3581 -0.179158 -0.279091 1.34597 -0.191116 -0.286995 1.33141 -0.195879 -0.307836 1.35225 -0.161755 -0.293809 1.36071 -0.16699 -0.536415 1.64389 -0.500635 -0.534624 1.59632 -0.495306 -0.550455 1.67783 -0.475809 -0.568558 1.67832 -0.435296 -0.580108 1.64497 -0.402837 -0.299058 1.32862 0.047349 -0.258312 1.30232 0.046442 -0.291797 1.33588 0.051332 -0.267274 1.29679 0.043151 -0.303491 1.34828 0.046433 -0.309339 1.33952 0.043133 -0.316739 1.3463 0.024669 -0.312488 1.35657 0.024669 -0.312483 1.33604 0.024669 -0.308436 1.33237 0.035245 -0.302225 1.33179 0.024669 -0.301322 1.33101 0.02739 -0.299055 1.32862 0.028149 -0.302061 1.32562 0.037746 -0.274238 1.29783 0.035227 -0.275151 1.30484 0.027319 -0.269189 1.29274 0.031058 -0.272116 1.30168 0.025466 -0.260449 1.2831 -0.010747 -0.264722 1.29365 -0.01262 -0.260224 1.28978 0.036651 -0.250486 1.29457 0.038971 -0.239228 1.28331 -0.008093 -0.249892 1.27881 -0.008872 -0.267387 1.28759 -0.089054 -0.272064 1.29923 -0.086793 -0.243947 1.28792 -0.092244 -0.255745 1.2829 -0.091312 -0.278277 1.29679 -0.127124 -0.282335 1.3083 -0.121114 -0.254455 1.29843 -0.135571 -0.266734 1.29269 -0.133113 -0.312915 1.32556 -0.178473 -0.315743 1.33769 -0.166519 -0.286995 1.33141 -0.195879 -0.301013 1.32295 -0.190635 -0.578314 1.59738 -0.397509 -0.564261 1.56344 -0.422367 -0.546165 1.56297 -0.462865 -0.534624 1.59632 -0.495306 -0.534624 1.59632 -0.495306 -0.551026 1.64446 -0.496742 -0.536415 1.64389 -0.500635 -0.54949 1.60616 -0.49238 -0.550455 1.67783 -0.475809 -0.562344 1.67176 -0.476806 -0.576846 1.67213 -0.444192 -0.568558 1.67832 -0.435296 -0.580108 1.64497 -0.402837 -0.586026 1.64526 -0.418011 -0.584488 1.60695 -0.41365 -0.578314 1.59738 -0.397509 -0.564261 1.56344 -0.422367 -0.573158 1.57964 -0.433611 -0.558663 1.5793 -0.466215 -0.546165 1.56297 -0.462865 -0.534624 1.59632 -0.495306 -0.54949 1.60616 -0.49238 -0.558663 1.5793 -0.466215 -0.46779 1.5269 -0.361811 -0.54949 1.60616 -0.49238 -0.573158 1.57964 -0.433611 -0.584488 1.60695 -0.41365 -0.586026 1.64526 -0.418011 -0.576846 1.67213 -0.444192 -0.562344 1.67176 -0.476806 -0.551026 1.64446 -0.496742 -0.708374 0.909333 -0.007358 -0.736407 0.912891 0.013195 -0.728917 0.907811 0.008153 -0.702186 0.918927 0.012401 -0.68224 0.927735 -0.004143 -0.658951 0.941659 -0.020861 -0.682527 0.936496 -0.03253 -0.67502 0.917689 0.004011 -0.696072 0.899362 0.019383 -0.675577 0.900742 0.011885 -0.657943 0.925543 0.017386 -0.662269 0.902977 0.029091 -0.644681 0.957439 -0.002343 -0.645874 0.968234 -0.036152 -0.64869 0.97105 -0.012042 -0.725951 0.904872 -0.000718 -0.729896 0.906499 -0.009546 -0.708987 0.911827 -0.041226 -0.705928 0.922481 -0.070621 -0.64869 0.97105 -0.060262 -0.692809 0.939337 -0.077842 -0.661947 0.984307 -0.066946 -0.694665 0.954793 -0.087637 -0.674187 0.996547 -0.060262 -0.704769 0.969345 -0.076912 -0.721583 0.918228 -0.089163 -0.731343 0.926294 -0.093473 -0.740948 0.930982 -0.089929 -0.719871 0.915491 -0.081869 -0.745891 0.931959 -0.0813 -0.749521 0.941495 -0.069434 -0.742953 0.928196 -0.072521 -0.74594 0.92983 -0.068817 -0.737503 0.927098 -0.070288 -0.756329 0.935003 -0.057747 -0.755544 0.946392 -0.040361 -0.753546 0.930554 -0.046344 -0.753701 0.929955 -0.04089 -0.760116 0.931371 -0.029775 -0.753158 0.93984 -0.006341 -0.757308 0.92663 -0.017011 -0.7546 0.923473 -0.011244 -0.756936 0.92545 -0.000582 -0.71151 0.934189 0.026009 -0.746211 0.91889 -0.013835 -0.742045 0.923503 -0.042521 -0.716511 0.973344 -0.002093 -0.685241 0.980511 0.016441 -0.691205 0.941383 0.039368 -0.686692 0.902449 0.049951 -0.696889 0.900635 0.036708 -0.696072 0.899362 0.019383 -0.702186 0.918927 0.012401 -0.751694 0.923298 0.009962 -0.667784 0.938417 0.032469 -0.66098 0.97147 0.014494 -0.670938 0.90341 0.044161 -0.662269 0.902977 0.029091 -0.657943 0.925543 0.017386 -0.644681 0.957439 -0.002343 -0.674187 0.996547 -0.012042 -0.722374 0.977724 -0.034473 -0.680215 1.00258 -0.036152 -0.712089 0.973768 -0.061912 -0.659089 0.981449 -0.005358 -0.64869 0.97105 -0.012042 -0.63616 1.02482 -0.022647 -0.64039 1.02737 -0.036152 -0.637841 1.02314 -0.049658 -0.621823 1.01048 -0.022647 -0.623504 1.0088 -0.049658 -0.621079 1.00806 -0.036152 -0.621823 1.01048 -0.022647 -0.736407 0.912891 0.013195 -0.723035 0.913259 -0.064598 -0.737503 0.927098 -0.070288 -0.723253 0.915906 -0.074658 -0.720942 0.909807 -0.055662 -0.725763 0.910829 -0.047271 -0.724956 0.905776 -0.028204 -0.727106 0.909309 -0.037094 -0.742045 0.923503 -0.042521 -0.729641 0.906906 -0.019665 -0.746211 0.91889 -0.013835 -0.760116 0.931371 -0.029775 -0.762987 0.885207 -0.037677 -0.771427 0.890635 -0.029059 -0.753701 0.929955 -0.04089 -0.712435 0.814056 -0.029053 -0.74427 0.828928 -0.036607 -0.709975 0.822464 -0.036985 -0.753701 0.929955 -0.04089 -0.753891 0.878972 -0.041614 -0.762987 0.885207 -0.037677 -0.742045 0.923503 -0.042521 -0.727106 0.909309 -0.037094 -0.739903 0.868294 -0.029045 -0.74525 0.873014 -0.036974 -0.724956 0.905776 -0.028204 -0.685855 0.812843 -0.029053 -0.712435 0.814056 -0.029053 -0.709975 0.822464 -0.036985 -0.742045 0.923503 -0.042521 -0.74525 0.873014 -0.036974 -0.753891 0.878972 -0.041614 -0.727106 0.909309 -0.037094 -0.709975 0.822464 -0.036985 -0.738422 0.835495 -0.040159 -0.732574 0.842063 -0.036064 -0.706755 0.832371 -0.029053 -0.709975 0.822464 -0.036985 -0.732574 0.842063 -0.036064 -0.685855 0.812843 -0.029053 -0.709975 0.822464 -0.036985 -0.695537 0.824951 -0.029053 -0.695537 0.824951 -0.029053 -0.709975 0.822464 -0.036985 -0.706755 0.832371 -0.029053 -0.760116 0.931371 -0.029775 -0.763208 0.884985 -0.020429 -0.757308 0.92663 -0.017011 -0.771427 0.890635 -0.029059 -0.774357 0.87308 -0.029053 -0.74427 0.828928 -0.021498 -0.764686 0.871395 -0.020592 -0.750117 0.822361 -0.029053 -0.712435 0.814056 -0.029053 -0.709975 0.822464 -0.02112 -0.74427 0.828928 -0.021498 -0.757308 0.92663 -0.017011 -0.75422 0.878643 -0.016396 -0.746211 0.91889 -0.013835 -0.763208 0.884985 -0.020429 -0.729641 0.906906 -0.019665 -0.739903 0.868294 -0.029045 -0.724956 0.905776 -0.028204 -0.745435 0.872829 -0.021106 -0.685855 0.812843 -0.029053 -0.709975 0.822464 -0.02112 -0.712435 0.814056 -0.029053 -0.746211 0.91889 -0.013835 -0.745435 0.872829 -0.021106 -0.729641 0.906906 -0.019665 -0.75422 0.878643 -0.016396 -0.709975 0.822464 -0.02112 -0.732574 0.842063 -0.022041 -0.738422 0.835495 -0.017946 -0.706755 0.832371 -0.029053 -0.732574 0.842063 -0.022041 -0.709975 0.822464 -0.02112 -0.685855 0.812843 -0.029053 -0.695537 0.824951 -0.029053 -0.709975 0.822464 -0.02112 -0.695537 0.824951 -0.029053 -0.706755 0.832371 -0.029053 -0.709975 0.822464 -0.02112 -0.756329 0.935003 -0.057747 -0.757341 0.891248 -0.064961 -0.766 0.896899 -0.056235 -0.74594 0.92983 -0.068817 -0.74594 0.92983 -0.068817 -0.748077 0.884855 -0.068959 -0.757341 0.891248 -0.064961 -0.737503 0.927098 -0.070288 -0.723035 0.913259 -0.064598 -0.733093 0.875326 -0.056204 -0.739229 0.87872 -0.064258 -0.720942 0.909807 -0.055662 -0.671308 0.838239 -0.056192 -0.696537 0.829786 -0.056192 -0.697275 0.838516 -0.064231 -0.696537 0.829786 -0.056192 -0.73373 0.844507 -0.063849 -0.697275 0.838516 -0.064231 -0.737503 0.927098 -0.070288 -0.739229 0.87872 -0.064258 -0.748077 0.884855 -0.068959 -0.723035 0.913259 -0.064598 -0.697275 0.838516 -0.064231 -0.728107 0.851268 -0.067449 -0.722484 0.858029 -0.063299 -0.697844 0.848918 -0.056192 -0.697275 0.838516 -0.064231 -0.722484 0.858029 -0.063299 -0.671308 0.838239 -0.056192 -0.697275 0.838516 -0.064231 -0.684705 0.846041 -0.056192 -0.684705 0.846041 -0.056192 -0.697275 0.838516 -0.064231 -0.697844 0.848918 -0.056192 -0.756329 0.935003 -0.057747 -0.75754 0.891049 -0.047498 -0.753546 0.930554 -0.046344 -0.766 0.896899 -0.056235 -0.753546 0.930554 -0.046344 -0.748339 0.884593 -0.043488 -0.742045 0.923503 -0.042521 -0.75754 0.891049 -0.047498 -0.725763 0.910829 -0.047271 -0.733093 0.875326 -0.056204 -0.720942 0.909807 -0.055662 -0.739395 0.878554 -0.048178 -0.671308 0.838239 -0.056192 -0.697275 0.838516 -0.048153 -0.696537 0.829786 -0.056192 -0.696537 0.829786 -0.056192 -0.697275 0.838516 -0.048153 -0.73373 0.844507 -0.048535 -0.742045 0.923503 -0.042521 -0.739395 0.878554 -0.048178 -0.725763 0.910829 -0.047271 -0.748339 0.884593 -0.043488 -0.697275 0.838516 -0.048153 -0.722484 0.858029 -0.049086 -0.728107 0.851268 -0.044935 -0.697844 0.848918 -0.056192 -0.722484 0.858029 -0.049086 -0.697275 0.838516 -0.048153 -0.671308 0.838239 -0.056192 -0.684705 0.846041 -0.056192 -0.697275 0.838516 -0.048153 -0.684705 0.846041 -0.056192 -0.697844 0.848918 -0.056192 -0.697275 0.838516 -0.048153 -0.745891 0.931959 -0.0813 -0.750921 0.897374 -0.088404 -0.759142 0.898101 -0.081072 -0.740948 0.930982 -0.089929 -0.740948 0.930982 -0.089929 -0.742082 0.895749 -0.091729 -0.750921 0.897374 -0.088404 -0.731343 0.926294 -0.093473 -0.721583 0.918228 -0.089163 -0.728912 0.893244 -0.081007 -0.733696 0.894451 -0.087788 -0.719871 0.915491 -0.081869 -0.674005 0.863447 -0.080966 -0.694832 0.855966 -0.080966 -0.695601 0.863212 -0.087698 -0.694832 0.855966 -0.080966 -0.724337 0.858432 -0.087378 -0.695601 0.863212 -0.087698 -0.731343 0.926294 -0.093473 -0.733696 0.894451 -0.087788 -0.742082 0.895749 -0.091729 -0.721583 0.918228 -0.089163 -0.695601 0.863212 -0.087698 -0.721387 0.865125 -0.090392 -0.718438 0.871818 -0.086917 -0.696261 0.87185 -0.080966 -0.695601 0.863212 -0.087698 -0.718438 0.871818 -0.086917 -0.674005 0.863447 -0.080966 -0.695601 0.863212 -0.087698 -0.685285 0.869694 -0.080966 -0.685285 0.869694 -0.080966 -0.695601 0.863212 -0.087698 -0.696261 0.87185 -0.080966 -0.745891 0.931959 -0.0813 -0.751171 0.897161 -0.073727 -0.742953 0.928196 -0.072521 -0.759142 0.898101 -0.081072 -0.742953 0.928196 -0.072521 -0.742412 0.895468 -0.070389 -0.737503 0.927098 -0.070288 -0.751171 0.897161 -0.073727 -0.723253 0.915906 -0.074658 -0.728912 0.893244 -0.081007 -0.719871 0.915491 -0.081869 -0.733904 0.894274 -0.074316 -0.674005 0.863447 -0.080966 -0.695601 0.863212 -0.074234 -0.694832 0.855966 -0.080966 -0.694832 0.855966 -0.080966 -0.695601 0.863212 -0.074234 -0.724337 0.858432 -0.074555 -0.737503 0.927098 -0.070288 -0.733904 0.894274 -0.074316 -0.723253 0.915906 -0.074658 -0.742412 0.895468 -0.070389 -0.695601 0.863212 -0.074234 -0.718438 0.871818 -0.075016 -0.721387 0.865125 -0.07154 -0.696261 0.87185 -0.080966 -0.718438 0.871818 -0.075016 -0.695601 0.863212 -0.074234 -0.674005 0.863447 -0.080966 -0.685285 0.869694 -0.080966 -0.695601 0.863212 -0.074234 -0.685285 0.869694 -0.080966 -0.696261 0.87185 -0.080966 -0.695601 0.863212 -0.074234 -0.756936 0.92545 -0.000582 -0.761089 0.887417 -0.010615 -0.769246 0.892966 -0.001786 -0.7546 0.923473 -0.011244 -0.707862 0.823462 -0.001913 -0.741519 0.833835 -0.009605 -0.706589 0.83213 -0.009989 -0.7546 0.923473 -0.011244 -0.751962 0.880901 -0.014541 -0.761089 0.887417 -0.010615 -0.746211 0.91889 -0.013835 -0.729896 0.906499 -0.009546 -0.737361 0.871144 -0.001856 -0.743186 0.875003 -0.009892 -0.725951 0.904872 -0.000718 -0.68137 0.825938 -0.001913 -0.707862 0.823462 -0.001913 -0.706589 0.83213 -0.009989 -0.746211 0.91889 -0.013835 -0.743186 0.875003 -0.009892 -0.751962 0.880901 -0.014541 -0.729896 0.906499 -0.009546 -0.706589 0.83213 -0.009989 -0.736542 0.841084 -0.013221 -0.731564 0.848334 -0.009052 -0.70477 0.842387 -0.001913 -0.706589 0.83213 -0.009989 -0.731564 0.848334 -0.009052 -0.68137 0.825938 -0.001913 -0.706589 0.83213 -0.009989 -0.692634 0.83659 -0.001913 -0.692634 0.83659 -0.001913 -0.706589 0.83213 -0.009989 -0.70477 0.842387 -0.001913 -0.756936 0.92545 -0.000582 -0.760963 0.887544 0.007035 -0.751694 0.923298 0.009962 -0.769246 0.892966 -0.001786 -0.707862 0.823462 -0.001913 -0.706589 0.83213 0.006162 -0.741519 0.833835 0.005778 -0.751694 0.923298 0.009962 -0.751754 0.881109 0.011029 -0.736407 0.912891 0.013195 -0.760963 0.887544 0.007035 -0.728917 0.907811 0.008153 -0.737361 0.871144 -0.001856 -0.725951 0.904872 -0.000718 -0.74308 0.875108 0.006298 -0.68137 0.825938 -0.001913 -0.706589 0.83213 0.006162 -0.707862 0.823462 -0.001913 -0.736407 0.912891 0.013195 -0.74308 0.875108 0.006298 -0.728917 0.907811 0.008153 -0.751754 0.881109 0.011029 -0.706589 0.83213 0.006162 -0.731564 0.848334 0.005225 -0.736542 0.841084 0.009394 -0.70477 0.842387 -0.001913 -0.731564 0.848334 0.005225 -0.706589 0.83213 0.006162 -0.68137 0.825938 -0.001913 -0.692634 0.83659 -0.001913 -0.706589 0.83213 0.006162 -0.692634 0.83659 -0.001913 -0.70477 0.842387 -0.001913 -0.706589 0.83213 0.006162 -0.662269 0.902977 0.029091 -0.670938 0.90341 0.044161 -0.659989 0.867884 0.012406 -0.672896 0.857837 0.018522 -0.660738 0.85524 -0.022843 -0.686692 0.902449 0.049951 -0.686692 0.902449 0.049951 -0.696889 0.900635 0.036708 -0.672896 0.857837 0.018522 -0.682339 0.865493 0.005988 -0.696072 0.899362 0.019383 -0.660738 0.85524 -0.022843 -0.696072 0.899362 0.019383 -0.669432 0.87554 -0.000127 -0.682339 0.865493 0.005988 -0.660738 0.85524 -0.022843 -0.675577 0.900742 0.011885 -0.662269 0.902977 0.029091 -0.659989 0.867884 0.012406 -0.669432 0.87554 -0.000127 -0.660738 0.85524 -0.022843 -0.675577 0.900742 0.011885 -0.696072 0.899362 0.019383 -0.662269 0.902977 0.029091 -0.675577 0.900742 0.011885 -0.696889 0.900635 0.036708 -0.670938 0.90341 0.044161 -0.686692 0.902449 0.049951 -0.251536 1.37672 0.029774 -0.236122 1.34847 0.024072 -0.258245 1.37038 0.024525 -0.227813 1.35333 0.028974 -0.253191 1.37866 0.029103 -0.254099 1.38047 0.024856 -0.258332 1.39053 0.02481 -0.255147 1.38462 0.037593 -0.268423 1.39464 0.024732 -0.263101 1.38497 0.044661 -0.27848 1.39042 0.024667 -0.272409 1.37952 0.046184 -0.25402 1.37424 0.048679 -0.249874 1.37839 0.039927 -0.222022 1.35122 0.037454 -0.222122 1.34338 0.044544 -0.26155 1.36671 0.050927 -0.228033 1.33438 0.046103 -0.216711 1.34695 0.033332 -0.214493 1.33747 0.038141 -0.201717 1.34376 -0.008245 -0.197709 1.33319 -0.00714 -0.219385 1.32773 0.038753 -0.202122 1.32274 -0.008126 -0.224725 1.35061 0.027128 -0.233836 1.34626 0.023172 -0.222075 1.34405 -0.013303 -0.211809 1.34827 -0.010798 -0.19565 1.35917 -0.085889 -0.190645 1.34788 -0.089099 -0.195446 1.33633 -0.092149 -0.219375 1.3586 -0.085492 -0.207549 1.36363 -0.084392 -0.20022 1.37451 -0.122319 -0.195389 1.36382 -0.12923 -0.20076 1.35207 -0.133951 -0.224897 1.37198 -0.117005 -0.21244 1.3779 -0.11725 -0.222449 1.41694 -0.171997 -0.217961 1.40603 -0.18531 -0.225327 1.3918 -0.192985 -0.251118 1.40896 -0.158358 -0.236179 1.41816 -0.160825 -0.371571 1.64304 -0.40228 -0.371473 1.59738 -0.403704 -0.410044 1.66801 -0.340464 -0.387529 1.67228 -0.376115 -0.425916 1.63263 -0.316232 -0.26806 1.3602 0.045336 -0.228033 1.33438 0.046103 -0.26155 1.36671 0.050927 -0.236303 1.32949 0.041197 -0.272409 1.37952 0.046184 -0.277618 1.37144 0.041255 -0.282609 1.38031 0.024654 -0.27848 1.39042 0.024667 -0.278383 1.37026 0.0247 -0.275668 1.36548 0.032769 -0.268289 1.36613 0.024779 -0.267712 1.36512 0.025696 -0.265582 1.36268 0.026429 -0.269726 1.35853 0.035189 -0.242077 1.33157 0.032713 -0.242 1.33943 0.025625 -0.23658 1.32711 0.028602 -0.238779 1.33656 0.023786 -0.222485 1.32303 -0.013182 -0.226495 1.3336 -0.014289 -0.228541 1.32344 0.0348 -0.219385 1.32773 0.038753 -0.202122 1.32274 -0.008126 -0.212392 1.31853 -0.010631 -0.219162 1.33575 -0.091755 -0.224178 1.34705 -0.088544 -0.195446 1.33633 -0.092149 -0.207265 1.3313 -0.09325 -0.22543 1.34953 -0.128646 -0.230269 1.36022 -0.12173 -0.20076 1.35207 -0.133951 -0.213212 1.34615 -0.13371 -0.253988 1.38382 -0.179342 -0.258487 1.39474 -0.166035 -0.225327 1.3918 -0.192985 -0.240258 1.3826 -0.190507 -0.425815 1.58693 -0.317661 -0.387334 1.562 -0.379489 -0.40984 1.5577 -0.343854 -0.371473 1.59738 -0.403704 -0.396937 1.57812 -0.380703 -0.324439 1.51138 -0.277131 -0.384805 1.60574 -0.399704 -0.414326 1.5747 -0.352921 -0.426794 1.59745 -0.33262 -0.427046 1.63308 -0.331676 -0.414907 1.66071 -0.35069 -0.39751 1.6641 -0.378484 -0.385056 1.64135 -0.398763 -0.425916 1.63263 -0.316232 -0.414907 1.66071 -0.35069 -0.427046 1.63308 -0.331676 -0.410044 1.66801 -0.340464 -0.387529 1.67228 -0.376115 -0.39751 1.6641 -0.378484 -0.371571 1.64304 -0.40228 -0.385056 1.64135 -0.398763 -0.371473 1.59738 -0.403704 -0.384805 1.60574 -0.399704 -0.387334 1.562 -0.379489 -0.384805 1.60574 -0.399704 -0.371473 1.59738 -0.403704 -0.396937 1.57812 -0.380703 -0.40984 1.5577 -0.343854 -0.414326 1.5747 -0.352921 -0.425815 1.58693 -0.317661 -0.426794 1.59745 -0.33262 -0.318479 1.30912 0.027652 -0.303956 1.27946 0.025252 -0.326597 1.30139 0.024513 -0.294692 1.28524 0.026824 -0.320334 1.3109 0.026956 -0.32199 1.31142 0.024796 -0.325862 1.32176 0.024834 -0.320255 1.31899 0.034013 -0.335895 1.32633 0.024922 -0.326255 1.32139 0.042405 -0.346234 1.32247 0.02501 -0.334831 1.31672 0.047237 -0.315984 1.31162 0.046561 -0.314291 1.31331 0.036426 -0.286767 1.28517 0.033945 -0.284805 1.2793 0.042435 -0.322566 1.30504 0.052143 -0.289931 1.27105 0.047336 -0.282485 1.27976 0.029831 -0.278784 1.27163 0.036022 -0.278354 1.26537 -0.012464 -0.273811 1.25516 -0.00993 -0.283129 1.26237 0.039969 -0.278079 1.24477 -0.007437 -0.292054 1.282 0.025005 -0.301877 1.277 0.024387 -0.299656 1.26499 -0.012568 -0.289058 1.26946 -0.013559 -0.292387 1.26359 -0.090127 -0.287962 1.25171 -0.091588 -0.292999 1.23993 -0.090488 -0.315278 1.26385 -0.083927 -0.303699 1.26863 -0.086954 -0.306188 1.26981 -0.127325 -0.30285 1.25762 -0.132398 -0.34151 1.29915 -0.178804 -0.34009 1.28562 -0.189444 -0.308846 1.24525 -0.132693 -0.348414 1.27063 -0.191377 -0.316917 1.2747 -0.120432 -0.351854 1.30333 -0.165671 -0.365076 1.29568 -0.157749 -0.32876 1.26939 -0.115759 -0.552246 1.46424 -0.41464 -0.548136 1.41851 -0.403631 -0.56433 1.50044 -0.39314 -0.577341 1.50595 -0.351656 -0.583642 1.47745 -0.314486 -0.330192 1.29741 0.049889 -0.289931 1.27105 0.047336 -0.322566 1.30504 0.052143 -0.299156 1.26524 0.04576 -0.334831 1.31672 0.047237 -0.340961 1.30768 0.045667 -0.350818 1.31242 0.025046 -0.346234 1.32247 0.02501 -0.346954 1.30208 0.025008 -0.341045 1.2996 0.038616 -0.336918 1.2975 0.024919 -0.335045 1.29719 0.030219 -0.332692 1.29491 0.03098 -0.334382 1.29322 0.041122 -0.307065 1.26529 0.038636 -0.309049 1.27117 0.030149 -0.302591 1.25968 0.034535 -0.306274 1.26779 0.028338 -0.299385 1.24439 -0.007539 -0.303931 1.25461 -0.010074 -0.292998 1.25742 0.039354 -0.283129 1.26237 0.039969 -0.278079 1.24477 -0.007437 -0.28868 1.24031 -0.006446 -0.315882 1.24017 -0.08429 -0.320317 1.25205 -0.082826 -0.292999 1.23993 -0.090488 -0.304571 1.23515 -0.087463 -0.308846 1.24525 -0.132693 -0.320685 1.23994 -0.128025 -0.348414 1.27063 -0.191377 -0.361626 1.26298 -0.183448 -0.371971 1.26716 -0.170321 -0.331413 1.24482 -0.121134 -0.334758 1.25701 -0.116055 -0.373403 1.2807 -0.159684 -0.579528 1.43169 -0.303475 -0.567434 1.39549 -0.325008 -0.554431 1.39001 -0.366481 -0.548136 1.41851 -0.403631 -0.548136 1.41851 -0.403631 -0.565103 1.46409 -0.41049 -0.552246 1.46424 -0.41464 -0.561514 1.42705 -0.401424 -0.56433 1.50044 -0.39314 -0.574959 1.49336 -0.393173 -0.585333 1.49776 -0.359563 -0.577341 1.50595 -0.351656 -0.583642 1.47745 -0.314486 -0.590135 1.47463 -0.329343 -0.586543 1.43757 -0.320277 -0.579528 1.43169 -0.303475 -0.567434 1.39549 -0.325008 -0.576679 1.4083 -0.337619 -0.566312 1.40392 -0.371221 -0.554431 1.39001 -0.366481 -0.548136 1.41851 -0.403631 -0.561514 1.42705 -0.401424 -0.566312 1.40392 -0.371221 -0.469247 1.36787 -0.275899 -0.561514 1.42705 -0.401424 -0.576679 1.4083 -0.337619 -0.586543 1.43757 -0.320277 -0.590135 1.47463 -0.329343 -0.585333 1.49776 -0.359563 -0.574959 1.49336 -0.393173 -0.565103 1.46409 -0.41049 -0.35981 1.38382 -0.091517 -0.341842 1.3723 -0.099869 -0.37873 1.3332 -0.088172 -0.307515 1.41349 -0.115011 -0.329817 1.42886 -0.109634 -0.267255 1.44676 -0.142659 -0.29206 1.47798 -0.14176 -0.232054 1.46392 -0.170506 -0.33371 1.4798 -0.13053 -0.357694 1.4436 -0.111484 -0.309881 1.49473 -0.147867 -0.275747 1.49198 -0.164451 -0.38145 1.39397 -0.097156 -0.388632 1.36007 -0.091334 -0.423403 1.40367 -0.036399 -0.413021 1.35337 -0.066864 -0.42671 1.34878 -0.036399 -0.410029 1.40063 -0.072231 -0.38145 1.39397 -0.097156 -0.388632 1.36007 -0.091334 -0.409043 1.4644 -0.036399 -0.389917 1.4598 -0.085756 -0.394539 1.50989 -0.036399 -0.373577 1.50232 -0.098691 -0.33371 1.4798 -0.13053 -0.357694 1.4436 -0.111484 -0.332082 1.60525 -0.036399 -0.312644 1.59186 -0.106639 -0.309881 1.49473 -0.147867 -0.264636 1.55958 -0.15186 -0.244359 1.63976 -0.036399 -0.232525 1.62744 -0.096991 -0.202553 1.59868 -0.126618 -0.180853 1.57306 -0.138613 -0.228301 1.52768 -0.163673 -0.199186 1.50126 -0.165105 -0.232054 1.46392 -0.170506 -0.275747 1.49198 -0.164451 -0.16105 1.5525 -0.143165 -0.200159 1.61311 -0.09035 -0.186315 1.59843 -0.103793 -0.158397 1.56418 -0.115088 -0.200885 1.61607 -0.036399 -0.37873 1.3332 -0.088172 -0.411593 1.29891 -0.036399 -0.375078 1.39813 -0.036399 -0.411593 1.29891 -0.036399 -0.37873 1.3332 -0.088172 -0.341842 1.3723 -0.099869 -0.307515 1.41349 -0.115011 -0.267255 1.44676 -0.142659 -0.299772 1.52644 -0.036399 -0.232054 1.46392 -0.170506 -0.199186 1.50126 -0.165105 -0.16105 1.5525 -0.143165 -0.158397 1.56418 -0.115088 -0.186315 1.59843 -0.103793 -0.200159 1.61311 -0.09035 -0.200885 1.61607 -0.036399 -0.35981 1.38382 0.018718 -0.37873 1.3332 0.015373 -0.341842 1.3723 0.02707 -0.307515 1.41349 0.042212 -0.329817 1.42886 0.036835 -0.267255 1.44676 0.069859 -0.29206 1.47798 0.068961 -0.232054 1.46392 0.097706 -0.33371 1.4798 0.05773 -0.357694 1.4436 0.038685 -0.309881 1.49473 0.075067 -0.275747 1.49198 0.091652 -0.38145 1.39397 0.024357 -0.388632 1.36007 0.018535 -0.413021 1.35337 -0.005934 -0.410029 1.40063 -0.000567 -0.38145 1.39397 0.024357 -0.388632 1.36007 0.018535 -0.389917 1.4598 0.012957 -0.373577 1.50232 0.025892 -0.33371 1.4798 0.05773 -0.357694 1.4436 0.038685 -0.312644 1.59186 0.033839 -0.309881 1.49473 0.075067 -0.264636 1.55958 0.079061 -0.232525 1.62744 0.024192 -0.202553 1.59868 0.053819 -0.180853 1.57306 0.065813 -0.228301 1.52768 0.090874 -0.199186 1.50126 0.092306 -0.232054 1.46392 0.097706 -0.275747 1.49198 0.091652 -0.16105 1.5525 0.070365 -0.200159 1.61311 0.017551 -0.186315 1.59843 0.030993 -0.158397 1.56418 0.042289 -0.37873 1.3332 0.015373 -0.37873 1.3332 0.015373 -0.341842 1.3723 0.02707 -0.307515 1.41349 0.042212 -0.267255 1.44676 0.069859 -0.232054 1.46392 0.097706 -0.199186 1.50126 0.092306 -0.16105 1.5525 0.070365 -0.158397 1.56418 0.042289 -0.186315 1.59843 0.030993 -0.200159 1.61311 0.017551 -0.787872 0.832546 0.102058 -0.794429 0.879802 0.057737 -0.780525 0.834754 0.054361 -0.799739 0.870994 0.104939 -0.740295 0.811463 0.062912 -0.753537 0.812667 0.109356 -0.697305 0.823573 0.078379 -0.716845 0.823003 0.122557 -0.676737 0.86399 0.091702 -0.699292 0.857498 0.133928 -0.794794 0.819503 0.18053 -0.813616 0.857192 0.181114 -0.969981 0.743187 0.826991 -0.755506 0.814224 0.191869 -0.731259 0.846127 0.204882 -0.789368 0.889094 0.194128 -0.75008 0.883816 0.205466 -0.782185 0.905488 0.11631 -0.711158 0.895945 0.136809 -0.745494 0.915824 0.129511 -0.773862 0.920219 0.07106 -0.730871 0.932329 0.086527 -0.690641 0.909038 0.095077 -0.794429 0.879802 0.057737 -0.735583 0.871896 0.074719 -0.780525 0.834754 0.054361 -0.773862 0.920219 0.07106 -0.730871 0.932329 0.086527 -0.690641 0.909038 0.095077 -0.676737 0.86399 0.091702 -0.697305 0.823573 0.078379 -0.740295 0.811463 0.062912 -0.698153 0.905569 -0.112556 -0.675856 0.87009 -0.132442 -0.680341 0.883083 -0.110854 -0.708132 0.910835 -0.135528 -0.637962 0.901408 -0.115277 -0.659428 0.900366 -0.10138 -0.694765 0.880084 0.016525 -0.734268 0.815429 0.04451 -0.717066 0.861653 0.006423 -0.671557 0.867256 0.072917 -0.787682 0.882858 0.039404 -0.736061 0.885632 0.004607 -0.708132 0.910835 -0.135528 -0.661103 0.888427 -0.175024 -0.675856 0.87009 -0.132442 -0.683799 0.917079 -0.177194 -0.634456 0.910449 -0.162954 -0.637962 0.901408 -0.115277 -0.736061 0.885632 0.004607 -0.680341 0.883083 -0.110854 -0.717066 0.861653 0.006423 -0.698153 0.905569 -0.112556 -0.659428 0.900366 -0.10138 -0.694765 0.880084 0.016525 -0.676533 0.916432 -0.176785 -0.646606 0.92064 -0.21026 -0.660077 0.895658 -0.175212 -0.657213 0.9324 -0.168033 -0.640757 0.911626 -0.16646 -0.670238 0.942152 -0.118362 -0.67724 0.922852 -0.103083 -0.724971 0.934685 0.067811 -0.71376 0.904063 0.014709 -0.657152 0.939101 -0.165123 -0.670238 0.942152 -0.118362 -0.67724 0.922852 -0.103083 -0.71376 0.904063 0.014709 -0.76667 0.72572 0.041253 -0.779146 0.754448 0.078028 -0.782871 0.761707 0.042362 -0.768807 0.731484 0.077321 -0.729048 0.720666 0.052111 -0.7448 0.728259 0.084249 -0.707629 0.751598 0.064077 -0.731133 0.747997 0.091885 -0.792189 0.730878 0.203864 -0.765478 0.774186 0.085664 -0.761452 0.792639 0.054328 -0.741471 0.770961 0.092592 -0.723831 0.787585 0.065186 -0.710791 0.755475 0.045497 -0.727535 0.731295 0.036143 -0.722271 0.76927 -0.020528 -0.756943 0.735246 0.027655 -0.752865 0.787557 0.037876 -0.723456 0.783606 0.046364 -0.769608 0.763377 0.028522 -0.743504 1.02285 0.099308 -0.761197 0.984656 0.123008 -0.74753 1.00439 0.130644 -0.764923 0.991915 0.087341 -0.705882 1.01779 0.110165 -0.723523 1.00117 0.137572 -0.689681 0.981806 0.109057 -0.713184 0.978205 0.136865 -0.77424 0.961086 0.248843 -0.750859 0.961692 0.122301 -0.748721 0.955928 0.086232 -0.726852 0.958466 0.129229 -0.7111 0.950873 0.09709 -0.692843 0.985682 0.090476 -0.704323 0.999478 0.024451 -0.705508 1.01381 0.091343 -0.75166 0.993585 0.073502 -0.738995 0.965454 0.072635 -0.709586 0.961503 0.081122 -0.734916 1.01776 0.082856 -0.679157 0.917396 0.079128 -0.706975 0.944842 0.098066 -0.685495 0.913916 0.099468 -0.700638 0.948322 0.077726 -0.669731 0.862679 0.095613 -0.663393 0.866159 0.075274 -0.677799 0.984194 0.09098 -0.684137 0.980714 0.11132 -0.694537 1.02534 0.092804 -0.700875 1.02186 0.113145 -0.746694 0.95451 0.064434 -0.77884 0.926458 0.072528 -0.753032 0.95103 0.084774 -0.772502 0.929938 0.052189 -0.795846 0.883955 0.037048 -0.802183 0.880475 0.057388 -0.769862 0.992232 0.08658 -0.763524 0.995712 0.06624 -0.747121 1.02807 0.099798 -0.740783 1.03155 0.079458 -0.679157 0.917396 0.079128 -0.746694 0.95451 0.064434 -0.700638 0.948322 0.077726 -0.772502 0.929938 0.052189 -0.763524 0.995712 0.06624 -0.677799 0.984194 0.09098 -0.740783 1.03155 0.079458 -0.694537 1.02534 0.092804 -0.663393 0.866159 0.075274 -0.795846 0.883955 0.037048 -0.753032 0.95103 0.084774 -0.685495 0.913916 0.099468 -0.706975 0.944842 0.098066 -0.77884 0.926458 0.072528 -0.684137 0.980714 0.11132 -0.769862 0.992232 0.08658 -0.700875 1.02186 0.113145 -0.747121 1.02807 0.099798 -0.802183 0.880475 0.057388 -0.669731 0.862679 0.095613 -0.740783 1.03155 0.079458 -0.694537 1.02534 0.092804 -0.686737 0.820176 0.060133 -0.718883 0.792124 0.068227 -0.712545 0.795604 0.047887 -0.693074 0.816696 0.080473 -0.695715 0.754402 0.046082 -0.702053 0.750922 0.066422 -0.718456 0.71856 0.032864 -0.724793 0.71508 0.053203 -0.78642 0.829238 0.053533 -0.780082 0.832718 0.033193 -0.758601 0.801792 0.034595 -0.764939 0.798312 0.054935 -0.787778 0.76244 0.041681 -0.78144 0.76592 0.021342 -0.771039 0.721293 0.039857 -0.764702 0.724773 0.019517 -0.686737 0.820176 0.060133 -0.780082 0.832718 0.033193 -0.758601 0.801792 0.034595 -0.712545 0.795604 0.047887 -0.78144 0.76592 0.021342 -0.695715 0.754402 0.046082 -0.764702 0.724773 0.019517 -0.718456 0.71856 0.032864 -0.693074 0.816696 0.080473 -0.764939 0.798312 0.054935 -0.78642 0.829238 0.053533 -0.718883 0.792124 0.068227 -0.702053 0.750922 0.066422 -0.787778 0.76244 0.041681 -0.724793 0.71508 0.053203 -0.771039 0.721293 0.039857 -0.764702 0.724773 0.019517 -0.718456 0.71856 0.032864 -0.661103 0.888427 -0.175024 -0.657152 0.939101 -0.165123 -0.634456 0.910449 -0.162954 -0.683799 0.917079 -0.177194 0.183527 1.55177 0.021386 0.168436 1.53499 0.036679 0.173303 1.53012 0.021386 0.176451 1.55196 0.036679 0.151461 1.52697 0.036679 0.151648 1.51989 0.021386 0.132227 1.53408 0.036679 0.12711 1.52896 0.021386 0.174462 1.57631 0.021386 0.169345 1.57119 0.036679 0.150786 1.55264 0.029847 0.168436 1.53499 0.036679 0.176451 1.55196 0.036679 0.169345 1.57119 0.036679 0.151461 1.52697 0.036679 0.132227 1.53408 0.036679 0.149925 1.58538 0.021386 0.133136 1.57029 0.036679 0.150111 1.5783 0.036679 0.128269 1.57515 0.021386 0.125122 1.55331 0.036679 0.118045 1.5535 0.021386 0.133136 1.57029 0.036679 0.150111 1.5783 0.036679 0.125122 1.55331 0.036679 0.18299 1.55179 -0.090495 0.168147 1.53527 -0.105789 0.17603 1.55197 -0.105789 0.172934 1.53049 -0.090495 0.15145 1.52739 -0.105789 0.151634 1.52043 -0.090495 0.132532 1.53438 -0.105789 0.127498 1.52935 -0.090495 0.174074 1.57592 -0.090495 0.169041 1.57089 -0.105789 0.132532 1.53438 -0.105789 0.17603 1.55197 -0.105789 0.15145 1.52739 -0.105789 0.169041 1.57089 -0.105789 0.168147 1.53527 -0.105789 0.149939 1.58484 -0.090495 0.133425 1.57 -0.105789 0.128638 1.57478 -0.090495 0.150122 1.57788 -0.105789 0.125542 1.5533 -0.105789 0.118582 1.55348 -0.090495 0.150122 1.57788 -0.105789 0.125542 1.5533 -0.105789 0.133425 1.57 -0.105789 0.078679 1.546 -0.08102 0.144659 1.48002 0.012289 0.078679 1.546 0.012289 0.144659 1.48002 -0.08102 0.151041 1.4864 0.021314 0.151041 1.61836 0.021314 0.08506 1.55238 0.021314 0.217021 1.55238 0.021314 0.144659 1.62474 0.012289 0.078679 1.55876 -0.08102 0.078679 1.55876 0.012289 0.144659 1.62474 -0.08102 0.157422 1.48002 -0.08102 0.223402 1.546 0.012289 0.157422 1.48002 0.012289 0.223402 1.546 -0.08102 0.223402 1.55876 0.012289 0.157422 1.62474 -0.08102 0.157422 1.62474 0.012289 0.223402 1.55876 -0.08102 0.217021 1.55238 -0.090045 0.08506 1.55238 -0.090045 0.151041 1.61836 -0.090045 0.151041 1.4864 -0.090045 0.078679 1.546 0.012289 0.078679 1.55876 -0.08102 0.078679 1.546 -0.08102 0.078679 1.55876 0.012289 0.08506 1.55238 0.021314 0.144659 1.48002 0.012289 0.151041 1.4864 0.021314 0.078679 1.546 0.012289 0.078679 1.55876 0.012289 0.151041 1.61836 0.021314 0.144659 1.62474 0.012289 0.08506 1.55238 0.021314 0.157422 1.48002 0.012289 0.144659 1.48002 -0.08102 0.157422 1.48002 -0.08102 0.144659 1.48002 0.012289 0.151041 1.4864 0.021314 0.223402 1.546 0.012289 0.217021 1.55238 0.021314 0.157422 1.48002 0.012289 0.144659 1.62474 0.012289 0.157422 1.62474 -0.08102 0.144659 1.62474 -0.08102 0.157422 1.62474 0.012289 0.157422 1.62474 0.012289 0.217021 1.55238 0.021314 0.223402 1.55876 0.012289 0.151041 1.61836 0.021314 0.223402 1.55876 0.012289 0.223402 1.546 -0.08102 0.223402 1.55876 -0.08102 0.223402 1.546 0.012289 0.144659 1.62474 -0.08102 0.08506 1.55238 -0.090045 0.078679 1.55876 -0.08102 0.151041 1.61836 -0.090045 0.151041 1.61836 -0.090045 0.223402 1.55876 -0.08102 0.217021 1.55238 -0.090045 0.157422 1.62474 -0.08102 0.217021 1.55238 -0.090045 0.157422 1.48002 -0.08102 0.151041 1.4864 -0.090045 0.223402 1.546 -0.08102 0.078679 1.546 -0.08102 0.151041 1.4864 -0.090045 0.144659 1.48002 -0.08102 0.08506 1.55238 -0.090045 0.078679 1.55876 0.012289 0.078679 1.546 0.012289 0.08506 1.55238 0.021314 0.144659 1.48002 0.012289 0.157422 1.48002 0.012289 0.151041 1.4864 0.021314 0.157422 1.62474 0.012289 0.144659 1.62474 0.012289 0.151041 1.61836 0.021314 0.223402 1.546 0.012289 0.223402 1.55876 0.012289 0.217021 1.55238 0.021314 0.151041 1.61836 -0.090045 0.144659 1.62474 -0.08102 0.157422 1.62474 -0.08102 0.223402 1.546 -0.08102 0.217021 1.55238 -0.090045 0.223402 1.55876 -0.08102 0.078679 1.546 -0.08102 0.078679 1.55876 -0.08102 0.08506 1.55238 -0.090045 0.157422 1.48002 -0.08102 0.144659 1.48002 -0.08102 0.151041 1.4864 -0.090045 0.140579 1.45758 -0.075213 0.181909 1.47115 -0.094267 0.152969 1.44221 -0.077315 0.168032 1.48503 -0.091295 0.210848 1.50009 -0.077315 0.195486 1.51248 -0.075213 0.222835 1.51208 -0.036388 0.206857 1.52385 -0.036388 0.129207 1.4462 -0.036388 0.140981 1.43023 -0.036388 0.210848 1.50009 0.004538 0.195486 1.51248 0.002436 0.181909 1.47115 0.021491 0.168032 1.48503 0.018518 0.152969 1.44221 0.004538 0.140579 1.45758 0.002436 0.140579 1.45758 0.002436 0.206857 1.52385 -0.036388 0.129207 1.4462 -0.036388 0.195486 1.51248 0.002436 0.168032 1.48503 0.018518 0.195486 1.51248 -0.075213 0.140579 1.45758 -0.075213 0.168032 1.48503 -0.091295 0.22248 1.37567 -0.075213 0.249933 1.40313 -0.091295 0.249933 1.40313 -0.036388 0.277387 1.43058 -0.075213 0.277387 1.43058 0.002436 0.249933 1.40313 0.018518 0.22248 1.37567 0.002436 0.288759 1.44195 -0.036388 0.211108 1.3643 -0.036388 0.259306 1.45652 -0.08077 0.288759 1.44195 -0.036388 0.277387 1.43058 -0.075213 0.272305 1.46952 -0.036388 0.227923 1.42514 -0.099154 0.249933 1.40313 -0.091295 0.19654 1.39375 -0.08077 0.22248 1.37567 -0.075213 0.18354 1.38076 -0.036388 0.211108 1.3643 -0.036388 0.19654 1.39375 0.007993 0.22248 1.37567 0.002436 0.227923 1.42514 0.026377 0.249933 1.40313 0.018518 0.259306 1.45652 0.007993 0.277387 1.43058 0.002436 0.251802 1.49452 -0.036388 0.253817 1.45456 0.002729 0.265275 1.46602 -0.036388 0.238144 1.48087 0.010244 0.226157 1.4269 0.018932 0.20517 1.44789 0.029559 0.198497 1.39924 0.002729 0.172196 1.41492 0.010244 0.187039 1.38779 -0.036388 0.158537 1.40126 -0.036388 0.198497 1.39924 -0.075506 0.172196 1.41492 -0.08302 0.226157 1.4269 -0.091709 0.20517 1.44789 -0.102337 0.253817 1.45456 -0.075506 0.238144 1.48087 -0.08302 0.184677 1.46838 -0.101405 0.232865 1.4781 -0.077336 0.203911 1.44915 -0.094297 0.217185 1.50089 -0.082362 0.152168 1.43588 -0.082362 0.174957 1.4202 -0.077336 0.138703 1.42241 -0.036388 0.162963 1.4082 -0.036388 0.244858 1.4901 -0.036388 0.23065 1.51436 -0.036388 0.152168 1.43588 0.009585 0.174957 1.4202 0.004559 0.184677 1.46838 0.028628 0.203911 1.44915 0.02152 0.217185 1.50089 0.009585 0.232865 1.4781 0.004559 0.244858 1.4901 -0.036388 0.238144 1.48087 0.010244 0.251802 1.49452 -0.036388 0.232865 1.4781 0.004559 0.20517 1.44789 0.029559 0.203911 1.44915 0.02152 0.172196 1.41492 0.010244 0.174957 1.4202 0.004559 0.158537 1.40126 -0.036388 0.162963 1.4082 -0.036388 0.232865 1.4781 -0.077336 0.238144 1.48087 -0.08302 0.203911 1.44915 -0.094297 0.20517 1.44789 -0.102337 0.174957 1.4202 -0.077336 0.172196 1.41492 -0.08302 0.265275 1.46602 -0.036388 0.259306 1.45652 0.007993 0.272305 1.46952 -0.036388 0.253817 1.45456 0.002729 0.227923 1.42514 0.026377 0.226157 1.4269 0.018932 0.19654 1.39375 0.007993 0.198497 1.39924 0.002729 0.18354 1.38076 -0.036388 0.187039 1.38779 -0.036388 0.253817 1.45456 -0.075506 0.259306 1.45652 -0.08077 0.226157 1.4269 -0.091709 0.227923 1.42514 -0.099154 0.198497 1.39924 -0.075506 0.19654 1.39375 -0.08077 0.222835 1.51208 -0.036388 0.217185 1.50089 0.009585 0.23065 1.51436 -0.036388 0.210848 1.50009 0.004538 0.184677 1.46838 0.028628 0.181909 1.47115 0.021491 0.152168 1.43588 0.009585 0.152969 1.44221 0.004538 0.138703 1.42241 -0.036388 0.140981 1.43023 -0.036388 0.210848 1.50009 -0.077315 0.217185 1.50089 -0.082362 0.181909 1.47115 -0.094267 0.184677 1.46838 -0.101405 0.152969 1.44221 -0.077315 0.152168 1.43588 -0.082362 0.357604 1.31117 0.011337 0.347733 1.32305 0.024669 0.352654 1.31117 0.024669 0.351233 1.32655 0.011337 0.351233 1.32655 0.011337 0.335852 1.32797 0.024669 0.347733 1.32305 0.024669 0.335851 1.33292 0.011337 0.335851 1.33292 0.011337 0.32397 1.32305 0.024669 0.335852 1.32797 0.024669 0.32047 1.32655 0.011337 0.32047 1.32655 0.011337 0.319049 1.31117 0.024669 0.32397 1.32305 0.024669 0.314099 1.31117 0.011337 0.314099 1.31117 0.011337 0.32397 1.29929 0.024669 0.319049 1.31117 0.024669 0.32047 1.29579 0.011337 0.32047 1.29579 0.011337 0.335851 1.29437 0.024669 0.32397 1.29929 0.024669 0.335852 1.28942 0.011337 0.335852 1.28942 0.011337 0.347733 1.29929 0.024669 0.335851 1.29437 0.024669 0.351233 1.29579 0.011337 0.351233 1.29579 0.011337 0.352654 1.31117 0.024669 0.347733 1.29929 0.024669 0.357604 1.31117 0.011337 0.335852 1.32797 0.024669 0.32397 1.29929 0.024669 0.347733 1.32305 0.024669 0.32397 1.32305 0.024669 0.319049 1.31117 0.024669 0.347733 1.29929 0.024669 0.352654 1.31117 0.024669 0.335851 1.29437 0.024669 0.323278 1.3455 0.011337 0.313406 1.35738 0.024669 0.318328 1.3455 0.024669 0.316907 1.36088 0.011337 0.316907 1.36088 0.011337 0.301525 1.3623 0.024669 0.313406 1.35738 0.024669 0.301525 1.36725 0.011337 0.301525 1.36725 0.011337 0.289644 1.35738 0.024669 0.301525 1.3623 0.024669 0.286144 1.36088 0.011337 0.286144 1.36088 0.011337 0.284723 1.3455 0.024669 0.289644 1.35738 0.024669 0.279773 1.3455 0.011337 0.279773 1.3455 0.011337 0.289644 1.33362 0.024669 0.284723 1.3455 0.024669 0.286144 1.33012 0.011337 0.286144 1.33012 0.011337 0.301525 1.3287 0.024669 0.289644 1.33362 0.024669 0.301525 1.32375 0.011337 0.301525 1.32375 0.011337 0.313406 1.33362 0.024669 0.301525 1.3287 0.024669 0.316907 1.33012 0.011337 0.316907 1.33012 0.011337 0.318328 1.3455 0.024669 0.313406 1.33362 0.024669 0.323278 1.3455 0.011337 0.301525 1.3623 0.024669 0.289644 1.33362 0.024669 0.313406 1.35738 0.024669 0.289644 1.35738 0.024669 0.284723 1.3455 0.024669 0.313406 1.33362 0.024669 0.318328 1.3455 0.024669 0.301525 1.3287 0.024669 0.289387 1.37939 0.011337 0.279516 1.39127 0.024669 0.284438 1.37939 0.024669 0.283016 1.39477 0.011337 0.283016 1.39477 0.011337 0.267635 1.39619 0.024669 0.279516 1.39127 0.024669 0.267635 1.40114 0.011337 0.267635 1.40114 0.011337 0.255754 1.39127 0.024669 0.267635 1.39619 0.024669 0.252254 1.39477 0.011337 0.252254 1.39477 0.011337 0.250833 1.37939 0.024669 0.255754 1.39127 0.024669 0.245883 1.37939 0.011337 0.245883 1.37939 0.011337 0.255754 1.36751 0.024669 0.250833 1.37939 0.024669 0.252254 1.36401 0.011337 0.252254 1.36401 0.011337 0.267635 1.36259 0.024669 0.255754 1.36751 0.024669 0.267635 1.35764 0.011337 0.267635 1.35764 0.011337 0.279516 1.36751 0.024669 0.267635 1.36259 0.024669 0.283016 1.36401 0.011337 0.283016 1.36401 0.011337 0.284438 1.37939 0.024669 0.279516 1.36751 0.024669 0.289387 1.37939 0.011337 0.267635 1.39619 0.024669 0.255754 1.36751 0.024669 0.279516 1.39127 0.024669 0.255754 1.39127 0.024669 0.250833 1.37939 0.024669 0.279516 1.36751 0.024669 0.284438 1.37939 0.024669 0.267635 1.36259 0.024669 0.310919 1.29386 0.009644 0.382434 1.30427 0.009644 0.351881 1.33482 0.009644 0.341472 1.26331 0.009644 0.329704 1.25154 -0.002101 0.299152 1.28209 -0.002101 0.226218 1.37856 0.009644 0.26718 1.41952 0.009644 0.214451 1.36679 -0.002101 0.28765 1.43999 -0.008119 0.372351 1.35529 -0.008119 0.351881 1.33482 -0.082421 0.341472 1.26331 -0.082421 0.310919 1.29386 -0.082421 0.382434 1.30427 -0.082421 0.299152 1.28209 -0.070675 0.329704 1.25154 -0.070675 0.214451 1.36679 -0.070675 0.226218 1.37856 -0.082421 0.26718 1.41952 -0.082421 0.372351 1.35529 -0.064657 0.28765 1.43999 -0.064657 0.299152 1.28209 -0.070675 0.329704 1.25154 -0.002101 0.299152 1.28209 -0.002101 0.329704 1.25154 -0.070675 0.226218 1.37856 0.009644 0.214451 1.36679 -0.070675 0.214451 1.36679 -0.002101 0.226218 1.37856 -0.082421 0.26718 1.41952 0.009644 0.26718 1.41952 -0.082421 0.28765 1.43999 -0.008119 0.28765 1.43999 -0.064657 0.214451 1.36679 -0.070675 0.214451 1.36679 -0.002101 0.299152 1.28209 -0.070675 0.28765 1.43999 -0.008119 0.372351 1.35529 -0.064657 0.28765 1.43999 -0.064657 0.372351 1.35529 -0.008119 0.382434 1.30427 0.009644 0.315823 1.29256 -0.006906 0.372351 1.35529 -0.008119 0.341472 1.26331 0.009644 0.329704 1.25154 -0.002101 0.372351 1.35529 -0.064657 0.341472 1.26331 -0.082421 0.382434 1.30427 -0.082421 0.315823 1.29256 -0.065869 0.329704 1.25154 -0.070675 0.329704 1.25154 -0.002101 0.315823 1.29256 -0.065869 0.315823 1.29256 -0.006906 0.329704 1.25154 -0.070675 0.372351 1.35529 -0.008119 0.372351 1.35529 -0.064657 0.294767 1.42754 0.007093 0.33705 1.36641 0.01507 0.338492 1.38381 0.007093 0.319649 1.36497 0.023047 0.275923 1.40869 0.023047 0.277365 1.4261 0.01507 0.294767 1.42754 0.007093 0.335333 1.38065 -0.00037 0.291607 1.42438 -0.00037 0.338492 1.38381 0.007093 0.272763 1.40553 0.015583 0.319649 1.36497 0.023047 0.275923 1.40869 0.023047 0.316489 1.36181 0.015583 0.33705 1.36641 0.01507 0.335333 1.38065 -0.00037 0.338492 1.38381 0.007093 0.33389 1.36325 0.007606 0.274206 1.42294 0.007606 0.294767 1.42754 0.007093 0.291607 1.42438 -0.00037 0.277365 1.4261 0.01507 0.319649 1.36497 0.023047 0.33389 1.36325 0.007606 0.33705 1.36641 0.01507 0.316489 1.36181 0.015583 0.272763 1.40553 0.015583 0.277365 1.4261 0.01507 0.274206 1.42294 0.007606 0.275923 1.40869 0.023047 0.304415 1.33992 -0.064576 0.369484 1.29863 -0.065002 0.346095 1.27524 -0.065002 0.381179 1.31032 -0.036357 0.325932 1.36144 -0.036388 0.282899 1.31841 -0.036388 0.369484 1.29863 -0.007711 0.304415 1.33992 -0.0082 0.346095 1.27524 -0.007711 0.334401 1.26354 -0.036357 0.428873 1.29973 -0.036388 0.365673 1.23653 0.015214 0.344606 1.21547 -0.036388 0.407806 1.27867 0.015214 0.407806 1.27867 -0.087991 0.365673 1.23653 -0.087991 0.399814 1.28697 -0.088352 0.428873 1.29973 -0.036388 0.407806 1.27867 -0.087991 0.421079 1.30823 -0.036266 0.357287 1.24444 -0.088352 0.365673 1.23653 -0.087991 0.336023 1.22318 -0.036266 0.344606 1.21547 -0.036388 0.357287 1.24444 0.015819 0.365673 1.23653 0.015214 0.399815 1.28697 0.015819 0.407806 1.27867 0.015214 0.638052 1.009 -0.069818 0.595169 1.0099 -0.055718 0.617691 1.02876 -0.073277 0.618362 0.99113 -0.053747 0.612774 0.985278 -0.030737 0.587609 1.00491 -0.030577 0.578879 1.02186 -0.018213 0.605287 1.00027 -0.01942 0.595711 1.05069 -0.005968 0.621006 1.02599 -0.006526 0.514491 1.13116 -0.136449 0.419044 1.10637 -0.114762 0.49303 1.1528 -0.180047 0.458291 1.09513 -0.089126 0.429736 1.0962 -0.029936 0.37941 1.11011 -0.029489 0.362756 1.15004 0.008179 0.416886 1.12694 -0.001561 0.414657 1.23089 0.057446 0.454387 1.19114 0.029454 0.495592 1.28294 0.008298 0.518646 1.22875 -0.001471 0.53567 1.26526 -0.029414 0.548588 1.21592 -0.02988 0.550458 1.18712 -0.089478 0.539172 1.22658 -0.115198 0.414657 1.23089 0.057446 0.448486 1.28392 -0.006031 0.393575 1.24964 0.023055 0.495592 1.28294 0.008298 0.410165 1.28963 -0.013656 0.383126 1.26259 0.005699 0.463346 1.28458 -0.030129 0.414562 1.29402 -0.028542 0.465615 1.26063 -0.074137 0.539172 1.22658 -0.115198 0.53567 1.26526 -0.029414 0.407553 1.28701 -0.058995 0.383158 1.26262 -0.079941 0.435357 1.21275 -0.110621 0.49303 1.1528 -0.180047 0.419044 1.10637 -0.114762 0.38383 1.18326 -0.078481 0.358685 1.23815 -0.05881 0.357254 1.18443 -0.032548 0.351242 1.2307 -0.028571 0.357204 1.19918 -0.005035 0.356131 1.23559 -0.013703 0.362756 1.15004 0.008179 0.37941 1.11011 -0.029489 0.624576 1.06756 -0.018174 0.647219 1.0428 -0.018788 0.65994 1.03531 -0.030714 0.639829 1.05979 -0.030553 0.636504 1.0512 -0.055871 0.655867 1.02862 -0.053887 0.639829 1.05979 -0.030553 0.615968 1.07711 -0.057238 0.618683 1.08813 -0.030396 0.636504 1.0512 -0.055871 0.595142 1.05057 -0.077082 0.617691 1.02876 -0.073277 0.600496 1.09767 -0.016284 0.624576 1.06756 -0.018174 0.595711 1.05069 -0.005968 0.567448 1.0782 -0.002313 0.578879 1.02186 -0.018213 0.548022 1.04519 -0.016329 0.587609 1.00491 -0.030577 0.557589 1.02624 -0.030424 0.568496 1.02969 -0.057063 0.595169 1.0099 -0.055718 0.550458 1.18712 -0.089478 0.574126 1.16606 -0.029594 0.572754 1.14609 -0.073348 0.548588 1.21592 -0.02988 0.514491 1.13116 -0.136449 0.542573 1.1031 -0.104279 0.518646 1.22875 -0.001471 0.549757 1.1769 -0.007619 0.499172 1.14641 0.01184 0.454387 1.19114 0.029454 0.458291 1.09513 -0.089126 0.499419 1.07286 -0.073075 0.481141 1.06917 -0.029637 0.429736 1.0962 -0.029936 0.468759 1.09588 -0.007689 0.416886 1.12694 -0.001561 0.572754 1.14609 -0.073348 0.596967 1.12383 -0.029967 0.594547 1.10933 -0.063556 0.574126 1.16606 -0.029594 0.542573 1.1031 -0.104279 0.56961 1.07607 -0.087792 0.549757 1.1769 -0.007619 0.576563 1.13355 -0.01274 0.536326 1.10928 0.002704 0.499172 1.14641 0.01184 0.499419 1.07286 -0.073075 0.536229 1.05108 -0.063343 0.524039 1.04572 -0.030001 0.481141 1.06917 -0.029637 0.512123 1.06909 -0.012795 0.468759 1.09588 -0.007689 0.618683 1.08813 -0.030396 0.594547 1.10933 -0.063556 0.596967 1.12383 -0.029967 0.615968 1.07711 -0.057238 0.56961 1.07607 -0.087792 0.595142 1.05057 -0.077082 0.600496 1.09767 -0.016284 0.576563 1.13355 -0.01274 0.567448 1.0782 -0.002313 0.536326 1.10928 0.002704 0.536229 1.05108 -0.063343 0.568496 1.02969 -0.057063 0.524039 1.04572 -0.030001 0.557589 1.02624 -0.030424 0.548022 1.04519 -0.016329 0.512123 1.06909 -0.012795 0.687719 1.00881 -0.030694 0.655867 1.02862 -0.053887 0.65994 1.03531 -0.030714 0.682218 1.00331 -0.054689 0.638052 1.009 -0.069818 0.662996 0.984084 -0.071193 0.675248 1.01439 -0.018965 0.647219 1.0428 -0.018788 0.653942 0.993086 -0.004807 0.621006 1.02599 -0.006526 0.618362 0.99113 -0.053747 0.643714 0.964802 -0.054543 0.612774 0.985278 -0.030737 0.637818 0.958925 -0.030717 0.605287 1.00027 -0.01942 0.632674 0.971817 -0.019002 0.643714 0.964802 -0.054543 0.662996 0.984084 -0.071193 0.640865 1.00699 -0.037447 0.675248 1.01439 -0.018965 0.653942 0.993086 -0.004807 0.640865 1.00699 -0.037447 0.682218 1.00331 -0.054689 0.687719 1.00881 -0.030694 0.640865 1.00699 -0.037447 0.662996 0.984084 -0.071193 0.682218 1.00331 -0.054689 0.640865 1.00699 -0.037447 0.687719 1.00881 -0.030694 0.675248 1.01439 -0.018965 0.640865 1.00699 -0.037447 0.653942 0.993086 -0.004807 0.632674 0.971817 -0.019002 0.640865 1.00699 -0.037447 0.637818 0.958925 -0.030717 0.643714 0.964802 -0.054543 0.640865 1.00699 -0.037447 0.632674 0.971817 -0.019002 0.637818 0.958925 -0.030717 0.640865 1.00699 -0.037447 0.284532 1.34314 0.028158 0.269486 1.31373 0.024045 0.260484 1.31922 0.027332 0.29198 1.33607 0.024351 0.286307 1.34503 0.027464 0.287709 1.34632 0.024669 0.291972 1.35658 0.024669 0.287216 1.35218 0.035357 0.302227 1.36082 0.024669 0.294329 1.35352 0.043206 0.312488 1.35657 0.024669 0.303492 1.34828 0.046433 0.284541 1.34314 0.047357 0.281533 1.34614 0.037768 0.253503 1.31815 0.035252 0.252613 1.31117 0.043163 0.291797 1.33588 0.051332 0.258312 1.30232 0.046442 0.248645 1.31326 0.03107 0.245699 1.3043 0.036656 0.238994 1.30451 -0.010739 0.234723 1.29396 -0.008867 0.250486 1.29457 0.038971 0.239229 1.28331 -0.008093 0.257586 1.3162 0.025471 0.267277 1.31136 0.023148 0.260209 1.30429 -0.013395 0.249549 1.3088 -0.012615 0.243587 1.31132 -0.089045 0.238921 1.29969 -0.091304 0.243947 1.28792 -0.092244 0.267037 1.31101 -0.085852 0.255231 1.31603 -0.086786 0.252702 1.32213 -0.127054 0.248652 1.31062 -0.133058 0.254455 1.29843 -0.135571 0.276531 1.32051 -0.118599 0.264247 1.32624 -0.121062 0.281908 1.3581 -0.179158 0.279092 1.34597 -0.191116 0.286995 1.33141 -0.195879 0.307836 1.35225 -0.161755 0.293809 1.36071 -0.16699 0.536415 1.64389 -0.500635 0.534625 1.59632 -0.495306 0.550455 1.67783 -0.475809 0.568558 1.67832 -0.435296 0.580108 1.64497 -0.402837 0.299059 1.32862 0.047349 0.258312 1.30232 0.046442 0.267275 1.29679 0.043151 0.291797 1.33588 0.051332 0.303492 1.34828 0.046433 0.309339 1.33952 0.043133 0.316739 1.3463 0.024669 0.312488 1.35657 0.024669 0.312484 1.33604 0.024669 0.308436 1.33237 0.035245 0.302225 1.33179 0.024669 0.301323 1.33101 0.02739 0.299055 1.32862 0.028149 0.302061 1.32562 0.037746 0.274238 1.29783 0.035227 0.275152 1.30484 0.027319 0.269189 1.29274 0.031058 0.272116 1.30168 0.025466 0.260449 1.2831 -0.010747 0.264722 1.29365 -0.01262 0.260224 1.28978 0.036651 0.250486 1.29457 0.038971 0.239229 1.28331 -0.008093 0.249892 1.27881 -0.008872 0.267387 1.28759 -0.089054 0.272064 1.29923 -0.086793 0.243947 1.28792 -0.092244 0.255745 1.2829 -0.091312 0.278277 1.29679 -0.127124 0.282335 1.3083 -0.121114 0.254455 1.29843 -0.135571 0.266734 1.29269 -0.133113 0.312915 1.32556 -0.178473 0.315744 1.33769 -0.166519 0.286995 1.33141 -0.195879 0.301013 1.32295 -0.190635 0.578315 1.59738 -0.397509 0.564261 1.56344 -0.422367 0.546166 1.56297 -0.462865 0.534625 1.59632 -0.495306 0.534625 1.59632 -0.495306 0.551026 1.64446 -0.496742 0.54949 1.60616 -0.49238 0.536415 1.64389 -0.500635 0.550455 1.67783 -0.475809 0.562345 1.67176 -0.476806 0.576847 1.67213 -0.444192 0.568558 1.67832 -0.435296 0.580108 1.64497 -0.402837 0.586026 1.64526 -0.418011 0.584488 1.60695 -0.41365 0.578315 1.59738 -0.397509 0.564261 1.56344 -0.422367 0.573158 1.57964 -0.433611 0.558664 1.5793 -0.466215 0.546166 1.56297 -0.462865 0.534625 1.59632 -0.495306 0.54949 1.60616 -0.49238 0.558664 1.5793 -0.466215 0.54949 1.60616 -0.49238 0.467791 1.5269 -0.361811 0.573158 1.57964 -0.433611 0.584488 1.60695 -0.41365 0.586026 1.64526 -0.418011 0.576847 1.67213 -0.444192 0.562345 1.67176 -0.476806 0.551026 1.64446 -0.496742 0.708374 0.909333 -0.007358 0.736407 0.912891 0.013195 0.702186 0.918927 0.012401 0.728917 0.907811 0.008153 0.68224 0.927735 -0.004143 0.658951 0.941659 -0.020861 0.682527 0.936496 -0.03253 0.67502 0.917689 0.004011 0.696072 0.899363 0.019383 0.675577 0.900742 0.011885 0.657943 0.925543 0.017386 0.662268 0.902977 0.029091 0.644681 0.957439 -0.002343 0.645874 0.968234 -0.036152 0.64869 0.97105 -0.012042 0.725951 0.904872 -0.000718 0.729896 0.906499 -0.009546 0.708987 0.911827 -0.041226 0.705928 0.922481 -0.070621 0.64869 0.97105 -0.060262 0.692809 0.939337 -0.077842 0.661947 0.984308 -0.066946 0.694666 0.954793 -0.087637 0.674187 0.996547 -0.060262 0.704769 0.969345 -0.076912 0.721583 0.918228 -0.089163 0.731343 0.926294 -0.093473 0.740948 0.930982 -0.089929 0.719871 0.915491 -0.081869 0.745891 0.931959 -0.0813 0.749521 0.941495 -0.069434 0.742953 0.928196 -0.072521 0.74594 0.92983 -0.068817 0.737503 0.927098 -0.070288 0.756329 0.935003 -0.057747 0.755544 0.946392 -0.040361 0.753546 0.930554 -0.046344 0.753701 0.929956 -0.04089 0.760116 0.931371 -0.029775 0.753158 0.93984 -0.006341 0.757308 0.92663 -0.017011 0.7546 0.923473 -0.011244 0.756936 0.92545 -0.000582 0.71151 0.934189 0.026009 0.746211 0.91889 -0.013835 0.742045 0.923503 -0.04252 0.716511 0.973344 -0.002093 0.685241 0.980511 0.016441 0.691205 0.941383 0.039368 0.686692 0.90245 0.049951 0.696889 0.900635 0.036708 0.696072 0.899363 0.019383 0.702186 0.918927 0.012401 0.751694 0.923298 0.009962 0.667784 0.938417 0.032469 0.66098 0.97147 0.014494 0.670938 0.90341 0.044161 0.662268 0.902977 0.029091 0.657943 0.925543 0.017386 0.644681 0.957439 -0.002343 0.674187 0.996547 -0.012042 0.722374 0.977724 -0.034473 0.680215 1.00258 -0.036152 0.712089 0.973769 -0.061912 0.659089 0.981449 -0.005358 0.64869 0.97105 -0.012042 0.63616 1.02482 -0.022647 0.640391 1.02737 -0.036152 0.637841 1.02314 -0.049658 0.621823 1.01048 -0.022647 0.623504 1.0088 -0.049658 0.62108 1.00806 -0.036152 0.621823 1.01048 -0.022647 0.736407 0.912891 0.013195 0.723035 0.913259 -0.064598 0.723253 0.915906 -0.074658 0.737503 0.927098 -0.070288 0.720942 0.909807 -0.055662 0.725763 0.910829 -0.047271 0.724956 0.905776 -0.028204 0.727106 0.909309 -0.037094 0.742045 0.923503 -0.04252 0.729641 0.906906 -0.019665 0.746211 0.91889 -0.013835 0.760116 0.931371 -0.029775 0.762987 0.885207 -0.037677 0.753701 0.929956 -0.04089 0.771427 0.890635 -0.029059 0.712435 0.814056 -0.029053 0.709975 0.822465 -0.036985 0.74427 0.828928 -0.036607 0.753701 0.929956 -0.04089 0.753891 0.878972 -0.041614 0.742045 0.923503 -0.04252 0.762987 0.885207 -0.037677 0.727106 0.909309 -0.037094 0.739903 0.868294 -0.029045 0.724956 0.905776 -0.028204 0.74525 0.873014 -0.036974 0.685855 0.812843 -0.029053 0.709975 0.822465 -0.036985 0.712435 0.814056 -0.029053 0.742045 0.923503 -0.04252 0.74525 0.873014 -0.036974 0.727106 0.909309 -0.037094 0.753891 0.878972 -0.041614 0.709975 0.822465 -0.036985 0.732574 0.842063 -0.036064 0.738422 0.835496 -0.040159 0.706755 0.832372 -0.029053 0.732574 0.842063 -0.036064 0.709975 0.822465 -0.036985 0.685855 0.812843 -0.029053 0.695537 0.824951 -0.029053 0.709975 0.822465 -0.036985 0.695537 0.824951 -0.029053 0.706755 0.832372 -0.029053 0.709975 0.822465 -0.036985 0.760116 0.931371 -0.029775 0.763208 0.884985 -0.020429 0.771427 0.890635 -0.029059 0.774357 0.87308 -0.029053 0.764686 0.871395 -0.020592 0.74427 0.828928 -0.021498 0.757308 0.92663 -0.017011 0.750117 0.822361 -0.029053 0.712435 0.814056 -0.029053 0.74427 0.828928 -0.021498 0.709975 0.822465 -0.02112 0.757308 0.92663 -0.017011 0.75422 0.878643 -0.016396 0.763208 0.884985 -0.020429 0.746211 0.91889 -0.013835 0.729641 0.906906 -0.019665 0.739903 0.868294 -0.029045 0.745435 0.87283 -0.021106 0.724956 0.905776 -0.028204 0.685855 0.812843 -0.029053 0.712435 0.814056 -0.029053 0.709975 0.822465 -0.02112 0.746211 0.91889 -0.013835 0.745435 0.87283 -0.021106 0.75422 0.878643 -0.016396 0.729641 0.906906 -0.019665 0.709975 0.822465 -0.02112 0.738422 0.835496 -0.017946 0.732574 0.842063 -0.022041 0.706755 0.832372 -0.029053 0.709975 0.822465 -0.02112 0.732574 0.842063 -0.022041 0.685855 0.812843 -0.029053 0.709975 0.822465 -0.02112 0.695537 0.824951 -0.029053 0.695537 0.824951 -0.029053 0.709975 0.822465 -0.02112 0.706755 0.832372 -0.029053 0.756329 0.935003 -0.057747 0.757341 0.891248 -0.064961 0.74594 0.92983 -0.068817 0.766 0.896899 -0.056235 0.74594 0.92983 -0.068817 0.748077 0.884855 -0.068959 0.737503 0.927098 -0.070288 0.757341 0.891248 -0.064961 0.723035 0.913259 -0.064598 0.733093 0.875326 -0.056204 0.720942 0.909807 -0.055662 0.739229 0.87872 -0.064258 0.671308 0.838239 -0.056192 0.697275 0.838516 -0.064231 0.696537 0.829786 -0.056192 0.696537 0.829786 -0.056192 0.697275 0.838516 -0.064231 0.73373 0.844507 -0.063849 0.737503 0.927098 -0.070288 0.739229 0.87872 -0.064258 0.723035 0.913259 -0.064598 0.748077 0.884855 -0.068959 0.697275 0.838516 -0.064231 0.722484 0.858029 -0.063299 0.728107 0.851268 -0.067449 0.697844 0.848918 -0.056192 0.722484 0.858029 -0.063299 0.697275 0.838516 -0.064231 0.671308 0.838239 -0.056192 0.684705 0.846041 -0.056192 0.697275 0.838516 -0.064231 0.684705 0.846041 -0.056192 0.697844 0.848918 -0.056192 0.697275 0.838516 -0.064231 0.756329 0.935003 -0.057747 0.75754 0.891049 -0.047498 0.766 0.896899 -0.056235 0.753546 0.930554 -0.046344 0.753546 0.930554 -0.046344 0.748339 0.884593 -0.043488 0.75754 0.891049 -0.047498 0.742045 0.923503 -0.04252 0.725763 0.910829 -0.047271 0.733093 0.875326 -0.056204 0.739395 0.878554 -0.048178 0.720942 0.909807 -0.055662 0.671308 0.838239 -0.056192 0.696537 0.829786 -0.056192 0.697275 0.838516 -0.048153 0.696537 0.829786 -0.056192 0.73373 0.844507 -0.048535 0.697275 0.838516 -0.048153 0.742045 0.923503 -0.04252 0.739395 0.878554 -0.048178 0.748339 0.884593 -0.043488 0.725763 0.910829 -0.047271 0.697275 0.838516 -0.048153 0.728107 0.851268 -0.044935 0.722484 0.858029 -0.049086 0.697844 0.848918 -0.056192 0.697275 0.838516 -0.048153 0.722484 0.858029 -0.049086 0.671308 0.838239 -0.056192 0.697275 0.838516 -0.048153 0.684705 0.846041 -0.056192 0.684705 0.846041 -0.056192 0.697275 0.838516 -0.048153 0.697844 0.848918 -0.056192 0.745891 0.931959 -0.0813 0.750921 0.897374 -0.088404 0.740948 0.930982 -0.089929 0.759142 0.898101 -0.081072 0.740948 0.930982 -0.089929 0.742082 0.895749 -0.091729 0.731343 0.926294 -0.093473 0.750921 0.897374 -0.088404 0.721583 0.918228 -0.089163 0.728912 0.893244 -0.081007 0.719871 0.915491 -0.081869 0.733696 0.894451 -0.087788 0.674005 0.863447 -0.080966 0.695601 0.863212 -0.087698 0.694832 0.855966 -0.080966 0.694832 0.855966 -0.080966 0.695601 0.863212 -0.087698 0.724337 0.858433 -0.087378 0.731343 0.926294 -0.093473 0.733696 0.894451 -0.087788 0.721583 0.918228 -0.089163 0.742082 0.895749 -0.091729 0.695601 0.863212 -0.087698 0.718438 0.871818 -0.086917 0.721387 0.865125 -0.090392 0.696261 0.87185 -0.080966 0.718438 0.871818 -0.086917 0.695601 0.863212 -0.087698 0.674005 0.863447 -0.080966 0.685284 0.869694 -0.080966 0.695601 0.863212 -0.087698 0.685284 0.869694 -0.080966 0.696261 0.87185 -0.080966 0.695601 0.863212 -0.087698 0.745891 0.931959 -0.0813 0.751171 0.897161 -0.073727 0.759142 0.898101 -0.081072 0.742953 0.928196 -0.072521 0.742953 0.928196 -0.072521 0.742412 0.895468 -0.070389 0.751171 0.897161 -0.073727 0.737503 0.927098 -0.070288 0.723253 0.915906 -0.074658 0.728912 0.893244 -0.081007 0.733904 0.894274 -0.074316 0.719871 0.915491 -0.081869 0.674005 0.863447 -0.080966 0.694832 0.855966 -0.080966 0.695601 0.863212 -0.074234 0.694832 0.855966 -0.080966 0.724337 0.858433 -0.074555 0.695601 0.863212 -0.074234 0.737503 0.927098 -0.070288 0.733904 0.894274 -0.074316 0.742412 0.895468 -0.070389 0.723253 0.915906 -0.074658 0.695601 0.863212 -0.074234 0.721387 0.865125 -0.07154 0.718438 0.871818 -0.075016 0.696261 0.87185 -0.080966 0.695601 0.863212 -0.074234 0.718438 0.871818 -0.075016 0.674005 0.863447 -0.080966 0.695601 0.863212 -0.074234 0.685284 0.869694 -0.080966 0.685284 0.869694 -0.080966 0.695601 0.863212 -0.074234 0.696261 0.87185 -0.080966 0.756936 0.92545 -0.000582 0.76109 0.887417 -0.010615 0.7546 0.923473 -0.011244 0.769246 0.892966 -0.001786 0.707862 0.823462 -0.001913 0.706589 0.83213 -0.009989 0.741519 0.833835 -0.009605 0.7546 0.923473 -0.011244 0.751962 0.880901 -0.014541 0.746211 0.91889 -0.013835 0.76109 0.887417 -0.010615 0.729896 0.906499 -0.009546 0.737361 0.871145 -0.001856 0.725951 0.904872 -0.000718 0.743186 0.875003 -0.009892 0.68137 0.825938 -0.001913 0.706589 0.83213 -0.009989 0.707862 0.823462 -0.001913 0.746211 0.91889 -0.013835 0.743186 0.875003 -0.009892 0.729896 0.906499 -0.009546 0.751962 0.880901 -0.014541 0.706589 0.83213 -0.009989 0.731564 0.848334 -0.009052 0.736542 0.841085 -0.013221 0.70477 0.842387 -0.001913 0.731564 0.848334 -0.009052 0.706589 0.83213 -0.009989 0.68137 0.825938 -0.001913 0.692634 0.83659 -0.001913 0.706589 0.83213 -0.009989 0.692634 0.83659 -0.001913 0.70477 0.842387 -0.001913 0.706589 0.83213 -0.009989 0.756936 0.92545 -0.000582 0.760963 0.887544 0.007035 0.769246 0.892966 -0.001786 0.751694 0.923298 0.009962 0.707862 0.823462 -0.001913 0.741519 0.833835 0.005778 0.706589 0.83213 0.006162 0.751694 0.923298 0.009962 0.751754 0.881109 0.011029 0.760963 0.887544 0.007035 0.736407 0.912891 0.013195 0.728917 0.907811 0.008153 0.737361 0.871145 -0.001856 0.74308 0.875108 0.006298 0.725951 0.904872 -0.000718 0.68137 0.825938 -0.001913 0.707862 0.823462 -0.001913 0.706589 0.83213 0.006162 0.736407 0.912891 0.013195 0.74308 0.875108 0.006298 0.751754 0.881109 0.011029 0.728917 0.907811 0.008153 0.706589 0.83213 0.006162 0.736542 0.841085 0.009394 0.731564 0.848334 0.005225 0.70477 0.842387 -0.001913 0.706589 0.83213 0.006162 0.731564 0.848334 0.005225 0.68137 0.825938 -0.001913 0.706589 0.83213 0.006162 0.692634 0.83659 -0.001913 0.692634 0.83659 -0.001913 0.706589 0.83213 0.006162 0.70477 0.842387 -0.001913 0.662268 0.902977 0.029091 0.659989 0.867884 0.012406 0.670938 0.90341 0.044161 0.672896 0.857837 0.018522 0.660738 0.85524 -0.022843 0.686692 0.90245 0.049951 0.686692 0.90245 0.049951 0.672896 0.857837 0.018522 0.696889 0.900635 0.036708 0.682339 0.865494 0.005988 0.696072 0.899363 0.019383 0.660738 0.85524 -0.022843 0.696072 0.899363 0.019383 0.682339 0.865494 0.005988 0.669432 0.87554 -0.000127 0.660738 0.85524 -0.022843 0.675577 0.900742 0.011885 0.662268 0.902977 0.029091 0.669432 0.87554 -0.000127 0.659989 0.867884 0.012406 0.660738 0.85524 -0.022843 0.675577 0.900742 0.011885 0.662268 0.902977 0.029091 0.696072 0.899363 0.019383 0.675577 0.900742 0.011885 0.696889 0.900635 0.036708 0.670938 0.90341 0.044161 0.686692 0.90245 0.049951 0.251536 1.37672 0.029774 0.236122 1.34847 0.024072 0.227813 1.35333 0.028974 0.258245 1.37038 0.024525 0.253191 1.37866 0.029103 0.254099 1.38047 0.024856 0.258333 1.39053 0.02481 0.255148 1.38462 0.037593 0.268423 1.39464 0.024732 0.263102 1.38497 0.044661 0.278481 1.39042 0.024667 0.27241 1.37952 0.046184 0.25402 1.37424 0.048679 0.249874 1.37839 0.039927 0.222022 1.35122 0.037454 0.222122 1.34338 0.044544 0.26155 1.36671 0.050927 0.228034 1.33438 0.046103 0.216711 1.34695 0.033332 0.214493 1.33747 0.038141 0.201718 1.34376 -0.008245 0.197709 1.33319 -0.00714 0.219385 1.32773 0.038753 0.202123 1.32274 -0.008126 0.224726 1.35061 0.027128 0.233837 1.34626 0.023172 0.222075 1.34405 -0.013303 0.211809 1.34827 -0.010798 0.195651 1.35917 -0.085889 0.190645 1.34788 -0.089099 0.195446 1.33633 -0.092149 0.219375 1.3586 -0.085492 0.207549 1.36363 -0.084392 0.20022 1.37451 -0.122319 0.195389 1.36382 -0.12923 0.200761 1.35207 -0.133951 0.224897 1.37198 -0.117005 0.21244 1.3779 -0.11725 0.222449 1.41694 -0.171997 0.217961 1.40603 -0.18531 0.225327 1.3918 -0.192985 0.251118 1.40896 -0.158358 0.236179 1.41816 -0.160825 0.371571 1.64304 -0.40228 0.371473 1.59738 -0.403704 0.410045 1.66801 -0.340464 0.38753 1.67228 -0.376115 0.425916 1.63263 -0.316232 0.26806 1.3602 0.045336 0.228034 1.33438 0.046103 0.236303 1.32949 0.041197 0.26155 1.36671 0.050927 0.27241 1.37952 0.046184 0.277618 1.37144 0.041255 0.282609 1.38031 0.024654 0.278481 1.39042 0.024667 0.278383 1.37026 0.0247 0.275668 1.36548 0.032769 0.26829 1.36613 0.024779 0.267712 1.36512 0.025696 0.265582 1.36268 0.026429 0.269726 1.35853 0.035189 0.242077 1.33157 0.032713 0.242 1.33943 0.025625 0.23658 1.32711 0.028602 0.238779 1.33656 0.023786 0.222485 1.32303 -0.013182 0.226496 1.3336 -0.014289 0.228541 1.32344 0.0348 0.219385 1.32773 0.038753 0.202123 1.32274 -0.008126 0.212392 1.31853 -0.010631 0.219162 1.33575 -0.091755 0.224178 1.34705 -0.088544 0.195446 1.33633 -0.092149 0.207265 1.3313 -0.09325 0.22543 1.34953 -0.128646 0.23027 1.36023 -0.12173 0.200761 1.35207 -0.133951 0.213212 1.34615 -0.13371 0.253988 1.38382 -0.179342 0.258487 1.39474 -0.166035 0.225327 1.3918 -0.192985 0.240258 1.3826 -0.190507 0.425815 1.58693 -0.317661 0.387334 1.562 -0.379489 0.40984 1.5577 -0.343854 0.371473 1.59738 -0.403704 0.396937 1.57812 -0.380703 0.384806 1.60574 -0.399704 0.324439 1.51138 -0.277131 0.414326 1.5747 -0.352921 0.426794 1.59745 -0.33262 0.427047 1.63308 -0.331676 0.414907 1.66071 -0.35069 0.39751 1.6641 -0.378484 0.385056 1.64135 -0.398763 0.425916 1.63263 -0.316232 0.414907 1.66071 -0.35069 0.410045 1.66801 -0.340464 0.427047 1.63308 -0.331676 0.38753 1.67228 -0.376115 0.39751 1.6641 -0.378484 0.371571 1.64304 -0.40228 0.385056 1.64135 -0.398763 0.371473 1.59738 -0.403704 0.384806 1.60574 -0.399704 0.387334 1.562 -0.379489 0.384806 1.60574 -0.399704 0.396937 1.57812 -0.380703 0.371473 1.59738 -0.403704 0.40984 1.5577 -0.343854 0.414326 1.5747 -0.352921 0.425815 1.58693 -0.317661 0.426794 1.59745 -0.33262 0.318479 1.30912 0.027652 0.303957 1.27946 0.025252 0.294692 1.28524 0.026824 0.326597 1.30139 0.024513 0.320334 1.3109 0.026956 0.32199 1.31142 0.024796 0.325862 1.32176 0.024834 0.320255 1.31899 0.034013 0.335895 1.32633 0.024922 0.326256 1.32139 0.042405 0.346234 1.32247 0.02501 0.334831 1.31672 0.047237 0.315984 1.31162 0.046561 0.314291 1.31331 0.036426 0.286767 1.28517 0.033945 0.284806 1.2793 0.042435 0.322566 1.30504 0.052143 0.289931 1.27105 0.047336 0.282485 1.27976 0.029831 0.278784 1.27163 0.036022 0.278355 1.26537 -0.012464 0.273812 1.25516 -0.00993 0.283129 1.26237 0.039969 0.27808 1.24477 -0.007437 0.292054 1.282 0.025005 0.301877 1.277 0.024387 0.299656 1.26499 -0.012568 0.289059 1.26946 -0.013559 0.292387 1.26359 -0.090127 0.287962 1.25171 -0.091588 0.293 1.23993 -0.090488 0.315278 1.26385 -0.083927 0.303699 1.26863 -0.086954 0.306188 1.26981 -0.127325 0.30285 1.25763 -0.132398 0.34151 1.29915 -0.178804 0.340091 1.28562 -0.189444 0.308846 1.24525 -0.132693 0.348414 1.27063 -0.191377 0.316917 1.2747 -0.120432 0.351854 1.30333 -0.165671 0.365076 1.29568 -0.157749 0.328761 1.26939 -0.115759 0.552246 1.46424 -0.41464 0.548136 1.41851 -0.403631 0.56433 1.50044 -0.39314 0.577341 1.50595 -0.351656 0.583642 1.47745 -0.314486 0.330192 1.29741 0.049889 0.289931 1.27105 0.047336 0.299157 1.26524 0.04576 0.322566 1.30504 0.052143 0.334831 1.31672 0.047237 0.340962 1.30768 0.045667 0.350818 1.31242 0.025046 0.346234 1.32247 0.02501 0.346954 1.30208 0.025008 0.341046 1.2996 0.038616 0.336918 1.29751 0.024919 0.335045 1.29719 0.030219 0.332692 1.29491 0.03098 0.334382 1.29322 0.041122 0.307065 1.26529 0.038636 0.309049 1.27117 0.030149 0.302591 1.25968 0.034535 0.306274 1.26779 0.028338 0.299385 1.24439 -0.007539 0.303931 1.25461 -0.010074 0.292998 1.25742 0.039354 0.283129 1.26237 0.039969 0.27808 1.24477 -0.007437 0.28868 1.24031 -0.006446 0.315882 1.24017 -0.08429 0.320317 1.25205 -0.082826 0.293 1.23993 -0.090488 0.304571 1.23515 -0.087463 0.308846 1.24525 -0.132693 0.320685 1.23994 -0.128025 0.348414 1.27063 -0.191377 0.361626 1.26298 -0.183448 0.371972 1.26716 -0.170321 0.331413 1.24482 -0.121134 0.334758 1.25701 -0.116055 0.373404 1.2807 -0.159684 0.579529 1.43169 -0.303475 0.567434 1.39549 -0.325008 0.554431 1.39001 -0.366481 0.548136 1.41851 -0.403631 0.548136 1.41851 -0.403631 0.565104 1.46409 -0.41049 0.561515 1.42705 -0.401424 0.552246 1.46424 -0.41464 0.56433 1.50044 -0.39314 0.57496 1.49336 -0.393173 0.585333 1.49776 -0.359563 0.577341 1.50595 -0.351656 0.583642 1.47745 -0.314486 0.590135 1.47463 -0.329343 0.586543 1.43757 -0.320277 0.579529 1.43169 -0.303475 0.567434 1.39549 -0.325008 0.576679 1.4083 -0.337619 0.566312 1.40392 -0.371221 0.554431 1.39001 -0.366481 0.548136 1.41851 -0.403631 0.561515 1.42705 -0.401424 0.566312 1.40392 -0.371221 0.561515 1.42705 -0.401424 0.469247 1.36787 -0.275899 0.576679 1.4083 -0.337619 0.586543 1.43757 -0.320277 0.590135 1.47463 -0.329343 0.585333 1.49776 -0.359563 0.57496 1.49336 -0.393173 0.565104 1.46409 -0.41049 0.35981 1.38382 -0.091517 0.37873 1.3332 -0.088172 0.341842 1.3723 -0.099869 0.307515 1.41349 -0.115011 0.329817 1.42886 -0.109634 0.267255 1.44676 -0.142659 0.29206 1.47798 -0.14176 0.232055 1.46392 -0.170506 0.33371 1.4798 -0.13053 0.357694 1.4436 -0.111484 0.309881 1.49473 -0.147867 0.275747 1.49198 -0.164451 0.38145 1.39397 -0.097156 0.388632 1.36007 -0.091334 0.423404 1.40367 -0.036399 0.413021 1.35337 -0.066864 0.410029 1.40063 -0.072231 0.42671 1.34878 -0.036399 0.38145 1.39397 -0.097156 0.388632 1.36007 -0.091334 0.409043 1.4644 -0.036399 0.389917 1.45981 -0.085756 0.394539 1.50989 -0.036399 0.373578 1.50232 -0.098691 0.33371 1.4798 -0.13053 0.357694 1.4436 -0.111484 0.332082 1.60525 -0.036399 0.312645 1.59186 -0.106639 0.309881 1.49473 -0.147867 0.264636 1.55958 -0.15186 0.244359 1.63976 -0.036399 0.232526 1.62744 -0.096991 0.202553 1.59868 -0.126618 0.180853 1.57306 -0.138613 0.228301 1.52768 -0.163673 0.199186 1.50126 -0.165105 0.232055 1.46392 -0.170506 0.275747 1.49198 -0.164451 0.16105 1.55251 -0.143165 0.200159 1.61311 -0.09035 0.186315 1.59843 -0.103793 0.158397 1.56418 -0.115088 0.200885 1.61607 -0.036399 0.37873 1.3332 -0.088172 0.411593 1.29891 -0.036399 0.375078 1.39813 -0.036399 0.37873 1.3332 -0.088172 0.411593 1.29891 -0.036399 0.341842 1.3723 -0.099869 0.307515 1.41349 -0.115011 0.267255 1.44676 -0.142659 0.299773 1.52644 -0.036399 0.232055 1.46392 -0.170506 0.199186 1.50126 -0.165105 0.16105 1.55251 -0.143165 0.158397 1.56418 -0.115088 0.186315 1.59843 -0.103793 0.200159 1.61311 -0.09035 0.200885 1.61607 -0.036399 0.35981 1.38382 0.018718 0.341842 1.3723 0.02707 0.37873 1.3332 0.015373 0.307515 1.41349 0.042212 0.329817 1.42886 0.036835 0.267255 1.44676 0.069859 0.29206 1.47798 0.068961 0.232055 1.46392 0.097706 0.33371 1.4798 0.05773 0.357694 1.4436 0.038685 0.309881 1.49473 0.075067 0.275747 1.49198 0.091652 0.38145 1.39397 0.024357 0.388632 1.36007 0.018535 0.413021 1.35337 -0.005934 0.410029 1.40063 -0.000567 0.38145 1.39397 0.024357 0.388632 1.36007 0.018535 0.389917 1.45981 0.012957 0.373578 1.50232 0.025892 0.33371 1.4798 0.05773 0.357694 1.4436 0.038685 0.312645 1.59186 0.033839 0.309881 1.49473 0.075067 0.264636 1.55958 0.079061 0.232526 1.62744 0.024192 0.202553 1.59868 0.053819 0.180853 1.57306 0.065813 0.228301 1.52768 0.090874 0.199186 1.50126 0.092306 0.232055 1.46392 0.097706 0.275747 1.49198 0.091652 0.16105 1.55251 0.070365 0.200159 1.61311 0.017551 0.186315 1.59843 0.030993 0.158397 1.56418 0.042289 0.37873 1.3332 0.015373 0.37873 1.3332 0.015373 0.341842 1.3723 0.02707 0.307515 1.41349 0.042212 0.267255 1.44676 0.069859 0.232055 1.46392 0.097706 0.199186 1.50126 0.092306 0.16105 1.55251 0.070365 0.158397 1.56418 0.042289 0.186315 1.59843 0.030993 0.200159 1.61311 0.017551 0.787872 0.832546 0.102058 0.794428 0.879802 0.057737 0.799739 0.870994 0.104939 0.780525 0.834754 0.054361 0.740295 0.811463 0.062912 0.753536 0.812667 0.109356 0.697304 0.823573 0.078379 0.716845 0.823003 0.122557 0.676737 0.86399 0.091702 0.699291 0.857498 0.133928 0.794794 0.819503 0.18053 0.813615 0.857192 0.181114 0.969981 0.743187 0.826991 0.755506 0.814224 0.191869 0.731258 0.846127 0.204882 0.789368 0.889094 0.194128 0.75008 0.883816 0.205466 0.782185 0.905489 0.11631 0.711158 0.895946 0.136809 0.745494 0.915824 0.129511 0.773861 0.920219 0.07106 0.730871 0.932329 0.086527 0.690641 0.909038 0.095077 0.794428 0.879802 0.057737 0.780525 0.834754 0.054361 0.735583 0.871896 0.074719 0.773861 0.920219 0.07106 0.730871 0.932329 0.086527 0.690641 0.909038 0.095077 0.676737 0.86399 0.091702 0.697304 0.823573 0.078379 0.740295 0.811463 0.062912 0.698153 0.905569 -0.112556 0.675856 0.87009 -0.132442 0.708132 0.910835 -0.135528 0.680341 0.883083 -0.110853 0.637962 0.901408 -0.115277 0.659428 0.900366 -0.10138 0.694765 0.880084 0.016525 0.734268 0.815429 0.04451 0.671557 0.867256 0.072917 0.717066 0.861653 0.006423 0.787682 0.882858 0.039404 0.736061 0.885632 0.004607 0.708132 0.910835 -0.135528 0.661103 0.888427 -0.175024 0.683799 0.917079 -0.177194 0.675856 0.87009 -0.132442 0.634456 0.91045 -0.162953 0.637962 0.901408 -0.115277 0.736061 0.885632 0.004607 0.680341 0.883083 -0.110853 0.698153 0.905569 -0.112556 0.717066 0.861653 0.006423 0.659428 0.900366 -0.10138 0.694765 0.880084 0.016525 0.676533 0.916433 -0.176785 0.660077 0.895659 -0.175212 0.646606 0.92064 -0.21026 0.657213 0.9324 -0.168033 0.640757 0.911626 -0.16646 0.670237 0.942152 -0.118362 0.67724 0.922852 -0.103083 0.724971 0.934685 0.067811 0.713759 0.904063 0.01471 0.657152 0.939102 -0.165123 0.670237 0.942152 -0.118362 0.67724 0.922852 -0.103083 0.713759 0.904063 0.01471 0.766669 0.72572 0.041253 0.779146 0.754448 0.078028 0.768807 0.731484 0.077321 0.782871 0.761707 0.042362 0.729048 0.720666 0.052111 0.7448 0.728259 0.084249 0.707629 0.751598 0.064077 0.731132 0.747997 0.091885 0.792189 0.730878 0.203864 0.765478 0.774186 0.085664 0.761452 0.792639 0.054328 0.741471 0.770961 0.092592 0.723831 0.787585 0.065186 0.710791 0.755475 0.045497 0.722271 0.76927 -0.020528 0.727534 0.731295 0.036143 0.769608 0.763377 0.028522 0.752864 0.787557 0.037876 0.723456 0.783606 0.046364 0.756943 0.735246 0.027655 0.743504 1.02285 0.099308 0.761197 0.984656 0.123008 0.764923 0.991915 0.087341 0.747529 1.00439 0.130644 0.705882 1.01779 0.110166 0.723523 1.00117 0.137572 0.689681 0.981806 0.109057 0.713184 0.978205 0.136865 0.77424 0.961086 0.248843 0.750859 0.961692 0.122301 0.748721 0.955928 0.086233 0.726852 0.958467 0.129229 0.7111 0.950874 0.09709 0.692842 0.985683 0.090476 0.705508 1.01381 0.091343 0.704323 0.999478 0.024451 0.75166 0.993585 0.073502 0.738995 0.965454 0.072635 0.709586 0.961503 0.081122 0.734916 1.01776 0.082856 0.679157 0.917396 0.079128 0.706975 0.944842 0.098066 0.700638 0.948322 0.077726 0.685495 0.913917 0.099468 0.669731 0.862679 0.095613 0.663393 0.866159 0.075274 0.677799 0.984194 0.09098 0.684137 0.980714 0.11132 0.694537 1.02534 0.092805 0.700874 1.02186 0.113145 0.746694 0.95451 0.064434 0.77884 0.926458 0.072529 0.772502 0.929938 0.052189 0.753032 0.95103 0.084774 0.795845 0.883955 0.037048 0.802183 0.880475 0.057388 0.769861 0.992232 0.08658 0.763524 0.995712 0.06624 0.747121 1.02807 0.099798 0.740783 1.03155 0.079458 0.679157 0.917396 0.079128 0.746694 0.95451 0.064434 0.772502 0.929938 0.052189 0.700638 0.948322 0.077726 0.763524 0.995712 0.06624 0.677799 0.984194 0.09098 0.740783 1.03155 0.079458 0.694537 1.02534 0.092805 0.663393 0.866159 0.075274 0.795845 0.883955 0.037048 0.753032 0.95103 0.084774 0.685495 0.913917 0.099468 0.77884 0.926458 0.072529 0.706975 0.944842 0.098066 0.684137 0.980714 0.11132 0.769861 0.992232 0.08658 0.700874 1.02186 0.113145 0.747121 1.02807 0.099798 0.802183 0.880475 0.057388 0.669731 0.862679 0.095613 0.740783 1.03155 0.079458 0.694537 1.02534 0.092805 0.686736 0.820176 0.060133 0.693074 0.816696 0.080473 0.718882 0.792124 0.068227 0.712545 0.795604 0.047887 0.695715 0.754402 0.046082 0.702052 0.750922 0.066422 0.718456 0.71856 0.032864 0.724793 0.71508 0.053203 0.78642 0.829238 0.053533 0.758601 0.801792 0.034595 0.764939 0.798312 0.054935 0.780082 0.832718 0.033193 0.787777 0.76244 0.041681 0.78144 0.76592 0.021342 0.771039 0.721293 0.039857 0.764702 0.724773 0.019517 0.686736 0.820176 0.060133 0.758601 0.801792 0.034595 0.712545 0.795604 0.047887 0.780082 0.832718 0.033193 0.78144 0.76592 0.021342 0.695715 0.754402 0.046082 0.764702 0.724773 0.019517 0.718456 0.71856 0.032864 0.693074 0.816696 0.080473 0.764939 0.798312 0.054935 0.718882 0.792124 0.068227 0.78642 0.829238 0.053533 0.702052 0.750922 0.066422 0.787777 0.76244 0.041681 0.724793 0.71508 0.053203 0.771039 0.721293 0.039857 0.764702 0.724773 0.019517 0.718456 0.71856 0.032864 0.661103 0.888427 -0.175024 0.657152 0.939102 -0.165123 0.683799 0.917079 -0.177194 0.634456 0.91045 -0.162953 -0.099844 0.000145 0.202302 -0.148304 0.046209 0.436447 -0.148304 0.000145 0.201888 -0.036523 0.000145 0.169074 -0.095817 0.064282 0.119377 -0.086496 0.059714 0.199525 -0.081918 0.06788 0.069423 -0.120797 0.000145 0.522722 -0.148304 0.046209 0.436447 -0.113222 0.053503 0.308493 -0.036523 0.000145 0.169074 -0.120797 0.000145 0.522722 -0.099844 0.000145 0.202302 -0.099844 0.000145 0.202302 -0.120797 0.000145 0.522722 -0.148304 0.046209 0.436447 -0.110582 0.000145 -0.017174 -0.095823 0.000145 0.051134 -0.148304 0.000145 0.051134 -0.148304 0.000145 -0.102744 -0.086496 0.059714 0.199525 -0.100994 0.094554 0.147573 -0.096267 0.084003 0.219051 -0.095817 0.064282 0.119377 -0.111119 0.121655 0.144921 -0.108731 0.105574 0.217383 -0.123795 0.137642 0.169116 -0.12346 0.117458 0.235127 -0.148304 0.153115 0.166074 -0.148304 0.128256 0.234287 -0.124708 0.080021 0.318679 -0.086496 0.059714 0.199525 -0.096267 0.084003 0.219051 -0.113222 0.053503 0.308493 -0.148304 0.046209 0.436447 -0.148304 0.092218 0.329263 -0.12346 0.117458 0.235127 -0.148304 0.128256 0.234287 -0.108731 0.105574 0.217383 -0.171899 0.080021 0.318679 -0.183385 0.053503 0.308493 -0.210111 0.059714 0.199525 -0.20034 0.084003 0.219051 -0.173147 0.117458 0.235127 -0.187877 0.105574 0.217383 -0.100994 0.094554 0.147573 -0.08787 0.109985 0.077446 -0.099492 0.138958 0.074417 -0.111119 0.121655 0.144921 -0.116935 0.162267 0.097028 -0.123795 0.137642 0.169116 -0.148304 0.178546 0.093879 -0.148304 0.153115 0.166074 -0.196763 0.000145 0.202302 -0.260084 0.000145 0.169074 -0.20079 0.064282 0.119377 -0.214689 0.06788 0.069423 -0.210111 0.059714 0.199525 -0.17581 0.000145 0.522722 -0.183385 0.053503 0.308493 -0.148304 0.046209 0.436447 -0.260084 0.000145 0.169074 -0.196763 0.000145 0.202302 -0.17581 0.000145 0.522722 -0.196763 0.000145 0.202302 -0.148304 0.046209 0.436447 -0.17581 0.000145 0.522722 -0.196763 0.000145 0.202302 -0.214689 0.06788 0.069423 -0.148304 0.06788 0.077927 -0.260084 0.000145 0.169074 -0.186025 0.000145 -0.017174 -0.200784 0.000145 0.051134 -0.210111 0.059714 0.199525 -0.195613 0.094554 0.147573 -0.20079 0.064282 0.119377 -0.20034 0.084003 0.219051 -0.185488 0.121655 0.144921 -0.187877 0.105574 0.217383 -0.172812 0.137642 0.169116 -0.173147 0.117458 0.235127 -0.195613 0.094554 0.147573 -0.197115 0.138958 0.074417 -0.208737 0.109985 0.077446 -0.185488 0.121655 0.144921 -0.179672 0.162273 0.097028 -0.172812 0.137642 0.169116 -0.174173 0.256921 -0.034746 -0.148304 0.214733 -0.088166 -0.198894 0.215056 -0.063409 -0.148304 0.256755 -0.047405 -0.184889 0.25732 -0.004183 -0.219849 0.215837 -0.003641 -0.174173 0.257719 0.026378 -0.198894 0.216618 0.056126 -0.097713 0.215056 -0.063409 -0.122434 0.256921 -0.034746 -0.076758 0.215837 -0.003641 -0.111719 0.25732 -0.004183 -0.097713 0.216618 0.056126 -0.122434 0.257719 0.026378 -0.135369 0.257802 0.032708 -0.148304 0.257885 0.039038 -0.148304 0.233679 0.054777 -0.135369 0.233012 0.051138 -0.174173 0.256921 -0.034746 -0.148304 0.394809 -0.053532 -0.148304 0.256755 -0.047405 -0.178128 0.3911 -0.039246 -0.189986 0.382148 -0.004756 -0.184889 0.25732 -0.004183 -0.174173 0.257719 0.026378 -0.179812 0.373739 0.028434 -0.148304 0.257885 0.039038 -0.148304 0.370231 0.040573 -0.118479 0.395346 -0.039246 -0.122434 0.256921 -0.034746 -0.106622 0.386393 -0.004756 -0.111719 0.25732 -0.004183 -0.116795 0.37154 0.028434 -0.122434 0.257719 0.026378 -0.202312 0.505098 0.010264 -0.207373 0.678485 -0.029598 -0.19189 0.52182 -0.036801 -0.221497 0.641721 0.021953 -0.190396 0.490088 0.049678 -0.207373 0.605002 0.074215 -0.148304 0.481433 0.071571 -0.148304 0.589053 0.094787 -0.148304 0.693713 -0.050952 -0.148304 0.528119 -0.057292 -0.148304 0.394809 -0.053532 -0.178128 0.3911 -0.039246 -0.189986 0.382148 -0.004756 -0.179812 0.373739 0.028434 -0.148304 0.367529 0.045965 -0.106211 0.490088 0.049678 -0.089234 0.605002 0.074215 -0.094295 0.505098 0.010264 -0.07511 0.641721 0.021953 -0.104717 0.52182 -0.036801 -0.089234 0.678485 -0.029598 -0.116795 0.37154 0.028434 -0.106622 0.386393 -0.004756 -0.118479 0.395346 -0.039246 -0.148304 0.370231 0.040573 -0.148304 0.367529 0.045965 -0.148304 0.000145 0.201888 -0.099844 0.000145 0.202302 -0.06651 1.12921 0.044894 -0.079099 1.1264 0.060752 -0.051404 1.07753 0.017089 -0.10277 1.17427 0.066178 -0.085469 1.19343 0.045612 -0.053591 1.04407 0.029017 -0.035198 1.02711 -0.034789 -0.04751 1.06606 -0.021067 -0.111715 1.23794 0.065475 -0.12022 1.15336 0.074537 -0.133596 1.2353 0.069775 -0.142418 1.16387 0.08061 -0.099717 1.24683 0.050968 -0.152169 1.2457 0.053011 -0.163881 1.15606 0.072468 -0.180107 1.17686 0.05518 -0.157143 1.26228 0.025909 -0.201232 1.16497 0.033377 -0.192345 1.19579 -0.009945 -0.153076 1.27576 0.004113 -0.140988 1.28989 -0.018961 -0.192448 1.18387 -0.049462 -0.170146 1.0966 0.082054 -0.146537 1.07475 0.09435 -0.16539 1.19406 -0.078305 -0.124872 1.29602 -0.029059 -0.204603 1.14111 -0.076324 -0.134004 1.20027 -0.086013 -0.11149 1.29248 -0.023279 -0.105496 1.20087 -0.079566 -0.089223 1.23491 -0.034246 -0.082484 1.19669 -0.061864 -0.099623 1.27779 0.000593 -0.088899 1.24674 -0.003225 -0.193834 1.07464 -0.139446 -0.145445 1.0704 -0.151622 -0.097562 1.05967 -0.141727 -0.068741 1.14182 -0.074704 -0.225085 1.10042 -0.071908 -0.229432 1.07353 -0.10133 -0.245582 1.06774 -0.046838 -0.050953 1.04423 -0.106641 -0.051374 1.08536 -0.056124 -0.035198 1.02711 -0.034789 -0.04751 1.06606 -0.021067 -0.035198 1.02711 -0.034789 -0.076658 0.98293 0.033674 -0.07115 0.975953 -0.024131 -0.053591 1.04407 0.029017 -0.093446 1.03739 0.074544 -0.084117 0.98893 -0.080523 -0.050953 1.04423 -0.106641 -0.097562 1.05967 -0.141727 -0.107982 0.995949 -0.107494 -0.145445 1.0704 -0.151622 -0.148297 0.997816 -0.115561 -0.079099 1.1264 0.060752 -0.146537 1.07475 0.09435 -0.148286 1.03732 0.101172 -0.120759 1.09682 0.08259 -0.12022 1.15336 0.074537 -0.10277 1.17427 0.066178 -0.108941 0.907921 0.021317 -0.091885 0.944587 -0.015338 -0.09859 0.939907 0.025428 -0.102501 0.907129 -0.00647 -0.120214 0.946984 0.059249 -0.09945 0.949825 -0.057071 -0.105966 0.911641 -0.043807 -0.113852 0.912569 -0.051129 -0.112241 0.951385 -0.071704 -0.111724 0.999075 0.085184 -0.148297 1.00332 0.105369 -0.148286 0.948153 0.074793 -0.108941 0.907921 0.021317 -0.125939 0.891863 0.038342 -0.113131 0.875976 0.016192 -0.120214 0.946984 0.059249 -0.148286 0.948153 0.074793 -0.14827 0.906833 0.05479 -0.102501 0.907129 -0.00647 -0.111673 0.860852 -0.00617 -0.105966 0.911641 -0.043807 -0.113329 0.864415 -0.035058 -0.113852 0.912569 -0.051129 -0.09859 0.939907 0.025428 -0.07115 0.975953 -0.024131 -0.076658 0.98293 0.033674 -0.091885 0.944587 -0.015338 -0.111724 0.999075 0.085184 -0.084117 0.98893 -0.080523 -0.09945 0.949825 -0.057071 -0.112241 0.951385 -0.071704 -0.107982 0.995949 -0.107494 -0.093446 1.03739 0.074544 -0.148297 1.00332 0.105369 -0.148286 1.03732 0.101172 -0.188612 0.995949 -0.107494 -0.193834 1.07464 -0.139446 -0.210588 0.993637 -0.080523 -0.229432 1.07353 -0.10133 -0.251202 1.02711 -0.034789 -0.251202 1.02711 -0.034789 -0.216002 0.990215 0.030503 -0.241111 1.0396 0.025743 -0.225625 0.988828 -0.024131 -0.205792 1.03735 0.07636 -0.245582 1.06774 -0.046838 -0.237525 1.07466 0.007051 -0.206103 1.10589 0.053522 -0.170146 1.0966 0.082054 -0.180107 1.17686 0.05518 -0.163881 1.15606 0.072468 -0.217856 1.11707 0.027875 -0.201232 1.16497 0.033377 -0.229432 1.07353 -0.10133 -0.210588 0.993637 -0.080523 -0.18761 0.907921 0.021317 -0.203557 0.944587 -0.015338 -0.19405 0.907129 -0.00647 -0.197326 0.939907 0.025428 -0.176337 0.946984 0.059249 -0.197101 0.949825 -0.057071 -0.190585 0.911641 -0.043807 -0.182699 0.912569 -0.051129 -0.18431 0.951385 -0.071704 -0.18487 0.999075 0.085184 -0.176337 0.946984 0.059249 -0.170601 0.891863 0.038342 -0.18761 0.907921 0.021317 -0.183408 0.875976 0.016192 -0.19405 0.907129 -0.00647 -0.184867 0.860852 -0.00617 -0.190585 0.911641 -0.043807 -0.183211 0.864415 -0.035058 -0.182699 0.912569 -0.051129 -0.197326 0.939907 0.025428 -0.225625 0.988828 -0.024131 -0.203557 0.944587 -0.015338 -0.216002 0.990215 0.030503 -0.18487 0.999075 0.085184 -0.210588 0.993637 -0.080523 -0.197101 0.949825 -0.057071 -0.18431 0.951385 -0.071704 -0.188612 0.995949 -0.107494 -0.205792 1.03735 0.07636 -0.177586 1.12847 -0.028889 -0.204603 1.14111 -0.076324 -0.225085 1.10042 -0.071908 -0.245582 1.06774 -0.046838 -0.192448 1.18387 -0.049462 -0.192345 1.19579 -0.009945 -0.237525 1.07466 0.007051 -0.217856 1.11707 0.027875 -0.201232 1.16497 0.033377 -0.087008 1.22975 0.02834 -0.095035 1.25923 0.03078 -0.088899 1.24674 -0.003225 -0.099623 1.27779 0.000593 -0.152169 1.2457 0.053011 -0.124872 1.29602 -0.029059 -0.140988 1.28989 -0.018961 -0.133596 1.2353 0.069775 -0.11149 1.29248 -0.023279 -0.111715 1.23794 0.065475 -0.099623 1.27779 0.000593 -0.099717 1.24683 0.050968 -0.153076 1.27576 0.004113 -0.157143 1.26228 0.025909 -0.095035 1.25923 0.03078 -0.04751 1.06606 -0.021067 -0.087008 1.22975 0.02834 -0.051404 1.07753 0.017089 -0.088899 1.24674 -0.003225 -0.06651 1.12921 0.044894 -0.085469 1.19343 0.045612 -0.051374 1.08536 -0.056124 -0.089223 1.23491 -0.034246 -0.068741 1.14182 -0.074704 -0.082484 1.19669 -0.061864 -0.14827 0.906833 0.05479 -0.148297 0.99493 0.000855 -0.125939 0.891863 0.038342 -0.107982 0.995949 -0.107494 -0.113852 0.912569 -0.051129 -0.113329 0.864415 -0.035058 -0.111673 0.860852 -0.00617 -0.112241 0.951385 -0.071704 -0.113131 0.875976 0.016192 -0.107982 0.995949 -0.107494 -0.148297 0.99493 0.000855 -0.148297 0.997816 -0.115561 -0.170601 0.891863 0.038342 -0.188612 0.995949 -0.107494 -0.188612 0.995949 -0.107494 -0.183408 0.875976 0.016192 -0.182699 0.912569 -0.051129 -0.18431 0.951385 -0.071704 -0.184867 0.860852 -0.00617 -0.183211 0.864415 -0.035058 -0.170601 0.891863 0.038342 -0.18431 0.951385 -0.071704 -0.188612 0.995949 -0.107494 -0.183408 0.875976 0.016192 -0.107982 0.995949 -0.107494 -0.113131 0.875976 0.016192 -0.125939 0.891863 0.038342 -0.112241 0.951385 -0.071704 -0.120759 1.09682 0.08259 -0.043605 1.15874 -0.032873 -0.095425 1.1737 -0.025445 -0.047828 1.18261 -0.030575 -0.091201 1.14983 -0.027743 -0.047828 1.18261 -0.030575 -0.094994 1.18407 -0.003422 -0.047397 1.19299 -0.008552 -0.095425 1.1737 -0.025445 -0.047397 1.19299 -0.008552 -0.09034 1.17058 0.016302 -0.042743 1.17949 0.011171 -0.094994 1.18407 -0.003422 -0.042743 1.17949 0.011171 -0.086117 1.14671 0.014004 -0.03852 1.15562 0.008873 -0.09034 1.17058 0.016302 -0.03852 1.15562 0.008873 -0.086548 1.13633 -0.008018 -0.038951 1.14525 -0.013149 -0.086117 1.14671 0.014004 -0.038951 1.14525 -0.013149 -0.091201 1.14983 -0.027743 -0.043605 1.15874 -0.032873 -0.086548 1.13633 -0.008018 -0.185931 0.934786 -0.126347 -0.110677 0.934786 -0.126347 -0.148304 0.931684 -0.149188 -0.180585 0.938633 -0.052399 -0.116022 0.938633 -0.052399 -0.185931 0.925526 -0.125727 -0.110677 0.925526 -0.125727 -0.110677 0.934786 -0.126347 -0.148304 0.926135 -0.148816 -0.148304 0.931684 -0.149188 -0.110677 0.925526 -0.125727 -0.185931 0.925526 -0.125727 -0.185931 0.934786 -0.126347 -0.180585 0.938633 -0.052399 -0.116022 0.938633 -0.052399 -0.148304 0.926135 -0.148816 -0.185931 0.909793 -0.120319 -0.110677 0.909793 -0.120319 -0.148304 0.90704 -0.143183 -0.180585 0.91364 -0.04637 -0.116022 0.91364 -0.04637 -0.185931 0.900533 -0.119698 -0.110677 0.900533 -0.119698 -0.110677 0.909793 -0.120319 -0.148304 0.900793 -0.142764 -0.148304 0.90704 -0.143183 -0.110677 0.900533 -0.119698 -0.185931 0.900533 -0.119698 -0.185931 0.909793 -0.120319 -0.180585 0.91364 -0.04637 -0.116022 0.91364 -0.04637 -0.148304 0.900793 -0.142764 -0.185931 0.983677 -0.127034 -0.110677 0.983677 -0.127034 -0.148304 0.981272 -0.149921 -0.180585 0.987524 -0.053085 -0.116022 0.987524 -0.053085 -0.185931 0.974417 -0.126413 -0.110677 0.974417 -0.126413 -0.110677 0.983677 -0.127034 -0.148304 0.974329 -0.149456 -0.148304 0.981272 -0.149921 -0.110677 0.974417 -0.126413 -0.185931 0.974417 -0.126413 -0.185931 0.983677 -0.127034 -0.180585 0.987524 -0.053085 -0.116022 0.987524 -0.053085 -0.148304 0.974329 -0.149456 -0.185931 0.959142 -0.12576 -0.110677 0.959142 -0.12576 -0.148304 0.957051 -0.148668 -0.180585 0.962989 -0.051811 -0.116022 0.962989 -0.051811 -0.185931 0.949882 -0.125139 -0.110677 0.949882 -0.125139 -0.110677 0.959142 -0.12576 -0.148304 0.94948 -0.148161 -0.148304 0.957051 -0.148668 -0.110677 0.949882 -0.125139 -0.185931 0.949882 -0.125139 -0.185931 0.959142 -0.12576 -0.180585 0.962989 -0.051811 -0.116022 0.962989 -0.051811 -0.148304 0.94948 -0.148161 -0.185931 0.883906 -0.104999 -0.110677 0.883906 -0.104999 -0.148304 0.880476 -0.127817 -0.180585 0.887752 -0.03105 -0.116022 0.887752 -0.03105 -0.185931 0.874645 -0.104378 -0.110677 0.874645 -0.104378 -0.110677 0.883906 -0.104999 -0.148304 0.875582 -0.127489 -0.148304 0.880476 -0.127817 -0.110677 0.874645 -0.104378 -0.185931 0.874645 -0.104378 -0.185931 0.883906 -0.104999 -0.180585 0.887752 -0.03105 -0.116022 0.887752 -0.03105 -0.148304 0.875582 -0.127489 -0.185931 0.858493 -0.094612 -0.110677 0.858493 -0.094612 -0.148304 0.855138 -0.117436 -0.180585 0.862339 -0.020663 -0.116022 0.862339 -0.020663 -0.185931 0.849232 -0.093991 -0.110677 0.849232 -0.093991 -0.110677 0.858493 -0.094612 -0.148304 0.850094 -0.117098 -0.148304 0.855138 -0.117436 -0.110677 0.849232 -0.093991 -0.185931 0.849232 -0.093991 -0.185931 0.858493 -0.094612 -0.180585 0.862339 -0.020663 -0.116022 0.862339 -0.020663 -0.148304 0.850094 -0.117098 -0.114466 0.747667 -0.03975 -0.148304 0.657109 -0.089621 -0.148304 0.755846 -0.064707 -0.112602 0.653701 -0.067087 -0.112602 0.731938 0.000993 -0.112602 0.646886 -0.022019 -0.148304 0.724073 0.021366 -0.148304 0.643477 0.000515 -0.184005 0.731938 0.000993 -0.184005 0.646885 -0.022018 -0.182141 0.747667 -0.03975 -0.184005 0.653702 -0.067087 -0.186094 0.956039 -0.031904 -0.178334 0.876667 -0.063072 -0.184837 0.892683 -0.008162 -0.176653 0.946056 -0.091209 -0.148304 0.867973 -0.088194 -0.174568 1.00871 -0.099188 -0.148304 1.01 -0.107565 -0.148304 0.940889 -0.111006 -0.186867 0.99383 -0.045068 -0.148304 0.960542 -0.008001 -0.148304 0.900625 0.015359 -0.148304 0.986387 -0.021446 -0.118273 0.876667 -0.063072 -0.110513 0.956039 -0.031904 -0.11177 0.892683 -0.008162 -0.10974 0.99383 -0.045068 -0.119954 0.946056 -0.091209 -0.12204 1.00871 -0.099188 -0.098373 0.663283 -0.002952 -0.148304 0.738535 -0.15284 -0.099375 0.72719 -0.13357 -0.148304 0.64826 0.022525 -0.198233 0.663284 -0.002952 -0.197232 0.72719 -0.13357 -0.148304 0.75922 -0.14156 -0.098373 0.663283 -0.002952 -0.098168 0.747589 -0.122009 -0.148304 0.64826 0.022525 -0.198233 0.663284 -0.002952 -0.198439 0.747589 -0.122009 -0.197232 0.72719 -0.13357 -0.148304 0.75922 -0.14156 -0.148304 0.738535 -0.15284 -0.198439 0.747589 -0.122009 -0.198233 0.663284 -0.002952 -0.098168 0.747589 -0.122009 -0.099375 0.72719 -0.13357 -0.098373 0.663283 -0.002952 -0.098373 0.690258 0.008798 -0.148304 0.768861 -0.139368 -0.099375 0.756778 -0.120302 -0.148304 0.674635 0.033913 -0.198233 0.690258 0.008798 -0.197232 0.756778 -0.120302 -0.148304 0.789915 -0.127465 -0.098373 0.690258 0.008798 -0.098168 0.777531 -0.108123 -0.148304 0.674635 0.033913 -0.198233 0.690258 0.008798 -0.198439 0.777531 -0.108123 -0.197232 0.756778 -0.120302 -0.148304 0.789915 -0.127465 -0.148304 0.768861 -0.139368 -0.198439 0.777531 -0.108123 -0.198233 0.690258 0.008798 -0.098168 0.777531 -0.108123 -0.099375 0.756778 -0.120302 -0.098373 0.690258 0.008798 -0.115225 0.633621 -0.013803 -0.148304 0.702996 -0.166657 -0.099375 0.692272 -0.146725 -0.148304 0.619588 0.012233 -0.181383 0.633621 -0.013803 -0.197232 0.692272 -0.146725 -0.148304 0.724354 -0.156053 -0.115225 0.633621 -0.013803 -0.098168 0.713352 -0.135824 -0.148304 0.619588 0.012233 -0.181383 0.633621 -0.013803 -0.198439 0.713352 -0.135824 -0.197232 0.692272 -0.146725 -0.148304 0.724354 -0.156053 -0.148304 0.702996 -0.166657 -0.198439 0.713352 -0.135824 -0.181383 0.633621 -0.013803 -0.098168 0.713352 -0.135824 -0.099375 0.692272 -0.146725 -0.115225 0.633621 -0.013803 -0.098311 0.644423 -0.081083 -0.064097 0.62455 -0.044596 -0.085047 0.653613 -0.097758 -0.079623 0.62228 -0.040237 -0.078208 0.635626 -0.121161 -0.054726 0.603017 -0.061263 -0.089379 0.599145 -0.053617 -0.105173 0.617306 -0.087936 -0.088034 0.644078 -0.136295 -0.093886 0.661286 -0.111435 -0.148304 0.652498 -0.151643 -0.148304 0.66799 -0.123693 -0.105547 0.650569 -0.092022 -0.148304 0.653876 -0.098084 -0.111377 0.622608 -0.097447 -0.148304 0.624219 -0.100401 -0.087554 0.591128 -0.03982 -0.078714 0.612877 -0.023923 -0.088503 0.568712 0.021727 -0.06283 0.612706 -0.024131 -0.0537 0.590002 -0.038745 -0.067663 0.580621 0.034194 -0.060635 0.55329 0.027307 -0.088503 0.576506 0.045217 -0.088503 0.546975 0.043063 -0.088503 0.58986 0.020185 -0.085069 0.608614 -0.128045 -0.080008 0.577943 -0.07083 -0.098333 0.599423 -0.111371 -0.064482 0.580213 -0.075189 -0.093863 0.616184 -0.141674 -0.105524 0.605467 -0.122262 -0.148304 0.608773 -0.128321 -0.148304 0.622887 -0.153929 -0.07911 0.568531 -0.054509 -0.06337 0.568439 -0.054823 -0.088503 0.54437 -0.009275 -0.069823 0.535673 0.004063 -0.088503 0.531016 0.015757 -0.088503 0.5738 -0.007144 -0.198295 0.644423 -0.081083 -0.232509 0.62455 -0.044596 -0.216984 0.62228 -0.040237 -0.21156 0.653613 -0.097758 -0.218399 0.635626 -0.121161 -0.241881 0.603017 -0.061263 -0.207228 0.599145 -0.053617 -0.191434 0.617306 -0.087936 -0.208573 0.644078 -0.136295 -0.202721 0.661286 -0.111435 -0.19106 0.650569 -0.092022 -0.185231 0.622608 -0.097447 -0.209052 0.591128 -0.03982 -0.217892 0.612877 -0.023923 -0.208104 0.5738 -0.007144 -0.208104 0.58986 0.020185 -0.228944 0.580621 0.034194 -0.233777 0.612706 -0.024131 -0.242906 0.590002 -0.038745 -0.235971 0.55329 0.027307 -0.208104 0.576506 0.045217 -0.208104 0.546975 0.043063 -0.211538 0.608614 -0.128045 -0.216599 0.577943 -0.07083 -0.232124 0.580213 -0.075189 -0.198273 0.599423 -0.111371 -0.202744 0.616184 -0.141674 -0.191083 0.605467 -0.122262 -0.217496 0.568531 -0.054509 -0.233236 0.568439 -0.054823 -0.208104 0.54437 -0.009275 -0.226783 0.535673 0.004063 -0.208104 0.531016 0.015757 -0.099598 0.577552 -0.091129 -0.064097 0.55768 -0.054642 -0.086675 0.586743 -0.107804 -0.079623 0.55541 -0.050283 -0.080011 0.568756 -0.131207 -0.054726 0.536147 -0.071309 -0.089379 0.532275 -0.063663 -0.106282 0.550435 -0.097982 -0.089584 0.577208 -0.14634 -0.095286 0.594416 -0.12148 -0.148304 0.585627 -0.161689 -0.148304 0.60112 -0.133738 -0.106647 0.583698 -0.102068 -0.148304 0.587006 -0.10813 -0.112327 0.555737 -0.107493 -0.148304 0.557348 -0.110447 -0.087554 0.524257 -0.049866 -0.078714 0.546007 -0.033969 -0.088503 0.501154 0.021727 -0.06283 0.545835 -0.034176 -0.0537 0.523132 -0.04879 -0.070174 0.513751 0.024148 -0.063365 0.48642 0.017262 -0.088503 0.509636 0.035171 -0.088503 0.480105 0.033017 -0.088503 0.52299 0.010139 -0.086696 0.541744 -0.138091 -0.080008 0.511073 -0.080876 -0.099619 0.532553 -0.121417 -0.064482 0.513343 -0.085235 -0.095263 0.549314 -0.15172 -0.106625 0.538596 -0.132307 -0.148304 0.541902 -0.138366 -0.148304 0.556016 -0.163975 -0.07911 0.501661 -0.064555 -0.06337 0.501569 -0.064868 -0.088503 0.4775 -0.01932 -0.072267 0.468803 -0.005981 -0.088503 0.464145 0.005711 -0.088503 0.50693 -0.01719 -0.197009 0.577552 -0.091129 -0.232509 0.55768 -0.054642 -0.216984 0.55541 -0.050283 -0.209932 0.586743 -0.107804 -0.216595 0.568756 -0.131207 -0.241881 0.536147 -0.071309 -0.207228 0.532275 -0.063663 -0.190325 0.550435 -0.097982 -0.207022 0.577208 -0.14634 -0.201321 0.594416 -0.12148 -0.18996 0.583698 -0.102068 -0.184281 0.555737 -0.107493 -0.209052 0.524257 -0.049866 -0.217892 0.546007 -0.033969 -0.208104 0.50693 -0.01719 -0.208104 0.52299 0.010139 -0.226433 0.513751 0.024148 -0.233777 0.545835 -0.034176 -0.242906 0.523132 -0.04879 -0.233241 0.48642 0.017262 -0.208104 0.509636 0.035171 -0.208104 0.480105 0.033017 -0.209911 0.541744 -0.138091 -0.216599 0.511073 -0.080876 -0.232124 0.513343 -0.085235 -0.196988 0.532553 -0.121417 -0.201343 0.549314 -0.15172 -0.189982 0.538596 -0.132307 -0.217496 0.501661 -0.064555 -0.233236 0.501569 -0.064868 -0.208104 0.4775 -0.01932 -0.22434 0.468803 -0.005981 -0.208104 0.464145 0.005711 -0.101032 0.509427 -0.101095 -0.066476 0.489554 -0.064607 -0.088489 0.518617 -0.117769 -0.081563 0.487284 -0.060248 -0.082022 0.50063 -0.141172 -0.057369 0.468021 -0.081274 -0.091044 0.464149 -0.073628 -0.10752 0.482309 -0.107948 -0.091313 0.509082 -0.156306 -0.096847 0.52629 -0.131446 -0.148304 0.517501 -0.171654 -0.148304 0.532994 -0.143704 -0.107874 0.515572 -0.112033 -0.148304 0.51888 -0.118096 -0.113386 0.487611 -0.117459 -0.148304 0.489223 -0.120412 -0.089271 0.456132 -0.059831 -0.08068 0.477881 -0.043934 -0.088503 0.432345 0.021727 -0.068433 0.47771 -0.044142 -0.078024 0.445625 0.014183 -0.088503 0.454864 0.000174 -0.059903 0.455006 -0.058756 -0.071899 0.418294 0.007296 -0.088503 0.44151 0.025206 -0.088503 0.411979 0.023052 -0.088503 0.438804 -0.027155 -0.08851 0.473618 -0.148056 -0.081937 0.442947 -0.090841 -0.101053 0.464427 -0.131382 -0.06685 0.445217 -0.095201 -0.096825 0.481188 -0.161685 -0.107852 0.47047 -0.142273 -0.148304 0.473777 -0.148332 -0.148304 0.487891 -0.17394 -0.081065 0.433535 -0.07452 -0.068939 0.433443 -0.074834 -0.088503 0.409374 -0.029286 -0.079907 0.400677 -0.015947 -0.088503 0.396019 -0.004253 -0.195575 0.509427 -0.101095 -0.23013 0.489554 -0.064607 -0.215043 0.487284 -0.060248 -0.208118 0.518617 -0.117769 -0.214585 0.50063 -0.141172 -0.239237 0.468021 -0.081274 -0.205563 0.464149 -0.073628 -0.189088 0.482309 -0.107948 -0.205294 0.509082 -0.156306 -0.19976 0.52629 -0.131446 -0.188733 0.515572 -0.112033 -0.183221 0.487611 -0.117459 -0.207336 0.456132 -0.059831 -0.215926 0.477881 -0.043934 -0.208104 0.438804 -0.027155 -0.208104 0.454864 0.000174 -0.218583 0.445625 0.014183 -0.228173 0.47771 -0.044142 -0.236704 0.455006 -0.058756 -0.224707 0.418294 0.007296 -0.208104 0.44151 0.025206 -0.208104 0.411979 0.023052 -0.208097 0.473618 -0.148056 -0.214669 0.442947 -0.090841 -0.229756 0.445217 -0.095201 -0.195554 0.464427 -0.131382 -0.199782 0.481188 -0.161685 -0.188755 0.47047 -0.142273 -0.215542 0.433535 -0.07452 -0.227668 0.433443 -0.074834 -0.208104 0.409374 -0.029286 -0.2167 0.400677 -0.015947 -0.208104 0.396019 -0.004253 -0.10752 0.532552 0.041718 -0.08849 0.528615 0.014723 -0.08849 0.534765 0.040011 -0.10752 0.556537 0.055678 -0.08849 0.556956 0.052927 -0.10752 0.58381 0.048088 -0.08849 0.58219 0.045904 -0.10752 0.598395 0.023393 -0.08849 0.595685 0.023057 -0.10752 0.525906 0.014386 -0.08849 0.54211 -0.008124 -0.10752 0.540491 -0.010307 -0.08849 0.567345 -0.015147 -0.10752 0.567764 -0.017897 -0.08849 0.589535 -0.002231 -0.10752 0.591749 -0.003938 -0.08849 0.528615 0.014723 -0.08849 0.589535 -0.002231 -0.08849 0.595685 0.023057 -0.08849 0.54211 -0.008124 -0.08849 0.567345 -0.015147 -0.08849 0.58219 0.045904 -0.08849 0.534765 0.040011 -0.08849 0.556956 0.052927 -0.10752 0.58381 0.048088 -0.10752 0.525906 0.014386 -0.10752 0.532552 0.041718 -0.10752 0.598395 0.023393 -0.10752 0.556537 0.055678 -0.10752 0.540491 -0.010307 -0.10752 0.591749 -0.003938 -0.10752 0.567764 -0.017897 -0.10752 0.464624 0.031607 -0.08849 0.460688 0.004517 -0.08849 0.466838 0.029894 -0.10752 0.488609 0.045616 -0.08849 0.489029 0.042855 -0.10752 0.515883 0.037999 -0.08849 0.514263 0.035808 -0.10752 0.530468 0.013218 -0.08849 0.527758 0.01288 -0.10752 0.457978 0.004179 -0.08849 0.474183 -0.01841 -0.10752 0.472563 -0.020601 -0.08849 0.499417 -0.025458 -0.10752 0.499837 -0.028218 -0.08849 0.521608 -0.012496 -0.10752 0.523822 -0.014209 -0.08849 0.460688 0.004517 -0.08849 0.521608 -0.012496 -0.08849 0.527758 0.01288 -0.08849 0.474183 -0.01841 -0.08849 0.499417 -0.025458 -0.08849 0.514263 0.035808 -0.08849 0.466838 0.029894 -0.08849 0.489029 0.042855 -0.10752 0.515883 0.037999 -0.10752 0.457978 0.004179 -0.10752 0.464624 0.031607 -0.10752 0.530468 0.013218 -0.10752 0.488609 0.045616 -0.10752 0.472563 -0.020601 -0.10752 0.523822 -0.014209 -0.10752 0.499837 -0.028218 -0.10752 0.394858 0.021019 -0.08849 0.390922 -0.005601 -0.08849 0.397072 0.019336 -0.10752 0.418843 0.034785 -0.08849 0.419263 0.032072 -0.10752 0.446117 0.0273 -0.08849 0.444497 0.025147 -0.10752 0.460702 0.002948 -0.08849 0.457991 0.002616 -0.10752 0.388212 -0.005933 -0.08849 0.404417 -0.028131 -0.10752 0.402797 -0.030285 -0.08849 0.429651 -0.035057 -0.10752 0.43007 -0.03777 -0.08849 0.451842 -0.02232 -0.10752 0.454056 -0.024004 -0.08849 0.390922 -0.005601 -0.08849 0.451842 -0.02232 -0.08849 0.457991 0.002616 -0.08849 0.404417 -0.028131 -0.08849 0.429651 -0.035057 -0.08849 0.444497 0.025147 -0.08849 0.397072 0.019336 -0.08849 0.419263 0.032072 -0.10752 0.446117 0.0273 -0.10752 0.388212 -0.005933 -0.10752 0.394858 0.021019 -0.10752 0.460702 0.002948 -0.10752 0.418843 0.034785 -0.10752 0.402797 -0.030285 -0.10752 0.454056 -0.024004 -0.10752 0.43007 -0.03777 -0.189087 0.532552 0.041718 -0.208117 0.534765 0.040011 -0.208117 0.528615 0.014723 -0.189087 0.556537 0.055678 -0.208117 0.556956 0.052927 -0.189087 0.58381 0.048088 -0.208117 0.58219 0.045904 -0.189087 0.598395 0.023393 -0.208117 0.595685 0.023057 -0.189087 0.525906 0.014386 -0.208117 0.54211 -0.008124 -0.189087 0.540491 -0.010307 -0.208117 0.567345 -0.015147 -0.189087 0.567764 -0.017897 -0.208117 0.589535 -0.002231 -0.189087 0.591749 -0.003938 -0.208117 0.528615 0.014723 -0.208117 0.589535 -0.002231 -0.208117 0.54211 -0.008124 -0.208117 0.595685 0.023057 -0.208117 0.567345 -0.015147 -0.208117 0.58219 0.045904 -0.208117 0.534765 0.040011 -0.208117 0.556956 0.052927 -0.189087 0.58381 0.048088 -0.189087 0.525906 0.014386 -0.189087 0.598395 0.023393 -0.189087 0.532552 0.041718 -0.189087 0.556537 0.055678 -0.189087 0.540491 -0.010307 -0.189087 0.591749 -0.003938 -0.189087 0.567764 -0.017897 -0.189087 0.464624 0.031607 -0.208117 0.466838 0.029894 -0.208117 0.460688 0.004517 -0.189087 0.488609 0.045616 -0.208117 0.489029 0.042855 -0.189087 0.515883 0.037999 -0.208117 0.514263 0.035808 -0.189087 0.530468 0.013218 -0.208117 0.527758 0.01288 -0.189087 0.457978 0.004179 -0.208117 0.474183 -0.01841 -0.189087 0.472563 -0.020601 -0.208117 0.499417 -0.025458 -0.189087 0.499837 -0.028218 -0.208117 0.521608 -0.012496 -0.189087 0.523822 -0.014209 -0.208117 0.460688 0.004517 -0.208117 0.521608 -0.012496 -0.208117 0.474183 -0.01841 -0.208117 0.527758 0.01288 -0.208117 0.499417 -0.025458 -0.208117 0.514263 0.035808 -0.208117 0.466838 0.029894 -0.208117 0.489029 0.042855 -0.189087 0.515883 0.037999 -0.189087 0.457978 0.004179 -0.189087 0.530468 0.013218 -0.189087 0.464624 0.031607 -0.189087 0.488609 0.045616 -0.189087 0.472563 -0.020601 -0.189087 0.523822 -0.014209 -0.189087 0.499837 -0.028218 -0.189087 0.394858 0.021019 -0.208117 0.397072 0.019336 -0.208117 0.390922 -0.005601 -0.189087 0.418843 0.034785 -0.208117 0.419263 0.032072 -0.189087 0.446117 0.0273 -0.208117 0.444497 0.025147 -0.189087 0.460702 0.002948 -0.208117 0.457991 0.002616 -0.189087 0.388212 -0.005933 -0.208117 0.404417 -0.028131 -0.189087 0.402797 -0.030285 -0.208117 0.429651 -0.035057 -0.189087 0.43007 -0.03777 -0.208117 0.451842 -0.02232 -0.189087 0.454056 -0.024004 -0.208117 0.390922 -0.005601 -0.208117 0.451842 -0.02232 -0.208117 0.404417 -0.028131 -0.208117 0.457991 0.002616 -0.208117 0.429651 -0.035057 -0.208117 0.444497 0.025147 -0.208117 0.397072 0.019336 -0.208117 0.419263 0.032072 -0.189087 0.446117 0.0273 -0.189087 0.388212 -0.005933 -0.189087 0.460702 0.002948 -0.189087 0.394858 0.021019 -0.189087 0.418843 0.034785 -0.189087 0.402797 -0.030285 -0.189087 0.454056 -0.024004 -0.189087 0.43007 -0.03777 -0.112555 0.569291 0.133803 -0.112102 0.55532 0.120891 -0.058875 0.616998 0.081865 -0.058875 0.560286 0.031044 -0.110571 0.514838 0.089858 -0.068725 0.750287 -0.061945 -0.08628 0.724162 -0.033875 -0.05837 0.724162 -0.033875 -0.089894 0.638535 0.059103 -0.058875 0.616998 0.081865 -0.108493 0.611779 0.086567 -0.11133 0.590759 0.110737 -0.088918 0.771048 -0.08308 -0.112555 0.569291 0.133803 -0.148304 0.67844 -0.106843 -0.088918 0.674783 -0.101744 -0.068725 0.654023 -0.080609 -0.05837 0.627897 -0.052539 -0.068725 0.654023 -0.080609 -0.088918 0.771048 -0.08308 -0.068725 0.750287 -0.061945 -0.088918 0.674783 -0.101744 -0.05837 0.627897 -0.052539 -0.05837 0.724162 -0.033875 -0.058875 0.560286 0.031044 -0.058875 0.616998 0.081865 -0.148304 0.400163 0.276887 -0.143911 0.405847 0.269444 -0.148304 0.410411 0.278627 -0.148304 0.519902 0.21078 -0.12501 0.496916 0.180093 -0.119485 0.473793 0.153512 -0.148304 0.401358 0.267759 -0.110571 0.514838 0.089858 -0.126865 0.539217 0.164167 -0.148304 0.570221 0.173811 -0.112102 0.55532 0.120891 -0.152697 0.405847 0.269444 -0.171597 0.496916 0.180093 -0.177123 0.473793 0.153512 -0.186036 0.514838 0.089858 -0.169743 0.539217 0.164167 -0.184506 0.55532 0.120891 -0.177123 0.473793 0.153512 -0.148304 0.514838 0.089858 -0.186036 0.514838 0.089858 -0.119485 0.473793 0.153512 -0.110571 0.514838 0.089858 -0.148304 0.679241 0.095827 -0.117936 0.735754 0.027376 -0.148304 0.727736 0.053662 -0.11823 0.652918 0.09288 -0.100968 0.648878 0.065115 -0.08628 0.724162 -0.033875 -0.096099 0.746504 -0.026947 -0.088918 0.771048 -0.08308 -0.089894 0.638535 0.059103 -0.126865 0.539217 0.164167 -0.112102 0.55532 0.120891 -0.112555 0.569291 0.133803 -0.125679 0.587662 0.13579 -0.11133 0.590759 0.110737 -0.148304 0.570221 0.173811 -0.148304 0.615956 0.142785 -0.170928 0.587662 0.13579 -0.169743 0.539217 0.164167 -0.184052 0.569291 0.133803 -0.184506 0.55532 0.120891 -0.185278 0.590759 0.110737 -0.088918 0.771048 -0.08308 -0.097235 0.692666 -0.096032 -0.097235 0.762013 -0.084146 -0.088918 0.674783 -0.101744 -0.148304 0.696432 -0.10226 -0.148304 0.67844 -0.106843 -0.148304 0.727736 0.053662 -0.117936 0.735754 0.027376 -0.148304 0.641595 -0.006099 -0.096099 0.746504 -0.026947 -0.097235 0.762013 -0.084146 -0.097235 0.692666 -0.096032 -0.088918 0.771048 -0.08308 -0.097235 0.692666 -0.096032 -0.148304 0.696432 -0.10226 -0.148304 0.641595 -0.006099 -0.108493 0.611779 0.086567 -0.125679 0.587662 0.13579 -0.11133 0.590759 0.110737 -0.124209 0.615426 0.11772 -0.148304 0.615956 0.142785 -0.148304 0.642057 0.124298 -0.172399 0.615426 0.11772 -0.170928 0.587662 0.13579 -0.188114 0.611779 0.086567 -0.185278 0.590759 0.110737 -0.100968 0.648878 0.065115 -0.124209 0.615426 0.11772 -0.108493 0.611779 0.086567 -0.11823 0.652918 0.09288 -0.148304 0.679241 0.095827 -0.089894 0.638535 0.059103 -0.148304 0.642057 0.124298 -0.172399 0.615426 0.11772 -0.178377 0.652918 0.09288 -0.188114 0.611779 0.086567 -0.195639 0.648878 0.065115 -0.206713 0.638535 0.059103 -0.148304 0.514838 0.089858 -0.058875 0.560286 0.031044 -0.110571 0.514838 0.089858 -0.148304 0.67844 -0.106843 -0.05837 0.627897 -0.052539 -0.186461 0.579308 0.119233 -0.197472 0.581217 0.120818 -0.237732 0.616998 0.081865 -0.184052 0.569291 0.133803 -0.227882 0.750287 -0.061945 -0.238237 0.724162 -0.033875 -0.210327 0.724162 -0.033875 -0.206713 0.638535 0.059103 -0.237732 0.616998 0.081865 -0.188114 0.611779 0.086567 -0.185278 0.590759 0.110737 -0.207689 0.771048 -0.08308 -0.184052 0.569291 0.133803 -0.227882 0.654023 -0.080609 -0.207689 0.674783 -0.101744 -0.238237 0.627897 -0.052539 -0.237732 0.560286 0.031044 -0.19896 0.5262 0.075154 -0.186036 0.514838 0.089858 -0.227882 0.654023 -0.080609 -0.207689 0.771048 -0.08308 -0.207689 0.674783 -0.101744 -0.227882 0.750287 -0.061945 -0.238237 0.627897 -0.052539 -0.238237 0.724162 -0.033875 -0.237732 0.560286 0.031044 -0.237732 0.616998 0.081865 -0.178672 0.735754 0.027376 -0.178377 0.652918 0.09288 -0.195639 0.648878 0.065115 -0.210327 0.724162 -0.033875 -0.200508 0.746504 -0.026947 -0.207689 0.771048 -0.08308 -0.206713 0.638535 0.059103 -0.207689 0.771048 -0.08308 -0.199372 0.692666 -0.096032 -0.207689 0.674783 -0.101744 -0.199372 0.762013 -0.084146 -0.178672 0.735754 0.027376 -0.200508 0.746504 -0.026947 -0.199372 0.762013 -0.084146 -0.199372 0.692666 -0.096032 -0.207689 0.771048 -0.08308 -0.199372 0.692666 -0.096032 -0.197472 0.581217 0.120818 -0.201781 1.20456 -0.018653 -0.236151 1.14124 -0.017739 -0.209978 1.10779 0.034566 -0.214918 1.2098 -0.06286 -0.227313 1.06345 0.017616 -0.240457 1.06855 -0.026503 -0.232236 1.16561 -0.079874 -0.227313 1.06345 0.017616 -0.201781 1.20456 -0.018653 -0.209978 1.10779 0.034566 -0.214918 1.2098 -0.06286 -0.232236 1.16561 -0.079874 -0.240457 1.06855 -0.026503 -0.21722 1.21937 -0.014171 -0.25139 1.14618 -0.012414 -0.216412 1.10932 0.04345 -0.235248 1.22545 -0.062489 -0.234026 1.05904 0.024644 -0.252047 1.06497 -0.02358 -0.252857 1.17533 -0.081365 -0.234026 1.05904 0.024644 -0.21722 1.21937 -0.014171 -0.216412 1.10932 0.04345 -0.235248 1.22545 -0.062489 -0.252857 1.17533 -0.081365 -0.252047 1.06497 -0.02358 -0.23104 1.23324 -0.010237 -0.262512 1.15096 -0.009247 -0.221792 1.11189 0.050235 -0.253012 1.23997 -0.062098 -0.239027 1.05648 0.029348 -0.260978 1.06305 -0.022413 -0.270253 1.18474 -0.083058 -0.239027 1.05648 0.029348 -0.23104 1.23324 -0.010237 -0.221792 1.11189 0.050235 -0.253012 1.23997 -0.062098 -0.270253 1.18474 -0.083058 -0.260978 1.06305 -0.022413 -0.249883 1.24591 -0.004521 -0.27701 1.15652 -0.005144 -0.229473 1.11636 0.05539 -0.275538 1.2531 -0.058433 -0.244675 1.05718 0.032163 -0.270294 1.06419 -0.02165 -0.290761 1.19412 -0.081733 -0.244675 1.05718 0.032163 -0.249883 1.24591 -0.004521 -0.229473 1.11636 0.05539 -0.275538 1.2531 -0.058433 -0.290761 1.19412 -0.081733 -0.270294 1.06419 -0.02165 -0.255902 1.09388 -0.023346 -0.196159 1.1072 -0.05189 -0.202938 1.0843 -0.030333 -0.254839 1.12568 -0.0464 -0.189879 1.13462 -0.067627 -0.250171 1.162 -0.062714 -0.188988 1.16146 -0.054196 -0.235773 1.19265 -0.046166 -0.243877 1.09633 0.009508 -0.207456 1.0903 -0.001455 -0.280311 1.09389 -0.017736 -0.295239 1.1397 -0.039326 -0.305498 1.19035 -0.053714 -0.293568 1.22814 -0.034711 -0.257948 1.09172 0.016169 -0.193506 1.16746 -0.025317 -0.223749 1.19509 -0.013311 -0.200262 1.14434 -0.004034 -0.224952 1.16312 0.009479 -0.206565 1.11714 0.011975 -0.22948 1.12698 0.026056 -0.271205 1.22597 -0.000805 -0.25645 1.17999 0.020518 -0.246018 1.12951 0.035172 -0.293568 1.22814 -0.034711 -0.321909 1.19862 -0.072275 -0.307162 1.2695 -0.048217 -0.280311 1.09389 -0.017736 -0.295239 1.1397 -0.039326 -0.305498 1.19035 -0.053714 -0.271205 1.22597 -0.000805 -0.287591 1.06719 -0.023254 -0.250019 1.05065 0.033408 -0.257948 1.09172 0.016169 -0.246018 1.12951 0.035172 -0.235272 1.12153 0.057465 -0.269589 1.25296 0.008444 -0.25645 1.17999 0.020518 -0.307162 1.2695 -0.048217 -0.321909 1.19862 -0.072275 -0.298822 1.16136 0.004104 -0.287591 1.06719 -0.023254 -0.250019 1.05065 0.033408 -0.235272 1.12153 0.057465 -0.269589 1.25296 0.008444 -0.184506 0.55532 0.120891 -0.187846 0.52811 0.07674 -0.186036 0.514838 0.089858 -0.186461 0.579308 0.119233 -0.184052 0.569291 0.133803 -0.19896 0.5262 0.075154 -0.186036 0.514838 0.089858 -0.187846 0.52811 0.07674 -0.237732 0.560286 0.031044 -0.237732 0.560286 0.031044 -0.186461 0.579308 0.119233 -0.237732 0.616998 0.081865 -0.187846 0.52811 0.07674 0.099844 0.000145 0.202302 0.148304 0.000145 0.201888 0.148304 0.046209 0.436447 0.036523 0.000145 0.169074 0.095816 0.064283 0.119377 0.081918 0.06788 0.069423 0.086496 0.059714 0.199525 0.120797 0.000145 0.522722 0.148304 0.046209 0.436447 0.113222 0.053503 0.308493 0.036523 0.000145 0.169074 0.099844 0.000145 0.202302 0.120797 0.000145 0.522722 0.099844 0.000145 0.202302 0.148304 0.046209 0.436447 0.120797 0.000145 0.522722 0.110582 0.000145 -0.017174 0.148304 0.000145 0.051134 0.095823 0.000145 0.051134 0.148304 0.000145 -0.102744 0.086496 0.059714 0.199525 0.100994 0.094554 0.147573 0.095816 0.064283 0.119377 0.096266 0.084003 0.219051 0.111119 0.121656 0.144921 0.108731 0.105574 0.217383 0.123795 0.137642 0.169116 0.12346 0.117458 0.235127 0.148304 0.153115 0.166074 0.148304 0.128256 0.234287 0.124708 0.080021 0.318679 0.086496 0.059714 0.199525 0.113222 0.053503 0.308493 0.096266 0.084003 0.219051 0.148304 0.046209 0.436447 0.148304 0.092219 0.329263 0.12346 0.117458 0.235127 0.148304 0.128256 0.234287 0.108731 0.105574 0.217383 0.171899 0.080021 0.318679 0.183385 0.053503 0.308493 0.210111 0.059714 0.199525 0.20034 0.084003 0.219051 0.173147 0.117458 0.235127 0.187877 0.105574 0.217383 0.100994 0.094554 0.147573 0.099492 0.138959 0.074417 0.08787 0.109985 0.077446 0.111119 0.121656 0.144921 0.116935 0.162267 0.097028 0.123795 0.137642 0.169116 0.148304 0.178546 0.093879 0.148304 0.153115 0.166074 0.196763 0.000145 0.202302 0.260084 0.000145 0.169074 0.20079 0.064283 0.119377 0.210111 0.059714 0.199525 0.214689 0.06788 0.069423 0.17581 0.000145 0.522722 0.183385 0.053503 0.308493 0.148304 0.046209 0.436447 0.260084 0.000145 0.169074 0.17581 0.000145 0.522722 0.196763 0.000145 0.202302 0.196763 0.000145 0.202302 0.17581 0.000145 0.522722 0.148304 0.046209 0.436447 0.196763 0.000145 0.202302 0.148304 0.06788 0.077927 0.214689 0.06788 0.069423 0.260084 0.000145 0.169074 0.186025 0.000145 -0.017174 0.200783 0.000145 0.051134 0.210111 0.059714 0.199525 0.195613 0.094554 0.147573 0.20034 0.084003 0.219051 0.20079 0.064283 0.119377 0.185488 0.121656 0.144921 0.187877 0.105574 0.217383 0.172812 0.137642 0.169116 0.173147 0.117458 0.235127 0.195613 0.094554 0.147573 0.208737 0.109985 0.077446 0.197115 0.138959 0.074417 0.185488 0.121656 0.144921 0.179672 0.162273 0.097028 0.172812 0.137642 0.169116 0.174173 0.256921 -0.034746 0.148304 0.214733 -0.088166 0.148304 0.256755 -0.047405 0.198894 0.215056 -0.063409 0.184889 0.25732 -0.004183 0.219849 0.215837 -0.003641 0.174173 0.257719 0.026378 0.198894 0.216618 0.056126 0.097713 0.215056 -0.063409 0.122434 0.256921 -0.034746 0.076758 0.215837 -0.003641 0.111719 0.25732 -0.004183 0.097713 0.216618 0.056126 0.122434 0.257719 0.026378 0.135369 0.257802 0.032708 0.148304 0.233679 0.054777 0.148304 0.257885 0.039038 0.135369 0.233012 0.051138 0.174173 0.256921 -0.034746 0.148304 0.394809 -0.053532 0.178128 0.391101 -0.039246 0.148304 0.256755 -0.047405 0.189986 0.382148 -0.004756 0.184889 0.25732 -0.004183 0.174173 0.257719 0.026378 0.179812 0.373739 0.028434 0.148304 0.257885 0.039038 0.148304 0.370231 0.040573 0.118479 0.395346 -0.039246 0.122434 0.256921 -0.034746 0.106622 0.386393 -0.004756 0.111719 0.25732 -0.004183 0.116795 0.371541 0.028434 0.122434 0.257719 0.026378 0.202312 0.505098 0.010264 0.207373 0.678485 -0.029598 0.221497 0.641721 0.021953 0.19189 0.52182 -0.036801 0.190396 0.490088 0.049678 0.207373 0.605002 0.074215 0.148304 0.481433 0.071571 0.148304 0.589053 0.094787 0.148304 0.693713 -0.050952 0.148304 0.528119 -0.057292 0.148304 0.394809 -0.053532 0.178128 0.391101 -0.039246 0.189986 0.382148 -0.004756 0.179812 0.373739 0.028434 0.148304 0.367529 0.045965 0.106211 0.490088 0.049678 0.089234 0.605002 0.074215 0.094295 0.505098 0.010264 0.07511 0.641721 0.021953 0.104717 0.52182 -0.036801 0.089234 0.678485 -0.029598 0.116795 0.371541 0.028434 0.106622 0.386393 -0.004756 0.118479 0.395346 -0.039246 0.148304 0.367529 0.045965 0.148304 0.370231 0.040573 0.148304 0.000145 0.201888 0.099844 0.000145 0.202302 0.06651 1.12921 0.044894 0.051404 1.07753 0.017089 0.079099 1.1264 0.060752 0.10277 1.17427 0.066178 0.085469 1.19343 0.045612 0.053591 1.04407 0.029017 0.035198 1.02711 -0.034789 0.04751 1.06606 -0.021067 0.12022 1.15336 0.074537 0.111715 1.23794 0.065475 0.133596 1.2353 0.069775 0.142418 1.16387 0.08061 0.099717 1.24683 0.050968 0.152169 1.2457 0.053011 0.163881 1.15606 0.072468 0.180107 1.17686 0.05518 0.157142 1.26228 0.025909 0.201232 1.16497 0.033377 0.192345 1.19579 -0.009945 0.153076 1.27576 0.004113 0.140988 1.28989 -0.018961 0.192448 1.18387 -0.049462 0.170146 1.0966 0.082054 0.146537 1.07475 0.09435 0.16539 1.19406 -0.078305 0.124872 1.29602 -0.029059 0.204603 1.14111 -0.076324 0.134004 1.20027 -0.086013 0.11149 1.29248 -0.023279 0.105496 1.20087 -0.079566 0.089223 1.23491 -0.034246 0.082484 1.19669 -0.061864 0.099622 1.27779 0.000593 0.088899 1.24674 -0.003225 0.193834 1.07464 -0.139446 0.145445 1.0704 -0.151622 0.097562 1.05967 -0.141727 0.068741 1.14182 -0.074704 0.225085 1.10042 -0.071908 0.229432 1.07353 -0.10133 0.245582 1.06774 -0.046838 0.050953 1.04423 -0.106641 0.051374 1.08536 -0.056124 0.035198 1.02711 -0.034789 0.04751 1.06606 -0.021067 0.035198 1.02711 -0.034789 0.076658 0.98293 0.033674 0.053591 1.04407 0.029017 0.071149 0.975953 -0.024131 0.093446 1.03739 0.074544 0.084117 0.98893 -0.080523 0.050953 1.04423 -0.106641 0.097562 1.05967 -0.141727 0.107982 0.99595 -0.107494 0.145445 1.0704 -0.151622 0.148297 0.997816 -0.115561 0.079099 1.1264 0.060752 0.148286 1.03732 0.101172 0.146537 1.07475 0.09435 0.120759 1.09682 0.08259 0.12022 1.15336 0.074537 0.10277 1.17427 0.066178 0.108941 0.907922 0.021317 0.091885 0.944587 -0.015338 0.102501 0.907129 -0.00647 0.098589 0.939907 0.025428 0.120214 0.946985 0.059249 0.09945 0.949825 -0.057071 0.105966 0.911641 -0.043807 0.113852 0.91257 -0.051129 0.112241 0.951385 -0.071704 0.111724 0.999075 0.085184 0.148297 1.00332 0.105369 0.148286 0.948153 0.074793 0.108941 0.907922 0.021317 0.125939 0.891863 0.038342 0.120214 0.946985 0.059249 0.113131 0.875976 0.016192 0.148286 0.948153 0.074793 0.14827 0.906834 0.05479 0.102501 0.907129 -0.00647 0.111673 0.860853 -0.00617 0.105966 0.911641 -0.043807 0.113329 0.864415 -0.035058 0.113852 0.91257 -0.051129 0.098589 0.939907 0.025428 0.071149 0.975953 -0.024131 0.091885 0.944587 -0.015338 0.076658 0.98293 0.033674 0.111724 0.999075 0.085184 0.084117 0.98893 -0.080523 0.09945 0.949825 -0.057071 0.112241 0.951385 -0.071704 0.107982 0.99595 -0.107494 0.093446 1.03739 0.074544 0.148297 1.00332 0.105369 0.148286 1.03732 0.101172 0.188612 0.99595 -0.107494 0.193834 1.07464 -0.139446 0.210588 0.993637 -0.080523 0.229432 1.07353 -0.10133 0.251202 1.02711 -0.034789 0.251202 1.02711 -0.034789 0.216001 0.990215 0.030503 0.225625 0.988829 -0.024131 0.241111 1.0396 0.025743 0.205792 1.03735 0.07636 0.245582 1.06774 -0.046838 0.237525 1.07466 0.007051 0.206103 1.10589 0.053522 0.170146 1.0966 0.082054 0.180107 1.17686 0.05518 0.163881 1.15606 0.072468 0.217856 1.11708 0.027875 0.201232 1.16497 0.033377 0.229432 1.07353 -0.10133 0.210588 0.993637 -0.080523 0.18761 0.907922 0.021317 0.203557 0.944587 -0.015338 0.197326 0.939907 0.025428 0.19405 0.907129 -0.00647 0.176337 0.946985 0.059249 0.197101 0.949825 -0.057071 0.190585 0.911641 -0.043807 0.182699 0.91257 -0.051129 0.18431 0.951385 -0.071704 0.18487 0.999075 0.085184 0.176337 0.946985 0.059249 0.170601 0.891863 0.038342 0.18761 0.907922 0.021317 0.183408 0.875976 0.016192 0.19405 0.907129 -0.00647 0.184867 0.860853 -0.00617 0.190585 0.911641 -0.043807 0.183211 0.864415 -0.035058 0.182699 0.91257 -0.051129 0.197326 0.939907 0.025428 0.225625 0.988829 -0.024131 0.216001 0.990215 0.030503 0.203557 0.944587 -0.015338 0.18487 0.999075 0.085184 0.210588 0.993637 -0.080523 0.197101 0.949825 -0.057071 0.18431 0.951385 -0.071704 0.188612 0.99595 -0.107494 0.205792 1.03735 0.07636 0.177586 1.12847 -0.028889 0.225085 1.10042 -0.071908 0.204603 1.14111 -0.076324 0.245582 1.06774 -0.046838 0.192448 1.18387 -0.049462 0.192345 1.19579 -0.009945 0.237525 1.07466 0.007051 0.217856 1.11708 0.027875 0.201232 1.16497 0.033377 0.087008 1.22975 0.02834 0.095035 1.25923 0.03078 0.088899 1.24674 -0.003225 0.099622 1.27779 0.000593 0.152169 1.2457 0.053011 0.124872 1.29602 -0.029059 0.133596 1.2353 0.069775 0.140988 1.28989 -0.018961 0.11149 1.29248 -0.023279 0.111715 1.23794 0.065475 0.099622 1.27779 0.000593 0.099717 1.24683 0.050968 0.153076 1.27576 0.004113 0.157142 1.26228 0.025909 0.095035 1.25923 0.03078 0.04751 1.06606 -0.021067 0.087008 1.22975 0.02834 0.088899 1.24674 -0.003225 0.051404 1.07753 0.017089 0.06651 1.12921 0.044894 0.085469 1.19343 0.045612 0.051374 1.08536 -0.056124 0.089223 1.23491 -0.034246 0.068741 1.14182 -0.074704 0.082484 1.19669 -0.061864 0.14827 0.906834 0.05479 0.125939 0.891863 0.038342 0.148297 0.99493 0.000855 0.107982 0.99595 -0.107494 0.113852 0.91257 -0.051129 0.111673 0.860853 -0.00617 0.113329 0.864415 -0.035058 0.112241 0.951385 -0.071704 0.113131 0.875976 0.016192 0.107982 0.99595 -0.107494 0.148297 0.997816 -0.115561 0.148297 0.99493 0.000855 0.170601 0.891863 0.038342 0.188612 0.99595 -0.107494 0.188612 0.99595 -0.107494 0.183408 0.875976 0.016192 0.182699 0.91257 -0.051129 0.184867 0.860853 -0.00617 0.18431 0.951385 -0.071704 0.183211 0.864415 -0.035058 0.170601 0.891863 0.038342 0.18431 0.951385 -0.071704 0.183408 0.875976 0.016192 0.188612 0.99595 -0.107494 0.107982 0.99595 -0.107494 0.113131 0.875976 0.016192 0.112241 0.951385 -0.071704 0.125939 0.891863 0.038342 0.120759 1.09682 0.08259 0.043605 1.15874 -0.032873 0.095425 1.1737 -0.025445 0.091201 1.14983 -0.027743 0.047828 1.18261 -0.030575 0.047828 1.18261 -0.030575 0.094994 1.18407 -0.003422 0.095425 1.1737 -0.025445 0.047397 1.19299 -0.008552 0.047397 1.19299 -0.008552 0.09034 1.17058 0.016302 0.094994 1.18407 -0.003422 0.042743 1.17949 0.011171 0.042743 1.17949 0.011171 0.086117 1.14671 0.014004 0.09034 1.17058 0.016302 0.03852 1.15562 0.008873 0.03852 1.15562 0.008873 0.086547 1.13633 -0.008018 0.086117 1.14671 0.014004 0.038951 1.14525 -0.013149 0.038951 1.14525 -0.013149 0.091201 1.14983 -0.027743 0.086547 1.13633 -0.008018 0.043605 1.15874 -0.032873 0.110677 0.934786 -0.126347 0.185931 0.934786 -0.126347 0.148304 0.931684 -0.149188 0.116022 0.938633 -0.052399 0.180585 0.938633 -0.052399 0.110677 0.925526 -0.125727 0.185931 0.925526 -0.125727 0.110677 0.934786 -0.126347 0.148304 0.926135 -0.148816 0.110677 0.925526 -0.125727 0.148304 0.931684 -0.149188 0.185931 0.925526 -0.125727 0.185931 0.934786 -0.126347 0.180585 0.938633 -0.052399 0.116022 0.938633 -0.052399 0.148304 0.926135 -0.148816 0.110677 0.909793 -0.120319 0.185931 0.909793 -0.120319 0.148304 0.90704 -0.143183 0.116022 0.91364 -0.04637 0.180585 0.91364 -0.04637 0.110677 0.900533 -0.119698 0.185931 0.900533 -0.119698 0.110677 0.909793 -0.120319 0.148304 0.900793 -0.142764 0.110677 0.900533 -0.119698 0.148304 0.90704 -0.143183 0.185931 0.900533 -0.119698 0.185931 0.909793 -0.120319 0.180585 0.91364 -0.04637 0.116022 0.91364 -0.04637 0.148304 0.900793 -0.142764 0.110677 0.983677 -0.127034 0.185931 0.983677 -0.127034 0.148304 0.981272 -0.149921 0.116022 0.987524 -0.053085 0.180585 0.987524 -0.053085 0.110677 0.974417 -0.126413 0.185931 0.974417 -0.126413 0.110677 0.983677 -0.127034 0.148304 0.974329 -0.149456 0.110677 0.974417 -0.126413 0.148304 0.981272 -0.149921 0.185931 0.974417 -0.126413 0.185931 0.983677 -0.127034 0.180585 0.987524 -0.053085 0.116022 0.987524 -0.053085 0.148304 0.974329 -0.149456 0.110677 0.959142 -0.12576 0.185931 0.959142 -0.12576 0.148304 0.957051 -0.148668 0.116022 0.962989 -0.051811 0.180585 0.962989 -0.051811 0.110677 0.949882 -0.125139 0.185931 0.949882 -0.125139 0.110677 0.959142 -0.12576 0.148304 0.94948 -0.148161 0.110677 0.949882 -0.125139 0.148304 0.957051 -0.148668 0.185931 0.949882 -0.125139 0.185931 0.959142 -0.12576 0.180585 0.962989 -0.051811 0.116022 0.962989 -0.051811 0.148304 0.94948 -0.148161 0.110677 0.883906 -0.104999 0.185931 0.883906 -0.104999 0.148304 0.880476 -0.127817 0.116022 0.887752 -0.03105 0.180585 0.887752 -0.03105 0.110677 0.874645 -0.104378 0.185931 0.874645 -0.104378 0.110677 0.883906 -0.104999 0.148304 0.875582 -0.127489 0.110677 0.874645 -0.104378 0.148304 0.880476 -0.127817 0.185931 0.874645 -0.104378 0.185931 0.883906 -0.104999 0.180585 0.887752 -0.03105 0.116022 0.887752 -0.03105 0.148304 0.875582 -0.127489 0.110677 0.858493 -0.094612 0.185931 0.858493 -0.094612 0.148304 0.855138 -0.117436 0.116022 0.86234 -0.020663 0.180585 0.86234 -0.020663 0.110677 0.849233 -0.093991 0.185931 0.849233 -0.093991 0.110677 0.858493 -0.094612 0.148304 0.850095 -0.117098 0.110677 0.849233 -0.093991 0.148304 0.855138 -0.117436 0.185931 0.849233 -0.093991 0.185931 0.858493 -0.094612 0.180585 0.86234 -0.020663 0.116022 0.86234 -0.020663 0.148304 0.850095 -0.117098 0.184005 0.731938 0.000993 0.148304 0.724073 0.021366 0.148304 0.643477 0.000515 0.184005 0.646885 -0.022018 0.182141 0.747667 -0.03975 0.184005 0.653702 -0.067087 0.148304 0.755846 -0.064707 0.148304 0.65711 -0.089621 0.114466 0.747667 -0.03975 0.112602 0.653701 -0.067087 0.112602 0.731938 0.000993 0.112602 0.646886 -0.022019 0.186094 0.95604 -0.031904 0.184837 0.892683 -0.008162 0.178334 0.876668 -0.063072 0.176653 0.946056 -0.091209 0.148304 0.867973 -0.088194 0.174568 1.00871 -0.099188 0.148304 1.01 -0.107565 0.148304 0.940889 -0.111006 0.186867 0.99383 -0.045068 0.148304 0.960542 -0.008001 0.148304 0.900625 0.015359 0.148304 0.986388 -0.021446 0.118273 0.876668 -0.063072 0.110513 0.95604 -0.031904 0.11177 0.892683 -0.008162 0.10974 0.99383 -0.045068 0.119954 0.946056 -0.091209 0.12204 1.00871 -0.099188 0.098373 0.663283 -0.002952 0.148304 0.738535 -0.15284 0.148304 0.64826 0.022525 0.099375 0.72719 -0.13357 0.198233 0.663284 -0.002952 0.197232 0.72719 -0.13357 0.148304 0.75922 -0.14156 0.098373 0.663283 -0.002952 0.148304 0.64826 0.022525 0.098168 0.747589 -0.122009 0.198233 0.663284 -0.002952 0.198439 0.747589 -0.122009 0.197232 0.72719 -0.13357 0.148304 0.75922 -0.14156 0.198439 0.747589 -0.122009 0.148304 0.738535 -0.15284 0.198233 0.663284 -0.002952 0.098168 0.747589 -0.122009 0.099375 0.72719 -0.13357 0.098373 0.663283 -0.002952 0.098373 0.690258 0.008798 0.148304 0.768861 -0.139368 0.148304 0.674636 0.033913 0.099375 0.756778 -0.120302 0.198233 0.690258 0.008798 0.197232 0.756778 -0.120302 0.148304 0.789915 -0.127465 0.098373 0.690258 0.008798 0.148304 0.674636 0.033913 0.098168 0.777531 -0.108123 0.198233 0.690258 0.008798 0.198439 0.777531 -0.108123 0.197232 0.756778 -0.120302 0.148304 0.789915 -0.127465 0.198439 0.777531 -0.108123 0.148304 0.768861 -0.139368 0.198233 0.690258 0.008798 0.098168 0.777531 -0.108123 0.099375 0.756778 -0.120302 0.098373 0.690258 0.008798 0.115224 0.633621 -0.013803 0.148304 0.702996 -0.166657 0.148304 0.619588 0.012233 0.099375 0.692272 -0.146725 0.181383 0.633621 -0.013803 0.197232 0.692272 -0.146725 0.148304 0.724354 -0.156053 0.115224 0.633621 -0.013803 0.148304 0.619588 0.012233 0.098168 0.713352 -0.135824 0.181383 0.633621 -0.013803 0.198439 0.713352 -0.135824 0.197232 0.692272 -0.146725 0.148304 0.724354 -0.156053 0.198439 0.713352 -0.135824 0.148304 0.702996 -0.166657 0.181383 0.633621 -0.013803 0.098168 0.713352 -0.135824 0.099375 0.692272 -0.146725 0.115224 0.633621 -0.013803 0.098311 0.644423 -0.081083 0.064097 0.624551 -0.044596 0.079623 0.62228 -0.040237 0.085047 0.653614 -0.097758 0.078208 0.635626 -0.121161 0.054726 0.603017 -0.061263 0.089379 0.599145 -0.053617 0.105173 0.617306 -0.087936 0.088034 0.644078 -0.136295 0.093886 0.661286 -0.111435 0.148304 0.652498 -0.151643 0.148304 0.66799 -0.123693 0.105547 0.650569 -0.092022 0.148304 0.653876 -0.098084 0.111376 0.622608 -0.097447 0.148304 0.624219 -0.100401 0.087554 0.591128 -0.03982 0.078714 0.612877 -0.023923 0.088503 0.568712 0.021727 0.06283 0.612706 -0.024131 0.0537 0.590002 -0.038745 0.067663 0.580621 0.034194 0.060635 0.55329 0.027307 0.088503 0.576506 0.045217 0.088503 0.546975 0.043063 0.088503 0.58986 0.020185 0.085069 0.608614 -0.128045 0.080008 0.577943 -0.07083 0.064482 0.580213 -0.075189 0.098333 0.599423 -0.111371 0.093863 0.616184 -0.141674 0.105524 0.605467 -0.122262 0.148304 0.608773 -0.128321 0.148304 0.622887 -0.153929 0.07911 0.568531 -0.054509 0.06337 0.568439 -0.054823 0.088503 0.54437 -0.009275 0.069823 0.535673 0.004063 0.088503 0.531016 0.015757 0.088503 0.5738 -0.007144 0.198295 0.644423 -0.081083 0.232509 0.624551 -0.044596 0.211559 0.653614 -0.097758 0.216984 0.62228 -0.040237 0.218399 0.635626 -0.121161 0.241881 0.603017 -0.061263 0.207228 0.599145 -0.053617 0.191434 0.617306 -0.087936 0.208573 0.644078 -0.136295 0.202721 0.661286 -0.111435 0.19106 0.650569 -0.092022 0.185231 0.622608 -0.097447 0.209052 0.591128 -0.03982 0.217892 0.612877 -0.023923 0.208104 0.5738 -0.007144 0.208104 0.58986 0.020185 0.228944 0.580621 0.034194 0.233777 0.612706 -0.024131 0.242906 0.590002 -0.038745 0.235971 0.55329 0.027307 0.208104 0.576506 0.045217 0.208104 0.546975 0.043063 0.211538 0.608614 -0.128045 0.216599 0.577943 -0.07083 0.198273 0.599423 -0.111371 0.232124 0.580213 -0.075189 0.202744 0.616184 -0.141674 0.191083 0.605467 -0.122262 0.217496 0.568531 -0.054509 0.233236 0.568439 -0.054823 0.208104 0.54437 -0.009275 0.226783 0.535673 0.004063 0.208104 0.531016 0.015757 0.099598 0.577552 -0.091129 0.064097 0.55768 -0.054642 0.079623 0.55541 -0.050283 0.086675 0.586743 -0.107804 0.080011 0.568756 -0.131207 0.054726 0.536147 -0.071309 0.089379 0.532275 -0.063663 0.106282 0.550435 -0.097982 0.089584 0.577208 -0.14634 0.095286 0.594416 -0.12148 0.148304 0.585627 -0.161689 0.148304 0.60112 -0.133738 0.106647 0.583698 -0.102068 0.148304 0.587006 -0.10813 0.112327 0.555737 -0.107493 0.148304 0.557349 -0.110447 0.087554 0.524257 -0.049866 0.078714 0.546007 -0.033969 0.088503 0.501154 0.021727 0.06283 0.545836 -0.034176 0.0537 0.523132 -0.04879 0.070174 0.513751 0.024148 0.063365 0.48642 0.017262 0.088503 0.509636 0.035171 0.088503 0.480105 0.033017 0.088503 0.52299 0.010139 0.086696 0.541744 -0.138091 0.080008 0.511073 -0.080876 0.064482 0.513343 -0.085235 0.099619 0.532553 -0.121417 0.095263 0.549314 -0.15172 0.106625 0.538596 -0.132307 0.148304 0.541902 -0.138366 0.148304 0.556016 -0.163975 0.07911 0.501661 -0.064555 0.06337 0.501569 -0.064868 0.088503 0.4775 -0.01932 0.072267 0.468803 -0.005981 0.088503 0.464145 0.005711 0.088503 0.50693 -0.01719 0.197009 0.577552 -0.091129 0.232509 0.55768 -0.054642 0.209932 0.586743 -0.107804 0.216984 0.55541 -0.050283 0.216595 0.568756 -0.131207 0.241881 0.536147 -0.071309 0.207228 0.532275 -0.063663 0.190325 0.550435 -0.097982 0.207022 0.577208 -0.14634 0.201321 0.594416 -0.12148 0.18996 0.583698 -0.102068 0.184281 0.555737 -0.107493 0.209052 0.524257 -0.049866 0.217892 0.546007 -0.033969 0.208104 0.50693 -0.01719 0.208104 0.52299 0.010139 0.226433 0.513751 0.024148 0.233777 0.545836 -0.034176 0.242906 0.523132 -0.04879 0.233241 0.48642 0.017262 0.208104 0.509636 0.035171 0.208104 0.480105 0.033017 0.209911 0.541744 -0.138091 0.216599 0.511073 -0.080876 0.196988 0.532553 -0.121417 0.232124 0.513343 -0.085235 0.201343 0.549314 -0.15172 0.189982 0.538596 -0.132307 0.217496 0.501661 -0.064555 0.233236 0.501569 -0.064868 0.208104 0.4775 -0.01932 0.22434 0.468803 -0.005981 0.208104 0.464145 0.005711 0.101032 0.509427 -0.101095 0.066476 0.489554 -0.064607 0.081563 0.487284 -0.060248 0.088489 0.518617 -0.117769 0.082022 0.50063 -0.141172 0.057369 0.468021 -0.081274 0.091044 0.464149 -0.073628 0.10752 0.48231 -0.107948 0.091313 0.509082 -0.156306 0.096847 0.52629 -0.131446 0.148304 0.517501 -0.171654 0.148304 0.532994 -0.143704 0.107874 0.515572 -0.112033 0.148304 0.51888 -0.118096 0.113386 0.487611 -0.117459 0.148304 0.489223 -0.120412 0.089271 0.456132 -0.059831 0.08068 0.477881 -0.043934 0.088503 0.432345 0.021727 0.068433 0.47771 -0.044142 0.078024 0.445625 0.014183 0.088503 0.454864 0.000174 0.088503 0.438804 -0.027155 0.088503 0.44151 0.025206 0.071899 0.418294 0.007296 0.088503 0.411979 0.023052 0.059903 0.455006 -0.058756 0.08851 0.473618 -0.148056 0.081937 0.442947 -0.090841 0.06685 0.445217 -0.095201 0.101053 0.464427 -0.131382 0.096825 0.481188 -0.161685 0.107852 0.47047 -0.142273 0.148304 0.473777 -0.148332 0.148304 0.487891 -0.17394 0.081065 0.433535 -0.07452 0.068939 0.433443 -0.074834 0.088503 0.409374 -0.029286 0.079907 0.400677 -0.015947 0.088503 0.396019 -0.004253 0.195575 0.509427 -0.101095 0.23013 0.489554 -0.064607 0.208118 0.518617 -0.117769 0.215043 0.487284 -0.060248 0.214585 0.50063 -0.141172 0.239237 0.468021 -0.081274 0.205563 0.464149 -0.073628 0.189087 0.48231 -0.107948 0.205294 0.509082 -0.156306 0.19976 0.52629 -0.131446 0.188733 0.515572 -0.112033 0.183221 0.487611 -0.117459 0.207336 0.456132 -0.059831 0.215926 0.477881 -0.043934 0.208104 0.438804 -0.027155 0.208104 0.454864 0.000174 0.218583 0.445625 0.014183 0.228173 0.47771 -0.044142 0.236704 0.455006 -0.058756 0.224707 0.418294 0.007296 0.208104 0.44151 0.025206 0.208104 0.411979 0.023052 0.208097 0.473618 -0.148056 0.214669 0.442947 -0.090841 0.195554 0.464427 -0.131382 0.229756 0.445217 -0.095201 0.199782 0.481188 -0.161685 0.188755 0.47047 -0.142273 0.215542 0.433535 -0.07452 0.227668 0.433443 -0.074834 0.208104 0.409374 -0.029286 0.2167 0.400677 -0.015947 0.208104 0.396019 -0.004253 0.10752 0.532552 0.041718 0.08849 0.534765 0.040011 0.08849 0.528615 0.014723 0.10752 0.556537 0.055678 0.08849 0.556956 0.052927 0.10752 0.58381 0.048088 0.08849 0.58219 0.045904 0.10752 0.598395 0.023393 0.08849 0.595685 0.023057 0.10752 0.525906 0.014386 0.08849 0.54211 -0.008124 0.10752 0.540491 -0.010307 0.08849 0.567345 -0.015147 0.10752 0.567764 -0.017897 0.08849 0.589536 -0.002231 0.10752 0.591749 -0.003938 0.08849 0.528615 0.014723 0.08849 0.589536 -0.002231 0.08849 0.54211 -0.008124 0.08849 0.595685 0.023057 0.08849 0.567345 -0.015147 0.08849 0.58219 0.045904 0.08849 0.534765 0.040011 0.08849 0.556956 0.052927 0.10752 0.58381 0.048088 0.10752 0.525906 0.014386 0.10752 0.598395 0.023393 0.10752 0.532552 0.041718 0.10752 0.556537 0.055678 0.10752 0.540491 -0.010307 0.10752 0.591749 -0.003938 0.10752 0.567764 -0.017897 0.10752 0.464624 0.031607 0.08849 0.466838 0.029894 0.08849 0.460688 0.004517 0.10752 0.48861 0.045616 0.08849 0.489029 0.042855 0.10752 0.515883 0.037999 0.08849 0.514263 0.035808 0.10752 0.530468 0.013218 0.08849 0.527758 0.01288 0.10752 0.457978 0.004179 0.08849 0.474183 -0.01841 0.10752 0.472563 -0.020601 0.08849 0.499417 -0.025458 0.10752 0.499837 -0.028218 0.08849 0.521608 -0.012496 0.10752 0.523822 -0.014209 0.08849 0.460688 0.004517 0.08849 0.521608 -0.012496 0.08849 0.474183 -0.01841 0.08849 0.527758 0.01288 0.08849 0.499417 -0.025458 0.08849 0.514263 0.035808 0.08849 0.466838 0.029894 0.08849 0.489029 0.042855 0.10752 0.515883 0.037999 0.10752 0.457978 0.004179 0.10752 0.530468 0.013218 0.10752 0.464624 0.031607 0.10752 0.48861 0.045616 0.10752 0.472563 -0.020601 0.10752 0.523822 -0.014209 0.10752 0.499837 -0.028218 0.10752 0.394858 0.021019 0.08849 0.397072 0.019336 0.08849 0.390922 -0.005601 0.10752 0.418843 0.034785 0.08849 0.419263 0.032072 0.10752 0.446117 0.0273 0.08849 0.444497 0.025147 0.10752 0.460702 0.002948 0.08849 0.457991 0.002616 0.10752 0.388212 -0.005933 0.08849 0.404417 -0.028131 0.10752 0.402797 -0.030285 0.08849 0.429651 -0.035057 0.10752 0.43007 -0.03777 0.08849 0.451842 -0.02232 0.10752 0.454056 -0.024004 0.08849 0.390922 -0.005601 0.08849 0.451842 -0.02232 0.08849 0.404417 -0.028131 0.08849 0.457991 0.002616 0.08849 0.429651 -0.035057 0.08849 0.444497 0.025147 0.08849 0.397072 0.019336 0.08849 0.419263 0.032072 0.10752 0.446117 0.0273 0.10752 0.388212 -0.005933 0.10752 0.460702 0.002948 0.10752 0.394858 0.021019 0.10752 0.418843 0.034785 0.10752 0.402797 -0.030285 0.10752 0.454056 -0.024004 0.10752 0.43007 -0.03777 0.189087 0.532552 0.041718 0.208117 0.528615 0.014723 0.208117 0.534765 0.040011 0.189087 0.556537 0.055678 0.208117 0.556956 0.052927 0.189087 0.58381 0.048088 0.208117 0.58219 0.045904 0.189087 0.598395 0.023393 0.208117 0.595685 0.023057 0.189087 0.525906 0.014386 0.208117 0.54211 -0.008124 0.189087 0.540491 -0.010307 0.208117 0.567345 -0.015147 0.189087 0.567764 -0.017897 0.208117 0.589536 -0.002231 0.189087 0.591749 -0.003938 0.208117 0.528615 0.014723 0.208117 0.589536 -0.002231 0.208117 0.595685 0.023057 0.208117 0.54211 -0.008124 0.208117 0.567345 -0.015147 0.208117 0.58219 0.045904 0.208117 0.534765 0.040011 0.208117 0.556956 0.052927 0.189087 0.58381 0.048088 0.189087 0.525906 0.014386 0.189087 0.532552 0.041718 0.189087 0.598395 0.023393 0.189087 0.556537 0.055678 0.189087 0.540491 -0.010307 0.189087 0.591749 -0.003938 0.189087 0.567764 -0.017897 0.189087 0.464624 0.031607 0.208117 0.460688 0.004517 0.208117 0.466838 0.029894 0.189087 0.48861 0.045616 0.208117 0.489029 0.042855 0.189087 0.515883 0.037999 0.208117 0.514263 0.035808 0.189087 0.530468 0.013218 0.208117 0.527758 0.01288 0.189087 0.457978 0.004179 0.208117 0.474183 -0.01841 0.189087 0.472563 -0.020601 0.208117 0.499417 -0.025458 0.189087 0.499837 -0.028218 0.208117 0.521608 -0.012496 0.189087 0.523822 -0.014209 0.208117 0.460688 0.004517 0.208117 0.521608 -0.012496 0.208117 0.527758 0.01288 0.208117 0.474183 -0.01841 0.208117 0.499417 -0.025458 0.208117 0.514263 0.035808 0.208117 0.466838 0.029894 0.208117 0.489029 0.042855 0.189087 0.515883 0.037999 0.189087 0.457978 0.004179 0.189087 0.464624 0.031607 0.189087 0.530468 0.013218 0.189087 0.48861 0.045616 0.189087 0.472563 -0.020601 0.189087 0.523822 -0.014209 0.189087 0.499837 -0.028218 0.189087 0.394858 0.021019 0.208117 0.390922 -0.005601 0.208117 0.397072 0.019336 0.189087 0.418843 0.034785 0.208117 0.419263 0.032072 0.189087 0.446117 0.0273 0.208117 0.444497 0.025147 0.189087 0.460702 0.002948 0.208117 0.457991 0.002616 0.189087 0.388212 -0.005933 0.208117 0.404417 -0.028131 0.189087 0.402797 -0.030285 0.208117 0.429651 -0.035057 0.189087 0.43007 -0.03777 0.208117 0.451842 -0.02232 0.189087 0.454056 -0.024004 0.208117 0.390922 -0.005601 0.208117 0.451842 -0.02232 0.208117 0.457991 0.002616 0.208117 0.404417 -0.028131 0.208117 0.429651 -0.035057 0.208117 0.444497 0.025147 0.208117 0.397072 0.019336 0.208117 0.419263 0.032072 0.189087 0.446117 0.0273 0.189087 0.388212 -0.005933 0.189087 0.394858 0.021019 0.189087 0.460702 0.002948 0.189087 0.418843 0.034785 0.189087 0.402797 -0.030285 0.189087 0.454056 -0.024004 0.189087 0.43007 -0.03777 0.112555 0.569291 0.133803 0.058875 0.616999 0.081865 0.112101 0.55532 0.120891 0.058875 0.560286 0.031044 0.110571 0.514838 0.089858 0.068725 0.750288 -0.061945 0.05837 0.724162 -0.033875 0.08628 0.724162 -0.033875 0.089894 0.638535 0.059103 0.058875 0.616999 0.081865 0.108493 0.611779 0.086567 0.11133 0.590759 0.110737 0.088918 0.771048 -0.08308 0.112555 0.569291 0.133803 0.148304 0.67844 -0.106843 0.068725 0.654023 -0.080609 0.088918 0.674783 -0.101744 0.05837 0.627897 -0.052539 0.068725 0.654023 -0.080609 0.088918 0.771048 -0.08308 0.088918 0.674783 -0.101744 0.068725 0.750288 -0.061945 0.05837 0.627897 -0.052539 0.05837 0.724162 -0.033875 0.058875 0.560286 0.031044 0.058875 0.616999 0.081865 0.148304 0.400163 0.276887 0.148304 0.410412 0.278627 0.143911 0.405847 0.269444 0.148304 0.519902 0.21078 0.12501 0.496916 0.180093 0.119485 0.473793 0.153512 0.148304 0.401358 0.267759 0.110571 0.514838 0.089858 0.126865 0.539217 0.164167 0.148304 0.570221 0.173811 0.112101 0.55532 0.120891 0.152697 0.405847 0.269444 0.171597 0.496916 0.180093 0.177123 0.473793 0.153512 0.186036 0.514838 0.089858 0.169743 0.539217 0.164167 0.184506 0.55532 0.120891 0.177123 0.473793 0.153512 0.148304 0.514838 0.089858 0.186036 0.514838 0.089858 0.119485 0.473793 0.153512 0.110571 0.514838 0.089858 0.148304 0.679241 0.095827 0.117936 0.735754 0.027376 0.11823 0.652918 0.09288 0.148304 0.727736 0.053662 0.100968 0.648878 0.065115 0.08628 0.724162 -0.033875 0.096098 0.746504 -0.026947 0.088918 0.771048 -0.08308 0.089894 0.638535 0.059103 0.126865 0.539217 0.164167 0.112555 0.569291 0.133803 0.112101 0.55532 0.120891 0.125679 0.587662 0.13579 0.11133 0.590759 0.110737 0.148304 0.570221 0.173811 0.148304 0.615956 0.142785 0.170928 0.587662 0.13579 0.169743 0.539217 0.164167 0.184052 0.569291 0.133803 0.184506 0.55532 0.120891 0.185278 0.590759 0.110737 0.088918 0.771048 -0.08308 0.097235 0.692666 -0.096032 0.088918 0.674783 -0.101744 0.148304 0.696432 -0.10226 0.148304 0.67844 -0.106843 0.097235 0.762013 -0.084146 0.148304 0.727736 0.053662 0.148304 0.641595 -0.006099 0.117936 0.735754 0.027376 0.096098 0.746504 -0.026947 0.097235 0.762013 -0.084146 0.097235 0.692666 -0.096032 0.088918 0.771048 -0.08308 0.097235 0.692666 -0.096032 0.148304 0.641595 -0.006099 0.148304 0.696432 -0.10226 0.108493 0.611779 0.086567 0.125679 0.587662 0.13579 0.124209 0.615426 0.11772 0.11133 0.590759 0.110737 0.148304 0.615956 0.142785 0.148304 0.642057 0.124298 0.172399 0.615426 0.11772 0.170928 0.587662 0.13579 0.188114 0.611779 0.086567 0.185278 0.590759 0.110737 0.100968 0.648878 0.065115 0.124209 0.615426 0.11772 0.11823 0.652918 0.09288 0.108493 0.611779 0.086567 0.148304 0.679241 0.095827 0.089894 0.638535 0.059103 0.148304 0.642057 0.124298 0.172399 0.615426 0.11772 0.178377 0.652918 0.09288 0.188114 0.611779 0.086567 0.195639 0.648878 0.065115 0.206713 0.638535 0.059103 0.148304 0.514838 0.089858 0.110571 0.514838 0.089858 0.058875 0.560286 0.031044 0.148304 0.67844 -0.106843 0.05837 0.627897 -0.052539 0.186461 0.579308 0.119233 0.237732 0.616999 0.081865 0.197472 0.581217 0.120818 0.184052 0.569291 0.133803 0.227882 0.750288 -0.061945 0.210327 0.724162 -0.033875 0.238237 0.724162 -0.033875 0.206713 0.638535 0.059103 0.237732 0.616999 0.081865 0.188114 0.611779 0.086567 0.185278 0.590759 0.110737 0.207689 0.771048 -0.08308 0.184052 0.569291 0.133803 0.207689 0.674783 -0.101744 0.227882 0.654023 -0.080609 0.238237 0.627897 -0.052539 0.237732 0.560286 0.031044 0.19896 0.5262 0.075154 0.186036 0.514838 0.089858 0.227882 0.654023 -0.080609 0.207689 0.771048 -0.08308 0.227882 0.750288 -0.061945 0.207689 0.674783 -0.101744 0.238237 0.627897 -0.052539 0.238237 0.724162 -0.033875 0.237732 0.560286 0.031044 0.237732 0.616999 0.081865 0.178672 0.735754 0.027376 0.178377 0.652918 0.09288 0.195639 0.648878 0.065115 0.210327 0.724162 -0.033875 0.200508 0.746504 -0.026947 0.207689 0.771048 -0.08308 0.206713 0.638535 0.059103 0.207689 0.771048 -0.08308 0.199372 0.692666 -0.096032 0.199372 0.762013 -0.084146 0.207689 0.674783 -0.101744 0.178672 0.735754 0.027376 0.200508 0.746504 -0.026947 0.199372 0.762013 -0.084146 0.199372 0.692666 -0.096032 0.207689 0.771048 -0.08308 0.199372 0.692666 -0.096032 0.197472 0.581217 0.120818 0.201781 1.20456 -0.018653 0.209978 1.10779 0.034566 0.236151 1.14124 -0.017739 0.214918 1.2098 -0.06286 0.227313 1.06345 0.017616 0.240457 1.06855 -0.026503 0.232236 1.16561 -0.079874 0.227313 1.06345 0.017616 0.201781 1.20456 -0.018653 0.214918 1.2098 -0.06286 0.209978 1.10779 0.034566 0.232236 1.16561 -0.079874 0.240457 1.06855 -0.026503 0.217219 1.21937 -0.014171 0.216412 1.10932 0.04345 0.25139 1.14618 -0.012414 0.235248 1.22545 -0.062489 0.234026 1.05904 0.024644 0.252047 1.06497 -0.02358 0.252857 1.17533 -0.081365 0.234026 1.05904 0.024644 0.217219 1.21937 -0.014171 0.235248 1.22545 -0.062489 0.216412 1.10932 0.04345 0.252857 1.17533 -0.081365 0.252047 1.06497 -0.02358 0.23104 1.23324 -0.010237 0.221792 1.11189 0.050235 0.262512 1.15096 -0.009247 0.253012 1.23997 -0.062098 0.239027 1.05648 0.029348 0.260978 1.06305 -0.022413 0.270253 1.18474 -0.083058 0.239027 1.05648 0.029348 0.23104 1.23324 -0.010237 0.253012 1.23997 -0.062098 0.221792 1.11189 0.050235 0.270253 1.18474 -0.083058 0.260978 1.06305 -0.022413 0.249883 1.24591 -0.004521 0.229473 1.11636 0.05539 0.27701 1.15652 -0.005144 0.275538 1.2531 -0.058433 0.244675 1.05718 0.032163 0.270294 1.06419 -0.02165 0.290761 1.19412 -0.081733 0.244675 1.05718 0.032163 0.249883 1.24591 -0.004521 0.275538 1.2531 -0.058433 0.229473 1.11636 0.05539 0.290761 1.19412 -0.081733 0.270294 1.06419 -0.02165 0.255902 1.09388 -0.023346 0.196159 1.1072 -0.05189 0.254839 1.12568 -0.0464 0.202938 1.0843 -0.030333 0.189879 1.13462 -0.067627 0.250171 1.162 -0.062714 0.188988 1.16146 -0.054196 0.235773 1.19265 -0.046166 0.243877 1.09633 0.009508 0.207456 1.0903 -0.001455 0.280311 1.09389 -0.017736 0.295239 1.1397 -0.039326 0.305498 1.19035 -0.053714 0.293568 1.22814 -0.034711 0.257948 1.09172 0.016169 0.193506 1.16746 -0.025317 0.223749 1.19509 -0.013311 0.200262 1.14434 -0.004034 0.224952 1.16312 0.009479 0.206565 1.11714 0.011975 0.229479 1.12698 0.026056 0.271205 1.22597 -0.000805 0.25645 1.17999 0.020518 0.246018 1.12951 0.035172 0.293568 1.22814 -0.034711 0.321909 1.19862 -0.072275 0.305498 1.19035 -0.053714 0.307162 1.2695 -0.048217 0.271205 1.22597 -0.000805 0.280311 1.09389 -0.017736 0.295239 1.1397 -0.039326 0.287591 1.06719 -0.023254 0.250019 1.05065 0.033408 0.257948 1.09172 0.016169 0.235272 1.12153 0.057465 0.246018 1.12951 0.035172 0.269589 1.25296 0.008444 0.25645 1.17999 0.020518 0.307162 1.2695 -0.048217 0.298822 1.16136 0.004104 0.321909 1.19862 -0.072275 0.287591 1.06719 -0.023254 0.250019 1.05065 0.033408 0.235272 1.12153 0.057465 0.269589 1.25296 0.008444 0.187846 0.52811 0.07674 0.184506 0.55532 0.120891 0.186036 0.514838 0.089858 0.186461 0.579308 0.119233 0.184052 0.569291 0.133803 0.19896 0.5262 0.075154 0.187846 0.52811 0.07674 0.186036 0.514838 0.089858 0.237732 0.560286 0.031044 0.237732 0.560286 0.031044 0.186461 0.579308 0.119233 0.187846 0.52811 0.07674 0.237732 0.616999 0.081865 -0.006313 1.70775 -1.13009 -0.050221 1.73391 -1.05361 -0.008906 1.69772 -1.03923 -0.023715 1.72056 -1.00177 -0.088394 1.76679 -1.01737 -0.013564 1.76694 -0.961001 0.057801 1.70417 -0.964525 0.022312 1.77226 -0.920314 0.058885 1.72283 -0.922378 0.041184 1.70585 -0.866932 -0.019047 1.76288 -0.86929 -0.033413 1.7331 -0.815709 0.054181 1.67006 -0.807025 -0.093299 1.72153 -0.7665 0.003039 1.66169 -0.751359 0.021946 1.65876 -0.695213 -0.085535 1.72258 -0.712444 0.01232 1.73224 -0.653089 0.113773 1.6615 -0.64317 0.041259 1.77988 -0.603155 0.106975 1.70751 -0.597582 0.077392 1.79326 -0.541589 0.113785 1.72881 -0.542658 0.059742 1.77254 -0.485599 0.111944 1.70905 -0.489991 0.123473 1.68035 -0.436806 0.049129 1.73546 -0.434544 0.068437 1.67031 -0.379888 0.000994 1.71624 -0.378203 -0.076016 1.70917 -0.373837 -0.030758 1.73661 -0.428267 -0.044789 1.78366 -0.478862 0.02363 1.78947 -0.540009 -0.026155 1.77618 -0.597369 -0.11852 1.75878 -0.662596 -0.221048 1.74944 -0.723894 -0.18472 1.72369 -0.780923 -0.12613 1.74141 -0.823616 -0.118521 1.78046 -0.870212 -0.038001 1.77614 -0.913626 -0.077352 1.76981 -0.954417 -0.183642 1.76374 -1.03499 -0.115765 1.72677 -1.07245 -0.066072 1.73411 -1.12187 -0.007088 1.68073 -0.378543 0.068437 1.67031 -0.379888 0.043184 1.69966 -0.436867 0.123473 1.68035 -0.436806 0.111944 1.70905 -0.489991 0.027675 1.7356 -0.490832 0.063801 1.75053 -0.540545 0.113785 1.72881 -0.542658 0.106975 1.70751 -0.597582 0.035762 1.73272 -0.589713 0.113773 1.6615 -0.64317 -0.005137 1.70429 -0.647045 0.021946 1.65876 -0.695213 -0.10316 1.69574 -0.704871 0.003039 1.66169 -0.751359 -0.09226 1.68905 -0.766358 -0.03965 1.69434 -0.821351 0.054181 1.67006 -0.807025 0.041184 1.70585 -0.866932 -0.041536 1.73723 -0.872558 0.005829 1.74039 -0.917026 0.058885 1.72283 -0.922378 -0.01343 1.72835 -0.954641 0.057801 1.70417 -0.964525 -0.023715 1.72056 -1.00177 -0.108106 1.73193 -1.01292 -0.066252 1.70066 -1.05469 -0.008906 1.69772 -1.03923 -0.038001 1.77614 -0.913626 -0.118521 1.78046 -0.870212 -0.12613 1.74141 -0.823616 -0.18472 1.72369 -0.780923 -0.221048 1.74944 -0.723894 -0.11852 1.75878 -0.662596 -0.026155 1.77618 -0.597369 0.02363 1.78947 -0.540009 -0.044789 1.78366 -0.478862 -0.030758 1.73661 -0.428267 -0.076016 1.70917 -0.373837 -0.048835 1.75843 -0.264522 -0.077352 1.76981 -0.954417 -0.183642 1.76374 -1.03499 -0.115765 1.72677 -1.07245 -0.040572 1.60557 -0.943161 0.042076 1.5797 -0.957839 0.025616 1.58569 -0.892151 0.07974 1.5838 -0.765512 0.067668 1.6097 -0.464798 0.031126 1.65487 -0.462291 0.142509 1.62157 -0.379879 -0.035057 1.68992 -0.154258 -0.017848 1.67343 -0.24023 -0.053881 1.68453 -0.426968 -0.026401 1.66685 -0.484261 -0.187713 1.6456 -0.61842 -0.149003 1.61025 -0.685906 -0.105978 1.58922 -0.930353 -0.140921 1.6415 -1.01567 -0.035057 1.68992 -0.154258 0.067668 1.6097 -0.464798 0.0066 1.63036 -0.456462 0.059 1.585 -0.545448 -0.001628 1.61125 -0.536982 0.07974 1.5838 -0.765512 -0.032601 1.57693 -0.944561 0.042076 1.5797 -0.957839 -0.0182 1.59077 -0.991208 -0.094561 1.57438 -0.875503 -0.149003 1.61025 -0.685906 -0.187713 1.6456 -0.61842 -0.105978 1.58922 -0.930353 -0.026401 1.66685 -0.484261 -0.053881 1.68453 -0.426968 -0.001273 1.66523 -0.367977 0.026783 1.28246 -0.015813 0.026783 1.28246 0.021071 0.029875 1.26372 0.003311 0 1.26372 0.036431 0 1.26372 -0.031416 0 1.28246 -0.031616 0 1.28246 0.037496 0.052671 1.30234 -0.037454 0 1.32195 -0.039291 0.034337 1.32195 -0.020008 0 1.30234 -0.070371 0.065105 1.30234 0.021876 0.034337 1.32195 0.023616 0.040237 1.30234 0.062546 0 1.30234 0.078081 0 1.32195 0.047 0.027104 1.34605 0.019347 0 1.34605 0.037806 0.027104 1.34605 -0.014919 0 1.34605 -0.030096 0.026783 1.28246 -0.015813 0 1.30234 -0.070371 0.052671 1.30234 -0.037454 0 1.28246 -0.031616 0.026783 1.28246 0.021071 0.065105 1.30234 0.021876 0.040237 1.30234 0.062546 0 1.28246 0.037496 0 1.30234 0.078081 -0.026783 1.28246 0.021071 -0.026783 1.28246 -0.015813 -0.030253 1.26372 0.003311 -0.052671 1.30234 -0.037454 -0.034337 1.32195 -0.020008 -0.065105 1.30234 0.021876 -0.034337 1.32195 0.023616 -0.040237 1.30234 0.062546 -0.027104 1.34605 0.019347 -0.027104 1.34605 -0.014919 -0.026783 1.28246 -0.015813 -0.052671 1.30234 -0.037454 -0.026783 1.28246 0.021071 -0.065105 1.30234 0.021876 -0.040237 1.30234 0.062546 0 1.65573 0.041305 0.035877 1.66257 0.025771 0.037397 1.68725 0.03984 0.060026 1.7027 0.001039 0.054892 1.67728 -0.010198 0 1.68012 0.055911 0.042444 1.71592 -0.038488 0.040719 1.68971 -0.048163 0 1.72235 -0.0588 0 1.69488 -0.067909 -0.040719 1.68971 -0.048163 -0.042444 1.71592 -0.038488 -0.054892 1.67728 -0.010198 -0.060026 1.7027 0.001039 -0.035877 1.66257 0.025771 -0.037397 1.68725 0.03984 -0.055053 1.60937 -0.092104 -0.069464 1.59391 -0.061387 -0.053498 1.58686 0.0022 -0.053578 1.58833 0.032056 0 1.58574 0.056811 0 1.58403 0.021974 0.000055 1.62788 -0.052094 0.000093 1.6279 -0.052134 0 1.62787 -0.052076 -0.000055 1.62788 -0.052094 0.055053 1.60937 -0.092104 0.069464 1.59391 -0.061387 0.053498 1.58686 0.0022 0.053578 1.58833 0.032056 0.000093 1.62793 -0.052292 0 1.62794 -0.052326 0.000117 1.62792 -0.052185 -0.000093 1.6279 -0.052134 -0.000093 1.62793 -0.052292 -0.000117 1.62792 -0.052185 -0.369484 1.29863 -0.065002 -0.401016 1.31209 -0.036459 -0.381178 1.31032 -0.036357 -0.383803 1.29488 -0.07862 -0.346095 1.27524 -0.065002 -0.349378 1.26046 -0.07862 -0.334401 1.26354 -0.036357 -0.332165 1.24324 -0.036459 -0.346095 1.27524 -0.007711 -0.349378 1.26046 0.005702 -0.369484 1.29863 -0.007711 -0.383803 1.29488 0.005702 -0.362358 1.25737 -0.066533 -0.399814 1.28697 -0.088352 -0.386972 1.28198 -0.066533 -0.421078 1.30823 -0.036266 -0.357286 1.24444 -0.088352 -0.350051 1.24506 -0.036388 -0.399279 1.29429 -0.036388 -0.336022 1.22318 -0.036266 -0.399815 1.28697 0.015819 -0.386972 1.28198 -0.006243 -0.357286 1.24444 0.015819 -0.362358 1.25737 -0.006243 -0.401016 1.31209 -0.036459 -0.386972 1.28198 -0.006243 -0.383803 1.29488 0.005702 -0.362358 1.25737 -0.006243 -0.349378 1.26046 0.005702 -0.350051 1.24506 -0.036388 -0.399279 1.29429 -0.036388 -0.332165 1.24324 -0.036459 -0.383803 1.29488 -0.07862 -0.386972 1.28198 -0.066533 -0.349378 1.26046 -0.07862 -0.362358 1.25737 -0.066533 -0.764686 0.871395 -0.037513 -0.774357 0.87308 -0.029053 -0.750117 0.822361 -0.029053 -0.74427 0.828928 -0.036607 -0.755015 0.86971 -0.04149 -0.764686 0.871395 -0.037513 -0.738422 0.835495 -0.040159 -0.74427 0.828928 -0.036607 -0.709975 0.822464 -0.036985 -0.745344 0.868025 -0.036905 -0.729638 0.845359 -0.029053 -0.732574 0.842063 -0.036064 -0.706755 0.832371 -0.029053 -0.745344 0.868025 -0.036905 -0.755015 0.86971 -0.04149 -0.755015 0.86971 -0.016615 -0.764686 0.871395 -0.020592 -0.738422 0.835495 -0.017946 -0.74427 0.828928 -0.021498 -0.709975 0.822464 -0.02112 -0.745344 0.868025 -0.021201 -0.729638 0.845359 -0.029053 -0.732574 0.842063 -0.022041 -0.706755 0.832371 -0.029053 -0.745344 0.868025 -0.021201 -0.755015 0.86971 -0.016615 -0.758259 0.877872 -0.064775 -0.768068 0.878995 -0.056192 -0.739353 0.837746 -0.056192 -0.73373 0.844507 -0.063849 -0.696537 0.829786 -0.056192 -0.74845 0.87675 -0.06881 -0.758259 0.877872 -0.064775 -0.728107 0.851268 -0.067449 -0.73373 0.844507 -0.063849 -0.697275 0.838516 -0.064231 -0.738641 0.875627 -0.064158 -0.719661 0.861422 -0.056192 -0.722484 0.858029 -0.063299 -0.697844 0.848918 -0.056192 -0.738641 0.875627 -0.064158 -0.74845 0.87675 -0.06881 -0.758259 0.877872 -0.04761 -0.768068 0.878995 -0.056192 -0.73373 0.844507 -0.048535 -0.739353 0.837746 -0.056192 -0.696537 0.829786 -0.056192 -0.74845 0.87675 -0.043575 -0.758259 0.877872 -0.04761 -0.728107 0.851268 -0.044935 -0.73373 0.844507 -0.048535 -0.697275 0.838516 -0.048153 -0.738641 0.875627 -0.048227 -0.719661 0.861422 -0.056192 -0.722484 0.858029 -0.049086 -0.697844 0.848918 -0.056192 -0.738641 0.875627 -0.048227 -0.74845 0.87675 -0.043575 -0.749826 0.889417 -0.08813 -0.757979 0.887987 -0.080966 -0.727286 0.85174 -0.080966 -0.724337 0.858432 -0.087378 -0.694832 0.855966 -0.080966 -0.741673 0.890848 -0.091498 -0.749826 0.889417 -0.08813 -0.721387 0.865125 -0.090392 -0.724337 0.858432 -0.087378 -0.695601 0.863212 -0.087698 -0.73352 0.892278 -0.087615 -0.716957 0.875177 -0.080966 -0.718438 0.871818 -0.086917 -0.696261 0.87185 -0.080966 -0.73352 0.892278 -0.087615 -0.741673 0.890848 -0.091498 -0.749826 0.889417 -0.073803 -0.757979 0.887987 -0.080966 -0.724337 0.858432 -0.074555 -0.727286 0.85174 -0.080966 -0.694832 0.855966 -0.080966 -0.741673 0.890848 -0.070435 -0.749826 0.889417 -0.073803 -0.721387 0.865125 -0.07154 -0.724337 0.858432 -0.074555 -0.695601 0.863212 -0.074234 -0.73352 0.892278 -0.074318 -0.716957 0.875177 -0.080966 -0.718438 0.871818 -0.075016 -0.696261 0.87185 -0.080966 -0.73352 0.892278 -0.074318 -0.741673 0.890848 -0.070435 -0.760988 0.872098 -0.010502 -0.770548 0.873379 -0.001913 -0.746497 0.826586 -0.001913 -0.741519 0.833835 -0.009605 -0.751428 0.870816 -0.014541 -0.760988 0.872098 -0.010502 -0.736542 0.841084 -0.013221 -0.741519 0.833835 -0.009605 -0.706589 0.83213 -0.009989 -0.741868 0.869535 -0.009885 -0.729065 0.851973 -0.001913 -0.731564 0.848334 -0.009052 -0.70477 0.842387 -0.001913 -0.741868 0.869535 -0.009885 -0.751428 0.870816 -0.014541 -0.760988 0.872098 0.006675 -0.770548 0.873379 -0.001913 -0.741519 0.833835 0.005778 -0.746497 0.826586 -0.001913 -0.751428 0.870816 0.010714 -0.760988 0.872098 0.006675 -0.736542 0.841084 0.009394 -0.741519 0.833835 0.005778 -0.706589 0.83213 0.006162 -0.741868 0.869535 0.006058 -0.729065 0.851973 -0.001913 -0.731564 0.848334 0.005225 -0.70477 0.842387 -0.001913 -0.741868 0.869535 0.006058 -0.751428 0.870816 0.010714 0.369484 1.29863 -0.065002 0.401016 1.31209 -0.036459 0.383803 1.29488 -0.07862 0.346095 1.27524 -0.065002 0.381179 1.31032 -0.036357 0.349378 1.26046 -0.07862 0.334401 1.26354 -0.036357 0.332166 1.24324 -0.036459 0.346095 1.27524 -0.007711 0.349378 1.26046 0.005702 0.369484 1.29863 -0.007711 0.383803 1.29488 0.005702 0.362358 1.25737 -0.066533 0.399814 1.28697 -0.088352 0.357287 1.24444 -0.088352 0.350052 1.24506 -0.036388 0.386972 1.28198 -0.066533 0.421079 1.30823 -0.036266 0.399279 1.29429 -0.036388 0.336023 1.22318 -0.036266 0.399815 1.28697 0.015819 0.386972 1.28198 -0.006243 0.357287 1.24444 0.015819 0.362358 1.25737 -0.006243 0.401016 1.31209 -0.036459 0.386972 1.28198 -0.006243 0.399279 1.29429 -0.036388 0.383803 1.29488 0.005702 0.362358 1.25737 -0.006243 0.349378 1.26046 0.005702 0.350052 1.24506 -0.036388 0.332166 1.24324 -0.036459 0.383803 1.29488 -0.07862 0.386972 1.28198 -0.066533 0.349378 1.26046 -0.07862 0.362358 1.25737 -0.066533 0.764686 0.871395 -0.037513 0.774357 0.87308 -0.029053 0.750117 0.822361 -0.029053 0.74427 0.828928 -0.036607 0.755015 0.86971 -0.04149 0.764686 0.871395 -0.037513 0.738422 0.835496 -0.040159 0.74427 0.828928 -0.036607 0.709975 0.822465 -0.036985 0.745344 0.868025 -0.036904 0.729638 0.845359 -0.029053 0.732574 0.842063 -0.036064 0.706755 0.832372 -0.029053 0.745344 0.868025 -0.036904 0.755015 0.86971 -0.04149 0.755015 0.86971 -0.016615 0.764686 0.871395 -0.020592 0.738422 0.835496 -0.017946 0.74427 0.828928 -0.021498 0.709975 0.822465 -0.02112 0.745344 0.868025 -0.021201 0.729638 0.845359 -0.029053 0.732574 0.842063 -0.022041 0.706755 0.832372 -0.029053 0.745344 0.868025 -0.021201 0.755015 0.86971 -0.016615 0.758259 0.877873 -0.064775 0.768068 0.878995 -0.056192 0.739353 0.837747 -0.056192 0.73373 0.844507 -0.063849 0.696537 0.829786 -0.056192 0.74845 0.87675 -0.06881 0.758259 0.877873 -0.064775 0.728107 0.851268 -0.067449 0.73373 0.844507 -0.063849 0.697275 0.838516 -0.064231 0.738641 0.875627 -0.064158 0.719661 0.861423 -0.056192 0.722484 0.858029 -0.063299 0.697844 0.848918 -0.056192 0.738641 0.875627 -0.064158 0.74845 0.87675 -0.06881 0.758259 0.877873 -0.04761 0.768068 0.878995 -0.056192 0.73373 0.844507 -0.048535 0.739353 0.837747 -0.056192 0.696537 0.829786 -0.056192 0.74845 0.87675 -0.043575 0.758259 0.877873 -0.04761 0.728107 0.851268 -0.044935 0.73373 0.844507 -0.048535 0.697275 0.838516 -0.048153 0.738641 0.875627 -0.048227 0.719661 0.861423 -0.056192 0.722484 0.858029 -0.049086 0.697844 0.848918 -0.056192 0.738641 0.875627 -0.048227 0.74845 0.87675 -0.043575 0.749826 0.889417 -0.08813 0.757979 0.887987 -0.080966 0.727286 0.85174 -0.080966 0.724337 0.858433 -0.087378 0.694832 0.855966 -0.080966 0.741673 0.890848 -0.091498 0.749826 0.889417 -0.08813 0.721387 0.865125 -0.090392 0.724337 0.858433 -0.087378 0.695601 0.863212 -0.087698 0.73352 0.892278 -0.087615 0.716957 0.875177 -0.080966 0.718438 0.871818 -0.086917 0.696261 0.87185 -0.080966 0.73352 0.892278 -0.087615 0.741673 0.890848 -0.091498 0.749826 0.889417 -0.073803 0.757979 0.887987 -0.080966 0.724337 0.858433 -0.074555 0.727286 0.85174 -0.080966 0.694832 0.855966 -0.080966 0.741673 0.890848 -0.070435 0.749826 0.889417 -0.073803 0.721387 0.865125 -0.07154 0.724337 0.858433 -0.074555 0.695601 0.863212 -0.074234 0.73352 0.892278 -0.074318 0.716957 0.875177 -0.080966 0.718438 0.871818 -0.075016 0.696261 0.87185 -0.080966 0.73352 0.892278 -0.074318 0.741673 0.890848 -0.070435 0.760988 0.872098 -0.010502 0.770548 0.87338 -0.001913 0.746497 0.826586 -0.001913 0.741519 0.833835 -0.009605 0.751428 0.870817 -0.014541 0.760988 0.872098 -0.010502 0.736542 0.841085 -0.013221 0.741519 0.833835 -0.009605 0.706589 0.83213 -0.009989 0.741868 0.869535 -0.009885 0.729065 0.851973 -0.001913 0.731564 0.848334 -0.009052 0.70477 0.842387 -0.001913 0.741868 0.869535 -0.009885 0.751428 0.870817 -0.014541 0.760988 0.872098 0.006675 0.770548 0.87338 -0.001913 0.741519 0.833835 0.005778 0.746497 0.826586 -0.001913 0.751428 0.870817 0.010714 0.760988 0.872098 0.006675 0.736542 0.841085 0.009394 0.741519 0.833835 0.005778 0.706589 0.83213 0.006162 0.741868 0.869535 0.006058 0.729065 0.851973 -0.001913 0.731564 0.848334 0.005225 0.70477 0.842387 -0.001913 0.741868 0.869535 0.006058 0.751428 0.870817 0.010714 -0.148304 0.070804 0.051134 -0.095817 0.064282 0.119377 -0.148304 0.064282 0.119378 -0.080002 0.070804 0.051134 -0.081918 0.06788 0.069423 -0.036523 0.000145 0.169074 -0.092355 0.070804 -0.017174 -0.095823 0.000145 0.051134 -0.110582 0.000145 -0.017174 -0.080002 0.070804 0.051134 -0.148304 0.070804 -0.145916 -0.148304 0.000145 -0.102744 -0.080002 0.070804 0.051134 -0.148304 0.000145 0.051134 -0.095823 0.000145 0.051134 -0.148304 0.070804 0.051134 -0.148304 0.151398 -0.105801 -0.092355 0.070804 -0.017174 -0.148304 0.070804 -0.145916 -0.080002 0.070804 0.051134 -0.092355 0.070804 -0.017174 -0.083499 0.112278 0.023316 -0.08787 0.109985 0.077446 -0.090679 0.147842 0.020701 -0.099492 0.138958 0.074417 -0.112099 0.178419 0.04287 -0.116935 0.162267 0.097028 -0.148304 0.199748 0.045969 -0.148304 0.178546 0.093879 -0.080002 0.070804 0.051134 -0.095817 0.064282 0.119377 -0.083499 0.112278 0.023316 -0.092355 0.070804 -0.017174 -0.105706 0.150393 -0.05133 -0.148304 0.151398 -0.105801 -0.090679 0.147842 0.020701 -0.107896 0.199101 -0.00357 -0.118653 0.198643 -0.0386 -0.118653 0.199558 0.03146 -0.112099 0.178419 0.04287 -0.148304 0.199748 0.045969 -0.148304 0.198971 -0.053892 -0.20079 0.064282 0.119377 -0.216605 0.070804 0.051134 -0.204252 0.070804 -0.017174 -0.200784 0.000145 0.051134 -0.216605 0.070804 0.051134 -0.186025 0.000145 -0.017174 -0.148304 0.070804 -0.145916 -0.148304 0.000145 -0.102744 -0.216605 0.070804 0.051134 -0.200784 0.000145 0.051134 -0.148304 0.151398 -0.105801 -0.148304 0.070804 -0.145916 -0.204252 0.070804 -0.017174 -0.216605 0.070804 0.051134 -0.213107 0.112278 0.023316 -0.204252 0.070804 -0.017174 -0.208737 0.109985 0.077446 -0.205928 0.147842 0.020701 -0.197115 0.138958 0.074417 -0.184508 0.178419 0.04287 -0.179672 0.162273 0.097028 -0.216605 0.070804 0.051134 -0.20079 0.064282 0.119377 -0.213107 0.112278 0.023316 -0.205928 0.147842 0.020701 -0.190901 0.150393 -0.05133 -0.188711 0.199101 -0.00357 -0.177954 0.198643 -0.0386 -0.177954 0.199558 0.03146 -0.184508 0.178419 0.04287 -0.148304 0.199748 0.045969 -0.204252 0.070804 -0.017174 -0.161238 0.237291 0.055595 -0.161238 0.257802 0.032708 -0.188711 0.199101 -0.00357 -0.177954 0.199558 0.03146 -0.148304 0.216941 0.080883 -0.148304 0.199748 0.045969 -0.177954 0.198643 -0.0386 -0.198894 0.215056 -0.063409 -0.148304 0.198971 -0.053892 -0.148304 0.214733 -0.088166 -0.148304 0.237413 0.05996 -0.135369 0.237291 0.055595 -0.135369 0.257802 0.032708 -0.097713 0.216618 0.056126 -0.118653 0.199558 0.03146 -0.076758 0.215837 -0.003641 -0.107896 0.199101 -0.00357 -0.097713 0.215056 -0.063409 -0.118653 0.198643 -0.0386 -0.161238 0.233012 0.051138 -0.161238 0.257802 0.032708 -0.161238 0.233012 0.051138 -0.161238 0.257802 0.032708 -0.161238 0.237291 0.055595 -0.148304 0.237413 0.05996 -0.161238 0.233012 0.051138 -0.161238 0.237291 0.055595 -0.148304 0.233679 0.054777 -0.135369 0.233012 0.051138 -0.135369 0.237291 0.055595 -0.135369 0.233012 0.051138 -0.135369 0.237291 0.055595 -0.135369 0.257802 0.032708 -0.099484 0.8394 -0.026437 -0.111693 0.782828 -0.030447 -0.110825 0.836872 -0.026681 -0.096619 0.849828 0.000531 -0.10796 0.8473 0.000288 -0.10076 0.780806 -0.030927 -0.108246 0.763548 -0.008456 -0.097312 0.761525 -0.008936 -0.099484 0.834446 0.025016 -0.110825 0.831917 0.024772 -0.111693 0.770902 0.019849 -0.10076 0.768879 0.01937 -0.108246 0.763548 -0.008456 -0.110825 0.831917 0.024772 -0.10796 0.8473 0.000288 -0.111693 0.770902 0.019849 -0.110825 0.836872 -0.026681 -0.111693 0.782828 -0.030447 -0.10076 0.768879 0.01937 -0.096619 0.849828 0.000531 -0.099484 0.834446 0.025016 -0.097312 0.761525 -0.008936 -0.099484 0.8394 -0.026437 -0.10076 0.780806 -0.030927 -0.197123 0.8394 -0.026437 -0.184914 0.782828 -0.030447 -0.195848 0.780806 -0.030927 -0.188361 0.763548 -0.008456 -0.199295 0.761525 -0.008936 -0.185782 0.836872 -0.026681 -0.199988 0.849828 0.000531 -0.188647 0.8473 0.000288 -0.197123 0.834446 0.025016 -0.185782 0.831917 0.024772 -0.184914 0.770902 0.019849 -0.195848 0.768879 0.01937 -0.188361 0.763548 -0.008456 -0.185782 0.831917 0.024772 -0.184914 0.770902 0.019849 -0.188647 0.8473 0.000288 -0.185782 0.836872 -0.026681 -0.184914 0.782828 -0.030447 -0.195848 0.768879 0.01937 -0.199988 0.849828 0.000531 -0.199295 0.761525 -0.008936 -0.197123 0.834446 0.025016 -0.197123 0.8394 -0.026437 -0.195848 0.780806 -0.030927 -0.181459 0.795989 -0.035006 -0.148304 0.832561 -0.068189 -0.148304 0.798258 -0.061379 -0.180514 0.839897 -0.041908 -0.148304 0.798258 -0.061379 -0.116093 0.839897 -0.041908 -0.115149 0.795989 -0.035006 -0.148304 0.832561 -0.068189 -0.112602 0.85413 0.004203 -0.112602 0.793133 0.00868 -0.148304 0.861291 0.028095 -0.148304 0.791705 0.030524 -0.184005 0.85413 0.004203 -0.184005 0.793133 0.00868 -0.180514 0.839897 -0.041908 -0.181459 0.795989 -0.035006 -0.180514 0.839897 -0.041908 -0.148304 0.832561 -0.068189 -0.184005 0.85413 0.004203 -0.148304 0.861291 0.028095 -0.116093 0.839897 -0.041908 -0.112602 0.85413 0.004203 -0.103739 0.86283 0.045135 -0.103602 0.762905 0.019925 -0.103739 0.86008 0.025611 -0.148304 0.896481 0.051756 -0.148304 0.893569 0.032216 -0.103602 0.755792 0.038341 -0.148304 0.738837 0.021095 -0.148304 0.731622 0.039486 -0.103739 0.86008 0.025611 -0.148304 0.738837 0.021095 -0.148304 0.893569 0.032216 -0.103602 0.762905 0.019925 -0.148304 0.811115 0.061118 -0.103739 0.86283 0.045135 -0.148304 0.896481 0.051756 -0.103602 0.755792 0.038341 -0.148304 0.731622 0.039486 -0.193006 0.755792 0.038341 -0.193006 0.762905 0.019925 -0.192868 0.86283 0.045135 -0.192868 0.86008 0.025611 -0.192868 0.86008 0.025611 -0.193006 0.762905 0.019925 -0.192868 0.86283 0.045135 -0.193006 0.755792 0.038341 0.148304 0.070804 0.051134 0.095816 0.064283 0.119377 0.080002 0.070804 0.051134 0.148304 0.064283 0.119378 0.081918 0.06788 0.069423 0.036523 0.000145 0.169074 0.092355 0.070804 -0.017174 0.095823 0.000145 0.051134 0.080002 0.070804 0.051134 0.110582 0.000145 -0.017174 0.148304 0.070804 -0.145916 0.148304 0.000145 -0.102744 0.080002 0.070804 0.051134 0.148304 0.000145 0.051134 0.148304 0.070804 0.051134 0.095823 0.000145 0.051134 0.148304 0.151399 -0.105801 0.148304 0.070804 -0.145916 0.092355 0.070804 -0.017174 0.080002 0.070804 0.051134 0.083499 0.112278 0.023316 0.092355 0.070804 -0.017174 0.08787 0.109985 0.077446 0.090679 0.147842 0.020701 0.099492 0.138959 0.074417 0.112099 0.178419 0.04287 0.116935 0.162267 0.097028 0.148304 0.199748 0.045969 0.148304 0.178546 0.093879 0.080002 0.070804 0.051134 0.095816 0.064283 0.119377 0.083499 0.112278 0.023316 0.105706 0.150394 -0.05133 0.092355 0.070804 -0.017174 0.148304 0.151399 -0.105801 0.090679 0.147842 0.020701 0.107896 0.199101 -0.00357 0.118653 0.198643 -0.0386 0.118653 0.199559 0.03146 0.112099 0.178419 0.04287 0.148304 0.199748 0.045969 0.148304 0.198971 -0.053892 0.20079 0.064283 0.119377 0.216605 0.070804 0.051134 0.204252 0.070804 -0.017174 0.200783 0.000145 0.051134 0.186025 0.000145 -0.017174 0.216605 0.070804 0.051134 0.148304 0.070804 -0.145916 0.148304 0.000145 -0.102744 0.216605 0.070804 0.051134 0.200783 0.000145 0.051134 0.148304 0.151399 -0.105801 0.204252 0.070804 -0.017174 0.148304 0.070804 -0.145916 0.216605 0.070804 0.051134 0.204252 0.070804 -0.017174 0.213107 0.112278 0.023316 0.208737 0.109985 0.077446 0.205928 0.147842 0.020701 0.197115 0.138959 0.074417 0.184508 0.178419 0.04287 0.179672 0.162273 0.097028 0.216605 0.070804 0.051134 0.20079 0.064283 0.119377 0.213107 0.112278 0.023316 0.190901 0.150394 -0.05133 0.205928 0.147842 0.020701 0.188711 0.199101 -0.00357 0.177954 0.198643 -0.0386 0.177954 0.199559 0.03146 0.184508 0.178419 0.04287 0.148304 0.199748 0.045969 0.204252 0.070804 -0.017174 0.161238 0.237291 0.055595 0.161238 0.257802 0.032708 0.188711 0.199101 -0.00357 0.177954 0.199559 0.03146 0.148304 0.216942 0.080883 0.148304 0.199748 0.045969 0.177954 0.198643 -0.0386 0.198894 0.215056 -0.063409 0.148304 0.198971 -0.053892 0.148304 0.214733 -0.088166 0.148304 0.237413 0.05996 0.135369 0.237291 0.055595 0.135369 0.257802 0.032708 0.097713 0.216618 0.056126 0.118653 0.199559 0.03146 0.076758 0.215837 -0.003641 0.107896 0.199101 -0.00357 0.097713 0.215056 -0.063409 0.118653 0.198643 -0.0386 0.161238 0.233012 0.051138 0.161238 0.257802 0.032708 0.161238 0.233012 0.051138 0.161238 0.237291 0.055595 0.161238 0.257802 0.032708 0.148304 0.237413 0.05996 0.161238 0.233012 0.051138 0.148304 0.233679 0.054777 0.161238 0.237291 0.055595 0.135369 0.233012 0.051138 0.135369 0.237291 0.055595 0.135369 0.233012 0.051138 0.135369 0.257802 0.032708 0.135369 0.237291 0.055595 0.099484 0.8394 -0.026437 0.111693 0.782829 -0.030447 0.10076 0.780806 -0.030927 0.108246 0.763548 -0.008456 0.097312 0.761525 -0.008936 0.110825 0.836872 -0.026681 0.096619 0.849828 0.000531 0.10796 0.8473 0.000288 0.099484 0.834446 0.025016 0.110825 0.831918 0.024772 0.111693 0.770902 0.019849 0.10076 0.768879 0.01937 0.108246 0.763548 -0.008456 0.110825 0.831918 0.024772 0.111693 0.770902 0.019849 0.10796 0.8473 0.000288 0.110825 0.836872 -0.026681 0.111693 0.782829 -0.030447 0.10076 0.768879 0.01937 0.096619 0.849828 0.000531 0.097312 0.761525 -0.008936 0.099484 0.834446 0.025016 0.099484 0.8394 -0.026437 0.10076 0.780806 -0.030927 0.197123 0.8394 -0.026437 0.184914 0.782829 -0.030447 0.185782 0.836872 -0.026681 0.199988 0.849828 0.000531 0.188647 0.8473 0.000288 0.195848 0.780806 -0.030927 0.188361 0.763548 -0.008456 0.199295 0.761525 -0.008936 0.197123 0.834446 0.025016 0.185782 0.831918 0.024772 0.184914 0.770902 0.019849 0.195848 0.768879 0.01937 0.188361 0.763548 -0.008456 0.185782 0.831918 0.024772 0.188647 0.8473 0.000288 0.184914 0.770902 0.019849 0.185782 0.836872 -0.026681 0.184914 0.782829 -0.030447 0.195848 0.768879 0.01937 0.199988 0.849828 0.000531 0.197123 0.834446 0.025016 0.199295 0.761525 -0.008936 0.197123 0.8394 -0.026437 0.195848 0.780806 -0.030927 0.181459 0.795989 -0.035006 0.148304 0.832561 -0.068189 0.180514 0.839897 -0.041908 0.148304 0.798258 -0.061379 0.184005 0.793133 0.00868 0.184005 0.854131 0.004203 0.148304 0.791705 0.030524 0.148304 0.861292 0.028095 0.116093 0.839897 -0.041908 0.115149 0.795989 -0.035006 0.112602 0.854131 0.004203 0.112602 0.793133 0.00868 0.180514 0.839897 -0.041908 0.148304 0.832561 -0.068189 0.184005 0.854131 0.004203 0.148304 0.861292 0.028095 0.116093 0.839897 -0.041908 0.112602 0.854131 0.004203 0.103739 0.86283 0.045135 0.103602 0.762905 0.019925 0.103602 0.755792 0.038341 0.148304 0.738838 0.021095 0.148304 0.731623 0.039486 0.103739 0.86008 0.025611 0.148304 0.896481 0.051756 0.148304 0.893569 0.032216 0.103739 0.86008 0.025611 0.148304 0.738838 0.021095 0.103602 0.762905 0.019925 0.148304 0.893569 0.032216 0.148304 0.811116 0.061118 0.148304 0.896481 0.051756 0.103739 0.86283 0.045135 0.103602 0.755792 0.038341 0.148304 0.731623 0.039486 0.192868 0.86283 0.045135 0.193006 0.762905 0.019925 0.192868 0.86008 0.025611 0.193006 0.755792 0.038341 0.192868 0.86008 0.025611 0.193006 0.762905 0.019925 0.192868 0.86283 0.045135 0.193006 0.755792 0.038341</float_array>
          <technique_common>
            <accessor source="#GeometrySource8-array" count="7997" stride="3">
              <param name="X" type="float"/>
              <param name="Y" type="float"/>
              <param name="Z" type="float"/>
            </accessor>
          </technique_common>
        </source>
        <source id="GeometrySource9" name="chr745Nrm">
          <float_array id="GeometrySource9-array" count="23991">-0.897852 0.438433 -0.040474 -0.897853 0.438627 -0.038283 -0.897147 0.441732 0.000849 -0.897068 0.441882 0.002991 0.624718 0.78084 -0.003871 0.624771 0.780802 -0.002904 0.624923 0.780686 -0.000049 0.624926 0.780684 0 -0.009806 0.00483 -0.99994 -0.009857 0.006769 -0.999929 -0.009843 0.006228 -0.999932 -0.009911 0.008779 -0.999912 -0.639919 -0.768442 0 -0.640251 -0.768149 -0.005228 -0.639927 -0.768436 -0.000119 -0.640377 -0.768026 -0.007307 -0.089692 0.045114 0.994947 -0.089967 0.057427 0.994288 -0.090074 0.062355 0.993981 -0.090438 0.080107 0.992675 0.090438 0.080107 0.992675 0.089967 0.057427 0.994288 0.090074 0.062356 0.993981 0.089692 0.045114 0.994947 0.009911 0.008779 -0.999912 0.009857 0.006769 -0.999929 0.009843 0.006228 -0.999932 0.009806 0.00483 -0.99994 0.639919 -0.768442 0 0.639927 -0.768436 -0.000119 0.64025 -0.768148 -0.005224 0.640377 -0.768026 -0.007302 -0.624719 0.78084 -0.003862 -0.624923 0.780686 -0.000048 -0.624772 0.780802 -0.002897 -0.624926 0.780684 0 0.897852 0.438433 -0.040487 0.897147 0.441732 0.000854 0.897853 0.438627 -0.038294 0.897068 0.441882 0.002996 0.064447 0.031745 -0.997416 0.064538 0.031688 -0.997412 0.064498 0.031713 -0.997414 0.064588 0.031657 -0.99741 0.897863 0.440081 -0.013078 0.89786 0.440086 -0.013126 0.897827 0.440138 -0.013619 0.897823 0.440144 -0.013669 0.424291 -0.905526 0 0.42487 -0.905209 0.009093 0.424313 -0.905516 0.00033 0.424961 -0.90515 0.010587 -0.43139 0.902166 0 -0.43135 0.902184 0.000608 -0.430255 0.902555 0.016572 -0.430058 0.902595 0.019275 -0.009899 -0.005683 0.999935 -0.010156 -0.005522 0.999933 -0.010359 -0.005394 0.999932 -0.010619 -0.005231 0.99993 -0.064588 0.031657 -0.99741 -0.064538 0.031688 -0.997412 -0.064498 0.031713 -0.997414 -0.064447 0.031745 -0.997416 -0.897863 0.440081 -0.013077 -0.897827 0.440138 -0.01361 -0.89786 0.440086 -0.013124 -0.897823 0.440144 -0.013659 -0.424291 -0.905526 0 -0.424313 -0.905516 0.00033 -0.42487 -0.905209 0.009087 -0.424961 -0.90515 0.01058 0.43139 0.902166 0 0.430255 0.902556 0.01655 0.43135 0.902184 0.000607 0.430058 0.902596 0.01925 0.009899 -0.005683 0.999935 0.010359 -0.005394 0.999932 0.010156 -0.005522 0.999933 0.010619 -0.005231 0.99993 0.962922 0.255926 -0.085345 0.465984 0.824343 0.321432 0.703962 0.685529 0.18571 0.717815 0.651843 0.244627 0.898689 0.404252 0.170112 0.633537 0.773702 -0.004068 0.930746 0.324031 0.169459 0.703589 0.43503 0.561882 -0.102811 0.861574 0.497111 0.178395 0.976507 -0.120869 -0.340056 0.830677 0.440837 0.537274 0.81088 0.231973 -0.874461 -0.485069 0.005018 -0.716146 -0.690847 -0.099321 -0.663128 -0.677389 -0.318443 -0.479138 -0.863665 -0.156558 -0.481288 -0.873567 0.072404 -0.660299 -0.733299 0.162109 -0.539607 -0.671678 -0.507614 -0.070306 -0.971933 -0.224508 -0.324097 -0.893971 -0.30948 -0.218219 -0.770576 -0.598827 -0.697793 -0.461138 -0.54812 -0.920093 -0.285284 -0.268405 -0.590076 -0.723998 -0.357263 0.620578 0.269079 -0.736532 0.369459 0.69079 -0.621538 0.466763 0.634387 -0.616187 0.773982 0.367635 -0.515554 0.525168 0.661611 -0.535229 0.856707 0.495966 -0.141669 0.556209 0.810859 -0.182042 0.493556 0.864414 0.095866 0.206694 0.974431 -0.088103 -0.01785 0.999043 0.039936 -0.076284 0.991413 -0.106217 0.384929 0.901085 -0.199688 0.370414 0.925381 -0.080391 0.16172 0.966609 -0.198779 0.518779 0.849633 -0.094826 0.621029 0.775777 -0.111776 0.439838 0.898024 -0.009815 0.296746 0.906886 -0.299167 0.237279 0.966778 0.095077 0.584392 0.721352 0.371668 0.560037 0.798721 0.220006 0.735154 0.647185 0.201746 0.46783 0.879164 0.09059 -0.092122 0.994886 -0.041428 0.337817 0.933838 0.117583 0.107003 0.991748 -0.070608 0.180065 0.921754 -0.343432 0.465265 0.827933 -0.313138 0.152615 0.961201 -0.229785 -0.149406 0.974822 -0.165531 0.106609 0.992745 -0.055605 -0.224144 0.959723 -0.169385 -0.295941 0.953519 -0.056748 0.167019 0.951916 -0.25683 0.203664 0.949322 0.239392 -0.061531 0.880585 -0.469876 -0.045405 0.964469 -0.260267 -0.517485 -0.823914 0.231031 -0.564181 -0.82143 0.083383 -0.237537 -0.966544 0.096789 -0.123404 -0.991746 0.034792 -0.078092 -0.996922 -0.006953 -0.36772 -0.928174 -0.057226 0.015087 -0.981713 0.189771 -0.216883 -0.949562 0.226483 -0.079976 -0.953976 0.289022 -0.305305 -0.950656 0.055157 -0.292969 -0.926429 0.236429 -0.099053 -0.992879 0.066181 0.191795 -0.980412 -0.044807 -0.025229 -0.997974 0.058403 -0.020706 -0.996741 0.077962 0.095261 -0.99328 -0.065731 0.237023 -0.971177 -0.025219 -0.439705 -0.763923 0.472315 -0.336937 -0.903506 0.26486 -0.458662 -0.86155 0.217626 -0.236548 -0.877044 0.418137 -0.442285 -0.770167 0.459594 -0.262103 -0.913922 0.309917 -0.506668 -0.722367 0.47061 -0.688577 -0.446306 0.571553 -0.196586 -0.96522 0.17235 -0.116915 -0.982225 0.146852 -0.608413 -0.793541 0.011228 -0.369254 -0.892485 -0.25908 -0.470508 -0.827409 -0.306621 -0.29002 -0.835738 0.466294 -0.214232 -0.945647 0.244657 -0.430063 -0.768992 0.472966 -0.428253 -0.901878 -0.056706 -0.630501 -0.772815 -0.072282 -0.683213 -0.553929 0.475797 0 -0.606173 -0.795333 0.637419 -0.571274 -0.517052 0 -0.80124 -0.598344 0.623628 -0.386006 -0.67977 0.903274 0.183702 -0.387751 0.959521 0.122838 -0.253436 0.618691 0.785622 0.004452 0.600543 0.798192 -0.047312 0 0.990824 0.135162 0 0.987381 0.158364 0.64335 -0.488256 -0.589667 0 -0.707721 -0.706492 0.260447 0.248909 -0.932851 0.350194 0.460565 -0.815625 0.955902 0.071934 -0.284742 0.124112 0.678224 -0.724298 0.860591 0.508305 -0.03176 0.387283 0.892823 0.229952 0 0.776947 -0.629565 0 0.962639 0.270788 0 0.566682 -0.823936 0 0.170051 -0.985435 0.572946 -0.813024 -0.103566 0 -0.99023 -0.139444 0.984119 -0.134221 0.116164 0.901128 0.312296 0.30073 0.414506 0.767192 0.489491 0 0.856591 0.515996 -0.637419 -0.571274 -0.517052 -0.623628 -0.386005 -0.679771 -0.903274 0.183701 -0.38775 -0.959521 0.122837 -0.253437 -0.618691 0.785622 0.004454 -0.600543 0.798192 -0.04731 -0.64335 -0.488256 -0.589667 -0.260447 0.248909 -0.932851 -0.350194 0.460565 -0.815625 -0.955902 0.071934 -0.284741 -0.124113 0.678224 -0.724299 -0.860592 0.508305 -0.031759 -0.387283 0.892823 0.229955 -0.572946 -0.813024 -0.103565 -0.984119 -0.134221 0.116164 -0.901129 0.312296 0.300729 -0.414506 0.767191 0.489493 0.691099 0.482453 -0.538165 0 0.538208 -0.842812 0.72422 0.414103 -0.551384 0 0.588252 -0.808678 0.970129 0.209274 0.122695 0.984394 0.129439 0.119219 0.696844 -0.048581 0.715576 0.7095 -0.11088 0.695927 0 -0.148941 0.988846 0 -0.211859 0.9773 -0.691099 0.482453 -0.538165 -0.72422 0.414104 -0.551384 -0.970129 0.209274 0.122695 -0.984394 0.129439 0.11922 -0.696844 -0.048581 0.715576 -0.7095 -0.11088 0.695928 -0.911554 0.409892 -0.032509 -0.79566 -0.51665 -0.316223 -0.534556 -0.826996 0.174147 -0.657264 0.728274 -0.193965 -0.817406 0.458642 -0.348563 -0.427746 0.49455 -0.756607 -0.457134 0.79625 0.396251 -0.755615 0.356026 0.549811 -0.667478 -0.109899 0.736475 -0.58163 0.35117 0.733748 -0.886992 -0.087922 0.453338 -0.239776 0.81121 0.533335 0 0.80152 0.597969 0 -0.011545 0.999933 0 0.403004 0.915198 -0.399365 0.758846 0.514452 -0.751396 0.573388 0.326543 -0.018779 0.789876 0.612979 -0.405707 0.857729 0.315758 -0.060009 0.685189 0.725889 -0.163347 0.776411 0.60869 -0.044688 0.712187 0.700566 0 0.79222 -0.610235 -0.36584 0.442387 -0.818813 -0.73802 0.156652 -0.656343 -0.140016 -0.116224 -0.983304 0 0.149037 -0.988832 0.140015 -0.116224 -0.983305 0.817406 0.458642 -0.348563 0.738021 0.156652 -0.656343 0.36584 0.442387 -0.818813 0.911555 0.409892 -0.032509 0.534556 -0.826996 0.174146 0.795661 -0.51665 -0.316223 0.713445 0.663828 -0.224342 0.430021 0.498509 -0.752709 0.552971 0.783725 0.28284 0.581629 0.35117 0.733749 0.755614 0.356026 0.549811 0.886991 -0.087922 0.453339 0.370488 0.760909 0.532688 0.804899 0.53032 0.266266 0.239777 0.811209 0.533335 0.667478 -0.109899 0.736475 0.017462 0.703075 0.710901 0.045438 0.71654 0.696065 0 0.252206 0.967673 -0.647712 0.151031 0.746765 -0.54761 0.161205 0.821058 0 0.318415 0.947952 -0.704701 0.058411 0.707096 -0.704701 0.058411 0.707096 -0.732795 0.124874 0.668893 -0.769671 0.213811 0.601574 -0.626566 0.30755 0.71612 0 0.606615 0.794996 -0.749602 0.401235 0.52641 -0.532918 0.545329 0.647004 -0.475882 0.73068 0.489534 0 0.871759 0.489934 -0.72285 0.547922 0.421034 -0.464993 0.885098 0.019592 0 0.998309 -0.058131 -0.372999 0.785882 -0.493216 -0.712469 0.68938 -0.130929 -0.751942 0.522705 -0.401699 -0.679324 0.626885 -0.38149 -0.563886 0.3713 -0.737678 -0.762771 0.266382 -0.589254 -0.531935 -0.00705 -0.846756 0 0.851282 -0.524709 0 0.457056 -0.889438 0 0.114793 -0.99339 0 -0.248626 -0.9686 -0.32273 -0.733 -0.598796 -0.037826 -0.845157 -0.533178 -0.018593 -0.981762 -0.189205 -0.359958 -0.927027 -0.105126 -0.215308 -0.785702 -0.579926 -0.76559 0.05732 -0.64077 -0.845951 0.431847 0.31285 -0.850671 0.419898 0.316298 -0.859505 0.404977 0.31184 -0.892838 0.312492 0.324328 -0.924238 0.062037 0.376742 -0.886679 -0.114871 0.447889 -0.83467 -0.144114 0.53156 -0.780582 -0.184321 0.597258 -0.760298 -0.20087 0.617736 -0.699648 -0.163206 0.695598 -0.617407 -0.09877 0.780418 0.02181 -0.103348 0.994406 -0.070989 0.045018 0.996461 -0.57906 -0.062731 0.812868 0.526962 0.005274 0.849873 -0.281169 -0.272559 0.920139 -0.722214 -0.321056 0.612642 0.165088 -0.151562 0.974564 -0.580465 -0.211113 0.786442 0.008344 -0.179799 0.983668 -0.52017 -0.171413 0.836684 -0.548805 -0.27069 0.790911 0 -0.026492 0.999649 -0.70333 0.031379 0.71017 -0.594707 -0.196657 0.779519 0 -0.93971 -0.341972 -0.359958 -0.927027 -0.105126 -0.018593 -0.981762 -0.189205 -0.215308 -0.785702 -0.579926 0 -0.483081 -0.875576 0.033835 -0.700922 -0.712435 0 -0.93971 -0.341972 -0.092949 -0.480989 -0.871786 0.109506 -0.945238 -0.307462 0.188996 -0.889587 -0.415832 0.127591 -0.923716 -0.361205 0.202441 -0.889471 -0.409707 -0.215308 -0.785702 -0.579926 0.345695 -0.77734 0.525583 -0.025386 -0.858349 0.512439 -0.185832 -0.855226 0.483792 0.345695 -0.77734 0.525583 0 -0.887089 0.461598 0 -0.887089 0.461598 -0.549104 0.605842 -0.575709 -0.397301 0.646375 -0.651423 -0.481698 0.194012 -0.854591 -0.433987 0.880889 -0.188919 -0.329366 0.927974 -0.174303 -0.689109 0.724463 -0.016795 -0.432911 0.737616 0.51818 -0.301779 0.869444 0.391148 -0.283635 0.363807 0.88724 -0.777244 0.456291 0.433232 -0.891868 0.359635 -0.274287 -0.662445 0.288326 -0.6914 -0.82408 -0.194612 -0.531995 -0.712163 -0.32702 -0.621194 -0.794047 -0.465103 -0.391366 -0.852588 -0.401674 -0.334293 -0.861683 -0.505526 0.044107 -0.817145 -0.574856 -0.0426 -0.744012 -0.52058 0.418859 -0.799579 -0.127341 0.586905 -0.623456 -0.031271 0.781233 -0.72058 -0.62396 0.302388 -0.694557 -0.310761 0.648858 -0.667937 -0.570383 0.478041 -0.691536 -0.487945 0.532624 -0.689986 -0.166972 0.704301 -0.660173 -0.018875 0.750876 -0.572755 0.206967 0.793169 -0.331618 0.250723 0.909487 -0.269456 0.290019 0.918304 -0.341591 0.353139 0.870982 -0.697874 0.279063 0.659617 -0.975493 -0.188784 0.113019 -0.997783 0.017317 -0.06426 0.407849 0.108877 -0.906534 0.407849 0.108877 -0.906534 0.407849 0.108877 -0.906534 -0.106996 -0.952936 0.283663 -0.268072 -0.960505 0.074621 -0.268072 -0.960505 0.074621 -0.053451 -0.93638 0.346895 0.560512 0.712924 0.421386 -0.053451 -0.93638 0.346895 -0.106996 -0.952936 0.283663 0.633665 0.174947 0.753567 0.490914 0.195885 0.848901 0.626565 0.30755 0.716121 0.769669 0.213811 0.601576 0.740566 0.150958 0.654809 0.702311 0.061765 0.709186 0.749602 0.401234 0.526411 0.532918 0.545329 0.647004 0.475882 0.73068 0.489534 0.72285 0.547921 0.421034 0.464993 0.885098 0.019591 0.372999 0.785882 -0.493215 0.712469 0.68938 -0.130933 0.751942 0.522705 -0.401701 0.679324 0.626885 -0.38149 0.563886 0.3713 -0.737678 0.762771 0.266382 -0.589255 0.531934 -0.00705 -0.846756 0.381814 -0.620772 -0.684734 0.391095 -0.91875 -0.054255 0.215309 -0.785702 -0.579926 0.76559 0.05732 -0.64077 0.845952 0.431847 0.312847 0.859506 0.404977 0.311839 0.850672 0.419898 0.316296 0.892838 0.312492 0.324328 0.924238 0.062037 0.376742 0.886678 -0.114871 0.447891 0.834668 -0.14736 0.530673 0.782533 -0.189568 0.593048 0.765517 -0.210479 0.608015 0.68914 -0.189235 0.699483 0.5968 -0.143229 0.789503 0.581331 -0.193062 0.790431 0.591116 -0.122994 0.797154 0.58002 -0.158234 0.799086 0.703335 0.031379 0.710166 0.52017 -0.171413 0.836684 0.551266 -0.169522 0.816926 0.391095 -0.91875 -0.054255 0.215309 -0.785702 -0.579926 -0.033835 -0.70092 -0.712437 0.09295 -0.48099 -0.871785 -0.109506 -0.945238 -0.307463 -0.188996 -0.889587 -0.415832 -0.127591 -0.923716 -0.361205 -0.202441 -0.889471 -0.409707 0.215309 -0.785702 -0.579926 -0.345697 -0.777344 0.525576 0.025384 -0.858351 0.512435 -0.345697 -0.777344 0.525576 0.18583 -0.855228 0.48379 0.549104 0.605842 -0.575709 0.481698 0.194012 -0.854592 0.397301 0.646375 -0.651423 0.433987 0.880889 -0.188917 0.329366 0.927974 -0.174303 0.689109 0.724463 -0.016795 0.432911 0.737616 0.51818 0.301779 0.869443 0.391149 0.283636 0.363807 0.88724 0.777245 0.456292 0.43323 0.891868 0.359635 -0.274288 0.662445 0.288326 -0.6914 0.82408 -0.194612 -0.531995 0.712163 -0.32702 -0.621194 0.794047 -0.465103 -0.391366 0.852588 -0.401674 -0.334294 0.861683 -0.505526 0.044107 0.817145 -0.574856 -0.0426 0.744012 -0.52058 0.41886 0.799579 -0.127341 0.586905 0.623456 -0.031272 0.781233 0.72058 -0.62396 0.302389 0.701433 -0.361655 0.614164 0.673725 -0.564124 0.477346 0.704794 -0.416948 0.573951 0.655089 -0.179352 0.733956 0.331619 0.250724 0.909487 0.269456 0.29002 0.918304 0.341591 0.353139 0.870981 0.697874 0.279063 0.659617 0.975493 -0.188785 0.11302 0.997783 0.017317 -0.06426 0.564231 0.234282 0.791679 0.654418 -0.041326 0.755003 -0.407849 0.108877 -0.906535 -0.407849 0.108877 -0.906535 -0.407849 0.108877 -0.906535 0.106996 -0.952936 0.283664 0.268072 -0.960505 0.074621 0.053451 -0.93638 0.346895 0.268071 -0.960505 0.074621 -0.560511 0.712924 0.421386 0.106996 -0.952936 0.283664 0.053451 -0.93638 0.346895 0.704372 0.012003 0.70973 -0.688859 -0.213925 0.692611 -0.946357 0.05619 -0.3182 -0.980767 -0.182458 -0.069316 -0.705929 -0.185325 0.683607 0.028399 -0.100361 0.994546 0.282869 0.064367 0.956996 -0.317273 0.37619 -0.870528 -0.571595 0.039898 -0.819565 0.405753 0.324409 -0.854473 0.53061 0.222977 -0.817762 0.919486 0.312232 0.238866 0.827221 0.06008 0.558656 0.688859 -0.213925 0.69261 0.946357 0.056189 -0.318201 0.70593 -0.185325 0.683607 0.980767 -0.182458 -0.069316 -0.028399 -0.100361 0.994546 -0.282872 0.064366 0.956996 0.317272 0.376189 -0.870529 0.571596 0.039898 -0.819565 -0.405752 0.32441 -0.854473 -0.530611 0.222977 -0.817762 -0.919487 0.31223 0.238864 -0.827222 0.06008 0.558653 0.976043 0.19079 0.104591 0.985343 0.116815 -0.124316 0.971 0.186841 -0.149163 0.981552 0.182031 0.058492 0.921571 0.351214 0.165397 0.910042 0.369752 -0.18737 0.768499 0.339877 0.542118 0.873722 0.22017 0.433746 0.912991 0.201066 0.354993 0.728215 0.644674 0.232592 0.713904 0.659544 -0.235249 0.611573 0.519874 0.596414 0.899195 0.198942 -0.389706 0.953183 -0.001731 -0.302388 0.772064 0.378288 -0.510701 0.551455 0.545738 -0.630926 0.524667 0.829191 -0.192789 0.412675 0.64134 -0.646825 0.41432 0.898925 -0.14238 0.53631 0.815562 0.217325 0.406926 0.891451 0.199313 0.492019 0.684802 0.537553 0.386684 0.78312 0.487031 0.348892 0.675588 -0.649504 -0.976043 0.19079 0.104591 -0.985343 0.116814 -0.124317 -0.981552 0.182031 0.058492 -0.971 0.186841 -0.149163 -0.921571 0.351214 0.165397 -0.910042 0.369752 -0.18737 -0.768499 0.339877 0.542118 -0.873721 0.22017 0.433747 -0.912991 0.201066 0.354993 -0.728215 0.644674 0.232593 -0.713904 0.659544 -0.235249 -0.611573 0.519874 0.596415 -0.899195 0.198942 -0.389706 -0.953184 -0.001731 -0.302388 -0.772064 0.378288 -0.510701 -0.551455 0.545738 -0.630926 -0.524667 0.829191 -0.192788 -0.412675 0.64134 -0.646825 -0.41432 0.898925 -0.142379 -0.53631 0.815562 0.217326 -0.406926 0.891451 0.199314 -0.492019 0.684801 0.537554 -0.386684 0.78312 0.487031 -0.348892 0.675588 -0.649504 0.08782 0.430943 -0.898096 -0.060533 0.474004 -0.878439 -0.051716 0.491319 -0.869443 0.097217 0.464395 -0.880276 0.094772 0.479263 -0.872539 -0.050894 0.514114 -0.85621 0.027825 0.535991 -0.843765 0.084554 0.418072 -0.90447 -0.063945 0.464748 -0.883131 0.080578 0.402694 -0.911781 -0.061513 0.457919 -0.886863 -0.199967 0.539363 -0.817986 -0.105959 0.557319 -0.82351 -0.204785 0.531166 -0.822147 -0.21077 0.515808 -0.830372 -0.212673 0.51484 -0.830488 -0.228824 0.511568 -0.828213 0.058595 -0.484974 0.872564 0.058592 -0.484976 0.872562 0.058593 -0.484976 0.872562 0.058592 -0.484978 0.872561 0.058592 -0.484978 0.872561 0.058593 -0.484978 0.872561 0.058593 -0.484978 0.872562 0.05891 -0.484808 0.872634 0.058927 -0.484799 0.872638 0.05965 -0.484736 0.872624 0.059659 -0.484802 0.872587 0.059829 -0.486082 0.871863 0.059829 -0.486082 0.871863 0.036646 0.635526 -0.77121 -0.093217 0.696918 -0.711067 -0.079269 0.709237 -0.700499 0.055283 0.660834 -0.748493 0.057163 0.673464 -0.737007 -0.070745 0.72686 -0.683132 0.012285 0.730229 -0.683092 0.029604 0.625635 -0.779554 -0.099316 0.690022 -0.716942 0.021179 0.613752 -0.789215 -0.099099 0.684142 -0.722585 -0.202972 0.766826 -0.608917 -0.109463 0.768878 -0.629955 -0.210103 0.761034 -0.613746 -0.220609 0.749765 -0.623846 -0.222678 0.749212 -0.623775 -0.238569 0.748327 -0.618944 0.087957 -0.705379 0.703352 0.087956 -0.705378 0.703353 0.087956 -0.705378 0.703353 0.087956 -0.705378 0.703353 0.087956 -0.705378 0.703353 0.087956 -0.705378 0.703353 0.087956 -0.705378 0.703353 0.087956 -0.705378 0.703353 0.087956 -0.705378 0.703353 0.087956 -0.705378 0.703353 0.087956 -0.705378 0.703353 0.087956 -0.705377 0.703354 0.087956 -0.705377 0.703354 -0.08782 0.430944 -0.898095 0.051716 0.49132 -0.869443 0.060533 0.474005 -0.878439 -0.097218 0.464396 -0.880276 -0.094772 0.479264 -0.872539 0.050894 0.514115 -0.85621 -0.027825 0.535991 -0.843765 -0.084555 0.418073 -0.90447 0.063945 0.464749 -0.88313 -0.080579 0.402695 -0.911781 0.061512 0.45792 -0.886863 0.199967 0.539364 -0.817985 0.105959 0.55732 -0.823509 0.204785 0.531167 -0.822146 0.21077 0.515809 -0.830372 0.212672 0.514841 -0.830487 0.228824 0.511569 -0.828213 -0.058596 -0.484974 0.872563 -0.058593 -0.484977 0.872562 -0.058592 -0.484977 0.872562 -0.058591 -0.484979 0.872561 -0.058591 -0.484979 0.872561 -0.058593 -0.484978 0.872561 -0.058593 -0.484978 0.872561 -0.058909 -0.484809 0.872634 -0.058926 -0.484799 0.872638 -0.05965 -0.484736 0.872624 -0.059659 -0.484802 0.872587 -0.059828 -0.486082 0.871863 -0.059828 -0.486082 0.871863 -0.036646 0.635526 -0.77121 0.079269 0.709237 -0.700499 0.093216 0.696918 -0.711067 -0.055283 0.660833 -0.748494 -0.057163 0.673463 -0.737007 0.070745 0.72686 -0.683133 -0.012285 0.73023 -0.683091 -0.029605 0.625635 -0.779554 0.099316 0.690022 -0.716942 -0.021179 0.613752 -0.789215 0.099099 0.684142 -0.722585 0.202972 0.766826 -0.608917 0.109463 0.768879 -0.629955 0.210103 0.761034 -0.613746 0.220609 0.749765 -0.623846 0.222678 0.749213 -0.623775 0.238568 0.748327 -0.618945 -0.087957 -0.705379 0.703352 -0.087956 -0.705379 0.703352 -0.087956 -0.705379 0.703352 -0.087955 -0.705378 0.703353 -0.087955 -0.705378 0.703353 -0.087955 -0.705378 0.703353 -0.087955 -0.705378 0.703353 -0.087956 -0.705378 0.703353 -0.087956 -0.705378 0.703353 -0.087956 -0.705378 0.703353 -0.087956 -0.705378 0.703353 -0.087956 -0.705378 0.703354 -0.087956 -0.705378 0.703354 0.638606 0.395082 -0.660373 0.638606 0.395082 -0.660373 0.638606 0.395082 -0.660373 -0.110496 -0.993199 0.036684 -0.110496 -0.993199 0.036684 -0.110496 -0.993199 0.036684 -0.945096 0.322308 0.053947 -0.945096 0.322308 0.053947 -0.945096 0.322308 0.053947 0 -0.781752 -0.623589 0.382486 -0.835952 -0.39356 0 -0.996451 -0.084171 0.428708 -0.874353 0.22741 0 -0.862358 0.506299 0 0.224305 -0.974519 -0.474062 0.515785 -0.713605 0 0.511918 -0.859034 -0.430683 0.274531 -0.859736 -0.739477 0.523333 -0.423434 -0.73211 0.376746 -0.567519 -0.491001 0.637237 -0.594009 0 0.674029 -0.738705 -0.726186 0.588737 -0.355025 -0.5274 0.010596 -0.849551 0 -0.001746 -0.999999 -0.832744 -0.010693 -0.553554 -0.79233 -0.470851 -0.387961 -0.867509 -0.228464 -0.441851 0 -0.184476 -0.982837 -0.304562 -0.434529 -0.8476 -0.699795 -0.690018 -0.18483 -0.503471 -0.821092 -0.268932 -0.456663 -0.797238 -0.394805 0 -0.890992 -0.454018 0 -0.773348 -0.633981 0 -0.940952 -0.33854 -0.162117 0.056108 0.985175 0 -0.30867 0.951169 -0.140284 -0.257801 0.95596 0 0.010913 0.99994 0 -0.482948 0.875649 -0.083492 -0.481261 0.872592 0 0.165845 0.986152 -0.1613 0.163674 0.973239 0.379449 0.195277 -0.90437 0.379449 0.195277 -0.90437 0.379449 0.195277 -0.90437 0 -0.007879 -0.999969 0 0.005915 -0.999983 0.078093 0.002009 -0.996944 0.134501 0.015645 -0.99079 0 -0.007879 -0.999969 0 0.999606 -0.028054 -0.155105 0.987509 -0.027714 -0.155105 0.987509 -0.027714 0 0.999606 -0.028054 -0.566827 0.762629 0.311616 -0.571146 0.773354 0.275166 -0.571146 0.773354 0.275166 -0.567465 0.771605 0.287419 -0.561295 0.657052 0.50322 -0.569382 0.608313 0.552956 -0.784444 0.578549 0.223449 -0.952775 0.302677 0.024619 -0.90511 0.41208 0.104716 -0.83957 0.504701 0.200997 -0.779222 0.58191 0.232796 -0.664865 0.680822 0.307304 -0.679536 0.670505 0.297748 0 0.897916 0.440166 0 0.897916 0.440166 -0.96057 0.277094 0.022902 -0.96057 0.277094 0.022902 -0.744751 0.538122 0.394678 -0.670417 0.604976 0.429586 -0.600872 0.664689 0.444006 -0.763366 0.495931 0.413915 -0.794415 0.468094 0.387031 0 0.834102 0.551611 0 0.855004 0.518621 -0.741068 0.433069 0.513097 -0.651485 0.567893 0.503056 -0.741068 0.433069 0.513097 -0.648553 0.57168 0.502554 0 0.80918 0.587561 0 0.80918 0.587561 -0.627868 0.531448 0.568634 -0.710496 0.413499 0.569398 -0.602963 0.512733 0.61118 -0.737697 0.420119 0.528491 0 0.71942 0.694576 0 0.695935 0.718105 -0.792341 -0.608217 -0.047627 -0.865123 -0.501494 -0.008141 -0.797498 -0.601635 -0.045094 -0.865122 -0.501495 -0.008141 -0.676491 -0.730506 -0.093384 -0.674478 -0.732318 -0.093759 -0.638803 -0.762825 -0.10014 -0.638803 -0.762825 -0.10014 -0.818662 -0.457375 0.347277 -0.760837 -0.547247 0.34878 -0.818662 -0.457375 0.347277 -0.763104 -0.544071 0.348795 -0.53267 -0.764073 0.363944 -0.554906 -0.749075 0.361892 0 -0.910955 0.412506 0 -0.910955 0.412506 -0.719829 -0.446047 0.531873 -0.706662 -0.47203 0.527084 -0.579661 -0.619222 0.529677 -0.719829 -0.446047 0.531873 -0.476795 -0.713906 0.512839 0 -0.81945 0.573151 0 -0.81945 0.573151 -0.69703 -0.511719 0.502288 -0.553445 -0.601288 0.576325 -0.670642 -0.508519 0.540044 -0.56206 -0.622196 0.54494 0 -0.775749 0.631042 0 -0.763009 0.646388 -0.016059 0.798648 0.601584 -0.016059 0.798648 0.601584 -0.016059 0.798648 0.601584 0.347766 0.711593 -0.610487 0.347766 0.711593 -0.610487 0.347766 0.711593 -0.610487 0 -1 0.000001 0 -1 0.000001 0 -1 0.000001 0.000072 -1 -0.000108 0.002317 -0.999991 -0.003491 0.00305 -0.999985 -0.004595 0 0.117804 -0.993037 0 0.117804 -0.993037 0 0.117804 -0.993037 0 -0.683936 0.729542 -0.553445 -0.601288 0.576325 0 -0.763009 0.646388 -0.670642 -0.508519 0.540044 0 0.583032 0.812449 -0.602963 0.512733 0.61118 -0.710496 0.413499 0.569398 0 0.695935 0.718105 -0.806906 -0.5808 0.107582 -0.869498 -0.482035 0.107774 -0.869498 -0.482035 0.107774 -0.805889 -0.582213 0.107568 -0.583864 -0.798054 0.149037 -0.594244 -0.790932 0.145947 0 -0.979104 0.203362 -0.471462 -0.863458 0.179342 0 -0.979104 0.203362 -0.776699 -0.610301 -0.155794 -0.858289 -0.492278 -0.144919 -0.858289 -0.492278 -0.14492 -0.765376 -0.624158 -0.156926 -0.566816 -0.789917 -0.233988 -0.557579 -0.794511 -0.240536 0 -0.940325 -0.340276 0 -0.940325 -0.340276 -0.465241 -0.832361 -0.301207 -0.638606 0.395082 -0.660373 -0.638606 0.395082 -0.660373 -0.638606 0.395082 -0.660373 0.110495 -0.9932 0.036683 0.110495 -0.9932 0.036683 0.110496 -0.9932 0.036683 0.945096 0.322308 0.053947 0.945096 0.322308 0.053947 0.945096 0.322308 0.053947 -0.382486 -0.835952 -0.39356 -0.428708 -0.874353 0.22741 0.474062 0.515784 -0.713605 0.430682 0.274531 -0.859736 0.739477 0.523333 -0.423434 0.73211 0.376746 -0.567519 0.491001 0.637237 -0.594009 0.726186 0.588737 -0.355025 0.5274 0.010596 -0.849551 0.832744 -0.010693 -0.553555 0.792329 -0.47085 -0.387962 0.867509 -0.228464 -0.441851 0.304562 -0.434529 -0.847601 0.699795 -0.690018 -0.184831 0.503471 -0.821092 -0.268932 0.456663 -0.797238 -0.394806 0.162117 0.056108 0.985175 0.140284 -0.257801 0.95596 0.083492 -0.481262 0.872592 0.1613 0.163674 0.973238 -0.379449 0.195277 -0.90437 -0.379449 0.195277 -0.90437 -0.379449 0.195277 -0.90437 -0.078093 0.002009 -0.996944 -0.134501 0.015645 -0.99079 0.155105 0.987509 -0.027714 0.155105 0.987509 -0.027714 0.566828 0.762629 0.311615 0.571146 0.773354 0.275165 0.567465 0.771605 0.287418 0.571146 0.773354 0.275165 0.561295 0.657052 0.50322 0.569382 0.608313 0.552956 0.784444 0.578549 0.223448 0.90511 0.41208 0.104715 0.952775 0.302677 0.024619 0.83957 0.504701 0.200996 0.779222 0.58191 0.232796 0.664865 0.680822 0.307303 0.679536 0.670505 0.297748 0.96057 0.277094 0.022902 0.96057 0.277094 0.022902 0.600872 0.664689 0.444006 0.744751 0.538122 0.394678 0.670417 0.604976 0.429586 0.763365 0.49593 0.413916 0.794414 0.468094 0.387032 0.651485 0.567893 0.503055 0.741068 0.433069 0.513098 0.648553 0.571681 0.502553 0.741068 0.433069 0.513097 0.627868 0.531448 0.568634 0.710496 0.413499 0.569398 0.737697 0.420119 0.528491 0.602963 0.512733 0.611179 0.792341 -0.608217 -0.047627 0.865122 -0.501495 -0.008141 0.865123 -0.501494 -0.008141 0.797498 -0.601635 -0.045093 0.676491 -0.730506 -0.093384 0.674478 -0.732318 -0.093758 0.638803 -0.762825 -0.10014 0.638803 -0.762825 -0.10014 0.818662 -0.457375 0.347276 0.760837 -0.547247 0.348779 0.763105 -0.544071 0.348795 0.818662 -0.457375 0.347276 0.53267 -0.764073 0.363944 0.554906 -0.749075 0.361892 0.719829 -0.446047 0.531872 0.706662 -0.47203 0.527083 0.719829 -0.446047 0.531872 0.579661 -0.619222 0.529676 0.476795 -0.713906 0.512839 0.553445 -0.601289 0.576325 0.562061 -0.622197 0.54494 0.69703 -0.511719 0.502288 0.670642 -0.508519 0.540044 0.016059 0.798647 0.601586 0.016059 0.798647 0.601586 0.016059 0.798647 0.601586 -0.347766 0.711594 -0.610486 -0.347766 0.711594 -0.610486 -0.347766 0.711594 -0.610486 0 -1 0 0 -1 0 -0.000072 -1 -0.000108 0 -1 0 -0.002317 -0.999991 -0.003486 -0.00305 -0.999985 -0.004588 0 0.117805 -0.993037 0 0.117805 -0.993037 0 0.117805 -0.993037 0.553445 -0.601289 0.576325 0.670642 -0.508519 0.540044 0.602963 0.512733 0.611179 0.710496 0.413499 0.569398 0.806906 -0.5808 0.107582 0.869498 -0.482035 0.107774 0.805889 -0.582213 0.107568 0.869498 -0.482035 0.107774 0.583864 -0.798054 0.149037 0.594244 -0.790932 0.145947 0.471462 -0.863458 0.179342 0.776699 -0.610301 -0.155794 0.858289 -0.492278 -0.14492 0.765376 -0.624158 -0.156926 0.858289 -0.492278 -0.14492 0.566816 -0.789917 -0.233988 0.557579 -0.794511 -0.240536 0.465241 -0.832361 -0.301207 -0.289461 0.201505 0.935739 -0.266494 0.213899 0.939802 -0.429188 0.22386 0.875034 -0.434943 0.223804 0.872202 -0.434943 0.223804 0.872202 -0.434943 0.223804 0.872202 0 0.197755 0.980252 0 0.21203 0.977263 -0.434943 0.223804 0.872202 -0.434943 0.223804 0.872202 0.439189 0.887034 -0.142423 0.759723 0.649677 0.027208 0.407122 0.9005 -0.152812 0.787038 0.615016 0.048225 0.845459 0.524837 0.09872 0.845459 0.524837 0.09872 0 0.978052 -0.20836 0 0.978052 -0.20836 0.279083 -0.20553 -0.938014 0.276095 -0.203239 -0.939396 0.479002 -0.222552 -0.849133 0.484914 -0.221959 -0.845927 0.484914 -0.221959 -0.845927 0 -0.201293 -0.979531 0 -0.201293 -0.979531 0 -0.995286 0.096981 -0.776518 -0.630058 0.006845 0 -0.995286 0.096981 -0.772805 -0.634488 0.014068 -0.805867 -0.589474 -0.055668 -0.805867 -0.589474 -0.055668 0.776518 -0.630058 0.006848 0.772805 -0.634488 0.014071 0.805867 -0.589474 -0.055662 0.805867 -0.589474 -0.055662 -0.795442 -0.571407 0.201905 -0.807277 -0.112327 0.579385 -0.702798 -0.710644 -0.032547 -0.611723 0.273806 0.742176 -0.718758 0.039642 0.694129 -0.458113 0.373035 0.806831 -0.200507 0.661339 0.722792 -0.081437 0.513923 0.853962 -0.101837 0.394906 0.91306 -0.371826 0.239901 0.896768 -0.413733 0.194923 0.889286 -0.133023 0.299182 0.944878 -0.664414 -0.042674 0.746146 -0.190076 0.161344 0.968421 0.447396 -0.24858 -0.859095 0.536246 -0.12477 -0.834789 0.552654 -0.213256 -0.805664 0.386914 -0.291165 -0.87494 0.319831 -0.339748 -0.884466 0.462695 -0.235835 -0.854573 0.589016 -0.013474 -0.808009 0.913606 -0.22622 0.337859 0.911281 -0.222323 0.346613 0.902948 -0.216406 0.371286 0.862658 0.436712 0.255155 0.863712 0.433902 0.256381 0.877966 -0.201793 0.434116 0.688474 0.717961 0.102641 0.917103 0.005447 0.398613 0.917103 0.005447 0.398613 0.917103 0.005447 0.398613 0.578402 -0.686081 0.441298 0.578402 -0.686081 0.441298 0.578402 -0.686081 0.441298 0.72166 0.691486 0.032456 0.72166 0.691486 0.032456 0.72166 0.691486 0.032456 0.428226 -0.207232 -0.879589 0.428226 -0.207232 -0.879589 0.428226 -0.207232 -0.879589 0.610923 -0.705035 0.360136 0.610923 -0.705035 0.360136 0.610923 -0.705035 0.360136 0.266494 0.213898 0.939802 0.289461 0.201505 0.935739 0.429188 0.22386 0.875034 0.434943 0.223804 0.872202 0.434943 0.223804 0.872202 0.434943 0.223804 0.872202 0.434943 0.223804 0.872202 0.434943 0.223804 0.872202 -0.407122 0.9005 -0.15281 -0.439189 0.887034 -0.14242 -0.759723 0.649677 0.027208 -0.787038 0.615016 0.048224 -0.845459 0.524837 0.098717 -0.845459 0.524837 0.098717 -0.279083 -0.20553 -0.938014 -0.276095 -0.203239 -0.939397 -0.479002 -0.222552 -0.849134 -0.484913 -0.221958 -0.845928 -0.484914 -0.221958 -0.845928 0.795443 -0.571408 0.201902 0.702798 -0.710644 -0.032551 0.807276 -0.112327 0.579386 0.664413 -0.042674 0.746146 0.718758 0.039643 0.694129 0.611723 0.273806 0.742176 0.458114 0.373035 0.806831 0.200507 0.661339 0.722791 0.081437 0.513924 0.853961 0.371827 0.239902 0.896767 0.101836 0.394906 0.91306 0.413733 0.194923 0.889286 0.133024 0.299183 0.944878 0.190076 0.161344 0.968421 -0.447395 -0.248579 -0.859096 -0.552653 -0.213256 -0.805665 -0.536246 -0.124769 -0.83479 -0.386914 -0.291165 -0.87494 -0.319831 -0.339747 -0.884466 -0.462694 -0.235834 -0.854574 -0.589016 -0.013473 -0.808009 -0.913606 -0.22622 0.337859 -0.902947 -0.216405 0.371289 -0.91128 -0.222322 0.346614 -0.877962 -0.201792 0.434122 -0.862657 0.436707 0.255168 -0.86371 0.433897 0.256393 -0.688472 0.71796 0.102667 -0.917106 0.005447 0.398606 -0.917106 0.005447 0.398606 -0.917106 0.005447 0.398606 -0.578402 -0.686081 0.441298 -0.578402 -0.686081 0.441298 -0.578402 -0.686081 0.441298 -0.72166 0.691486 0.032448 -0.721661 0.691486 0.032448 -0.721661 0.691486 0.032448 -0.428226 -0.207232 -0.87959 -0.428226 -0.207232 -0.87959 -0.428226 -0.207232 -0.87959 -0.610921 -0.705033 0.360144 -0.610921 -0.705033 0.360144 -0.610921 -0.705033 0.360144 -0.46923 0.715695 0.517304 0 0.589663 0.80765 0 0.702361 0.711821 -0.488056 0.630634 0.603409 -0.368584 0.566491 0.737044 0 0.54641 0.837518 -0.781747 0.612883 0.115092 -0.692197 0.717223 0.080336 -0.82279 0.538487 0.181793 -0.678363 0.649346 -0.343762 -0.620323 0.755765 -0.209806 -0.612498 0.660163 -0.434777 0 0.618493 -0.78579 0 0.614517 -0.788904 0 -0.291236 0.956651 -0.383167 -0.2664 0.884429 -0.277073 -0.291707 0.915498 -0.394537 -0.269768 0.878388 0 -0.293584 0.955933 -0.249311 -0.305179 0.919081 0 -0.315129 0.949049 0 -0.837302 -0.546741 -0.811595 -0.564841 -0.149224 0 -0.55363 -0.832762 0 -0.194622 -0.980878 -0.943014 -0.206806 -0.260684 -0.687252 -0.700922 0.190769 -0.852605 -0.511059 0.109013 -0.89465 -0.429124 0.124317 0.074168 -0.966234 0.24676 0 -0.968903 0.247442 0 -0.143523 -0.989647 -0.907646 -0.15096 -0.391651 -0.98848 -0.139532 0.05863 -0.991111 -0.121739 0.05365 0 -0.13846 -0.990368 -0.830958 -0.134401 -0.539857 -0.987333 -0.151673 0.046578 -0.980338 -0.127537 0.150568 0 -0.968903 0.247442 0 0.921 -0.389562 0 0.998856 0.047821 0.306725 0.898816 -0.313128 0.514928 0.854895 -0.063277 0.405429 0.876226 0.26049 0.30104 0.878277 0.371491 -0.890241 -0.418696 -0.179347 0 -0.865808 0.500376 -0.910202 -0.039349 0.41229 0 -0.036322 0.99934 0.910202 -0.039349 0.412291 0.890241 -0.418696 -0.179347 -0.563293 -0.590173 -0.578271 0.563293 -0.590173 -0.578271 0.46923 0.715694 0.517305 0.488055 0.630634 0.603409 0.368585 0.566492 0.737043 0.781747 0.612882 0.115093 0.692197 0.717223 0.080337 0.82279 0.538486 0.181794 0.678364 0.649346 -0.343762 0.620323 0.755765 -0.209806 0.612498 0.660163 -0.434777 0.277073 -0.291707 0.915498 0.383167 -0.2664 0.884429 0.394537 -0.269768 0.878388 0.249311 -0.305179 0.919081 0.811595 -0.564841 -0.149224 0.943014 -0.206806 -0.260684 0.687252 -0.700922 0.190769 0.852605 -0.511059 0.109013 0.89465 -0.429124 0.124317 -0.074168 -0.966234 0.24676 0.907646 -0.15096 -0.391651 0.98848 -0.139532 0.05863 0.991111 -0.121739 0.05365 0.830958 -0.134401 -0.539857 0.987333 -0.151673 0.046578 0.980338 -0.127537 0.150568 -0.306725 0.898816 -0.313128 -0.514928 0.854895 -0.063277 -0.405429 0.876226 0.26049 -0.30104 0.878277 0.371491 -0.907258 -0.020925 0.420055 -0.644815 -0.64482 0.410391 -0.907174 -0.024247 0.420057 -0.644817 -0.644819 0.410391 -0.02424 -0.907176 0.420053 -0.020922 -0.907259 0.420051 0.639161 -0.639161 0.427722 0.639161 -0.639161 0.427722 -0.63916 0.639159 0.427726 -0.63916 0.639159 0.427726 0 0 1 0.257121 0.004943 0.966367 0.186671 0.186671 0.964525 0.178129 -0.178129 0.96775 0.004941 0.257123 0.966366 -0.178131 0.17813 0.96775 0.020924 0.907258 0.420055 0.644819 0.644818 0.410388 0.64482 0.644817 0.410388 0.024246 0.907174 0.420056 0.907176 0.024245 0.420052 0.90726 0.020924 0.42005 -0.004943 -0.257121 0.966367 -0.186671 -0.18667 0.964525 -0.257122 -0.004943 0.966366 -0.909871 -0.021016 -0.414358 -0.646589 -0.646588 -0.40478 -0.64659 -0.646587 -0.40478 -0.909789 -0.024294 -0.41436 -0.02429 -0.909786 -0.414367 -0.021009 -0.909868 -0.414366 0.641065 -0.641067 -0.421982 0.641064 -0.641068 -0.421982 -0.641069 0.641071 -0.42197 -0.641071 0.641069 -0.42197 0 0 -1 0 0 -1 0 0 -1 0 0 -1 0.000001 0 -1 0.021015 0.909871 -0.414358 0.646589 0.64659 -0.404776 0.024297 0.909789 -0.41436 0.64659 0.646589 -0.404776 0.909785 0.024299 -0.414369 0.909867 0.021011 -0.414367 0 0 -1 0 0 -1 0 0 -1 0.707107 -0.707106 0 0.707107 -0.707106 0 0.707107 -0.707106 0 0.707107 -0.707106 0 0 0 1 0 0 1 0 0 1 0 0 1 0.707106 0.707108 0 0.707106 0.707108 0 0.707106 0.707108 0 0.707106 0.707108 0 -0.707106 -0.707108 0 -0.707106 -0.707108 0 -0.707106 -0.707108 0 -0.707106 -0.707108 0 -0.707106 0.707107 0 -0.707106 0.707107 0 -0.707106 0.707107 0 -0.707106 0.707107 0 0 0 -1 0 0 -1 0 0 -1 0 0 -1 1 -0.000007 0 1 -0.000007 0 1 -0.000007 0 1 -0.000007 0 0.500003 -0.500004 0.707102 0.500003 -0.500004 0.707102 0.500003 -0.500004 0.707102 0.500003 -0.500004 0.707102 0.5 0.5 0.707107 0.5 0.5 0.707107 0.5 0.5 0.707107 0.5 0.5 0.707107 0 -1 0 0 -1 0 0 -1 0 0 -1 0 -0.499995 -0.499996 0.707113 -0.499995 -0.499996 0.707113 -0.499995 -0.499996 0.707113 -0.499995 -0.499996 0.707113 0 1 0 0 1 0 0 1 0 0 1 0 -0.500004 0.500005 0.7071 -0.500004 0.500005 0.7071 -0.500004 0.500005 0.7071 -0.500004 0.500005 0.7071 -1 0.000007 0 -1 0.000007 0 -1 0.000007 0 -1 0.000007 0 0.499999 0.499999 -0.707108 0.499999 0.499999 -0.707108 0.499999 0.499999 -0.707108 0.499999 0.499999 -0.707108 -0.500004 0.500005 -0.707101 -0.500004 0.500005 -0.707101 -0.500004 0.500005 -0.707101 -0.500004 0.500005 -0.707101 -0.499994 -0.499996 -0.707114 -0.499994 -0.499996 -0.707114 -0.499994 -0.499996 -0.707114 -0.499994 -0.499996 -0.707114 0.500003 -0.500003 -0.707102 0.500003 -0.500003 -0.707102 0.500003 -0.500003 -0.707102 0.500003 -0.500003 -0.707102 0.816495 -0.000005 0.577353 0.816495 -0.000005 0.577353 0.816495 -0.000005 0.577353 0 -0.816494 0.577354 0 -0.816494 0.577354 0 -0.816494 0.577354 0 0.816512 0.577328 0 0.816512 0.577328 0 0.816512 0.577328 -0.816493 0.000004 0.577355 -0.816493 0.000004 0.577355 -0.816493 0.000004 0.577355 0 0.816507 -0.577335 0 0.816507 -0.577335 0 0.816507 -0.577335 -0.816492 0.000007 -0.577357 -0.816492 0.000007 -0.577357 -0.816492 0.000007 -0.577357 0.816495 -0.000007 -0.577353 0.816495 -0.000007 -0.577353 0.816495 -0.000007 -0.577353 0 -0.816494 -0.577354 0 -0.816494 -0.577354 0 -0.816494 -0.577354 0.600265 -0.388453 -0.699133 0.105905 0.105907 -0.98872 0.105906 0.105905 -0.98872 0.600265 -0.388453 -0.699133 -0.388452 0.600267 -0.699131 -0.388452 0.600267 -0.699131 -0.593222 0.805039 0 -0.593222 0.805039 0 0.805038 -0.593224 0 0.805038 -0.593224 0 -0.388452 0.600267 0.699132 -0.388451 0.600267 0.699132 0.105905 0.105907 0.98872 0.105907 0.105905 0.98872 0.600266 -0.388453 0.699132 0.600266 -0.388453 0.699132 0.707106 0.707107 0 0.707106 0.707107 0 0.707106 0.707107 0 0.707106 0.707107 0 0.707106 0.707107 0 0.707106 0.707107 0 0.707106 0.707107 0 0.707106 0.707107 0 -0.707107 -0.707106 0 -0.707107 -0.707106 0 -0.707107 -0.707106 0 -0.707107 -0.707106 0 -0.707107 -0.707106 0 -0.707107 -0.707106 0 -0.707107 -0.707106 0 -0.707107 -0.707107 0 -0.707108 -0.707106 0 -0.657889 0.311682 -0.685593 -0.858695 0.512488 0 -0.858695 0.512488 0 -0.657889 0.311682 -0.685592 -0.173106 -0.173105 -0.969572 -0.173107 -0.173105 -0.969572 0.31168 -0.657893 -0.685589 0.311679 -0.657892 -0.68559 0.512484 -0.858697 0 0.512484 -0.858697 0 0.31168 -0.657893 0.685589 0.311679 -0.657892 0.68559 -0.173106 -0.173105 0.969572 -0.173107 -0.173104 0.969572 -0.657889 0.311682 0.685592 -0.657889 0.311682 0.685592 -0.904089 0.427344 0 -0.709104 0.232362 0.665718 -0.709105 0.232363 0.665716 -0.904089 0.427344 0 -0.238371 -0.238368 0.941467 -0.23837 -0.238369 0.941467 0.232364 -0.709103 0.665718 0.232364 -0.709103 0.665717 0.427348 -0.904087 0 0.427348 -0.904087 0 0.232364 -0.709103 -0.665717 0.232364 -0.709104 -0.665717 -0.238369 -0.238368 -0.941467 -0.238368 -0.238369 -0.941467 -0.709103 0.232362 -0.665719 -0.709104 0.232363 -0.665717 -0.178772 -0.178772 -0.967513 -0.662528 0.304982 -0.684136 -0.662529 0.304983 -0.684135 -0.178773 -0.178771 -0.967513 0.304982 -0.662528 -0.684136 0.304983 -0.662529 -0.684134 0.50536 -0.862909 0 0.50536 -0.862909 0 -0.862908 0.505361 0 -0.862908 0.505361 0 0.304981 -0.66253 0.684134 0.304982 -0.662531 0.684134 -0.178773 -0.178773 0.967513 -0.178774 -0.178772 0.967512 -0.662529 0.304982 0.684135 -0.662529 0.304982 0.684136 0.5375 0.843264 -0.000001 0.582274 0.798488 0.152886 0.582274 0.798487 0.152887 0.69038 0.690378 0.216225 0.5375 0.843264 -0.000001 0.690381 0.690378 0.216226 0.798493 0.582264 0.152899 0.798493 0.582264 0.152899 0.843271 0.537489 0.000003 0.843271 0.537489 0.000003 0.582274 0.798487 -0.152889 0.582274 0.798488 -0.152888 0.690381 0.69038 -0.216215 0.690381 0.69038 -0.216215 0.79849 0.582271 -0.152885 0.79849 0.582271 -0.152885 0.445566 0.895249 0.000002 0.511413 0.829396 0.224853 0.511414 0.829395 0.224855 0.445566 0.895249 0.000002 0.670405 0.670396 0.318005 0.670402 0.670399 0.318005 0.829403 0.511396 0.224865 0.829403 0.511397 0.224866 0.895264 0.445536 0 0.895264 0.445536 0 0.511415 0.829396 -0.224849 0.511414 0.829397 -0.224847 0.670402 0.6704 -0.318001 0.670406 0.670397 -0.318001 0.829403 0.511396 -0.224866 0.829404 0.511395 -0.224865 0.279896 0.96003 0 0.379505 0.860426 0.340064 0.379503 0.860427 0.340062 0.279896 0.96003 0 0.619968 0.619965 0.480919 0.619966 0.619967 0.480919 0.860427 0.379503 0.340063 0.860429 0.379502 0.340061 0.960031 0.279893 0 0.960031 0.279893 0 0.379504 0.860428 -0.340059 0.379506 0.860426 -0.340061 0.619967 0.619968 -0.480916 0.619969 0.619967 -0.480916 0.860428 0.379502 -0.340061 0.860427 0.379504 -0.340063 -0.873896 0.361986 0.324456 -0.873896 0.361986 0.324456 -0.873896 0.361986 0.324456 -0.873896 0.361986 0.324456 -0.361986 0.873902 0.324441 -0.361986 0.873902 0.324441 -0.361986 0.873902 0.324441 -0.361986 0.873902 0.324441 0.36199 0.873894 0.324457 0.36199 0.873894 0.324457 0.36199 0.873894 0.324457 0.36199 0.873894 0.324457 0.873899 0.361985 0.32445 0.873899 0.361985 0.32445 0.873899 0.361985 0.32445 0.873899 0.361985 0.32445 0.873901 -0.36198 0.324449 0.873901 -0.36198 0.324449 0.873901 -0.36198 0.324449 0.873901 -0.36198 0.324449 0.36198 -0.8739 0.324453 0.36198 -0.8739 0.324453 0.36198 -0.8739 0.324453 0.36198 -0.8739 0.324453 -0.361984 -0.873899 0.324451 -0.361984 -0.873899 0.324451 -0.361984 -0.873899 0.324451 -0.361984 -0.873899 0.324451 -0.873896 -0.361983 0.32446 -0.873896 -0.361983 0.32446 -0.873896 -0.361983 0.32446 -0.873896 -0.361983 0.32446 0 0 1 0 0 1 0 0 1 0 0 1 0 0 1 0 0 1 0 0 1 0 0 1 -0.873898 0.361983 0.324453 -0.873899 0.361983 0.324453 -0.873898 0.361983 0.324453 -0.873898 0.361983 0.324453 -0.361979 0.873897 0.324462 -0.361979 0.873897 0.324462 -0.361979 0.873897 0.324462 -0.361979 0.873897 0.324462 0.361978 0.8739 0.324455 0.361978 0.8739 0.324455 0.361978 0.8739 0.324455 0.361978 0.8739 0.324455 0.873903 0.361975 0.324448 0.873903 0.361975 0.324448 0.873903 0.361975 0.324448 0.873903 0.361975 0.324448 0.873898 -0.361984 0.324453 0.873898 -0.361984 0.324453 0.873898 -0.361984 0.324453 0.873898 -0.361984 0.324453 0.361984 -0.8739 0.324448 0.361984 -0.8739 0.324448 0.361984 -0.8739 0.324448 0.361984 -0.8739 0.324448 -0.36198 -0.873901 0.324451 -0.36198 -0.873901 0.324451 -0.36198 -0.873901 0.324451 -0.36198 -0.873901 0.324451 -0.8739 -0.361981 0.324452 -0.8739 -0.361981 0.324452 -0.8739 -0.361981 0.324452 -0.8739 -0.361981 0.324452 0 0 1 0 0 1 0 0 1 0 0 1 0 0 1 0 0 1 0 0 1 0 0 1 -0.873896 0.361989 0.324453 -0.873896 0.361989 0.324453 -0.873896 0.361989 0.324453 -0.873896 0.361989 0.324453 -0.361988 0.873894 0.324458 -0.361988 0.873894 0.324458 -0.361988 0.873894 0.324458 -0.361988 0.873894 0.324458 0.361985 0.8739 0.324446 0.361985 0.8739 0.324446 0.361985 0.8739 0.324446 0.361985 0.8739 0.324446 0.8739 0.361984 0.324447 0.8739 0.361984 0.324447 0.8739 0.361984 0.324447 0.8739 0.361984 0.324447 0.873899 -0.361979 0.324455 0.873899 -0.361979 0.324455 0.873899 -0.361979 0.324455 0.8739 -0.361979 0.324455 0.361974 -0.873901 0.324457 0.361974 -0.873901 0.324457 0.361974 -0.873901 0.324457 0.361974 -0.873901 0.324457 -0.361977 -0.873901 0.324454 -0.361977 -0.873901 0.324454 -0.361977 -0.873901 0.324454 -0.361977 -0.873901 0.324454 -0.8739 -0.361986 0.324445 -0.8739 -0.361986 0.324445 -0.8739 -0.361986 0.324445 -0.8739 -0.361986 0.324445 0 0 1 0 0 1 0 0 1 0 0 1 0 0 1 0 0 1 0 0 1 0 0 1 0.110028 -0.110028 0.98782 -0.041504 0.041504 0.998276 0.11003 -0.110029 0.987819 -0.129014 0.129014 0.983214 0.407775 -0.407771 0.816971 0.40777 -0.40777 0.816974 0.110027 -0.110027 0.98782 -0.141655 0.141655 0.979729 0.407769 -0.407769 0.816975 -0.369833 0.369833 0.852319 -0.369833 0.369833 0.852319 -0.129014 0.129014 -0.983215 0.110029 -0.110028 -0.987819 -0.041504 0.041504 -0.998276 0.110027 -0.110027 -0.98782 0.40777 -0.40777 -0.816974 0.407774 -0.407771 -0.816972 0.407769 -0.407769 -0.816975 0.110027 -0.110027 -0.98782 -0.141654 0.141654 -0.979729 -0.369833 0.369833 -0.852319 -0.369833 0.369833 -0.852319 0.707107 -0.707107 0 0.70711 -0.707104 0 0.70711 -0.707104 0 0.707107 -0.707107 0 0.707107 0.707107 0 0.707107 0.707107 0 0.707107 0.707107 0 0.707107 0.707107 0 0.707107 0.707107 0 0.707107 0.707107 0 0.707107 0.707107 0 0.707107 0.707107 0 0.707106 -0.707108 0 0.707107 -0.707107 0 0.707106 -0.707108 0 -0.707107 0.707107 0 -0.707107 0.707107 0 -0.707107 0.707107 0 -0.707107 0.707107 0 -0.276707 -0.270944 -0.921967 -0.291611 -0.257686 -0.921174 -0.321532 -0.230432 -0.918433 -0.276707 -0.270944 -0.921967 -0.635134 0.125648 -0.762114 -0.276707 -0.270944 0.921967 -0.321532 -0.230432 0.918433 -0.291611 -0.257686 0.921174 -0.276707 -0.270944 0.921966 -0.635134 0.125649 0.762114 -0.94724 0.320525 0 -0.941497 -0.337021 0 -0.94724 0.320525 0 -0.941497 -0.337021 0 -0.742867 -0.669439 0 -0.742867 -0.669439 0 -0.363211 0.36321 0.857996 -0.363211 0.36321 0.857996 -0.363211 0.36321 0.857996 -0.363211 0.36321 0.857996 -0.363211 0.36321 0.857996 -0.363211 0.36321 0.857996 -0.606695 0.606697 -0.513654 -0.606695 0.606697 -0.513654 -0.606695 0.606697 -0.513654 -0.606695 0.606697 -0.513654 0.606689 -0.606686 0.513675 0.606689 -0.606686 0.513675 0.606689 -0.606686 0.513675 0.606689 -0.606686 0.513675 -0.928672 -0.215378 -0.301961 -0.928672 -0.215378 -0.301961 -0.928672 -0.215378 -0.301961 -0.928672 -0.215378 -0.301961 0.215367 0.928681 -0.301942 0.215367 0.928681 -0.301942 0.215367 0.928681 -0.301942 0.215367 0.928681 -0.301942 -0.215381 -0.928673 0.301955 -0.215381 -0.928673 0.301955 -0.215381 -0.928673 0.301955 -0.215381 -0.928673 0.301955 0.928676 0.215375 0.301951 0.928676 0.215375 0.301951 0.928676 0.215375 0.301951 0.928676 0.215375 0.301951 0.100927 0.098248 -0.990031 0.485387 -0.374619 -0.789975 -0.372005 0.489078 -0.788933 -0.607204 0.794546 0.00019 -0.607205 0.794545 -0.000143 0.790238 -0.6128 -0.000145 -0.371484 0.489468 0.788936 0.101501 0.098822 0.989915 0.48578 -0.374098 0.78998 0.790239 -0.612799 0.000189 -0.707107 -0.707106 0 -0.707107 -0.707106 0.000001 -0.707107 -0.707106 0.000001 -0.707107 -0.707106 0 -0.707107 -0.707106 -0.000001 -0.707107 -0.707106 -0.000001 -0.379436 0.32755 -0.865297 -0.737033 0.675848 -0.003318 -0.737081 0.675795 0.003408 -0.379085 0.3272 -0.865583 0.32561 -0.384696 -0.863706 0.321883 -0.380884 -0.866786 0.6683 -0.743884 0.003418 0.668353 -0.743837 -0.003303 0.310309 -0.395171 0.864609 0.310658 -0.395519 0.864324 -0.389982 0.312218 0.866276 -0.39371 0.316029 0.863202 -0.087061 -0.084169 -0.992641 0.454898 -0.625904 -0.633492 0.443043 -0.61358 -0.65363 -0.080397 -0.091021 -0.992598 0.606127 -0.779278 -0.15917 0.610227 -0.784598 0.109682 0.271947 -0.346791 0.897653 0.360215 -0.461148 0.810918 -0.01882 -0.031048 0.999341 -0.021355 -0.028351 0.99937 -0.568541 -0.571184 -0.592039 0.054365 -0.943632 -0.326503 0.052536 -0.943001 -0.328618 -0.570219 -0.56951 -0.592038 0.247498 -0.962665 0.109641 0.234735 -0.908324 0.346188 0.021279 -0.541602 0.840366 0.05743 -0.582533 0.810776 -0.271938 -0.272231 0.923006 -0.271632 -0.272537 0.923006 -0.540735 0.018418 0.840991 -0.583013 0.05435 0.810643 -0.910612 0.229448 0.343715 -0.963637 0.241765 0.11381 -0.944241 0.048632 -0.325644 -0.944815 0.05024 -0.32373 0.517754 0.532501 0.669607 0.064259 0.89739 0.436535 -0.019757 0.976077 0.216525 0.515671 0.504363 0.692605 0.023721 0.811968 0.583219 0.428236 0.496772 0.754872 -0.208382 0.930795 -0.300328 -0.221686 0.950371 -0.218291 -0.068179 0.782064 -0.619458 0.037315 0.750684 -0.659607 -0.205323 0.903987 -0.375033 -0.137156 0.724059 -0.675964 0.27422 0.316076 -0.908239 0.390762 0.417317 -0.820458 0.427647 0.431201 -0.794471 0.738466 0.025885 -0.673794 0.764944 -0.060013 -0.641295 0.716228 -0.083666 -0.692833 0.927304 -0.216793 -0.305136 0.958058 -0.151316 -0.243369 0.888407 0.043466 0.456994 0.839389 0.108962 0.532498 0.962739 -0.072963 0.260405 0.895473 -0.236648 -0.376995 -0.332236 0.292119 0.89682 -0.464602 0.403869 0.788058 -0.758751 0.629276 -0.168251 -0.76482 0.642082 0.052735 -0.619237 0.476869 -0.623812 -0.602605 0.460084 -0.652065 -0.788904 0.597224 -0.144755 -0.636621 0.467476 -0.613334 -0.598428 0.435141 -0.672709 -0.790846 0.595599 0.140803 -0.079653 -0.091086 -0.992652 -0.087271 -0.08322 -0.992702 -0.352657 0.225052 0.908287 -0.472316 0.325344 0.819188 -0.066769 -0.064238 0.995698 -0.062772 -0.068343 0.995685 0.305289 -0.469741 0.828337 0.216174 -0.358546 0.908137 0.575101 -0.805191 -0.144658 0.570676 -0.803095 0.171373 0.449188 -0.64963 -0.61336 0.419314 -0.612713 -0.669895 -0.847736 0.251885 -0.466795 -0.897774 0.44003 -0.019364 -0.867868 0.431097 0.246902 -0.833781 0.220551 -0.506129 -0.402835 -0.406804 -0.819899 -0.402852 -0.406787 -0.819899 -0.43793 0.11604 0.891488 -0.518876 0.182523 0.835137 -0.161102 -0.161859 0.973575 -0.161085 -0.161876 0.973575 0.25275 -0.843246 -0.474399 0.224559 -0.831265 -0.5085 0.442169 -0.896372 -0.031688 0.432606 -0.864861 0.254689 0.184309 -0.516466 0.836238 0.117129 -0.43729 0.89166 -0.777474 0.317186 -0.543072 -0.881971 0.467216 -0.061938 -0.859944 0.45387 0.233448 -0.746867 0.280492 -0.602921 -0.270693 -0.274537 -0.922689 -0.27067 -0.27456 -0.922689 -0.388185 0.132953 0.911941 -0.484335 0.201027 0.851474 -0.120523 -0.121324 0.985269 -0.120537 -0.12131 0.985269 0.310705 -0.767275 -0.561027 0.282293 -0.743962 -0.605666 0.465146 -0.881504 -0.081179 0.450994 -0.8581 0.245495 0.198535 -0.477411 0.855957 0.130162 -0.382592 0.914703 -0.851328 0.513164 -0.109106 -0.720697 0.366218 -0.588626 -0.687991 0.332582 -0.645025 -0.839966 0.502153 0.205667 -0.198166 -0.202149 -0.959097 -0.198335 -0.20198 -0.959097 -0.477556 0.249976 0.84229 -0.371974 0.175846 0.911435 -0.091401 -0.092148 0.991541 -0.091328 -0.092222 0.991541 0.349457 -0.709594 -0.611846 0.322717 -0.682164 -0.656129 0.48912 -0.844401 0.218512 0.501279 -0.857604 -0.115039 0.237389 -0.465012 0.852884 0.168419 -0.363216 0.916356 -0.67988 0.709901 -0.183859 -0.522756 0.564852 -0.63849 -0.515556 0.557866 -0.650375 -0.694837 0.719005 -0.015273 0.027725 0.023554 -0.999338 0.027384 0.023895 -0.999339 -0.437077 0.456013 0.775252 -0.331845 0.352621 0.87495 0.019376 0.012546 0.999734 0.017668 0.01421 0.999743 0.554152 -0.512338 -0.656068 0.551362 -0.509478 -0.66063 0.724796 -0.688962 0.001466 0.712429 -0.676804 -0.185422 0.362295 -0.324981 0.873573 0.459478 -0.422061 0.781501 -0.748944 -0.204801 0.63019 -0.748944 -0.204801 0.63019 -0.748944 -0.204801 0.63019 -0.428379 -0.756636 -0.493956 -0.428379 -0.756636 -0.493956 -0.428379 -0.756636 -0.493956 -0.005752 -0.974984 0.2222 -0.005752 -0.974984 0.2222 -0.005752 -0.974984 0.2222 -0.198904 -0.745301 0.636367 -0.198904 -0.745301 0.636367 -0.198904 -0.745301 0.636367 0.023641 -0.912125 0.409229 0.023641 -0.912125 0.409229 0.023641 -0.912125 0.409229 -0.758176 -0.432468 -0.487998 -0.758176 -0.432468 -0.487998 -0.758176 -0.432468 -0.487998 -0.971961 -0.02893 0.233354 -0.971961 -0.02893 0.233354 -0.971961 -0.02893 0.233354 -0.914976 -0.001493 0.403506 -0.914976 -0.001493 0.403506 -0.914976 -0.001493 0.403506 0.48838 0.490371 -0.721818 -0.030531 0.035737 -0.998895 -0.005233 0.005259 -0.999972 0.48531 0.555164 -0.675476 0.839856 0.373789 -0.393604 0.908386 0.294148 -0.297174 0.510412 0.851858 0.117549 0.589775 0.79258 0.154865 -0.133037 0.90351 0.407395 0.047487 0.803645 0.593211 -0.609122 0.624106 0.48935 -0.46378 0.484408 0.741793 0.443351 0.437915 0.782094 0.70602 0.702943 0.086066 0.715723 0.679169 0.162697 0.530239 0.31097 0.788761 0.000544 -0.003693 0.999993 0.148172 -0.148772 0.977708 0.764685 0.641457 0.061564 0.943357 -0.022637 0.331006 0.753641 0.657017 0.018794 0.997346 -0.053855 0.048993 0.636349 -0.637884 0.433778 0.705217 -0.706022 0.064821 0.099598 0.96879 -0.226993 -0.663479 0.663273 -0.346215 -0.706393 0.707808 0.004035 0.040247 0.999182 0.003987 0.738838 0.673747 0.013541 0.992212 -0.033407 -0.120001 0.695664 -0.697869 -0.170382 -0.689075 0.690586 0.219698 0.032337 0.986898 0.158073 0.765165 0.643794 0.007229 0.92743 0.022216 -0.373335 0.606662 -0.602555 -0.518545 -0.555542 0.554525 0.619578 0.15299 0.888176 0.433287 0.759803 0.649921 0.017356 0.8507 0.217984 -0.478322 0.477001 -0.442093 -0.75962 -0.335677 0.415124 0.845573 0.351953 0.769844 0.532419 0.85763 0.353353 -0.373648 0.623734 -0.24921 -0.740845 0.751948 0.658393 0.033048 0.457926 0.771247 0.442133 -0.134728 0.556133 0.8201 -0.44686 -0.440578 0.778593 0.148172 -0.148772 0.977708 0.000544 -0.003693 0.999993 -0.313432 -0.530753 0.78744 -0.46378 0.484408 0.741793 -0.797766 -0.017585 0.60271 -0.896232 0.14741 0.418376 -0.609122 0.624106 0.48935 -0.846184 -0.510448 0.15302 -0.805555 -0.564385 0.180421 -0.280924 -0.938343 -0.201482 -0.408268 -0.839813 -0.357815 -0.49151 -0.486059 -0.72261 -0.71082 -0.698921 0.079022 -0.681285 -0.715535 0.154466 -0.549975 -0.48079 -0.682911 -0.642758 -0.763568 0.061852 -0.968797 -0.09906 -0.227198 -0.657649 -0.753058 0.020061 -0.999239 -0.038661 0.005135 0.020571 -0.943277 0.331369 0.636349 -0.637884 0.433778 0.705217 -0.706022 0.064821 0.052997 -0.997359 0.04966 -0.674242 -0.738361 0.014866 -0.98669 -0.031101 0.159612 0.695664 -0.697869 -0.170382 0.031326 -0.992361 -0.119321 -0.647519 -0.762037 0.004385 -0.89092 -0.149389 0.428888 0.606662 -0.602555 -0.518545 -0.020647 -0.92647 -0.375803 -0.687067 -0.726537 0.009143 -0.782991 -0.279336 0.555784 0.477001 -0.442093 -0.75962 -0.223039 -0.831822 -0.508258 -0.737107 -0.161111 0.65629 -0.699094 -0.714513 0.02717 -0.136336 -0.800949 -0.583003 0.623734 -0.24921 -0.740845 -0.423924 -0.396973 -0.814065 -0.243095 0.231697 -0.941924 -0.253575 0.112722 -0.960726 -0.376561 -0.31012 -0.872942 -0.330817 0.739457 -0.586314 -0.346161 0.762773 -0.546214 -0.632259 0.773172 0.049534 -0.669041 0.735147 0.109289 -0.912485 0.196063 0.35907 -0.875761 0.33389 0.348654 -0.948741 -0.197704 0.246583 -0.938234 -0.291546 0.186326 -0.826278 -0.547212 -0.133504 -0.833736 -0.539675 -0.116773 -0.610254 -0.579091 -0.540596 -0.644331 -0.5928 -0.483142 -0.423924 -0.396973 -0.814065 -0.376561 -0.31012 -0.872942 -0.075709 0.863215 0.499128 -0.849683 0.180221 -0.495539 -0.771045 0.200737 0.604314 0.536409 0.82415 -0.181777 0.489655 0.158608 -0.857369 -0.143877 -0.538082 -0.830523 -0.581698 -0.685341 -0.438105 -0.800285 -0.592986 -0.088949 -0.902937 -0.344705 0.256678 0.462371 -0.885097 0.053066 -0.018075 -0.530714 0.847358 0.268419 -0.825471 0.496536 -0.445516 -0.883186 0.146621 0.360884 -0.864159 -0.350703 0.683339 -0.640039 -0.351281 0.62112 -0.76062 -0.188859 0.457857 -0.618052 -0.639045 -0.720527 -0.453524 -0.524553 0.243448 -0.455813 -0.856135 0.955193 -0.269021 0.12343 0.987458 -0.099589 0.12251 0.970603 -0.171472 0.168902 0.802343 -0.588386 -0.100244 0.945594 -0.193848 0.261296 0.281865 -0.953635 0.10551 -0.112162 -0.988941 -0.097028 0.596197 -0.793039 -0.125052 0.638141 -0.739856 -0.213048 0.718247 -0.48669 -0.497246 0.572967 -0.396428 -0.717324 0.295017 0.190733 -0.936262 0.284431 0.119973 -0.95116 -0.338755 0.754203 -0.562515 -0.217178 0.627319 -0.747867 0.516266 -0.406574 -0.753769 0.200416 0.036644 -0.979025 -0.3904 0.603957 -0.694855 0.618198 -0.714377 -0.327868 -0.606239 0.592079 -0.530959 -0.624672 0.675209 -0.392273 -0.822145 -0.568845 0.022224 -0.776491 -0.321859 -0.541727 -0.270698 -0.942206 0.197408 -0.949547 0.212619 -0.23055 -0.709447 0.703773 -0.037263 -0.949974 -0.302668 0.077075 -0.904716 -0.272255 -0.327667 -0.961415 0.255539 0.101892 -0.669509 0.62127 0.407163 -0.954547 0.228159 0.191793 -0.980432 -0.196613 -0.009871 -0.559193 0.579641 0.592722 -0.591741 0.217059 0.776356 -0.517985 -0.82904 -0.210676 -0.49308 -0.863157 -0.108775 -0.574882 0.68824 0.442533 -0.176827 0.65081 0.738362 -0.254457 0.385843 0.886779 -0.18189 0.193422 0.964108 -0.836409 -0.105689 0.537819 -0.720527 -0.453524 -0.524553 -0.445516 -0.883186 0.146621 -0.434327 0.341917 0.833338 0.555 0.268218 0.787423 0.560395 0.440719 0.70123 0.53176 0.227603 0.815738 0.987458 -0.099589 0.12251 0.955193 -0.269021 0.12343 0.970603 -0.171472 0.168902 -0.312346 0.840304 0.44309 -0.595536 0.803287 -0.008186 -0.503593 0.863863 -0.011605 -0.537389 0.773265 -0.336564 0.447832 0.536087 0.715582 0.945594 -0.193848 0.261296 -0.299888 0.713527 0.633203 -0.528405 0.848851 0.015498 -0.309449 0.731232 -0.607898 0.78039 -0.324127 0.534727 0.78889 -0.331474 -0.517473 0.848869 -0.528588 0.003979 0.78039 -0.324127 0.534727 -0.018075 -0.530714 0.847358 0.236164 -0.928909 -0.285229 -0.641269 -0.745347 -0.182296 -0.021037 -0.992474 -0.120639 0.390386 -0.899242 -0.197388 -0.149161 -0.97565 -0.160806 0.200126 -0.978551 -0.04887 -0.086994 -0.962442 -0.257174 -0.637245 -0.745473 -0.19542 0.092433 -0.995519 -0.019968 -0.596225 -0.801429 -0.047193 -0.762718 0.154907 -0.627906 -0.731353 0.13471 -0.668563 -0.744094 0.142792 -0.652637 -0.762718 0.154907 -0.627906 -0.132423 -0.659385 -0.740051 -0.132423 -0.659385 -0.740051 -0.132423 -0.659385 -0.740051 -0.250719 0.014673 -0.967949 -0.284358 0.019944 -0.958511 -0.265565 0.016995 -0.963943 -0.250719 0.014673 -0.967949 0.782178 -0.345761 -0.518312 0.830939 -0.042053 -0.554772 0.785156 -0.334564 -0.521151 0.782178 -0.345761 -0.518312 -0.031084 -0.681046 -0.73158 -0.031084 -0.681046 -0.731581 -0.031084 -0.681046 -0.73158 0.298945 -0.122934 -0.946319 0.318462 -0.112642 -0.941219 0.307636 -0.118369 -0.944113 0.298945 -0.122934 -0.946319 0.25563 0.337313 -0.906021 0.379612 0.233518 -0.895189 0.387633 0.226281 -0.893609 0.395379 0.49232 -0.775433 0.395379 0.49232 -0.775433 0.395379 0.492321 -0.775433 0.410727 0.328437 -0.850548 0.410727 0.328437 -0.850548 0.410727 0.328437 -0.850548 0.34204 0.517035 -0.784655 0.34204 0.517035 -0.784655 0.34204 0.517035 -0.784655 -0.843835 0.159495 0.512351 -0.788338 0.136074 0.600006 -0.843835 0.159495 0.512351 -0.813795 0.146543 0.562372 -0.656663 -0.183637 0.731486 -0.537893 -0.413308 0.734743 -0.649399 -0.231199 0.72445 -0.53246 -0.418574 0.735719 -0.132424 -0.659383 0.740053 -0.132424 -0.659383 0.740053 -0.132424 -0.659383 0.740053 -0.344047 -0.010107 0.938898 -0.356403 -0.000336 0.934332 -0.344047 -0.010107 0.938898 -0.349081 -0.006135 0.937072 0.743493 -0.33781 0.57715 0.80736 -0.033146 0.589127 0.743493 -0.33781 0.577151 0.747822 -0.326413 0.578115 -0.031084 -0.681046 0.73158 -0.031084 -0.681046 0.73158 -0.031084 -0.681046 0.73158 0.291709 -0.144344 0.945553 0.313968 -0.129364 0.940579 0.291709 -0.144344 0.945553 0.301051 -0.138087 0.943557 0.255632 0.337318 0.906018 0.387634 0.226283 0.893608 0.379613 0.233521 0.895188 0.395378 0.492322 0.775433 0.395378 0.492322 0.775433 0.395378 0.492322 0.775433 0.410728 0.328436 0.850548 0.410728 0.328437 0.850548 0.410728 0.328436 0.850548 0.342042 0.517038 0.784652 0.342042 0.517038 0.784652 0.342042 0.517038 0.784652 -0.676043 0.135058 -0.72438 -0.674901 0.110451 -0.729595 -0.675418 0.120495 -0.727524 -0.676042 0.135058 -0.72438 -0.287331 0.016686 -0.957686 -0.317946 0.014245 -0.948002 -0.300755 0.015621 -0.953573 -0.287331 0.016686 -0.957686 0.793444 -0.324352 -0.515017 0.824564 0.053159 -0.563266 0.796296 -0.312714 -0.517806 0.793444 -0.324352 -0.515017 0.218134 -0.651062 -0.727004 0.218134 -0.651062 -0.727004 0.218134 -0.651062 -0.727004 -0.119035 -0.678031 -0.725331 -0.119035 -0.678031 -0.725331 -0.119035 -0.678031 -0.725331 0.309809 -0.128488 -0.942077 0.3283 -0.113209 -0.937765 0.316683 -0.122835 -0.940544 0.309809 -0.128488 -0.942077 0.24085 0.354358 -0.903561 0.339683 0.312712 -0.887032 0.337643 0.313627 -0.887488 0.415283 0.570389 -0.708658 0.415283 0.570389 -0.708658 0.415283 0.570389 -0.708658 0.267233 0.458872 -0.847362 0.267233 0.458872 -0.847362 0.267233 0.458872 -0.847362 0.133702 0.610581 -0.780587 0.133702 0.610581 -0.780587 0.133702 0.610581 -0.780587 -0.829232 0.148487 0.538819 -0.772798 0.112855 0.624538 -0.829232 0.148487 0.538819 -0.800855 0.130017 0.584574 -0.342647 0.01953 0.939261 -0.356244 0.015649 0.934262 -0.342647 0.01953 0.939261 -0.347533 0.018138 0.937492 0.750807 -0.302727 0.587065 0.791325 0.072732 0.607054 0.750807 -0.302727 0.587065 0.754756 -0.290593 0.588132 0.218134 -0.65106 0.727006 0.218134 -0.65106 0.727006 0.218135 -0.65106 0.727006 -0.119035 -0.678031 0.725331 -0.119035 -0.678031 0.725331 -0.119035 -0.678031 0.725331 0.280267 -0.103598 0.954316 0.305201 -0.086996 0.948306 0.280267 -0.103598 0.954316 0.288876 -0.097896 0.952348 0.240851 0.354362 0.903559 0.337643 0.313629 0.887488 0.339683 0.312713 0.887032 0.415281 0.570389 0.708659 0.415281 0.570389 0.708659 0.415281 0.570389 0.708659 0.267233 0.45887 0.847364 0.267233 0.45887 0.847364 0.267233 0.45887 0.847364 0.133702 0.610578 0.780588 0.133702 0.610578 0.780588 0.133702 0.610578 0.780588 -0.736856 0.237209 -0.633068 -0.728126 0.16857 -0.664392 -0.727491 0.164562 -0.66609 -0.736856 0.237209 -0.633068 -0.330654 0.058763 -0.941921 -0.336379 0.038241 -0.94095 -0.335641 0.040916 -0.941101 -0.330654 0.058763 -0.941921 0.791287 -0.386711 -0.473624 0.835857 0.040346 -0.547463 0.794852 -0.372621 -0.47892 0.791287 -0.386711 -0.473624 0.232945 -0.648525 -0.724673 0.232945 -0.648525 -0.724673 0.232945 -0.648525 -0.724674 0.103432 -0.671068 -0.734145 0.103432 -0.671068 -0.734145 0.103432 -0.671068 -0.734145 0.323758 -0.18941 -0.926987 0.333691 -0.174103 -0.926465 0.333205 -0.174859 -0.926498 0.323758 -0.18941 -0.926987 0.124907 0.413335 -0.901971 0.309864 0.314845 -0.897138 0.325279 0.305643 -0.894861 0.204235 0.611363 -0.764541 0.204235 0.611363 -0.764541 0.204235 0.611363 -0.764541 0.258544 0.466781 -0.845737 0.258544 0.466781 -0.845737 0.258544 0.466781 -0.845737 0.120989 0.61587 -0.778503 0.120989 0.615869 -0.778503 0.120989 0.61587 -0.778503 -0.768227 0.245244 0.591339 -0.754302 0.170076 0.634115 -0.768227 0.245244 0.591339 -0.754812 0.172385 0.632884 -0.355127 0.054936 0.933202 -0.358572 0.027445 0.933099 -0.355127 0.054936 0.933202 -0.357645 0.035066 0.933199 0.789423 -0.340246 0.510925 0.825391 0.065456 0.560753 0.789423 -0.340246 0.510925 0.79368 -0.322411 0.515872 0.232944 -0.648525 0.724674 0.232944 -0.648525 0.724674 0.232944 -0.648525 0.724674 0.103433 -0.671073 0.734141 0.103433 -0.671073 0.734141 0.103433 -0.671073 0.734141 0.300868 -0.083589 0.949996 0.310629 -0.0723 0.947778 0.300868 -0.083589 0.949996 0.309074 -0.074105 0.948147 0.124908 0.413337 0.90197 0.325281 0.305644 0.89486 0.309866 0.314846 0.897137 0.204235 0.611362 0.764542 0.204235 0.611363 0.764542 0.204235 0.611363 0.764542 0.258544 0.466781 0.845737 0.258544 0.466781 0.845737 0.258544 0.466781 0.845737 0.12099 0.615875 0.778498 0.12099 0.615875 0.778498 0.12099 0.615875 0.778498 -0.817607 0.228699 -0.528408 -0.770939 0.136798 -0.622044 -0.792741 0.176443 -0.583463 -0.817607 0.228699 -0.528408 -0.041164 -0.67788 -0.734019 -0.041164 -0.67788 -0.734019 -0.041164 -0.67788 -0.734019 -0.318206 0.05358 -0.946506 -0.350079 0.026677 -0.93634 -0.329805 0.043858 -0.94303 -0.318206 0.05358 -0.946506 0.786189 -0.285251 -0.548214 0.831925 -0.037711 -0.553605 0.792573 -0.264687 -0.549335 0.786189 -0.285251 -0.548214 0.064042 -0.685316 -0.725425 0.064042 -0.685316 -0.725425 0.064042 -0.685316 -0.725425 0.29208 -0.065604 -0.954141 0.326739 -0.042944 -0.944138 0.304256 -0.057696 -0.950841 0.29208 -0.065604 -0.954141 0.209643 0.375341 -0.902867 0.363579 0.262147 -0.893918 0.381662 0.247508 -0.890547 0.326783 0.548194 -0.769868 0.326783 0.548194 -0.769868 0.326783 0.548194 -0.769868 0.366053 0.387096 -0.846264 0.366053 0.387096 -0.846264 0.366053 0.387096 -0.846264 0.270186 0.565561 -0.779192 0.270186 0.565561 -0.779192 0.270186 0.565561 -0.779192 -0.763291 0.204284 0.612907 -0.739607 0.127044 0.660939 -0.763291 0.204284 0.612907 -0.74933 0.156377 0.643467 -0.041164 -0.677883 0.734017 -0.041164 -0.677883 0.734017 -0.041164 -0.677883 0.734017 -0.267187 0.024745 0.963327 -0.304369 0.01043 0.952497 -0.267187 0.024745 0.963327 -0.283388 0.018534 0.958826 0.782527 -0.325165 0.530961 0.835037 -0.059192 0.547 0.782527 -0.325165 0.530961 0.788991 -0.305941 0.532816 0.064043 -0.685313 0.725427 0.064043 -0.685313 0.725427 0.064043 -0.685313 0.725427 0.382632 -0.230894 0.894584 0.405681 -0.168902 0.898273 0.382632 -0.230894 0.894584 0.392085 -0.206134 0.896537 0.209644 0.375341 0.902867 0.381662 0.247509 0.890547 0.36358 0.262148 0.893917 0.326785 0.548195 0.769866 0.326785 0.548195 0.769866 0.326785 0.548195 0.769866 0.366054 0.387091 0.846265 0.366054 0.387091 0.846265 0.366054 0.387091 0.846265 0.270187 0.56557 0.779185 0.270187 0.56557 0.779185 0.270187 0.56557 0.779185 0.85044 -0.179806 0.49439 0.503808 -0.416349 0.756856 0.686406 -0.531621 0.496211 0.626316 -0.538406 0.563779 0.664536 -0.707751 0.239752 0.329109 -0.473704 0.816879 -0.608912 -0.574006 0.547488 -0.733313 -0.548634 0.401564 -0.709549 -0.681246 0.180123 -0.72517 -0.682556 0.090807 -0.928858 -0.370063 -0.016617 -0.537959 -0.836331 -0.105603 -0.412446 0.255031 -0.874556 -0.551421 0.303132 -0.777204 -0.564647 0.245774 -0.787889 -0.639277 0.43544 -0.633812 -0.343527 0.334541 -0.877537 0.750974 0.379437 -0.540431 0.83334 0.395268 -0.386404 0.805562 0.448239 -0.387493 0.777175 0.586904 -0.227028 0.679916 0.443974 -0.583611 -0.085695 0.993745 -0.071608 -0.085695 0.993745 -0.071608 -0.085695 0.993745 -0.071608 -0.085695 0.993745 -0.071608 -0.085695 0.993745 -0.071608 -0.085695 0.993745 -0.071608 0.572328 0.575823 -0.583839 0.083988 0.155011 -0.984336 0.113399 0.124884 -0.98567 0.562773 0.635275 -0.528878 0.906044 0.38001 -0.186217 0.954035 0.284081 -0.095476 0.502099 0.823591 0.263807 0.552621 0.771937 0.314202 -0.126565 0.876156 0.465114 -0.017861 0.747662 0.663839 -0.604749 0.629475 0.487894 -0.532949 0.422226 0.733274 0.347298 0.341995 0.873168 0.683375 0.680397 0.264686 0.684455 0.647568 0.334929 0.435438 0.21519 0.874121 -0.116828 -0.121304 0.985716 0.036197 -0.265671 0.963384 0.74678 0.620167 0.240234 0.897011 -0.071694 0.436155 0.738389 0.645816 0.194174 0.98294 -0.065026 0.172046 0.587362 -0.692437 0.418971 0.696521 -0.713745 0.073663 0.116472 0.989941 -0.080315 -0.628315 0.70289 -0.333415 -0.705455 0.708738 -0.004881 0.030897 0.991554 0.125958 0.72996 0.65781 0.18559 0.999511 -0.030657 0.006212 0.715747 -0.680504 -0.156912 -0.716877 0.665986 0.206277 0.009437 0.962127 0.27244 0.755665 0.628197 0.185307 0.966571 0.059689 -0.249354 0.670492 -0.538937 -0.509889 -0.626666 0.470996 0.620848 0.096093 0.820471 0.563554 0.748531 0.633901 0.194607 0.906459 0.255094 -0.33654 0.593842 -0.353268 -0.722878 -0.426046 0.30689 0.85106 0.269862 0.689891 0.671733 0.898838 0.374129 -0.228295 0.716978 -0.175863 -0.674548 0.380783 0.70052 0.603553 0.738608 0.640727 0.209585 -0.240284 0.432554 0.869 -0.539664 -0.533318 0.65141 0.036197 -0.265671 0.963384 -0.116828 -0.121304 0.985716 -0.405552 -0.626672 0.66544 -0.532949 0.422226 0.733274 -0.857845 -0.0781 0.507939 -0.922157 0.159782 0.352272 -0.604749 0.629475 0.487894 -0.870387 -0.49226 -0.010362 -0.816401 -0.577486 -0.000065 -0.320366 -0.834282 -0.448708 -0.399157 -0.708602 -0.581857 -0.400558 -0.393371 -0.827534 -0.709194 -0.697201 -0.104663 -0.689196 -0.723865 -0.032069 -0.462845 -0.392007 -0.79505 -0.636628 -0.761614 -0.121032 -0.932552 -0.06824 -0.354527 -0.652634 -0.742735 -0.149713 -0.99159 -0.027987 -0.126357 -0.009912 -0.979412 0.201627 0.587362 -0.692437 0.418971 0.696521 -0.713745 0.073663 0.05133 -0.996973 -0.058395 -0.662796 -0.732959 -0.153209 -0.998542 -0.046325 0.027702 0.715747 -0.680504 -0.156912 0.05383 -0.973078 -0.224102 -0.634689 -0.755298 -0.163387 -0.931432 -0.200424 0.303751 0.670492 -0.538937 -0.509889 0.03364 -0.87407 -0.484633 -0.65839 -0.737983 -0.147995 -0.826826 -0.338842 0.448937 0.593842 -0.353268 -0.722878 -0.107898 -0.775152 -0.622493 -0.789403 -0.24031 0.564884 -0.019435 -0.732445 -0.680549 -0.672618 -0.728651 -0.129047 0.716978 -0.175863 -0.674548 -0.133173 0.788076 0.601 -0.768746 0.277087 -0.576413 -0.83897 0.144705 0.524586 0.568324 0.822697 0.013327 0.620918 0.262124 -0.73875 -0.010014 -0.415994 -0.909312 -0.514686 -0.609069 -0.603435 -0.786176 -0.555668 -0.270481 -0.933055 -0.347245 0.093962 -0.983755 0.162729 0.075795 -0.762973 0.6393 -0.095751 -0.96533 0.248618 0.079545 -0.789753 0.610087 -0.063907 -0.441919 0.695702 -0.566309 -0.448523 0.70044 -0.555167 -0.277238 0.243809 -0.929353 -0.278695 0.304824 -0.91072 -0.405218 -0.217947 -0.887861 -0.368851 -0.150841 -0.917167 -0.634214 -0.42739 -0.644291 -0.368851 -0.150841 -0.917167 -0.405218 -0.217947 -0.887861 -0.598586 -0.410819 -0.687694 -0.836482 -0.414267 -0.358721 -0.839639 -0.412322 -0.35355 -0.971511 -0.219425 -0.089547 -0.98541 -0.163327 -0.047863 0.408576 0.400737 -0.820046 -0.134067 -0.089642 -0.98691 -0.107994 -0.13293 -0.985224 0.405915 0.466768 -0.785723 0.760202 0.33803 -0.554823 0.842166 0.245048 -0.480321 0.524491 0.848846 -0.066104 0.606167 0.794831 -0.028366 -0.124549 0.939426 0.31932 0.106764 0.867098 0.486561 -0.610067 0.636068 0.472478 -0.404845 0.561682 0.721536 0.534175 0.528575 0.659747 0.705136 0.702089 -0.099269 0.725028 0.688321 -0.023424 0.622875 0.400935 0.671772 0.116855 0.112501 0.986757 0.262399 -0.03659 0.964266 0.761719 0.636122 -0.123017 0.979386 0.008345 0.201824 0.745523 0.649038 -0.151478 0.996056 -0.056387 -0.068508 0.690513 -0.58833 0.420784 0.711189 -0.700417 0.06022 0.067847 0.931762 -0.356673 -0.70192 0.628666 -0.334794 -0.705777 0.70836 0.010273 0.03336 0.992583 -0.116899 0.730341 0.665685 -0.153184 0.970315 -0.053432 -0.235869 0.674583 -0.717574 -0.17328 -0.659009 0.718304 0.223039 0.046823 0.998092 0.040249 0.755329 0.634119 -0.165443 0.873481 -0.029878 -0.48594 0.743809 0.650347 -0.154263 0.790842 0.164935 -0.589377 0.541479 -0.66547 -0.513761 0.422587 -0.528532 -0.736257 0.199581 0.932486 0.30106 0.411515 0.828923 0.378869 -0.199212 0.526315 0.826624 -0.477434 0.629362 0.613156 0.802059 0.313769 -0.508183 0.556522 -0.331504 -0.761832 0.736206 0.662774 -0.136867 0.500103 0.818364 0.283156 -0.007248 0.653982 0.756476 -0.348342 -0.341961 0.872766 0.262399 -0.03659 0.964266 0.116855 0.112501 0.986757 -0.215623 -0.43211 0.875664 -0.404845 0.561682 0.721536 -0.74663 0.057501 0.66275 -0.873145 0.15323 0.462751 -0.610067 0.636068 0.472478 -0.821895 -0.493569 0.284389 -0.787642 -0.51995 0.330564 -0.275207 -0.96132 -0.01118 -0.412026 -0.900964 -0.136007 -0.578484 -0.584672 -0.568784 -0.688618 -0.676726 0.260475 -0.649756 -0.684078 0.331444 -0.630014 -0.569979 -0.527453 -0.622122 -0.744307 0.242842 -0.990244 -0.113682 -0.080583 -0.644012 -0.740889 0.190611 -0.990333 -0.03182 0.135009 0.069534 -0.895722 0.439143 0.690513 -0.58833 0.420784 0.711189 -0.700417 0.06022 0.064368 -0.984995 0.160133 -0.662109 -0.726787 0.182736 -0.959116 -0.003459 0.282993 0.674583 -0.717574 -0.17328 0.023778 -0.99969 -0.007388 0.541479 -0.66547 -0.513761 -0.061 -0.964921 -0.255356 0.422587 -0.528532 -0.736257 -0.23048 -0.904406 -0.359066 -0.64184 -0.739698 0.202209 -0.63633 -0.750645 0.17781 -0.82887 -0.089518 0.552233 -0.676041 -0.210016 0.706302 -0.609658 -0.079058 0.788713 -0.650161 -0.725869 0.224511 -0.156846 -0.881042 -0.446278 0.556522 -0.331504 -0.761832 -0.458145 -0.529359 -0.714061 -0.309114 0.103787 -0.945345 -0.31139 0.007979 -0.950249 -0.411413 -0.440655 -0.797849 -0.444615 0.660984 -0.604497 -0.43958 0.653567 -0.616133 -0.708241 0.705742 -0.017962 -0.74973 0.658137 0.069 -0.913161 0.187339 0.361995 -0.892387 0.30292 0.334492 -0.926945 -0.192451 0.322081 -0.91905 -0.264424 0.292279 -0.828473 -0.558342 0.043435 -0.826652 -0.561357 0.039051 -0.628512 -0.672628 -0.390569 -0.668646 -0.676771 -0.308049 -0.458145 -0.529359 -0.714061 -0.411413 -0.440655 -0.797849 -0.0445 0.918588 0.392703 -0.909385 0.092714 -0.405492 -0.721661 0.246753 0.646776 0.496626 0.79779 -0.341899 0.378225 0.047893 -0.924474 -0.252498 -0.646369 -0.720036 -0.626065 -0.732233 -0.2681 -0.795573 -0.601362 0.073668 -0.864427 -0.327037 0.381853 -0.168679 -0.172017 -0.970545 -0.372538 -0.041933 -0.927069 -0.120835 -0.020411 -0.992463 -0.382924 -0.210155 -0.899558 -0.255471 -0.280509 -0.925229 -0.415235 -0.298821 -0.859236 -0.355305 -0.387197 -0.850786 -0.469803 -0.437377 -0.766803 -0.214604 -0.394501 -0.893484 -0.1242 -0.355743 -0.926294 -0.289528 -0.584513 -0.75797 -0.446631 -0.581633 -0.67987 0.014978 -0.296789 -0.954826 0.089653 -0.116386 -0.98915 -0.986843 0.16168 0 -0.817836 -0.123258 -0.562096 -0.997209 -0.074659 0 -0.830313 0.105415 -0.547236 -0.645231 0.0319 -0.763321 -0.67579 -0.07865 -0.732886 -0.966182 0.257863 0 -0.808518 0.154022 -0.567957 -0.878474 0.477789 0 -0.764873 0.37048 -0.526986 -0.583542 0.214468 -0.783251 -0.625273 0.024963 -0.780007 -0.672939 0.739698 0 -0.552799 0.668325 -0.497749 -0.500556 0.271118 -0.822155 -0.224678 0.481873 -0.846946 -0.183583 0.983004 0 -0.131673 0.883808 -0.448937 0.007909 0.641368 -0.767192 0.20081 0.450834 -0.869726 -0.009201 0.279772 -0.960023 0.071158 0.200513 -0.977104 -0.021563 0.10779 -0.99394 -0.192212 0.184986 -0.963761 0.232072 0.355123 -0.905555 0.459096 0.871368 -0.173057 0.522708 0.767624 -0.370851 0.648054 0.667659 -0.366411 0.452969 0.891526 0 -0.637689 -0.370954 -0.67509 -0.901622 -0.432525 0 0.871947 -0.489601 0 0.938462 -0.345383 0 0.82392 -0.380907 0.419603 0.710891 -0.437799 0.550424 0.725483 -0.425137 0.541233 0.711737 -0.440182 0.547422 0.821535 -0.570158 0 0.608484 -0.555857 0.566366 0.555469 -0.619039 0.555199 0.508426 -0.709992 0.487252 0.517223 -0.519626 0.680051 0.499246 0.024001 0.866128 0.715255 -0.572775 0.400425 0.671593 -0.740921 0 -0.168679 -0.172017 0.970545 -0.120835 -0.020411 0.992463 -0.372538 -0.041932 0.927069 -0.382924 -0.210155 0.899558 -0.255472 -0.280509 0.925229 -0.415236 -0.298821 0.859235 -0.355305 -0.387197 0.850786 -0.469804 -0.437378 0.766802 -0.214604 -0.394501 0.893484 -0.124201 -0.355743 0.926294 -0.289529 -0.584512 0.75797 -0.446631 -0.581633 0.67987 0.014978 -0.296789 0.954826 0.089652 -0.116386 0.98915 -0.817836 -0.123258 0.562096 -0.830313 0.105415 0.547236 -0.645231 0.031899 0.763321 -0.67579 -0.07865 0.732886 -0.808518 0.154023 0.567957 -0.764873 0.37048 0.526986 -0.583542 0.214468 0.783251 -0.625272 0.024963 0.780007 -0.552799 0.668325 0.497749 -0.500557 0.271118 0.822155 -0.224678 0.481874 0.846946 -0.131673 0.883809 0.448937 0.007909 0.641369 0.767192 0.20081 0.450835 0.869726 -0.009201 0.279772 0.960022 0.071158 0.200513 0.977103 -0.021563 0.10779 0.99394 -0.192213 0.184986 0.963761 0.232072 0.355123 0.905555 0.459096 0.871368 0.173057 0.522709 0.767624 0.37085 0.648054 0.667659 0.366411 -0.637689 -0.370953 0.67509 0.82392 -0.380907 -0.419603 0.710892 -0.437799 -0.550422 0.725484 -0.425138 -0.541232 0.711737 -0.440182 -0.547422 0.608484 -0.555858 -0.566365 0.555469 -0.619039 -0.555198 0.508426 -0.709992 -0.487252 0.517223 -0.519625 -0.680052 0.499246 0.024001 -0.866128 0.715255 -0.572775 -0.400424 -0.767555 -0.617608 -0.171522 -0.991008 0.095564 -0.093655 -0.769849 -0.620985 -0.147343 -0.987588 0.100572 -0.120644 -0.129934 -0.991458 -0.011338 -0.123237 -0.991771 -0.03469 0.553881 -0.798835 0.234687 0.565506 -0.796711 0.213199 0.88103 -0.155954 0.446614 0.893606 -0.152176 0.422268 -0.552513 -0.802032 -0.226877 -0.973013 0.114957 -0.200077 -0.293707 -0.161268 0.942194 0.374052 -0.926522 0.040529 0.926853 -0.1403 0.348224 -0.419699 0.901457 0.105962 0.50687 0.776967 0.373369 -0.66139 0.744061 0.09453 0.67167 0.564958 0.479251 0.027303 0.939094 0.342575 -0.663859 0.738446 0.118274 0.019956 0.931068 0.364299 0.659871 0.560598 0.5003 0.29359 0.16121 -0.94224 0.29359 0.161211 -0.94224 0.29359 0.16121 -0.94224 0.29359 0.161211 -0.94224 0.29359 0.161211 -0.94224 0.29359 0.161211 -0.94224 0.293589 0.161211 -0.94224 0.293589 0.161211 -0.94224 0.29359 0.16121 -0.94224 -0.917692 -0.006068 0.397246 -0.2476 -0.851993 0.461305 -0.247603 -0.851992 0.461304 -0.917692 -0.006069 0.397246 0.539135 -0.201799 0.817686 0.539135 -0.2018 0.817686 0.924924 0.002161 -0.380146 0.125741 -0.658316 -0.742165 0.12574 -0.658316 -0.742165 0.924924 0.002161 -0.380146 -0.55495 0.200989 -0.807238 -0.55495 0.20099 -0.807238 -0.862591 0.160961 -0.479613 -0.008404 -0.917367 -0.397954 -0.008402 -0.917367 -0.397954 -0.862591 0.160962 -0.479613 0.994478 -0.088541 0.056336 0.994478 -0.088539 0.056336 -0.949651 0.129762 -0.285175 -0.073117 -0.97678 -0.201382 -0.073117 -0.97678 -0.201382 -0.949651 0.129761 -0.285176 0.956001 -0.126275 0.264794 0.956001 -0.126275 0.264794 -0.744195 0.183508 -0.642261 0.293587 0.161208 -0.942241 0.052839 -0.822665 -0.566066 0.191583 0.956876 -0.218366 0.988614 -0.049298 -0.142168 -0.130956 0.644126 0.753626 -0.130956 0.644126 0.753626 0.244233 0.86147 -0.445219 0.244234 0.86147 -0.445219 0.140291 0.989787 -0.025322 0.140291 0.989787 -0.025321 0.079468 0.980267 0.181001 0.079468 0.980267 0.181001 -0.61409 -0.784209 0.08893 -0.997064 0.076133 0.00821 -0.991872 0.054906 0.114783 -0.60411 -0.796682 -0.018681 0.263135 -0.902069 0.342097 0.308346 -0.919276 0.244654 0.762576 -0.180812 0.621116 0.827845 -0.16905 0.534879 -0.293584 -0.161218 0.942241 -0.477566 0.826357 0.298437 -0.492431 0.776164 0.393804 0.434888 0.703764 0.561772 0.384792 0.658303 0.646972 0.982866 -0.041541 -0.179581 0.498674 -0.740778 -0.450081 0.29359 0.16121 -0.94224 -0.351761 -0.626517 -0.695515 -0.233816 0.88621 -0.399953 0.616618 0.77195 -0.154516 -0.718006 0.186979 -0.670452 -0.492432 0.776163 0.393805 -0.997064 0.076127 0.008211 -0.477567 0.826356 0.298438 -0.991872 0.054902 0.114783 0.384792 0.658304 0.646971 0.434886 0.703767 0.561771 0.762575 -0.180813 0.621117 0.827845 -0.169052 0.534878 -0.293585 -0.161216 0.942241 -0.60411 -0.796682 -0.018683 -0.614089 -0.78421 0.08893 0.308345 -0.919276 0.244652 0.263133 -0.90207 0.342098 0.982866 -0.04154 -0.179578 0.293591 0.161209 -0.94224 0.616619 0.771949 -0.154516 -0.718008 0.186978 -0.67045 -0.35176 -0.626516 -0.695516 0.498678 -0.740775 -0.45008 -0.233818 0.886211 -0.399949 0.862249 0.380894 0.333835 0.955722 -0.070131 0.285792 0.862249 0.380895 0.333835 0.955722 -0.070134 0.285791 0.952882 -0.128025 0.275003 0.952882 -0.128023 0.275003 0.952785 -0.12926 0.274759 0.952785 -0.129264 0.274758 0.536996 0.787643 0.302081 0.536997 0.787643 0.302081 -0.946729 0.185472 -0.263258 -0.785592 0.602291 -0.14174 -0.946729 0.185468 -0.263259 -0.785593 0.602291 -0.14174 -0.95288 0.128025 -0.275008 -0.95288 0.128025 -0.275008 -0.952979 0.126785 -0.275239 -0.952979 0.126787 -0.275239 -0.404319 0.914112 0.03042 -0.404317 0.914113 0.030421 0.29359 0.161211 -0.94224 0.29359 0.161211 -0.94224 0.29359 0.161211 -0.94224 0.29359 0.161211 -0.94224 0.293589 0.161211 -0.94224 0.293589 0.161211 -0.94224 0.293588 0.161211 -0.94224 0.293588 0.161211 -0.94224 0.29359 0.161211 -0.94224 0.29359 0.161211 -0.94224 -0.29359 -0.16121 0.94224 -0.29359 -0.161211 0.94224 -0.29359 -0.16121 0.94224 -0.29359 -0.161211 0.94224 -0.29359 -0.161211 0.94224 -0.29359 -0.161211 0.94224 -0.29359 -0.161211 0.94224 -0.29359 -0.161211 0.94224 -0.29359 -0.161211 0.94224 -0.29359 -0.161211 0.94224 -0.404317 0.914113 0.030421 0.536996 0.787643 0.302081 0.785594 -0.60229 0.141737 0.946728 -0.185472 0.263261 0.946729 -0.185469 0.263261 0.785594 -0.60229 0.141737 0.952977 -0.126785 0.275245 0.952977 -0.126787 0.275245 0.404316 -0.914113 -0.030417 0.404319 -0.914112 -0.030416 -0.862249 -0.380893 -0.333837 -0.862249 -0.380893 -0.333837 -0.955723 0.070133 -0.285789 -0.955723 0.070129 -0.28579 -0.952786 0.12926 -0.274755 -0.952786 0.129262 -0.274755 -0.536996 -0.787645 -0.302077 -0.537 -0.787642 -0.302078 0.29359 0.161211 -0.94224 0.29359 0.161211 -0.94224 0.29359 0.16121 -0.94224 0.29359 0.16121 -0.94224 0.29359 0.161211 -0.94224 0.29359 0.161211 -0.94224 0.29359 0.161211 -0.94224 0.29359 0.161211 -0.94224 -0.29359 -0.161211 0.94224 -0.29359 -0.16121 0.94224 -0.29359 -0.161211 0.94224 -0.29359 -0.16121 0.94224 -0.29359 -0.161211 0.94224 -0.29359 -0.161211 0.94224 -0.29359 -0.161211 0.94224 -0.29359 -0.161211 0.94224 -0.537 -0.787642 -0.302078 0.404316 -0.914113 -0.030417 0.293591 0.16121 -0.94224 0.293591 0.16121 -0.94224 0.293591 0.16121 -0.94224 0.293591 0.16121 -0.94224 0.907257 -0.020925 0.420055 0.644815 -0.64482 0.410391 0.644817 -0.644818 0.410391 0.907174 -0.024247 0.420057 0.02424 -0.907175 0.420054 0.020922 -0.907259 0.420052 -0.639161 -0.639161 0.427722 -0.639161 -0.639161 0.427722 0.63916 0.639159 0.427727 0.63916 0.639159 0.427727 0 0 1 -0.186671 0.186671 0.964525 -0.257121 0.004943 0.966367 -0.178129 -0.178129 0.96775 -0.004941 0.257123 0.966366 0.17813 0.17813 0.96775 -0.020924 0.907257 0.420057 -0.644818 0.644818 0.41039 -0.024246 0.907173 0.420059 -0.644819 0.644817 0.41039 -0.907176 0.024246 0.420053 -0.907259 0.020924 0.420051 0.186671 -0.18667 0.964525 0.004942 -0.25712 0.966367 0.257122 -0.004943 0.966366 0.909871 -0.021016 -0.414358 0.646589 -0.646588 -0.40478 0.909789 -0.024294 -0.41436 0.64659 -0.646587 -0.40478 0.024291 -0.909786 -0.414367 0.021009 -0.909868 -0.414365 -0.641066 -0.641066 -0.421982 -0.641065 -0.641067 -0.421982 0.641069 0.641072 -0.421968 0.641071 0.64107 -0.421968 0 0 -1 0 0 -1 0 0 -1 0 0 -1 -0.000001 0 -1 -0.021015 0.909872 -0.414356 -0.646589 0.64659 -0.404776 -0.64659 0.646589 -0.404776 -0.024297 0.90979 -0.414358 -0.909784 0.024299 -0.41437 -0.909867 0.02101 -0.414368 0 0 -1 0 0 -1 0 0 -1 -0.707107 -0.707106 0 -0.707107 -0.707106 0 -0.707107 -0.707106 0 -0.707107 -0.707106 0 0 0 1 0 0 1 0 0 1 0 0 1 -0.707106 0.707108 0 -0.707106 0.707108 0 -0.707106 0.707108 0 -0.707106 0.707108 0 0.707106 -0.707108 0 0.707106 -0.707108 0 0.707106 -0.707108 0 0.707106 -0.707108 0 0.707106 0.707107 0 0.707106 0.707107 0 0.707106 0.707107 0 0.707106 0.707107 0 0 0 -1 0 0 -1 0 0 -1 0 0 -1 -1 -0.000007 0 -1 -0.000007 0 -1 -0.000007 0 -1 -0.000007 0 -0.500004 -0.500004 0.707101 -0.500004 -0.500004 0.707101 -0.500004 -0.500004 0.707101 -0.500004 -0.500004 0.707101 -0.499999 0.499999 0.707109 -0.499998 0.499998 0.707109 -0.499998 0.499998 0.707109 -0.499999 0.499999 0.707109 0 -1 0 0 -1 0 0 -1 0 0 -1 0 0.499995 -0.499996 0.707114 0.499995 -0.499996 0.707114 0.499994 -0.499996 0.707114 0.499994 -0.499996 0.707114 0 1 0 0 1 0 0 1 0 0 1 0 0.500004 0.500005 0.7071 0.500004 0.500005 0.7071 0.500004 0.500005 0.7071 0.500004 0.500005 0.7071 1 0.000007 0 1 0.000007 0 1 0.000007 0 1 0.000007 0 -0.499998 0.499998 -0.707109 -0.499998 0.499998 -0.707109 -0.499998 0.499998 -0.707109 -0.499998 0.499998 -0.707109 0.500004 0.500005 -0.707101 0.500004 0.500005 -0.707101 0.500004 0.500005 -0.707101 0.500004 0.500005 -0.707101 0.499994 -0.499996 -0.707114 0.499994 -0.499996 -0.707114 0.499994 -0.499996 -0.707114 0.499994 -0.499996 -0.707114 -0.500004 -0.500004 -0.707101 -0.500004 -0.500004 -0.707101 -0.500004 -0.500004 -0.707101 -0.500004 -0.500004 -0.707101 -0.816497 -0.000005 0.57735 -0.816497 -0.000005 0.57735 -0.816497 -0.000005 0.57735 0 -0.816494 0.577354 0 -0.816494 0.577354 0 -0.816494 0.577354 0 0.816508 0.577335 0 0.816508 0.577335 0 0.816508 0.577335 0.816492 0.000004 0.577357 0.816492 0.000004 0.577357 0.816492 0.000004 0.577357 0 0.816507 -0.577335 0 0.816507 -0.577335 0 0.816507 -0.577335 0.816493 0.000007 -0.577355 0.816493 0.000007 -0.577355 0.816493 0.000007 -0.577355 -0.816496 -0.000007 -0.577351 -0.816496 -0.000007 -0.577351 -0.816496 -0.000007 -0.577351 0 -0.816494 -0.577354 0 -0.816494 -0.577354 0 -0.816494 -0.577354 -0.600266 -0.388453 -0.699132 -0.105906 0.105906 -0.98872 -0.600266 -0.388453 -0.699132 -0.105907 0.105905 -0.98872 0.388452 0.600268 -0.69913 0.388452 0.600268 -0.699131 0.593222 0.805039 0 0.593222 0.805039 0 -0.805038 -0.593224 0 -0.805038 -0.593224 0 0.388452 0.600267 0.699132 0.388452 0.600267 0.699132 -0.105906 0.105906 0.98872 -0.105907 0.105905 0.98872 -0.600265 -0.388453 0.699132 -0.600265 -0.388453 0.699132 -0.707106 0.707107 0 -0.707106 0.707107 0 -0.707106 0.707107 0 -0.707106 0.707107 0 -0.707106 0.707107 0 -0.707106 0.707107 0 -0.707106 0.707107 0 -0.707106 0.707107 0 0.707107 -0.707106 0 0.707107 -0.707106 0 0.707107 -0.707106 0 0.707107 -0.707106 0 0.707107 -0.707106 0 0.707107 -0.707106 0 0.707107 -0.707106 0 0.707107 -0.707107 0 0.707108 -0.707106 0 0.657889 0.311682 -0.685592 0.858695 0.512488 0 0.657889 0.311682 -0.685592 0.858695 0.512488 0 0.173106 -0.173106 -0.969571 0.173107 -0.173105 -0.969571 -0.31168 -0.657893 -0.685589 -0.311679 -0.657892 -0.68559 -0.512484 -0.858697 0 -0.512484 -0.858697 0 -0.31168 -0.657893 0.685589 -0.31168 -0.657893 0.68559 0.173106 -0.173105 0.969572 0.173107 -0.173104 0.969572 0.657889 0.311682 0.685593 0.657889 0.311682 0.685592 0.904089 0.427344 0 0.709104 0.232362 0.665718 0.904089 0.427344 0 0.709105 0.232363 0.665716 0.238371 -0.238368 0.941467 0.23837 -0.238369 0.941467 -0.232364 -0.709104 0.665717 -0.232364 -0.709104 0.665717 -0.427348 -0.904087 0 -0.427348 -0.904087 0 -0.232364 -0.709104 -0.665716 -0.232364 -0.709104 -0.665716 0.23837 -0.23837 -0.941467 0.238369 -0.23837 -0.941467 0.709103 0.232362 -0.665718 0.709105 0.232363 -0.665716 0.178772 -0.178773 -0.967513 0.662529 0.304982 -0.684135 0.178773 -0.178772 -0.967513 0.662529 0.304983 -0.684135 -0.304982 -0.662529 -0.684135 -0.304983 -0.66253 -0.684134 -0.50536 -0.862909 0 -0.50536 -0.862909 0 0.862908 0.505361 0 0.862908 0.505361 0 -0.304981 -0.66253 0.684134 -0.304982 -0.662531 0.684134 0.178774 -0.178774 0.967512 0.178775 -0.178772 0.967512 0.662529 0.304982 0.684135 0.662529 0.304982 0.684135 -0.537499 0.843264 0 -0.582274 0.798488 0.152885 -0.537499 0.843264 0 -0.582274 0.798488 0.152886 -0.69038 0.690378 0.216229 -0.69038 0.690377 0.216229 -0.798492 0.582264 0.152902 -0.798492 0.582264 0.152902 -0.843271 0.537489 0.000001 -0.843271 0.537489 0.000001 -0.582274 0.798488 -0.152887 -0.582274 0.798488 -0.152886 -0.690381 0.690381 -0.216214 -0.690381 0.690381 -0.216214 -0.79849 0.582272 -0.152886 -0.79849 0.582272 -0.152886 -0.445565 0.89525 0 -0.511412 0.829397 0.224851 -0.445565 0.895249 0 -0.511414 0.829396 0.224853 -0.670405 0.670396 0.318005 -0.670401 0.670399 0.318005 -0.829403 0.511395 0.224868 -0.829402 0.511396 0.224869 -0.895264 0.445536 0 -0.895264 0.445536 0 -0.511414 0.829395 -0.224854 -0.511413 0.829396 -0.224853 -0.670402 0.670399 -0.318004 -0.670405 0.670396 -0.318004 -0.829403 0.511396 -0.224867 -0.829404 0.511395 -0.224866 -0.279896 0.96003 0.000001 -0.379505 0.860426 0.340063 -0.279896 0.96003 0.000001 -0.379504 0.860428 0.34006 -0.619968 0.619965 0.480919 -0.619967 0.619967 0.480918 -0.860427 0.379503 0.340063 -0.860428 0.379502 0.340061 -0.960031 0.279893 0 -0.960031 0.279893 0 -0.379503 0.860428 -0.340059 -0.379505 0.860427 -0.340062 -0.619965 0.619966 -0.480922 -0.619966 0.619964 -0.480922 -0.860427 0.379502 -0.340064 -0.860425 0.379503 -0.340066 0.873897 0.361986 0.324453 0.873897 0.361986 0.324453 0.873897 0.361986 0.324453 0.873897 0.361986 0.324453 0.361986 0.873901 0.324442 0.361986 0.873901 0.324442 0.361986 0.873901 0.324442 0.361986 0.873901 0.324442 -0.36199 0.873894 0.324458 -0.36199 0.873894 0.324458 -0.36199 0.873894 0.324458 -0.36199 0.873894 0.324458 -0.873898 0.361984 0.324452 -0.873898 0.361984 0.324452 -0.873898 0.361984 0.324452 -0.873898 0.361984 0.324452 -0.873901 -0.36198 0.324449 -0.873901 -0.36198 0.324449 -0.873901 -0.36198 0.324449 -0.873901 -0.36198 0.324449 -0.36198 -0.8739 0.324452 -0.36198 -0.8739 0.324452 -0.36198 -0.8739 0.324452 -0.36198 -0.8739 0.324452 0.361984 -0.873898 0.324453 0.361984 -0.873898 0.324453 0.361984 -0.873898 0.324453 0.361984 -0.873898 0.324453 0.873896 -0.361983 0.32446 0.873896 -0.361983 0.32446 0.873896 -0.361983 0.32446 0.873896 -0.361983 0.32446 0 0 1 0 0 1 0 0 1 0 0 1 0 0 1 0 0 1 0 0 1 0 0 1 0.873897 0.361983 0.324456 0.873897 0.361983 0.324456 0.873897 0.361983 0.324456 0.873897 0.361983 0.324456 0.361979 0.873898 0.324459 0.361979 0.873898 0.324459 0.361979 0.873898 0.324459 0.361979 0.873898 0.324459 -0.361978 0.8739 0.324454 -0.361978 0.8739 0.324455 -0.361978 0.8739 0.324455 -0.361978 0.8739 0.324454 -0.873903 0.361975 0.324448 -0.873903 0.361976 0.324448 -0.873903 0.361976 0.324448 -0.873903 0.361975 0.324448 -0.873899 -0.361984 0.32445 -0.873899 -0.361984 0.32445 -0.873899 -0.361984 0.32445 -0.873899 -0.361984 0.32445 -0.361984 -0.873899 0.324449 -0.361984 -0.873899 0.324449 -0.361984 -0.873899 0.324449 -0.361984 -0.873899 0.324449 0.36198 -0.873901 0.32445 0.36198 -0.873901 0.32445 0.36198 -0.873901 0.324451 0.36198 -0.873901 0.32445 0.873899 -0.361981 0.324453 0.873899 -0.361981 0.324453 0.873899 -0.361981 0.324453 0.873899 -0.361981 0.324453 0 0 1 0 0 1 0 0 1 0 0 1 0 0 1 0 0 1 0 0 1 0 0 1 0.873897 0.361989 0.32445 0.873897 0.361989 0.32445 0.873897 0.361989 0.32445 0.873897 0.361989 0.32445 0.361988 0.873895 0.324457 0.361988 0.873895 0.324457 0.361988 0.873895 0.324457 0.361988 0.873895 0.324457 -0.361986 0.873902 0.32444 -0.361986 0.873902 0.32444 -0.361986 0.873902 0.32444 -0.361986 0.873902 0.32444 -0.8739 0.361984 0.324447 -0.8739 0.361984 0.324447 -0.8739 0.361984 0.324447 -0.8739 0.361984 0.324447 -0.873899 -0.361979 0.324458 -0.873899 -0.361979 0.324458 -0.873899 -0.361979 0.324458 -0.873899 -0.361979 0.324458 -0.361974 -0.873901 0.324456 -0.361974 -0.873901 0.324456 -0.361974 -0.873901 0.324456 -0.361974 -0.873901 0.324456 0.361977 -0.873901 0.324454 0.361977 -0.873901 0.324454 0.361977 -0.873901 0.324454 0.361977 -0.873901 0.324454 0.8739 -0.361986 0.324447 0.8739 -0.361986 0.324447 0.8739 -0.361986 0.324447 0.8739 -0.361986 0.324447 0 0 1 0 0 1 0 0 1 0 0 1 0 0 1 0 0 1 0 0 1 0 0 1 -0.110028 -0.110028 0.98782 0.041504 0.041504 0.998276 0.129014 0.129014 0.983214 -0.11003 -0.110029 0.987819 -0.407775 -0.407771 0.816971 -0.407772 -0.407772 0.816973 -0.110028 -0.110028 0.98782 0.141655 0.141655 0.979728 -0.407771 -0.407772 0.816973 0.369834 0.369833 0.852318 0.369833 0.369833 0.852318 0.129014 0.129014 -0.983215 -0.110029 -0.110028 -0.987819 -0.110028 -0.110028 -0.98782 0.041504 0.041504 -0.998276 -0.407772 -0.407771 -0.816973 -0.407774 -0.407771 -0.816972 -0.407771 -0.407771 -0.816973 -0.110028 -0.110028 -0.98782 0.141654 0.141654 -0.979729 0.369833 0.369832 -0.852319 0.369833 0.369832 -0.852319 -0.707107 -0.707107 0 -0.707109 -0.707104 0 -0.707107 -0.707107 0 -0.707109 -0.707104 0 -0.707107 0.707107 0 -0.707107 0.707107 0 -0.707107 0.707107 0 -0.707107 0.707107 0 -0.707107 0.707107 0 -0.707107 0.707107 0 -0.707107 0.707107 0 -0.707107 0.707107 0 -0.707106 -0.707108 0 -0.707106 -0.707108 0 -0.707107 -0.707107 0 0.707107 0.707107 0 0.707107 0.707107 0 0.707107 0.707107 0 0.707107 0.707107 0 0.276708 -0.270945 -0.921966 0.291611 -0.257686 -0.921174 0.276708 -0.270945 -0.921966 0.321532 -0.230433 -0.918432 0.635134 0.125648 -0.762114 0.276707 -0.270945 0.921966 0.321532 -0.230432 0.918433 0.276707 -0.270944 0.921966 0.291611 -0.257686 0.921174 0.635134 0.125648 0.762114 0.94724 0.320525 0 0.941497 -0.337021 0 0.941497 -0.337021 0 0.94724 0.320525 0 0.742867 -0.669439 0 0.742867 -0.669439 0 0.363211 0.36321 0.857995 0.363211 0.363211 0.857995 0.363211 0.36321 0.857995 0.363211 0.363211 0.857995 0.363211 0.36321 0.857995 0.363211 0.36321 0.857995 0.606695 0.606697 -0.513653 0.606695 0.606697 -0.513653 0.606695 0.606697 -0.513653 0.606695 0.606697 -0.513653 -0.606688 -0.606685 0.513677 -0.606688 -0.606685 0.513676 -0.606688 -0.606685 0.513677 -0.606688 -0.606685 0.513676 0.928671 -0.21538 -0.301962 0.928671 -0.21538 -0.301962 0.928671 -0.21538 -0.301962 0.928671 -0.21538 -0.301962 -0.215368 0.928682 -0.301938 -0.215368 0.928682 -0.301938 -0.215368 0.928682 -0.301938 -0.215368 0.928682 -0.301938 0.215381 -0.928676 0.301948 0.215381 -0.928676 0.301948 0.215381 -0.928676 0.301948 0.215381 -0.928676 0.301948 -0.928676 0.215375 0.301951 -0.928676 0.215375 0.301951 -0.928676 0.215375 0.301952 -0.928676 0.215375 0.301951 -0.100928 0.098246 -0.990031 0.372004 0.489077 -0.788934 -0.485387 -0.374619 -0.789975 0.607204 0.794546 0.000189 0.607205 0.794545 -0.000144 -0.790238 -0.612799 -0.000145 0.371484 0.489468 0.788936 -0.101501 0.098821 0.989915 -0.48578 -0.374099 0.78998 -0.790239 -0.612799 0.000189 0.707107 -0.707106 0 0.707107 -0.707106 0 0.707107 -0.707106 0 0.707107 -0.707106 0 0.707107 -0.707106 -0.000002 0.707107 -0.707106 -0.000002 0.379436 0.327551 -0.865297 0.737034 0.675848 -0.003317 0.379086 0.327201 -0.865583 0.737082 0.675795 0.003409 -0.325611 -0.384696 -0.863705 -0.321883 -0.380884 -0.866786 -0.6683 -0.743884 0.003417 -0.668353 -0.743837 -0.003304 -0.310309 -0.395171 0.864609 -0.310657 -0.395519 0.864324 0.389982 0.312217 0.866276 0.39371 0.316028 0.863203 0.087061 -0.084167 -0.992641 -0.454898 -0.625904 -0.633493 0.080397 -0.09102 -0.992598 -0.443043 -0.61358 -0.653631 -0.606127 -0.779278 -0.159171 -0.610227 -0.784598 0.109679 -0.271947 -0.346792 0.897652 -0.360217 -0.46115 0.810916 0.01882 -0.031048 0.999341 0.021355 -0.028351 0.99937 0.568541 -0.571184 -0.592039 -0.054365 -0.943631 -0.326503 0.570219 -0.56951 -0.592039 -0.052536 -0.943001 -0.328618 -0.247498 -0.962665 0.109642 -0.234735 -0.908324 0.346189 -0.021279 -0.541602 0.840366 -0.05743 -0.582533 0.810776 0.271938 -0.272231 0.923006 0.271631 -0.272537 0.923006 0.540735 0.018418 0.840991 0.583012 0.05435 0.810643 0.910612 0.229447 0.343715 0.963637 0.241765 0.11381 0.944241 0.048632 -0.325644 0.944815 0.05024 -0.323729 -0.517753 0.532501 0.669607 -0.064259 0.89739 0.436535 -0.515671 0.504363 0.692605 0.019757 0.976077 0.216526 -0.023721 0.811969 0.583219 -0.428236 0.496772 0.754872 0.208382 0.930796 -0.300327 0.221686 0.95037 -0.218292 0.068179 0.782063 -0.619458 -0.037315 0.750683 -0.659608 0.205323 0.903987 -0.375033 0.137156 0.724059 -0.675964 -0.27422 0.316077 -0.908239 -0.390762 0.417317 -0.820458 -0.427647 0.431201 -0.794471 -0.738466 0.025885 -0.673794 -0.764944 -0.060013 -0.641295 -0.716229 -0.083666 -0.692832 -0.927304 -0.216793 -0.305135 -0.958058 -0.151316 -0.243368 -0.888407 0.043466 0.456994 -0.839389 0.108962 0.532498 -0.962739 -0.072963 0.260405 -0.895473 -0.236648 -0.376995 0.332236 0.292119 0.89682 0.464601 0.403868 0.788059 0.758751 0.629276 -0.168252 0.76482 0.642082 0.052736 0.619237 0.476868 -0.623813 0.602604 0.460084 -0.652067 0.788904 0.597223 -0.144756 0.636621 0.467475 -0.613335 0.790846 0.595598 0.140804 0.598428 0.43514 -0.672709 0.079653 -0.091086 -0.992652 0.087271 -0.08322 -0.992702 0.352656 0.225052 0.908287 0.472315 0.325343 0.819189 0.066769 -0.064238 0.995698 0.062772 -0.068343 0.995685 -0.30529 -0.469742 0.828336 -0.216174 -0.358547 0.908137 -0.575101 -0.805191 -0.14466 -0.570676 -0.803095 0.171371 -0.449187 -0.64963 -0.613361 -0.419313 -0.612712 -0.669896 0.847736 0.251884 -0.466795 0.897774 0.44003 -0.019364 0.833781 0.22055 -0.506129 0.867868 0.431097 0.246901 0.402835 -0.406803 -0.8199 0.402852 -0.406786 -0.8199 0.437931 0.11604 0.891488 0.518877 0.182523 0.835136 0.161102 -0.161859 0.973575 0.161085 -0.161876 0.973575 -0.25275 -0.843245 -0.4744 -0.224559 -0.831264 -0.508501 -0.442169 -0.896372 -0.031688 -0.432607 -0.864861 0.254689 -0.184309 -0.516465 0.836238 -0.117129 -0.43729 0.891661 0.777475 0.317186 -0.543072 0.881972 0.467215 -0.061938 0.746867 0.280492 -0.602921 0.859945 0.453869 0.233449 0.270693 -0.274537 -0.922689 0.27067 -0.27456 -0.922689 0.388185 0.132953 0.911941 0.484334 0.201027 0.851474 0.120523 -0.121324 0.985269 0.120537 -0.12131 0.985269 -0.310705 -0.767276 -0.561026 -0.282293 -0.743962 -0.605666 -0.465146 -0.881504 -0.081178 -0.450994 -0.8581 0.245496 -0.198535 -0.47741 0.855958 -0.130162 -0.382592 0.914703 0.851328 0.513164 -0.109105 0.720697 0.366218 -0.588626 0.839966 0.502153 0.205667 0.687992 0.332582 -0.645024 0.198167 -0.202149 -0.959096 0.198336 -0.20198 -0.959097 0.477556 0.249976 0.84229 0.371974 0.175845 0.911435 0.091401 -0.092148 0.991541 0.091328 -0.092222 0.991541 -0.349456 -0.709593 -0.611848 -0.322717 -0.682164 -0.65613 -0.489121 -0.844402 0.21851 -0.501279 -0.857604 -0.115042 -0.237389 -0.465012 0.852884 -0.168419 -0.363217 0.916356 0.67988 0.709901 -0.183858 0.522757 0.564852 -0.638489 0.694837 0.719005 -0.015272 0.515557 0.557866 -0.650374 -0.027723 0.023555 -0.999338 -0.027384 0.023895 -0.999339 0.437077 0.456013 0.775252 0.331845 0.352621 0.87495 -0.019376 0.012547 0.999734 -0.017668 0.01421 0.999743 -0.554152 -0.512337 -0.656069 -0.551362 -0.509477 -0.660631 -0.724797 -0.688961 0.001469 -0.712429 -0.676804 -0.18542 -0.362295 -0.324981 0.873573 -0.459478 -0.42206 0.781502 0.748945 -0.2048 0.630189 0.748945 -0.2048 0.630189 0.748945 -0.2048 0.630189 0.428379 -0.756636 -0.493958 0.428379 -0.756636 -0.493958 0.428379 -0.756636 -0.493958 0.005752 -0.974985 0.222198 0.005752 -0.974985 0.222198 0.005752 -0.974985 0.222198 0.198904 -0.745301 0.636368 0.198904 -0.745301 0.636368 0.198904 -0.745301 0.636368 -0.023641 -0.912127 0.409227 -0.023641 -0.912127 0.409227 -0.023641 -0.912127 0.409227 0.758175 -0.432469 -0.487997 0.758175 -0.432469 -0.487997 0.758175 -0.432469 -0.487997 0.971961 -0.028929 0.233354 0.971961 -0.028929 0.233354 0.971961 -0.028929 0.233354 0.914974 -0.001496 0.40351 0.914974 -0.001496 0.40351 0.914974 -0.001496 0.40351 -0.48838 0.490372 -0.721817 0.030531 0.035737 -0.998895 -0.485311 0.555164 -0.675475 0.005233 0.005259 -0.999972 -0.839855 0.373789 -0.393605 -0.908385 0.294147 -0.297176 -0.510411 0.851858 0.117549 -0.589774 0.79258 0.154866 0.133037 0.903511 0.407392 -0.047487 0.803646 0.593209 0.609122 0.624107 0.489346 0.463781 0.48441 0.741791 -0.443351 0.437915 0.782094 -0.706019 0.702943 0.086067 -0.715723 0.679169 0.162699 -0.530239 0.310969 0.788762 -0.000543 -0.003694 0.999993 -0.148172 -0.148772 0.977708 -0.764685 0.641457 0.061563 -0.943357 -0.022637 0.331007 -0.753641 0.657017 0.018794 -0.997346 -0.053855 0.048993 -0.636349 -0.637884 0.433779 -0.705217 -0.706022 0.064821 -0.099598 0.96879 -0.226992 0.66348 0.663273 -0.346214 0.706393 0.707808 0.004035 -0.040247 0.999182 0.003987 -0.738838 0.673747 0.013541 -0.992212 -0.033407 -0.120001 -0.695664 -0.697869 -0.170382 0.689075 0.690586 0.219697 -0.032336 0.986898 0.158072 -0.765165 0.643794 0.007228 -0.92743 0.022216 -0.373335 -0.606662 -0.602555 -0.518546 0.555541 0.554524 0.619578 -0.15299 0.888176 0.433287 -0.759803 0.649922 0.017356 -0.850701 0.217984 -0.478321 -0.477002 -0.442093 -0.759621 0.335677 0.415124 0.845573 -0.351952 0.769844 0.532419 -0.85763 0.353353 -0.373647 -0.623734 -0.249209 -0.740844 -0.751948 0.658393 0.033048 -0.457926 0.771247 0.442132 0.134729 0.556132 0.820101 0.446861 -0.440579 0.778592 -0.148172 -0.148772 0.977708 0.313433 -0.530754 0.787439 -0.000543 -0.003694 0.999993 0.463781 0.48441 0.741791 0.797767 -0.017585 0.602709 0.896233 0.147411 0.418374 0.609122 0.624107 0.489346 0.846186 -0.510446 0.153018 0.805555 -0.564384 0.180422 0.280924 -0.938342 -0.201485 0.408268 -0.839813 -0.357816 0.49151 -0.48606 -0.722609 0.71082 -0.698922 0.079019 0.681285 -0.715536 0.154462 0.549976 -0.480791 -0.682911 0.642758 -0.763568 0.061851 0.968797 -0.09906 -0.227197 0.657649 -0.753058 0.02006 0.999239 -0.038661 0.005135 -0.020572 -0.943277 0.331368 -0.636349 -0.637884 0.433779 -0.705217 -0.706022 0.064821 -0.052997 -0.997359 0.049659 0.674242 -0.738361 0.014865 0.98669 -0.031101 0.159612 -0.695664 -0.697869 -0.170382 -0.031326 -0.992361 -0.119323 0.647519 -0.762037 0.004385 0.89092 -0.149389 0.428888 -0.606662 -0.602555 -0.518546 0.020647 -0.926469 -0.375804 0.687067 -0.726537 0.009142 0.782992 -0.279335 0.555784 -0.477002 -0.442093 -0.759621 0.223039 -0.831821 -0.508259 0.737107 -0.161111 0.65629 0.699094 -0.714513 0.02717 0.136336 -0.800949 -0.583004 -0.623734 -0.249209 -0.740844 0.423922 -0.396972 -0.814066 0.243094 0.231698 -0.941924 0.376559 -0.310119 -0.872943 0.253575 0.112722 -0.960726 0.330816 0.739457 -0.586314 0.34616 0.762773 -0.546215 0.632259 0.773172 0.049533 0.669041 0.735147 0.109288 0.912485 0.196062 0.35907 0.875761 0.333889 0.348655 0.948742 -0.197704 0.246581 0.938235 -0.291546 0.186324 0.826278 -0.547212 -0.133505 0.833736 -0.539675 -0.116774 0.610253 -0.57909 -0.540598 0.64433 -0.5928 -0.483143 0.423922 -0.396972 -0.814066 0.376559 -0.310119 -0.872943 0.075709 0.863215 0.499127 0.771044 0.200737 0.604314 0.849683 0.180221 -0.49554 -0.536409 0.82415 -0.181777 -0.489657 0.158608 -0.857368 0.143877 -0.538083 -0.830522 0.581698 -0.685341 -0.438105 0.800284 -0.592986 -0.08895 0.902937 -0.344706 0.256678 -0.462371 -0.885097 0.053065 0.018075 -0.530714 0.847358 0.445516 -0.883186 0.14662 -0.268419 -0.825471 0.496536 -0.360885 -0.864159 -0.350702 -0.683339 -0.640039 -0.351282 -0.62112 -0.760619 -0.18886 -0.457856 -0.618053 -0.639045 0.720527 -0.453524 -0.524554 -0.243447 -0.455812 -0.856136 -0.955192 -0.269022 0.123429 -0.987458 -0.099589 0.122509 -0.970603 -0.171472 0.168902 -0.802343 -0.588385 -0.100244 -0.945594 -0.193847 0.261296 -0.281864 -0.953634 0.105519 0.112162 -0.988942 -0.097027 -0.596198 -0.793039 -0.125053 -0.638141 -0.739856 -0.213046 -0.718248 -0.486689 -0.497246 -0.572967 -0.396428 -0.717324 -0.295017 0.190734 -0.936262 -0.284431 0.119974 -0.95116 0.338756 0.754202 -0.562515 0.217178 0.62732 -0.747866 -0.516265 -0.406574 -0.753769 -0.200415 0.036645 -0.979025 0.3904 0.603958 -0.694855 -0.618198 -0.71438 -0.327861 0.606238 0.592079 -0.530959 0.624671 0.675209 -0.392273 0.822146 -0.568843 0.022222 0.776495 -0.321861 -0.541721 0.270694 -0.942206 0.197417 0.949547 0.212618 -0.230551 0.709446 0.703774 -0.037264 0.949975 -0.302665 0.077074 0.904716 -0.272255 -0.327668 0.961415 0.255537 0.101892 0.669509 0.62127 0.407163 0.954547 0.228157 0.191792 0.980432 -0.19661 -0.009873 0.559192 0.57964 0.592724 0.591741 0.217059 0.776355 0.51798 -0.829043 -0.210674 0.493083 -0.863155 -0.108777 0.574883 0.68824 0.442533 0.176827 0.65081 0.738362 0.254457 0.385844 0.886778 0.18189 0.193424 0.964107 0.836412 -0.10569 0.537815 0.720527 -0.453524 -0.524554 0.445516 -0.883186 0.14662 0.434327 0.341918 0.833338 -0.554999 0.268219 0.787423 -0.560395 0.44072 0.70123 -0.53176 0.227604 0.815737 -0.987458 -0.099589 0.122509 -0.955192 -0.269022 0.123429 -0.970603 -0.171472 0.168902 0.312346 0.840304 0.44309 0.595536 0.803287 -0.008186 0.503593 0.863863 -0.011605 0.537389 0.773265 -0.336564 -0.447832 0.536088 0.715581 -0.945594 -0.193847 0.261296 0.299888 0.713527 0.633203 0.528405 0.848851 0.015498 0.309449 0.731232 -0.607899 -0.78039 -0.324126 0.534727 -0.788889 -0.331474 -0.517474 -0.84887 -0.528587 0.003979 -0.78039 -0.324126 0.534727 0.018075 -0.530714 0.847358 -0.236164 -0.92891 -0.285224 0.021038 -0.992474 -0.120634 0.641272 -0.745346 -0.18229 -0.390386 -0.899242 -0.197391 0.149163 -0.97565 -0.160804 -0.200127 -0.97855 -0.04887 0.086994 -0.962442 -0.257171 0.637247 -0.745472 -0.195416 -0.092433 -0.995519 -0.019969 0.596225 -0.801429 -0.047199 0.762718 0.154906 -0.627906 0.731353 0.134709 -0.668563 0.762718 0.154906 -0.627906 0.744094 0.142791 -0.652637 0.132423 -0.659383 -0.740053 0.132423 -0.659383 -0.740053 0.132423 -0.659383 -0.740053 0.250719 0.014672 -0.967949 0.284357 0.019944 -0.958511 0.250719 0.014672 -0.967949 0.265564 0.016995 -0.963943 -0.78218 -0.345763 -0.518307 -0.83094 -0.042056 -0.55477 -0.78218 -0.345763 -0.518307 -0.785158 -0.334566 -0.521146 0.031084 -0.681044 -0.731583 0.031084 -0.681044 -0.731583 0.031084 -0.681044 -0.731583 -0.298945 -0.122935 -0.946319 -0.318462 -0.112642 -0.941219 -0.298945 -0.122935 -0.946319 -0.307636 -0.11837 -0.944113 -0.255632 0.337316 -0.906019 -0.387632 0.226281 -0.89361 -0.379612 0.233518 -0.89519 -0.395377 0.492314 -0.775438 -0.395377 0.492314 -0.775438 -0.395377 0.492314 -0.775438 -0.410727 0.328437 -0.850549 -0.410727 0.328437 -0.850549 -0.410727 0.328437 -0.850549 -0.342038 0.517032 -0.784658 -0.342038 0.517032 -0.784658 -0.342038 0.517032 -0.784658 0.843834 0.159494 0.512353 0.788337 0.136075 0.600007 0.813794 0.146543 0.562374 0.656662 -0.183636 0.731487 0.649398 -0.231198 0.724451 0.537892 -0.413309 0.734744 0.843834 0.159494 0.512353 0.532459 -0.418575 0.735719 0.132423 -0.659382 0.740054 0.132423 -0.659382 0.740054 0.132423 -0.659382 0.740054 0.344048 -0.010106 0.938898 0.356404 -0.000335 0.934332 0.349082 -0.006135 0.937072 0.344048 -0.010106 0.938898 -0.743496 -0.337811 0.577146 -0.807362 -0.033147 0.589125 -0.747825 -0.326414 0.578111 -0.743496 -0.337811 0.577146 0.031084 -0.681045 0.731582 0.031084 -0.681045 0.731582 0.031084 -0.681045 0.731582 -0.291709 -0.144344 0.945553 -0.313968 -0.129364 0.940579 -0.301052 -0.138087 0.943557 -0.291709 -0.144344 0.945553 -0.255632 0.337317 0.906019 -0.379612 0.233519 0.895189 -0.387633 0.226282 0.893609 -0.395378 0.492316 0.775436 -0.395378 0.492316 0.775436 -0.395378 0.492316 0.775436 -0.410728 0.328439 0.850547 -0.410728 0.328439 0.850547 -0.410728 0.328439 0.850547 -0.342038 0.517032 0.784658 -0.342038 0.517032 0.784658 -0.342038 0.517032 0.784658 0.676043 0.135058 -0.72438 0.674902 0.11045 -0.729594 0.676043 0.135058 -0.72438 0.675419 0.120494 -0.727523 0.28733 0.016686 -0.957686 0.317946 0.014246 -0.948002 0.28733 0.016686 -0.957686 0.300755 0.015621 -0.953574 -0.793444 -0.324352 -0.515017 -0.824564 0.053158 -0.563266 -0.793444 -0.324352 -0.515017 -0.796296 -0.312714 -0.517805 -0.218134 -0.651064 -0.727003 -0.218134 -0.651064 -0.727003 -0.218134 -0.651064 -0.727003 0.119035 -0.678031 -0.725331 0.119035 -0.678031 -0.725331 0.119035 -0.678031 -0.725331 -0.309809 -0.128488 -0.942077 -0.328299 -0.113209 -0.937765 -0.309809 -0.128488 -0.942077 -0.316682 -0.122835 -0.940544 -0.240852 0.354361 -0.903559 -0.337643 0.313628 -0.887488 -0.339683 0.312713 -0.887032 -0.415281 0.570392 -0.708657 -0.415281 0.570392 -0.708657 -0.415281 0.570392 -0.708657 -0.267233 0.458874 -0.847361 -0.267233 0.458874 -0.847361 -0.267233 0.458874 -0.847361 -0.133702 0.610581 -0.780586 -0.133702 0.610581 -0.780586 -0.133702 0.610581 -0.780586 0.829232 0.148486 0.53882 0.772799 0.112855 0.624536 0.800856 0.130017 0.584573 0.829232 0.148486 0.53882 0.342647 0.01953 0.939261 0.356245 0.015649 0.934262 0.347533 0.018138 0.937492 0.342647 0.01953 0.939261 -0.750808 -0.302728 0.587063 -0.791326 0.072731 0.607054 -0.754757 -0.290593 0.58813 -0.750808 -0.302728 0.587063 -0.218134 -0.651062 0.727004 -0.218134 -0.651062 0.727004 -0.218134 -0.651062 0.727004 0.119035 -0.678031 0.725331 0.119035 -0.678031 0.725331 0.119035 -0.678031 0.725331 -0.280267 -0.103597 0.954315 -0.305201 -0.086996 0.948306 -0.288876 -0.097896 0.952348 -0.280267 -0.103597 0.954315 -0.240849 0.354358 0.903561 -0.339683 0.312712 0.887032 -0.337643 0.313628 0.887488 -0.415282 0.570388 0.708659 -0.415282 0.570388 0.708659 -0.415282 0.570388 0.708659 -0.267232 0.458874 0.847362 -0.267232 0.458874 0.847362 -0.267232 0.458874 0.847362 -0.133702 0.610583 0.780585 -0.133702 0.610583 0.780585 -0.133702 0.610583 0.780585 0.736858 0.237208 -0.633066 0.728128 0.16857 -0.66439 0.736858 0.237208 -0.633066 0.727493 0.164562 -0.666088 0.330655 0.058763 -0.941921 0.336379 0.038241 -0.94095 0.330655 0.058763 -0.941921 0.335642 0.040916 -0.941101 -0.791289 -0.386708 -0.473622 -0.835858 0.040347 -0.54746 -0.791289 -0.386708 -0.473622 -0.794854 -0.372618 -0.478918 -0.232945 -0.648525 -0.724673 -0.232945 -0.648525 -0.724673 -0.232945 -0.648525 -0.724673 -0.103433 -0.671072 -0.734141 -0.103433 -0.671073 -0.734141 -0.103433 -0.671073 -0.734141 -0.323757 -0.189409 -0.926987 -0.333691 -0.174101 -0.926466 -0.323757 -0.189409 -0.926987 -0.333204 -0.174857 -0.926499 -0.124908 0.413336 -0.901971 -0.325279 0.305641 -0.894862 -0.309863 0.314843 -0.897139 -0.204236 0.611365 -0.764539 -0.204236 0.611365 -0.764539 -0.204236 0.611365 -0.764539 -0.258541 0.466778 -0.845739 -0.258541 0.466778 -0.845739 -0.258541 0.466778 -0.845739 -0.120995 0.615881 -0.778492 -0.120995 0.615881 -0.778492 -0.120995 0.615881 -0.778492 0.768231 0.245244 0.591334 0.754305 0.170076 0.634112 0.754815 0.172385 0.632881 0.768231 0.245244 0.591334 0.355127 0.054936 0.933203 0.358572 0.027445 0.933099 0.357645 0.035066 0.933199 0.355127 0.054936 0.933203 -0.789424 -0.340246 0.510923 -0.825394 0.065456 0.560749 -0.793681 -0.322409 0.51587 -0.789424 -0.340246 0.510923 -0.232944 -0.648525 0.724674 -0.232944 -0.648525 0.724674 -0.232944 -0.648525 0.724674 -0.103432 -0.671068 0.734145 -0.103432 -0.671068 0.734145 -0.103432 -0.671068 0.734145 -0.300868 -0.083589 0.949996 -0.310629 -0.072299 0.947778 -0.309074 -0.074104 0.948147 -0.300867 -0.083589 0.949996 -0.124908 0.413336 0.901971 -0.309865 0.314845 0.897138 -0.32528 0.305642 0.894861 -0.204235 0.611361 0.764543 -0.204235 0.611361 0.764543 -0.204235 0.611361 0.764543 -0.258541 0.466775 0.845741 -0.258541 0.466775 0.845741 -0.258541 0.466775 0.845741 -0.120994 0.615885 0.77849 -0.120994 0.615885 0.77849 -0.120994 0.615885 0.77849 0.817607 0.228699 -0.528408 0.770941 0.136797 -0.622042 0.817607 0.228699 -0.528409 0.792742 0.176442 -0.583462 0.041164 -0.677875 -0.734024 0.041164 -0.677875 -0.734024 0.041164 -0.677875 -0.734024 0.318206 0.053579 -0.946506 0.350079 0.026677 -0.93634 0.318206 0.053579 -0.946506 0.329805 0.043858 -0.94303 -0.786191 -0.285249 -0.548213 -0.831926 -0.037709 -0.553604 -0.786191 -0.285249 -0.548213 -0.792574 -0.264685 -0.549334 -0.064043 -0.685309 -0.725431 -0.064043 -0.685309 -0.725431 -0.064043 -0.685309 -0.725431 -0.29208 -0.065604 -0.954141 -0.32674 -0.042943 -0.944138 -0.29208 -0.065604 -0.954141 -0.304257 -0.057696 -0.950841 -0.209643 0.375339 -0.902868 -0.381661 0.247508 -0.890547 -0.363579 0.262146 -0.893918 -0.326785 0.548195 -0.769866 -0.326785 0.548195 -0.769866 -0.326785 0.548195 -0.769866 -0.366053 0.387096 -0.846264 -0.366053 0.387096 -0.846264 -0.366053 0.387096 -0.846264 -0.270188 0.565565 -0.779189 -0.270188 0.565565 -0.779189 -0.270188 0.565565 -0.779189 0.763291 0.204284 0.612907 0.739609 0.127042 0.660938 0.749331 0.156376 0.643467 0.763291 0.204284 0.612907 0.041164 -0.677876 0.734023 0.041164 -0.677876 0.734023 0.041164 -0.677876 0.734023 0.267187 0.024745 0.963327 0.30437 0.01043 0.952497 0.283388 0.018534 0.958826 0.267187 0.024745 0.963327 -0.782528 -0.325165 0.530959 -0.835038 -0.059191 0.546999 -0.788992 -0.305942 0.532815 -0.782528 -0.325165 0.530959 -0.064043 -0.685311 0.725429 -0.064043 -0.685311 0.725429 -0.064043 -0.685311 0.725429 -0.382632 -0.230893 0.894584 -0.405682 -0.168901 0.898273 -0.392085 -0.206133 0.896537 -0.382632 -0.230893 0.894584 -0.209643 0.375342 0.902867 -0.36358 0.262147 0.893917 -0.381662 0.247509 0.890547 -0.326784 0.54819 0.76987 -0.326784 0.54819 0.76987 -0.326784 0.54819 0.76987 -0.366051 0.387094 0.846265 -0.366051 0.387094 0.846265 -0.366051 0.387094 0.846265 -0.270185 0.565566 0.779188 -0.270185 0.565566 0.779188 -0.270185 0.565566 0.779188 -0.850441 -0.179802 0.494389 -0.686406 -0.531621 0.496211 -0.503802 -0.416354 0.756857 -0.626315 -0.538407 0.56378 -0.664536 -0.70775 0.239754 -0.329102 -0.47371 0.816879 0.608909 -0.574004 0.547493 0.709548 -0.681247 0.180122 0.733311 -0.548633 0.401569 0.725169 -0.682557 0.090805 0.928858 -0.370063 -0.016615 0.537956 -0.836331 -0.105606 0.412447 0.255032 -0.874555 0.564648 0.245774 -0.787889 0.551422 0.303132 -0.777203 0.639278 0.43544 -0.63381 0.343528 0.334543 -0.877536 -0.750974 0.379438 -0.540431 -0.805561 0.448243 -0.387493 -0.833338 0.395272 -0.386403 -0.777172 0.586909 -0.227027 -0.679915 0.443973 -0.583612 0.085694 0.993745 -0.071609 0.085694 0.993745 -0.071609 0.085694 0.993745 -0.071609 0.085694 0.993745 -0.071609 0.085694 0.993745 -0.071609 0.085694 0.993745 -0.071609 -0.572328 0.575823 -0.58384 -0.083988 0.15501 -0.984336 -0.562773 0.635275 -0.528879 -0.113398 0.124884 -0.98567 -0.906044 0.38001 -0.186218 -0.954035 0.284082 -0.095475 -0.502099 0.823591 0.263807 -0.552621 0.771938 0.314202 0.126566 0.876157 0.465113 0.017861 0.747663 0.663838 0.60475 0.629476 0.487892 0.532951 0.422226 0.733273 -0.347299 0.341995 0.873168 -0.683376 0.680397 0.264685 -0.684455 0.647568 0.334928 -0.435438 0.215191 0.874121 0.116829 -0.121306 0.985716 -0.036196 -0.265672 0.963384 -0.746781 0.620166 0.240234 -0.897012 -0.071694 0.436154 -0.738389 0.645816 0.194174 -0.98294 -0.065027 0.172046 -0.587362 -0.692438 0.418969 -0.696521 -0.713745 0.073662 -0.116472 0.989941 -0.080316 0.628316 0.70289 -0.333413 0.705455 0.708738 -0.004881 -0.030897 0.991554 0.125958 -0.729961 0.65781 0.18559 -0.999511 -0.030657 0.006212 -0.715747 -0.680504 -0.156911 0.716877 0.665986 0.206277 -0.009437 0.962127 0.27244 -0.755665 0.628197 0.185308 -0.966571 0.059688 -0.249354 -0.670492 -0.538937 -0.509889 0.626666 0.470996 0.620849 -0.096093 0.820471 0.563555 -0.748531 0.633901 0.194607 -0.906459 0.255094 -0.33654 -0.593842 -0.353268 -0.722878 0.426046 0.30689 0.85106 -0.269862 0.689891 0.671733 -0.898838 0.374129 -0.228296 -0.716978 -0.175862 -0.674548 -0.380783 0.70052 0.603553 -0.738608 0.640727 0.209585 0.240284 0.432555 0.868999 0.539666 -0.533319 0.651407 -0.036196 -0.265672 0.963384 0.405553 -0.626674 0.665437 0.116829 -0.121306 0.985716 0.532951 0.422226 0.733273 0.857846 -0.0781 0.507938 0.922158 0.159783 0.352271 0.60475 0.629476 0.487892 0.870386 -0.492261 -0.010359 0.8164 -0.577487 -0.000062 0.320367 -0.834284 -0.448703 0.399159 -0.708605 -0.581851 0.400558 -0.393371 -0.827534 0.709194 -0.697201 -0.104664 0.689196 -0.723865 -0.032071 0.462845 -0.392007 -0.795051 0.636628 -0.761614 -0.121032 0.932553 -0.06824 -0.354525 0.652634 -0.742735 -0.149713 0.99159 -0.027987 -0.126357 0.009912 -0.979413 0.201625 -0.587362 -0.692438 0.418969 -0.696521 -0.713745 0.073662 -0.05133 -0.996973 -0.058395 0.662796 -0.732959 -0.153209 0.998542 -0.046325 0.027702 -0.715747 -0.680504 -0.156911 -0.05383 -0.973078 -0.224102 0.634689 -0.755297 -0.163387 0.931432 -0.200424 0.303751 -0.670492 -0.538937 -0.509889 -0.03364 -0.87407 -0.484634 0.65839 -0.737983 -0.147996 0.826826 -0.338842 0.448937 -0.593842 -0.353268 -0.722878 0.107898 -0.775152 -0.622493 0.789403 -0.24031 0.564884 0.019435 -0.732445 -0.680549 0.672618 -0.728651 -0.129047 -0.716978 -0.175862 -0.674548 0.133173 0.788076 0.601 0.838971 0.144704 0.524584 0.768745 0.277087 -0.576414 -0.568324 0.822697 0.013327 -0.620918 0.262125 -0.73875 0.010014 -0.415995 -0.909312 0.514685 -0.609069 -0.603435 0.786176 -0.555668 -0.270482 0.933055 -0.347245 0.093961 0.983755 0.162729 0.075796 0.762973 0.6393 -0.095752 0.789753 0.610087 -0.063907 0.96533 0.248619 0.079545 0.441918 0.695701 -0.56631 0.448523 0.70044 -0.555168 0.277238 0.243809 -0.929353 0.278695 0.304824 -0.91072 0.405217 -0.217946 -0.887862 0.36885 -0.150841 -0.917168 0.634213 -0.427389 -0.644292 0.36885 -0.150841 -0.917168 0.598585 -0.410818 -0.687695 0.405217 -0.217946 -0.887862 0.836482 -0.414266 -0.358723 0.839638 -0.412321 -0.353552 0.971511 -0.219425 -0.089548 0.98541 -0.163327 -0.047864 -0.408577 0.400737 -0.820045 0.134068 -0.089644 -0.986909 -0.405916 0.466769 -0.785722 0.107995 -0.132931 -0.985224 -0.760203 0.338031 -0.554821 -0.842167 0.245049 -0.480319 -0.52449 0.848846 -0.066104 -0.606167 0.794832 -0.028365 0.12455 0.939426 0.31932 -0.106764 0.867098 0.486561 0.610068 0.636069 0.472476 0.404846 0.561683 0.721535 -0.534175 0.528575 0.659746 -0.705136 0.702089 -0.099268 -0.725028 0.688321 -0.023423 -0.622876 0.400936 0.671771 -0.116856 0.112501 0.986756 -0.2624 -0.03659 0.964265 -0.761719 0.636121 -0.123016 -0.979386 0.008345 0.201824 -0.745523 0.649038 -0.151477 -0.996056 -0.056386 -0.068508 -0.690513 -0.58833 0.420784 -0.71119 -0.700416 0.060219 -0.067848 0.931763 -0.356672 0.70192 0.628666 -0.334794 0.705776 0.70836 0.010273 -0.03336 0.992583 -0.116899 -0.730341 0.665685 -0.153184 -0.970315 -0.053431 -0.23587 -0.674583 -0.717573 -0.17328 0.659009 0.718304 0.223039 -0.046823 0.998092 0.040249 -0.755329 0.634119 -0.165443 -0.873481 -0.029878 -0.48594 -0.743809 0.650347 -0.154263 -0.790842 0.164935 -0.589377 -0.541479 -0.66547 -0.51376 -0.422588 -0.528532 -0.736256 -0.199581 0.932486 0.301059 -0.411515 0.828923 0.378869 0.199212 0.526315 0.826624 0.477434 0.629362 0.613156 -0.802059 0.313769 -0.508183 -0.556523 -0.331504 -0.761832 -0.736205 0.662774 -0.136867 -0.500103 0.818364 0.283156 0.007248 0.653982 0.756475 0.348343 -0.341962 0.872765 -0.2624 -0.03659 0.964265 0.215623 -0.432111 0.875664 -0.116856 0.112501 0.986756 0.404846 0.561683 0.721535 0.746631 0.0575 0.662749 0.873146 0.153229 0.462749 0.610068 0.636069 0.472476 0.821896 -0.493569 0.284389 0.787643 -0.51995 0.330562 0.275207 -0.96132 -0.011182 0.412026 -0.900964 -0.136011 0.578484 -0.584673 -0.568783 0.688618 -0.676726 0.260474 0.649755 -0.684078 0.331445 0.630014 -0.56998 -0.527451 0.622122 -0.744306 0.242843 0.990244 -0.113682 -0.080583 0.644011 -0.740889 0.190611 0.990333 -0.03182 0.13501 -0.069535 -0.895722 0.439143 -0.690513 -0.58833 0.420784 -0.71119 -0.700416 0.060219 -0.064368 -0.984994 0.160133 0.662108 -0.726787 0.182737 0.959116 -0.00346 0.282994 -0.674583 -0.717573 -0.17328 -0.023778 -0.99969 -0.007388 -0.541479 -0.66547 -0.51376 0.060999 -0.964921 -0.255356 -0.422588 -0.528532 -0.736256 0.23048 -0.904406 -0.359066 0.64184 -0.739698 0.202208 0.63633 -0.750645 0.17781 0.828869 -0.089519 0.552233 0.676041 -0.210016 0.706302 0.609658 -0.079058 0.788712 0.650161 -0.725869 0.224511 0.156845 -0.881042 -0.446278 -0.556523 -0.331504 -0.761832 0.458144 -0.529358 -0.714062 0.309114 0.103786 -0.945345 0.411413 -0.440654 -0.797849 0.311391 0.007978 -0.950248 0.444616 0.660986 -0.604495 0.43958 0.653568 -0.616131 0.708241 0.705742 -0.017959 0.74973 0.658136 0.069002 0.913161 0.187338 0.361995 0.892388 0.302919 0.334492 0.926944 -0.192452 0.322081 0.91905 -0.264425 0.292279 0.828472 -0.558343 0.043435 0.826652 -0.561357 0.039051 0.628511 -0.672628 -0.39057 0.668646 -0.676771 -0.30805 0.458144 -0.529358 -0.714062 0.411413 -0.440654 -0.797849 0.044501 0.918588 0.392703 0.72166 0.246752 0.646776 0.909384 0.092713 -0.405493 -0.496625 0.79779 -0.341899 -0.378225 0.047892 -0.924474 0.252498 -0.646369 -0.720036 0.626065 -0.732233 -0.2681 0.795573 -0.601363 0.073667 0.864427 -0.327038 0.381853 0.168679 -0.172017 -0.970545 0.120835 -0.020411 -0.992463 0.372538 -0.041933 -0.927069 0.382924 -0.210155 -0.899557 0.255472 -0.280509 -0.925229 0.415235 -0.298821 -0.859235 0.355305 -0.387197 -0.850786 0.469804 -0.437378 -0.766802 0.214604 -0.394501 -0.893484 0.1242 -0.355743 -0.926294 0.289528 -0.584513 -0.75797 0.446631 -0.581633 -0.67987 -0.014978 -0.296789 -0.954826 -0.089653 -0.116386 -0.989149 0.986843 0.16168 0 0.817836 -0.123258 -0.562096 0.830313 0.105415 -0.547236 0.997209 -0.074659 0 0.645231 0.031899 -0.763321 0.675791 -0.07865 -0.732886 0.966182 0.257863 0 0.808518 0.154023 -0.567957 0.878474 0.47779 0 0.764873 0.37048 -0.526986 0.583542 0.214468 -0.783251 0.625273 0.024963 -0.780007 0.672939 0.739698 0 0.552799 0.668325 -0.497749 0.500556 0.271118 -0.822155 0.224678 0.481874 -0.846946 0.183584 0.983004 0 0.131673 0.883809 -0.448937 -0.007909 0.641369 -0.767192 -0.20081 0.450835 -0.869726 0.009201 0.279772 -0.960022 -0.071158 0.200513 -0.977103 0.021563 0.10779 -0.99394 0.192212 0.184986 -0.963761 -0.232072 0.355123 -0.905555 -0.459096 0.871368 -0.173057 -0.522709 0.767624 -0.37085 -0.648054 0.66766 -0.366411 -0.45297 0.891526 0 0.637689 -0.370954 -0.675089 0.901622 -0.432525 0 -0.871947 -0.489601 0 -0.82392 -0.380907 0.419603 -0.938462 -0.345383 0 -0.710892 -0.437799 0.550423 -0.725483 -0.425138 0.541232 -0.711737 -0.440182 0.547422 -0.821535 -0.570158 0 -0.608484 -0.555857 0.566365 -0.555469 -0.619039 0.555198 -0.508426 -0.709992 0.487252 -0.517223 -0.519625 0.680052 -0.499246 0.024001 0.866128 -0.715255 -0.572775 0.400423 -0.671593 -0.740921 0 0.168679 -0.172017 0.970545 0.372538 -0.041932 0.927069 0.120835 -0.020411 0.992463 0.382924 -0.210155 0.899558 0.255472 -0.280509 0.925229 0.415235 -0.298821 0.859236 0.355305 -0.387197 0.850786 0.469803 -0.437377 0.766803 0.214604 -0.3945 0.893484 0.1242 -0.355743 0.926295 0.289529 -0.584512 0.75797 0.446631 -0.581633 0.67987 -0.014978 -0.296789 0.954826 -0.089652 -0.116386 0.989149 0.817836 -0.123259 0.562096 0.830313 0.105415 0.547236 0.645231 0.0319 0.763322 0.67579 -0.078649 0.732886 0.808518 0.154023 0.567957 0.764873 0.37048 0.526986 0.583542 0.214468 0.783251 0.625272 0.024963 0.780007 0.552799 0.668325 0.497749 0.500556 0.271118 0.822155 0.224678 0.481873 0.846946 0.131673 0.883809 0.448937 -0.007909 0.641368 0.767192 -0.20081 0.450834 0.869726 0.009201 0.279772 0.960022 -0.071158 0.200513 0.977104 0.021563 0.10779 0.99394 0.192213 0.184986 0.963761 -0.232072 0.355123 0.905555 -0.459096 0.871368 0.173058 -0.522709 0.767623 0.370851 -0.648054 0.667659 0.366411 0.637689 -0.370954 0.67509 -0.82392 -0.380907 -0.419603 -0.710891 -0.437799 -0.550424 -0.725483 -0.425137 -0.541233 -0.711737 -0.440182 -0.547422 -0.608484 -0.555857 -0.566366 -0.555469 -0.619039 -0.555199 -0.508426 -0.709992 -0.487252 -0.517223 -0.519626 -0.680051 -0.499246 0.024001 -0.866128 -0.715255 -0.572774 -0.400425 0.767554 -0.617609 -0.171522 0.991008 0.095563 -0.093655 0.987588 0.100571 -0.120644 0.769848 -0.620986 -0.147344 0.129933 -0.991458 -0.011338 0.123236 -0.991771 -0.03469 -0.553882 -0.798835 0.234688 -0.565506 -0.796711 0.2132 -0.88103 -0.155953 0.446614 -0.893606 -0.152176 0.422268 0.552512 -0.802033 -0.226877 0.973013 0.114955 -0.200077 0.293672 -0.161304 0.942198 -0.374052 -0.926522 0.040528 -0.926853 -0.140299 0.348224 0.419701 0.901456 0.105962 -0.506869 0.776968 0.373369 0.661391 0.74406 0.094531 -0.671669 0.564959 0.479252 -0.027302 0.939094 0.342575 0.663859 0.738445 0.118275 -0.019954 0.931068 0.364299 -0.659871 0.560598 0.5003 -0.29359 0.161211 -0.94224 -0.29359 0.161211 -0.94224 -0.29359 0.161211 -0.94224 -0.29359 0.161212 -0.94224 -0.29359 0.161211 -0.94224 -0.29359 0.161211 -0.94224 -0.293589 0.161211 -0.94224 -0.293589 0.161211 -0.94224 -0.29359 0.161212 -0.94224 0.917691 -0.006068 0.397249 0.2476 -0.851992 0.461307 0.917691 -0.00607 0.397248 0.247602 -0.851992 0.461307 -0.539136 -0.201797 0.817686 -0.539136 -0.201798 0.817686 -0.924924 0.002162 -0.380146 -0.125741 -0.658315 -0.742166 -0.924924 0.002162 -0.380146 -0.125741 -0.658316 -0.742166 0.55495 0.200989 -0.807239 0.55495 0.20099 -0.807238 0.862591 0.160961 -0.479613 0.008404 -0.917366 -0.397955 0.862591 0.160961 -0.479613 0.008402 -0.917367 -0.397954 -0.994478 -0.088541 0.056335 -0.994478 -0.088539 0.056335 0.949651 0.129761 -0.285176 0.073116 -0.97678 -0.201383 0.949651 0.129761 -0.285177 0.073116 -0.97678 -0.201383 -0.956002 -0.126274 0.264793 -0.956002 -0.126274 0.264793 0.744195 0.183509 -0.642261 -0.052838 -0.822663 -0.566068 -0.293587 0.161211 -0.942241 -0.191583 0.956876 -0.218366 -0.988614 -0.049296 -0.14217 0.130956 0.644126 0.753626 0.130955 0.644126 0.753626 -0.244232 0.86147 -0.445219 -0.244233 0.86147 -0.445219 -0.140289 0.989787 -0.025321 -0.140291 0.989787 -0.025321 -0.079467 0.980267 0.181 -0.079467 0.980267 0.181 0.614089 -0.78421 0.08893 0.997064 0.076131 0.00821 0.604108 -0.796683 -0.018681 0.991872 0.054903 0.114783 -0.263135 -0.90207 0.342096 -0.308346 -0.919276 0.244653 -0.762576 -0.180812 0.621115 -0.827846 -0.169047 0.534878 0.29358 -0.161216 0.942242 0.477567 0.826356 0.298438 0.492432 0.776163 0.393804 -0.434887 0.703765 0.561772 -0.384791 0.658303 0.646972 -0.982866 -0.041539 -0.179581 -0.29359 0.161212 -0.94224 -0.498675 -0.740777 -0.450081 0.718006 0.186978 -0.670452 0.233817 0.88621 -0.399952 -0.616617 0.771951 -0.154516 0.35176 -0.626518 -0.695515 0.492432 0.776163 0.393805 0.997064 0.076129 0.008211 0.991872 0.054902 0.114784 0.477567 0.826356 0.298438 -0.384792 0.658304 0.646971 -0.434886 0.703766 0.561772 -0.762575 -0.180813 0.621117 -0.827844 -0.169052 0.534879 0.293582 -0.161211 0.942242 0.604109 -0.796683 -0.018682 0.614089 -0.784211 0.08893 -0.308346 -0.919276 0.244653 -0.263134 -0.902069 0.342098 -0.982866 -0.041538 -0.179579 -0.616618 0.77195 -0.154516 -0.293591 0.16121 -0.94224 0.718009 0.186977 -0.67045 0.351761 -0.626516 -0.695515 -0.498679 -0.740774 -0.450081 0.233819 0.886211 -0.399949 -0.862249 0.380895 0.333835 -0.955722 -0.070132 0.285792 -0.955722 -0.070135 0.285791 -0.862249 0.380896 0.333835 -0.952882 -0.128024 0.275001 -0.952882 -0.128022 0.275002 -0.952785 -0.12926 0.274758 -0.952785 -0.129265 0.274758 -0.536996 0.787644 0.30208 -0.536996 0.787644 0.30208 0.946729 0.185472 -0.263257 0.785593 0.602291 -0.141738 0.785593 0.602291 -0.141738 0.94673 0.185468 -0.263258 0.952881 0.128024 -0.275006 0.952881 0.128024 -0.275006 0.952979 0.126785 -0.27524 0.952979 0.126786 -0.27524 0.404319 0.914112 0.030419 0.404318 0.914112 0.030419 -0.29359 0.161211 -0.94224 -0.29359 0.161211 -0.94224 -0.29359 0.161211 -0.94224 -0.29359 0.161211 -0.94224 -0.293589 0.161211 -0.94224 -0.293589 0.161211 -0.94224 -0.293589 0.161212 -0.94224 -0.293589 0.161212 -0.94224 -0.29359 0.161211 -0.94224 -0.29359 0.161211 -0.94224 0.29359 -0.161211 0.94224 0.29359 -0.161211 0.94224 0.29359 -0.161211 0.94224 0.29359 -0.161211 0.94224 0.29359 -0.161211 0.94224 0.29359 -0.161211 0.94224 0.293589 -0.161211 0.94224 0.293589 -0.161211 0.94224 0.29359 -0.161211 0.94224 0.29359 -0.161211 0.94224 0.404318 0.914112 0.030419 -0.536996 0.787644 0.30208 -0.785594 -0.60229 0.141736 -0.785594 -0.602289 0.141736 -0.946729 -0.185471 0.263259 -0.946729 -0.185468 0.26326 -0.952978 -0.126785 0.275244 -0.952977 -0.126787 0.275244 -0.404316 -0.914114 -0.030417 -0.404318 -0.914112 -0.030416 0.862249 -0.380895 -0.333836 0.955723 0.070132 -0.285789 0.955723 0.070129 -0.285789 0.862249 -0.380894 -0.333836 0.952786 0.12926 -0.274755 0.952786 0.129262 -0.274755 0.536995 -0.787646 -0.302077 0.536999 -0.787643 -0.302078 -0.29359 0.161211 -0.94224 -0.29359 0.161211 -0.94224 -0.29359 0.161211 -0.94224 -0.29359 0.161211 -0.94224 -0.29359 0.161211 -0.94224 -0.29359 0.161211 -0.94224 -0.293589 0.161211 -0.94224 -0.293589 0.161211 -0.94224 0.29359 -0.161211 0.94224 0.29359 -0.16121 0.94224 0.29359 -0.16121 0.94224 0.29359 -0.161211 0.94224 0.29359 -0.161211 0.94224 0.29359 -0.161211 0.94224 0.293589 -0.161212 0.94224 0.293589 -0.161212 0.94224 0.536999 -0.787643 -0.302078 -0.404316 -0.914114 -0.030417 -0.29359 0.161211 -0.94224 -0.29359 0.161211 -0.94224 -0.29359 0.161211 -0.94224 -0.29359 0.161211 -0.94224 -0.001648 -0.981255 0.192705 0 -0.981257 0.192705 0 -0.981257 0.192705 0.770114 0.620035 0.149937 0.705278 0.705555 0.069102 0.773804 0.611613 0.164795 0.705278 0.705555 0.069102 0.711093 0.673603 0.201507 0.634222 0.744674 0.207901 0.634222 0.744674 0.207902 0 -1 0 0 -1 0 0 -1 0 -0.810544 -0.583274 -0.053002 -0.810544 -0.583274 -0.053002 -0.810544 -0.583274 -0.053002 0 -1 0 0 -1 0 0 -1 0 0 -1 0 0.949061 0.30989 -0.057028 0.934007 0.356668 -0.020482 0.930016 0.367323 -0.011998 0.949061 0.30989 -0.057028 0.87019 0.487173 0.073695 0.85765 0.506918 0.086428 0.639167 0.738009 0.216353 0.591286 0.771478 0.234952 0 0.948403 0.317068 0 0.948403 0.317068 0.758876 0.568046 0.318483 0.935575 0.239875 0.259153 0.91708 0.301984 0.260326 0.930696 0.255433 0.261836 0 0.865914 0.500192 0 0.921542 0.388279 0.571473 0.754297 0.323194 0 0.923474 0.383661 0.811718 0.523003 0.259963 -0.758876 0.568046 0.318482 -0.930696 0.255433 0.261836 -0.935575 0.239875 0.259153 -0.91708 0.301983 0.260326 -0.571473 0.754297 0.323194 -0.811719 0.523003 0.259964 0.952088 0.201555 0.230011 0.959175 0.169269 0.226564 0.891362 0.384985 0.239291 0.890191 0.388521 0.237933 0.703006 0.650829 0.286713 0.639648 0.709086 0.296727 0.000045 0.937248 0.348664 0.000052 0.937248 0.348664 0.001648 -0.981256 0.192705 -0.770114 0.620035 0.149938 -0.705278 0.705555 0.069102 -0.705278 0.705555 0.069102 -0.773804 0.611613 0.164795 -0.711093 0.673603 0.201507 -0.634222 0.744674 0.207902 -0.634222 0.744674 0.207902 0 -1 0 0 -1 0 0 -1 0 0.810544 -0.583275 -0.053002 0.810544 -0.583275 -0.053002 0.810544 -0.583275 -0.053002 0.114579 -0.873475 -0.473194 0.107249 -0.879858 -0.462978 0 -0.886229 -0.463248 0.244721 -0.850079 -0.466344 0 -1 0 0 -1 0 -0.949061 0.309889 -0.057028 -0.934007 0.356668 -0.020482 -0.949061 0.309889 -0.057028 -0.930016 0.367322 -0.011998 -0.870191 0.487173 0.073695 -0.857651 0.506918 0.086428 -0.639167 0.738009 0.216353 -0.591286 0.771478 0.234952 -0.952088 0.201555 0.230011 -0.891371 0.384964 0.239292 -0.959175 0.169269 0.226564 -0.890202 0.388494 0.237935 -0.703001 0.650822 0.286741 -0.639648 0.709073 0.296758 -0.575244 0.665406 -0.475741 0 0.69625 -0.7178 -0.549567 0.668026 -0.501714 0 0.69625 -0.7178 -0.764689 0.644345 -0.008419 -0.996036 0.08895 -0.000857 -0.655389 0.661441 0.364638 -0.805371 -0.119649 0.58057 0.549567 0.668026 -0.501714 0.575244 0.665406 -0.475741 0.764689 0.644345 -0.00842 0.764689 0.644345 -0.008419 0.637926 0.663304 0.391251 0.65539 0.661441 0.364638 0.315661 0.542784 0.778295 0 0.572031 0.820232 0 0.572031 0.820232 0.315661 0.542784 0.778295 -0.751036 -0.04372 -0.658812 -0.001944 -0.036432 -0.999334 0.005212 -0.045641 -0.998944 -0.752638 -0.053087 -0.656291 -0.995737 -0.079389 -0.046965 -0.998515 -0.044023 -0.032075 -0.757237 -0.038217 0.652021 -0.776003 -0.11845 0.619507 -0.002394 -0.026539 0.999645 -0.012174 -0.058105 0.998236 0.750628 -0.052953 -0.6586 0.754236 -0.042649 -0.655217 0.995362 -0.081327 -0.051378 0.998346 -0.043086 -0.038071 0.776042 -0.114259 0.620245 0.760851 -0.03826 0.647797 -0.990942 -0.122054 -0.056012 -0.635728 -0.021116 -0.771624 -0.737968 -0.046408 -0.673238 -0.980876 -0.11766 -0.155046 -0.772355 -0.198474 0.603387 -0.842726 -0.20693 0.496984 -0.000215 -0.234353 0.972152 0 -0.243702 0.96985 0 0.022212 -0.999753 -0.001209 0.00511 -0.999986 -0.001944 -0.036432 -0.999334 -0.752638 -0.053087 -0.656291 -0.995737 -0.079389 -0.046965 -0.776003 -0.11845 0.619507 0.010266 -0.223153 0.974729 0.773166 -0.198377 0.602379 0.842726 -0.206929 0.496984 0.990849 -0.122993 -0.055596 0.980876 -0.11766 -0.155046 0.737557 -0.046828 -0.673659 0.635729 -0.021116 -0.771623 0.776042 -0.114259 0.620245 0.995362 -0.081327 -0.051378 0.750628 -0.052953 -0.6586 -0.012174 -0.058105 0.998236 -0.032469 -0.893551 -0.447786 0 -0.877537 -0.47951 -0.114579 -0.873475 -0.473194 0.926088 0.193885 0.323681 0.791919 0.144977 0.593167 0.972346 0.19131 0.133951 0.439459 0.115386 0.890821 0.890583 0.201167 0.407914 0.961333 0.125621 0.245069 0.977696 0.203869 -0.050484 0.97604 0.205502 0.07151 0.476893 0.10153 0.873078 0.296212 0.105635 0.949263 -0.184279 0.182926 0.965702 -0.13522 0.175912 0.975075 0.825966 0.164251 0.539261 -0.691584 0.31724 0.6489 -0.461948 0.208031 0.862164 -0.672431 0.307473 0.673273 -0.886657 0.413295 0.207429 -0.870698 0.406056 0.277495 -0.895278 0.444947 -0.022352 -0.89053 0.450903 -0.060358 -0.795506 0.50161 -0.339937 -0.797671 0.490596 -0.350766 -0.362806 0.169229 0.91637 -0.037601 0.160107 0.986383 -0.435738 0.498016 -0.749741 0.018369 0.546314 -0.837379 -0.693491 0.462297 -0.552587 0.025987 0.468419 -0.883124 0.565802 0.48282 -0.668396 0.455581 0.428763 -0.780133 0.88972 0.35086 -0.292055 0.786926 0.392917 -0.475776 0.830728 0.413793 -0.37238 0.968333 0.24955 -0.007493 -0.454786 0.484391 -0.747352 0.022052 0.451624 -0.891936 0.473856 0.381327 -0.793757 0.821344 0.320242 -0.472058 -0.718269 0.45618 -0.525347 -0.710892 0.457422 -0.534226 -0.893703 0.389013 -0.223527 0.803595 0.308033 -0.509264 0.967821 0.228685 -0.105001 0.977696 0.203869 -0.050484 0.97604 0.205502 0.07151 0.838494 -0.54123 -0.063231 0.857474 -0.388889 0.336902 0.852557 -0.522634 -0.000623 0.844931 -0.284121 0.453175 0.627046 -0.020579 0.77871 0.662585 -0.585895 -0.466593 0.613383 -0.5766 -0.539716 0.253662 -0.499052 -0.828615 0.307535 -0.509589 -0.80358 -0.068802 -0.436515 -0.897062 -0.061555 -0.43791 -0.896909 0.500431 0.066323 0.863233 0.015534 0.136941 0.990457 -0.002417 0.138298 0.990388 0.406144 0.089286 0.909437 0.37836 0.106958 0.919458 0.37836 0.106958 0.919458 0.923148 -0.288821 0.253732 0.961299 -0.270766 -0.050903 0.876102 -0.318068 0.362322 0.961802 -0.273308 0.015469 0.567911 -0.429622 0.70207 0.874496 -0.31335 -0.370228 0.913704 -0.293188 -0.281399 0.658478 -0.359957 -0.660937 0.658478 -0.359957 -0.660937 0.442935 -0.448981 0.776031 -0.000054 -0.493209 0.869911 0.000016 -0.493209 0.869911 0.86337 -0.233825 0.447122 0.681125 -0.305214 0.665517 0.922025 -0.206615 0.327383 0.491589 -0.360323 0.792785 -0.000083 -0.412854 0.910797 0.000065 -0.412854 0.910797 0.983079 -0.182508 0.015699 0.983165 -0.182673 -0.004111 0.955404 -0.199404 -0.217812 0.976666 -0.184334 -0.110203 0.646287 -0.235254 -0.725926 0.828296 -0.495469 0.261603 0.845422 -0.525356 -0.096239 0.798413 -0.452802 0.396872 0.854726 -0.518172 -0.030666 0.603734 -0.091099 0.791963 0.679407 -0.561963 -0.471809 0.743784 -0.552171 -0.376686 0.559579 -0.56219 -0.608944 0.559579 -0.562191 -0.608944 0.616446 -0.053574 0.785572 0.010221 0.057678 0.998283 0.011247 0.057712 0.99827 -0.498921 -0.371693 -0.782894 -0.452371 -0.37977 -0.806929 -0.745171 -0.3199 -0.585137 -0.735294 -0.319712 -0.5976 -0.812441 -0.318764 -0.488189 -0.972273 -0.217953 0.084743 -0.84946 -0.435164 0.298413 -0.933666 -0.125635 0.335384 -0.858075 -0.506144 0.086747 -0.662969 0.092353 0.742929 -0.991511 0.125295 -0.034758 -0.950511 0.211487 0.227601 -0.704226 0.22774 0.672458 -0.501182 0.195432 0.842984 -0.635663 0.205992 0.743975 -0.582628 0.192131 0.789703 -0.836066 0.230419 0.497896 -0.754835 0.189875 0.62783 -0.959013 0.04993 -0.278928 -0.769647 -0.585282 -0.255124 -0.931219 -0.268344 0.246621 -0.966842 -0.251732 -0.042975 -0.967196 -0.253241 0.020013 -0.884506 -0.30203 0.355565 -0.571893 -0.42863 0.699439 -0.880617 -0.303851 -0.363576 -0.920844 -0.280448 -0.270916 -0.658479 -0.359957 -0.660936 -0.658479 -0.359957 -0.660936 -0.443345 -0.449136 0.775708 -0.491636 -0.36047 0.792689 -0.681017 -0.305403 0.665541 -0.863238 -0.234072 0.447248 -0.921918 -0.206884 0.327516 -0.983033 -0.182757 0.015712 -0.983119 -0.182919 -0.004102 -0.955357 -0.199625 -0.217816 -0.97662 -0.184564 -0.110229 -0.646257 -0.2354 -0.725905 -0.891492 -0.381279 0.244679 -0.903951 -0.422093 -0.068635 -0.909864 -0.414673 -0.013922 -0.869315 -0.370114 0.327578 -0.623137 -0.128603 0.771467 -0.772958 -0.485125 -0.408889 -0.820828 -0.465407 -0.331116 -0.633732 -0.514673 -0.577491 -0.633732 -0.514673 -0.577491 -0.628527 -0.127922 0.767196 -0.939862 0.341397 -0.010371 -0.823517 0.213 0.525786 -0.701343 0.601857 0.381951 -0.677529 0.728381 0.102054 -0.953789 -0.161866 0.253152 -0.972447 -0.167578 -0.162065 -0.707219 0.692445 -0.142695 -0.767474 0.453142 -0.453482 -0.90927 0.100132 -0.403982 0.968234 0.226798 0.105286 0.949695 0.264915 0.167034 0.968333 0.24955 -0.007493 0.830728 0.413793 -0.37238 0.003915 0.851888 0.52371 0.001451 0.851963 0.523599 0.003919 0.851888 0.523709 0.001333 0.851967 0.523594 -0.000156 0.852005 0.523534 -0.000065 0.852002 0.523538 0.001337 0.851956 0.523612 0.001338 0.851956 0.523612 -0.000589 0.851846 0.523792 -0.000589 0.851846 0.523792 0.001538 0.851959 0.523606 0.97604 0.205502 0.07151 0.968234 0.226798 0.105286 0.972346 0.19131 0.133951 0.968333 0.24955 -0.007493 0.926088 0.193885 0.323681 0.890583 0.201167 0.407914 0.967821 0.228685 -0.105001 0.88972 0.35086 -0.292055 0.821344 0.320242 -0.472058 0.786926 0.392917 -0.475776 -0.000106 -0.522139 -0.85286 0.000103 -0.676468 -0.736472 -0.840948 -0.336541 -0.423729 -0.888803 -0.314163 -0.333662 -0.998262 0.008611 0.058295 -0.998262 0.008611 0.058295 -0.998262 0.008611 0.058295 -0.999925 0.002437 0.01203 -0.999925 0.002437 0.01203 -0.041289 -0.99884 -0.024765 0 -0.999693 -0.024787 0 -0.999693 -0.024787 0.841023 -0.336171 -0.423874 0.888934 -0.313745 -0.333708 0.041289 -0.99884 -0.024766 0.999927 0.002442 0.011865 0.999927 0.002442 0.011865 0.999927 0.002442 0.011865 0.999927 0.002442 0.011865 0.998258 0.008856 0.058325 0.958167 -0.184243 -0.21902 0.958167 -0.184243 -0.21902 0.958167 -0.184243 -0.21902 0.958167 -0.184243 -0.21902 -0.957972 -0.184949 -0.21928 -0.957972 -0.184949 -0.21928 -0.957972 -0.184949 -0.21928 -0.957972 -0.184949 -0.21928 0.317697 0.13036 0.939188 -0.120568 0.073987 -0.989944 -0.120568 0.073987 -0.989944 -0.120568 0.073987 -0.989944 -0.120568 0.073987 -0.989944 -0.210499 0.885966 -0.413224 -0.210499 0.885966 -0.413224 -0.210499 0.885966 -0.413224 -0.210499 0.885966 -0.413224 -0.089929 0.811979 0.576717 -0.089929 0.811979 0.576717 -0.089929 0.811979 0.576717 -0.089929 0.811979 0.576717 0.120568 -0.073987 0.989944 0.120568 -0.073987 0.989944 0.120568 -0.073987 0.989944 0.120568 -0.073987 0.989944 0.210498 -0.885966 0.413225 0.210498 -0.885966 0.413225 0.210498 -0.885966 0.413225 0.210498 -0.885966 0.413225 0.08993 -0.811977 -0.57672 0.08993 -0.811977 -0.57672 0.08993 -0.811977 -0.57672 0.08993 -0.811977 -0.57672 0 0.997961 -0.063834 0 0.997961 -0.063834 0 0.997961 -0.063834 0 0.069971 0.997549 0 0.069971 0.997549 0 -0.989078 0.147393 0 -0.989078 0.147393 0.898091 -0.029425 -0.438824 0 -0.066905 -0.997759 0 -0.066905 -0.997759 0.890723 -0.030411 -0.453528 -0.890721 -0.030411 -0.453531 -0.89809 -0.029425 -0.438827 -0.997404 0.004818 0.071849 0.997404 0.004818 0.071848 0 -0.989078 0.147393 0 0.998097 -0.061655 0 0.998097 -0.061655 0 0.998097 -0.061655 0 0.069818 0.99756 0 0.069818 0.99756 0 -0.988757 0.149535 0 -0.988757 0.149535 0.891113 -0.030358 -0.452764 0 -0.066903 -0.997759 0 -0.066903 -0.997759 0.883507 -0.031338 -0.467369 -0.883507 -0.031338 -0.467368 -0.891114 -0.030359 -0.452763 -0.997404 0.004818 0.071851 0.997404 0.004818 0.071849 0 -0.988757 0.149535 0 0.998229 -0.059489 0 0.998229 -0.059489 0 0.998229 -0.059489 0 0.069679 0.997569 0 0.06968 0.997569 0 -0.988432 0.151666 0 -0.988432 0.151666 0.884245 -0.031244 -0.465977 0 -0.066901 -0.99776 0 -0.066901 -0.99776 0.876425 -0.032215 -0.48046 -0.876425 -0.032214 -0.48046 -0.884245 -0.031243 -0.465977 -0.997404 0.004818 0.071849 0.997404 0.004818 0.071848 0 -0.988432 0.151666 0 0.998343 -0.057536 0 0.998343 -0.057536 0 0.998343 -0.057536 0 0.069571 0.997577 0 0.069572 0.997577 0 -0.988135 0.153587 0 -0.988135 0.153587 0.878124 -0.032009 -0.477361 0 -0.066903 -0.997759 0 -0.066903 -0.997759 0.870132 -0.032971 -0.491715 -0.87013 -0.03297 -0.491719 -0.878122 -0.032008 -0.477365 -0.997404 0.004819 0.071849 0.997404 0.004817 0.071849 0 -0.988135 0.153587 0 0.997828 -0.065872 0 0.997828 -0.065872 0 0.997828 -0.065872 0 0.070127 0.997538 0 0.070129 0.997538 0 -0.989375 0.145383 0 -0.989375 0.145383 0.904673 -0.028508 -0.425151 0 -0.066904 -0.997759 0 -0.066904 -0.997759 0.89755 -0.029498 -0.439924 -0.897551 -0.029498 -0.439924 -0.904674 -0.028507 -0.425151 -0.997404 0.004818 0.071851 0.997404 0.004818 0.071849 0 -0.989375 0.145383 0 0.997859 -0.065408 0 0.997859 -0.065408 0 0.997859 -0.065408 0 0.070087 0.997541 0 0.070086 0.997541 0 -0.989308 0.145841 0 -0.989308 0.145841 0.903169 -0.028719 -0.428324 0 -0.066901 -0.99776 0 -0.066901 -0.99776 0.895987 -0.029709 -0.443085 -0.895988 -0.029709 -0.443084 -0.903169 -0.028719 -0.428324 -0.997404 0.004818 0.071848 0.997404 0.004817 0.071847 0 -0.989308 0.145841 0.893804 0.102509 -0.436584 0 0.268024 -0.963412 0 0.211416 -0.977396 0.863846 0.140039 -0.483899 0.880166 -0.089351 0.466181 0.91005 -0.099648 0.402342 0 -0.205529 0.978651 -0.000001 -0.255979 0.966682 -0.880166 -0.089351 0.466181 -0.91005 -0.099648 0.402343 -0.893805 0.102509 -0.436583 -0.863848 0.140038 -0.483897 -0.964943 0.106766 0.239763 -0.904291 -0.160879 -0.395444 -0.93872 0.115833 0.324633 -0.870962 -0.100889 -0.480882 0 -0.381805 -0.924243 -0.799178 -0.027945 -0.600444 0 -0.026234 -0.999656 0 -0.202545 -0.979273 -0.996977 0.063355 0.044988 0 0.360128 0.932903 0 0.331865 0.943327 0 0.379964 0.925001 0.904291 -0.160879 -0.395445 0.964943 0.106766 0.239763 0.93872 0.115833 0.324633 0.996976 0.063355 0.044988 0.870962 -0.100889 -0.480882 0.799178 -0.027945 -0.600444 0.004964 -0.893016 -0.449998 0 -0.893027 -0.450004 0.004964 -0.893016 -0.449998 0 -0.893027 -0.450004 -0.004966 -0.893016 -0.449998 -0.004966 -0.893016 -0.449998 0 0.823217 0.567728 0.005722 0.823203 0.567718 0.005722 0.823203 0.567718 0 0.823217 0.567728 -0.00572 0.823203 0.567718 -0.00572 0.823203 0.567718 -0.875111 0.199903 -0.440703 0 0.475652 -0.879634 0 0.475652 -0.879633 -0.878584 0.196583 -0.435253 -0.998669 -0.042892 -0.028646 0.878584 0.196582 -0.435253 0.875111 0.199902 -0.440703 0.998669 -0.042894 -0.028647 0.002891 -0.882981 -0.4694 0 -0.882985 -0.469402 0.002891 -0.882981 -0.4694 0 -0.882985 -0.469402 -0.002892 -0.882981 -0.469399 -0.002892 -0.882981 -0.4694 0 0.808523 0.588464 0.007783 0.808499 0.588446 0.007783 0.808499 0.588446 0 0.808523 0.588464 -0.007783 0.808499 0.588446 -0.007783 0.808499 0.588446 -0.876681 0.206003 -0.434733 0 0.489134 -0.872209 0 0.489134 -0.872209 -0.876892 0.205796 -0.434405 -0.998734 -0.041137 -0.028947 0.876892 0.205796 -0.434406 0.876681 0.206002 -0.434733 0.998734 -0.041138 -0.028947 0.005883 -0.910105 -0.414337 0 -0.91012 -0.414344 0.005883 -0.910105 -0.414337 0 -0.91012 -0.414344 -0.005883 -0.910105 -0.414337 -0.005883 -0.910105 -0.414337 0 0.843803 0.536652 0.006726 0.843784 0.53664 0.006726 0.843784 0.53664 0 0.843803 0.536653 -0.006726 0.843784 0.536641 -0.006726 0.843784 0.536641 -0.90729 0.152608 -0.391836 0 0.441563 -0.897231 0 0.441563 -0.897231 -0.909441 0.150333 -0.387707 -0.992469 -0.096126 0.075921 0.909441 0.150334 -0.387707 0.90729 0.15261 -0.391836 0.99247 -0.096124 0.075921 -0.529201 0.602482 0.597463 0.725771 0.669564 0.157924 0.734317 0.676663 0.053897 -0.594378 0.598783 0.536818 0.928614 0.197341 -0.314217 0.967302 0.14924 -0.205071 -0.954901 -0.15167 0.255265 -0.915902 -0.231099 0.328202 0.42086 0.507504 -0.751876 0.291558 0.947118 -0.13402 0 0.551898 -0.833912 0 0.985146 -0.171721 -0.144233 0.596034 0.789899 0 0.530475 0.8477 -0.344726 -0.52357 0.779127 0 -0.558379 0.829586 -0.998741 0.019524 -0.046214 -0.652039 0.68364 0.327844 -0.992417 0.07954 -0.093716 0.772761 0.534989 0.341507 0.997796 -0.05948 0.029407 0.787844 0.362075 0.498201 0.930687 -0.214533 0.296307 0.461576 0.109324 0.880339 0.515212 -0.450106 0.729357 -0.594307 0.7407 0.31331 0.747141 -0.389847 -0.53833 -0.59848 -0.77401 -0.206713 -0.489979 -0.84747 -0.204246 0.748885 -0.457952 -0.479011 0.305677 -0.325057 -0.89493 -0.128584 -0.98572 -0.108726 0 -0.999216 -0.039583 0 -0.317093 -0.948395 -0.750305 -0.560836 -0.350007 0.734421 -0.610981 -0.295513 -0.748601 -0.5472 -0.37439 0.754341 -0.65074 -0.086646 0.397861 -0.854295 0.334495 1 0 0 0.5292 0.602482 0.597463 -0.725772 0.669564 0.157924 0.594378 0.598783 0.536819 -0.734317 0.676664 0.053897 -0.928614 0.19734 -0.314218 -0.967302 0.14924 -0.205072 0.954901 -0.15167 0.255265 0.915902 -0.231099 0.328201 -0.42086 0.507503 -0.751876 -0.291558 0.947118 -0.13402 0.144233 0.596034 0.789899 0.344726 -0.523571 0.779126 0.998075 0.03333 -0.052308 0.617148 0.710143 0.338858 0.992516 0.07533 -0.096114 0.351848 0.8449 0.402924 -0.787844 0.362075 0.498201 -0.772762 0.534988 0.341507 -0.997796 -0.05948 0.029407 -0.930687 -0.214533 0.296307 -0.461576 0.109324 0.880339 -0.515212 -0.450105 0.729357 -0.747141 -0.389847 -0.538331 0.598479 -0.77401 -0.206714 -0.748884 -0.457952 -0.479011 0.489978 -0.84747 -0.204246 -0.305677 -0.325057 -0.89493 0.128584 -0.985721 -0.108725 0.644774 -0.649456 -0.403079 -0.734421 -0.610981 -0.295512 0.475488 -0.744573 -0.468532 -0.75434 -0.65074 -0.086646 -0.397862 -0.854295 0.334494 -0.530726 0.594199 0.604366 0.724428 0.673941 0.144941 0.729263 0.682898 0.042729 -0.587787 0.596835 0.546163 0.923278 0.204789 -0.324991 0.962676 0.158836 -0.219148 -0.949211 -0.161814 0.269843 -0.908891 -0.239956 0.341084 0.428663 0.5055 -0.74881 0.298474 0.945365 -0.131143 0 0.551764 -0.834001 0 0.984847 -0.173427 -0.147903 0.594029 0.79073 0 0.531458 0.847085 -0.353931 -0.521665 0.776272 0 -0.558416 0.829561 -0.998882 0.016693 -0.04424 -0.669445 0.669853 0.321155 -0.993063 0.061833 -0.100017 0.784522 0.50952 0.353432 0.99589 -0.074189 0.051947 0.799319 0.3437 0.492908 0.93172 -0.213238 0.293985 0.505637 0.098489 0.857106 0.559496 -0.43285 0.706827 -0.642717 0.710471 0.28661 0.743394 -0.382317 -0.548815 -0.590778 -0.781666 -0.199948 -0.491375 -0.848795 -0.195187 0.748175 -0.447147 -0.490198 0.31279 -0.327069 -0.891734 -0.131801 -0.985506 -0.106803 0 -0.999172 -0.040688 0 -0.315256 -0.949007 -0.791005 -0.517764 -0.325932 0.745849 -0.608445 -0.271115 -0.803013 -0.487587 -0.34268 0.765997 -0.638562 -0.074071 0.44135 -0.832936 0.333807 1 0 0 0.530725 0.594199 0.604366 -0.724428 0.673941 0.144941 0.587787 0.596835 0.546163 -0.729263 0.682898 0.042728 -0.923278 0.204789 -0.324992 -0.962676 0.158835 -0.219148 0.949211 -0.161814 0.269844 0.908891 -0.239956 0.341085 -0.428664 0.5055 -0.74881 -0.298474 0.945365 -0.131143 0.147904 0.594028 0.790731 0.353931 -0.521665 0.776273 0.998075 0.03333 -0.052309 0.630658 0.70078 0.333434 0.992516 0.075329 -0.096114 0.363601 0.841191 0.40024 -0.799319 0.343701 0.492908 -0.784522 0.50952 0.353432 -0.99589 -0.074188 0.051946 -0.93172 -0.213238 0.293985 -0.505637 0.09849 0.857106 -0.559496 -0.432851 0.706827 -0.743394 -0.382317 -0.548815 0.590777 -0.781667 -0.199948 -0.748175 -0.447147 -0.490198 0.491375 -0.848795 -0.195186 -0.312789 -0.327068 -0.891734 0.131801 -0.985506 -0.106803 0.65882 -0.638144 -0.398408 -0.745849 -0.608446 -0.271115 0.490535 -0.735898 -0.466722 -0.765997 -0.638562 -0.074071 -0.44135 -0.832936 0.333808 -0.539546 0.590911 0.599761 0.748479 0.642972 0.162379 0.74027 0.671106 0.040201 -0.60945 0.580811 0.539657 0.926769 0.200235 -0.317814 0.972617 0.137284 -0.187536 -0.951696 -0.157836 0.263368 -0.913064 -0.234672 0.333531 0.437746 0.50311 -0.745157 0.306533 0.943237 -0.127836 0 0.551603 -0.834107 0 0.984492 -0.17543 -0.152248 0.591707 0.791646 0 0.532608 0.846362 -0.364665 -0.519374 0.772833 0 -0.558459 0.829532 -0.999688 0.000902 -0.024943 -0.762749 0.580294 0.285434 -0.997219 0.019165 -0.072025 0.83678 0.412486 0.360076 0.872517 0.264877 0.410554 -0.726082 0.636689 0.259677 0.989534 -0.103895 0.100142 0.954487 -0.176821 0.240185 0.691988 0.05703 0.719653 0.738613 -0.342299 0.580761 1 0 0 0.754215 -0.373682 -0.539927 -0.611679 -0.767962 -0.189956 -0.499891 -0.843869 -0.194921 0.7687 -0.446823 -0.457656 0.321071 -0.329314 -0.887956 -0.13561 -0.985226 -0.104593 0 -0.999118 -0.041983 0 -0.313094 -0.949722 -0.878455 -0.40978 -0.245758 0.799184 -0.570554 -0.189138 -0.884548 -0.388421 -0.258271 0.845986 -0.531119 -0.047132 0.636799 -0.708935 0.303147 0.539546 0.590912 0.599761 -0.748479 0.642972 0.162378 0.609449 0.580812 0.539657 -0.74027 0.671107 0.040201 -0.926769 0.200235 -0.317814 -0.972617 0.137283 -0.187536 0.951696 -0.157836 0.263368 0.913064 -0.234673 0.333531 -0.437746 0.50311 -0.745157 -0.306533 0.943237 -0.127836 0.152248 0.591707 0.791646 0.364665 -0.519374 0.772833 0.999463 0.01749 -0.027697 0.733226 0.608863 0.302763 0.996752 0.051673 -0.061761 0.449225 0.802536 0.392598 -0.872517 0.264877 0.410554 -0.83678 0.412486 0.360076 -0.989534 -0.103896 0.100141 -0.954487 -0.176822 0.240185 -0.691987 0.05703 0.719653 -0.738612 -0.342299 0.580761 -0.754215 -0.373682 -0.539928 0.611679 -0.767962 -0.189956 -0.7687 -0.446824 -0.457656 0.499892 -0.843869 -0.19492 -0.321071 -0.329314 -0.887956 0.135609 -0.985226 -0.104594 0.759783 -0.555916 -0.337175 -0.799184 -0.570554 -0.189138 0.596459 -0.680524 -0.425586 -0.845986 -0.531119 -0.047132 -0.636798 -0.708936 0.303146 0.145335 -0.788519 0.597592 0.140265 -0.950284 -0.278002 0.145335 -0.788794 0.597229 0.144604 -0.113544 0.982954 0.144583 -0.111052 0.983241 0.14137 0.611318 0.778656 0.141361 0.612765 0.777519 0.141236 0.989877 0.014031 0.141169 0.989937 0.009845 0.140403 -0.952061 -0.271783 0.141399 -0.604999 -0.78357 0.141401 -0.604149 -0.784226 0.144642 0.121211 -0.982032 0.144648 0.12287 -0.981825 0.145303 0.794941 -0.589029 0.145306 0.794266 -0.589938 1 0 0 1 0 0 1 0 0 1 0 0 1 0 0 1 0 0 1 0 0 1 0 0 -1 0 0 -1 0 0 -1 0 0 -1 0 0 -1 0 0 -1 0 0 -1 0 0 -1 0 0 0.145512 -0.789432 0.596342 0.1403 -0.950552 -0.27707 0.14551 -0.789841 0.5958 0.145094 -0.113898 0.98284 0.145075 -0.111454 0.983123 0.14167 0.612539 0.777641 0.141661 0.614149 0.776372 0.141241 0.989876 0.013993 0.141175 0.989936 0.009785 0.140437 -0.952302 -0.270923 0.141699 -0.60638 -0.782448 0.141703 -0.605371 -0.783228 0.145131 0.121649 -0.981906 0.145137 0.123259 -0.981704 0.145481 0.795967 -0.587599 0.145485 0.79517 -0.588675 1 0 0 1 0 0 1 0 0 1 0 0 1 0 0 1 0 0 1 0 0 1 0 0 -1 0 0 -1 0 0 -1 0 0 -1 0 0 -1 0 0 -1 0 0 -1 0 0 -1 0 0 0.144602 -0.78486 0.602565 0.140105 -0.949206 -0.281742 0.144601 -0.784609 0.602892 0.142665 -0.112143 0.983398 0.142642 -0.109464 0.983703 0.140169 0.606443 0.782674 0.140167 0.607251 0.782048 0.141239 0.989874 0.014175 0.141176 0.989933 0.010069 0.140256 -0.951094 -0.275224 0.140182 -0.59951 -0.787995 0.140182 -0.599271 -0.788177 0.142704 0.119486 -0.982527 0.142713 0.121335 -0.982299 0.144597 0.790823 -0.594719 0.144597 0.790635 -0.594969 1 0 0 1 0 0 1 0 0 1 0 0 1 0 0 1 0 0 1 0 0 1 0 0 -1 0 0 -1 0 0 -1 0 0 -1 0 0 -1 0 0 -1 0 0 -1 0 0 -1 0 0 -0.145335 -0.788519 0.597591 -0.145335 -0.788794 0.597229 -0.140265 -0.950285 -0.278002 -0.144604 -0.113544 0.982953 -0.144583 -0.111052 0.983241 -0.14137 0.611318 0.778655 -0.141361 0.612765 0.777519 -0.141236 0.989877 0.014031 -0.141169 0.989937 0.009845 -0.140403 -0.952062 -0.271783 -0.141399 -0.605 -0.78357 -0.141401 -0.604149 -0.784226 -0.144642 0.121211 -0.982032 -0.144648 0.12287 -0.981825 -0.145303 0.794941 -0.589029 -0.145306 0.794267 -0.589938 -1 0 0 -1 0 0 -1 0 0 -1 0 0 -1 0 0 -1 0 0 -1 0 0 -1 0 0 1 0 0 1 0 0 1 0 0 1 0 0 1 0 0 1 0 0 1 0 0 1 0 0 -0.145511 -0.789432 0.596341 -0.14551 -0.789841 0.595801 -0.1403 -0.950551 -0.277071 -0.145094 -0.113898 0.98284 -0.145075 -0.111454 0.983123 -0.14167 0.612538 0.777642 -0.141661 0.614149 0.776372 -0.14124 0.989876 0.013993 -0.141175 0.989936 0.009784 -0.140437 -0.952301 -0.270923 -0.141699 -0.606379 -0.782448 -0.141703 -0.605371 -0.783228 -0.145131 0.121649 -0.981906 -0.145137 0.123259 -0.981704 -0.145481 0.795967 -0.587598 -0.145485 0.79517 -0.588675 -1 0 0 -1 0 0 -1 0 0 -1 0 0 -1 0 0 -1 0 0 -1 0 0 -1 0 0 1 0 0 1 0 0 1 0 0 1 0 0 1 0 0 1 0 0 1 0 0 1 0 0 -0.144602 -0.78486 0.602565 -0.144601 -0.784609 0.602892 -0.140105 -0.949206 -0.281743 -0.142664 -0.112143 0.983398 -0.142641 -0.109464 0.983703 -0.140169 0.606443 0.782674 -0.140167 0.607251 0.782048 -0.141239 0.989874 0.014175 -0.141176 0.989933 0.010069 -0.140256 -0.951094 -0.275224 -0.140182 -0.59951 -0.787995 -0.140182 -0.599271 -0.788177 -0.142704 0.119486 -0.982527 -0.142713 0.121335 -0.982299 -0.144597 0.790824 -0.594718 -0.144597 0.790635 -0.594969 -1 0 0 -1 0 0 -1 0 0 -1 0 0 -1 0 0 -1 0 0 -1 0 0 -1 0 0 1 0 0 1 0 0 1 0 0 1 0 0 1 0 0 1 0 0 1 0 0 1 0 0 0.795595 -0.397043 0.457587 0.806507 -0.373017 0.4587 0.796905 -0.402882 0.450143 0.80361 -0.383819 0.454857 0.82066 -0.327783 0.468055 0.018589 0.726056 0.687384 0.001917 0.73412 0.679017 0.001774 0.734602 0.678496 0.006859 0.731548 0.681756 0.002375 0.732778 0.680463 -0.014545 0.742053 0.670184 0.00198 0.738236 0.67454 0.023626 0.724391 0.688985 0.009083 0.73173 0.681534 0.017478 -0.704897 -0.709095 0.017478 -0.704897 -0.709095 0.017478 -0.704897 -0.709095 0 -0.732001 -0.681304 0.908574 0.079507 -0.410087 0.774202 0.120471 -0.621368 0.850684 0.100055 -0.516068 0.774202 0.120471 -0.621368 0.99927 0.00648 -0.03765 0.992926 0.022041 -0.116669 0.999992 -0.001646 0.003624 0.999992 -0.001646 0.003624 0 -0.597445 0.80191 0.916294 0.153688 0.369845 0 0.504939 0.863155 0 0.507815 0.861466 0.939299 0.123706 0.320023 0.982121 0.019438 0.187246 0 -0.891067 -0.453873 0.987643 -0.052835 0.147545 0.855473 0.258624 0.448642 0 0.592075 0.805883 0.984387 -0.045111 0.170138 -0.916294 0.153688 0.369845 -0.939299 0.123706 0.320023 -0.982121 0.019438 0.187246 -0.987643 -0.052835 0.147545 -0.855473 0.258623 0.448642 -0.984387 -0.045111 0.170138 0.010132 -0.843022 -0.537783 0 -0.841469 -0.540305 0 -0.840432 -0.541917 -0.010132 -0.843022 -0.537783 0 -0.840433 -0.541916 0 0.633239 0.773956 0.760064 0.426143 0.490616 0 0.633239 0.773956 0.621608 0.492665 0.609003 0.82961 0.369839 0.41829 0.852541 0.352758 0.385664 0.896899 0.290873 0.333114 0.911579 0.320946 0.256937 0.833331 0.373383 0.407608 0.742305 0.327278 0.584699 0.947722 -0.199428 0.2491 0.820021 0.212158 0.531558 0.711879 0.377118 0.592461 0.737193 0.474621 0.480918 0 0.524208 0.85159 0 0.524208 0.85159 -0.711879 0.377118 0.592461 -0.742305 0.327279 0.584698 -0.820021 0.212159 0.531559 -0.947723 -0.199427 0.249099 -0.737192 0.474621 0.480919 -0.175423 0.178597 -0.968158 -0.023799 0.244164 -0.969442 -0.175423 0.178597 -0.968158 0.056217 0.275984 -0.959517 0 0.301019 -0.953618 0 0.301019 -0.953618 0 0.570024 -0.821628 -0.811561 0.409803 -0.41645 0 0.721122 -0.692808 -0.894484 0.4471 0.000479 -0.935357 0.315401 -0.160091 -0.885389 0.078534 -0.458169 -0.733263 0.652429 0.191473 0.003656 0.868671 0.495377 0 0.868676 0.49538 0 0.868677 0.49538 0.839055 0.311886 0.445774 0.743837 0.370832 0.556049 0.839055 0.311886 0.445774 0.74596 0.369723 0.553939 0 0.544917 0.83849 0 0.544917 0.83849 -0.74596 0.369723 0.553939 -0.743837 0.370832 0.556048 -0.839055 0.311886 0.445773 -0.839055 0.311886 0.445773 0.830805 0.168713 0.530376 0.725225 0.316613 0.611396 0.864222 0.141207 0.482888 0.729778 0.31212 0.60828 0 0.544408 0.838821 0.646434 0.279408 0.709968 0 0.544408 0.838821 -0.725224 0.316613 0.611397 -0.729778 0.31212 0.60828 -0.864222 0.141207 0.482888 -0.830805 0.168712 0.530376 -0.646433 0.279406 0.709969 0 -0.77266 -0.634821 -0.037498 -0.771032 -0.635691 0 -0.791276 -0.611459 -0.000155 -0.77035 -0.637621 -0.037881 -0.770815 -0.635931 -0.21839 -0.820625 -0.528091 -0.21839 -0.820625 -0.528091 -0.21839 -0.820625 -0.528091 -0.218389 -0.82063 -0.528084 -0.018589 0.726055 0.687385 -0.001774 0.734602 0.678496 -0.001917 0.73412 0.679017 -0.006859 0.731547 0.681756 -0.002375 0.732778 0.680463 0.014545 0.742053 0.670183 -0.001981 0.738236 0.67454 -0.023626 0.72439 0.688986 -0.009084 0.731731 0.681533 -0.00226 -0.728572 -0.684965 -0.017479 -0.704898 -0.709093 0.037049 -0.770002 -0.636965 0.037498 -0.771032 -0.635692 0 -0.791275 -0.611461 0 -0.791275 -0.611461 -0.908574 0.079507 -0.410087 -0.774202 0.120471 -0.621368 -0.774202 0.120471 -0.621368 -0.850684 0.100055 -0.516068 -0.99927 0.006479 -0.03765 -0.992926 0.022041 -0.116669 -0.999992 -0.001646 0.003624 -0.999992 -0.001646 0.003624 -0.760064 0.426143 0.490616 -0.621608 0.492665 0.609003 -0.82961 0.369839 0.41829 -0.852541 0.352758 0.385664 -0.896899 0.290873 0.333114 -0.911579 0.320946 0.256938 -0.833331 0.373383 0.407608 0.175386 0.178594 -0.968165 0.02378 0.244162 -0.969443 -0.056225 0.275983 -0.959517 0.175386 0.178594 -0.968165 0.811561 0.409803 -0.41645 0.894484 0.4471 0.00048 0.935358 0.3154 -0.160091 0.885388 0.078529 -0.458172 0.733272 0.652421 0.191468 -0.003656 0.868671 0.495376 -0.009084 0.731731 0.681533 -0.796946 0.438539 0.415404 -0.921052 0.245036 0.302689 -0.802715 0.231386 0.549644 -0.892797 0.405553 0.196063 -0.914918 0.076219 0.396377 -0.984204 0.037441 0.173034 -0.97093 0.237233 0.031862 0.9212 -0.244482 -0.302686 0.9212 -0.244482 -0.302686 0.9212 -0.244482 -0.302686 0.9212 -0.244482 -0.302686 0.9212 -0.244482 -0.302686 0.9212 -0.244482 -0.302686 -0.793834 0.381968 0.473211 -0.913191 0.184148 0.363554 -0.779316 0.173211 0.602217 -0.900765 0.347763 0.260161 -0.891443 0.014976 0.452885 -0.97209 -0.024213 0.233355 -0.979067 0.179162 0.096586 0.913147 -0.183804 -0.363838 0.913147 -0.183805 -0.363839 0.913147 -0.183805 -0.363839 0.913147 -0.183804 -0.363839 0.913147 -0.183804 -0.363838 0.913147 -0.183804 -0.363838 -0.806572 0.314532 0.500511 -0.906803 0.130864 0.400728 -0.779229 0.123394 0.614472 -0.907783 0.281496 0.310949 -0.877717 -0.02265 0.478644 -0.957665 -0.058914 0.281792 -0.978288 0.12945 0.161849 0.906645 -0.130794 -0.401108 0.906645 -0.130795 -0.401108 0.906645 -0.130795 -0.401108 0.906645 -0.130794 -0.401108 0.906646 -0.130794 -0.401107 0.906646 -0.130794 -0.401107 -0.809868 0.242039 0.53435 -0.898467 0.059793 0.434951 -0.767202 0.055112 0.639034 -0.912276 0.208446 0.352565 -0.858115 -0.089435 0.505608 -0.940642 -0.124847 0.315605 -0.976829 0.060758 0.205217 0.898239 -0.059847 -0.435414 0.898238 -0.059848 -0.435415 0.898238 -0.059848 -0.435415 0.898239 -0.059847 -0.435414 0.898239 -0.059847 -0.435413 0.898239 -0.059847 -0.435413 -0.202439 -0.810535 -0.549592 -0.235672 -0.496595 -0.835375 -0.230934 -0.821481 -0.521382 -0.259966 -0.455272 -0.851555 -0.108964 -0.101521 -0.988848 -0.095472 0.033793 -0.994858 0.287281 0.599531 -0.747016 0.31884 0.68366 -0.656468 0.125107 -0.879647 0.458878 -0.023627 -0.907926 0.418464 0.578446 -0.295921 -0.760152 0.263178 -0.265454 -0.927508 0.43967 0.089497 -0.893689 0.641122 0.369486 -0.672638 0.869942 -0.273482 -0.410375 0.671505 0.719432 0.177481 0.609611 0.755941 0.238596 0.628996 0.354174 0.692044 0.557587 0.397297 0.72887 0.435968 -0.162213 0.885222 0.48759 -0.021463 0.872809 0.848979 0.441316 -0.290645 0.932594 0.327132 0.15249 0.993502 0.054828 -0.09974 0.641122 0.369486 -0.672638 0.754901 0.009564 -0.65577 0.810076 0.088841 -0.579555 0.578446 -0.295921 -0.760152 0.263178 -0.265454 -0.927508 0.43967 0.089497 -0.893689 0.848979 0.441316 -0.290645 0.786617 -0.082126 -0.611955 0.854291 -0.063618 -0.515887 0.869942 -0.273482 -0.410375 0.993502 0.054828 -0.09974 0.900509 0.016807 -0.434513 0.870293 0.106531 -0.480876 0.932594 0.327132 0.15249 -0.868407 0.160099 0.469294 -0.958432 -0.00928 0.285172 -0.836182 -0.012204 0.548316 -0.889688 -0.222004 0.39896 -0.771986 -0.178853 0.609958 -0.64938 -0.017558 0.760261 -0.717859 0.197466 0.667597 -0.992128 -0.058925 0.110503 -0.992128 -0.058925 0.110503 -0.992128 -0.058925 0.110503 -0.992128 -0.058925 0.110503 -0.992128 -0.058925 0.110503 -0.216479 0.671209 0.708953 -0.216479 0.671209 0.708953 -0.216479 0.671209 0.708953 -0.216477 0.671203 0.70896 -0.731542 -0.440564 0.520336 -0.731542 -0.440564 0.520336 -0.731542 -0.440564 0.520336 -0.731542 -0.440564 0.520336 0.001648 -0.981255 0.192705 0 -0.981257 0.192705 0 -0.981257 0.192705 -0.770114 0.620035 0.149937 -0.705278 0.705555 0.069102 -0.705278 0.705555 0.069102 -0.773804 0.611613 0.164795 -0.711093 0.673603 0.201507 -0.634222 0.744674 0.207902 -0.634222 0.744674 0.207902 0 -1 0 0 -1 0 0 -1 0 0.810544 -0.583274 -0.053002 0.810544 -0.583274 -0.053002 0.810544 -0.583274 -0.053002 0 -1 0 0 -1 0 0 -1 0 0 -1 0 -0.949061 0.30989 -0.057028 -0.934007 0.356668 -0.020482 -0.949061 0.30989 -0.057028 -0.930016 0.367323 -0.011998 -0.87019 0.487173 0.073695 -0.85765 0.506918 0.086428 -0.639167 0.738009 0.216353 -0.591286 0.771478 0.234952 0 0.948403 0.317068 0 0.948403 0.317068 -0.758876 0.568046 0.318482 -0.935575 0.239875 0.259153 -0.930696 0.255433 0.261836 -0.91708 0.301983 0.260326 0 0.865914 0.500192 0 0.921542 0.388279 -0.571473 0.754297 0.323194 0 0.923474 0.383661 -0.811718 0.523003 0.259963 0.758876 0.568046 0.318483 0.930696 0.255433 0.261836 0.935575 0.239875 0.259153 0.91708 0.301983 0.260326 0.571473 0.754297 0.323194 0.811719 0.523003 0.259964 -0.952088 0.201555 0.230011 -0.891362 0.384985 0.239291 -0.959175 0.169269 0.226564 -0.89019 0.388521 0.237933 -0.703006 0.650829 0.286713 -0.639648 0.709086 0.296727 -0.000045 0.937248 0.348664 -0.000052 0.937248 0.348664 -0.001648 -0.981255 0.192705 0.770114 0.620035 0.149938 0.705278 0.705555 0.069102 0.773804 0.611613 0.164795 0.705278 0.705555 0.069102 0.711093 0.673603 0.201507 0.634222 0.744674 0.207901 0.634222 0.744674 0.207902 0 -1 0 0 -1 0 0 -1 0 -0.810544 -0.583274 -0.053002 -0.810544 -0.583274 -0.053002 -0.810544 -0.583274 -0.053002 -0.114579 -0.873475 -0.473194 0 -0.886229 -0.463248 -0.107249 -0.879857 -0.462978 -0.244721 -0.850079 -0.466344 0 -1 0 0 -1 0 0.949061 0.309889 -0.057028 0.934007 0.356668 -0.020482 0.930016 0.367322 -0.011998 0.949061 0.309889 -0.057028 0.87019 0.487173 0.073695 0.85765 0.506918 0.086428 0.639167 0.738009 0.216353 0.591286 0.771478 0.234952 0.952087 0.201555 0.230011 0.959175 0.169269 0.226564 0.891371 0.384964 0.239292 0.890202 0.388494 0.237935 0.703001 0.650822 0.286741 0.639648 0.709073 0.296758 0.575244 0.665405 -0.475742 0 0.69625 -0.7178 0 0.69625 -0.7178 0.549567 0.668026 -0.501714 0.764689 0.644345 -0.00842 0.996036 0.08895 -0.000857 0.655389 0.661441 0.364638 0.805371 -0.119649 0.58057 -0.549567 0.668026 -0.501714 -0.575244 0.665405 -0.475741 -0.764689 0.644345 -0.00842 -0.764689 0.644345 -0.00842 -0.637927 0.663304 0.391251 -0.65539 0.661441 0.364638 -0.315661 0.542784 0.778295 0 0.572031 0.820232 0 0.572031 0.820232 -0.315661 0.542784 0.778295 0.751036 -0.04372 -0.658812 0.001944 -0.036432 -0.999334 0.752638 -0.053087 -0.656291 -0.005212 -0.045641 -0.998944 0.995737 -0.079389 -0.046965 0.998515 -0.044024 -0.032075 0.757237 -0.038217 0.652021 0.776003 -0.11845 0.619507 0.002394 -0.026539 0.999645 0.012174 -0.058104 0.998236 -0.750628 -0.052953 -0.6586 -0.754236 -0.042649 -0.655217 -0.995362 -0.081327 -0.051378 -0.998346 -0.043086 -0.038071 -0.776042 -0.114259 0.620245 -0.760851 -0.03826 0.647797 0.990942 -0.122054 -0.056012 0.635728 -0.021116 -0.771624 0.980876 -0.11766 -0.155046 0.737968 -0.046408 -0.673238 0.772355 -0.198474 0.603387 0.842726 -0.20693 0.496984 0.000215 -0.234353 0.972152 0 -0.243702 0.96985 0 0.022212 -0.999753 0.001209 0.00511 -0.999986 0.001944 -0.036432 -0.999334 0.752638 -0.053087 -0.656291 0.995737 -0.079389 -0.046965 0.776003 -0.11845 0.619507 -0.010266 -0.223153 0.974729 -0.773166 -0.198377 0.602379 -0.842726 -0.206929 0.496984 -0.990849 -0.122993 -0.055596 -0.980876 -0.11766 -0.155046 -0.737557 -0.046828 -0.673659 -0.635729 -0.021116 -0.771623 -0.776042 -0.114259 0.620245 -0.995362 -0.081327 -0.051378 -0.750628 -0.052953 -0.6586 0.032469 -0.89355 -0.447788 0.012174 -0.058104 0.998236 0 -0.877537 -0.47951 0.114579 -0.873475 -0.473194 -0.926088 0.193885 0.32368 -0.972346 0.19131 0.133951 -0.791919 0.144977 0.593167 -0.439459 0.115386 0.890821 -0.890583 0.201167 0.407913 -0.961333 0.12562 0.245069 -0.977696 0.203869 -0.050484 -0.976041 0.205502 0.071509 -0.296212 0.105635 0.949263 -0.476893 0.10153 0.873078 0.184278 0.182926 0.965702 0.13522 0.175912 0.975075 -0.825966 0.164251 0.53926 0.691584 0.317241 0.648899 0.461948 0.208031 0.862164 0.672432 0.307473 0.673272 0.886657 0.413295 0.207429 0.870698 0.406056 0.277494 0.895278 0.444947 -0.022352 0.89053 0.450903 -0.060358 0.795507 0.50161 -0.339936 0.797671 0.490596 -0.350765 0.362806 0.169229 0.91637 0.037601 0.160107 0.986383 0.435739 0.498016 -0.749741 -0.018369 0.546315 -0.837378 0.693492 0.462297 -0.552586 -0.025987 0.468419 -0.883124 -0.565802 0.48282 -0.668396 -0.455581 0.428763 -0.780133 -0.889719 0.35086 -0.292056 -0.786926 0.392917 -0.475777 -0.830728 0.413793 -0.37238 -0.968333 0.24955 -0.007493 0.454787 0.484391 -0.747352 -0.022052 0.451624 -0.891936 -0.473856 0.381327 -0.793757 -0.821344 0.320242 -0.472058 0.718269 0.45618 -0.525346 0.710892 0.457422 -0.534226 0.893703 0.389013 -0.223526 -0.803595 0.308033 -0.509265 -0.967821 0.228685 -0.105001 -0.977696 0.203869 -0.050484 -0.976041 0.205502 0.071509 -0.838494 -0.54123 -0.063231 -0.857474 -0.388889 0.336902 -0.844931 -0.284121 0.453175 -0.852557 -0.522634 -0.000623 -0.627046 -0.020579 0.77871 -0.662585 -0.585895 -0.466593 -0.613384 -0.5766 -0.539715 -0.253662 -0.499052 -0.828615 -0.307534 -0.509589 -0.80358 0.068802 -0.436515 -0.897062 0.061555 -0.43791 -0.896909 -0.50043 0.066322 0.863233 0.002417 0.138298 0.990388 -0.015535 0.136941 0.990457 -0.406144 0.089286 0.909437 -0.37836 0.106957 0.919458 -0.37836 0.106957 0.919458 -0.923148 -0.288821 0.253732 -0.961298 -0.270766 -0.050904 -0.961802 -0.273308 0.015469 -0.876102 -0.318068 0.362322 -0.567911 -0.429622 0.70207 -0.874496 -0.31335 -0.370228 -0.913704 -0.293188 -0.281399 -0.658478 -0.359956 -0.660937 -0.658478 -0.359957 -0.660937 -0.442935 -0.448981 0.776031 0.000054 -0.493209 0.869911 -0.000016 -0.493209 0.869911 -0.86337 -0.233825 0.447122 -0.681125 -0.305214 0.665517 -0.491589 -0.360323 0.792785 -0.922025 -0.206615 0.327383 0.000083 -0.412854 0.910797 -0.000065 -0.412854 0.910797 -0.983079 -0.182508 0.015699 -0.983165 -0.182673 -0.004111 -0.955403 -0.199404 -0.217812 -0.976666 -0.184334 -0.110203 -0.646287 -0.235254 -0.725926 -0.828296 -0.495469 0.261603 -0.845422 -0.525356 -0.096239 -0.854726 -0.518172 -0.030666 -0.798413 -0.452803 0.396872 -0.603735 -0.091099 0.791963 -0.679407 -0.561963 -0.471809 -0.743784 -0.552171 -0.376686 -0.559579 -0.56219 -0.608945 -0.559579 -0.56219 -0.608945 -0.616446 -0.053574 0.785572 -0.010221 0.057678 0.998283 -0.011247 0.057712 0.99827 0.498921 -0.371693 -0.782894 0.452371 -0.37977 -0.806929 0.74517 -0.3199 -0.585137 0.735294 -0.319712 -0.597601 0.812441 -0.318764 -0.488189 0.972273 -0.217953 0.084743 0.84946 -0.435163 0.298413 0.858075 -0.506144 0.086747 0.933666 -0.125635 0.335385 0.662969 0.092353 0.742929 0.991511 0.125295 -0.034757 0.950511 0.211487 0.227601 0.704226 0.22774 0.672459 0.501182 0.195432 0.842985 0.635663 0.205992 0.743976 0.582628 0.192131 0.789703 0.836066 0.230418 0.497897 0.754835 0.189876 0.62783 0.959013 0.04993 -0.278928 0.769647 -0.585282 -0.255125 0.931219 -0.268344 0.246622 0.966842 -0.251732 -0.042975 0.884506 -0.30203 0.355565 0.967196 -0.25324 0.020013 0.571893 -0.42863 0.699439 0.880617 -0.303851 -0.363577 0.920844 -0.280448 -0.270916 0.658479 -0.359957 -0.660936 0.658479 -0.359957 -0.660936 0.443345 -0.449135 0.775708 0.491637 -0.36047 0.792688 0.681017 -0.305403 0.665541 0.863238 -0.234072 0.447248 0.921918 -0.206884 0.327516 0.983033 -0.182757 0.015712 0.983119 -0.182919 -0.004102 0.955357 -0.199625 -0.217816 0.97662 -0.184564 -0.110229 0.646257 -0.2354 -0.725906 0.891492 -0.381279 0.24468 0.903951 -0.422093 -0.068635 0.869315 -0.370114 0.327578 0.909864 -0.414673 -0.013921 0.623137 -0.128603 0.771467 0.772958 -0.485124 -0.408889 0.820828 -0.465406 -0.331116 0.633732 -0.514673 -0.577491 0.633732 -0.514673 -0.577491 0.628527 -0.127922 0.767196 0.939862 0.341397 -0.010371 0.701343 0.601857 0.381949 0.823516 0.212999 0.525787 0.677529 0.728381 0.102053 0.953789 -0.161866 0.253152 0.972447 -0.167577 -0.162065 0.707219 0.692445 -0.142696 0.767474 0.453142 -0.453483 0.90927 0.100132 -0.403981 -0.968234 0.226798 0.105285 -0.949695 0.264915 0.167034 -0.968333 0.24955 -0.007493 -0.830728 0.413793 -0.37238 -0.003915 0.851888 0.523709 -0.001451 0.851964 0.523599 -0.001333 0.851967 0.523594 -0.003919 0.851888 0.523709 0.000156 0.852005 0.523533 0.000065 0.852002 0.523538 -0.001337 0.851956 0.523612 -0.001338 0.851956 0.523612 0.000589 0.851846 0.523792 0.000589 0.851846 0.523792 -0.001538 0.85196 0.523604 -0.976041 0.205502 0.071509 -0.968234 0.226798 0.105285 -0.968333 0.24955 -0.007493 -0.972346 0.19131 0.133951 -0.926088 0.193885 0.32368 -0.890583 0.201167 0.407913 -0.967821 0.228685 -0.105001 -0.889719 0.35086 -0.292056 -0.821344 0.320242 -0.472058 -0.786926 0.392917 -0.475777 0.000106 -0.522139 -0.85286 0.840948 -0.336541 -0.423729 -0.000103 -0.676469 -0.736472 0.888803 -0.314163 -0.333662 0.998262 0.008611 0.058295 0.998262 0.008611 0.058295 0.998262 0.008611 0.058295 0.999925 0.002436 0.01203 0.999925 0.002436 0.01203 0.041289 -0.99884 -0.024765 0 -0.999693 -0.024787 0 -0.999693 -0.024787 -0.841023 -0.336171 -0.423873 -0.888934 -0.313745 -0.333708 -0.041289 -0.99884 -0.024766 -0.999927 0.002442 0.011865 -0.999927 0.002442 0.011865 -0.999927 0.002442 0.011865 -0.999927 0.002442 0.011865 -0.998258 0.008856 0.058325 -0.958168 -0.184243 -0.21902 -0.958168 -0.184243 -0.21902 -0.958168 -0.184243 -0.21902 -0.958168 -0.184243 -0.21902 0.957972 -0.18495 -0.21928 0.957972 -0.18495 -0.21928 0.957972 -0.18495 -0.21928 0.957972 -0.18495 -0.21928 -0.317697 0.13036 0.939188 0.120568 0.073987 -0.989944 0.120568 0.073987 -0.989944 0.120568 0.073987 -0.989944 0.120568 0.073987 -0.989944 0.210499 0.885966 -0.413225 0.210499 0.885966 -0.413225 0.210499 0.885966 -0.413225 0.210499 0.885966 -0.413225 0.089929 0.811979 0.576717 0.089929 0.811979 0.576717 0.089929 0.811979 0.576717 0.089929 0.811979 0.576717 -0.120568 -0.073987 0.989944 -0.120568 -0.073987 0.989944 -0.120568 -0.073987 0.989944 -0.120568 -0.073987 0.989944 -0.210498 -0.885966 0.413225 -0.210498 -0.885966 0.413225 -0.210498 -0.885966 0.413225 -0.210498 -0.885966 0.413225 -0.08993 -0.811977 -0.57672 -0.08993 -0.811977 -0.57672 -0.08993 -0.811977 -0.57672 -0.08993 -0.811977 -0.57672 0 0.997961 -0.063834 0 0.997961 -0.063834 0 0.997961 -0.063834 0 0.06997 0.997549 0 0.06997 0.997549 0 -0.989078 0.147393 0 -0.989078 0.147393 -0.898091 -0.029425 -0.438824 0 -0.066905 -0.997759 -0.890723 -0.030411 -0.453528 0 -0.066905 -0.997759 0.890721 -0.030411 -0.453531 0.89809 -0.029425 -0.438827 0.997404 0.004818 0.071849 -0.997404 0.004818 0.071848 0 -0.989078 0.147393 0 0.998097 -0.061655 0 0.998097 -0.061655 0 0.998097 -0.061655 0 0.069819 0.99756 0 0.069819 0.99756 0 -0.988756 0.149535 0 -0.988756 0.149535 -0.891113 -0.030358 -0.452764 0 -0.066903 -0.997759 -0.883507 -0.031338 -0.467369 0 -0.066903 -0.997759 0.883507 -0.031338 -0.467368 0.891114 -0.030358 -0.452763 0.997404 0.004818 0.071851 -0.997404 0.004818 0.071849 0 -0.988756 0.149535 0 0.998229 -0.05949 0 0.998229 -0.05949 0 0.998229 -0.05949 0 0.069681 0.997569 0 0.06968 0.997569 0 -0.988432 0.151667 0 -0.988432 0.151667 -0.884245 -0.031244 -0.465977 0 -0.066901 -0.99776 -0.876425 -0.032215 -0.48046 0 -0.066901 -0.99776 0.876425 -0.032214 -0.48046 0.884245 -0.031243 -0.465977 0.997404 0.004818 0.071849 -0.997404 0.004818 0.071848 0 -0.988432 0.151667 0 0.998343 -0.057535 0 0.998343 -0.057535 0 0.998343 -0.057535 0 0.069576 0.997577 0 0.069575 0.997577 0 -0.988135 0.153587 0 -0.988135 0.153587 -0.878124 -0.032009 -0.477361 0 -0.066903 -0.997759 -0.870132 -0.032971 -0.491715 0 -0.066903 -0.997759 0.87013 -0.03297 -0.491719 0.878122 -0.032008 -0.477365 0.997404 0.004819 0.071849 -0.997404 0.004816 0.071849 0 -0.988135 0.153587 0 0.997828 -0.065872 0 0.997828 -0.065872 0 0.997828 -0.065872 0 0.070125 0.997538 0 0.070125 0.997538 0 -0.989375 0.145383 0 -0.989375 0.145383 -0.904673 -0.028508 -0.425151 0 -0.066904 -0.997759 -0.89755 -0.029498 -0.439924 0 -0.066904 -0.997759 0.897551 -0.029498 -0.439924 0.904674 -0.028507 -0.42515 0.997404 0.004818 0.071851 -0.997404 0.004818 0.071849 0 -0.989375 0.145383 0 0.997859 -0.065408 0 0.997859 -0.065408 0 0.997859 -0.065408 0 0.070089 0.997541 0 0.070089 0.997541 0 -0.989308 0.145842 0 -0.989308 0.145842 -0.903169 -0.02872 -0.428324 0 -0.066901 -0.99776 -0.895987 -0.02971 -0.443085 0 -0.066901 -0.99776 0.895987 -0.029708 -0.443084 0.903169 -0.028719 -0.428324 0.997404 0.004818 0.071848 -0.997404 0.004816 0.071847 0 -0.989308 0.145842 0.880166 -0.089351 0.466181 0 -0.205529 0.978651 0.000001 -0.255979 0.966682 0.91005 -0.099648 0.402343 0.893805 0.102509 -0.436583 0.863848 0.140038 -0.483896 0 0.211416 -0.977396 -0.000001 0.268025 -0.963412 -0.893804 0.102509 -0.436584 -0.863846 0.140039 -0.483899 -0.880166 -0.089351 0.466181 -0.91005 -0.099648 0.402342 0.964943 0.106766 0.239763 0.93872 0.115833 0.324633 0.904291 -0.160879 -0.395444 0.870962 -0.100889 -0.480882 0 -0.381805 -0.924243 0.799178 -0.027945 -0.600444 0 -0.026234 -0.999656 0 -0.202545 -0.979273 0.996977 0.063355 0.044988 0 0.360128 0.932903 0 0.331864 0.943327 0 0.379963 0.925002 -0.904291 -0.160879 -0.395445 -0.964943 0.106766 0.239763 -0.93872 0.115833 0.324633 -0.996976 0.063355 0.044988 -0.870962 -0.100889 -0.480882 -0.799178 -0.027945 -0.600444 -0.004964 -0.893016 -0.449998 0 -0.893027 -0.450004 0 -0.893027 -0.450004 -0.004964 -0.893016 -0.449998 0.004966 -0.893016 -0.449998 0.004966 -0.893016 -0.449998 0 0.823217 0.567727 -0.005722 0.823203 0.567718 0 0.823217 0.567727 -0.005722 0.823203 0.567718 0.00572 0.823203 0.567718 0.00572 0.823203 0.567718 0.875111 0.199903 -0.440703 0 0.475652 -0.879633 0.878584 0.196583 -0.435253 0 0.475652 -0.879633 0.998669 -0.042892 -0.028646 -0.878584 0.196582 -0.435253 -0.875112 0.199902 -0.440703 -0.998669 -0.042894 -0.028647 -0.002891 -0.882981 -0.4694 0 -0.882985 -0.469402 0 -0.882985 -0.469402 -0.002891 -0.882981 -0.4694 0.002892 -0.882981 -0.4694 0.002892 -0.882981 -0.4694 0 0.808523 0.588464 -0.007783 0.808499 0.588446 0 0.808523 0.588464 -0.007783 0.808499 0.588446 0.007783 0.808499 0.588446 0.007783 0.808499 0.588446 0.876681 0.206003 -0.434733 0 0.489133 -0.872209 0.876892 0.205796 -0.434405 0 0.489133 -0.872209 0.998734 -0.041137 -0.028947 -0.876892 0.205796 -0.434406 -0.876681 0.206002 -0.434734 -0.998734 -0.041138 -0.028947 -0.005883 -0.910105 -0.414337 0 -0.91012 -0.414344 0 -0.91012 -0.414344 -0.005883 -0.910105 -0.414337 0.005883 -0.910105 -0.414337 0.005883 -0.910105 -0.414337 0 0.843803 0.536653 -0.006726 0.843784 0.536641 0 0.843803 0.536653 -0.006726 0.843784 0.536641 0.006726 0.843784 0.53664 0.006726 0.843784 0.53664 0.90729 0.152608 -0.391836 0 0.441562 -0.897231 0.909441 0.150333 -0.387707 0 0.441563 -0.897231 0.992469 -0.096126 0.075921 -0.909441 0.150334 -0.387707 -0.90729 0.152609 -0.391836 -0.99247 -0.096124 0.07592 0.529201 0.602482 0.597463 -0.725771 0.669564 0.157925 0.594378 0.598783 0.536818 -0.734317 0.676664 0.053897 -0.928614 0.197341 -0.314217 -0.967302 0.14924 -0.205071 0.954901 -0.15167 0.255264 0.915902 -0.231099 0.328201 -0.42086 0.507503 -0.751876 -0.291558 0.947118 -0.134021 0 0.551898 -0.833912 0 0.985146 -0.171721 0.144233 0.596034 0.789899 0 0.530475 0.8477 0.344726 -0.52357 0.779127 0 -0.558379 0.829586 0.998741 0.019524 -0.046214 0.652039 0.68364 0.327844 0.992417 0.07954 -0.093716 -0.772761 0.534989 0.341507 -0.997796 -0.05948 0.029407 -0.787844 0.362075 0.498201 -0.930687 -0.214533 0.296307 -0.461576 0.109324 0.880339 -0.515212 -0.450106 0.729357 0.594307 0.7407 0.31331 -0.747141 -0.389847 -0.53833 0.59848 -0.77401 -0.206714 -0.748884 -0.457952 -0.479012 0.489978 -0.847469 -0.204247 -0.305677 -0.325057 -0.89493 0.128584 -0.985721 -0.108726 0 -0.999216 -0.039583 0 -0.317093 -0.948394 0.750305 -0.560836 -0.350007 -0.734421 -0.610981 -0.295513 0.748601 -0.5472 -0.37439 -0.754341 -0.65074 -0.086646 -0.397861 -0.854295 0.334495 -1 0 0 -0.5292 0.602482 0.597463 0.725771 0.669564 0.157925 0.734317 0.676664 0.053897 -0.594378 0.598783 0.536819 0.928614 0.19734 -0.314218 0.967302 0.14924 -0.205072 -0.954901 -0.15167 0.255265 -0.915902 -0.231099 0.328202 0.42086 0.507503 -0.751876 0.291558 0.947118 -0.13402 -0.144233 0.596034 0.789899 -0.344726 -0.52357 0.779126 -0.998075 0.03333 -0.052308 -0.617148 0.710143 0.338858 -0.992516 0.07533 -0.096114 -0.351848 0.8449 0.402924 0.787844 0.362075 0.498201 0.772762 0.534988 0.341507 0.997796 -0.05948 0.029407 0.930687 -0.214533 0.296307 0.461576 0.109324 0.880338 0.515212 -0.450105 0.729357 0.747141 -0.389847 -0.538331 -0.598479 -0.77401 -0.206713 -0.489979 -0.847469 -0.204246 0.748884 -0.457953 -0.479011 0.305677 -0.325057 -0.89493 -0.128584 -0.985721 -0.108724 -0.644774 -0.649456 -0.40308 0.734421 -0.610981 -0.295513 -0.475488 -0.744572 -0.468532 0.75434 -0.65074 -0.086646 0.397862 -0.854295 0.334494 0.530726 0.594199 0.604366 -0.724428 0.673941 0.144941 0.587787 0.596835 0.546163 -0.729263 0.682898 0.042729 -0.923278 0.204789 -0.324991 -0.962676 0.158836 -0.219148 0.949211 -0.161814 0.269843 0.908891 -0.239956 0.341085 -0.428664 0.5055 -0.74881 -0.298474 0.945365 -0.131143 0 0.551764 -0.834001 0 0.984847 -0.173427 0.147903 0.594029 0.79073 0 0.531457 0.847085 0.353931 -0.521665 0.776272 0 -0.558416 0.829561 0.998882 0.016693 -0.04424 0.669445 0.669853 0.321155 0.993063 0.061833 -0.100017 -0.784522 0.50952 0.353432 -0.99589 -0.074189 0.051947 -0.799319 0.3437 0.492908 -0.93172 -0.213238 0.293985 -0.505637 0.098489 0.857106 -0.559496 -0.43285 0.706827 0.642717 0.710471 0.28661 -0.743394 -0.382318 -0.548815 0.590778 -0.781666 -0.199948 -0.748175 -0.447147 -0.490198 0.491375 -0.848795 -0.195187 -0.31279 -0.327069 -0.891734 0.131801 -0.985506 -0.106803 0 -0.999172 -0.040688 0 -0.315256 -0.949007 0.791005 -0.517764 -0.325932 -0.745849 -0.608445 -0.271115 0.803013 -0.487587 -0.34268 -0.765997 -0.638562 -0.074071 -0.44135 -0.832936 0.333807 -1 0 0 -0.530726 0.594199 0.604366 0.724428 0.673941 0.14494 0.729263 0.682898 0.042728 -0.587787 0.596836 0.546163 0.923278 0.204789 -0.324992 0.962676 0.158835 -0.219148 -0.949211 -0.161813 0.269843 -0.908891 -0.239956 0.341085 0.428664 0.5055 -0.74881 0.298474 0.945365 -0.131143 -0.147903 0.594029 0.790731 -0.353931 -0.521664 0.776273 -0.998075 0.03333 -0.052309 -0.630658 0.70078 0.333434 -0.992516 0.075329 -0.096114 -0.363601 0.841191 0.400239 0.799319 0.343701 0.492908 0.784522 0.509521 0.353432 0.99589 -0.074189 0.051946 0.93172 -0.213238 0.293985 0.505637 0.09849 0.857106 0.559496 -0.432851 0.706827 0.743394 -0.382317 -0.548815 -0.590777 -0.781667 -0.199948 -0.491375 -0.848795 -0.195187 0.748175 -0.447147 -0.490198 0.312789 -0.327069 -0.891734 -0.131801 -0.985506 -0.106803 -0.65882 -0.638144 -0.398408 0.745849 -0.608446 -0.271115 -0.490535 -0.735898 -0.466722 0.765997 -0.638562 -0.074071 0.44135 -0.832936 0.333808 0.539546 0.590911 0.599761 -0.748479 0.642972 0.162379 0.60945 0.580811 0.539657 -0.74027 0.671106 0.040202 -0.926769 0.200235 -0.317814 -0.972617 0.137284 -0.187536 0.951696 -0.157836 0.263368 0.913064 -0.234672 0.333531 -0.437746 0.50311 -0.745157 -0.306533 0.943237 -0.127836 0 0.551603 -0.834107 0 0.984492 -0.17543 0.152248 0.591708 0.791646 0 0.532608 0.846362 0.364665 -0.519374 0.772833 0 -0.558459 0.829532 0.999688 0.000902 -0.024943 0.762749 0.580294 0.285434 0.997219 0.019165 -0.072025 -0.83678 0.412486 0.360076 -0.872517 0.264877 0.410554 0.726082 0.636689 0.259677 -1 0 0 -0.691987 0.05703 0.719653 -0.954487 -0.176821 0.240185 -0.738613 -0.342299 0.580761 -0.989534 -0.103895 0.100142 -0.754215 -0.373682 -0.539928 0.611679 -0.767962 -0.189956 -0.7687 -0.446823 -0.457656 0.499891 -0.843869 -0.19492 -0.321071 -0.329314 -0.887956 0.135609 -0.985226 -0.104593 0 -0.999118 -0.041983 0 -0.313094 -0.949722 0.878455 -0.40978 -0.245758 -0.799184 -0.570554 -0.189138 0.884548 -0.388421 -0.258271 -0.845986 -0.531119 -0.047132 -0.636799 -0.708935 0.303147 -0.539546 0.590912 0.599761 0.748479 0.642972 0.162378 0.74027 0.671107 0.040201 -0.609449 0.580812 0.539656 0.926769 0.200235 -0.317814 0.972617 0.137283 -0.187536 -0.951696 -0.157836 0.263368 -0.913064 -0.234672 0.333531 0.437746 0.50311 -0.745157 0.306533 0.943237 -0.127836 -0.152248 0.591707 0.791646 -0.364665 -0.519374 0.772833 -0.999463 0.01749 -0.027697 -0.733226 0.608864 0.302763 -0.996752 0.051673 -0.061761 -0.449225 0.802536 0.392598 0.872517 0.264877 0.410554 0.83678 0.412486 0.360076 0.989534 -0.103896 0.100142 0.954487 -0.176822 0.240185 0.691988 0.057031 0.719653 0.738613 -0.342299 0.580761 0.754214 -0.373682 -0.539928 -0.611679 -0.767962 -0.189956 -0.499892 -0.843869 -0.19492 0.7687 -0.446824 -0.457657 0.321071 -0.329314 -0.887956 -0.135609 -0.985226 -0.104594 -0.759783 -0.555916 -0.337175 0.799184 -0.570554 -0.189138 -0.596459 -0.680524 -0.425586 0.845985 -0.531119 -0.047132 0.636798 -0.708936 0.303146 -0.145335 -0.788519 0.597592 -0.145335 -0.788794 0.597229 -0.140265 -0.950284 -0.278002 -0.144604 -0.113544 0.982953 -0.144583 -0.111052 0.983241 -0.14137 0.611318 0.778656 -0.141361 0.612765 0.777519 -0.141236 0.989877 0.014031 -0.141169 0.989937 0.009845 -0.140403 -0.952061 -0.271783 -0.141399 -0.604999 -0.78357 -0.141401 -0.604149 -0.784226 -0.144642 0.121211 -0.982032 -0.144648 0.12287 -0.981825 -0.145303 0.794941 -0.58903 -0.145306 0.794266 -0.589938 -1 0 0 -1 0 0 -1 0 0 -1 0 0 -1 0 0 -1 0 0 -1 0 0 -1 0 0 1 0 0 1 0 0 1 0 0 1 0 0 1 0 0 1 0 0 1 0 0 1 0 0 -0.145512 -0.789432 0.596342 -0.14551 -0.789841 0.5958 -0.1403 -0.950551 -0.27707 -0.145094 -0.113898 0.98284 -0.145075 -0.111454 0.983123 -0.14167 0.612539 0.777641 -0.141661 0.614149 0.776372 -0.141241 0.989876 0.013993 -0.141175 0.989936 0.009785 -0.140437 -0.952302 -0.270923 -0.141699 -0.60638 -0.782448 -0.141703 -0.605371 -0.783228 -0.145131 0.121649 -0.981906 -0.145137 0.123259 -0.981704 -0.145481 0.795967 -0.587599 -0.145485 0.79517 -0.588675 -1 0 0 -1 0 0 -1 0 0 -1 0 0 -1 0 0 -1 0 0 -1 0 0 -1 0 0 1 0 0 1 0 0 1 0 0 1 0 0 1 0 0 1 0 0 1 0 0 1 0 0 -0.144602 -0.78486 0.602565 -0.144601 -0.784609 0.602892 -0.140105 -0.949206 -0.281742 -0.142665 -0.112143 0.983398 -0.142642 -0.109464 0.983703 -0.140169 0.606443 0.782674 -0.140167 0.607251 0.782048 -0.141239 0.989874 0.014175 -0.141176 0.989933 0.010069 -0.140256 -0.951094 -0.275224 -0.140182 -0.59951 -0.787995 -0.140182 -0.599271 -0.788177 -0.142705 0.119486 -0.982527 -0.142713 0.121335 -0.982299 -0.144597 0.790823 -0.594719 -0.144597 0.790635 -0.594969 -1 0 0 -1 0 0 -1 0 0 -1 0 0 -1 0 0 -1 0 0 -1 0 0 -1 0 0 1 0 0 1 0 0 1 0 0 1 0 0 1 0 0 1 0 0 1 0 0 1 0 0 0.145334 -0.788519 0.597591 0.140265 -0.950284 -0.278002 0.145335 -0.788794 0.597229 0.144603 -0.113544 0.982954 0.144583 -0.111052 0.983241 0.14137 0.611318 0.778655 0.141361 0.612765 0.777519 0.141236 0.989877 0.014031 0.141169 0.989937 0.009845 0.140403 -0.952061 -0.271783 0.141399 -0.604999 -0.78357 0.141401 -0.604149 -0.784226 0.144642 0.121211 -0.982032 0.144648 0.12287 -0.981825 0.145303 0.794941 -0.589029 0.145306 0.794267 -0.589938 1 0 0 1 0 0 1 0 0 1 0 0 1 0 0 1 0 0 1 0 0 1 0 0 -1 0 0 -1 0 0 -1 0 0 -1 0 0 -1 0 0 -1 0 0 -1 0 0 -1 0 0 0.145511 -0.789432 0.596341 0.1403 -0.950552 -0.27707 0.14551 -0.789841 0.595801 0.145094 -0.113898 0.98284 0.145075 -0.111454 0.983123 0.14167 0.612538 0.777642 0.141661 0.614149 0.776372 0.14124 0.989876 0.013993 0.141175 0.989936 0.009785 0.140437 -0.952302 -0.270923 0.141699 -0.606379 -0.782448 0.141703 -0.605371 -0.783228 0.145131 0.121649 -0.981906 0.145137 0.123259 -0.981704 0.145481 0.795967 -0.587599 0.145485 0.79517 -0.588675 1 0 0 1 0 0 1 0 0 1 0 0 1 0 0 1 0 0 1 0 0 1 0 0 -1 0 0 -1 0 0 -1 0 0 -1 0 0 -1 0 0 -1 0 0 -1 0 0 -1 0 0 0.144602 -0.78486 0.602565 0.140105 -0.949206 -0.281743 0.144601 -0.784609 0.602892 0.142664 -0.112144 0.983398 0.142641 -0.109464 0.983703 0.140169 0.606444 0.782674 0.140167 0.607251 0.782048 0.141239 0.989874 0.014175 0.141176 0.989933 0.010069 0.140256 -0.951094 -0.275225 0.140182 -0.59951 -0.787995 0.140182 -0.599271 -0.788178 0.142704 0.119486 -0.982527 0.142713 0.121335 -0.982299 0.144596 0.790824 -0.594718 0.144597 0.790635 -0.594969 1 0 0 1 0 0 1 0 0 1 0 0 1 0 0 1 0 0 1 0 0 1 0 0 -1 0 0 -1 0 0 -1 0 0 -1 0 0 -1 0 0 -1 0 0 -1 0 0 -1 0 0 -0.795595 -0.397043 0.457587 -0.796905 -0.402883 0.450143 -0.806507 -0.373017 0.4587 -0.80361 -0.383819 0.454857 -0.82066 -0.327783 0.468055 -0.018589 0.726056 0.687384 -0.001774 0.734602 0.678496 -0.001917 0.73412 0.679017 -0.006859 0.731548 0.681756 -0.002375 0.732778 0.680463 0.014545 0.742053 0.670183 -0.00198 0.738236 0.67454 -0.023626 0.724391 0.688985 -0.009083 0.731731 0.681534 -0.017479 -0.704897 -0.709095 -0.017479 -0.704897 -0.709095 -0.017479 -0.704897 -0.709095 0 -0.732001 -0.681303 -0.908574 0.079507 -0.410087 -0.774202 0.120471 -0.621368 -0.774202 0.120471 -0.621368 -0.850684 0.100055 -0.516068 -0.99927 0.00648 -0.03765 -0.992926 0.022041 -0.116669 -0.999992 -0.001646 0.003624 -0.999992 -0.001646 0.003624 0 -0.597445 0.80191 0 0.504939 0.863155 -0.916294 0.153688 0.369845 0 0.507815 0.861466 -0.939299 0.123706 0.320023 -0.982121 0.019438 0.187246 0 -0.891067 -0.453873 -0.987643 -0.052835 0.147545 -0.855473 0.258624 0.448642 0 0.592075 0.805883 -0.984387 -0.045111 0.170138 0.916294 0.153687 0.369845 0.939299 0.123706 0.320023 0.982121 0.019438 0.187246 0.987643 -0.052835 0.147545 0.855473 0.258623 0.448642 0.984387 -0.045111 0.170138 -0.010132 -0.843022 -0.537783 0 -0.84147 -0.540305 0 -0.840432 -0.541916 0.010132 -0.843022 -0.537783 0 -0.840433 -0.541916 0 0.633239 0.773956 -0.760064 0.426143 0.490616 -0.621608 0.492665 0.609003 0 0.633239 0.773956 -0.82961 0.369839 0.41829 -0.852541 0.352758 0.385664 -0.896899 0.290873 0.333114 -0.911579 0.320946 0.256937 -0.833331 0.373383 0.407608 -0.742305 0.327278 0.584698 -0.820021 0.212158 0.531558 -0.947722 -0.199428 0.2491 -0.711879 0.377118 0.592461 -0.737193 0.474621 0.480918 0 0.524208 0.85159 0 0.524208 0.85159 0.711879 0.377118 0.592461 0.742305 0.327279 0.584698 0.820021 0.212158 0.531558 0.947723 -0.199428 0.249099 0.737192 0.47462 0.480919 0.175423 0.178597 -0.968158 0.023799 0.244164 -0.969442 -0.056217 0.275984 -0.959517 0 0.301019 -0.953618 0 0.301019 -0.953618 0.175423 0.178597 -0.968158 0 0.570024 -0.821628 0 0.721122 -0.692808 0.811561 0.409803 -0.416451 0.894484 0.4471 0.000479 0.935357 0.315401 -0.160091 0.885389 0.078534 -0.458169 0.733263 0.652429 0.191473 -0.003656 0.868671 0.495377 0 0.868676 0.49538 0 0.868676 0.49538 -0.839055 0.311886 0.445774 -0.743837 0.370832 0.556049 -0.74596 0.369723 0.553939 -0.839055 0.311886 0.445774 0 0.544918 0.83849 0 0.544918 0.83849 0.74596 0.369723 0.553939 0.743837 0.370832 0.556048 0.839055 0.311886 0.445773 0.839055 0.311886 0.445773 -0.830805 0.168713 0.530376 -0.725224 0.316613 0.611396 -0.729778 0.31212 0.60828 -0.864222 0.141207 0.482888 0 0.544408 0.838821 -0.646433 0.279407 0.709969 0 0.544408 0.838821 0.725225 0.316613 0.611396 0.729778 0.31212 0.60828 0.864222 0.141207 0.482888 0.830805 0.168713 0.530376 0.646434 0.279407 0.709968 0 -0.77266 -0.63482 0 -0.791276 -0.611459 0.037498 -0.771032 -0.635691 0.000155 -0.77035 -0.637621 0.037881 -0.770815 -0.635931 0.218389 -0.820623 -0.528095 0.218389 -0.820623 -0.528095 0.218389 -0.820623 -0.528095 0.218389 -0.82063 -0.528084 0.018589 0.726055 0.687385 0.001917 0.73412 0.679017 0.001774 0.734602 0.678496 0.006859 0.731548 0.681756 0.002375 0.732778 0.680463 -0.014545 0.742053 0.670183 0.00198 0.738236 0.67454 0.023626 0.72439 0.688986 0.009083 0.731731 0.681533 0.017479 -0.7049 -0.709092 0.00226 -0.728573 -0.684965 -0.037049 -0.770002 -0.636964 -0.037498 -0.771032 -0.635691 0 -0.791276 -0.61146 0 -0.791276 -0.61146 0.908574 0.079507 -0.410087 0.774202 0.120471 -0.621368 0.850684 0.100055 -0.516068 0.774202 0.120471 -0.621368 0.99927 0.006479 -0.03765 0.992926 0.022041 -0.116669 0.999992 -0.001646 0.003624 0.999992 -0.001646 0.003624 0.760064 0.426143 0.490616 0.621608 0.492665 0.609003 0.82961 0.369839 0.41829 0.852541 0.352758 0.385664 0.896899 0.290872 0.333115 0.911579 0.320945 0.256938 0.833331 0.373383 0.407608 -0.175387 0.178594 -0.968165 -0.02378 0.244162 -0.969443 -0.175387 0.178594 -0.968165 0.056225 0.275983 -0.959517 -0.811561 0.409803 -0.41645 -0.894484 0.4471 0.00048 -0.935358 0.3154 -0.160091 -0.885388 0.078529 -0.458172 -0.733271 0.652422 0.191468 0.003656 0.868671 0.495376 0.009083 0.731731 0.681533 0.796946 0.438539 0.415404 0.802715 0.231386 0.549644 0.921052 0.245036 0.302689 0.892797 0.405553 0.196063 0.914919 0.076219 0.396377 0.984204 0.037441 0.173034 0.97093 0.237233 0.031862 -0.9212 -0.244482 -0.302687 -0.9212 -0.244482 -0.302687 -0.9212 -0.244482 -0.302687 -0.9212 -0.244482 -0.302687 -0.9212 -0.244482 -0.302686 -0.9212 -0.244482 -0.302686 0.793834 0.381968 0.473211 0.779316 0.173211 0.602217 0.913191 0.184148 0.363554 0.900765 0.347763 0.260161 0.891443 0.014976 0.452885 0.97209 -0.024213 0.233355 0.979067 0.179162 0.096586 -0.913147 -0.183804 -0.363838 -0.913147 -0.183804 -0.363839 -0.913147 -0.183804 -0.363838 -0.913147 -0.183804 -0.363839 -0.913147 -0.183804 -0.363838 -0.913147 -0.183804 -0.363838 0.806572 0.314532 0.500511 0.779229 0.123394 0.614472 0.906803 0.130864 0.400728 0.907783 0.281496 0.310949 0.877717 -0.02265 0.478644 0.957665 -0.058913 0.281793 0.978288 0.12945 0.161849 -0.906645 -0.130794 -0.401107 -0.906645 -0.130795 -0.401108 -0.906645 -0.130794 -0.401108 -0.906645 -0.130795 -0.401108 -0.906646 -0.130794 -0.401107 -0.906646 -0.130794 -0.401107 0.809868 0.242039 0.534351 0.767202 0.055112 0.639034 0.898467 0.059793 0.434951 0.912276 0.208446 0.352565 0.858115 -0.089435 0.505608 0.940642 -0.124847 0.315605 0.976829 0.060758 0.205217 -0.898239 -0.059847 -0.435414 -0.898238 -0.059848 -0.435415 -0.898239 -0.059847 -0.435414 -0.898238 -0.059848 -0.435415 -0.898239 -0.059846 -0.435413 -0.898239 -0.059846 -0.435413 0.20244 -0.810535 -0.549593 0.235672 -0.496595 -0.835375 0.259965 -0.455272 -0.851555 0.230934 -0.821481 -0.521382 0.108964 -0.101522 -0.988848 0.095472 0.033793 -0.994858 -0.287281 0.599531 -0.747015 -0.318841 0.68366 -0.656467 -0.125107 -0.879648 0.458877 0.023627 -0.907926 0.418464 -0.578446 -0.295921 -0.760152 -0.263179 -0.265454 -0.927508 -0.43967 0.089497 -0.893689 -0.641122 0.369486 -0.672638 -0.869942 -0.273482 -0.410376 -0.671505 0.719432 0.177481 -0.609611 0.755941 0.238596 -0.628996 0.354174 0.692044 -0.557587 0.397298 0.72887 -0.435969 -0.162213 0.885222 -0.48759 -0.021463 0.872809 -0.848979 0.441316 -0.290645 -0.932594 0.327132 0.152489 -0.993502 0.054828 -0.09974 -0.641122 0.369486 -0.672638 -0.754901 0.009564 -0.655769 -0.43967 0.089497 -0.893689 -0.810076 0.088841 -0.579555 -0.848979 0.441316 -0.290645 -0.578446 -0.295921 -0.760152 -0.263179 -0.265454 -0.927508 -0.786617 -0.082126 -0.611955 -0.854292 -0.063618 -0.515886 -0.869942 -0.273482 -0.410376 -0.900509 0.016807 -0.434513 -0.993502 0.054828 -0.09974 -0.870293 0.106531 -0.480876 -0.932594 0.327132 0.152489 0.868408 0.160099 0.469294 0.836182 -0.012204 0.548316 0.958431 -0.009281 0.285172 0.889688 -0.222004 0.39896 0.771986 -0.178853 0.609958 0.64938 -0.017558 0.760261 0.717859 0.197466 0.667597 0.992128 -0.058925 0.110503 0.992128 -0.058925 0.110503 0.992128 -0.058925 0.110503 0.992128 -0.058925 0.110503 0.992128 -0.058925 0.110503 0.216479 0.67121 0.708953 0.216479 0.67121 0.708953 0.216479 0.67121 0.708953 0.216477 0.671203 0.70896 0.731542 -0.440564 0.520336 0.731543 -0.440564 0.520336 0.731543 -0.440564 0.520336 0.731542 -0.440564 0.520336 0.802154 0.578038 0.149735 0.409585 0.906698 -0.100692 0.655758 0.754807 0.015732 0.550758 0.616922 -0.562204 0.155269 0.926752 -0.342086 0.363933 0.774274 -0.517739 0.556823 0.594986 -0.579603 0.565469 0.824283 0.028346 0.802279 0.589641 0.09313 0.579813 0.688475 0.435682 0.327427 0.813171 0.481191 0.32536 0.778998 0.536007 0.460747 0.756282 0.464489 0.265976 0.952008 0.151449 0.488278 0.843116 0.225257 0.468009 0.605852 -0.64336 0.327139 0.874546 -0.357981 0.33668 0.625217 -0.704095 0.482299 0.523179 -0.702617 0.335065 0.748001 -0.57291 0.695362 0.55506 -0.456487 0.569205 0.821902 -0.021993 0.844088 0.535349 0.03028 0.373041 0.796348 0.476099 0.763269 0.613584 0.202324 0.57044 0.652144 0.499306 0.33425 0.733764 0.591496 0.597121 0.721162 0.351243 0.271598 0.962298 0.014719 -0.101517 0.970222 -0.219916 0.025962 0.846938 0.531058 0.089616 0.834172 0.544174 -0.071017 0.994192 -0.08086 0.093581 0.862707 -0.49697 0.208241 0.84775 -0.487808 0.162714 0.928048 -0.335039 0.053989 0.979183 -0.195666 0.046457 0.891013 0.451594 0.137203 0.806164 0.575565 0.102958 0.991486 0.079714 0.016707 0.997023 -0.075279 0.051131 0.900294 -0.432268 0.033506 0.888361 -0.457921 -0.218899 0.969828 0.107319 -0.306591 -0.946881 -0.097043 -0.162717 -0.968609 -0.187935 -0.285075 -0.842872 -0.456398 -0.213633 -0.889494 -0.403931 -0.262549 -0.860919 -0.435759 -0.422466 -0.748012 -0.511859 -0.463046 -0.885895 -0.027903 -0.397176 -0.917203 0.031476 -0.223317 -0.773566 0.593064 -0.378438 -0.714792 0.588096 -0.26807 -0.753246 0.600632 -0.339029 -0.698753 0.629924 -0.295693 -0.853009 0.430048 -0.377074 -0.807113 0.454294 -0.249611 -0.959789 -0.128452 -0.318895 -0.924561 -0.208549 -0.276034 -0.839815 -0.467458 -0.170748 -0.898557 -0.404278 -0.229754 -0.84614 -0.480895 -0.357977 -0.721474 -0.592729 -0.41398 -0.904363 -0.103673 -0.304111 -0.950175 0.068439 -0.344153 -0.844436 0.410471 -0.259116 -0.903193 0.342201 -0.191854 -0.933189 0.303892 -0.407041 -0.787043 0.463551 -0.236925 -0.970634 0.041665 -0.085458 -0.990781 0.105118 -0.558224 -0.807583 -0.190254 -0.393121 -0.665612 -0.634363 -0.328819 -0.747087 -0.577701 -0.375378 -0.922712 -0.087713 -0.433358 -0.815405 0.383816 -0.37987 -0.582722 0.718425 -0.437536 -0.60382 0.666306 -0.655652 -0.74909 -0.09479 -0.52304 -0.651801 -0.549167 -0.451795 -0.691471 -0.563692 -0.465503 -0.885002 0.008863 -0.76577 -0.593604 0.24745 -0.433218 -0.655105 0.619 -0.452383 -0.797945 0.398289 -0.416383 -0.907636 -0.053129 0.106025 0.986594 0.124063 0.288755 0.955603 -0.058682 0.268102 0.963324 -0.01131 0.223214 0.973908 0.040963 0.628887 0.674361 -0.38696 0.476834 0.843237 -0.248155 0.438834 0.800963 -0.407288 0.254326 0.966813 -0.024296 0.036211 0.995427 -0.088391 0.316715 0.947924 -0.033634 0.257334 0.932079 -0.254968 0.062999 0.940041 -0.335193 -0.008248 0.918967 -0.394249 -0.132349 0.91925 0.370762 0.127329 0.954815 0.268544 -0.768685 -0.637498 0.052165 -0.235278 -0.938883 0.251283 -0.490539 -0.841351 0.226934 -0.307875 -0.922654 0.232213 -0.488515 -0.823875 0.287373 0.125272 -0.989844 -0.0672 -0.058406 -0.978768 -0.196472 0.03396 -0.999276 -0.017168 -0.149887 -0.971233 -0.18504 -0.162351 -0.980918 -0.106964 -0.299004 -0.924227 0.237489 -0.261534 -0.8734 0.410819 -0.267919 -0.928193 -0.258219 -0.715918 -0.67893 0.162838 -0.611734 -0.773435 0.166072 -0.476181 -0.855625 0.202873 0.792613 -0.298581 -0.531614 0.796158 -0.27754 0.537684 0.960337 -0.278733 0.007762 0.000947 -0.317353 0.948307 0.001038 -0.320332 -0.947305 0 -0.010652 -0.999943 0 -0.056721 0.99839 0.464281 0.822755 -0.327897 0 0.736387 -0.67656 0.600697 0.721161 -0.345094 0 0.834977 -0.550284 0.59309 0.804694 0.0267 0.631238 0.721624 0.284249 0.293149 0.850274 0.437148 0 0.881106 0.472918 0 0.785336 0.61907 0.842115 0.328541 0.427671 0 0.356486 0.934301 0.827971 0.342722 -0.443853 0 0.35566 -0.934615 0.413468 -0.877653 -0.242423 0 -0.88674 -0.462269 0.397473 -0.877545 -0.268197 0 -0.88674 -0.462269 0.397879 -0.902927 0.162529 0.495647 -0.868024 0.029473 0.253896 -0.892617 0.37252 0 -0.912125 0.409913 0 -0.912125 0.409913 -0.79569 -0.2686 0.542893 -0.792321 -0.289963 -0.536796 -0.964295 -0.264716 0.0078 -0.464281 0.822756 -0.327897 -0.600697 0.721162 -0.345093 -0.59309 0.804694 0.0267 -0.631238 0.721624 0.28425 -0.293149 0.850274 0.437148 -0.842115 0.328541 0.427671 -0.827971 0.342722 -0.443853 -0.413468 -0.877653 -0.242423 -0.397473 -0.877545 -0.268196 -0.397879 -0.902927 0.162531 -0.495647 -0.868024 0.029474 -0.253896 -0.892617 0.372521 0 -0.407666 0.913131 0.715003 -0.299131 0.631895 0.692659 -0.403395 0.59791 0.986694 -0.161139 0.02169 0.997373 -0.059113 0.041866 0 -0.515222 0.857057 0.738577 0.165718 -0.653484 0.733879 0.252894 -0.63045 0 0.315953 -0.948775 0 0.394758 -0.918785 -0.733879 0.252894 -0.630449 -0.738577 0.165718 -0.653485 -0.997373 -0.059113 0.041867 -0.986694 -0.161139 0.02169 -0.715003 -0.299131 0.631896 -0.692659 -0.403395 0.59791 0.140225 -0.913053 -0.382977 0.152032 -0.955588 -0.252462 0.096946 -0.972803 -0.210371 -0.600365 -0.538128 0.591592 0 -0.783872 0.620922 0 -0.976013 -0.217714 0.282777 -0.956517 -0.071494 0.432188 -0.882084 -0.187458 0 -0.999985 -0.005453 -0.282777 -0.956517 -0.071496 -0.140225 -0.913052 -0.38298 -0.152032 -0.955588 -0.252462 -0.096946 -0.972803 -0.21037 0.600364 -0.538127 0.591592 0.293524 -0.879595 -0.374374 0 -0.8609 -0.508774 0.451677 -0.866185 -0.213801 -0.432188 -0.882084 -0.187462 -0.293524 -0.879596 -0.374373 -0.451677 -0.866185 -0.2138 0.319839 0.772494 -0.548595 0.089148 0.996017 -0.001507 0.089136 0.996019 0.000903 0.32467 0.76777 -0.552375 0.771276 0.330136 -0.544191 0.774496 0.326965 -0.541525 0.993991 0.10946 0.000858 0.993989 0.109472 -0.001447 0.769785 0.326734 0.548339 0.77449 0.322133 0.544423 0.316328 0.770975 0.552752 0.319702 0.767654 0.555426 0.766378 0.614844 -0.186098 0.614421 0.766654 -0.186355 0.614463 0.766612 -0.18639 0.538892 0.842374 0.000547 0.766841 0.614381 -0.185716 0.841855 0.539705 -0.000276 0.538889 0.842377 -0.000277 0.841852 0.539708 0.00054 0.615619 0.765985 0.185151 0.615159 0.766443 0.18478 0.766168 0.615579 0.184523 0.76621 0.615538 0.184489 -0.995275 -0.097088 -0.001155 -0.770592 -0.320694 0.550766 -0.770389 -0.320898 0.550932 -0.322676 -0.770364 0.549927 -0.321355 -0.771693 0.548836 -0.100954 -0.994891 0.000682 -0.995276 -0.09708 0.000689 -0.100962 -0.99489 -0.001147 -0.770446 -0.324726 -0.548604 -0.771768 -0.323395 -0.54753 -0.325164 -0.771733 -0.546532 -0.325361 -0.771535 -0.546694 -0.648715 -0.229263 -0.725677 -0.65536 -0.181483 -0.73319 -0.53246 -0.418575 -0.735718 -0.537893 -0.413309 -0.734743 -0.3758 -0.161872 -0.912454 -0.376952 -0.125251 -0.917725 -0.302384 -0.263783 -0.91596 -0.304524 -0.262132 -0.915725 -0.087691 -0.412326 -0.906806 0.785593 0.318232 -0.530633 0.688145 0.486424 -0.538375 0.695895 0.476223 -0.537533 0.420353 0.740628 -0.524188 0.437091 0.149199 -0.886956 0.437608 0.115791 -0.891679 -0.377388 -0.165668 0.911116 -0.380041 -0.130339 0.915741 -0.302386 -0.263784 0.915959 -0.304526 -0.262133 0.915724 -0.087692 -0.412327 0.906806 0.784427 0.321313 0.530502 0.687962 0.486344 0.538682 0.695732 0.476106 0.537847 0.420352 0.740626 0.524193 0.437313 0.151855 0.886396 0.43819 0.118588 0.891025 -0.612829 -0.321723 -0.721758 -0.631092 -0.252604 -0.733427 -0.4651 -0.513947 -0.720792 -0.457455 -0.519421 -0.721759 -0.129099 -0.694396 -0.707918 -0.348286 -0.236104 -0.907167 -0.359252 -0.177882 -0.916131 -0.25423 -0.335661 -0.907027 -0.266931 -0.329103 -0.905781 -0.078058 -0.417187 -0.905462 0.673008 0.548576 -0.496109 0.569279 0.652584 -0.500056 0.58325 0.642517 -0.496983 0.424152 0.740067 -0.521916 0.40065 0.255331 -0.879935 0.413016 0.19743 -0.889067 -0.613177 -0.323496 0.72067 -0.63225 -0.253802 0.732014 -0.457453 -0.519419 0.721762 -0.465098 -0.513945 0.720795 -0.129099 -0.694393 0.707921 -0.348191 -0.238849 0.906484 -0.359788 -0.180265 0.915455 -0.254229 -0.33566 0.907028 -0.26693 -0.329101 0.905782 -0.078057 -0.417187 0.905462 0.669681 0.55558 0.492807 0.569411 0.652779 0.49965 0.583348 0.642765 0.496547 0.424152 0.740064 0.521919 0.400448 0.260426 0.878533 0.413813 0.207315 0.886442 -0.561342 -0.400856 -0.724024 -0.571449 -0.377337 -0.728741 -0.397884 -0.542174 -0.740092 -0.407773 -0.536668 -0.738721 0.092419 -0.709762 -0.698353 -0.322671 -0.253136 -0.912034 -0.32703 -0.237751 -0.914618 -0.225169 -0.324642 -0.918644 -0.224643 -0.324876 -0.91869 0.061895 -0.432416 -0.899547 0.719208 0.462936 -0.518102 0.575504 0.616964 -0.536797 0.583602 0.610151 -0.53584 0.136258 0.847797 -0.512518 0.395987 0.236453 -0.88729 0.398864 0.220309 -0.890153 -0.561739 -0.402269 0.722931 -0.573117 -0.3769 0.727656 -0.407774 -0.53667 0.738719 -0.397885 -0.542175 0.74009 0.09242 -0.709765 0.698349 -0.322407 -0.254451 0.911761 -0.327526 -0.23664 0.914729 -0.225168 -0.324642 0.918644 -0.224642 -0.324877 0.91869 0.061897 -0.43242 0.899545 0.716257 0.472047 0.513954 0.576697 0.617552 0.534836 0.584587 0.610938 0.533866 0.136258 0.847795 0.51252 0.394408 0.246236 0.885331 0.396871 0.233634 0.887642 -0.659794 -0.25479 -0.706933 -0.670302 -0.205572 -0.713046 -0.502495 -0.460185 -0.731935 -0.518679 -0.446889 -0.728878 -0.385945 -0.180125 -0.904766 -0.389469 -0.141962 -0.910034 -0.288629 -0.284414 -0.914222 -0.282955 -0.288041 -0.91486 -0.030875 -0.429109 -0.902725 0.801128 0.338324 -0.49369 0.664896 0.531429 -0.524878 0.670281 0.525431 -0.524067 0.314346 0.796713 -0.516173 0.45555 0.167356 -0.874337 0.45906 0.142567 -0.876892 -0.659538 -0.255181 0.70703 -0.669566 -0.207999 0.713034 -0.51868 -0.44689 0.728876 -0.502496 -0.460186 0.731934 -0.387256 -0.181513 0.903928 -0.391742 -0.146761 0.908295 -0.28863 -0.284415 0.914222 -0.282955 -0.288042 0.91486 -0.030875 -0.429108 0.902725 0.801962 0.331605 0.496885 0.66354 0.531109 0.526914 0.669196 0.524783 0.526098 0.314346 0.796712 0.516175 0.4549 0.160812 0.875903 0.457371 0.128045 0.880009 -0.319838 0.772493 -0.548596 -0.089148 0.996017 -0.001507 -0.324669 0.767769 -0.552377 -0.771275 0.330136 -0.544193 -0.089136 0.996019 0.000903 -0.774495 0.326964 -0.541527 -0.993991 0.109461 0.000858 -0.993989 0.109472 -0.001447 -0.769785 0.326734 0.548339 -0.77449 0.322134 0.544422 -0.316328 0.770975 0.552752 -0.319702 0.767653 0.555426 -0.766378 0.614844 -0.186098 -0.61442 0.766654 -0.186356 -0.766841 0.614381 -0.185717 -0.841855 0.539705 -0.000275 -0.614463 0.766612 -0.18639 -0.538892 0.842375 0.000547 -0.538889 0.842377 -0.000277 -0.841852 0.539708 0.000541 -0.615619 0.765985 0.185151 -0.615159 0.766444 0.184779 -0.766168 0.615579 0.184523 -0.766209 0.615538 0.184489 0.995275 -0.097088 -0.001155 0.770592 -0.320694 0.550766 0.995276 -0.097081 0.000689 0.770389 -0.320898 0.550931 0.322676 -0.770364 0.549927 0.321355 -0.771693 0.548836 0.100954 -0.994891 0.000682 0.100962 -0.99489 -0.001147 0.770445 -0.324726 -0.548604 0.771768 -0.323395 -0.54753 0.325164 -0.771733 -0.546532 0.325361 -0.771535 -0.546694 0.648715 -0.229263 -0.725677 0.65536 -0.181483 -0.73319 0.53246 -0.418575 -0.735719 0.537893 -0.413308 -0.734743 0.375802 -0.161872 -0.912453 0.376952 -0.12525 -0.917725 0.302387 -0.263784 -0.915959 0.304526 -0.262133 -0.915724 0.087692 -0.412331 -0.906804 -0.785592 0.318232 -0.530635 -0.688144 0.486423 -0.538377 -0.695894 0.476222 -0.537535 -0.420352 0.740626 -0.524193 -0.437089 0.149198 -0.886957 -0.437606 0.11579 -0.89168 0.37739 -0.165669 0.911115 0.380042 -0.130339 0.91574 0.302389 -0.263786 0.915957 0.304528 -0.262136 0.915723 0.087694 -0.412334 0.906802 -0.784428 0.321313 0.530501 -0.687963 0.486344 0.53868 -0.695733 0.476107 0.537846 -0.420353 0.740628 0.524188 -0.437311 0.151855 0.886397 -0.438188 0.118588 0.891026 0.612829 -0.321721 -0.721759 0.631091 -0.252606 -0.733426 0.465098 -0.513942 -0.720796 0.457453 -0.519417 -0.721764 0.129098 -0.694389 -0.707925 0.348284 -0.236103 -0.907168 0.359251 -0.177881 -0.916132 0.254229 -0.33566 -0.907028 0.266929 -0.329101 -0.905782 0.078058 -0.417187 -0.905462 -0.673009 0.548575 -0.49611 -0.569282 0.652581 -0.500056 -0.58325 0.642515 -0.496984 -0.424157 0.740065 -0.521914 -0.40065 0.25533 -0.879936 -0.413015 0.197429 -0.889067 0.613176 -0.323494 0.720671 0.63225 -0.253804 0.732014 0.457451 -0.519417 0.721765 0.465097 -0.513942 0.720797 0.129098 -0.694389 0.707925 0.348193 -0.238851 0.906483 0.35979 -0.180266 0.915454 0.254231 -0.335661 0.907027 0.266931 -0.329102 0.905781 0.078057 -0.417187 0.905462 -0.669681 0.55558 0.492807 -0.569412 0.652778 0.49965 -0.583347 0.642765 0.496547 -0.424155 0.740063 0.521918 -0.400449 0.260426 0.878532 -0.413814 0.207314 0.886442 0.561342 -0.400855 -0.724024 0.571449 -0.377336 -0.728741 0.397884 -0.542174 -0.740091 0.407773 -0.536669 -0.73872 -0.09242 -0.709765 -0.698349 0.322669 -0.253135 -0.912035 0.327029 -0.237751 -0.914618 0.225168 -0.324642 -0.918644 0.224642 -0.324876 -0.91869 -0.061896 -0.43242 -0.899545 -0.71921 0.462936 -0.5181 -0.575505 0.616964 -0.536796 -0.583603 0.610151 -0.535839 -0.136258 0.847795 -0.51252 -0.395986 0.236452 -0.887291 -0.398862 0.220309 -0.890154 0.561738 -0.402268 0.722932 0.573117 -0.3769 0.727657 0.407773 -0.536668 0.738721 0.397884 -0.542173 0.740092 -0.092419 -0.709762 0.698353 0.322408 -0.254452 0.911761 0.327527 -0.236641 0.914728 0.225169 -0.324642 0.918644 0.224643 -0.324876 0.91869 -0.061896 -0.432416 0.899547 -0.71626 0.472048 0.513947 -0.576701 0.617553 0.534831 -0.58459 0.610939 0.533861 -0.136258 0.847795 0.512521 -0.394406 0.246235 0.885332 -0.396869 0.233634 0.887643 0.659796 -0.25479 -0.706931 0.670304 -0.205573 -0.713044 0.502496 -0.460185 -0.731934 0.51868 -0.446889 -0.728877 0.385945 -0.180125 -0.904766 0.389469 -0.141962 -0.910033 0.288629 -0.284414 -0.914222 0.282955 -0.288041 -0.91486 0.030875 -0.429108 -0.902726 -0.801128 0.338325 -0.49369 -0.664896 0.531429 -0.524878 -0.67028 0.525432 -0.524067 -0.314346 0.796713 -0.516174 -0.455549 0.167357 -0.874338 -0.459058 0.142567 -0.876893 0.659538 -0.25518 0.707031 0.669567 -0.207999 0.713033 0.518679 -0.446889 0.728877 0.502495 -0.460185 0.731935 0.387256 -0.181512 0.903928 0.391742 -0.146761 0.908295 0.288629 -0.284415 0.914222 0.282955 -0.288042 0.91486 0.030875 -0.429109 0.902725 -0.801962 0.331607 0.496884 -0.66354 0.531111 0.526913 -0.669195 0.524786 0.526097 -0.314346 0.796713 0.516173 -0.4549 0.160812 0.875903 -0.457371 0.128045 0.880009 0 -0.72871 0.684823 0 -0.995465 -0.095133 0 -0.995465 -0.095133 0 -0.726906 0.686737 -0.107249 -0.879858 -0.462978 -0.244721 -0.850079 -0.466344 0.920918 -0.233563 -0.312025 0.954578 -0.229989 -0.189437 0.917846 -0.233677 -0.320865 0.954578 -0.229989 -0.189437 0.890893 -0.233859 -0.389383 0.890893 -0.233859 -0.389383 0 -0.726906 0.686737 0 0 1 0 0 1 0 -0.72871 0.684823 0.899607 0.194593 -0.390949 0.899607 0.194593 -0.390949 0.899607 0.194593 -0.390949 0.997433 0.049237 -0.051988 0.983388 -0.036357 -0.177836 0.986625 0.160193 0.030162 0.960931 0.245326 0.128169 0.914033 0.36443 0.178144 0.905196 0.38225 0.185755 0.708056 0.649878 0.276251 0.660203 0.693315 0.288871 0.000041 0.930927 0.365207 0.000048 0.930927 0.365207 0.977956 0.020601 0.207792 0.977956 0.020601 0.207792 0.966216 0.089795 -0.241587 0.924376 -0.008613 -0.381386 0.866645 0.081455 -0.492232 0 0.215892 -0.976417 0.961061 0.26558 -0.076355 0.945158 0.324976 -0.032673 0.748257 0.436832 -0.499289 0.810169 0.454202 0.370576 0.838512 0.438092 0.323995 0.376084 0.527703 0.761637 0 0.737222 -0.67565 0 -0.995465 -0.095133 0 -0.726906 0.686737 -0.920917 -0.233563 -0.312025 -0.954578 -0.229989 -0.189437 -0.954578 -0.229989 -0.189437 -0.917846 -0.233677 -0.320865 -0.890893 -0.233859 -0.389383 -0.890893 -0.233859 -0.389383 0 -0.726906 0.686737 0 0 1 -0.899607 0.194593 -0.390949 -0.899607 0.194593 -0.390949 -0.899607 0.194593 -0.390949 -0.997433 0.049238 -0.051988 -0.986625 0.160194 0.030162 -0.983388 -0.036355 -0.177837 -0.960931 0.245326 0.128169 -0.914038 0.364423 0.178131 -0.905204 0.382239 0.185738 -0.708067 0.649881 0.276217 -0.660193 0.693338 0.28884 -0.977956 0.020601 0.207793 -0.977956 0.020601 0.207793 -0.966216 0.089795 -0.241587 -0.961061 0.265579 -0.076354 -0.866645 0.081455 -0.492232 -0.945158 0.324975 -0.032672 -0.748257 0.436832 -0.499289 -0.810169 0.454201 0.370577 -0.838512 0.438091 0.323995 -0.376084 0.527703 0.761637 -0.924376 -0.008613 -0.381386 -0.335459 0.667139 0.665126 -0.354152 0.68552 0.636112 -0.485005 -0.874441 0.011062 -0.361236 -0.884646 0.294804 0 -0.468148 0.88365 0 -0.897115 0.441797 -0.363115 -0.891404 -0.271196 -0.338385 -0.893609 -0.294888 0 -0.907547 -0.41995 0 -0.907547 -0.41995 0 0.687631 0.726061 0.335459 0.667139 0.665126 0.354152 0.68552 0.636112 0.33668 -0.88616 0.318381 0.361237 -0.884646 0.294804 0.485003 -0.874431 0.011948 0.485006 -0.874441 0.011062 0.338385 -0.893609 -0.294888 0.363115 -0.891403 -0.271196 -0.315661 0.542784 0.778295 -0.315661 0.542784 0.778295 1 -0.000001 0 1 -0.000001 0 1 -0.000001 0 0 0.76902 -0.639225 0.171746 0.757593 -0.629727 0.171746 0.757593 -0.629727 0 0.76902 -0.639225 -0.171746 0.757593 -0.629727 -0.171746 0.757593 -0.629727 -1 -0.000001 0 -1 -0.000001 0 -1 -0.000001 0 -0.105287 0.50092 -0.859066 -0.06226 -0.179798 -0.981731 -0.075269 0.363398 -0.928588 -0.218532 0.971337 0.093527 -0.218532 0.971337 0.093528 -0.081621 -0.280384 -0.956411 -0.186789 -0.955892 -0.226671 -0.186789 -0.955893 -0.22667 -0.07985 0.31657 0.945202 -0.048659 0.180828 0.98231 -0.040686 -0.366573 0.929499 -0.064451 -0.48869 0.870074 -0.999826 0.009831 -0.015888 -0.993085 0.01886 -0.11587 -0.99996 0.00862 -0.002559 -0.993085 0.01886 -0.11587 -0.991861 -0.003246 0.127284 -0.991861 -0.003246 0.127284 0.993065 -0.024012 0.115086 0.999908 -0.013455 0.001878 0.993065 -0.024012 0.115086 0.999786 -0.014649 0.014591 0.991765 -0.001125 -0.128063 0.991765 -0.001125 -0.128063 0.105287 0.500921 -0.859065 0.06226 -0.179799 -0.981731 0.081621 -0.280385 -0.956411 0.186788 -0.955892 -0.226671 0.186788 -0.955893 -0.226671 0.07527 0.363399 -0.928588 0.218532 0.971337 0.093529 0.218532 0.971337 0.093529 0.07985 0.31657 0.945202 0.048659 0.180828 0.98231 0.040686 -0.366574 0.929499 0.064451 -0.488691 0.870073 0.999826 0.009831 -0.015888 0.993085 0.01886 -0.11587 0.993085 0.01886 -0.11587 0.99996 0.00862 -0.002559 0.991861 -0.003246 0.127283 0.991861 -0.003246 0.127283 -0.993065 -0.024012 0.115086 -0.999908 -0.013455 0.001878 -0.999786 -0.014649 0.014591 -0.993065 -0.024012 0.115086 -0.991765 -0.001125 -0.128063 -0.991765 -0.001125 -0.128063 -0.925726 -0.001479 -0.378192 0 -0.3285 -0.944504 0 -0.031202 -0.999513 -0.931805 -0.104818 -0.347496 0 -0.031202 -0.999513 0.931804 -0.104818 -0.347497 0.925726 -0.001479 -0.378193 0 -0.3285 -0.944504 0.88215 0.069375 0.46583 0.854816 -0.016852 0.518657 0 0.155149 0.987891 0 -0.038767 0.999248 -0.88215 0.069375 0.46583 -0.854817 -0.016852 0.518657 -0.931805 -0.104818 -0.347496 -0.925726 -0.001479 -0.378192 -0.931805 -0.104818 -0.347496 0 -0.3285 -0.944504 -0.88215 0.069375 0.46583 0 0.155149 0.987891 0.931804 -0.104818 -0.347497 0.88215 0.069375 0.46583 0.924762 0.376643 -0.05436 0.96203 -0.254249 -0.099275 0.96304 0.266611 -0.038372 0 0.98966 -0.143432 0 0.98966 -0.143432 0.901469 -0.403275 -0.157236 0 -0.931884 -0.362755 0 -0.931884 -0.362755 -0.079627 0.066315 -0.994617 0 0.066526 -0.997785 0 0.066526 -0.997785 -0.079627 0.066315 -0.994617 0 -0.064191 0.997938 0.296045 0.039831 0.954343 0 0.109011 0.994041 0.263657 -0.177324 0.948178 0 -0.262576 0.964911 -0.901469 -0.403275 -0.157236 -0.96203 -0.254249 -0.099275 -0.924762 0.376643 -0.05436 -0.96304 0.266612 -0.038372 0.079627 0.066315 -0.994617 0.079627 0.066315 -0.994617 -0.296045 0.039831 0.954343 -0.263657 -0.177324 0.948178 0 -0.72871 0.684823 0 -0.995465 -0.095133 0 -0.726906 0.686737 0 -0.995465 -0.095133 0.107249 -0.879858 -0.462978 0.244721 -0.850079 -0.466344 -0.920918 -0.233563 -0.312025 -0.954578 -0.229989 -0.189437 -0.954578 -0.229989 -0.189437 -0.917846 -0.233677 -0.320865 -0.890893 -0.233859 -0.389383 -0.890893 -0.233859 -0.389383 0 -0.726906 0.686737 0 0 1 0 -0.72871 0.684823 0 0 1 -0.899607 0.194593 -0.390949 -0.899607 0.194593 -0.390949 -0.899607 0.194593 -0.390949 -0.997433 0.049237 -0.051988 -0.986625 0.160193 0.030162 -0.983388 -0.036357 -0.177836 -0.960931 0.245326 0.128169 -0.914033 0.36443 0.178144 -0.905196 0.38225 0.185755 -0.708056 0.649878 0.276251 -0.660203 0.693315 0.288871 -0.000041 0.930926 0.365207 -0.000048 0.930926 0.365207 -0.977956 0.020602 0.207792 -0.977956 0.020602 0.207792 -0.966216 0.089795 -0.241587 -0.866645 0.081455 -0.492232 -0.924376 -0.008613 -0.381386 0 0.215892 -0.976417 -0.961061 0.26558 -0.076355 -0.945158 0.324976 -0.032672 -0.748257 0.436832 -0.499289 -0.810169 0.454202 0.370576 -0.838512 0.438092 0.323995 -0.376084 0.527703 0.761637 0 0.737223 -0.67565 0 -0.995465 -0.095133 0 -0.726906 0.686737 0.920917 -0.233562 -0.312025 0.954578 -0.229989 -0.189437 0.917846 -0.233676 -0.320865 0.954578 -0.229989 -0.189437 0.890893 -0.233859 -0.389383 0.890893 -0.233859 -0.389383 0 -0.726906 0.686737 0 0 1 0.899607 0.194593 -0.390949 0.899607 0.194593 -0.390949 0.899607 0.194593 -0.390949 0.997433 0.049238 -0.051988 0.983388 -0.036355 -0.177837 0.986625 0.160194 0.030162 0.960931 0.245326 0.128169 0.914038 0.364423 0.178131 0.905204 0.382239 0.185738 0.708067 0.649881 0.276217 0.660193 0.693338 0.28884 0.977956 0.020601 0.207793 0.977956 0.020601 0.207793 0.966216 0.089795 -0.241587 0.866645 0.081455 -0.492232 0.961061 0.265579 -0.076354 0.945158 0.324975 -0.032672 0.748257 0.436831 -0.499289 0.810169 0.454201 0.370577 0.838512 0.438091 0.323995 0.376084 0.527702 0.761637 0.924376 -0.008613 -0.381386 0.335459 0.667139 0.665126 0.354152 0.68552 0.636112 0.485005 -0.874441 0.011062 0.361236 -0.884646 0.294804 0 -0.468148 0.88365 0 -0.897115 0.441797 0.363115 -0.891404 -0.271196 0.338385 -0.893609 -0.294888 0 -0.907547 -0.41995 0 -0.907547 -0.41995 0 0.687631 0.726061 -0.335459 0.667139 0.665126 -0.354152 0.68552 0.636112 -0.33668 -0.886161 0.318381 -0.361237 -0.884646 0.294804 -0.485003 -0.874431 0.011948 -0.485006 -0.874441 0.011062 -0.338385 -0.893609 -0.294888 -0.363115 -0.891403 -0.271196 0.315661 0.542784 0.778295 0.315661 0.542784 0.778295 -1 0 0 -1 0 0 -1 0 0 0 0.76902 -0.639225 -0.171746 0.757593 -0.629727 0 0.76902 -0.639225 -0.171746 0.757593 -0.629727 0.171746 0.757593 -0.629727 0.171746 0.757593 -0.629727 1 -0.000002 0 1 -0.000002 0 1 -0.000002 0 0.105287 0.50092 -0.859065 0.06226 -0.179798 -0.981731 0.081621 -0.280384 -0.956411 0.186789 -0.955892 -0.226672 0.186789 -0.955892 -0.226671 0.07527 0.363398 -0.928588 0.218532 0.971337 0.093528 0.218532 0.971337 0.093529 0.07985 0.31657 0.945202 0.048659 0.180829 0.98231 0.040686 -0.366574 0.929499 0.064451 -0.48869 0.870073 0.999826 0.009831 -0.015888 0.993085 0.01886 -0.11587 0.993085 0.01886 -0.11587 0.99996 0.00862 -0.002559 0.991861 -0.003246 0.127284 0.991861 -0.003246 0.127284 -0.993065 -0.024012 0.115086 -0.999908 -0.013455 0.001878 -0.999786 -0.014649 0.014591 -0.993065 -0.024012 0.115086 -0.991765 -0.001125 -0.128063 -0.991765 -0.001125 -0.128063 -0.105287 0.500921 -0.859065 -0.06226 -0.179799 -0.981731 -0.075269 0.363399 -0.928588 -0.218532 0.971337 0.093527 -0.218532 0.971337 0.093528 -0.081621 -0.280385 -0.956411 -0.186788 -0.955893 -0.226671 -0.186788 -0.955893 -0.22667 -0.07985 0.31657 0.945202 -0.048659 0.180829 0.98231 -0.040686 -0.366574 0.929499 -0.064451 -0.488691 0.870073 -0.999826 0.00983 -0.015888 -0.993085 0.01886 -0.11587 -0.99996 0.00862 -0.002559 -0.993085 0.01886 -0.11587 -0.991861 -0.003246 0.127283 -0.991861 -0.003246 0.127283 0.993065 -0.024012 0.115086 0.999908 -0.013455 0.001878 0.993065 -0.024012 0.115086 0.999786 -0.014649 0.014591 0.991765 -0.001124 -0.128063 0.991765 -0.001124 -0.128063 0.925726 -0.001479 -0.378192 0 -0.3285 -0.944504 0.931805 -0.104818 -0.347496 0 -0.031202 -0.999513 0.854817 -0.016852 0.518657 0.88215 0.069375 0.46583 0 -0.038767 0.999248 0 0.155149 0.987891 -0.931804 -0.104818 -0.347497 -0.925725 -0.001479 -0.378194 -0.88215 0.069375 0.46583 -0.854816 -0.016852 0.518657 0.931805 -0.104818 -0.347496 0 -0.3285 -0.944504 0.88215 0.069375 0.46583 0 0.155149 0.987891 -0.931804 -0.104818 -0.347497 -0.88215 0.069375 0.46583 -0.924762 0.376643 -0.05436 -0.96203 -0.254249 -0.099275 -0.901469 -0.403275 -0.157236 0 -0.931884 -0.362755 0 -0.931884 -0.362755 -0.96304 0.266612 -0.038372 0 0.98966 -0.143432 0 0.98966 -0.143432 0.079627 0.066315 -0.994617 0 0.066526 -0.997785 0.079627 0.066315 -0.994617 0 0.066526 -0.997785 0 -0.064191 0.997938 0 0.109011 0.994041 -0.296045 0.039831 0.954343 -0.263657 -0.177324 0.948178 0 -0.262576 0.964911 0.924762 0.376643 -0.05436 0.96203 -0.254249 -0.099275 0.96304 0.266611 -0.038372 0.901469 -0.403275 -0.157236 -0.079627 0.066315 -0.994617 -0.079627 0.066315 -0.994617 0.296045 0.039831 0.954343 0.263657 -0.177324 0.948178</float_array>
          <technique_common>
            <accessor source="#GeometrySource9-array" count="7997" stride="3">
              <param name="X" type="float"/>
              <param name="Y" type="float"/>
              <param name="Z" type="float"/>
            </accessor>
          </technique_common>
        </source>
        <source id="GeometrySource10" name="chr745UV">
          <float_array id="GeometrySource10-array" count="15994">0.115175 0.416725 0.115175 0.418778 0.147923 0.415996 0.147923 0.418776 0.115175 0.418778 0.115175 0.416725 0.115175 0.348756 0.115175 0.348756 0.115175 0.418778 0.115175 0.348756 0.147923 0.418776 0.147923 0.348754 0.15807 0.348754 0.147923 0.415996 0.15807 0.348754 0.147923 0.418776 0.115175 0.416725 0.147923 0.415996 0.115175 0.348756 0.147923 0.348754 0.147923 0.348754 0.147923 0.415996 0.115175 0.348756 0.115175 0.416725 0.147923 0.348754 0.115175 0.348756 0.147923 0.418776 0.115175 0.418778 0.15807 0.348754 0.15807 0.348754 0.147923 0.415996 0.147923 0.418776 0.115175 0.418778 0.115175 0.348756 0.115175 0.416725 0.115175 0.348756 0.115175 0.416725 0.147923 0.415996 0.115175 0.418778 0.147923 0.418776 0.115175 0.348756 0.115175 0.418778 0.147923 0.348754 0.147923 0.418776 0.115175 0.418778 0.115175 0.416865 0.147923 0.418776 0.147923 0.417324 0.147923 0.348754 0.147923 0.418776 0.157369 0.348754 0.147923 0.417324 0.115175 0.348756 0.115175 0.348756 0.115175 0.418778 0.115175 0.416865 0.147923 0.417324 0.115175 0.416865 0.157369 0.348754 0.115175 0.348756 0.147923 0.418776 0.115175 0.418778 0.147923 0.348754 0.115175 0.348756 0.115175 0.418778 0.147923 0.418776 0.115175 0.416865 0.147923 0.417324 0.147923 0.348754 0.157369 0.348754 0.147923 0.418776 0.147923 0.417324 0.115175 0.348756 0.115175 0.418778 0.115175 0.348756 0.115175 0.416865 0.147923 0.417324 0.157369 0.348754 0.115175 0.416865 0.115175 0.348756 0.947627 0.676623 0.928585 0.694105 0.943387 0.6753 0.951204 0.320435 0.972038 0.357634 0.951204 0.357723 0.966127 0.320746 0.951204 0.266743 0.93628 0.320746 0.926767 0.357634 0.939148 0.673978 0.951204 0.655141 0.93628 0.320746 0.951204 0.320746 0.951204 0.266743 0.966127 0.320746 0.972038 0.357634 0.949403 0.357634 0.943388 0.6753 0.960338 0.655141 0.951204 0.655141 0.947627 0.676623 0.928585 0.694105 0.939148 0.673978 0.942069 0.655141 0.947627 0.676623 0.928585 0.694105 0.943387 0.6753 0.960338 0.655141 0.951204 0.655141 0.964828 0.636542 0.951204 0.636542 0.951925 0.617934 0.971578 0.562253 0.951204 0.580903 0.951204 0.562253 0.951204 0.488005 0.981526 0.515837 0.951204 0.515837 0.997458 0.488004 0.97834 0.469349 0.972564 0.394841 0.951204 0.413495 0.951204 0.394888 0.972038 0.357634 0.951204 0.266743 0.966127 0.320746 0.951204 0.320435 0.920571 0.394841 0.951204 0.357723 0.921289 0.413467 0.923835 0.469349 0.951204 0.469352 0.916096 0.488004 0.924431 0.543669 0.951204 0.543669 0.914891 0.562253 0.941413 0.580903 0.931673 0.636542 0.930266 0.617934 0.942069 0.655141 0.939148 0.673978 0.951204 0.266743 0.951204 0.320746 0.966127 0.320746 0.946568 0.394841 0.972038 0.357634 0.949403 0.357634 0.972564 0.394841 0.955988 0.413467 0.990687 0.413467 0.997458 0.488004 0.956777 0.488004 0.981526 0.515837 0.971578 0.562253 0.955102 0.543669 0.943235 0.562253 0.954444 0.580903 0.967474 0.580903 0.951204 0.655141 0.964828 0.636542 0.94825 0.636542 0.960338 0.655141 0.943388 0.6753 0.947627 0.676623 0.928585 0.694105 0.939148 0.673978 0.924431 0.543669 0.914891 0.562253 0.931673 0.636542 0.92772 0.617934 0.903515 0.617934 0.916096 0.488004 0.945877 0.51506 0.923835 0.469349 0.920571 0.394841 0.926767 0.357634 0.942069 0.655141 0.460805 0.883583 0.444407 0.917672 0.440564 0.881744 0.45993 0.916423 0.460139 0.938577 0.445973 0.938577 0.444863 0.961894 0.460576 0.962372 0.459139 0.995349 0.437342 0.996557 0.476698 0.917097 0.480646 0.885305 0.49376 0.919572 0.492676 0.938577 0.475392 0.938577 0.493454 0.957848 0.475796 0.953465 0.476541 0.969899 0.498152 0.987999 0.478997 0.994836 0.517391 0.938577 0.498429 0.891031 0.426086 0.916421 0.422467 0.884576 0.427015 0.938577 0.426564 0.955575 0.425729 0.97236 0.422883 0.994214 0.444407 0.917672 0.45993 0.916423 0.460139 0.938577 0.445973 0.938577 0.444863 0.961894 0.460576 0.962372 0.476698 0.917097 0.49376 0.919572 0.492676 0.938577 0.475392 0.938577 0.493454 0.957848 0.475796 0.953465 0.476541 0.969899 0.426086 0.916421 0.427015 0.938577 0.426564 0.955575 0.425729 0.97236 0.590493 0.76983 0.618501 0.804147 0.590493 0.804147 0.618501 0.76983 0.551824 0.76983 0.551824 0.804147 0.512569 0.76983 0.512569 0.804147 0.484025 0.76983 0.484025 0.804147 0.590493 0.76983 0.590493 0.804147 0.551824 0.76983 0.551824 0.804147 0.512569 0.76983 0.512569 0.804147 0.596607 0.927562 0.596769 0.913061 0.577664 0.912028 0.62021 0.938533 0.623083 0.926497 0.650129 0.95597 0.618595 0.949881 0.571884 0.924568 0.545756 0.936133 0.547195 0.924568 0.571601 0.937013 0.54716 0.94754 0.528439 0.94684 0.528439 0.936133 0.528439 0.924568 0.573999 0.951067 0.595579 0.939 0.580509 0.991388 0.597054 0.948427 0.597973 0.958533 0.618566 0.964824 0.644047 0.975307 0.670806 0.989888 0.65283 0.92408 0.626398 0.917957 0.647359 0.901603 0.670806 0.903935 0.647359 0.901603 0.623083 0.926497 0.626398 0.917957 0.65283 0.92408 0.596607 0.927562 0.577664 0.912028 0.596769 0.913061 0.62021 0.938533 0.650129 0.95597 0.607825 0.949154 0.547195 0.924568 0.571884 0.924568 0.571601 0.937013 0.573999 0.951067 0.595579 0.939 0.54716 0.94754 0.545756 0.936133 0.608269 0.961679 0.644047 0.975307 0.005734 0.732749 0.038836 0.764133 0.021972 0.732749 0.005734 0.768265 0.037684 0.725518 0.06143 0.730518 0.074819 0.750904 0.076943 0.784947 0.037546 0.793801 0.005734 0.81818 0.061032 0.826425 0.02831 0.819318 0.027606 0.847289 0.005734 0.850117 0.056456 0.8504 0.036332 0.872849 0.005734 0.869077 0.023568 0.89875 0.05983 0.882554 0.064974 0.908666 0.04644 0.896777 0.045393 0.936178 0.07748 0.944273 0.048539 0.961475 0.005734 0.899628 0.005734 0.939039 0.005734 0.958058 0.005734 0.973162 0.050216 0.986356 0.005734 0.984807 0.005734 0.996873 0.051317 0.996873 0.078285 0.990477 0.088664 0.96978 0.213035 0.721164 0.22081 0.707592 0.191409 0.707592 0.185451 0.68437 0.164576 0.695152 0.136519 0.689016 0.12975 0.673206 0.106444 0.683125 0.079515 0.661005 0.068329 0.677712 0.047046 0.646463 0.006422 0.67438 0.006422 0.657339 0.021703 0.6455 0.006422 0.64492 0.006422 0.629956 0.019032 0.621512 0.006422 0.613614 0.046063 0.701923 0.006422 0.67438 0.028389 0.713431 0.068329 0.677712 0.006422 0.713431 0.076225 0.701923 0.063736 0.690415 0.105402 0.80638 0.097895 0.868159 0.119027 0.870636 0.086656 0.862845 0.090295 0.792312 0.082771 0.804701 0.094321 0.809883 0.086896 0.795422 0.077846 0.813756 0.071349 0.827332 0.068176 0.843472 0.075808 0.853441 0.079829 0.856032 0.037684 0.725518 0.021972 0.726842 0.021972 0.732749 0.034706 0.720835 0.005734 0.726842 0.005734 0.732749 0.18478 0.847405 0.188469 0.865131 0.212265 0.837177 0.166351 0.856485 0.165423 0.871187 0.163111 0.838999 0.145298 0.846134 0.13611 0.859792 0.121168 0.838011 0.159292 0.826285 0.178419 0.826157 0.197526 0.832789 0.20051 0.810922 0.218933 0.80638 0.205462 0.773353 0.192473 0.784878 0.176328 0.765087 0.186145 0.753717 0.153902 0.74916 0.156209 0.780708 0.136866 0.761321 0.164595 0.73795 0.127127 0.732568 0.141575 0.721359 0.111936 0.701668 0.104106 0.712217 0.110634 0.727925 0.121515 0.754103 0.134712 0.787986 0.121712 0.792334 0.1374 0.825266 0.153738 0.808574 0.172192 0.789595 0.176245 0.808152 0.225295 0.720856 0.22081 0.707592 0.213035 0.721164 0.044627 0.722322 0.034706 0.720835 0.037684 0.725518 0.040334 0.718181 0.116517 0.710244 0.106432 0.711868 0.110726 0.716009 0.038836 0.764133 0.021972 0.732749 0.037546 0.793801 0.076943 0.784947 0.074819 0.750904 0.06143 0.730518 0.061032 0.826425 0.02831 0.819318 0.027606 0.847289 0.056456 0.8504 0.036332 0.872849 0.023568 0.89875 0.05983 0.882554 0.064974 0.908666 0.04644 0.896777 0.045393 0.936178 0.07748 0.944273 0.048539 0.961475 0.050216 0.986356 0.051317 0.996873 0.078285 0.990477 0.088664 0.96978 0.213035 0.721164 0.191409 0.707592 0.22081 0.707592 0.185451 0.68437 0.164576 0.695152 0.136519 0.689016 0.12975 0.673206 0.106444 0.683125 0.079515 0.661005 0.068329 0.677712 0.047046 0.646463 0.019032 0.621512 0.063736 0.690415 0.046063 0.701923 0.076225 0.701923 0.028389 0.713431 0.068329 0.677712 0.097895 0.868159 0.086656 0.862845 0.082771 0.804701 0.086896 0.795422 0.077846 0.813756 0.071349 0.827332 0.068176 0.843472 0.075808 0.853441 0.079829 0.856032 0.037684 0.725518 0.021972 0.726842 0.034706 0.720835 0.021972 0.732749 0.18478 0.847405 0.212265 0.837177 0.188469 0.865131 0.166351 0.856485 0.165423 0.871187 0.163111 0.838999 0.145298 0.846134 0.13611 0.859792 0.121168 0.838011 0.159292 0.826285 0.178419 0.826157 0.197526 0.832789 0.20051 0.810922 0.218933 0.80638 0.205462 0.773353 0.192473 0.784878 0.176328 0.765087 0.186145 0.753717 0.153902 0.74916 0.156209 0.780708 0.136866 0.761321 0.164595 0.73795 0.127127 0.732568 0.141575 0.721359 0.111936 0.701668 0.104106 0.712217 0.134712 0.787986 0.121712 0.792334 0.1374 0.825266 0.153738 0.808574 0.172192 0.789595 0.176245 0.808152 0.121515 0.754103 0.110634 0.727925 0.225295 0.720856 0.213035 0.721164 0.22081 0.707592 0.044627 0.722322 0.034706 0.720835 0.040334 0.718181 0.037684 0.725518 0.116517 0.710244 0.110726 0.716009 0.106432 0.711868 0.037684 0.725518 0.085258 0.734006 0.091012 0.772066 0.091012 0.734006 0.085258 0.772066 0.091012 0.734006 0.091012 0.772066 0.098808 0.772066 0.098808 0.734006 0.105024 0.772066 0.105024 0.734006 0.098808 0.772066 0.098808 0.734006 0.085258 0.734006 0.091012 0.772066 0.085258 0.772066 0.091012 0.734006 0.091012 0.734006 0.091012 0.772066 0.098808 0.772066 0.098808 0.734006 0.105024 0.772066 0.105024 0.734006 0.098808 0.772066 0.098808 0.734006 0.702861 0.580908 0.77338 0.562604 0.77338 0.580908 0.702861 0.562604 0.702861 0.614453 0.77338 0.614453 0.663377 0.614453 0.663377 0.580908 0.663377 0.562604 0.702861 0.63627 0.77338 0.63627 0.663377 0.63627 0.823455 0.580908 0.823455 0.562604 0.823455 0.614453 0.823455 0.63627 0.77338 0.677144 0.823455 0.677144 0.77338 0.710819 0.702861 0.677144 0.702861 0.710819 0.663377 0.677144 0.663378 0.710819 0.823455 0.710819 0.702861 0.580908 0.77338 0.562604 0.702861 0.562604 0.77338 0.580908 0.702861 0.614453 0.77338 0.614453 0.663377 0.614453 0.663377 0.580908 0.663377 0.562604 0.702861 0.63627 0.77338 0.63627 0.663377 0.63627 0.823455 0.580908 0.823455 0.562604 0.823455 0.614453 0.823455 0.63627 0.77338 0.677144 0.823455 0.677144 0.77338 0.710819 0.702861 0.677144 0.702861 0.710819 0.663377 0.677144 0.663378 0.710819 0.823455 0.710819 0.898417 0.45507 0.865914 0.501779 0.868392 0.412226 0.897905 0.391212 0.887058 0.346395 0.864479 0.346053 0.869003 0.311376 0.887768 0.544007 0.859521 0.586043 0.873617 0.606992 0.848266 0.690152 0.844168 0.3466 0.851266 0.311376 0.837069 0.391154 0.836023 0.459379 0.838506 0.544028 0.842726 0.607005 0.848266 0.690152 0.873617 0.606992 0.842726 0.607005 0.887768 0.544007 0.838506 0.544028 0.898417 0.45507 0.836023 0.459379 0.897905 0.391212 0.837069 0.391154 0.887058 0.346395 0.844168 0.3466 0.869003 0.311376 0.851266 0.311376 0.898417 0.45507 0.865914 0.501779 0.868392 0.412226 0.897905 0.391212 0.887058 0.346395 0.864479 0.346053 0.869003 0.311376 0.887768 0.544007 0.859521 0.586043 0.873617 0.606992 0.848266 0.690152 0.844168 0.3466 0.851266 0.311376 0.837069 0.391154 0.836023 0.459379 0.838506 0.544028 0.842726 0.607005 0.848266 0.690152 0.873617 0.606992 0.842726 0.607005 0.887768 0.544007 0.838506 0.544028 0.898417 0.45507 0.836023 0.459379 0.837069 0.391154 0.897905 0.391212 0.887058 0.346395 0.844168 0.3466 0.869003 0.311376 0.851266 0.311376 0.898417 0.45507 0.868392 0.412226 0.865914 0.501779 0.897905 0.391212 0.887058 0.346395 0.864479 0.346053 0.869003 0.311376 0.887768 0.544007 0.859521 0.586043 0.873617 0.606992 0.848266 0.690152 0.844168 0.3466 0.851266 0.311376 0.837069 0.391154 0.836023 0.459379 0.838506 0.544028 0.842726 0.607005 0.848266 0.690152 0.842726 0.607005 0.873617 0.606992 0.887768 0.544007 0.838506 0.544028 0.898417 0.45507 0.836023 0.459379 0.897905 0.391212 0.837069 0.391154 0.887058 0.346395 0.844168 0.3466 0.869003 0.311376 0.851266 0.311376 0.898417 0.45507 0.868392 0.412226 0.865914 0.501779 0.897905 0.391212 0.887058 0.346395 0.864479 0.346053 0.869003 0.311376 0.887768 0.544007 0.859521 0.586043 0.873617 0.606992 0.848266 0.690152 0.844168 0.3466 0.851266 0.311376 0.837069 0.391154 0.836023 0.459379 0.838506 0.544028 0.842726 0.607005 0.848266 0.690152 0.842726 0.607005 0.873617 0.606992 0.887768 0.544007 0.838506 0.544028 0.898417 0.45507 0.836023 0.459379 0.837069 0.391154 0.897905 0.391212 0.887058 0.346395 0.844168 0.3466 0.869003 0.311376 0.851266 0.311376 0.928705 0.667106 0.896132 0.730418 0.865863 0.667106 0.896132 0.667106 0.896132 0.730418 0.928705 0.667106 0.865863 0.667106 0.896132 0.730418 0.896132 0.667106 0.695219 0.962216 0.695219 0.988921 0.720915 0.962216 0.745067 0.988921 0.745067 0.962216 0.990605 0.891528 0.947821 0.936978 0.9818 0.936978 0.9464 0.891479 0.925419 0.936978 0.92147 0.891668 0.946995 0.98822 0.971716 0.98822 0.925419 0.98822 0.933042 0.846865 0.990415 0.838438 0.908814 0.863435 0.910144 0.818229 0.890366 0.849977 0.9792 0.797086 0.942554 0.801895 0.890366 0.80978 0.890366 0.776967 0.911062 0.783362 0.911062 0.745943 0.956392 0.768456 0.890366 0.74517 0.854042 0.901894 0.883817 0.883662 0.863204 0.885082 0.883817 0.903093 0.883817 0.866996 0.86872 0.867339 0.883817 0.919946 0.84414 0.918087 0.883816 0.943905 0.835225 0.930096 0.839134 0.946085 0.883816 0.995316 0.883816 0.943905 0.859344 0.978147 0.847188 0.96426 0.883816 0.991497 0.883816 0.943905 0.837771 0.926606 0.835225 0.930096 0.883817 0.919946 0.971132 0.702197 0.945614 0.747614 0.971131 0.747614 0.950732 0.71612 0.959843 0.689176 0.971131 0.665346 0.816699 0.888961 0.849424 0.873209 0.816699 0.871114 0.77423 0.862639 0.77423 0.883966 0.816699 0.938938 0.77423 0.925567 0.77423 0.957716 0.816699 0.976493 0.816699 0.83921 0.849424 0.83921 0.771023 0.883966 0.731777 0.891742 0.771023 0.925567 0.731777 0.852138 0.771023 0.862639 0.731777 0.934423 0.771023 0.957716 0.697791 0.839127 0.729197 0.891743 0.729197 0.852138 0.697791 0.878509 0.697791 0.911445 0.729197 0.934423 0.694409 0.878509 0.667258 0.839127 0.667258 0.863368 0.694409 0.839127 0.694409 0.911445 0.667258 0.885109 0.817229 0.800268 0.849424 0.83921 0.849424 0.803725 0.816699 0.83921 0.849424 0.770077 0.816714 0.766949 0.849424 0.74748 0.816876 0.747512 0.771023 0.83921 0.731777 0.801229 0.731777 0.83921 0.771023 0.793861 0.771023 0.763633 0.731777 0.778943 0.731777 0.75371 0.771023 0.737979 0.697791 0.839127 0.729197 0.801229 0.697791 0.799751 0.729197 0.83921 0.729197 0.778943 0.729197 0.75371 0.697791 0.774978 0.694409 0.839127 0.667258 0.816608 0.667258 0.839127 0.694409 0.799751 0.694409 0.774978 0.667258 0.798991 0.883817 0.919946 0.84414 0.918087 0.837771 0.926606 0.847188 0.96426 0.883816 0.943905 0.839134 0.946085 0.988829 0.71612 0.971131 0.747614 0.992455 0.747614 0.971132 0.702197 0.981214 0.689176 0.971131 0.665346 0.992455 0.747614 0.971131 0.747614 0.945614 0.747614 0.634666 0.83921 0.664941 0.816608 0.664941 0.798991 0.664941 0.839127 0.634666 0.83921 0.664941 0.863368 0.664941 0.839127 0.664941 0.885109 0.817229 0.800268 0.77423 0.83921 0.816699 0.83921 0.77423 0.793861 0.816714 0.766949 0.77423 0.763633 0.796901 0.729816 0.816876 0.747512 0.77423 0.737979 0.886958 0.80978 0.853063 0.83921 0.886958 0.849977 0.853063 0.803725 0.886958 0.776967 0.853063 0.770077 0.886958 0.74517 0.874789 0.737459 0.853063 0.74748 0.928705 0.667106 0.865863 0.667106 0.896132 0.730418 0.896132 0.667106 0.928705 0.667106 0.896132 0.730418 0.865863 0.667106 0.896132 0.667106 0.896132 0.730418 0.695219 0.988921 0.745067 0.988921 0.947821 0.936978 0.9464 0.891479 0.925419 0.936978 0.92147 0.891668 0.946995 0.98822 0.925419 0.98822 0.933042 0.846865 0.908814 0.863435 0.910144 0.818229 0.890366 0.849977 0.942554 0.801895 0.890366 0.80978 0.890366 0.776967 0.911062 0.783362 0.854042 0.901894 0.863204 0.885082 0.86872 0.867339 0.84414 0.918087 0.883816 0.943905 0.839134 0.946085 0.835225 0.930096 0.859344 0.978147 0.847188 0.96426 0.837771 0.926606 0.835225 0.930096 0.971132 0.702197 0.945614 0.747614 0.950732 0.71612 0.971131 0.747614 0.959843 0.689176 0.971131 0.665346 0.816699 0.888961 0.816699 0.871114 0.849424 0.873209 0.77423 0.862639 0.77423 0.883966 0.816699 0.938938 0.77423 0.925567 0.816699 0.83921 0.849424 0.83921 0.771023 0.925567 0.771023 0.883966 0.731777 0.891742 0.731777 0.852138 0.771023 0.862639 0.729197 0.891743 0.697791 0.839127 0.697791 0.878509 0.729197 0.852138 0.694409 0.878509 0.667258 0.839127 0.694409 0.839127 0.667258 0.863368 0.817229 0.800268 0.849424 0.83921 0.816699 0.83921 0.849424 0.803725 0.849424 0.770077 0.816714 0.766949 0.849424 0.74748 0.816876 0.747512 0.771023 0.83921 0.731777 0.801229 0.771023 0.793861 0.731777 0.83921 0.771023 0.763633 0.731777 0.778943 0.697791 0.839127 0.729197 0.801229 0.729197 0.83921 0.697791 0.799751 0.729197 0.778943 0.667258 0.816608 0.694409 0.799751 0.694409 0.839127 0.667258 0.839127 0.883817 0.919946 0.837771 0.926606 0.84414 0.918087 0.847188 0.96426 0.839134 0.946085 0.883816 0.943905 0.988829 0.71612 0.971131 0.747614 0.971132 0.702197 0.992455 0.747614 0.981214 0.689176 0.971131 0.665346 0.992455 0.747614 0.945614 0.747614 0.971131 0.747614 0.664941 0.816608 0.664941 0.839127 0.664941 0.863368 0.664941 0.839127 0.817229 0.800268 0.77423 0.83921 0.77423 0.793861 0.816699 0.83921 0.816714 0.766949 0.77423 0.763633 0.816876 0.747512 0.886958 0.80978 0.853063 0.83921 0.853063 0.803725 0.886958 0.849977 0.886958 0.776967 0.853063 0.770077 0.853063 0.74748 0.045897 0.510996 0.026689 0.581712 0.0447 0.594538 0.059945 0.611439 0.060985 0.536303 0.061738 0.527174 0.008469 0.472772 0.008678 0.577256 0.060579 0.56891 0.062631 0.604379 0.026689 0.599733 0.0447 0.594538 0.026689 0.581712 0.0447 0.61671 0.059945 0.611439 0.059945 0.637125 0.008678 0.591125 0.008678 0.577256 0.026689 0.581712 0.045897 0.510996 0.0447 0.594538 0.059945 0.611439 0.061738 0.527174 0.008469 0.472772 0.008678 0.577256 0.008469 0.472772 0.04596 0.488927 0.008678 0.449455 0.045897 0.510996 0.061738 0.505632 0.061738 0.527174 0.04596 0.488927 0.045897 0.510996 0.061738 0.505632 0.061738 0.527174 0.087258 0.879987 0.149992 0.899276 0.090195 0.887716 0.306834 0.984088 0.160687 0.926191 0.171382 0.954413 0.184764 0.990941 0.14826 0.987988 0.126069 0.949292 0.122246 0.942627 0.105327 0.913119 0.092551 0.936669 0.090528 0.887313 0.07689 0.909359 0.171382 0.954413 0.14826 0.987988 0.126069 0.949292 0.087258 0.879987 0.149992 0.899276 0.306834 0.984088 0.184764 0.990941 0.119553 0.953029 0.14826 0.987988 0.119553 0.953029 0.122246 0.942627 0.115771 0.946434 0.126069 0.949292 0.092551 0.936669 0.082547 0.888498 0.090528 0.887313 0.087258 0.879987 0.082547 0.888498 0.07689 0.909359 0.090528 0.887313 0.105327 0.913119 0.07689 0.909359 0.098809 0.916856 0.122246 0.942627 0.092551 0.936669 0.105327 0.913119 0.098809 0.916856 0.092551 0.936669 0.105327 0.913119 0.026689 0.581712 0.045897 0.510996 0.0447 0.594538 0.059945 0.611439 0.060579 0.56891 0.062631 0.604379 0.060985 0.536303 0.061738 0.527174 0.026689 0.581712 0.026689 0.599733 0.0447 0.594538 0.0447 0.61671 0.059945 0.611439 0.059945 0.637125 0.026689 0.581712 0.045897 0.510996 0.0447 0.594538 0.059945 0.611439 0.061738 0.527174 0.087258 0.879987 0.090195 0.887716 0.149992 0.899276 0.090528 0.887313 0.160687 0.926191 0.306834 0.984088 0.171382 0.954413 0.184764 0.990941 0.14826 0.987988 0.122246 0.942627 0.126069 0.949292 0.105327 0.913119 0.092551 0.936669 0.07689 0.909359 0.171382 0.954413 0.126069 0.949292 0.14826 0.987988 0.087258 0.879987 0.149992 0.899276 0.306834 0.984088 0.184764 0.990941 0.119553 0.953029 0.119553 0.953029 0.14826 0.987988 0.126069 0.949292 0.122246 0.942627 0.115771 0.946434 0.092551 0.936669 0.082547 0.888498 0.087258 0.879987 0.090528 0.887313 0.082547 0.888498 0.090528 0.887313 0.07689 0.909359 0.105327 0.913119 0.098809 0.916856 0.07689 0.909359 0.122246 0.942627 0.105327 0.913119 0.092551 0.936669 0.098809 0.916856 0.105327 0.913119 0.092551 0.936669 0.268641 0.911283 0.229419 0.892799 0.243354 0.917353 0.260645 0.891361 0.255937 0.875597 0.221547 0.868465 0.300357 0.897351 0.301738 0.911508 0.298391 0.885247 0.351861 0.894546 0.349112 0.913802 0.353561 0.88196 0.390392 0.917512 0.406673 0.877993 0.227883 0.810918 0.25813 0.820718 0.260763 0.768244 0.255937 0.875597 0.221547 0.868465 0.257239 0.758689 0.240426 0.749013 0.344594 0.726636 0.353613 0.754188 0.378426 0.741866 0.389049 0.75959 0.35207 0.767923 0.257239 0.758689 0.332208 0.753145 0.260763 0.768244 0.304418 0.747652 0.277743 0.740997 0.397485 0.818019 0.355028 0.823725 0.25813 0.820718 0.260763 0.768244 0.406673 0.877993 0.353561 0.88196 0.298391 0.885247 0.255937 0.875597 0.240426 0.749013 0.356076 0.684413 0.314237 0.684384 0.346598 0.703234 0.323625 0.71264 0.291612 0.708123 0.272399 0.684413 0.883782 0.667106 0.896132 0.730418 0.908376 0.667106 0.928705 0.667106 0.908376 0.667106 0.883782 0.667106 0.865862 0.667106 0.865862 0.667106 0.268641 0.911283 0.260645 0.891361 0.255937 0.875597 0.300357 0.897351 0.301738 0.911508 0.298391 0.885247 0.351861 0.894546 0.349112 0.913802 0.353561 0.88196 0.260763 0.768244 0.25813 0.820718 0.255937 0.875597 0.257239 0.758689 0.353613 0.754188 0.35207 0.767923 0.257239 0.758689 0.332208 0.753145 0.260763 0.768244 0.304418 0.747652 0.355028 0.823725 0.25813 0.820718 0.260763 0.768244 0.353561 0.88196 0.298391 0.885247 0.255937 0.875597 0.346598 0.703234 0.323625 0.71264 0.291612 0.708123 0.272399 0.684413 0.039452 0.385175 0.013522 0.348484 0.013522 0.385175 0.039452 0.348484 0.013522 0.311853 0.039452 0.311595 0.013522 0.29248 0.039452 0.29248 0.039452 0.404464 0.013522 0.404464 0.04478 0.348768 0.081362 0.383447 0.093769 0.348739 0.04478 0.400245 0.081362 0.314089 0.04478 0.297291 0.039452 0.385175 0.013522 0.348484 0.039452 0.348484 0.013522 0.385175 0.013522 0.311853 0.039452 0.311595 0.081362 0.383447 0.093769 0.348739 0.081362 0.314089 0.039452 0.385175 0.013522 0.348484 0.039452 0.348484 0.013522 0.385175 0.013522 0.311853 0.039452 0.311595 0.013522 0.29248 0.039452 0.29248 0.039452 0.404464 0.013522 0.404464 0.04478 0.297291 0.081362 0.383447 0.04478 0.400245 0.081362 0.314089 0.093769 0.348739 0.039452 0.385175 0.013522 0.348484 0.013522 0.385175 0.039452 0.348484 0.013522 0.311853 0.039452 0.311595 0.081362 0.383447 0.081362 0.314089 0.093769 0.348739 0.115051 0.28327 0.161692 0.32916 0.161692 0.28327 0.115051 0.32916 0.161693 0.133571 0.115051 0.180212 0.161693 0.180212 0.115051 0.133571 0.11054 0.180212 0.063803 0.133571 0.063803 0.180212 0.11054 0.133571 0.063803 0.133571 0.11054 0.180212 0.063803 0.180212 0.11054 0.133571 0.161693 0.183972 0.115051 0.229862 0.161692 0.229862 0.115051 0.183972 0.161692 0.233621 0.115051 0.279511 0.161692 0.279511 0.115051 0.233621 0.115051 0.32916 0.11054 0.281014 0.11054 0.32916 0.115051 0.28327 0.115051 0.133571 0.161693 0.12906 0.115051 0.12906 0.161693 0.133571 0.11054 0.133571 0.115051 0.180212 0.115051 0.133571 0.11054 0.180212 0.166203 0.32916 0.161692 0.28327 0.161692 0.32916 0.166203 0.281014 0.161693 0.133571 0.166204 0.180212 0.166204 0.133571 0.161693 0.180212 0.11054 0.180212 0.115051 0.229862 0.115051 0.183972 0.11054 0.231365 0.115051 0.183972 0.161693 0.180212 0.115051 0.180212 0.161693 0.183972 0.161693 0.183972 0.166203 0.231365 0.166204 0.180212 0.161692 0.229862 0.11054 0.231365 0.115051 0.279511 0.115051 0.233621 0.11054 0.281014 0.115051 0.233621 0.161692 0.229862 0.115051 0.229862 0.161692 0.233621 0.161692 0.233621 0.166203 0.281014 0.166203 0.231365 0.161692 0.279511 0.115051 0.28327 0.161692 0.279511 0.115051 0.279511 0.161692 0.28327 0.11054 0.133571 0.115051 0.133571 0.115051 0.12906 0.161693 0.12906 0.161693 0.133571 0.166204 0.133571 0.115051 0.183972 0.115051 0.180212 0.11054 0.180212 0.166204 0.180212 0.161693 0.180212 0.161693 0.183972 0.115051 0.233621 0.115051 0.229862 0.11054 0.231365 0.166203 0.231365 0.161692 0.229862 0.161692 0.233621 0.115051 0.28327 0.115051 0.279511 0.11054 0.281014 0.166203 0.281014 0.161692 0.279511 0.161692 0.28327 0.008567 0.030004 0.027327 0.063818 0.008532 0.063801 0.027363 0.030004 0.027291 0.097699 0.008498 0.097699 0.027276 0.121427 0.008484 0.121427 0.008581 0.006267 0.027378 0.006267 0.027291 0.097699 0.008498 0.097699 0.027327 0.063818 0.008532 0.063801 0.027363 0.030004 0.008567 0.030004 0.137149 0.502106 0.109906 0.432535 0.109906 0.513945 0.137149 0.44395 0.149304 0.473948 0.137149 0.44395 0.137149 0.502106 0.149304 0.473948 0.112953 0.030004 0.112919 0.063903 0.112919 0.063903 0.112885 0.097699 0.112885 0.097699 0.112919 0.063903 0.112953 0.030004 0.112871 0.121427 0.112967 0.006267 0.087719 0.097699 0.112871 0.121427 0.087719 0.121427 0.112885 0.097699 0.087719 0.063875 0.112919 0.063903 0.087719 0.030004 0.112953 0.030004 0.087719 0.006267 0.112967 0.006267 0.087719 0.030004 0.112953 0.030004 0.087719 0.063875 0.112919 0.063903 0.087719 0.097699 0.112885 0.097699 0.060012 0.121427 0.083526 0.097699 0.060012 0.097699 0.083512 0.121427 0.08356 0.063873 0.060012 0.063847 0.083594 0.030004 0.060012 0.030004 0.083609 0.006267 0.060012 0.006267 0.083594 0.030004 0.060012 0.030004 0.08356 0.063873 0.060012 0.063847 0.083526 0.097699 0.060012 0.097699 0.032285 0.063822 0.056041 0.097699 0.032285 0.097699 0.056041 0.063845 0.032285 0.030004 0.056041 0.030004 0.032285 0.006267 0.056041 0.006267 0.056041 0.121427 0.032285 0.121427 0.032285 0.030004 0.056041 0.030004 0.032285 0.063822 0.056041 0.063845 0.032285 0.097699 0.056041 0.097699 0.056041 0.121427 0.060012 0.097699 0.056041 0.097699 0.060012 0.063847 0.060012 0.121427 0.056041 0.063845 0.060012 0.030004 0.056041 0.030004 0.060012 0.006267 0.056041 0.006267 0.056041 0.097699 0.060012 0.097699 0.056041 0.063845 0.060012 0.063847 0.056041 0.030004 0.060012 0.030004 0.083512 0.121427 0.087719 0.097699 0.083526 0.097699 0.087719 0.121427 0.087719 0.063875 0.08356 0.063873 0.087719 0.030004 0.083594 0.030004 0.087719 0.006267 0.083609 0.006267 0.083526 0.097699 0.087719 0.097699 0.08356 0.063873 0.087719 0.063875 0.083594 0.030004 0.087719 0.030004 0.027276 0.121427 0.032285 0.097699 0.027291 0.097699 0.032285 0.121427 0.032285 0.063822 0.027327 0.063818 0.032285 0.030004 0.027363 0.030004 0.032285 0.006267 0.027378 0.006267 0.027291 0.097699 0.032285 0.097699 0.027327 0.063818 0.032285 0.063822 0.027363 0.030004 0.032285 0.030004 0.101294 0.505424 0.072021 0.523255 0.101294 0.523255 0.072021 0.505425 0.101294 0.523255 0.072021 0.505425 0.101294 0.505424 0.072021 0.523255 0.101294 0.505424 0.072021 0.475496 0.101294 0.475496 0.072021 0.505425 0.101294 0.475496 0.072021 0.445585 0.101294 0.44555 0.072021 0.475496 0.101294 0.44555 0.072021 0.427737 0.101294 0.427737 0.072021 0.445585 0.101294 0.427737 0.072021 0.445585 0.101294 0.44555 0.072021 0.427737 0.101294 0.44555 0.072021 0.475496 0.101294 0.475496 0.072021 0.445585 0.101294 0.475496 0.072021 0.505425 0.101294 0.505424 0.072021 0.475496 0.149304 0.473948 0.109906 0.432535 0.137149 0.44395 0.137149 0.502106 0.109906 0.513945 0.137149 0.44395 0.149304 0.473948 0.137149 0.502106 0.101294 0.505424 0.072021 0.523255 0.101294 0.523255 0.072021 0.505425 0.101294 0.523255 0.072021 0.505425 0.101294 0.505424 0.072021 0.523255 0.101294 0.505424 0.072021 0.475496 0.101294 0.475496 0.072021 0.505425 0.101294 0.475496 0.072021 0.445585 0.101294 0.44555 0.072021 0.475496 0.101294 0.44555 0.072021 0.427737 0.101294 0.427737 0.072021 0.445585 0.101294 0.427737 0.072021 0.445585 0.101294 0.44555 0.072021 0.427737 0.101294 0.44555 0.072021 0.475496 0.101294 0.475496 0.072021 0.445585 0.101294 0.475496 0.072021 0.505425 0.101294 0.505424 0.072021 0.475496 0.149304 0.473948 0.109906 0.432535 0.137149 0.44395 0.137149 0.502106 0.109906 0.513945 0.137149 0.44395 0.149304 0.473948 0.137149 0.502106 0.101294 0.505424 0.072021 0.523255 0.101294 0.523255 0.072021 0.505425 0.101294 0.523255 0.072021 0.505425 0.101294 0.505424 0.072021 0.523255 0.101294 0.505424 0.072021 0.475496 0.101294 0.475496 0.072021 0.505425 0.101294 0.475496 0.072021 0.445585 0.101294 0.44555 0.072021 0.475496 0.101294 0.44555 0.072021 0.427737 0.101294 0.427737 0.072021 0.445585 0.101294 0.427737 0.072021 0.445585 0.101294 0.44555 0.072021 0.427737 0.101294 0.44555 0.072021 0.475496 0.101294 0.475496 0.072021 0.445585 0.101294 0.475496 0.072021 0.505425 0.101294 0.505424 0.072021 0.475496 0.149304 0.473948 0.109906 0.432535 0.137149 0.44395 0.137149 0.502106 0.109906 0.513945 0.137149 0.44395 0.149304 0.473948 0.137149 0.502106 0.202163 0.059337 0.22926 0.095725 0.229288 0.059357 0.202135 0.095704 0.229296 0.04891 0.202171 0.048911 0.126963 0.059279 0.126935 0.095646 0.126971 0.04891 0.126921 0.11382 0.202121 0.113878 0.202135 0.095704 0.229288 0.059357 0.22926 0.095725 0.202163 0.059337 0.202171 0.048911 0.229296 0.04891 0.126971 0.04891 0.126963 0.059279 0.126935 0.095646 0.202121 0.113878 0.126921 0.11382 0.202171 0.048911 0.229296 0.04891 0.229296 0.04891 0.202171 0.048911 0.126963 0.059279 0.126971 0.04891 0.126971 0.04891 0.126963 0.059279 0.126935 0.095646 0.126935 0.095646 0.126921 0.11382 0.126921 0.11382 0.126971 0.014837 0.202171 0.014837 0.126971 0.04891 0.126921 0.014837 0.202121 0.04891 0.202121 0.014837 0.126921 0.04891 0.17424 0.268717 0.179789 0.252843 0.174191 0.249392 0.179789 0.277492 0.178171 0.243893 0.199836 0.277455 0.205494 0.249392 0.199836 0.252843 0.205543 0.268717 0.201486 0.243848 0.178171 0.243893 0.199836 0.252843 0.201486 0.243848 0.179789 0.252843 0.179789 0.277492 0.199836 0.277455 0.093808 0.637964 0.079333 0.572756 0.079333 0.628083 0.107506 0.628083 0.107506 0.572756 0.093808 0.562874 0.107506 0.628083 0.118966 0.566221 0.107506 0.572756 0.118966 0.634618 0.118966 0.634618 0.107506 0.572756 0.118966 0.566221 0.107506 0.628083 0.093808 0.562874 0.118966 0.566221 0.093808 0.552173 0.107506 0.572756 0.093808 0.646833 0.107506 0.628083 0.093808 0.637964 0.118966 0.634618 0.107506 0.572756 0.093808 0.552173 0.118966 0.566221 0.093808 0.562874 0.118966 0.634618 0.093808 0.637964 0.107506 0.628083 0.093808 0.646833 0.252339 0.325046 0.282319 0.311197 0.282332 0.338851 0.282339 0.359315 0.252347 0.359315 0.25233 0.290713 0.282332 0.338851 0.252339 0.325046 0.282319 0.311197 0.282313 0.290713 0.517541 0.249233 0.546596 0.183305 0.546596 0.249233 0.517541 0.183305 0.546596 0.249233 0.546596 0.183305 0.305259 0.338851 0.313008 0.359315 0.305265 0.359315 0.313 0.338851 0.305246 0.311197 0.312985 0.311197 0.30524 0.290713 0.312977 0.290713 0.305246 0.311197 0.312985 0.311197 0.305259 0.338851 0.313 0.338851 0.237396 0.345889 0.225346 0.372993 0.22504 0.345889 0.238941 0.372993 0.208312 0.345889 0.206936 0.372992 0.197667 0.372993 0.201623 0.34589 0.176606 0.372993 0.179789 0.34589 0.274296 0.528938 0.253515 0.5589 0.242113 0.528937 0.296249 0.5589 0.198379 0.528938 0.195309 0.5589 0.160568 0.5589 0.176915 0.528938 0.122668 0.5589 0.141112 0.528938 0.160568 0.5589 0.176915 0.528938 0.195309 0.5589 0.198379 0.528938 0.242113 0.528937 0.253515 0.5589 0.122668 0.5589 0.171874 0.619259 0.160568 0.5589 0.147823 0.619259 0.181935 0.671619 0.167612 0.67162 0.19688 0.619259 0.196818 0.671619 0.225477 0.619259 0.253515 0.5589 0.195309 0.5589 0.225477 0.671619 0.264622 0.67162 0.264622 0.619258 0.296249 0.5589 0.253515 0.5589 0.225477 0.619259 0.225477 0.671619 0.19688 0.619259 0.196818 0.671619 0.171874 0.619259 0.181935 0.671619 0.160568 0.5589 0.195309 0.5589 0.197667 0.372993 0.201623 0.34589 0.208312 0.345889 0.206936 0.372992 0.225346 0.372993 0.22504 0.345889 0.206936 0.377122 0.226691 0.406185 0.225346 0.377122 0.205015 0.406185 0.242667 0.406185 0.238941 0.377123 0.19417 0.406185 0.197667 0.377122 0.176606 0.377123 0.171244 0.406185 0.197667 0.377122 0.19417 0.406185 0.206936 0.377122 0.205015 0.406185 0.226691 0.406185 0.225346 0.377122 0.242113 0.525065 0.200983 0.485379 0.198379 0.525065 0.233994 0.485379 0.274296 0.525065 0.25837 0.485379 0.176915 0.525065 0.184608 0.485379 0.155062 0.485379 0.141112 0.525065 0.242113 0.525065 0.233994 0.485379 0.200983 0.485379 0.198379 0.525065 0.184608 0.485379 0.176915 0.525065 0.233994 0.480891 0.20311 0.446055 0.200983 0.480891 0.229434 0.446055 0.25837 0.480891 0.248914 0.446055 0.184608 0.480892 0.189908 0.446056 0.164245 0.446055 0.155062 0.480892 0.233994 0.480891 0.229434 0.446055 0.20311 0.446055 0.200983 0.480891 0.189908 0.446056 0.184608 0.480892 0.205015 0.410349 0.229434 0.442074 0.226691 0.410349 0.20311 0.442074 0.248914 0.442074 0.242668 0.410349 0.19417 0.410349 0.189908 0.442074 0.171244 0.410349 0.164245 0.442074 0.229434 0.442074 0.226691 0.410349 0.20311 0.442074 0.205015 0.410349 0.19417 0.410349 0.189908 0.442074 0.209214 0.314423 0.22504 0.34235 0.226976 0.314422 0.208312 0.34235 0.237396 0.34235 0.24005 0.314422 0.200383 0.314422 0.201623 0.34235 0.179726 0.314422 0.179789 0.34235 0.22504 0.34235 0.226976 0.314422 0.208312 0.34235 0.209214 0.314423 0.201623 0.34235 0.200383 0.314422 0.226976 0.314422 0.208991 0.286417 0.24005 0.314422 0.200383 0.314422 0.208991 0.286417 0.179726 0.314422 0.226976 0.314422 0.208991 0.286417 0.209214 0.314423 0.24005 0.314422 0.208991 0.286417 0.226976 0.314422 0.209214 0.314423 0.208991 0.286417 0.200383 0.314422 0.179726 0.314422 0.208991 0.286417 0.200383 0.314422 0.209214 0.314423 0.208991 0.286417 0.226976 0.314422 0.200383 0.314422 0.208991 0.286417 0.209214 0.314423 0.495629 0.052032 0.55261 0.067275 0.495629 0.067275 0.55261 0.052032 0.477191 0.052032 0.456796 0.052032 0.456796 0.036796 0.477191 0.036796 0.456796 0.021565 0.477191 0.021565 0.456796 0.006313 0.477191 0.006313 0.495629 0.021565 0.495629 0.036796 0.55261 0.036796 0.55261 0.021565 0.495629 0.006314 0.55261 0.006314 0.568221 0.036796 0.568221 0.021565 0.610411 0.036796 0.610411 0.021565 0.568221 0.006313 0.610411 0.006314 0.568221 0.052032 0.568221 0.067275 0.610411 0.067275 0.610411 0.052032 0.653483 0.036796 0.653483 0.021565 0.653482 0.006313 0.653483 0.067275 0.653483 0.052032 0.67633 0.036796 0.67633 0.021565 0.67633 0.006313 0.67633 0.067275 0.67633 0.052032 0.707701 0.036796 0.707701 0.021565 0.707701 0.006313 0.707701 0.067275 0.707701 0.052032 0.779056 0.021565 0.779056 0.006313 0.779056 0.036796 0.779056 0.052032 0.779056 0.067275 0.495629 0.021565 0.55261 0.006314 0.495629 0.006314 0.55261 0.021565 0.477191 0.006314 0.477191 0.021565 0.456796 0.021565 0.456796 0.006314 0.456796 0.036796 0.477191 0.036796 0.456796 0.052032 0.477191 0.052032 0.495629 0.052032 0.495629 0.036796 0.55261 0.036796 0.55261 0.052032 0.568221 0.036796 0.568221 0.052032 0.610411 0.036796 0.610411 0.052032 0.568221 0.021565 0.568221 0.006314 0.610411 0.006314 0.610411 0.021565 0.653482 0.036796 0.653483 0.052032 0.653483 0.006314 0.653482 0.021565 0.67633 0.036796 0.67633 0.052032 0.67633 0.006314 0.67633 0.021565 0.707701 0.036796 0.707701 0.052032 0.707701 0.006314 0.707701 0.021565 0.779056 0.052032 0.779056 0.036796 0.779056 0.021565 0.779056 0.006314 0.779056 0.006313 0.785189 0.021565 0.779056 0.021565 0.785189 0.006313 0.779056 0.036796 0.785189 0.036796 0.785189 0.052032 0.779056 0.052032 0.779056 0.067275 0.785189 0.067275 0.785189 0.052032 0.779056 0.052032 0.779056 0.036796 0.785189 0.036796 0.785189 0.021565 0.779056 0.021565 0.779056 0.006314 0.785189 0.006314 0.785189 0.021565 0.824499 0.036918 0.785189 0.006314 0.785189 0.036796 0.785189 0.052032 0.785189 0.067276 0.785189 0.052032 0.785189 0.036796 0.785189 0.021565 0.272438 0.074767 0.253253 0.083223 0.259198 0.082123 0.26313 0.065509 0.276135 0.055075 0.29128 0.041217 0.295379 0.057999 0.26827 0.049367 0.252834 0.060056 0.257324 0.049169 0.266688 0.035632 0.25322 0.038278 0.287059 0.024464 0.309784 0.030206 0.296606 0.021954 0.264802 0.083282 0.269031 0.087411 0.292057 0.0815 0.311861 0.083006 0.324147 0.036859 0.321372 0.072449 0.336671 0.041068 0.331975 0.07028 0.349258 0.042248 0.343765 0.068798 0.321885 0.095919 0.330472 0.098221 0.337184 0.100932 0.316561 0.094761 0.343402 0.102348 0.352868 0.099309 0.347577 0.107227 0.350716 0.106696 0.346994 0.110825 0.360774 0.104507 0.371368 0.097207 0.368398 0.107196 0.371947 0.107248 0.379789 0.104872 0.391991 0.095246 0.38829 0.10496 0.392605 0.105287 0.398333 0.101885 0.417302 0.075643 0.394131 0.111086 0.370969 0.115817 0.390057 0.066749 0.400466 0.04927 0.4218 0.061429 0.443133 0.065658 0.439615 0.074015 0.438317 0.082849 0.427253 0.083941 0.404636 0.09917 0.426204 0.048716 0.408165 0.038101 0.444761 0.056588 0.445864 0.046962 0.433834 0.039008 0.415922 0.024777 0.383593 0.037096 0.371145 0.070201 0.366445 0.04059 0.353824 0.069206 0.397713 0.029388 0.406214 0.020572 0.370226 0.00698 0.361089 0.00698 0.351612 0.00698 0.381656 0.00698 0.334669 0.00698 0.323547 0.00698 0.316624 0.00698 0.414632 0.096209 0.304386 0.093738 0.307625 0.107248 0.311149 0.095322 0.29845 0.091554 0.292437 0.092787 0.280819 0.088675 0.28596 0.091638 0.286994 0.105031 0.274936 0.089468 0.267377 0.100553 0.012603 0.141195 0.023099 0.175279 0.012603 0.175279 0.023099 0.141195 0.020868 0.246478 0.023882 0.215777 0.03092 0.246478 0.023099 0.141195 0.03092 0.175279 0.023099 0.175279 0.030919 0.141195 0.03874 0.141195 0.047277 0.179046 0.03874 0.175279 0.047336 0.141195 0.03092 0.276331 0.020868 0.246478 0.03092 0.246478 0.030919 0.141195 0.03874 0.175279 0.03092 0.175279 0.03874 0.141195 0.03092 0.246478 0.030919 0.215777 0.037957 0.215777 0.037466 0.246478 0.03092 0.246478 0.037957 0.215777 0.03092 0.276331 0.03092 0.246478 0.034193 0.256731 0.034193 0.256731 0.03092 0.246478 0.037466 0.246478 0.012603 0.141195 0.023099 0.175279 0.023099 0.141195 0.012603 0.175279 0.012722 0.182782 0.023882 0.215777 0.023159 0.182782 0.01417 0.215777 0.020868 0.246478 0.03092 0.246478 0.023882 0.215777 0.023099 0.141195 0.03092 0.175279 0.030919 0.141195 0.023099 0.175279 0.03874 0.141195 0.047277 0.179046 0.047336 0.141195 0.03874 0.175279 0.03092 0.276331 0.03092 0.246478 0.020868 0.246478 0.030919 0.141195 0.03874 0.175279 0.03874 0.141195 0.03092 0.175279 0.03092 0.246478 0.037957 0.215777 0.030919 0.215777 0.037466 0.246478 0.037957 0.215777 0.03092 0.246478 0.03092 0.276331 0.034193 0.256731 0.03092 0.246478 0.034193 0.256731 0.037466 0.246478 0.03092 0.246478 0.012603 0.141195 0.023099 0.175279 0.012603 0.175279 0.023099 0.141195 0.023099 0.141195 0.03092 0.175279 0.023099 0.175279 0.030919 0.141195 0.03874 0.141195 0.047283 0.17905 0.03874 0.175279 0.047336 0.141195 0.03092 0.276331 0.020868 0.246478 0.03092 0.246478 0.020868 0.246478 0.023882 0.215777 0.03092 0.246478 0.030919 0.141195 0.03874 0.175279 0.03092 0.175279 0.03874 0.141195 0.03092 0.246478 0.030919 0.215777 0.037957 0.215777 0.037466 0.246478 0.03092 0.246478 0.037957 0.215777 0.03092 0.276331 0.03092 0.246478 0.034193 0.256731 0.034193 0.256731 0.03092 0.246478 0.037466 0.246478 0.012603 0.141195 0.023099 0.175279 0.023099 0.141195 0.012603 0.175279 0.023099 0.141195 0.03092 0.175279 0.030919 0.141195 0.023099 0.175279 0.03874 0.141195 0.047283 0.17905 0.047336 0.141195 0.03874 0.175279 0.03092 0.276331 0.03092 0.246478 0.020868 0.246478 0.020868 0.246478 0.03092 0.246478 0.023882 0.215777 0.030919 0.141195 0.03874 0.175279 0.03874 0.141195 0.03092 0.175279 0.03092 0.246478 0.037957 0.215777 0.030919 0.215777 0.037466 0.246478 0.037957 0.215777 0.03092 0.246478 0.03092 0.276331 0.034193 0.256731 0.03092 0.246478 0.034193 0.256731 0.037466 0.246478 0.03092 0.246478 0.012603 0.141195 0.023099 0.175279 0.012603 0.175279 0.023099 0.141195 0.023099 0.141195 0.03092 0.175279 0.023099 0.175279 0.030919 0.141195 0.03874 0.141195 0.047262 0.179033 0.03874 0.175279 0.047336 0.141195 0.03092 0.276331 0.020868 0.246478 0.03092 0.246478 0.020868 0.246478 0.023882 0.215777 0.03092 0.246478 0.030919 0.141195 0.03874 0.175279 0.03092 0.175279 0.03874 0.141195 0.03092 0.246478 0.030919 0.215777 0.037957 0.215777 0.037466 0.246478 0.03092 0.246478 0.037957 0.215777 0.03092 0.276331 0.03092 0.246478 0.034193 0.256731 0.034193 0.256731 0.03092 0.246478 0.037466 0.246478 0.012603 0.141195 0.023099 0.175279 0.023099 0.141195 0.012603 0.175279 0.023099 0.141195 0.03092 0.175279 0.030919 0.141195 0.023099 0.175279 0.03874 0.141195 0.047262 0.179033 0.047336 0.141195 0.03874 0.175279 0.03092 0.276331 0.03092 0.246478 0.020868 0.246478 0.020868 0.246478 0.03092 0.246478 0.023882 0.215777 0.030919 0.141195 0.03874 0.175279 0.03874 0.141195 0.03092 0.175279 0.03092 0.246478 0.037957 0.215777 0.030919 0.215777 0.037466 0.246478 0.037957 0.215777 0.03092 0.246478 0.03092 0.276331 0.034193 0.256731 0.03092 0.246478 0.034193 0.256731 0.037466 0.246478 0.03092 0.246478 0.012603 0.141195 0.023099 0.175279 0.012603 0.175279 0.023099 0.141195 0.020868 0.246478 0.023882 0.215777 0.03092 0.246478 0.023099 0.141195 0.03092 0.175279 0.023099 0.175279 0.030919 0.141195 0.03874 0.141195 0.047258 0.17903 0.03874 0.175279 0.047336 0.141195 0.03092 0.276331 0.020868 0.246478 0.03092 0.246478 0.030919 0.141195 0.03874 0.175279 0.03092 0.175279 0.03874 0.141195 0.03092 0.246478 0.030919 0.215777 0.037957 0.215777 0.037466 0.246478 0.03092 0.246478 0.037957 0.215777 0.03092 0.276331 0.03092 0.246478 0.034193 0.256731 0.034193 0.256731 0.03092 0.246478 0.037466 0.246478 0.012603 0.141195 0.023099 0.175279 0.023099 0.141195 0.012603 0.175279 0.020868 0.246478 0.03092 0.246478 0.023882 0.215777 0.023099 0.141195 0.03092 0.175279 0.030919 0.141195 0.023099 0.175279 0.03874 0.141195 0.047258 0.17903 0.047336 0.141195 0.03874 0.175279 0.03092 0.276331 0.03092 0.246478 0.020868 0.246478 0.030919 0.141195 0.03874 0.175279 0.03874 0.141195 0.03092 0.175279 0.03092 0.246478 0.037957 0.215777 0.030919 0.215777 0.037466 0.246478 0.037957 0.215777 0.03092 0.246478 0.03092 0.276331 0.034193 0.256731 0.03092 0.246478 0.034193 0.256731 0.037466 0.246478 0.03092 0.246478 0.075418 0.195017 0.069666 0.195017 0.075418 0.24627 0.063745 0.24627 0.075418 0.290984 0.063745 0.195017 0.063745 0.195017 0.069666 0.195017 0.063745 0.24627 0.075418 0.24627 0.075418 0.195017 0.075418 0.290984 0.075418 0.195017 0.086255 0.24627 0.075418 0.24627 0.075418 0.290984 0.086591 0.195017 0.075418 0.195017 0.075418 0.24627 0.086255 0.24627 0.075418 0.290984 0.086591 0.195017 0.075418 0.195017 0.075418 0.195017 0.086591 0.195017 0.069666 0.195017 0.069666 0.195017 0.063745 0.195017 0.495629 0.052032 0.55261 0.067275 0.495629 0.067275 0.55261 0.052032 0.477191 0.052032 0.456796 0.052032 0.456796 0.036796 0.477191 0.036796 0.456796 0.021565 0.477191 0.021565 0.456796 0.006313 0.477191 0.006313 0.495629 0.021565 0.495629 0.036796 0.55261 0.036796 0.55261 0.021565 0.495629 0.006314 0.55261 0.006314 0.568221 0.036796 0.568221 0.021565 0.610744 0.036796 0.610744 0.021565 0.568221 0.006313 0.610744 0.006314 0.568221 0.052032 0.568221 0.067275 0.610744 0.067275 0.610744 0.052032 0.654324 0.036796 0.654324 0.021565 0.654323 0.006313 0.654324 0.067275 0.654324 0.052032 0.676806 0.036796 0.676806 0.021565 0.676806 0.006313 0.676806 0.067275 0.676806 0.052032 0.707701 0.036796 0.707701 0.021565 0.707701 0.006313 0.707701 0.067275 0.707701 0.052032 0.779056 0.021565 0.779056 0.006313 0.779056 0.052032 0.779056 0.036796 0.779056 0.067275 0.495629 0.021565 0.55261 0.006314 0.495629 0.006314 0.55261 0.021565 0.477191 0.006314 0.477191 0.021565 0.456796 0.021565 0.456796 0.006314 0.456796 0.036796 0.477191 0.036796 0.456796 0.052032 0.477191 0.052032 0.495629 0.052032 0.495629 0.036796 0.55261 0.036796 0.55261 0.052032 0.568221 0.036796 0.568221 0.052032 0.610744 0.036796 0.610744 0.052032 0.568221 0.021565 0.568221 0.006314 0.610744 0.006314 0.610744 0.021565 0.654323 0.036796 0.654324 0.052032 0.654324 0.006314 0.654323 0.021565 0.676806 0.036796 0.676806 0.052032 0.676806 0.006314 0.676806 0.021565 0.707701 0.036796 0.707701 0.052032 0.707701 0.006314 0.707701 0.021565 0.779056 0.052032 0.779056 0.021565 0.779056 0.036796 0.779056 0.006314 0.785189 0.021565 0.824499 0.036918 0.785189 0.006314 0.785189 0.036796 0.785189 0.052032 0.785189 0.067276 0.785189 0.052032 0.785189 0.036796 0.785189 0.021565 0.779056 0.067275 0.785189 0.052032 0.785189 0.067275 0.779056 0.052032 0.779056 0.036796 0.785189 0.036796 0.779056 0.021565 0.785189 0.021565 0.779056 0.006313 0.785189 0.006313 0.779056 0.021565 0.785189 0.006314 0.779056 0.006314 0.785189 0.021565 0.779056 0.036796 0.785189 0.036796 0.779056 0.052032 0.785189 0.052032 0.495629 0.052032 0.55261 0.067275 0.495629 0.067275 0.55261 0.052032 0.477191 0.052032 0.456796 0.052032 0.456796 0.036796 0.477191 0.036796 0.456796 0.021565 0.477191 0.021565 0.456796 0.006313 0.477191 0.006313 0.495629 0.021565 0.495629 0.036796 0.55261 0.036796 0.55261 0.021565 0.495629 0.006314 0.55261 0.006314 0.568221 0.036796 0.568221 0.021565 0.611073 0.036796 0.611073 0.021565 0.568221 0.006313 0.611073 0.006314 0.568221 0.052032 0.568221 0.067275 0.611073 0.067275 0.611073 0.052032 0.654101 0.036796 0.654101 0.021565 0.654101 0.006313 0.654101 0.067275 0.654101 0.052032 0.676782 0.036796 0.676782 0.021565 0.707701 0.036796 0.707701 0.021565 0.676782 0.006313 0.707701 0.006313 0.676782 0.052032 0.707701 0.052032 0.707701 0.067275 0.676782 0.067275 0.779056 0.021565 0.779056 0.006313 0.779056 0.036796 0.779056 0.052032 0.779056 0.067275 0.495629 0.021565 0.55261 0.006314 0.495629 0.006314 0.55261 0.021565 0.477191 0.006314 0.477191 0.021565 0.456796 0.021565 0.456796 0.006314 0.456796 0.036796 0.477191 0.036796 0.456796 0.052032 0.477191 0.052032 0.495629 0.052032 0.495629 0.036796 0.55261 0.036796 0.55261 0.052032 0.568221 0.036796 0.568221 0.052032 0.611073 0.036796 0.611073 0.052032 0.568221 0.021565 0.568221 0.006314 0.611073 0.006314 0.611073 0.021565 0.654101 0.036796 0.654101 0.052032 0.654101 0.006314 0.654101 0.021565 0.676782 0.006314 0.676782 0.021565 0.707701 0.006314 0.707701 0.021565 0.707701 0.036796 0.676782 0.036796 0.676782 0.052032 0.707701 0.052032 0.779056 0.052032 0.779056 0.036796 0.779056 0.021565 0.779056 0.006314 0.779056 0.006313 0.785189 0.021565 0.779056 0.021565 0.785189 0.006313 0.779056 0.036796 0.785189 0.036796 0.785189 0.052032 0.779056 0.052032 0.779056 0.067275 0.785189 0.067275 0.785189 0.052032 0.779056 0.052032 0.779056 0.036796 0.785189 0.036796 0.785189 0.021565 0.779056 0.021565 0.779056 0.006314 0.785189 0.006314 0.785189 0.021565 0.824499 0.036918 0.785189 0.006314 0.785189 0.036796 0.785189 0.052032 0.785189 0.067276 0.785189 0.052032 0.785189 0.036796 0.785189 0.021565 0.419927 0.155722 0.418774 0.140684 0.456527 0.144832 0.380386 0.136122 0.381219 0.155238 0.344714 0.128186 0.337674 0.155465 0.32005 0.115648 0.354383 0.179721 0.384776 0.177233 0.335821 0.172642 0.322837 0.152227 0.42342 0.172243 0.445594 0.161855 0.450217 0.220089 0.465264 0.177142 0.485455 0.192327 0.434256 0.195904 0.42342 0.172243 0.445594 0.161855 0.410172 0.243757 0.39299 0.208096 0.373912 0.257722 0.361349 0.213341 0.354383 0.179721 0.384776 0.177233 0.290813 0.267135 0.291059 0.217063 0.335821 0.172642 0.286459 0.172112 0.222954 0.246866 0.234559 0.202677 0.23462 0.1661 0.237464 0.138124 0.285565 0.139962 0.285006 0.113015 0.32005 0.115648 0.322837 0.152227 0.239877 0.113334 0.211577 0.188766 0.211555 0.165623 0.212376 0.123539 0.189719 0.225897 0.456527 0.144832 0.508139 0.159247 0.174643 0.147656 0.174421 0.1273 0.185339 0.136267 0.187501 0.146341 0.190331 0.15655 0.195597 0.165958 0.174956 0.176509 0.200938 0.17214 0.199787 0.181511 0.195394 0.193714 0.189918 0.195902 0.187688 0.199255 0.185064 0.200505 0.175221 0.200834 0.419927 0.155722 0.456527 0.144832 0.418774 0.140684 0.380386 0.136122 0.381219 0.155238 0.344714 0.128186 0.337674 0.155465 0.32005 0.115648 0.354383 0.179721 0.384776 0.177233 0.335821 0.172642 0.322837 0.152227 0.42342 0.172243 0.445594 0.161855 0.465264 0.177142 0.434256 0.195904 0.42342 0.172243 0.445594 0.161855 0.39299 0.208096 0.361349 0.213341 0.354383 0.179721 0.384776 0.177233 0.291059 0.217063 0.335821 0.172642 0.286459 0.172112 0.234559 0.202677 0.23462 0.1661 0.237464 0.138124 0.285565 0.139962 0.285006 0.113015 0.32005 0.115648 0.322837 0.152227 0.239877 0.113334 0.211577 0.188766 0.211555 0.165623 0.212376 0.123539 0.456527 0.144832 0.185339 0.136267 0.187501 0.146341 0.190331 0.15655 0.195597 0.165958 0.200938 0.17214 0.199787 0.181511 0.195394 0.193714 0.189918 0.195902 0.187688 0.199255 0.185064 0.200505 0.983851 0.027236 0.997264 0.00662 0.983851 0.00662 0.997264 0.027236 0.971684 0.00662 0.971684 0.027236 0.959473 0.00662 0.959473 0.027236 0.946103 0.00662 0.946103 0.027236 0.983851 0.05523 0.997264 0.05523 0.971684 0.306519 0.959473 0.05523 0.946103 0.05523 0.983851 0.05523 0.959473 0.05523 0.983851 0.027236 0.959473 0.027236 0.971684 0.027236 0.983851 0.00662 0.971684 0.00662 0.959473 0.00662 0.997264 0.00662 0.971684 0.00662 0.983851 0.00662 0.983851 0.00662 0.971684 0.00662 0.959473 0.00662 0.946103 0.00662 0.959473 0.00662 0.971684 0.00662 0.932297 0.061119 0.922236 0.051432 0.922236 0.061119 0.940466 0.051432 0.904005 0.051432 0.912175 0.061119 0.906922 0.188067 0.922508 0.222872 0.922508 0.188067 0.906922 0.222872 0.938094 0.222872 0.938094 0.188067 0.940466 0.051432 0.922236 0.027958 0.922236 0.051432 0.935055 0.027958 0.909416 0.027958 0.904005 0.051432 0.938094 0.188067 0.922508 0.066879 0.922508 0.188067 0.937123 0.066879 0.907893 0.066879 0.906922 0.188067 0.931531 0.025811 0.922236 0.005508 0.922236 0.025811 0.922236 0.025811 0.912941 0.025811 0.922236 0.051432 0.922236 0.061119 0.922508 0.222872 0.922508 0.188067 0.922236 0.027958 0.922236 0.051432 0.922508 0.066879 0.922508 0.188067 0.885663 0.13175 0.892716 0.153666 0.898108 0.13175 0.88352 0.153666 0.869247 0.13175 0.87139 0.153666 0.856802 0.13175 0.862194 0.153666 0.877455 0.214194 0.88352 0.153666 0.885663 0.13175 0.87139 0.153666 0.869247 0.13175 0.898108 0.13175 0.885663 0.13175 0.877455 0.214194 0.869247 0.13175 0.869247 0.13175 0.885663 0.13175 0.856802 0.13175 0.885663 0.13175 0.892716 0.153666 0.88352 0.153666 0.898108 0.13175 0.869247 0.13175 0.87139 0.153666 0.856802 0.13175 0.862194 0.153666 0.877455 0.214194 0.88352 0.153666 0.885663 0.13175 0.87139 0.153666 0.869247 0.13175 0.898108 0.13175 0.877455 0.214194 0.885663 0.13175 0.856802 0.13175 0.869247 0.13175 0.885663 0.13175 0.869247 0.13175 0.852638 0.087586 0.859875 0.069071 0.859875 0.087586 0.852638 0.069071 0.859875 0.12002 0.852638 0.12002 0.852638 0.043358 0.859875 0.043358 0.852638 0.017673 0.859875 0.017673 0.898671 0.069071 0.891434 0.087586 0.891434 0.069071 0.898671 0.087586 0.898671 0.12002 0.891434 0.12002 0.891434 0.043358 0.898671 0.043358 0.891434 0.017673 0.898671 0.017673 0.859875 0.087586 0.891434 0.069071 0.859875 0.069071 0.891434 0.087586 0.891434 0.043358 0.859875 0.043358 0.891434 0.017673 0.859875 0.017673 0.859875 0.12002 0.891434 0.12002 0.891434 0.069071 0.859875 0.087586 0.859875 0.069071 0.891434 0.087586 0.859875 0.043358 0.891434 0.043358 0.859875 0.017673 0.891434 0.017673 0.891434 0.12002 0.859875 0.12002 0.891434 0.009967 0.859875 0.009967 0.852638 0.087586 0.859875 0.069071 0.852638 0.069071 0.859875 0.087586 0.852638 0.043358 0.859875 0.043358 0.852638 0.017673 0.859875 0.017673 0.891434 0.087586 0.898671 0.087586 0.898671 0.069071 0.891434 0.069071 0.891434 0.043358 0.898671 0.043358 0.891434 0.017673 0.898671 0.017673 0.859875 0.087586 0.891434 0.087586 0.891434 0.069071 0.859875 0.069071 0.891434 0.043358 0.859875 0.043358 0.891434 0.017673 0.859875 0.017673 0.859875 0.087586 0.891434 0.069071 0.891434 0.087586 0.859875 0.069071 0.859875 0.043358 0.891434 0.043358 0.859875 0.017673 0.891434 0.017673 0.891434 0.009967 0.859875 0.009967 0.922236 0.027958 0.922236 0.027958 0.909416 0.027958 0.935055 0.027958 0.039452 0.385175 0.013522 0.348484 0.039452 0.348484 0.013522 0.385175 0.013522 0.311853 0.039452 0.311595 0.013522 0.29248 0.039452 0.29248 0.039452 0.404464 0.013522 0.404464 0.04478 0.348768 0.093769 0.348739 0.081362 0.383447 0.04478 0.400245 0.081362 0.314089 0.04478 0.297291 0.039452 0.385175 0.013522 0.348484 0.013522 0.385175 0.039452 0.348484 0.013522 0.311853 0.039452 0.311595 0.093769 0.348739 0.081362 0.383447 0.081362 0.314089 0.039452 0.385175 0.013522 0.348484 0.013522 0.385175 0.039452 0.348484 0.013522 0.311853 0.039452 0.311595 0.013522 0.29248 0.039452 0.29248 0.039452 0.404464 0.013522 0.404464 0.04478 0.297291 0.081362 0.383447 0.081362 0.314089 0.04478 0.400245 0.093769 0.348739 0.039452 0.385175 0.013522 0.348484 0.039452 0.348484 0.013522 0.385175 0.013522 0.311853 0.039452 0.311595 0.081362 0.383447 0.081362 0.314089 0.093769 0.348739 0.115051 0.28327 0.161692 0.32916 0.115051 0.32916 0.161692 0.28327 0.161693 0.133571 0.115051 0.180212 0.115051 0.133571 0.161693 0.180212 0.11054 0.180212 0.063803 0.133571 0.11054 0.133571 0.063803 0.180212 0.063803 0.133571 0.11054 0.180212 0.11054 0.133571 0.063803 0.180212 0.161693 0.183972 0.115051 0.229862 0.115051 0.183972 0.161692 0.229862 0.161692 0.233621 0.115051 0.279511 0.115051 0.233621 0.161692 0.279511 0.115051 0.32916 0.11054 0.281014 0.115051 0.28327 0.11054 0.32916 0.115051 0.133571 0.161693 0.12906 0.161693 0.133571 0.115051 0.12906 0.11054 0.133571 0.115051 0.180212 0.11054 0.180212 0.115051 0.133571 0.166203 0.32916 0.161692 0.28327 0.166203 0.281014 0.161692 0.32916 0.161693 0.133571 0.166204 0.180212 0.161693 0.180212 0.166204 0.133571 0.11054 0.180212 0.115051 0.229862 0.11054 0.231365 0.115051 0.183972 0.115051 0.183972 0.161693 0.180212 0.161693 0.183972 0.115051 0.180212 0.161693 0.183972 0.166203 0.231365 0.161692 0.229862 0.166204 0.180212 0.11054 0.231365 0.115051 0.279511 0.11054 0.281014 0.115051 0.233621 0.115051 0.233621 0.161692 0.229862 0.161692 0.233621 0.115051 0.229862 0.161692 0.233621 0.166203 0.281014 0.161692 0.279511 0.166203 0.231365 0.115051 0.28327 0.161692 0.279511 0.161692 0.28327 0.115051 0.279511 0.11054 0.133571 0.115051 0.12906 0.115051 0.133571 0.161693 0.12906 0.166204 0.133571 0.161693 0.133571 0.115051 0.183972 0.11054 0.180212 0.115051 0.180212 0.166204 0.180212 0.161693 0.183972 0.161693 0.180212 0.115051 0.233621 0.11054 0.231365 0.115051 0.229862 0.166203 0.231365 0.161692 0.233621 0.161692 0.229862 0.115051 0.28327 0.11054 0.281014 0.115051 0.279511 0.166203 0.281014 0.161692 0.28327 0.161692 0.279511 0.008567 0.030004 0.027327 0.063818 0.027363 0.030004 0.008532 0.063801 0.027291 0.097699 0.008498 0.097699 0.027276 0.121427 0.008484 0.121427 0.008581 0.006267 0.027378 0.006267 0.027291 0.097699 0.008498 0.097699 0.027327 0.063818 0.008532 0.063801 0.027363 0.030004 0.008567 0.030004 0.137149 0.44395 0.109906 0.513945 0.109906 0.432535 0.137149 0.502106 0.149304 0.473948 0.137149 0.502106 0.137149 0.44395 0.149304 0.473948 0.112953 0.030004 0.112919 0.063903 0.112919 0.063903 0.112885 0.097699 0.112885 0.097699 0.112919 0.063903 0.112953 0.030004 0.112871 0.121427 0.112967 0.006267 0.087719 0.097699 0.112871 0.121427 0.112885 0.097699 0.087719 0.121427 0.087719 0.063875 0.112919 0.063903 0.087719 0.030004 0.112953 0.030004 0.087719 0.006267 0.112967 0.006267 0.087719 0.030004 0.112953 0.030004 0.087719 0.063875 0.112919 0.063903 0.087719 0.097699 0.112885 0.097699 0.060012 0.121427 0.083526 0.097699 0.083512 0.121427 0.060012 0.097699 0.08356 0.063873 0.060012 0.063847 0.083594 0.030004 0.060012 0.030004 0.083609 0.006267 0.060012 0.006267 0.083594 0.030004 0.060012 0.030004 0.08356 0.063873 0.060012 0.063847 0.083526 0.097699 0.060012 0.097699 0.032285 0.063822 0.056041 0.097699 0.056041 0.063845 0.032285 0.097699 0.032285 0.030004 0.056041 0.030004 0.032285 0.006267 0.056041 0.006267 0.056041 0.121427 0.032285 0.121427 0.032285 0.030004 0.056041 0.030004 0.032285 0.063822 0.056041 0.063845 0.032285 0.097699 0.056041 0.097699 0.056041 0.121427 0.060012 0.097699 0.060012 0.121427 0.056041 0.097699 0.060012 0.063847 0.056041 0.063845 0.060012 0.030004 0.056041 0.030004 0.060012 0.006267 0.056041 0.006267 0.056041 0.097699 0.060012 0.097699 0.056041 0.063845 0.060012 0.063847 0.056041 0.030004 0.060012 0.030004 0.083512 0.121427 0.087719 0.097699 0.087719 0.121427 0.083526 0.097699 0.087719 0.063875 0.08356 0.063873 0.087719 0.030004 0.083594 0.030004 0.087719 0.006267 0.083609 0.006267 0.083526 0.097699 0.087719 0.097699 0.08356 0.063873 0.087719 0.063875 0.083594 0.030004 0.087719 0.030004 0.027276 0.121427 0.032285 0.097699 0.032285 0.121427 0.027291 0.097699 0.032285 0.063822 0.027327 0.063818 0.032285 0.030004 0.027363 0.030004 0.032285 0.006267 0.027378 0.006267 0.027291 0.097699 0.032285 0.097699 0.027327 0.063818 0.032285 0.063822 0.027363 0.030004 0.032285 0.030004 0.101294 0.505424 0.072021 0.523255 0.072021 0.505425 0.101294 0.523255 0.101294 0.523255 0.072021 0.505425 0.072021 0.523255 0.101294 0.505424 0.101294 0.505424 0.072021 0.475496 0.072021 0.505425 0.101294 0.475496 0.101294 0.475496 0.072021 0.445585 0.072021 0.475496 0.101294 0.44555 0.101294 0.44555 0.072021 0.427737 0.072021 0.445585 0.101294 0.427737 0.101294 0.427737 0.072021 0.445585 0.072021 0.427737 0.101294 0.44555 0.101294 0.44555 0.072021 0.475496 0.072021 0.445585 0.101294 0.475496 0.101294 0.475496 0.072021 0.505425 0.072021 0.475496 0.101294 0.505424 0.137149 0.502106 0.109906 0.432535 0.109906 0.513945 0.149304 0.473948 0.137149 0.44395 0.149304 0.473948 0.137149 0.502106 0.137149 0.44395 0.101294 0.505424 0.072021 0.523255 0.072021 0.505425 0.101294 0.523255 0.101294 0.523255 0.072021 0.505425 0.072021 0.523255 0.101294 0.505424 0.101294 0.505424 0.072021 0.475496 0.072021 0.505425 0.101294 0.475496 0.101294 0.475496 0.072021 0.445585 0.072021 0.475496 0.101294 0.44555 0.101294 0.44555 0.072021 0.427737 0.072021 0.445585 0.101294 0.427737 0.101294 0.427737 0.072021 0.445585 0.072021 0.427737 0.101294 0.44555 0.101294 0.44555 0.072021 0.475496 0.072021 0.445585 0.101294 0.475496 0.101294 0.475496 0.072021 0.505425 0.072021 0.475496 0.101294 0.505424 0.137149 0.502106 0.109906 0.432535 0.109906 0.513945 0.149304 0.473948 0.137149 0.44395 0.149304 0.473948 0.137149 0.502106 0.137149 0.44395 0.101294 0.505424 0.072021 0.523255 0.072021 0.505425 0.101294 0.523255 0.101294 0.523255 0.072021 0.505425 0.072021 0.523255 0.101294 0.505424 0.101294 0.505424 0.072021 0.475496 0.072021 0.505425 0.101294 0.475496 0.101294 0.475496 0.072021 0.445585 0.072021 0.475496 0.101294 0.44555 0.101294 0.44555 0.072021 0.427737 0.072021 0.445585 0.101294 0.427737 0.101294 0.427737 0.072021 0.445585 0.072021 0.427737 0.101294 0.44555 0.101294 0.44555 0.072021 0.475496 0.072021 0.445585 0.101294 0.475496 0.101294 0.475496 0.072021 0.505425 0.072021 0.475496 0.101294 0.505424 0.137149 0.502106 0.109906 0.432535 0.109906 0.513945 0.149304 0.473948 0.137149 0.44395 0.149304 0.473948 0.137149 0.502106 0.137149 0.44395 0.202163 0.059337 0.22926 0.095725 0.202135 0.095704 0.229288 0.059357 0.229296 0.04891 0.202171 0.048911 0.126963 0.059279 0.126935 0.095646 0.126971 0.04891 0.126921 0.11382 0.202121 0.113878 0.202135 0.095704 0.229288 0.059357 0.202163 0.059337 0.22926 0.095725 0.202171 0.048911 0.229296 0.04891 0.126971 0.04891 0.126963 0.059279 0.126935 0.095646 0.202121 0.113878 0.126921 0.11382 0.202171 0.048911 0.229296 0.04891 0.202171 0.048911 0.229296 0.04891 0.126963 0.059279 0.126971 0.04891 0.126971 0.04891 0.126963 0.059279 0.126935 0.095646 0.126935 0.095646 0.126921 0.11382 0.126921 0.11382 0.126971 0.014837 0.126971 0.04891 0.202171 0.014837 0.126921 0.014837 0.202121 0.04891 0.126921 0.04891 0.202121 0.014837 0.17424 0.268717 0.179789 0.252843 0.179789 0.277492 0.174191 0.249392 0.178171 0.243893 0.199836 0.277455 0.205494 0.249392 0.205543 0.268717 0.199836 0.252843 0.201486 0.243848 0.178171 0.243893 0.199836 0.252843 0.179789 0.252843 0.201486 0.243848 0.179789 0.277492 0.199836 0.277455 0.107506 0.628083 0.093808 0.562874 0.107506 0.572756 0.079333 0.572756 0.079333 0.628083 0.093808 0.637964 0.107506 0.628083 0.118966 0.566221 0.118966 0.634618 0.107506 0.572756 0.118966 0.634618 0.107506 0.572756 0.107506 0.628083 0.118966 0.566221 0.093808 0.562874 0.118966 0.566221 0.107506 0.572756 0.093808 0.552173 0.093808 0.646833 0.107506 0.628083 0.118966 0.634618 0.093808 0.637964 0.107506 0.572756 0.093808 0.552173 0.093808 0.562874 0.118966 0.566221 0.118966 0.634618 0.093808 0.637964 0.093808 0.646833 0.107506 0.628083 0.252339 0.325046 0.282332 0.338851 0.282319 0.311197 0.282339 0.359315 0.252347 0.359315 0.25233 0.290713 0.282332 0.338851 0.252339 0.325046 0.282319 0.311197 0.282313 0.290713 0.517541 0.249233 0.546596 0.183305 0.517541 0.183305 0.546596 0.249233 0.546596 0.249233 0.546596 0.183305 0.305259 0.338851 0.313008 0.359315 0.313 0.338851 0.305265 0.359315 0.305246 0.311197 0.312985 0.311197 0.30524 0.290713 0.312977 0.290713 0.305246 0.311197 0.312985 0.311197 0.305259 0.338851 0.313 0.338851 0.237396 0.345889 0.225346 0.372993 0.238941 0.372993 0.22504 0.345889 0.208312 0.345889 0.206936 0.372992 0.197667 0.372993 0.201623 0.34589 0.176606 0.372993 0.179789 0.34589 0.274296 0.528938 0.253515 0.5589 0.296249 0.5589 0.242113 0.528937 0.198379 0.528938 0.195309 0.5589 0.160568 0.5589 0.176915 0.528938 0.122668 0.5589 0.141112 0.528938 0.160568 0.5589 0.176915 0.528938 0.195309 0.5589 0.198379 0.528938 0.242113 0.528937 0.253515 0.5589 0.122668 0.5589 0.171874 0.619259 0.147823 0.619259 0.160568 0.5589 0.181935 0.671619 0.167612 0.67162 0.19688 0.619259 0.196818 0.671619 0.225477 0.619259 0.253515 0.5589 0.195309 0.5589 0.225477 0.671619 0.264622 0.67162 0.264622 0.619258 0.296249 0.5589 0.253515 0.5589 0.225477 0.619259 0.225477 0.671619 0.19688 0.619259 0.196818 0.671619 0.171874 0.619259 0.181935 0.671619 0.160568 0.5589 0.195309 0.5589 0.197667 0.372993 0.201623 0.34589 0.208312 0.345889 0.206936 0.372992 0.225346 0.372993 0.22504 0.345889 0.206936 0.377122 0.226691 0.406185 0.205015 0.406185 0.225346 0.377122 0.242667 0.406185 0.238941 0.377123 0.19417 0.406185 0.197667 0.377122 0.176606 0.377123 0.171244 0.406185 0.197667 0.377122 0.19417 0.406185 0.206936 0.377122 0.205015 0.406185 0.226691 0.406185 0.225346 0.377122 0.242113 0.525065 0.200983 0.485379 0.233994 0.485379 0.198379 0.525065 0.274296 0.525065 0.25837 0.485379 0.176915 0.525065 0.184608 0.485379 0.155062 0.485379 0.141112 0.525065 0.242113 0.525065 0.233994 0.485379 0.200983 0.485379 0.198379 0.525065 0.184608 0.485379 0.176915 0.525065 0.233994 0.480891 0.20311 0.446055 0.229434 0.446055 0.200983 0.480891 0.25837 0.480891 0.248914 0.446055 0.184608 0.480892 0.189908 0.446056 0.164245 0.446055 0.155062 0.480892 0.233994 0.480891 0.229434 0.446055 0.20311 0.446055 0.200983 0.480891 0.189908 0.446056 0.184608 0.480892 0.205015 0.410349 0.229434 0.442074 0.20311 0.442074 0.226691 0.410349 0.248914 0.442074 0.242668 0.410349 0.19417 0.410349 0.189908 0.442074 0.171244 0.410349 0.164245 0.442074 0.229434 0.442074 0.226691 0.410349 0.20311 0.442074 0.205015 0.410349 0.19417 0.410349 0.189908 0.442074 0.209214 0.314423 0.22504 0.34235 0.208312 0.34235 0.226976 0.314422 0.237396 0.34235 0.24005 0.314422 0.200383 0.314422 0.201623 0.34235 0.179726 0.314422 0.179789 0.34235 0.22504 0.34235 0.226976 0.314422 0.208312 0.34235 0.209214 0.314423 0.201623 0.34235 0.200383 0.314422 0.226976 0.314422 0.24005 0.314422 0.208991 0.286417 0.200383 0.314422 0.179726 0.314422 0.208991 0.286417 0.226976 0.314422 0.209214 0.314423 0.208991 0.286417 0.24005 0.314422 0.226976 0.314422 0.208991 0.286417 0.209214 0.314423 0.200383 0.314422 0.208991 0.286417 0.179726 0.314422 0.200383 0.314422 0.208991 0.286417 0.209214 0.314423 0.226976 0.314422 0.208991 0.286417 0.200383 0.314422 0.209214 0.314423 0.208991 0.286417 0.495629 0.052032 0.55261 0.067275 0.55261 0.052032 0.495629 0.067275 0.477191 0.052032 0.456796 0.052032 0.456796 0.036796 0.477191 0.036796 0.456796 0.021565 0.477191 0.021565 0.456796 0.006313 0.477191 0.006313 0.495629 0.021565 0.495629 0.036796 0.55261 0.036796 0.55261 0.021565 0.495629 0.006314 0.55261 0.006314 0.568221 0.036796 0.568221 0.021565 0.610411 0.036796 0.610411 0.021565 0.568221 0.006313 0.610411 0.006314 0.568221 0.052032 0.568221 0.067275 0.610411 0.067275 0.610411 0.052032 0.653483 0.036796 0.653483 0.021565 0.653482 0.006313 0.653483 0.067275 0.653483 0.052032 0.67633 0.036796 0.67633 0.021565 0.67633 0.006313 0.67633 0.067275 0.67633 0.052032 0.707701 0.036796 0.707701 0.021565 0.707701 0.006313 0.707701 0.067275 0.707701 0.052032 0.779056 0.021565 0.779056 0.006313 0.779056 0.036796 0.779056 0.052032 0.779056 0.067275 0.495629 0.021565 0.55261 0.006314 0.55261 0.021565 0.495629 0.006314 0.477191 0.006314 0.477191 0.021565 0.456796 0.021565 0.456796 0.006314 0.456796 0.036796 0.477191 0.036796 0.456796 0.052032 0.477191 0.052032 0.495629 0.052032 0.495629 0.036796 0.55261 0.036796 0.55261 0.052032 0.568221 0.036796 0.568221 0.052032 0.610411 0.036796 0.610411 0.052032 0.568221 0.021565 0.568221 0.006314 0.610411 0.006314 0.610411 0.021565 0.653482 0.036796 0.653483 0.052032 0.653483 0.006314 0.653482 0.021565 0.67633 0.036796 0.67633 0.052032 0.67633 0.006314 0.67633 0.021565 0.707701 0.036796 0.707701 0.052032 0.707701 0.006314 0.707701 0.021565 0.779056 0.052032 0.779056 0.036796 0.779056 0.021565 0.779056 0.006314 0.779056 0.006313 0.785189 0.021565 0.785189 0.006313 0.779056 0.021565 0.779056 0.036796 0.785189 0.036796 0.785189 0.052032 0.779056 0.052032 0.779056 0.067275 0.785189 0.067275 0.785189 0.052032 0.779056 0.052032 0.779056 0.036796 0.785189 0.036796 0.785189 0.021565 0.779056 0.021565 0.779056 0.006314 0.785189 0.006314 0.785189 0.021565 0.785189 0.006314 0.824499 0.036918 0.785189 0.036796 0.785189 0.052032 0.785189 0.067276 0.785189 0.052032 0.785189 0.036796 0.785189 0.021565 0.272438 0.074767 0.253253 0.083223 0.26313 0.065509 0.259198 0.082123 0.276135 0.055075 0.29128 0.041217 0.295379 0.057999 0.26827 0.049367 0.252834 0.060056 0.257324 0.049169 0.266688 0.035632 0.25322 0.038278 0.287059 0.024464 0.309784 0.030206 0.296606 0.021954 0.264802 0.083282 0.269031 0.087411 0.292057 0.0815 0.311861 0.083006 0.324147 0.036859 0.321372 0.072449 0.336671 0.041068 0.331975 0.07028 0.349258 0.042248 0.343765 0.068798 0.321885 0.095919 0.330472 0.098221 0.337184 0.100932 0.316561 0.094761 0.343402 0.102348 0.352868 0.099309 0.347577 0.107227 0.350716 0.106696 0.346994 0.110825 0.360774 0.104507 0.371368 0.097207 0.368398 0.107196 0.371947 0.107248 0.379789 0.104872 0.391991 0.095246 0.38829 0.10496 0.392605 0.105287 0.398333 0.101885 0.417302 0.075643 0.394131 0.111086 0.370969 0.115817 0.390057 0.066749 0.400466 0.04927 0.4218 0.061429 0.443133 0.065658 0.439615 0.074015 0.438317 0.082849 0.427253 0.083941 0.404636 0.09917 0.426204 0.048716 0.408165 0.038101 0.444761 0.056588 0.445864 0.046962 0.433834 0.039008 0.415922 0.024777 0.383593 0.037096 0.371145 0.070201 0.366445 0.04059 0.353824 0.069206 0.397713 0.029388 0.406214 0.020572 0.370226 0.00698 0.361089 0.00698 0.351612 0.00698 0.381656 0.00698 0.334669 0.00698 0.323547 0.00698 0.316624 0.00698 0.414632 0.096209 0.304386 0.093738 0.311149 0.095322 0.307625 0.107248 0.29845 0.091554 0.292437 0.092787 0.280819 0.088675 0.28596 0.091638 0.286994 0.105031 0.274936 0.089468 0.267377 0.100553 0.012603 0.141195 0.023099 0.175279 0.023099 0.141195 0.012603 0.175279 0.020868 0.246478 0.03092 0.246478 0.023882 0.215777 0.023099 0.141195 0.03092 0.175279 0.030919 0.141195 0.023099 0.175279 0.03874 0.141195 0.047277 0.179046 0.047336 0.141195 0.03874 0.175279 0.03092 0.276331 0.03092 0.246478 0.020868 0.246478 0.030919 0.141195 0.03874 0.175279 0.03874 0.141195 0.03092 0.175279 0.03092 0.246478 0.037957 0.215777 0.030919 0.215777 0.037466 0.246478 0.037957 0.215777 0.03092 0.246478 0.03092 0.276331 0.034193 0.256731 0.03092 0.246478 0.034193 0.256731 0.037466 0.246478 0.03092 0.246478 0.012603 0.141195 0.023099 0.175279 0.012603 0.175279 0.012722 0.182782 0.023159 0.182782 0.023882 0.215777 0.023099 0.141195 0.01417 0.215777 0.020868 0.246478 0.023882 0.215777 0.03092 0.246478 0.023099 0.141195 0.03092 0.175279 0.023099 0.175279 0.030919 0.141195 0.03874 0.141195 0.047277 0.179046 0.03874 0.175279 0.047336 0.141195 0.03092 0.276331 0.020868 0.246478 0.03092 0.246478 0.030919 0.141195 0.03874 0.175279 0.03092 0.175279 0.03874 0.141195 0.03092 0.246478 0.030919 0.215777 0.037957 0.215777 0.037466 0.246478 0.03092 0.246478 0.037957 0.215777 0.03092 0.276331 0.03092 0.246478 0.034193 0.256731 0.034193 0.256731 0.03092 0.246478 0.037466 0.246478 0.012603 0.141195 0.023099 0.175279 0.023099 0.141195 0.012603 0.175279 0.023099 0.141195 0.03092 0.175279 0.030919 0.141195 0.023099 0.175279 0.03874 0.141195 0.047283 0.17905 0.047336 0.141195 0.03874 0.175279 0.03092 0.276331 0.03092 0.246478 0.020868 0.246478 0.020868 0.246478 0.03092 0.246478 0.023882 0.215777 0.030919 0.141195 0.03874 0.175279 0.03874 0.141195 0.03092 0.175279 0.03092 0.246478 0.037957 0.215777 0.030919 0.215777 0.037466 0.246478 0.037957 0.215777 0.03092 0.246478 0.03092 0.276331 0.034193 0.256731 0.03092 0.246478 0.034193 0.256731 0.037466 0.246478 0.03092 0.246478 0.012603 0.141195 0.023099 0.175279 0.012603 0.175279 0.023099 0.141195 0.023099 0.141195 0.03092 0.175279 0.023099 0.175279 0.030919 0.141195 0.03874 0.141195 0.047283 0.17905 0.03874 0.175279 0.047336 0.141195 0.03092 0.276331 0.020868 0.246478 0.03092 0.246478 0.020868 0.246478 0.023882 0.215777 0.03092 0.246478 0.030919 0.141195 0.03874 0.175279 0.03092 0.175279 0.03874 0.141195 0.03092 0.246478 0.030919 0.215777 0.037957 0.215777 0.037466 0.246478 0.03092 0.246478 0.037957 0.215777 0.03092 0.276331 0.03092 0.246478 0.034193 0.256731 0.034193 0.256731 0.03092 0.246478 0.037466 0.246478 0.012603 0.141195 0.023099 0.175279 0.023099 0.141195 0.012603 0.175279 0.023099 0.141195 0.03092 0.175279 0.030919 0.141195 0.023099 0.175279 0.03874 0.141195 0.047262 0.179033 0.047336 0.141195 0.03874 0.175279 0.03092 0.276331 0.03092 0.246478 0.020868 0.246478 0.020868 0.246478 0.03092 0.246478 0.023882 0.215777 0.030919 0.141195 0.03874 0.175279 0.03874 0.141195 0.03092 0.175279 0.03092 0.246478 0.037957 0.215777 0.030919 0.215777 0.037466 0.246478 0.037957 0.215777 0.03092 0.246478 0.03092 0.276331 0.034193 0.256731 0.03092 0.246478 0.034193 0.256731 0.037466 0.246478 0.03092 0.246478 0.012603 0.141195 0.023099 0.175279 0.012603 0.175279 0.023099 0.141195 0.023099 0.141195 0.03092 0.175279 0.023099 0.175279 0.030919 0.141195 0.03874 0.141195 0.047262 0.179033 0.03874 0.175279 0.047336 0.141195 0.03092 0.276331 0.020868 0.246478 0.03092 0.246478 0.020868 0.246478 0.023882 0.215777 0.03092 0.246478 0.030919 0.141195 0.03874 0.175279 0.03092 0.175279 0.03874 0.141195 0.03092 0.246478 0.030919 0.215777 0.037957 0.215777 0.037466 0.246478 0.03092 0.246478 0.037957 0.215777 0.03092 0.276331 0.03092 0.246478 0.034193 0.256731 0.034193 0.256731 0.03092 0.246478 0.037466 0.246478 0.012603 0.141195 0.023099 0.175279 0.023099 0.141195 0.012603 0.175279 0.020868 0.246478 0.03092 0.246478 0.023882 0.215777 0.023099 0.141195 0.03092 0.175279 0.030919 0.141195 0.023099 0.175279 0.03874 0.141195 0.047258 0.17903 0.047336 0.141195 0.03874 0.175279 0.03092 0.276331 0.03092 0.246478 0.020868 0.246478 0.030919 0.141195 0.03874 0.175279 0.03874 0.141195 0.03092 0.175279 0.03092 0.246478 0.037957 0.215777 0.030919 0.215777 0.037466 0.246478 0.037957 0.215777 0.03092 0.246478 0.03092 0.276331 0.034193 0.256731 0.03092 0.246478 0.034193 0.256731 0.037466 0.246478 0.03092 0.246478 0.012603 0.141195 0.023099 0.175279 0.012603 0.175279 0.023099 0.141195 0.020868 0.246478 0.023882 0.215777 0.03092 0.246478 0.023099 0.141195 0.03092 0.175279 0.023099 0.175279 0.030919 0.141195 0.03874 0.141195 0.047258 0.17903 0.03874 0.175279 0.047336 0.141195 0.03092 0.276331 0.020868 0.246478 0.03092 0.246478 0.030919 0.141195 0.03874 0.175279 0.03092 0.175279 0.03874 0.141195 0.03092 0.246478 0.030919 0.215777 0.037957 0.215777 0.037466 0.246478 0.03092 0.246478 0.037957 0.215777 0.03092 0.276331 0.03092 0.246478 0.034193 0.256731 0.034193 0.256731 0.03092 0.246478 0.037466 0.246478 0.075418 0.195017 0.075418 0.24627 0.069666 0.195017 0.063745 0.24627 0.075418 0.290984 0.063745 0.195017 0.063745 0.195017 0.063745 0.24627 0.069666 0.195017 0.075418 0.24627 0.075418 0.195017 0.075418 0.290984 0.075418 0.195017 0.075418 0.24627 0.086255 0.24627 0.075418 0.290984 0.086591 0.195017 0.075418 0.195017 0.086255 0.24627 0.075418 0.24627 0.075418 0.290984 0.086591 0.195017 0.075418 0.195017 0.075418 0.195017 0.086591 0.195017 0.069666 0.195017 0.069666 0.195017 0.063745 0.195017 0.495629 0.052032 0.55261 0.067275 0.55261 0.052032 0.495629 0.067275 0.477191 0.052032 0.456796 0.052032 0.456796 0.036796 0.477191 0.036796 0.456796 0.021565 0.477191 0.021565 0.456796 0.006313 0.477191 0.006313 0.495629 0.021565 0.495629 0.036796 0.55261 0.036796 0.55261 0.021565 0.495629 0.006314 0.55261 0.006314 0.568221 0.036796 0.568221 0.021565 0.610744 0.036796 0.610744 0.021565 0.568221 0.006313 0.610744 0.006314 0.568221 0.052032 0.568221 0.067275 0.610744 0.067275 0.610744 0.052032 0.654324 0.036796 0.654324 0.021565 0.654323 0.006313 0.654324 0.067275 0.654324 0.052032 0.676806 0.036796 0.676806 0.021565 0.676806 0.006313 0.676806 0.067275 0.676806 0.052032 0.707701 0.036796 0.707701 0.021565 0.707701 0.006313 0.707701 0.067275 0.707701 0.052032 0.779056 0.021565 0.779056 0.006313 0.779056 0.052032 0.779056 0.036796 0.779056 0.067275 0.495629 0.021565 0.55261 0.006314 0.55261 0.021565 0.495629 0.006314 0.477191 0.006314 0.477191 0.021565 0.456796 0.021565 0.456796 0.006314 0.456796 0.036796 0.477191 0.036796 0.456796 0.052032 0.477191 0.052032 0.495629 0.052032 0.495629 0.036796 0.55261 0.036796 0.55261 0.052032 0.568221 0.036796 0.568221 0.052032 0.610744 0.036796 0.610744 0.052032 0.568221 0.021565 0.568221 0.006314 0.610744 0.006314 0.610744 0.021565 0.654323 0.036796 0.654324 0.052032 0.654324 0.006314 0.654323 0.021565 0.676806 0.036796 0.676806 0.052032 0.676806 0.006314 0.676806 0.021565 0.707701 0.036796 0.707701 0.052032 0.707701 0.006314 0.707701 0.021565 0.779056 0.052032 0.779056 0.021565 0.779056 0.036796 0.779056 0.006314 0.785189 0.021565 0.785189 0.006314 0.824499 0.036918 0.785189 0.036796 0.785189 0.052032 0.785189 0.067276 0.785189 0.052032 0.785189 0.036796 0.785189 0.021565 0.779056 0.067275 0.785189 0.052032 0.779056 0.052032 0.785189 0.067275 0.779056 0.036796 0.785189 0.036796 0.779056 0.021565 0.785189 0.021565 0.779056 0.006313 0.785189 0.006313 0.779056 0.021565 0.785189 0.006314 0.785189 0.021565 0.779056 0.006314 0.779056 0.036796 0.785189 0.036796 0.779056 0.052032 0.785189 0.052032 0.495629 0.052032 0.55261 0.067275 0.55261 0.052032 0.495629 0.067275 0.477191 0.052032 0.456796 0.052032 0.456796 0.036796 0.477191 0.036796 0.456796 0.021565 0.477191 0.021565 0.456796 0.006313 0.477191 0.006313 0.495629 0.021565 0.495629 0.036796 0.55261 0.036796 0.55261 0.021565 0.495629 0.006314 0.55261 0.006314 0.568221 0.036796 0.568221 0.021565 0.611073 0.036796 0.611073 0.021565 0.568221 0.006313 0.611073 0.006314 0.568221 0.052032 0.568221 0.067275 0.611073 0.067275 0.611073 0.052032 0.654101 0.036796 0.654101 0.021565 0.654101 0.006313 0.654101 0.067275 0.654101 0.052032 0.676782 0.036796 0.676782 0.021565 0.707701 0.036796 0.707701 0.021565 0.676782 0.006313 0.707701 0.006313 0.676782 0.052032 0.707701 0.052032 0.707701 0.067275 0.676782 0.067275 0.779056 0.021565 0.779056 0.006313 0.779056 0.036796 0.779056 0.052032 0.779056 0.067275 0.495629 0.021565 0.55261 0.006314 0.55261 0.021565 0.495629 0.006314 0.477191 0.006314 0.477191 0.021565 0.456796 0.021565 0.456796 0.006314 0.456796 0.036796 0.477191 0.036796 0.456796 0.052032 0.477191 0.052032 0.495629 0.052032 0.495629 0.036796 0.55261 0.036796 0.55261 0.052032 0.568221 0.036796 0.568221 0.052032 0.611073 0.036796 0.611073 0.052032 0.568221 0.021565 0.568221 0.006314 0.611073 0.006314 0.611073 0.021565 0.654101 0.036796 0.654101 0.052032 0.654101 0.006314 0.654101 0.021565 0.676782 0.006314 0.676782 0.021565 0.707701 0.006314 0.707701 0.021565 0.707701 0.036796 0.676782 0.036796 0.676782 0.052032 0.707701 0.052032 0.779056 0.052032 0.779056 0.036796 0.779056 0.021565 0.779056 0.006314 0.779056 0.006313 0.785189 0.021565 0.785189 0.006313 0.779056 0.021565 0.779056 0.036796 0.785189 0.036796 0.785189 0.052032 0.779056 0.052032 0.779056 0.067275 0.785189 0.067275 0.785189 0.052032 0.779056 0.052032 0.779056 0.036796 0.785189 0.036796 0.785189 0.021565 0.779056 0.021565 0.779056 0.006314 0.785189 0.006314 0.785189 0.021565 0.785189 0.006314 0.824499 0.036918 0.785189 0.036796 0.785189 0.052032 0.785189 0.067276 0.785189 0.052032 0.785189 0.036796 0.785189 0.021565 0.419927 0.155722 0.456527 0.144832 0.418774 0.140684 0.380386 0.136122 0.381219 0.155238 0.344714 0.128186 0.337674 0.155465 0.32005 0.115648 0.354383 0.179721 0.384776 0.177233 0.335821 0.172642 0.322837 0.152227 0.42342 0.172243 0.445594 0.161855 0.450217 0.220089 0.465264 0.177142 0.434256 0.195904 0.485455 0.192327 0.42342 0.172243 0.445594 0.161855 0.410172 0.243757 0.39299 0.208096 0.373912 0.257722 0.361349 0.213341 0.354383 0.179721 0.384776 0.177233 0.290813 0.267135 0.291059 0.217063 0.335821 0.172642 0.286459 0.172112 0.222954 0.246866 0.234559 0.202677 0.23462 0.1661 0.237464 0.138124 0.285565 0.139962 0.285006 0.113015 0.32005 0.115648 0.322837 0.152227 0.239877 0.113334 0.211577 0.188766 0.211555 0.165623 0.212376 0.123539 0.189719 0.225897 0.456527 0.144832 0.508139 0.159247 0.174643 0.147656 0.185339 0.136267 0.174421 0.1273 0.187501 0.146341 0.190331 0.15655 0.195597 0.165958 0.174956 0.176509 0.200938 0.17214 0.199787 0.181511 0.195394 0.193714 0.189918 0.195902 0.187688 0.199255 0.185064 0.200505 0.175221 0.200834 0.419927 0.155722 0.418774 0.140684 0.456527 0.144832 0.380386 0.136122 0.381219 0.155238 0.344714 0.128186 0.337674 0.155465 0.32005 0.115648 0.354383 0.179721 0.384776 0.177233 0.335821 0.172642 0.322837 0.152227 0.42342 0.172243 0.445594 0.161855 0.465264 0.177142 0.434256 0.195904 0.42342 0.172243 0.445594 0.161855 0.39299 0.208096 0.361349 0.213341 0.354383 0.179721 0.384776 0.177233 0.291059 0.217063 0.335821 0.172642 0.286459 0.172112 0.234559 0.202677 0.23462 0.1661 0.237464 0.138124 0.285565 0.139962 0.285006 0.113015 0.32005 0.115648 0.322837 0.152227 0.239877 0.113334 0.211577 0.188766 0.211555 0.165623 0.212376 0.123539 0.456527 0.144832 0.185339 0.136267 0.187501 0.146341 0.190331 0.15655 0.195597 0.165958 0.200938 0.17214 0.199787 0.181511 0.195394 0.193714 0.189918 0.195902 0.187688 0.199255 0.185064 0.200505 0.983851 0.027236 0.997264 0.00662 0.997264 0.027236 0.983851 0.00662 0.971684 0.00662 0.971684 0.027236 0.959473 0.00662 0.959473 0.027236 0.946103 0.00662 0.946103 0.027236 0.983851 0.05523 0.997264 0.05523 0.971684 0.306519 0.959473 0.05523 0.946103 0.05523 0.983851 0.05523 0.959473 0.05523 0.983851 0.027236 0.959473 0.027236 0.971684 0.027236 0.983851 0.00662 0.971684 0.00662 0.959473 0.00662 0.997264 0.00662 0.983851 0.00662 0.971684 0.00662 0.983851 0.00662 0.971684 0.00662 0.959473 0.00662 0.946103 0.00662 0.959473 0.00662 0.971684 0.00662 0.932297 0.061119 0.922236 0.051432 0.940466 0.051432 0.922236 0.061119 0.904005 0.051432 0.912175 0.061119 0.906922 0.188067 0.922508 0.222872 0.906922 0.222872 0.922508 0.188067 0.938094 0.222872 0.938094 0.188067 0.940466 0.051432 0.922236 0.027958 0.935055 0.027958 0.922236 0.051432 0.909416 0.027958 0.904005 0.051432 0.938094 0.188067 0.922508 0.066879 0.937123 0.066879 0.922508 0.188067 0.907893 0.066879 0.906922 0.188067 0.931531 0.025811 0.922236 0.025811 0.922236 0.005508 0.922236 0.025811 0.912941 0.025811 0.922236 0.051432 0.922236 0.061119 0.922508 0.222872 0.922508 0.188067 0.922236 0.027958 0.922236 0.051432 0.922508 0.066879 0.922508 0.188067 0.885663 0.13175 0.892716 0.153666 0.88352 0.153666 0.898108 0.13175 0.869247 0.13175 0.87139 0.153666 0.856802 0.13175 0.862194 0.153666 0.877455 0.214194 0.88352 0.153666 0.885663 0.13175 0.87139 0.153666 0.869247 0.13175 0.898108 0.13175 0.877455 0.214194 0.885663 0.13175 0.856802 0.13175 0.869247 0.13175 0.885663 0.13175 0.869247 0.13175 0.885663 0.13175 0.892716 0.153666 0.898108 0.13175 0.88352 0.153666 0.869247 0.13175 0.87139 0.153666 0.856802 0.13175 0.862194 0.153666 0.877455 0.214194 0.88352 0.153666 0.885663 0.13175 0.87139 0.153666 0.869247 0.13175 0.898108 0.13175 0.885663 0.13175 0.877455 0.214194 0.856802 0.13175 0.869247 0.13175 0.885663 0.13175 0.869247 0.13175 0.852638 0.087586 0.859875 0.069071 0.852638 0.069071 0.859875 0.087586 0.859875 0.12002 0.852638 0.12002 0.852638 0.043358 0.859875 0.043358 0.852638 0.017673 0.859875 0.017673 0.898671 0.069071 0.891434 0.087586 0.898671 0.087586 0.891434 0.069071 0.898671 0.12002 0.891434 0.12002 0.891434 0.043358 0.898671 0.043358 0.891434 0.017673 0.898671 0.017673 0.859875 0.087586 0.891434 0.069071 0.891434 0.087586 0.859875 0.069071 0.891434 0.043358 0.859875 0.043358 0.891434 0.017673 0.859875 0.017673 0.859875 0.12002 0.891434 0.12002 0.891434 0.069071 0.859875 0.087586 0.891434 0.087586 0.859875 0.069071 0.859875 0.043358 0.891434 0.043358 0.859875 0.017673 0.891434 0.017673 0.891434 0.12002 0.859875 0.12002 0.891434 0.009967 0.859875 0.009967 0.852638 0.087586 0.859875 0.087586 0.859875 0.069071 0.852638 0.069071 0.852638 0.043358 0.859875 0.043358 0.852638 0.017673 0.859875 0.017673 0.891434 0.087586 0.898671 0.069071 0.891434 0.069071 0.898671 0.087586 0.891434 0.043358 0.898671 0.043358 0.891434 0.017673 0.898671 0.017673 0.859875 0.087586 0.891434 0.069071 0.859875 0.069071 0.891434 0.087586 0.891434 0.043358 0.859875 0.043358 0.891434 0.017673 0.859875 0.017673 0.859875 0.087586 0.891434 0.069071 0.859875 0.069071 0.891434 0.087586 0.859875 0.043358 0.891434 0.043358 0.859875 0.017673 0.891434 0.017673 0.891434 0.009967 0.859875 0.009967 0.922236 0.027958 0.922236 0.027958 0.935055 0.027958 0.909416 0.027958 0.809343 0.066852 0.760131 0.083615 0.809344 0.083615 0.77541 0.092396 0.833228 0.121216 0.77541 0.121216 0.833228 0.092396 0.675821 0.092396 0.675951 0.121216 0.736206 0.121216 0.77541 0.092396 0.675821 0.092396 0.77541 0.121216 0.77541 0.121216 0.675821 0.092396 0.675951 0.121216 0.725677 0.242453 0.692505 0.242453 0.703454 0.219242 0.754068 0.242453 0.507935 0.088925 0.537988 0.107302 0.507935 0.121833 0.537988 0.088925 0.537988 0.121833 0.507935 0.121833 0.537988 0.137849 0.507935 0.137849 0.537988 0.15362 0.507935 0.15362 0.463348 0.121833 0.505717 0.096659 0.505717 0.121833 0.463348 0.107768 0.412289 0.121833 0.463348 0.137378 0.505717 0.134685 0.505717 0.147867 0.505717 0.121833 0.463348 0.121833 0.463348 0.107768 0.505717 0.096659 0.505717 0.121833 0.505717 0.134685 0.505717 0.121833 0.540008 0.107302 0.573343 0.10061 0.573343 0.121833 0.540008 0.121833 0.573343 0.140283 0.540008 0.137849 0.573343 0.158064 0.540008 0.158064 0.809343 0.066852 0.77541 0.092396 0.833228 0.121216 0.833228 0.092396 0.77541 0.121216 0.675821 0.092396 0.736206 0.121216 0.675951 0.121216 0.77541 0.092396 0.77541 0.121216 0.675821 0.092396 0.77541 0.121216 0.675951 0.121216 0.675821 0.092396 0.77541 0.121216 0.833228 0.092396 0.833228 0.121216 0.77541 0.092396 0.725677 0.242453 0.692505 0.242453 0.507935 0.088925 0.537988 0.107302 0.537988 0.088925 0.507935 0.121833 0.537988 0.121833 0.507935 0.121833 0.537988 0.137849 0.507935 0.137849 0.540008 0.107302 0.573343 0.121833 0.573343 0.10061 0.540008 0.121833 0.573343 0.140283 0.540008 0.137849 0.731058 0.336595 0.754811 0.312186 0.731058 0.312186 0.754811 0.336595 0.704471 0.336595 0.704471 0.312186 0.678283 0.336595 0.687309 0.312186 0.731058 0.312186 0.731058 0.336595 0.704471 0.312186 0.704471 0.336595 0.687309 0.312186 0.678283 0.336595 0.669473 0.336595 0.654393 0.336595 0.654393 0.320662 0.66546 0.320662 0.725243 0.348195 0.750507 0.418647 0.750507 0.348195 0.725415 0.41845 0.701371 0.414688 0.701371 0.348195 0.676391 0.348195 0.676391 0.408728 0.655617 0.348195 0.655617 0.407904 0.725415 0.41845 0.725243 0.348195 0.701371 0.414688 0.701371 0.348195 0.676391 0.408728 0.676391 0.348195 0.701371 0.483946 0.72564 0.554294 0.725688 0.483946 0.701371 0.554294 0.676391 0.483946 0.676391 0.554294 0.655617 0.483946 0.655617 0.554294 0.750507 0.554294 0.750507 0.483946 0.750507 0.429612 0.725415 0.429612 0.701371 0.429612 0.676391 0.429612 0.655617 0.429612 0.676391 0.483946 0.676391 0.554294 0.701371 0.483946 0.701371 0.554294 0.725688 0.483946 0.72564 0.554294 0.676391 0.429612 0.701371 0.429612 0.725415 0.429612 0.655617 0.429612 0.655617 0.429612 0.77541 0.121216 0.77541 0.121216 0.321752 0.541494 0.342358 0.529001 0.308323 0.519162 0.342358 0.547322 0.321752 0.568016 0.342358 0.49243 0.291208 0.49243 0.291208 0.507461 0.342358 0.617212 0.361659 0.53787 0.374896 0.617212 0.374896 0.541423 0.321752 0.617212 0.404811 0.617212 0.391229 0.53664 0.404811 0.549114 0.437954 0.617212 0.422443 0.532709 0.454208 0.554334 0.460325 0.617212 0.488899 0.617212 0.485799 0.538662 0.391229 0.498499 0.374896 0.498499 0.504765 0.544148 0.523161 0.617212 0.488211 0.515837 0.527045 0.550571 0.552762 0.617212 0.547095 0.55622 0.576349 0.580097 0.567674 0.562747 0.592905 0.617212 0.592905 0.586156 0.508018 0.485587 0.530263 0.485587 0.548971 0.485587 0.568589 0.530511 0.483964 0.494341 0.484807 0.485587 0.462204 0.485587 0.569004 0.485587 0.581312 0.512654 0.592905 0.485587 0.592905 0.507461 0.350162 0.419621 0.31842 0.385513 0.350162 0.385513 0.31842 0.419621 0.290597 0.385513 0.380168 0.385513 0.380168 0.419621 0.410806 0.419621 0.410806 0.385513 0.440439 0.419648 0.440439 0.385513 0.318394 0.442271 0.266202 0.442271 0.266202 0.385513 0.290597 0.442271 0.290597 0.478945 0.318394 0.478945 0.375076 0.310978 0.406818 0.339464 0.375076 0.339464 0.406818 0.310978 0.347183 0.310978 0.436825 0.339464 0.436825 0.310978 0.460455 0.310978 0.460455 0.339464 0.347124 0.339464 0.322859 0.339464 0.322859 0.310978 0.375076 0.298542 0.347289 0.272068 0.375076 0.272068 0.347183 0.298542 0.322859 0.298542 0.322859 0.272068 0.406818 0.298542 0.406818 0.272068 0.436825 0.298542 0.436825 0.272068 0.447114 0.298542 0.375076 0.346586 0.406818 0.375782 0.375076 0.375782 0.406818 0.346586 0.347124 0.346586 0.436825 0.375782 0.436825 0.346586 0.460455 0.346586 0.467462 0.375782 0.347253 0.375782 0.322859 0.346586 0.322859 0.375782 0.410806 0.385513 0.410806 0.419621 0.380168 0.385513 0.380168 0.419621 0.350162 0.400508 0.350162 0.400508 0.31842 0.385513 0.31842 0.400508 0.350162 0.385513 0.290597 0.385513 0.350146 0.419621 0.31842 0.419621 0.307431 0.442271 0.290597 0.442271 0.307431 0.478945 0.290597 0.478945 0.318394 0.442186 0.318394 0.478945 0.380168 0.419621 0.380168 0.385513 0.375076 0.310978 0.406818 0.339464 0.406818 0.310978 0.375076 0.339464 0.347183 0.310978 0.436825 0.339464 0.436825 0.310978 0.460455 0.310978 0.460455 0.339464 0.347124 0.339464 0.347183 0.298542 0.347289 0.272068 0.375076 0.298542 0.375076 0.272068 0.406818 0.298542 0.406818 0.272068 0.436825 0.298542 0.436825 0.272068 0.447114 0.298542 0.375076 0.346586 0.406818 0.375782 0.406818 0.346586 0.375076 0.375782 0.347124 0.346586 0.436825 0.375782 0.436825 0.346586 0.460455 0.346586 0.467462 0.375782 0.347253 0.375782 0.327246 0.671102 0.327246 0.634737 0.279254 0.634737 0.279254 0.671102 0.375509 0.634737 0.375509 0.671102 0.279254 0.634737 0.327246 0.634737 0.375509 0.634737 0.306297 0.580371 0.306297 0.617212 0.291208 0.586156 0.291208 0.617212 0.477761 0.472275 0.39663 0.450952 0.406435 0.462221 0.494793 0.457192 0.402552 0.441616 0.490811 0.441906 0.426542 0.431131 0.476673 0.430322 0.429112 0.472993 0.450625 0.477617 0.456775 0.42584 0.388591 0.63473 0.404103 0.714037 0.404103 0.641487 0.388591 0.721217 0.417769 0.660606 0.417769 0.691092 0.404103 0.641487 0.404103 0.714037 0.417769 0.660606 0.417769 0.69111 0.435259 0.631124 0.444066 0.686935 0.444066 0.631124 0.48634 0.686935 0.48634 0.648972 0.48634 0.631124 0.474206 0.631124 0.48634 0.665674 0.459653 0.631124 0.48634 0.686935 0.444066 0.686935 0.48634 0.694774 0.444066 0.631124 0.48634 0.686935 0.48634 0.686935 0.459653 0.631124 0.48634 0.648972 0.48634 0.665674 0.474206 0.631124 0.48634 0.631124 0.444066 0.631124 0.48634 0.665674 0.48634 0.686935 0.459653 0.631124 0.48634 0.686935 0.459653 0.631124 0.444066 0.631124 0.48634 0.665674 0.361356 0.498499 0.408714 0.745666 0.464425 0.766728 0.408714 0.766728 0.464425 0.745666 0.408714 0.766728 0.464426 0.781791 0.408714 0.781791 0.464425 0.766728 0.408714 0.781791 0.464425 0.766728 0.408714 0.766728 0.464426 0.781791 0.408714 0.766728 0.464425 0.745666 0.408714 0.745666 0.464425 0.766728 0.408714 0.745666 0.464426 0.730603 0.408714 0.730603 0.464425 0.745666 0.408714 0.730603 0.464425 0.745666 0.408714 0.745666 0.464426 0.730603 0.582847 0.458894 0.523769 0.458894 0.553308 0.458894 0.582847 0.429617 0.523769 0.429617 0.582847 0.458894 0.523769 0.458894 0.513813 0.466735 0.553308 0.458894 0.553308 0.466735 0.523769 0.458894 0.582847 0.458894 0.592803 0.466735 0.582847 0.429617 0.523769 0.429617 0.553308 0.458894 0.582847 0.458894 0.523769 0.458894 0.553308 0.458894 0.582847 0.429617 0.523769 0.429617 0.582847 0.458894 0.523769 0.458894 0.513813 0.466735 0.553308 0.458894 0.553308 0.466735 0.523769 0.458894 0.582847 0.458894 0.592803 0.466735 0.582847 0.429617 0.523769 0.429617 0.553308 0.458894 0.582847 0.458894 0.523769 0.458894 0.553308 0.458894 0.582847 0.429617 0.523769 0.429617 0.582847 0.458894 0.523769 0.458894 0.513813 0.466735 0.553308 0.458894 0.553308 0.466735 0.523769 0.458894 0.582847 0.458894 0.592803 0.466735 0.582847 0.429617 0.523769 0.429617 0.553308 0.458894 0.582847 0.458894 0.523769 0.458894 0.553308 0.458894 0.582847 0.429617 0.523769 0.429617 0.582847 0.458894 0.523769 0.458894 0.513813 0.466735 0.553308 0.458894 0.553308 0.466735 0.523769 0.458894 0.582847 0.458894 0.592803 0.466735 0.582847 0.429617 0.523769 0.429617 0.553308 0.458894 0.582847 0.458894 0.523769 0.458894 0.553308 0.458894 0.582847 0.429617 0.523769 0.429617 0.582847 0.458894 0.523769 0.458894 0.513813 0.466735 0.553308 0.458894 0.553308 0.466735 0.523769 0.458894 0.582847 0.458894 0.592803 0.466735 0.582847 0.429617 0.523769 0.429617 0.553308 0.458894 0.582847 0.458894 0.523769 0.458894 0.553308 0.458894 0.582847 0.429617 0.523769 0.429617 0.582847 0.458894 0.523769 0.458894 0.513813 0.466735 0.553308 0.458894 0.553308 0.466735 0.523769 0.458894 0.582847 0.458894 0.592803 0.466735 0.582847 0.429617 0.523769 0.429617 0.553308 0.458894 0.526339 0.30517 0.554003 0.263779 0.554003 0.307444 0.526339 0.263749 0.503499 0.298298 0.503499 0.26369 0.481448 0.298298 0.481448 0.26366 0.503499 0.298298 0.503499 0.263689 0.526339 0.30517 0.526339 0.263749 0.58785 0.358065 0.612878 0.312718 0.58785 0.312718 0.612878 0.361935 0.637003 0.312718 0.612878 0.387594 0.637003 0.387594 0.637003 0.361935 0.58785 0.387594 0.567219 0.358065 0.567219 0.312718 0.567219 0.387594 0.612878 0.312718 0.58785 0.358065 0.58785 0.312718 0.58785 0.387594 0.612878 0.361935 0.612878 0.387594 0.919012 0.242405 0.891576 0.306171 0.919012 0.295661 0.891576 0.231741 0.919012 0.242405 0.919012 0.295661 0.891576 0.306171 0.919012 0.242405 0.919012 0.295661 0.891576 0.231741 0.919012 0.242405 0.919012 0.295661 0.929401 0.30304 0.891576 0.306171 0.891576 0.317072 0.919012 0.295661 0.919012 0.242405 0.919012 0.295661 0.929401 0.30304 0.919012 0.242405 0.919012 0.242405 0.891576 0.306171 0.919012 0.295661 0.891576 0.231741 0.919012 0.242405 0.919012 0.295661 0.891576 0.306171 0.919012 0.242405 0.919012 0.295661 0.891576 0.231741 0.919012 0.242405 0.919012 0.295661 0.929401 0.30304 0.891576 0.306171 0.891576 0.317072 0.919012 0.295661 0.919012 0.242405 0.919012 0.295661 0.929401 0.30304 0.919012 0.242405 0.919012 0.242405 0.891576 0.306171 0.919012 0.295661 0.891576 0.231741 0.919012 0.242405 0.919012 0.295661 0.891576 0.306171 0.919012 0.242405 0.919012 0.295661 0.891576 0.231741 0.919012 0.242405 0.919012 0.295661 0.929401 0.30304 0.891576 0.306171 0.891576 0.317072 0.919012 0.295661 0.919012 0.242405 0.919012 0.295661 0.929401 0.30304 0.919012 0.242405 0.796273 0.465396 0.78117 0.419793 0.78117 0.465396 0.796273 0.419793 0.766276 0.465396 0.766276 0.419793 0.811383 0.419793 0.811383 0.465396 0.766276 0.480568 0.78117 0.480568 0.766276 0.540693 0.78117 0.540693 0.796273 0.480568 0.796273 0.540693 0.811383 0.480568 0.811383 0.540693 0.811383 0.409923 0.796273 0.409402 0.811383 0.386207 0.78117 0.409923 0.766276 0.409923 0.78117 0.386207 0.766276 0.386207 0.78117 0.375983 0.766276 0.375983 0.796273 0.375928 0.78117 0.465396 0.796273 0.419793 0.796273 0.465396 0.78117 0.419793 0.78117 0.480568 0.796273 0.480568 0.796273 0.540693 0.78117 0.540693 0.796273 0.409402 0.78117 0.409923 0.796273 0.375928 0.78117 0.386207 0.78117 0.375983 0.811383 0.375983 0.796273 0.465396 0.78117 0.419793 0.796273 0.419793 0.78117 0.465396 0.766276 0.465396 0.766276 0.419793 0.811383 0.419793 0.811383 0.465396 0.766276 0.480568 0.78117 0.480568 0.796273 0.480568 0.811383 0.480568 0.811383 0.409923 0.796273 0.409402 0.811383 0.381095 0.796273 0.375928 0.78117 0.386207 0.78117 0.409923 0.766276 0.409923 0.766276 0.386207 0.78117 0.375983 0.766276 0.375983 0.78117 0.465396 0.796273 0.419793 0.78117 0.419793 0.796273 0.465396 0.78117 0.480568 0.796273 0.480568 0.796273 0.409402 0.78117 0.409923 0.796273 0.375928 0.78117 0.386207 0.78117 0.375983 0.796273 0.465396 0.78117 0.419793 0.78117 0.465396 0.796273 0.419793 0.766276 0.465396 0.766276 0.419793 0.811383 0.419793 0.811383 0.465396 0.766276 0.480568 0.78117 0.480568 0.766276 0.540693 0.78117 0.540693 0.796273 0.480568 0.796273 0.540693 0.811383 0.480568 0.811383 0.540693 0.811383 0.409923 0.796273 0.409402 0.811383 0.386207 0.78117 0.409923 0.766276 0.409923 0.78117 0.386207 0.766276 0.386207 0.78117 0.375983 0.766276 0.375983 0.796273 0.375928 0.78117 0.465396 0.796273 0.419793 0.796273 0.465396 0.78117 0.419793 0.78117 0.480568 0.796273 0.480568 0.796273 0.540693 0.78117 0.540693 0.796273 0.409402 0.78117 0.409923 0.796273 0.375928 0.78117 0.386207 0.78117 0.375983 0.811383 0.375983 0.796273 0.465396 0.78117 0.419793 0.796273 0.419793 0.78117 0.465396 0.766276 0.465396 0.766276 0.419793 0.811383 0.419793 0.811383 0.465396 0.766276 0.480568 0.78117 0.480568 0.796273 0.480568 0.811383 0.480568 0.811383 0.409923 0.796273 0.409402 0.811383 0.381095 0.796273 0.375928 0.78117 0.386207 0.78117 0.409923 0.766276 0.409923 0.766276 0.386207 0.78117 0.375983 0.766276 0.375983 0.78117 0.465396 0.796273 0.419793 0.78117 0.419793 0.796273 0.465396 0.78117 0.480568 0.796273 0.480568 0.796273 0.409402 0.78117 0.409923 0.796273 0.375928 0.78117 0.386207 0.78117 0.375983 0.796273 0.465396 0.78117 0.419793 0.78117 0.465396 0.796273 0.419793 0.766276 0.465396 0.766276 0.419793 0.811383 0.419793 0.811383 0.465396 0.766276 0.480568 0.78117 0.480568 0.766276 0.540693 0.78117 0.540693 0.796273 0.480568 0.796273 0.540693 0.811383 0.480568 0.811383 0.540693 0.811383 0.409923 0.796273 0.409402 0.811383 0.386207 0.78117 0.409923 0.78117 0.386207 0.796273 0.375928 0.766276 0.409923 0.766276 0.386207 0.78117 0.375983 0.766276 0.375983 0.811383 0.375983 0.78117 0.465396 0.796273 0.419793 0.796273 0.465396 0.78117 0.419793 0.78117 0.480568 0.796273 0.480568 0.796273 0.540693 0.78117 0.540693 0.796273 0.409402 0.78117 0.409923 0.796273 0.375928 0.78117 0.386207 0.78117 0.375983 0.796273 0.465396 0.78117 0.419793 0.796273 0.419793 0.78117 0.465396 0.766276 0.465396 0.766276 0.419793 0.811383 0.419793 0.811383 0.465396 0.766276 0.480568 0.78117 0.480568 0.796273 0.480568 0.811383 0.480568 0.811383 0.409923 0.796273 0.409402 0.811383 0.381095 0.796273 0.375928 0.78117 0.386207 0.78117 0.409923 0.766276 0.409923 0.766276 0.386207 0.78117 0.375983 0.766276 0.375983 0.78117 0.465396 0.796273 0.419793 0.78117 0.419793 0.796273 0.465396 0.78117 0.480568 0.796273 0.480568 0.796273 0.409402 0.78117 0.409923 0.796273 0.375928 0.78117 0.386207 0.78117 0.375983 0.101294 0.505424 0.072021 0.523255 0.072021 0.505425 0.101294 0.475496 0.072021 0.475496 0.101294 0.44555 0.072021 0.445585 0.101294 0.427737 0.072021 0.427737 0.101294 0.523255 0.072021 0.505425 0.101294 0.505424 0.072021 0.475496 0.101294 0.475496 0.072021 0.445585 0.101294 0.44555 0.109906 0.513945 0.137149 0.44395 0.109906 0.432535 0.137149 0.502106 0.149304 0.473948 0.137149 0.44395 0.137149 0.502106 0.149304 0.473948 0.137149 0.502106 0.109906 0.432535 0.137149 0.44395 0.109906 0.513945 0.149304 0.473948 0.137149 0.44395 0.137149 0.502106 0.149304 0.473948 0.101294 0.505424 0.072021 0.523255 0.072021 0.505425 0.101294 0.475496 0.072021 0.475496 0.101294 0.44555 0.072021 0.445585 0.101294 0.427737 0.072021 0.427737 0.101294 0.523255 0.072021 0.505425 0.101294 0.505424 0.072021 0.475496 0.101294 0.475496 0.072021 0.445585 0.101294 0.44555 0.109906 0.513945 0.137149 0.44395 0.109906 0.432535 0.137149 0.502106 0.149304 0.473948 0.137149 0.44395 0.137149 0.502106 0.149304 0.473948 0.137149 0.502106 0.109906 0.432535 0.137149 0.44395 0.109906 0.513945 0.149304 0.473948 0.137149 0.44395 0.137149 0.502106 0.149304 0.473948 0.101294 0.505424 0.072021 0.523255 0.072021 0.505425 0.101294 0.475496 0.072021 0.475496 0.101294 0.44555 0.072021 0.445585 0.101294 0.427737 0.072021 0.427737 0.101294 0.523255 0.072021 0.505425 0.101294 0.505424 0.072021 0.475496 0.101294 0.475496 0.072021 0.445585 0.101294 0.44555 0.109906 0.513945 0.137149 0.44395 0.109906 0.432535 0.137149 0.502106 0.149304 0.473948 0.137149 0.44395 0.137149 0.502106 0.149304 0.473948 0.137149 0.502106 0.109906 0.432535 0.137149 0.44395 0.109906 0.513945 0.149304 0.473948 0.137149 0.44395 0.137149 0.502106 0.149304 0.473948 0.101294 0.505424 0.072021 0.505425 0.072021 0.523255 0.101294 0.475496 0.072021 0.475496 0.101294 0.44555 0.072021 0.445585 0.101294 0.427737 0.072021 0.427737 0.101294 0.523255 0.072021 0.505425 0.101294 0.505424 0.072021 0.475496 0.101294 0.475496 0.072021 0.445585 0.101294 0.44555 0.109906 0.513945 0.137149 0.44395 0.137149 0.502106 0.109906 0.432535 0.149304 0.473948 0.137149 0.44395 0.137149 0.502106 0.149304 0.473948 0.137149 0.502106 0.109906 0.432535 0.109906 0.513945 0.137149 0.44395 0.149304 0.473948 0.137149 0.44395 0.137149 0.502106 0.149304 0.473948 0.101294 0.505424 0.072021 0.505425 0.072021 0.523255 0.101294 0.475496 0.072021 0.475496 0.101294 0.44555 0.072021 0.445585 0.101294 0.427737 0.072021 0.427737 0.101294 0.523255 0.072021 0.505425 0.101294 0.505424 0.072021 0.475496 0.101294 0.475496 0.072021 0.445585 0.101294 0.44555 0.109906 0.513945 0.137149 0.44395 0.137149 0.502106 0.109906 0.432535 0.149304 0.473948 0.137149 0.44395 0.137149 0.502106 0.149304 0.473948 0.137149 0.502106 0.109906 0.432535 0.109906 0.513945 0.137149 0.44395 0.149304 0.473948 0.137149 0.44395 0.137149 0.502106 0.149304 0.473948 0.101294 0.505424 0.072021 0.505425 0.072021 0.523255 0.101294 0.475496 0.072021 0.475496 0.101294 0.44555 0.072021 0.445585 0.101294 0.427737 0.072021 0.427737 0.101294 0.523255 0.072021 0.505425 0.101294 0.505424 0.072021 0.475496 0.101294 0.475496 0.072021 0.445585 0.101294 0.44555 0.109906 0.513945 0.137149 0.44395 0.137149 0.502106 0.109906 0.432535 0.149304 0.473948 0.137149 0.44395 0.137149 0.502106 0.149304 0.473948 0.137149 0.502106 0.109906 0.432535 0.109906 0.513945 0.137149 0.44395 0.149304 0.473948 0.137149 0.44395 0.137149 0.502106 0.149304 0.473948 0.659068 0.197108 0.659068 0.189784 0.690809 0.197108 0.690809 0.165082 0.659068 0.165082 0.74806 0.197108 0.739057 0.204553 0.734245 0.197108 0.705546 0.204553 0.690809 0.197108 0.690809 0.210247 0.671994 0.202458 0.76182 0.197108 0.659068 0.197108 0.76182 0.136634 0.76182 0.165082 0.74806 0.165082 0.734245 0.165082 0.74806 0.165082 0.76182 0.197108 0.74806 0.197108 0.76182 0.165082 0.734245 0.165082 0.734245 0.197108 0.690809 0.165082 0.690809 0.197108 0.781291 0.128609 0.785849 0.132201 0.781291 0.13245 0.781291 0.203025 0.804103 0.201952 0.83131 0.192237 0.787727 0.128093 0.849599 0.225686 0.797174 0.225686 0.781291 0.225686 0.820797 0.225686 0.785849 0.132201 0.804103 0.201952 0.83131 0.192237 0.849599 0.225686 0.797174 0.225686 0.820797 0.225686 0.83131 0.192237 0.867264 0.20148 0.849599 0.225686 0.83131 0.192237 0.849599 0.225686 0.781291 0.300114 0.799809 0.33613 0.781291 0.325934 0.800039 0.300114 0.817768 0.300114 0.829178 0.350049 0.818855 0.355276 0.832085 0.381934 0.823986 0.300114 0.798372 0.230238 0.820797 0.230238 0.814588 0.242898 0.798372 0.253123 0.814588 0.253123 0.781291 0.230238 0.781291 0.253123 0.798372 0.253123 0.798372 0.230238 0.814588 0.242898 0.820797 0.230238 0.814588 0.253123 0.76182 0.197108 0.76852 0.165082 0.76852 0.197108 0.76182 0.165082 0.76852 0.136634 0.76182 0.136634 0.878635 0.296663 0.863582 0.292608 0.878635 0.253592 0.852438 0.282389 0.852405 0.272113 0.852337 0.244979 0.846533 0.275149 0.852337 0.244979 0.878635 0.244979 0.878635 0.253592 0.817773 0.27415 0.798765 0.257157 0.814588 0.257159 0.798765 0.27415 0.781291 0.25716 0.781291 0.27415 0.798765 0.27415 0.798765 0.257157 0.817773 0.27415 0.814588 0.257159 0.817768 0.296689 0.800039 0.27735 0.817773 0.27735 0.800039 0.296689 0.781291 0.296689 0.823986 0.296689 0.781291 0.27735 0.800039 0.27735 0.800039 0.296689 0.817773 0.27735 0.817768 0.296689 0.823986 0.296689 0.659068 0.136634 0.690809 0.165082 0.659068 0.165082 0.76182 0.136634 0.734245 0.165082 0.667004 0.189101 0.667004 0.197108 0.690809 0.197108 0.659068 0.197108 0.74806 0.197108 0.734245 0.197108 0.739057 0.204553 0.705546 0.204553 0.690809 0.197108 0.690809 0.210247 0.671994 0.202458 0.76182 0.197108 0.659068 0.197108 0.74806 0.165082 0.76182 0.165082 0.734245 0.165082 0.690809 0.165082 0.667004 0.165082 0.659068 0.165082 0.74806 0.165082 0.76182 0.197108 0.76182 0.165082 0.74806 0.197108 0.734245 0.165082 0.734245 0.197108 0.690809 0.165082 0.690809 0.197108 0.799809 0.33613 0.800039 0.300114 0.817768 0.300114 0.829178 0.350049 0.818855 0.355276 0.832085 0.381934 0.823986 0.300114 0.76182 0.197108 0.76852 0.165082 0.76182 0.165082 0.76852 0.197108 0.863582 0.292608 0.852438 0.282389 0.852405 0.272113 0.852337 0.244979 0.846533 0.275149 0.852337 0.244979 0.667004 0.197108 0.640136 0.479488 0.607917 0.447244 0.639681 0.414373 0.607917 0.496267 0.607917 0.398082 0.639681 0.414373 0.640136 0.479488 0.607917 0.398082 0.640136 0.479488 0.639681 0.414373 0.607917 0.496267 0.640136 0.479488 0.639681 0.414373 0.640136 0.479488 0.607917 0.447244 0.639681 0.414373 0.607917 0.496267 0.607917 0.398082 0.639681 0.414373 0.640136 0.479488 0.607917 0.398082 0.640136 0.479488 0.639681 0.414373 0.607917 0.496267 0.640136 0.479488 0.639681 0.414373 0.640136 0.479488 0.607917 0.447244 0.639681 0.414373 0.607917 0.496267 0.607917 0.398082 0.639681 0.414373 0.640136 0.479488 0.607917 0.398082 0.640136 0.479488 0.639681 0.414373 0.607917 0.496267 0.640136 0.479488 0.639681 0.414373 0.640136 0.479488 0.607917 0.447244 0.639681 0.414373 0.607917 0.496267 0.607917 0.398082 0.639681 0.414373 0.640136 0.479488 0.607917 0.398082 0.640136 0.479488 0.639681 0.414373 0.607917 0.496267 0.640136 0.479488 0.639681 0.414373 0.549445 0.6594 0.507441 0.691025 0.507441 0.6594 0.549445 0.691025 0.507441 0.720466 0.549445 0.720466 0.507441 0.746399 0.549445 0.746399 0.549445 0.633355 0.507441 0.633355 0.584496 0.6594 0.584496 0.691025 0.584496 0.720466 0.584496 0.746399 0.584496 0.633355 0.507441 0.720466 0.549445 0.720466 0.507441 0.691025 0.549445 0.691025 0.507441 0.6594 0.549445 0.6594 0.584496 0.720466 0.584496 0.691025 0.584496 0.6594 0.604728 0.65564 0.64953 0.65564 0.604728 0.691706 0.604728 0.545075 0.604728 0.599869 0.604728 0.65564 0.604728 0.65564 0.64953 0.545075 0.604728 0.507602 0.604728 0.545075 0.604728 0.545075 0.64953 0.545075 0.64953 0.65564 0.604728 0.598827 0.604728 0.691706 0.64953 0.65564 0.604728 0.601428 0.64953 0.545075 0.604728 0.507602 0.64953 0.545075 0.64953 0.65564 0.659068 0.189784 0.667004 0.173089 0.659068 0.165082 0.667004 0.189101 0.659068 0.197108 0.667004 0.165082 0.659068 0.165082 0.667004 0.173089 0.690809 0.165082 0.690809 0.165082 0.667004 0.189101 0.690809 0.197108 0.667004 0.173089 0.809343 0.066852 0.809344 0.083615 0.760131 0.083615 0.77541 0.092396 0.833228 0.121216 0.833228 0.092396 0.77541 0.121216 0.675821 0.092396 0.675951 0.121216 0.736206 0.121216 0.77541 0.092396 0.77541 0.121216 0.675821 0.092396 0.77541 0.121216 0.675951 0.121216 0.675821 0.092396 0.725677 0.242453 0.703454 0.219242 0.692505 0.242453 0.754068 0.242453 0.507935 0.088925 0.537988 0.107302 0.537988 0.088925 0.507935 0.121833 0.537988 0.121833 0.507935 0.121833 0.537988 0.137849 0.507935 0.137849 0.537988 0.15362 0.507935 0.15362 0.463348 0.121833 0.505717 0.096659 0.463348 0.107768 0.505717 0.121833 0.412289 0.121833 0.463348 0.137378 0.505717 0.134685 0.505717 0.147867 0.505717 0.121833 0.463348 0.121833 0.463348 0.107768 0.505717 0.096659 0.505717 0.121833 0.505717 0.134685 0.505717 0.121833 0.540008 0.107302 0.573343 0.121833 0.573343 0.10061 0.540008 0.121833 0.573343 0.140283 0.540008 0.137849 0.573343 0.158064 0.540008 0.158064 0.809343 0.066852 0.77541 0.092396 0.833228 0.121216 0.77541 0.121216 0.833228 0.092396 0.675821 0.092396 0.736206 0.121216 0.675951 0.121216 0.77541 0.092396 0.675821 0.092396 0.77541 0.121216 0.77541 0.121216 0.675821 0.092396 0.675951 0.121216 0.77541 0.121216 0.833228 0.121216 0.833228 0.092396 0.77541 0.092396 0.725677 0.242453 0.692505 0.242453 0.507935 0.088925 0.537988 0.107302 0.507935 0.121833 0.537988 0.088925 0.537988 0.121833 0.507935 0.121833 0.537988 0.137849 0.507935 0.137849 0.540008 0.107302 0.573343 0.10061 0.573343 0.121833 0.540008 0.121833 0.573343 0.140283 0.540008 0.137849 0.731058 0.336595 0.754811 0.312186 0.754811 0.336595 0.731058 0.312186 0.704471 0.336595 0.704471 0.312186 0.678283 0.336595 0.687309 0.312186 0.731058 0.312186 0.731058 0.336595 0.704471 0.312186 0.704471 0.336595 0.687309 0.312186 0.678283 0.336595 0.669473 0.336595 0.654393 0.320662 0.654393 0.336595 0.66546 0.320662 0.725243 0.348195 0.750507 0.418647 0.725415 0.41845 0.750507 0.348195 0.701371 0.414688 0.701371 0.348195 0.676391 0.348195 0.676391 0.408728 0.655617 0.348195 0.655617 0.407904 0.725415 0.41845 0.725243 0.348195 0.701371 0.414688 0.701371 0.348195 0.676391 0.408728 0.676391 0.348195 0.701371 0.483946 0.72564 0.554294 0.701371 0.554294 0.725688 0.483946 0.676391 0.483946 0.676391 0.554294 0.655617 0.483946 0.655617 0.554294 0.750507 0.554294 0.750507 0.483946 0.750507 0.429612 0.725415 0.429612 0.701371 0.429612 0.676391 0.429612 0.655617 0.429612 0.676391 0.483946 0.676391 0.554294 0.701371 0.483946 0.701371 0.554294 0.725688 0.483946 0.72564 0.554294 0.676391 0.429612 0.701371 0.429612 0.725415 0.429612 0.655617 0.429612 0.655617 0.429612 0.77541 0.121216 0.77541 0.121216 0.321752 0.541494 0.308323 0.519162 0.342358 0.529001 0.342358 0.547322 0.321752 0.568016 0.342358 0.49243 0.291208 0.49243 0.291208 0.507461 0.361659 0.53787 0.342358 0.617212 0.374896 0.617212 0.374896 0.541423 0.321752 0.617212 0.404811 0.617212 0.391229 0.53664 0.404811 0.549114 0.437954 0.617212 0.422443 0.532709 0.454208 0.554334 0.460325 0.617212 0.488899 0.617212 0.485799 0.538662 0.391229 0.498499 0.374896 0.498499 0.504765 0.544148 0.523161 0.617212 0.488211 0.515837 0.527045 0.550571 0.552762 0.617212 0.547095 0.55622 0.576349 0.580097 0.567674 0.562747 0.592905 0.617212 0.592905 0.586156 0.508018 0.485587 0.530263 0.485587 0.548971 0.485587 0.568589 0.530511 0.483964 0.494341 0.484807 0.485587 0.462204 0.485587 0.569004 0.485587 0.581312 0.512654 0.592905 0.485587 0.592905 0.507461 0.350162 0.419621 0.31842 0.385513 0.31842 0.419621 0.350162 0.385513 0.290597 0.385513 0.380168 0.385513 0.380168 0.419621 0.410806 0.419621 0.410806 0.385513 0.440439 0.419648 0.440439 0.385513 0.318394 0.442271 0.266202 0.385513 0.266202 0.442271 0.290597 0.442271 0.290597 0.478945 0.318394 0.478945 0.375076 0.310978 0.406818 0.339464 0.406818 0.310978 0.375076 0.339464 0.347183 0.310978 0.436825 0.339464 0.436825 0.310978 0.460455 0.310978 0.460455 0.339464 0.347124 0.339464 0.322859 0.339464 0.322859 0.310978 0.375076 0.298542 0.347289 0.272068 0.347183 0.298542 0.375076 0.272068 0.322859 0.298542 0.322859 0.272068 0.406818 0.298542 0.406818 0.272068 0.436825 0.298542 0.436825 0.272068 0.447114 0.298542 0.375076 0.346586 0.406818 0.375782 0.406818 0.346586 0.375076 0.375782 0.347124 0.346586 0.436825 0.375782 0.436825 0.346586 0.460455 0.346586 0.467462 0.375782 0.347253 0.375782 0.322859 0.346586 0.322859 0.375782 0.410806 0.385513 0.410806 0.419621 0.380168 0.385513 0.380168 0.419621 0.350162 0.400508 0.350162 0.400508 0.31842 0.385513 0.350162 0.385513 0.31842 0.400508 0.290597 0.385513 0.350146 0.419621 0.31842 0.419621 0.307431 0.442271 0.290597 0.442271 0.307431 0.478945 0.290597 0.478945 0.318394 0.442186 0.318394 0.478945 0.380168 0.419621 0.380168 0.385513 0.375076 0.310978 0.406818 0.339464 0.375076 0.339464 0.406818 0.310978 0.347183 0.310978 0.436825 0.339464 0.436825 0.310978 0.460455 0.310978 0.460455 0.339464 0.347124 0.339464 0.347183 0.298542 0.347289 0.272068 0.375076 0.298542 0.375076 0.272068 0.406818 0.298542 0.406818 0.272068 0.436825 0.298542 0.436825 0.272068 0.447114 0.298542 0.375076 0.346586 0.406818 0.375782 0.375076 0.375782 0.406818 0.346586 0.347124 0.346586 0.436825 0.375782 0.436825 0.346586 0.460455 0.346586 0.467462 0.375782 0.347253 0.375782 0.327246 0.671102 0.279254 0.634737 0.327246 0.634737 0.279254 0.671102 0.375509 0.634737 0.375509 0.671102 0.279254 0.634737 0.327246 0.634737 0.375509 0.634737 0.306297 0.580371 0.306297 0.617212 0.291208 0.586156 0.291208 0.617212 0.477761 0.472275 0.39663 0.450952 0.494793 0.457192 0.406435 0.462221 0.402552 0.441616 0.490811 0.441906 0.426542 0.431131 0.476673 0.430322 0.429112 0.472993 0.450625 0.477617 0.456775 0.42584 0.388591 0.63473 0.404103 0.714037 0.388591 0.721217 0.404103 0.641487 0.417769 0.660606 0.417769 0.691092 0.404103 0.641487 0.404103 0.714037 0.417769 0.660606 0.417769 0.69111 0.435259 0.631124 0.444066 0.631124 0.444066 0.686935 0.48634 0.686935 0.48634 0.648972 0.474206 0.631124 0.48634 0.631124 0.48634 0.665674 0.459653 0.631124 0.48634 0.686935 0.48634 0.694774 0.444066 0.686935 0.444066 0.631124 0.48634 0.686935 0.48634 0.686935 0.459653 0.631124 0.48634 0.648972 0.474206 0.631124 0.48634 0.665674 0.48634 0.631124 0.444066 0.631124 0.48634 0.665674 0.459653 0.631124 0.48634 0.686935 0.48634 0.686935 0.459653 0.631124 0.48634 0.665674 0.444066 0.631124 0.361356 0.498499 0.408714 0.745666 0.464425 0.766728 0.464425 0.745666 0.408714 0.766728 0.408714 0.766728 0.464426 0.781791 0.464425 0.766728 0.408714 0.781791 0.408714 0.781791 0.464425 0.766728 0.464426 0.781791 0.408714 0.766728 0.408714 0.766728 0.464425 0.745666 0.464425 0.766728 0.408714 0.745666 0.408714 0.745666 0.464426 0.730603 0.464425 0.745666 0.408714 0.730603 0.408714 0.730603 0.464425 0.745666 0.464426 0.730603 0.408714 0.745666 0.523769 0.458894 0.582847 0.458894 0.553308 0.458894 0.523769 0.429617 0.582847 0.429617 0.523769 0.458894 0.582847 0.458894 0.513813 0.466735 0.553308 0.458894 0.523769 0.458894 0.553308 0.466735 0.582847 0.458894 0.592803 0.466735 0.582847 0.429617 0.523769 0.429617 0.553308 0.458894 0.523769 0.458894 0.582847 0.458894 0.553308 0.458894 0.523769 0.429617 0.582847 0.429617 0.523769 0.458894 0.582847 0.458894 0.513813 0.466735 0.553308 0.458894 0.523769 0.458894 0.553308 0.466735 0.582847 0.458894 0.592803 0.466735 0.582847 0.429617 0.523769 0.429617 0.553308 0.458894 0.523769 0.458894 0.582847 0.458894 0.553308 0.458894 0.523769 0.429617 0.582847 0.429617 0.523769 0.458894 0.582847 0.458894 0.513813 0.466735 0.553308 0.458894 0.523769 0.458894 0.553308 0.466735 0.582847 0.458894 0.592803 0.466735 0.582847 0.429617 0.523769 0.429617 0.553308 0.458894 0.523769 0.458894 0.582847 0.458894 0.553308 0.458894 0.523769 0.429617 0.582847 0.429617 0.523769 0.458894 0.582847 0.458894 0.513813 0.466735 0.553308 0.458894 0.523769 0.458894 0.553308 0.466735 0.582847 0.458894 0.592803 0.466735 0.582847 0.429617 0.523769 0.429617 0.553308 0.458894 0.523769 0.458894 0.582847 0.458894 0.553308 0.458894 0.523769 0.429617 0.582847 0.429617 0.523769 0.458894 0.582847 0.458894 0.513813 0.466735 0.553308 0.458894 0.523769 0.458894 0.553308 0.466735 0.582847 0.458894 0.592803 0.466735 0.582847 0.429617 0.523769 0.429617 0.553308 0.458894 0.523769 0.458894 0.582847 0.458894 0.553308 0.458894 0.523769 0.429617 0.582847 0.429617 0.523769 0.458894 0.582847 0.458894 0.513813 0.466735 0.553308 0.458894 0.523769 0.458894 0.553308 0.466735 0.582847 0.458894 0.592803 0.466735 0.582847 0.429617 0.523769 0.429617 0.553308 0.458894 0.503499 0.298298 0.481448 0.298298 0.481448 0.26366 0.503499 0.263689 0.526339 0.30517 0.526339 0.263749 0.554003 0.307444 0.554003 0.263779 0.526339 0.30517 0.526339 0.263749 0.503499 0.298298 0.503499 0.26369 0.58785 0.358065 0.58785 0.312718 0.612878 0.312718 0.612878 0.361935 0.637003 0.312718 0.612878 0.387594 0.637003 0.387594 0.637003 0.361935 0.58785 0.387594 0.567219 0.358065 0.567219 0.312718 0.567219 0.387594 0.612878 0.312718 0.58785 0.358065 0.58785 0.312718 0.58785 0.387594 0.612878 0.361935 0.612878 0.387594 0.919012 0.242405 0.891576 0.306171 0.891576 0.231741 0.919012 0.295661 0.919012 0.242405 0.919012 0.295661 0.891576 0.306171 0.919012 0.242405 0.891576 0.231741 0.919012 0.295661 0.919012 0.242405 0.919012 0.295661 0.929401 0.30304 0.891576 0.306171 0.919012 0.295661 0.891576 0.317072 0.919012 0.242405 0.919012 0.295661 0.929401 0.30304 0.919012 0.242405 0.919012 0.242405 0.891576 0.306171 0.891576 0.231741 0.919012 0.295661 0.919012 0.242405 0.919012 0.295661 0.891576 0.306171 0.919012 0.242405 0.891576 0.231741 0.919012 0.295661 0.919012 0.242405 0.919012 0.295661 0.929401 0.30304 0.891576 0.306171 0.919012 0.295661 0.891576 0.317072 0.919012 0.242405 0.919012 0.295661 0.929401 0.30304 0.919012 0.242405 0.919012 0.242405 0.891576 0.306171 0.891576 0.231741 0.919012 0.295661 0.919012 0.242405 0.919012 0.295661 0.891576 0.306171 0.919012 0.242405 0.891576 0.231741 0.919012 0.295661 0.919012 0.242405 0.919012 0.295661 0.929401 0.30304 0.891576 0.306171 0.919012 0.295661 0.891576 0.317072 0.919012 0.242405 0.919012 0.295661 0.929401 0.30304 0.919012 0.242405 0.796273 0.465396 0.78117 0.419793 0.796273 0.419793 0.78117 0.465396 0.766276 0.465396 0.766276 0.419793 0.811383 0.419793 0.811383 0.465396 0.766276 0.480568 0.78117 0.480568 0.766276 0.540693 0.78117 0.540693 0.796273 0.480568 0.796273 0.540693 0.811383 0.480568 0.811383 0.540693 0.811383 0.409923 0.796273 0.409402 0.811383 0.386207 0.78117 0.409923 0.766276 0.409923 0.78117 0.386207 0.766276 0.386207 0.78117 0.375983 0.766276 0.375983 0.796273 0.375928 0.78117 0.465396 0.796273 0.419793 0.78117 0.419793 0.796273 0.465396 0.78117 0.480568 0.796273 0.480568 0.796273 0.540693 0.78117 0.540693 0.796273 0.409402 0.78117 0.409923 0.796273 0.375928 0.78117 0.386207 0.78117 0.375983 0.811383 0.375983 0.796273 0.465396 0.78117 0.419793 0.78117 0.465396 0.796273 0.419793 0.766276 0.465396 0.766276 0.419793 0.811383 0.419793 0.811383 0.465396 0.766276 0.480568 0.78117 0.480568 0.796273 0.480568 0.811383 0.480568 0.811383 0.409923 0.796273 0.409402 0.811383 0.381095 0.796273 0.375928 0.78117 0.386207 0.78117 0.409923 0.766276 0.409923 0.766276 0.386207 0.78117 0.375983 0.766276 0.375983 0.78117 0.465396 0.796273 0.419793 0.796273 0.465396 0.78117 0.419793 0.78117 0.480568 0.796273 0.480568 0.796273 0.409402 0.78117 0.409923 0.796273 0.375928 0.78117 0.386207 0.78117 0.375983 0.796273 0.465396 0.78117 0.419793 0.796273 0.419793 0.78117 0.465396 0.766276 0.465396 0.766276 0.419793 0.811383 0.419793 0.811383 0.465396 0.766276 0.480568 0.78117 0.480568 0.766276 0.540693 0.78117 0.540693 0.796273 0.480568 0.796273 0.540693 0.811383 0.480568 0.811383 0.540693 0.811383 0.409923 0.796273 0.409402 0.811383 0.386207 0.78117 0.409923 0.766276 0.409923 0.78117 0.386207 0.766276 0.386207 0.78117 0.375983 0.766276 0.375983 0.796273 0.375928 0.78117 0.465396 0.796273 0.419793 0.78117 0.419793 0.796273 0.465396 0.78117 0.480568 0.796273 0.480568 0.796273 0.540693 0.78117 0.540693 0.796273 0.409402 0.78117 0.409923 0.796273 0.375928 0.78117 0.386207 0.78117 0.375983 0.811383 0.375983 0.796273 0.465396 0.78117 0.419793 0.78117 0.465396 0.796273 0.419793 0.766276 0.465396 0.766276 0.419793 0.811383 0.419793 0.811383 0.465396 0.766276 0.480568 0.78117 0.480568 0.796273 0.480568 0.811383 0.480568 0.811383 0.409923 0.796273 0.409402 0.811383 0.381095 0.796273 0.375928 0.78117 0.386207 0.78117 0.409923 0.766276 0.409923 0.766276 0.386207 0.78117 0.375983 0.766276 0.375983 0.78117 0.465396 0.796273 0.419793 0.796273 0.465396 0.78117 0.419793 0.78117 0.480568 0.796273 0.480568 0.796273 0.409402 0.78117 0.409923 0.796273 0.375928 0.78117 0.386207 0.78117 0.375983 0.796273 0.465396 0.78117 0.419793 0.796273 0.419793 0.78117 0.465396 0.766276 0.465396 0.766276 0.419793 0.811383 0.419793 0.811383 0.465396 0.766276 0.480568 0.78117 0.480568 0.766276 0.540693 0.78117 0.540693 0.796273 0.480568 0.796273 0.540693 0.811383 0.480568 0.811383 0.540693 0.811383 0.409923 0.796273 0.409402 0.811383 0.386207 0.78117 0.409923 0.78117 0.386207 0.796273 0.375928 0.811383 0.375983 0.78117 0.375983 0.766276 0.386207 0.766276 0.375983 0.766276 0.409923 0.78117 0.465396 0.796273 0.419793 0.78117 0.419793 0.796273 0.465396 0.78117 0.480568 0.796273 0.480568 0.796273 0.540693 0.78117 0.540693 0.796273 0.409402 0.78117 0.409923 0.796273 0.375928 0.78117 0.386207 0.78117 0.375983 0.796273 0.465396 0.78117 0.419793 0.78117 0.465396 0.796273 0.419793 0.766276 0.465396 0.766276 0.419793 0.811383 0.419793 0.811383 0.465396 0.766276 0.480568 0.78117 0.480568 0.796273 0.480568 0.811383 0.480568 0.811383 0.409923 0.796273 0.409402 0.811383 0.381095 0.796273 0.375928 0.78117 0.386207 0.78117 0.409923 0.766276 0.409923 0.766276 0.386207 0.78117 0.375983 0.766276 0.375983 0.78117 0.465396 0.796273 0.419793 0.796273 0.465396 0.78117 0.419793 0.78117 0.480568 0.796273 0.480568 0.796273 0.409402 0.78117 0.409923 0.796273 0.375928 0.78117 0.386207 0.78117 0.375983 0.101294 0.505424 0.072021 0.505425 0.072021 0.523255 0.101294 0.475496 0.072021 0.475496 0.101294 0.44555 0.072021 0.445585 0.101294 0.427737 0.072021 0.427737 0.101294 0.523255 0.072021 0.505425 0.101294 0.505424 0.072021 0.475496 0.101294 0.475496 0.072021 0.445585 0.101294 0.44555 0.109906 0.513945 0.137149 0.44395 0.137149 0.502106 0.109906 0.432535 0.149304 0.473948 0.137149 0.44395 0.137149 0.502106 0.149304 0.473948 0.137149 0.502106 0.109906 0.432535 0.109906 0.513945 0.137149 0.44395 0.149304 0.473948 0.137149 0.44395 0.137149 0.502106 0.149304 0.473948 0.101294 0.505424 0.072021 0.505425 0.072021 0.523255 0.101294 0.475496 0.072021 0.475496 0.101294 0.44555 0.072021 0.445585 0.101294 0.427737 0.072021 0.427737 0.101294 0.523255 0.072021 0.505425 0.101294 0.505424 0.072021 0.475496 0.101294 0.475496 0.072021 0.445585 0.101294 0.44555 0.109906 0.513945 0.137149 0.44395 0.137149 0.502106 0.109906 0.432535 0.149304 0.473948 0.137149 0.44395 0.137149 0.502106 0.149304 0.473948 0.137149 0.502106 0.109906 0.432535 0.109906 0.513945 0.137149 0.44395 0.149304 0.473948 0.137149 0.44395 0.137149 0.502106 0.149304 0.473948 0.101294 0.505424 0.072021 0.505425 0.072021 0.523255 0.101294 0.475496 0.072021 0.475496 0.101294 0.44555 0.072021 0.445585 0.101294 0.427737 0.072021 0.427737 0.101294 0.523255 0.072021 0.505425 0.101294 0.505424 0.072021 0.475496 0.101294 0.475496 0.072021 0.445585 0.101294 0.44555 0.109906 0.513945 0.137149 0.44395 0.137149 0.502106 0.109906 0.432535 0.149304 0.473948 0.137149 0.44395 0.137149 0.502106 0.149304 0.473948 0.137149 0.502106 0.109906 0.432535 0.109906 0.513945 0.137149 0.44395 0.149304 0.473948 0.137149 0.44395 0.137149 0.502106 0.149304 0.473948 0.101294 0.505424 0.072021 0.523255 0.072021 0.505425 0.101294 0.475496 0.072021 0.475496 0.101294 0.44555 0.072021 0.445585 0.101294 0.427737 0.072021 0.427737 0.101294 0.523255 0.072021 0.505425 0.101294 0.505424 0.072021 0.475496 0.101294 0.475496 0.072021 0.445585 0.101294 0.44555 0.109906 0.513945 0.137149 0.44395 0.109906 0.432535 0.137149 0.502106 0.149304 0.473948 0.137149 0.44395 0.137149 0.502106 0.149304 0.473948 0.137149 0.502106 0.109906 0.432535 0.137149 0.44395 0.109906 0.513945 0.149304 0.473948 0.137149 0.44395 0.137149 0.502106 0.149304 0.473948 0.101294 0.505424 0.072021 0.523255 0.072021 0.505425 0.101294 0.475496 0.072021 0.475496 0.101294 0.44555 0.072021 0.445585 0.101294 0.427737 0.072021 0.427737 0.101294 0.523255 0.072021 0.505425 0.101294 0.505424 0.072021 0.475496 0.101294 0.475496 0.072021 0.445585 0.101294 0.44555 0.109906 0.513945 0.137149 0.44395 0.109906 0.432535 0.137149 0.502106 0.149304 0.473948 0.137149 0.44395 0.137149 0.502106 0.149304 0.473948 0.137149 0.502106 0.109906 0.432535 0.137149 0.44395 0.109906 0.513945 0.149304 0.473948 0.137149 0.44395 0.137149 0.502106 0.149304 0.473948 0.101294 0.505424 0.072021 0.523255 0.072021 0.505425 0.101294 0.475496 0.072021 0.475496 0.101294 0.44555 0.072021 0.445585 0.101294 0.427737 0.072021 0.427737 0.101294 0.523255 0.072021 0.505425 0.101294 0.505424 0.072021 0.475496 0.101294 0.475496 0.072021 0.445585 0.101294 0.44555 0.109906 0.513945 0.137149 0.44395 0.109906 0.432535 0.137149 0.502106 0.149304 0.473948 0.137149 0.44395 0.137149 0.502106 0.149304 0.473948 0.137149 0.502106 0.109906 0.432535 0.137149 0.44395 0.109906 0.513945 0.149304 0.473948 0.137149 0.44395 0.137149 0.502106 0.149304 0.473948 0.659068 0.197108 0.690809 0.197108 0.659068 0.189784 0.690809 0.165082 0.659068 0.165082 0.74806 0.197108 0.734245 0.197108 0.739057 0.204553 0.705546 0.204553 0.690809 0.197108 0.690809 0.210247 0.671994 0.202458 0.76182 0.197108 0.659068 0.197108 0.76182 0.136634 0.74806 0.165082 0.76182 0.165082 0.734245 0.165082 0.74806 0.165082 0.76182 0.197108 0.76182 0.165082 0.74806 0.197108 0.734245 0.165082 0.734245 0.197108 0.690809 0.165082 0.690809 0.197108 0.781291 0.128609 0.781291 0.13245 0.785849 0.132201 0.781291 0.203025 0.804103 0.201952 0.83131 0.192237 0.787727 0.128093 0.849599 0.225686 0.797174 0.225686 0.781291 0.225686 0.820797 0.225686 0.785849 0.132201 0.804103 0.201952 0.83131 0.192237 0.849599 0.225686 0.797174 0.225686 0.820797 0.225686 0.83131 0.192237 0.867264 0.20148 0.849599 0.225686 0.83131 0.192237 0.849599 0.225686 0.781291 0.300114 0.799809 0.33613 0.800039 0.300114 0.781291 0.325934 0.817768 0.300114 0.829178 0.350049 0.818855 0.355276 0.832085 0.381934 0.823986 0.300114 0.798372 0.230238 0.814588 0.242898 0.820797 0.230238 0.798372 0.253123 0.814588 0.253123 0.781291 0.230238 0.781291 0.253123 0.798372 0.253123 0.798372 0.230238 0.814588 0.242898 0.820797 0.230238 0.814588 0.253123 0.76182 0.197108 0.76852 0.165082 0.76182 0.165082 0.76852 0.136634 0.76182 0.136634 0.76852 0.197108 0.878635 0.296663 0.878635 0.253592 0.863582 0.292608 0.852438 0.282389 0.852405 0.272113 0.852337 0.244979 0.846533 0.275149 0.852337 0.244979 0.878635 0.253592 0.878635 0.244979 0.817773 0.27415 0.798765 0.257157 0.798765 0.27415 0.814588 0.257159 0.781291 0.25716 0.781291 0.27415 0.798765 0.27415 0.798765 0.257157 0.817773 0.27415 0.814588 0.257159 0.817768 0.296689 0.800039 0.27735 0.800039 0.296689 0.817773 0.27735 0.781291 0.296689 0.823986 0.296689 0.781291 0.27735 0.800039 0.27735 0.800039 0.296689 0.817773 0.27735 0.817768 0.296689 0.823986 0.296689 0.659068 0.136634 0.659068 0.165082 0.690809 0.165082 0.76182 0.136634 0.734245 0.165082 0.667004 0.189101 0.690809 0.197108 0.667004 0.197108 0.659068 0.197108 0.74806 0.197108 0.739057 0.204553 0.734245 0.197108 0.705546 0.204553 0.690809 0.197108 0.690809 0.210247 0.671994 0.202458 0.76182 0.197108 0.659068 0.197108 0.76182 0.165082 0.74806 0.165082 0.734245 0.165082 0.690809 0.165082 0.667004 0.165082 0.659068 0.165082 0.74806 0.165082 0.76182 0.197108 0.74806 0.197108 0.76182 0.165082 0.734245 0.165082 0.734245 0.197108 0.690809 0.165082 0.690809 0.197108 0.799809 0.33613 0.800039 0.300114 0.817768 0.300114 0.829178 0.350049 0.818855 0.355276 0.832085 0.381934 0.823986 0.300114 0.76182 0.197108 0.76852 0.165082 0.76852 0.197108 0.76182 0.165082 0.863582 0.292608 0.852438 0.282389 0.852405 0.272113 0.852337 0.244979 0.846533 0.275149 0.852337 0.244979 0.667004 0.197108 0.640136 0.479488 0.639681 0.414373 0.607917 0.447244 0.607917 0.496267 0.607917 0.398082 0.639681 0.414373 0.640136 0.479488 0.607917 0.398082 0.640136 0.479488 0.607917 0.496267 0.639681 0.414373 0.640136 0.479488 0.639681 0.414373 0.640136 0.479488 0.639681 0.414373 0.607917 0.447244 0.607917 0.496267 0.607917 0.398082 0.639681 0.414373 0.640136 0.479488 0.607917 0.398082 0.640136 0.479488 0.607917 0.496267 0.639681 0.414373 0.640136 0.479488 0.639681 0.414373 0.640136 0.479488 0.639681 0.414373 0.607917 0.447244 0.607917 0.496267 0.607917 0.398082 0.639681 0.414373 0.640136 0.479488 0.607917 0.398082 0.640136 0.479488 0.607917 0.496267 0.639681 0.414373 0.640136 0.479488 0.639681 0.414373 0.640136 0.479488 0.639681 0.414373 0.607917 0.447244 0.607917 0.496267 0.607917 0.398082 0.639681 0.414373 0.640136 0.479488 0.607917 0.398082 0.640136 0.479488 0.607917 0.496267 0.639681 0.414373 0.640136 0.479488 0.639681 0.414373 0.549445 0.6594 0.507441 0.691025 0.549445 0.691025 0.507441 0.6594 0.507441 0.720466 0.549445 0.720466 0.507441 0.746399 0.549445 0.746399 0.549445 0.633355 0.507441 0.633355 0.584496 0.6594 0.584496 0.691025 0.584496 0.720466 0.584496 0.746399 0.584496 0.633355 0.507441 0.720466 0.549445 0.720466 0.507441 0.691025 0.549445 0.691025 0.507441 0.6594 0.549445 0.6594 0.584496 0.720466 0.584496 0.691025 0.584496 0.6594 0.604728 0.65564 0.64953 0.65564 0.604728 0.65564 0.604728 0.691706 0.604728 0.65564 0.604728 0.545075 0.604728 0.599869 0.64953 0.545075 0.604728 0.507602 0.604728 0.545075 0.64953 0.545075 0.604728 0.545075 0.64953 0.65564 0.604728 0.598827 0.604728 0.691706 0.604728 0.601428 0.64953 0.65564 0.64953 0.545075 0.604728 0.507602 0.64953 0.545075 0.64953 0.65564 0.667004 0.173089 0.659068 0.189784 0.659068 0.165082 0.667004 0.189101 0.659068 0.197108 0.667004 0.165082 0.667004 0.173089 0.659068 0.165082 0.690809 0.165082 0.690809 0.165082 0.667004 0.189101 0.667004 0.173089 0.690809 0.197108 0.960338 0.655141 0.951204 0.636542 0.964828 0.636542 0.951925 0.617934 0.930266 0.617934 0.951204 0.599368 0.973571 0.599368 0.951204 0.580903 0.967474 0.580903 0.971578 0.562253 0.951204 0.562253 0.951204 0.543669 0.985773 0.543669 0.951204 0.525163 0.979553 0.525163 0.9835 0.506511 0.951204 0.506511 0.951204 0.488005 0.997458 0.488004 0.951204 0.469352 0.97834 0.469349 0.951204 0.450727 0.971985 0.450719 0.951204 0.432107 0.976285 0.432092 0.990687 0.413467 0.951204 0.413495 0.972564 0.394841 0.951204 0.394888 0.920571 0.394841 0.921289 0.413467 0.906222 0.432092 0.915718 0.450719 0.923835 0.469349 0.916096 0.488004 0.902155 0.503401 0.918302 0.525163 0.924431 0.543669 0.914891 0.562253 0.941413 0.580903 0.93773 0.599368 0.903515 0.617934 0.931673 0.636542 0.942069 0.655141 0.946568 0.394841 0.972564 0.394841 0.955988 0.413467 0.990687 0.413467 0.976285 0.432092 0.941253 0.432092 0.943851 0.450719 0.971985 0.450719 0.97834 0.469349 0.951087 0.469349 0.997458 0.488004 0.956777 0.488004 0.9835 0.506511 0.942827 0.504956 0.979553 0.525163 0.948928 0.525163 0.955102 0.543669 0.985773 0.543669 0.971578 0.562253 0.943235 0.562253 0.954444 0.580903 0.967474 0.580903 0.95565 0.599368 0.973571 0.599368 0.951925 0.617934 0.92772 0.617934 0.94825 0.636542 0.964828 0.636542 0.941413 0.580903 0.914891 0.562253 0.924431 0.543669 0.918302 0.525163 0.902155 0.503401 0.916096 0.488004 0.923835 0.469349 0.915718 0.450719 0.906222 0.432092 0.921289 0.413467 0.920571 0.394841 0.926767 0.357634 0.93773 0.599368 0.903515 0.617934 0.931673 0.636542 0.951204 0.599368 0.973571 0.599368 0.967474 0.580903 0.985773 0.543669 0.974135 0.441405 0.951204 0.441417 0.990687 0.413467 0.93628 0.320746 0.926767 0.357634 0.906222 0.432092 0.915718 0.450719 0.902155 0.503401 0.918302 0.525163 0.93773 0.599368 0.903515 0.617934 0.93628 0.320746 0.974135 0.441405 0.942552 0.441405 0.97834 0.469349 0.951087 0.469349 0.985773 0.543669 0.95565 0.599368 0.973571 0.599368 0.951925 0.617934 0.941413 0.580903 0.918302 0.525163 0.902155 0.503401 0.93773 0.599368 0.915718 0.450719 0.906222 0.432092 0.921289 0.413467 0.383303 0.95056 0.346555 0.95056 0.365018 0.941738 0.338215 0.941943 0.391091 0.94174 0.408012 0.95056 0.32116 0.95056 0.391613 0.962334 0.408012 0.977549 0.380918 0.977549 0.408012 0.962334 0.354042 0.962334 0.347939 0.977549 0.330248 0.962334 0.32116 0.962334 0.32116 0.977549 0.347939 0.991834 0.32116 0.991834 0.380752 0.991834 0.408012 0.991834 0.383303 0.95056 0.408012 0.962334 0.391613 0.962334 0.408012 0.95056 0.346555 0.95056 0.354042 0.962334 0.330248 0.962334 0.32116 0.95056 0.32116 0.962334 0.346555 0.95056 0.383303 0.95056 0.365014 0.941938 0.391613 0.962334 0.380918 0.977549 0.354042 0.962334 0.347939 0.977549 0.330248 0.962334 0.347939 0.991834 0.380752 0.991834 0.383303 0.95056 0.391613 0.962334 0.346555 0.95056 0.354042 0.962334 0.330248 0.962334 0.484025 0.838865 0.512569 0.838865 0.512569 0.869832 0.551824 0.869832 0.551824 0.838865 0.484025 0.869832 0.590493 0.869832 0.590493 0.838865 0.618502 0.869832 0.618502 0.838865 0.590493 0.838865 0.590493 0.869832 0.551824 0.838865 0.551824 0.869832 0.512569 0.838865 0.512569 0.869832 0.620438 0.896942 0.599908 0.899612 0.563588 0.899385 0.554901 0.911453 0.528439 0.911453 0.528439 0.899385 0.646835 0.899449 0.619867 0.894929 0.670806 0.900244 0.646835 0.899449 0.620438 0.896942 0.599908 0.899612 0.563588 0.899385 0.554901 0.911453 0.564352 0.898324 0.528439 0.898324 0.600209 0.898324 0.619867 0.894929 0.564352 0.898324 0.600209 0.898324 0.282332 0.338851 0.284155 0.359315 0.282339 0.359315 0.284149 0.338851 0.282319 0.311197 0.284136 0.311197 0.282313 0.290713 0.28413 0.290713 0.282319 0.311197 0.284136 0.311197 0.282332 0.338851 0.284149 0.338851 0.298074 0.311197 0.305259 0.338851 0.298084 0.338851 0.305265 0.359315 0.305246 0.311197 0.298069 0.290713 0.298089 0.359315 0.30524 0.290713 0.305259 0.338851 0.298084 0.338851 0.305246 0.311197 0.298074 0.311197 0.284155 0.359315 0.298084 0.338851 0.284149 0.338851 0.298074 0.311197 0.284136 0.311197 0.298069 0.290713 0.298089 0.359315 0.28413 0.290713 0.284149 0.338851 0.298084 0.338851 0.284136 0.311197 0.298074 0.311197 0.023159 0.182782 0.012722 0.182782 0.01417 0.215777 0.023882 0.215777 0.03092 0.182782 0.023159 0.182782 0.030919 0.215777 0.023882 0.215777 0.03092 0.246478 0.038681 0.182782 0.04577 0.215777 0.037957 0.215777 0.037466 0.246478 0.038681 0.182782 0.03092 0.182782 0.03092 0.182782 0.023159 0.182782 0.030919 0.215777 0.023882 0.215777 0.03092 0.246478 0.038681 0.182782 0.04577 0.215777 0.037957 0.215777 0.037466 0.246478 0.038681 0.182782 0.03092 0.182782 0.023152 0.182782 0.01271 0.182782 0.01417 0.215777 0.023882 0.215777 0.020868 0.246478 0.03092 0.182782 0.023152 0.182782 0.030919 0.215777 0.023882 0.215777 0.03092 0.246478 0.038687 0.182782 0.04577 0.215777 0.037957 0.215777 0.037466 0.246478 0.038687 0.182782 0.03092 0.182782 0.023152 0.182782 0.01271 0.182782 0.023882 0.215777 0.01417 0.215777 0.020868 0.246478 0.03092 0.182782 0.023152 0.182782 0.030919 0.215777 0.023882 0.215777 0.03092 0.246478 0.038687 0.182782 0.04577 0.215777 0.037957 0.215777 0.037466 0.246478 0.038687 0.182782 0.03092 0.182782 0.023174 0.182782 0.012753 0.182782 0.01417 0.215777 0.023882 0.215777 0.020868 0.246478 0.03092 0.182782 0.023174 0.182782 0.030919 0.215777 0.023882 0.215777 0.03092 0.246478 0.038665 0.182782 0.04577 0.215777 0.037957 0.215777 0.037466 0.246478 0.038665 0.182782 0.03092 0.182782 0.023174 0.182782 0.012753 0.182782 0.023882 0.215777 0.01417 0.215777 0.020868 0.246478 0.03092 0.182782 0.023174 0.182782 0.030919 0.215777 0.023882 0.215777 0.03092 0.246478 0.038665 0.182782 0.04577 0.215777 0.037957 0.215777 0.037466 0.246478 0.038665 0.182782 0.03092 0.182782 0.023178 0.182782 0.012761 0.182782 0.01417 0.215777 0.023882 0.215777 0.03092 0.182782 0.023178 0.182782 0.030919 0.215777 0.023882 0.215777 0.03092 0.246478 0.038661 0.182782 0.04577 0.215777 0.037957 0.215777 0.037466 0.246478 0.038661 0.182782 0.03092 0.182782 0.023178 0.182782 0.012761 0.182782 0.023882 0.215777 0.01417 0.215777 0.03092 0.182782 0.023178 0.182782 0.030919 0.215777 0.023882 0.215777 0.03092 0.246478 0.038661 0.182782 0.04577 0.215777 0.037957 0.215777 0.037466 0.246478 0.038661 0.182782 0.03092 0.182782 0.282332 0.338851 0.284155 0.359315 0.284149 0.338851 0.282319 0.311197 0.282339 0.359315 0.284136 0.311197 0.282313 0.290713 0.28413 0.290713 0.282319 0.311197 0.284136 0.311197 0.282332 0.338851 0.284149 0.338851 0.298074 0.311197 0.305259 0.338851 0.305246 0.311197 0.298069 0.290713 0.298084 0.338851 0.305265 0.359315 0.298089 0.359315 0.30524 0.290713 0.305259 0.338851 0.298084 0.338851 0.305246 0.311197 0.298074 0.311197 0.284155 0.359315 0.298084 0.338851 0.298089 0.359315 0.284149 0.338851 0.298074 0.311197 0.284136 0.311197 0.298069 0.290713 0.28413 0.290713 0.284149 0.338851 0.298084 0.338851 0.284136 0.311197 0.298074 0.311197 0.023159 0.182782 0.012722 0.182782 0.01417 0.215777 0.023882 0.215777 0.03092 0.182782 0.023159 0.182782 0.030919 0.215777 0.023882 0.215777 0.03092 0.246478 0.038681 0.182782 0.04577 0.215777 0.037957 0.215777 0.037466 0.246478 0.038681 0.182782 0.03092 0.182782 0.03092 0.182782 0.023159 0.182782 0.030919 0.215777 0.023882 0.215777 0.03092 0.246478 0.038681 0.182782 0.04577 0.215777 0.037957 0.215777 0.037466 0.246478 0.038681 0.182782 0.03092 0.182782 0.023152 0.182782 0.01271 0.182782 0.01417 0.215777 0.023882 0.215777 0.020868 0.246478 0.03092 0.182782 0.023152 0.182782 0.030919 0.215777 0.023882 0.215777 0.03092 0.246478 0.038687 0.182782 0.04577 0.215777 0.037957 0.215777 0.037466 0.246478 0.038687 0.182782 0.03092 0.182782 0.023152 0.182782 0.01271 0.182782 0.023882 0.215777 0.01417 0.215777 0.020868 0.246478 0.03092 0.182782 0.023152 0.182782 0.030919 0.215777 0.023882 0.215777 0.03092 0.246478 0.038687 0.182782 0.04577 0.215777 0.037957 0.215777 0.037466 0.246478 0.038687 0.182782 0.03092 0.182782 0.023174 0.182782 0.012753 0.182782 0.01417 0.215777 0.023882 0.215777 0.020868 0.246478 0.03092 0.182782 0.023174 0.182782 0.030919 0.215777 0.023882 0.215777 0.03092 0.246478 0.038665 0.182782 0.04577 0.215777 0.037957 0.215777 0.037466 0.246478 0.038665 0.182782 0.03092 0.182782 0.023174 0.182782 0.012753 0.182782 0.023882 0.215777 0.01417 0.215777 0.020868 0.246478 0.03092 0.182782 0.023174 0.182782 0.030919 0.215777 0.023882 0.215777 0.03092 0.246478 0.038665 0.182782 0.04577 0.215777 0.037957 0.215777 0.037466 0.246478 0.038665 0.182782 0.03092 0.182782 0.023178 0.182782 0.012761 0.182782 0.01417 0.215777 0.023882 0.215777 0.03092 0.182782 0.023178 0.182782 0.030919 0.215777 0.023882 0.215777 0.03092 0.246478 0.038661 0.182782 0.04577 0.215777 0.037957 0.215777 0.037466 0.246478 0.038661 0.182782 0.03092 0.182782 0.023178 0.182782 0.012761 0.182782 0.023882 0.215777 0.01417 0.215777 0.03092 0.182782 0.023178 0.182782 0.030919 0.215777 0.023882 0.215777 0.03092 0.246478 0.038661 0.182782 0.04577 0.215777 0.037957 0.215777 0.037466 0.246478 0.038661 0.182782 0.03092 0.182782 0.841116 0.083615 0.826772 0.069347 0.826772 0.083615 0.841116 0.06467 0.833228 0.092396 0.77541 0.092396 0.725677 0.276767 0.692505 0.242453 0.725677 0.242453 0.692505 0.276767 0.775033 0.276767 0.754068 0.242453 0.692505 0.276767 0.663084 0.242453 0.692505 0.242453 0.663084 0.276767 0.769971 0.302147 0.725677 0.276767 0.775033 0.276767 0.576169 0.07436 0.599914 0.07436 0.599914 0.09664 0.576169 0.09664 0.599914 0.121833 0.576169 0.121833 0.599914 0.141529 0.576169 0.141529 0.599914 0.16085 0.576169 0.16085 0.573343 0.080402 0.540008 0.080402 0.602561 0.09664 0.602561 0.07436 0.640331 0.121832 0.657815 0.121832 0.602561 0.121833 0.630919 0.139153 0.648792 0.133804 0.613047 0.148579 0.602561 0.141529 0.602561 0.16085 0.657148 0.13189 0.826772 0.069347 0.841116 0.06467 0.725677 0.276767 0.692505 0.242453 0.692505 0.276767 0.725677 0.242453 0.775033 0.276767 0.754068 0.242453 0.692505 0.276767 0.692505 0.242453 0.769971 0.302147 0.775033 0.276767 0.725677 0.276767 0.576169 0.07436 0.599914 0.09664 0.599914 0.07436 0.576169 0.09664 0.599914 0.121833 0.576169 0.121833 0.599914 0.141529 0.576169 0.141529 0.573343 0.080402 0.540008 0.080402 0.602561 0.09664 0.602561 0.121833 0.640331 0.121832 0.630919 0.139153 0.648792 0.133804 0.613047 0.148579 0.602561 0.141529 0.602561 0.16085 0.602561 0.07436 0.668547 0.317328 0.669473 0.336595 0.704471 0.302004 0.687322 0.302004 0.654393 0.311671 0.654393 0.302004 0.731058 0.302004 0.731058 0.312186 0.754811 0.302004 0.754811 0.312186 0.654393 0.317328 0.668547 0.317328 0.669473 0.336595 0.687309 0.312186 0.687322 0.302004 0.704471 0.312186 0.704471 0.302004 0.731058 0.312186 0.731058 0.302004 0.66546 0.320662 0.669473 0.336595 0.66546 0.320662 0.669473 0.336595 0.668547 0.317328 0.654393 0.317328 0.66546 0.320662 0.668547 0.317328 0.654393 0.320662 0.66546 0.320662 0.668547 0.317328 0.66546 0.320662 0.668547 0.317328 0.669473 0.336595 0.63758 0.263146 0.649744 0.18537 0.649744 0.273924 0.610431 0.263146 0.610434 0.273924 0.63758 0.195908 0.610434 0.18537 0.610431 0.195908 0.63758 0.263146 0.649744 0.273924 0.649744 0.18537 0.63758 0.195908 0.610431 0.195908 0.63758 0.263146 0.610431 0.263146 0.63758 0.195908 0.63758 0.263146 0.63758 0.195908 0.63758 0.195908 0.610431 0.263146 0.63758 0.263146 0.610431 0.195908 0.63758 0.263146 0.63758 0.195908 0.63758 0.263146 0.649744 0.18537 0.63758 0.195908 0.610434 0.18537 0.610431 0.195908 0.649744 0.273924 0.610431 0.263146 0.610434 0.273924 0.63758 0.263146 0.649744 0.273924 0.649744 0.18537 0.63758 0.195908 0.610431 0.195908 0.63758 0.263146 0.63758 0.195908 0.610431 0.263146 0.63758 0.263146 0.63758 0.195908 0.63758 0.195908 0.610431 0.263146 0.610431 0.195908 0.63758 0.263146 0.63758 0.263146 0.63758 0.195908 0.554003 0.355744 0.526339 0.399368 0.554003 0.39861 0.526339 0.356672 0.554003 0.355744 0.526339 0.399368 0.526339 0.356672 0.554003 0.39861 0.503499 0.400017 0.503499 0.359194 0.481448 0.401318 0.481448 0.360605 0.503499 0.400017 0.503499 0.359194 0.526339 0.399368 0.526339 0.356672 0.612878 0.289669 0.637003 0.289669 0.58785 0.289669 0.567219 0.289669 0.612878 0.289669 0.58785 0.289669 0.589268 0.262864 0.600581 0.187856 0.600656 0.275186 0.566092 0.262864 0.566092 0.275186 0.589268 0.200625 0.566092 0.187856 0.566092 0.200625 0.589268 0.262864 0.566092 0.200625 0.566092 0.262864 0.589268 0.200625 0.566092 0.231668 0.589268 0.262864 0.566092 0.262864 0.589268 0.200625 0.566092 0.200625 0.589268 0.200625 0.600581 0.187856 0.589268 0.262864 0.600656 0.275186 0.589268 0.262864 0.589268 0.200625 0.589268 0.262864 0.589268 0.200625 0.841116 0.083615 0.826772 0.069347 0.841116 0.06467 0.826772 0.083615 0.833228 0.092396 0.77541 0.092396 0.725677 0.276767 0.692505 0.242453 0.692505 0.276767 0.725677 0.242453 0.775033 0.276767 0.754068 0.242453 0.692505 0.276767 0.663084 0.242453 0.663084 0.276767 0.692505 0.242453 0.769971 0.302147 0.775033 0.276767 0.725677 0.276767 0.576169 0.07436 0.599914 0.09664 0.599914 0.07436 0.576169 0.09664 0.599914 0.121833 0.576169 0.121833 0.599914 0.141529 0.576169 0.141529 0.599914 0.16085 0.576169 0.16085 0.573343 0.080402 0.540008 0.080402 0.602561 0.09664 0.640331 0.121832 0.602561 0.07436 0.657815 0.121832 0.602561 0.121833 0.630919 0.139153 0.648792 0.133804 0.613047 0.148579 0.602561 0.141529 0.602561 0.16085 0.657148 0.13189 0.826772 0.069347 0.841116 0.06467 0.725677 0.276767 0.692505 0.242453 0.725677 0.242453 0.692505 0.276767 0.775033 0.276767 0.754068 0.242453 0.692505 0.276767 0.692505 0.242453 0.769971 0.302147 0.725677 0.276767 0.775033 0.276767 0.576169 0.07436 0.599914 0.07436 0.599914 0.09664 0.576169 0.09664 0.599914 0.121833 0.576169 0.121833 0.599914 0.141529 0.576169 0.141529 0.573343 0.080402 0.540008 0.080402 0.602561 0.09664 0.640331 0.121832 0.602561 0.121833 0.630919 0.139153 0.648792 0.133804 0.613047 0.148579 0.602561 0.141529 0.602561 0.16085 0.602561 0.07436 0.668547 0.317328 0.669473 0.336595 0.704471 0.302004 0.687322 0.302004 0.654393 0.311671 0.654393 0.302004 0.731058 0.302004 0.731058 0.312186 0.754811 0.302004 0.754811 0.312186 0.654393 0.317328 0.668547 0.317328 0.669473 0.336595 0.687309 0.312186 0.687322 0.302004 0.704471 0.312186 0.704471 0.302004 0.731058 0.312186 0.731058 0.302004 0.66546 0.320662 0.669473 0.336595 0.66546 0.320662 0.668547 0.317328 0.669473 0.336595 0.654393 0.317328 0.66546 0.320662 0.654393 0.320662 0.668547 0.317328 0.66546 0.320662 0.668547 0.317328 0.66546 0.320662 0.669473 0.336595 0.668547 0.317328 0.63758 0.263146 0.649744 0.18537 0.63758 0.195908 0.610434 0.18537 0.610431 0.195908 0.649744 0.273924 0.610431 0.263146 0.610434 0.273924 0.63758 0.263146 0.649744 0.273924 0.649744 0.18537 0.63758 0.195908 0.610431 0.195908 0.63758 0.263146 0.63758 0.195908 0.610431 0.263146 0.63758 0.263146 0.63758 0.195908 0.63758 0.195908 0.610431 0.263146 0.610431 0.195908 0.63758 0.263146 0.63758 0.263146 0.63758 0.195908 0.63758 0.263146 0.649744 0.18537 0.649744 0.273924 0.610431 0.263146 0.610434 0.273924 0.63758 0.195908 0.610434 0.18537 0.610431 0.195908 0.63758 0.263146 0.649744 0.273924 0.649744 0.18537 0.63758 0.195908 0.610431 0.195908 0.63758 0.263146 0.610431 0.263146 0.63758 0.195908 0.63758 0.263146 0.63758 0.195908 0.63758 0.195908 0.610431 0.263146 0.63758 0.263146 0.610431 0.195908 0.63758 0.263146 0.63758 0.195908 0.526339 0.356672 0.554003 0.39861 0.526339 0.399368 0.554003 0.355744 0.503499 0.359194 0.503499 0.400017 0.481448 0.360605 0.481448 0.401318 0.526339 0.399368 0.526339 0.356672 0.503499 0.400017 0.503499 0.359194 0.612878 0.289669 0.637003 0.289669 0.58785 0.289669 0.567219 0.289669 0.612878 0.289669 0.58785 0.289669 0.589268 0.262864 0.600581 0.187856 0.589268 0.200625 0.566092 0.187856 0.566092 0.200625 0.600656 0.275186 0.566092 0.262864 0.566092 0.275186 0.589268 0.262864 0.566092 0.200625 0.589268 0.200625 0.566092 0.262864 0.566092 0.231668 0.566092 0.262864 0.589268 0.262864 0.589268 0.200625 0.566092 0.200625 0.589268 0.262864 0.600581 0.187856 0.600656 0.275186 0.589268 0.200625 0.589268 0.262864 0.589268 0.200625 0.589268 0.262864 0.589268 0.200625</float_array>
          <technique_common>
            <accessor source="#GeometrySource10-array" count="7997" stride="2">
              <param name="S" type="float"/>
              <param name="T" type="float"/>
            </accessor>
          </technique_common>
        </source>
        <source id="GeometrySource11" name="chr745Clr">
          <float_array id="GeometrySource11-array" count="31988">1 0.8 0 0.576471 1 0.8 0 0.576471 1 0.8 0 0.576471 1 0.8 0 0.576471 1 0.8 0 0.576471 1 0.8 0 0.576471 1 0.8 0 0.576471 1 0.8 0 0.576471 1 0.8 0 0.576471 1 0.8 0 0.576471 1 0.8 0 0.576471 1 0.8 0 0.576471 1 0.8 0 0.576471 1 0.8 0 0.576471 1 0.8 0 0.576471 1 0.8 0 0.576471 1 0.8 0 0.576471 1 0.8 0 0.576471 1 0.8 0 0.576471 1 0.8 0 0.576471 1 0.8 0 0.576471 1 0.8 0 0.576471 1 0.8 0 0.576471 1 0.8 0 0.576471 1 0.8 0 0.576471 1 0.8 0 0.576471 1 0.8 0 0.576471 1 0.8 0 0.576471 1 0.8 0 0.576471 1 0.8 0 0.576471 1 0.8 0 0.576471 1 0.8 0 0.576471 1 0.8 0 0.576471 1 0.8 0 0.576471 1 0.8 0 0.576471 1 0.8 0 0.576471 1 0.8 0 0.576471 1 0.8 0 0.576471 1 0.8 0 0.576471 1 0.8 0 0.576471 1 0.8 0 0.576471 1 0.8 0 0.576471 1 0.8 0 0.576471 1 0.8 0 0.576471 1 0.8 0 0.576471 1 0.8 0 0.576471 1 0.8 0 0.576471 1 0.8 0 0.576471 1 0.8 0 0.576471 1 0.8 0 0.576471 1 0.8 0 0.576471 1 0.8 0 0.576471 1 0.8 0 0.576471 1 0.8 0 0.576471 1 0.8 0 0.576471 1 0.8 0 0.576471 1 0.8 0 0.576471 1 0.8 0 0.576471 1 0.8 0 0.576471 1 0.8 0 0.576471 1 0.8 0 0.576471 1 0.8 0 0.576471 1 0.8 0 0.576471 1 0.8 0 0.576471 1 0.8 0 0.576471 1 0.8 0 0.576471 1 0.8 0 0.576471 1 0.8 0 0.576471 1 0.8 0 0.576471 1 0.8 0 0.576471 1 0.8 0 0.576471 1 0.8 0 0.576471 1 0.8 0 0.576471 1 0.8 0 0.576471 1 0.8 0 0.576471 1 0.8 0 0.576471 1 0.8 0 0.576471 1 0.8 0 0.576471 1 0.8 0 0.576471 1 0.8 0 0.576471 1 0.8 0 0.576471 1 0.8 0 0.576471 1 0.8 0 0.576471 1 0.8 0 0.576471 1 0.8 0 0.576471 1 0.8 0 0.576471 1 0.8 0 0.576471 1 0.8 0 0.576471 1 0.8 0 0.576471 1 0.8 0 0.576471 1 0.8 0 0.576471 1 0.8 0 0.576471 1 0.8 0 0.576471 1 0.8 0 0.576471 1 0.8 0 0.576471 1 0.8 0 0.576471 1 0.8 0 0.576471 1 0.8 0 0.576471 1 0.8 0 0.576471 1 0.8 0 0.576471 1 0.8 0 0.576471 1 0.8 0 0.576471 1 0.8 0 0.576471 1 0.8 0 0.576471 1 0.8 0 0.576471 1 0.8 0 0.576471 1 0.8 0 0.576471 1 0.8 0 0.576471 1 0.8 0 0.576471 1 0.8 0 0.576471 1 0.8 0 0.576471 1 0.8 0 0.576471 1 0.8 0 0.576471 1 0.8 0 0.576471 1 0.8 0 0.576471 1 0.8 0 0.576471 1 0.8 0 0.576471 1 0.8 0 0.576471 1 0.8 0 0.576471 1 0.8 0 0.576471 1 0.8 0 0.576471 1 0.8 0 0.576471 1 0.8 0 0.576471 1 0.8 0 0.576471 1 0.8 0 0.576471 1 0.8 0 0.576471 1 0.8 0 0.576471 1 0.8 0 0.576471 1 0.8 0 0.576471 1 0.8 0 0.576471 1 0.8 0 0.576471 1 0.8 0 0.576471 1 0.8 0 0.576471 1 0.8 0 0.576471 1 0.8 0 0.576471 1 0.8 0 0.576471 1 0.8 0 0.576471 1 0.8 0 0.576471 1 0.8 0 0.576471 1 0.8 0 0.576471 1 0.8 0 0.576471 1 0.8 0 0.576471 1 0.8 0 0.576471 1 0.8 0 0.576471 1 0.8 0 0.576471 1 0.8 0 0.576471 1 0.8 0 0.576471 1 0.8 0 0.576471 1 0.8 0 0.576471 1 0.8 0 0.576471 1 0.8 0 0.576471 1 0.8 0 0.576471 1 0.8 0 0.576471 1 0.8 0 0.576471 1 0.8 0 0.576471 1 0.8 0 0.576471 1 0.8 0 0.576471 1 0.8 0 0.576471 1 0.8 0 0.576471 1 0.8 0 0.576471 1 0.8 0 0.576471 1 0.8 0 0.576471 1 0.8 0 0.576471 1 0.8 0 0.576471 1 0.8 0 0.576471 1 0.8 0 0.576471 1 0.8 0 0.576471 1 0.8 0 0.576471 1 0.8 0 0.576471 1 0.8 0 0.576471 1 0.8 0 0.576471 1 0.8 0 0.576471 1 0.8 0 0.576471 1 0.8 0 0.576471 1 0.8 0 0.576471 1 0.8 0 0.576471 1 0.8 0 0.576471 1 0.8 0 0.576471 1 0.8 0 0.576471 1 0.8 0 0.576471 1 0.8 0 0.576471 1 0.8 0 0.576471 1 0.8 0 0.576471 1 0.8 0 0.576471 1 0.8 0 0.576471 1 0.8 0 0.576471 1 0.8 0 0.576471 1 0.8 0 0.576471 1 0.8 0 0.576471 1 0.8 0 0.576471 1 0.8 0 0.576471 1 0.8 0 0.576471 1 0.8 0 0.576471 1 0.8 0 0.576471 1 0.8 0 0.576471 1 0.8 0 0.576471 1 0.8 0 0.576471 1 0.8 0 0.576471 1 0.8 0 0.576471 1 0.8 0 0.576471 1 0.8 0 0.576471 1 0.8 0 0.576471 1 0.8 0 0.576471 1 0.8 0 0.576471 1 0.8 0 0.576471 1 0.8 0 0.576471 1 0.8 0 0.576471 1 0.8 0 0.576471 1 0.8 0 0.576471 1 0.8 0 0.576471 1 0.8 0 0.576471 1 0.8 0 0.576471 1 0.8 0 0.576471 1 0.8 0 0.576471 1 0.8 0 0.576471 1 0.8 0 0.576471 1 0.8 0 0.576471 1 0.8 0 0.576471 1 0.8 0 0.576471 1 0.8 0 0.576471 1 0.8 0 0.576471 1 0.8 0 0.576471 1 0.8 0 0.576471 1 0.8 0 0.576471 1 0.8 0 0.576471 1 0.8 0 0.576471 1 0.8 0 0.576471 1 0.8 0 0.576471 1 0.8 0 0.576471 1 0.8 0 0.576471 1 0.8 0 0.576471 1 0.8 0 0.576471 1 0.8 0 0.576471 1 0.8 0 0.576471 1 0.8 0 0.576471 1 0.8 0 0.576471 1 0.8 0 0.576471 1 0.8 0 0.576471 1 0.8 0 0.576471 1 0.8 0 0.576471 1 0.8 0 0.576471 1 0.8 0 0.576471 1 0.8 0 0.576471 1 0.8 0 0.576471 1 0.8 0 0.576471 1 0.8 0 0.576471 1 0.8 0 0.576471 1 0.8 0 0.576471 1 0.8 0 0.576471 1 0.8 0 0.576471 1 0.8 0 0.576471 1 0.8 0 0.576471 1 0.8 0 0.576471 1 0.8 0 0.576471 1 0.8 0 0.576471 1 0.8 0 0.576471 1 0.8 0 0.576471 1 0.8 0 0.576471 1 0.8 0 0.576471 1 0.8 0 0.576471 1 0.8 0 0.576471 1 0.8 0 0.576471 1 0.8 0 0.576471 1 0.8 0 0.576471 1 0.8 0 0.576471 1 0.8 0 0.576471 1 0.8 0 0.576471 1 0.8 0 0.576471 1 0.8 0 0.576471 1 0.8 0 0.576471 1 0.8 0 0.576471 1 0.8 0 0.576471 1 0.8 0 0.576471 1 0.8 0 0.576471 1 0.8 0 0.576471 1 0.8 0 0.576471 1 0.8 0 0.576471 1 0.8 0 0.576471 1 0.8 0 0.576471 1 0.8 0 0.576471 1 0.8 0 0.576471 1 0.8 0 0.576471 1 0.8 0 0.576471 1 0.8 0 0.576471 1 0.8 0 0.576471 1 0.8 0 0.576471 1 0.8 0 0.576471 1 0.8 0 0.576471 1 0.8 0 0.576471 1 0.8 0 0.576471 1 0.8 0 0.576471 1 0.8 0 0.576471 1 0.8 0 0.576471 1 0.8 0 0.576471 1 0.8 0 0.576471 1 0.8 0 0.576471 1 0.8 0 0.576471 1 0.8 0 0.576471 1 0.8 0 0.576471 1 0.8 0 0.576471 1 0.8 0 0.576471 1 0.8 0 0.576471 1 0.8 0 0.576471 1 0.8 0 0.576471 1 0.8 0 0.576471 1 0.8 0 0.576471 1 0.8 0 0.576471 1 0.8 0 0.576471 1 0.8 0 0.576471 1 0.8 0 0.576471 1 0.8 0 0.576471 1 0.8 0 0.576471 1 0.8 0 0.576471 1 0.8 0 0.576471 1 0.8 0 0.576471 1 0.8 0 0.576471 1 0.8 0 0.576471 1 0.8 0 0.576471 1 0.8 0 0.576471 1 0.8 0 0.576471 1 0.8 0 0.576471 1 0.8 0 0.576471 1 0.8 0 0.576471 1 0.8 0 0.576471 1 0.8 0 0.576471 1 0.8 0 0.576471 1 0.8 0 0.576471 1 0.8 0 0.576471 1 0.8 0 0.576471 1 0.8 0 0.576471 1 0.8 0 0.576471 1 0.8 0 0.576471 1 0.8 0 0.576471 1 0.8 0 0.576471 1 0.8 0 0.576471 1 0.8 0 0.576471 1 0.8 0 0.576471 1 0.8 0 0.576471 1 0.8 0 0.576471 1 0.8 0 0.576471 1 0.8 0 0.576471 1 0.8 0 0.576471 1 0.8 0 0.576471 1 0.8 0 0.576471 1 0.8 0 0.576471 1 0.8 0 0.576471 1 0.8 0 0.576471 1 0.8 0 0.576471 1 0.8 0 0.576471 1 0.8 0 0.576471 1 0.8 0 0.576471 1 0.8 0 0.576471 1 0.8 0 0.576471 1 0.8 0 0.576471 1 0.8 0 0.576471 1 0.8 0 0.576471 1 0.8 0 0.576471 1 0.8 0 0.576471 1 0.8 0 0.576471 1 0.8 0 0.576471 1 0.8 0 0.576471 1 0.8 0 0.576471 1 0.8 0 0.576471 1 0.8 0 0.576471 1 0.8 0 0.576471 1 0.8 0 0.576471 1 0.8 0 0.576471 1 0.8 0 0.576471 1 0.8 0 0.576471 1 0.8 0 0.576471 1 0.8 0 0.576471 1 0.8 0 0.576471 1 0.8 0 0.576471 1 0.8 0 0.576471 1 0.8 0 0.576471 1 0.8 0 0.576471 1 0.8 0 0.576471 1 0.8 0 0.576471 1 0.8 0 0.576471 1 0.8 0 0.576471 1 0.8 0 0.576471 1 0.8 0 0.576471 1 0.8 0 0.576471 1 0.8 0 0.576471 1 0.8 0 0.576471 1 0.8 0 0.576471 1 0.8 0 0.576471 1 0.8 0 0.576471 1 0.8 0 0.576471 1 0.8 0 0.576471 1 0.8 0 0.576471 1 0.8 0 0.576471 1 0.8 0 0.576471 1 0.8 0 0.576471 1 0.8 0 0.576471 1 0.8 0 0.576471 1 0.8 0 0.576471 1 0.8 0 0.576471 1 0.8 0 0.576471 1 0.8 0 0.576471 1 0.8 0 0.576471 1 0.8 0 0.576471 1 0.8 0 0.576471 1 0.8 0 0.576471 1 0.8 0 0.576471 1 0.8 0 0.576471 1 0.8 0 0.576471 1 0.8 0 0.576471 1 0.8 0 0.576471 1 0.8 0 0.576471 1 0.8 0 0.576471 1 0.8 0 0.576471 1 0.8 0 0.576471 1 0.8 0 0.576471 1 0.8 0 0.576471 1 0.8 0 0.576471 1 0.8 0 0.576471 1 0.8 0 0.576471 1 0.8 0 0.576471 1 0.8 0 0.576471 1 0.8 0 0.576471 1 0.8 0 0.576471 1 0.8 0 0.576471 1 0.8 0 0.576471 1 0.8 0 0.576471 1 0.8 0 0.576471 1 0.8 0 0.576471 1 0.8 0 0.576471 1 0.8 0 0.576471 1 0.8 0 0.576471 1 0.8 0 0.576471 1 0.8 0 0.576471 1 0.8 0 0.576471 1 0.8 0 0.576471 1 0.8 0 0.576471 1 0.8 0 0.576471 1 0.8 0 0.576471 1 0.8 0 0.576471 1 0.8 0 0.576471 1 0.8 0 0.576471 1 0.8 0 0.576471 1 0.8 0 0.576471 1 0.8 0 0.576471 1 0.8 0 0.576471 1 0.8 0 0.576471 1 0.8 0 0.576471 1 0.8 0 0.576471 1 0.8 0 0.576471 1 0.8 0 0.576471 1 0.8 0 0.576471 1 0.8 0 0.576471 1 0.8 0 0.576471 1 0.8 0 0.576471 1 0.8 0 0.576471 1 0.8 0 0.576471 1 0.8 0 0.576471 1 0.8 0 0.576471 1 0.8 0 0.576471 1 0.8 0 0.576471 1 0.8 0 0.576471 1 0.8 0 0.576471 1 0.8 0 0.576471 1 0.8 0 0.576471 1 0.8 0 0.576471 1 0.8 0 0.576471 1 0.8 0 0.576471 1 0.8 0 0.576471 1 0.8 0 0.576471 1 0.8 0 0.576471 1 0.8 0 0.576471 1 0.8 0 0.576471 1 0.8 0 0.576471 1 0.8 0 0.576471 1 0.8 0 0.576471 1 0.8 0 0.576471 1 0.8 0 0.576471 1 0.8 0 0.576471 1 0.8 0 0.576471 1 0.8 0 0.576471 1 0.8 0 0.576471 1 0.8 0 0.576471 1 0.8 0 0.576471 1 0.8 0 0.576471 1 0.8 0 0.576471 1 0.8 0 0.576471 1 0.8 0 0.576471 1 0.8 0 0.576471 1 0.8 0 0.576471 1 0.8 0 0.576471 1 0.8 0 0.576471 1 0.8 0 0.576471 1 0.8 0 0.576471 1 0.8 0 0.576471 1 0.8 0 0.576471 1 0.8 0 0.576471 1 0.8 0 0.576471 1 0.8 0 0.576471 1 0.8 0 0.576471 1 0.8 0 0.576471 1 0.8 0 0.576471 1 0.8 0 0.576471 1 0.8 0 0.576471 1 0.8 0 0.576471 1 0.8 0 0.576471 1 0.8 0 0.576471 1 0.8 0 0.576471 1 0.8 0 0.576471 1 0.8 0 0.576471 1 0.8 0 0.576471 1 0.8 0 0.576471 1 0.8 0 0.576471 1 0.8 0 0.576471 1 0.8 0 0.576471 1 0.8 0 0.576471 1 0.8 0 0.576471 1 0.8 0 0.576471 1 0.8 0 0.576471 1 0.8 0 0.576471 1 0.8 0 0.576471 1 0.8 0 0.576471 1 0.8 0 0.576471 1 0.8 0 0.576471 1 0.8 0 0.576471 1 0.8 0 0.576471 1 0.8 0 0.576471 1 0.8 0 0.576471 1 0.8 0 0.576471 1 0.8 0 0.576471 1 0.8 0 0.576471 1 0.8 0 0.576471 1 0.8 0 0.576471 1 0.8 0 0.576471 1 0.8 0 0.576471 1 0.8 0 0.576471 1 0.8 0 0.576471 1 0.8 0 0.576471 1 0.8 0 0.576471 1 0.8 0 0.576471 1 0.8 0 0.576471 1 0.8 0 0.576471 1 0.8 0 0.576471 1 0.8 0 0.576471 1 0.8 0 0.576471 1 0.8 0 0.576471 1 0.8 0 0.576471 1 0.8 0 0.576471 1 0.8 0 0.576471 1 0.8 0 0.576471 1 0.8 0 0.576471 1 0.8 0 0.576471 1 0.8 0 0.576471 1 0.8 0 0.576471 1 0.8 0 0.576471 1 0.8 0 0.576471 1 0.8 0 0.576471 1 0.8 0 0.576471 1 0.8 0 0.576471 1 0.8 0 0.576471 1 0.8 0 0.576471 1 0.8 0 0.576471 1 0.8 0 0.576471 1 0.8 0 0.576471 1 0.8 0 0.576471 1 0.8 0 0.576471 1 0.8 0 0.576471 1 0.8 0 0.576471 1 0.8 0 0.576471 1 0.8 0 0.576471 1 0.8 0 0.576471 1 0.8 0 0.576471 1 0.8 0 0.576471 1 0.8 0 0.576471 1 0.8 0 0.576471 1 0.8 0 0.576471 1 0.8 0 0.576471 1 0.8 0 0.576471 1 0.8 0 0.576471 1 0.8 0 0.576471 1 0.8 0 0.576471 1 0.8 0 0.576471 1 0.8 0 0.576471 1 0.8 0 0.576471 1 0.8 0 0.576471 1 0.8 0 0.576471 1 0.8 0 0.576471 1 0.8 0 0.576471 1 0.8 0 0.576471 1 0.8 0 0.576471 1 0.8 0 0.576471 1 0.8 0 0.576471 1 0.8 0 0.576471 1 0.8 0 0.576471 1 0.8 0 0.576471 1 0.8 0 0.576471 1 0.8 0 0.576471 1 0.8 0 0.576471 1 0.8 0 0.576471 1 0.8 0 0.576471 1 0.8 0 0.576471 1 0.8 0 0.576471 1 0.8 0 0.576471 1 0.8 0 0.576471 1 0.8 0 0.576471 1 0.8 0 0.576471 1 0.8 0 0.576471 1 0.8 0 0.576471 1 0.8 0 0.576471 1 0.8 0 0.576471 1 0.8 0 0.576471 1 0.8 0 0.576471 1 0.8 0 0.576471 1 0.8 0 0.576471 1 0.8 0 0.576471 1 0.8 0 0.576471 1 0.8 0 0.576471 1 0.8 0 0.576471 1 0.8 0 0.576471 1 0.8 0 0.576471 1 0.8 0 0.576471 1 0.8 0 0.576471 1 0.8 0 0.576471 1 0.8 0 0.576471 1 0.8 0 0.576471 1 0.8 0 0.576471 1 0.8 0 0.576471 1 0.8 0 0.576471 1 0.8 0 0.576471 1 0.8 0 0.576471 1 0.8 0 0.576471 1 0.8 0 0.576471 1 0.8 0 0.576471 1 0.8 0 0.576471 1 0.8 0 0.576471 1 0.8 0 0.576471 1 0.8 0 0.576471 1 0.8 0 0.576471 1 0.8 0 0.576471 1 0.8 0 0.576471 1 0.8 0 0.576471 1 0.8 0 0.576471 1 0.8 0 0.576471 1 0.8 0 0.576471 1 0.8 0 0.576471 1 0.8 0 0.576471 1 0.8 0 0.576471 1 0.8 0 0.576471 1 0.8 0 0.576471 1 0.8 0 0.576471 1 0.8 0 0.576471 1 0.8 0 0.576471 1 0.8 0 0.576471 1 0.8 0 0.576471 1 0.8 0 0.576471 1 0.8 0 0.576471 1 0.8 0 0.576471 1 0.8 0 0.576471 1 0.8 0 0.576471 1 0.8 0 0.576471 1 0.8 0 0.576471 1 0.8 0 0.576471 1 0.8 0 0.576471 1 0.8 0 0.576471 1 0.8 0 0.576471 1 0.8 0 0.576471 1 0.8 0 0.576471 1 0.8 0 0.576471 1 0.8 0 0.576471 1 0.8 0 0.576471 1 0.8 0 0.576471 1 0.8 0 0.576471 1 0.8 0 0.576471 1 0.8 0 0.576471 1 0.8 0 0.576471 1 0.8 0 0.576471 1 0.8 0 0.576471 1 0.8 0 0.576471 1 0.8 0 0.576471 1 0.8 0 0.576471 1 0.8 0 0.576471 1 0.8 0 0.576471 1 0.8 0 0.576471 1 0.8 0 0.576471 1 0.8 0 0.576471 1 0.8 0 0.576471 1 0.8 0 0.576471 1 0.8 0 0.576471 1 0.8 0 0.576471 1 0.8 0 0.576471 1 0.8 0 0.576471 1 0.8 0 0.576471 1 0.8 0 0.576471 1 0.8 0 0.576471 1 0.8 0 0.576471 1 0.8 0 0.576471 1 0.8 0 0.576471 1 0.8 0 0.576471 1 0.8 0 0.576471 1 0.8 0 0.576471 1 0.8 0 0.576471 1 0.8 0 0.576471 1 0.8 0 0.576471 1 0.8 0 0.576471 1 0.8 0 0.576471 1 0.8 0 0.576471 1 0.8 0 0.576471 1 0.8 0 0.576471 1 0.8 0 0.576471 1 0.8 0 0.576471 1 0.8 0 0.576471 1 0.8 0 0.576471 1 0.8 0 0.576471 1 0.8 0 0.576471 1 0.8 0 0.576471 1 0.8 0 0.576471 1 0.8 0 0.576471 1 0.8 0 0.576471 1 0.8 0 0.576471 1 0.8 0 0.576471 1 0.8 0 0.576471 1 0.8 0 0.576471 1 0.8 0 0.576471 1 0.8 0 0.576471 1 0.8 0 0.576471 1 0.8 0 0.576471 1 0.8 0 0.576471 1 0.8 0 0.576471 1 0.8 0 0.576471 1 0.8 0 0.576471 1 0.8 0 0.576471 1 0.8 0 0.576471 1 0.8 0 0.576471 1 0.8 0 0.576471 1 0.8 0 0.576471 1 0.8 0 0.576471 1 0.8 0 0.576471 1 0.8 0 0.576471 1 0.8 0 0.576471 1 0.8 0 0.576471 1 0.8 0 0.576471 1 0.8 0 0.576471 1 0.8 0 0.576471 1 0.8 0 0.576471 1 0.8 0 0.576471 1 0.8 0 0.576471 1 0.8 0 0.576471 1 0.8 0 0.576471 1 0.8 0 0.576471 1 0.8 0 0.576471 1 0.8 0 0.576471 1 0.8 0 0.576471 1 0.8 0 0.576471 1 0.8 0 0.576471 1 0.8 0 0.576471 1 0.8 0 0.576471 1 0.8 0 0.576471 1 0.8 0 0.576471 1 0.8 0 0.576471 1 0.8 0 0.576471 1 0.8 0 0.576471 1 0.8 0 0.576471 1 0.8 0 0.576471 1 0.8 0 0.576471 1 0.8 0 0.576471 1 0.8 0 0.576471 1 0.8 0 0.576471 1 0.8 0 0.576471 1 0.8 0 0.576471 1 0.8 0 0.576471 1 0.8 0 0.576471 1 0.8 0 0.576471 1 0.8 0 0.576471 1 0.8 0 0.576471 1 0.8 0 0.576471 1 0.8 0 0.576471 1 0.8 0 0.576471 1 0.8 0 0.576471 1 0.8 0 0.576471 1 0.8 0 0.576471 1 0.8 0 0.576471 1 0.8 0 0.576471 1 0.8 0 0.576471 1 0.8 0 0.576471 1 0.8 0 0.576471 1 0.8 0 0.576471 1 0.8 0 0.576471 1 0.8 0 0.576471 1 0.8 0 0.576471 1 0.8 0 0.576471 1 0.8 0 0.576471 1 0.8 0 0.576471 1 0.8 0 0.576471 1 0.8 0 0.576471 1 0.8 0 0.576471 1 0.8 0 0.576471 1 0.8 0 0.576471 1 0.8 0 0.576471 1 0.8 0 0.576471 1 0.8 0 0.576471 1 0.8 0 0.576471 1 0.8 0 0.576471 1 0.8 0 0.576471 1 0.8 0 0.576471 1 0.8 0 0.576471 1 0.8 0 0.576471 1 0.8 0 0.576471 1 0.8 0 0.576471 1 0.8 0 0.576471 1 0.8 0 0.576471 1 0.8 0 0.576471 1 0.8 0 0.576471 1 0.8 0 0.576471 1 0.8 0 0.576471 1 0.8 0 0.576471 1 0.8 0 0.576471 1 0.8 0 0.576471 1 0.8 0 0.576471 1 0.8 0 0.576471 1 0.8 0 0.576471 1 0.8 0 0.576471 1 0.8 0 0.576471 1 0.8 0 0.576471 1 0.8 0 0.576471 1 0.8 0 0.576471 1 0.8 0 0.576471 1 0.8 0 0.576471 1 0.8 0 0.576471 1 0.8 0 0.576471 1 0.8 0 0.576471 1 0.8 0 0.576471 1 0.8 0 0.576471 1 0.8 0 0.576471 1 0.8 0 0.576471 1 0.8 0 0.576471 1 0.8 0 0.576471 1 0.8 0 0.576471 1 0.8 0 0.576471 1 0.8 0 0.576471 1 0.8 0 0.576471 1 0.8 0 0.576471 1 0.8 0 0.576471 1 0.8 0 0.576471 1 0.8 0 0.576471 1 0.8 0 0.576471 1 0.8 0 0.576471 1 0.8 0 0.576471 1 0.8 0 0.576471 1 0.8 0 0.576471 1 0.8 0 0.576471 1 0.8 0 0.576471 1 0.8 0 0.576471 1 0.8 0 0.576471 1 0.8 0 0.576471 1 0.8 0 0.576471 1 0.8 0 0.576471 1 0.8 0 0.576471 1 0.8 0 0.576471 1 0.8 0 0.576471 1 0.8 0 0.576471 1 0.8 0 0.576471 1 0.8 0 0.576471 1 0.8 0 0.576471 1 0.8 0 0.576471 1 0.8 0 0.576471 1 0.8 0 0.576471 1 0.8 0 0.576471 1 0.8 0 0.576471 1 0.8 0 0.576471 1 0.8 0 0.576471 1 0.8 0 0.576471 1 0.8 0 0.576471 1 0.8 0 0.576471 1 0.8 0 0.576471 1 0.8 0 0.576471 1 0.8 0 0.576471 1 0.8 0 0.576471 1 0.8 0 0.576471 1 0.8 0 0.576471 1 0.8 0 0.576471 1 0.8 0 0.576471 1 0.8 0 0.576471 1 0.8 0 0.576471 1 0.8 0 0.576471 1 0.8 0 0.576471 1 0.8 0 0.576471 1 0.8 0 0.576471 1 0.8 0 0.576471 1 0.8 0 0.576471 1 0.8 0 0.576471 1 0.8 0 0.576471 1 0.8 0 0.576471 1 0.8 0 0.576471 1 0.8 0 0.576471 1 0.8 0 0.576471 1 0.8 0 0.576471 1 0.8 0 0.576471 1 0.8 0 0.576471 1 0.8 0 0.576471 1 0.8 0 0.576471 1 0.8 0 0.576471 1 0.8 0 0.576471 1 0.8 0 0.576471 1 0.8 0 0.576471 1 0.8 0 0.576471 1 0.8 0 0.576471 1 0.8 0 0.576471 1 0.8 0 0.576471 1 0.8 0 0.576471 1 0.8 0 0.576471 1 0.8 0 0.576471 1 0.8 0 0.576471 1 0.8 0 0.576471 1 0.8 0 0.576471 1 0.8 0 0.576471 1 0.8 0 0.576471 1 0.8 0 0.576471 1 0.8 0 0.576471 1 0.8 0 0.576471 1 0.8 0 0.576471 1 0.8 0 0.576471 1 0.8 0 0.576471 1 0.8 0 0.576471 1 0.8 0 0.576471 1 0.8 0 0.576471 1 0.8 0 0.576471 1 0.8 0 0.576471 1 0.8 0 0.576471 1 0.8 0 0.576471 1 0.8 0 0.576471 1 0.8 0 0.576471 1 0.8 0 0.576471 1 0.8 0 0.576471 1 0.8 0 0.576471 1 0.8 0 0.576471 1 0.8 0 0.576471 1 0.8 0 0.576471 1 0.8 0 0.576471 1 0.8 0 0.576471 1 0.8 0 0.576471 1 0.8 0 0.576471 1 0.8 0 0.576471 1 0.8 0 0.576471 1 0.8 0 0.576471 1 0.8 0 0.576471 1 0.8 0 0.576471 1 0.8 0 0.576471 1 0.8 0 0.576471 1 0.8 0 0.576471 1 0.8 0 0.576471 1 0.8 0 0.576471 1 0.8 0 0.576471 1 0.8 0 0.576471 1 0.8 0 0.576471 1 0.8 0 0.576471 1 0.8 0 0.576471 1 0.8 0 0.576471 1 0.8 0 0.576471 1 0.8 0 0.576471 1 0.8 0 0.576471 1 0.8 0 0.576471 1 0.8 0 0.576471 1 0.8 0 0.576471 1 0.8 0 0.576471 1 0.8 0 0.576471 1 0.8 0 0.576471 1 0.8 0 0.576471 1 0.8 0 0.576471 1 0.8 0 0.576471 1 0.8 0 0.576471 1 0.8 0 0.576471 1 0.8 0 0.576471 1 0.8 0 0.576471 1 0.8 0 0.576471 1 0.8 0 0.576471 1 0.8 0 0.576471 1 0.8 0 0.576471 1 0.8 0 0.576471 1 0.8 0 0.576471 1 0.8 0 0.576471 1 0.8 0 0.576471 1 0.8 0 0.576471 1 0.8 0 0.576471 1 0.8 0 0.576471 1 0.8 0 0.576471 1 0.8 0 0.576471 1 0.8 0 0.576471 1 0.8 0 0.576471 1 0.8 0 0.576471 1 0.8 0 0.576471 1 0.8 0 0.576471 1 0.8 0 0.576471 1 0.8 0 0.576471 1 0.8 0 0.576471 1 0.8 0 0.576471 1 0.8 0 0.576471 1 0.8 0 0.576471 1 0.8 0 0.576471 1 0.8 0 0.576471 1 0.8 0 0.576471 1 0.8 0 0.576471 1 0.8 0 0.576471 1 0.8 0 0.576471 1 0.8 0 0.576471 1 0.8 0 0.576471 1 0.8 0 0.576471 1 0.8 0 0.576471 1 0.8 0 0.576471 1 0.8 0 0.576471 1 0.8 0 0.576471 1 0.8 0 0.576471 1 0.8 0 0.576471 1 0.8 0 0.576471 1 0.8 0 0.576471 1 0.8 0 0.576471 1 0.8 0 0.576471 1 0.8 0 0.576471 1 0.8 0 0.576471 1 0.8 0 0.576471 1 0.8 0 0.576471 1 0.8 0 0.576471 1 0.8 0 0.576471 1 0.8 0 0.576471 1 0.8 0 0.576471 1 0.8 0 0.576471 1 0.8 0 0.576471 1 0.8 0 0.576471 1 0.8 0 0.576471 1 0.8 0 0.576471 1 0.8 0 0.576471 1 0.8 0 0.576471 1 0.8 0 0.576471 1 0.8 0 0.576471 1 0.8 0 0.576471 1 0.8 0 0.576471 1 0.8 0 0.576471 1 0.8 0 0.576471 1 0.8 0 0.576471 1 0.8 0 0.576471 1 0.8 0 0.576471 1 0.8 0 0.576471 1 0.8 0 0.576471 1 0.8 0 0.576471 1 0.8 0 0.576471 1 0.8 0 0.576471 1 0.8 0 0.576471 1 0.8 0 0.576471 1 0.8 0 0.576471 1 0.8 0 0.576471 1 0.8 0 0.576471 1 0.8 0 0.576471 1 0.8 0 0.576471 1 0.8 0 0.576471 1 0.8 0 0.576471 1 0.8 0 0.576471 1 0.8 0 0.576471 1 0.8 0 0.576471 1 0.8 0 0.576471 1 0.8 0 0.576471 1 0.8 0 0.576471 1 0.8 0 0.576471 1 0.8 0 0.576471 1 0.8 0 0.576471 1 0.8 0 0.576471 1 0.8 0 0.576471 1 0.8 0 0.576471 1 0.8 0 0.576471 1 0.8 0 0.576471 1 0.8 0 0.576471 1 0.8 0 0.576471 1 0.8 0 0.576471 1 0.8 0 0.576471 1 0.8 0 0.576471 1 0.8 0 0.576471 1 0.8 0 0.576471 1 0.8 0 0.576471 1 0.8 0 0.576471 1 0.8 0 0.576471 1 0.8 0 0.576471 1 0.8 0 0.576471 1 0.8 0 0.576471 1 0.8 0 0.576471 1 0.8 0 0.576471 1 0.8 0 0.576471 1 0.8 0 0.576471 1 0.8 0 0.576471 1 0.8 0 0.576471 1 0.8 0 0.576471 1 0.8 0 0.576471 1 0.8 0 0.576471 1 0.8 0 0.576471 1 0.8 0 0.576471 1 0.8 0 0.576471 1 0.8 0 0.576471 1 0.8 0 0.576471 1 0.8 0 0.576471 1 0.8 0 0.576471 1 0.8 0 0.576471 1 0.8 0 0.576471 1 0.8 0 0.576471 1 0.8 0 0.576471 1 0.8 0 0.576471 1 0.8 0 0.576471 1 0.8 0 0.576471 1 0.8 0 0.576471 1 0.8 0 0.576471 1 0.8 0 0.576471 1 0.8 0 0.576471 1 0.8 0 0.576471 1 0.8 0 0.576471 1 0.8 0 0.576471 1 0.8 0 0.576471 1 0.8 0 0.576471 1 0.8 0 0.576471 1 0.8 0 0.576471 1 0.8 0 0.576471 1 0.8 0 0.576471 1 0.8 0 0.576471 1 0.8 0 0.576471 1 0.8 0 0.576471 1 0.8 0 0.576471 1 0.8 0 0.576471 1 0.8 0 0.576471 1 0.8 0 0.576471 1 0.8 0 0.576471 1 0.8 0 0.576471 1 0.8 0 0.576471 1 0.8 0 0.576471 1 0.8 0 0.576471 1 0.8 0 0.576471 1 0.8 0 0.576471 1 0.8 0 0.576471 1 0.8 0 0.576471 1 0.8 0 0.576471 1 0.8 0 0.576471 1 0.8 0 0.576471 1 0.8 0 0.576471 1 0.8 0 0.576471 1 0.8 0 0.576471 1 0.8 0 0.576471 1 0.8 0 0.576471 1 0.8 0 0.576471 1 0.8 0 0.576471 1 0.8 0 0.576471 1 0.8 0 0.576471 1 0.8 0 0.576471 1 0.8 0 0.576471 1 0.8 0 0.576471 1 0.8 0 0.576471 1 0.8 0 0.576471 1 0.8 0 0.576471 1 0.8 0 0.576471 1 0.8 0 0.576471 1 0.8 0 0.576471 1 0.8 0 0.576471 1 0.8 0 0.576471 1 0.8 0 0.576471 1 0.8 0 0.576471 1 0.8 0 0.576471 1 0.8 0 0.576471 1 0.8 0 0.576471 1 0.8 0 0.576471 1 0.8 0 0.576471 1 0.8 0 0.576471 1 0.8 0 0.576471 1 0.8 0 0.576471 1 0.8 0 0.576471 1 0.8 0 0.576471 1 0.8 0 0.576471 1 0.8 0 0.576471 1 0.8 0 0.576471 1 0.8 0 0.576471 1 0.8 0 0.576471 1 0.8 0 0.576471 1 0.8 0 0.576471 1 0.8 0 0.576471 1 0.8 0 0.576471 1 0.8 0 0.576471 1 0.8 0 0.576471 1 0.8 0 0.576471 1 0.8 0 0.576471 1 0.8 0 0.576471 1 0.8 0 0.576471 1 0.8 0 0.576471 1 0.8 0 0.576471 1 0.8 0 0.576471 1 0.8 0 0.576471 1 0.8 0 0.576471 1 0.8 0 0.576471 1 0.8 0 0.576471 1 0.8 0 0.576471 1 0.8 0 0.576471 1 0.8 0 0.576471 1 0.8 0 0.576471 1 0.8 0 0.576471 1 0.8 0 0.576471 1 0.8 0 0.576471 1 0.8 0 0.576471 1 0.8 0 0.576471 1 0.8 0 0.576471 1 0.8 0 0.576471 1 0.8 0 0.576471 1 0.8 0 0.576471 1 0.8 0 0.576471 1 0.8 0 0.576471 1 0.8 0 0.576471 1 0.8 0 0.576471 1 0.8 0 0.576471 1 0.8 0 0.576471 1 0.8 0 0.576471 1 0.8 0 0.576471 1 0.8 0 0.576471 1 0.8 0 0.576471 1 0.8 0 0.576471 1 0.8 0 0.576471 1 0.8 0 0.576471 1 0.8 0 0.576471 1 0.8 0 0.576471 1 0.8 0 0.576471 1 0.8 0 0.576471 1 0.8 0 0.576471 1 0.8 0 0.576471 1 0.8 0 0.576471 1 0.8 0 0.576471 1 0.8 0 0.576471 1 0.8 0 0.576471 1 0.8 0 0.576471 1 0.8 0 0.576471 1 0.8 0 0.576471 1 0.8 0 0.576471 1 0.8 0 0.576471 1 0.8 0 0.576471 1 0.8 0 0.576471 1 0.8 0 0.576471 1 0.8 0 0.576471 1 0.8 0 0.576471 1 0.8 0 0.576471 1 0.8 0 0.576471 1 0.8 0 0.576471 1 0.8 0 0.576471 1 0.8 0 0.576471 1 0.8 0 0.576471 1 0.8 0 0.576471 1 0.8 0 0.576471 1 0.8 0 0.576471 1 0.8 0 0.576471 1 0.8 0 0.576471 1 0.8 0 0.576471 1 0.8 0 0.576471 1 0.8 0 0.576471 1 0.8 0 0.576471 1 0.8 0 0.576471 1 0.8 0 0.576471 1 0.8 0 0.576471 1 0.8 0 0.576471 1 0.8 0 0.576471 1 0.8 0 0.576471 1 0.8 0 0.576471 1 0.8 0 0.576471 1 0.8 0 0.576471 1 0.8 0 0.576471 1 0.8 0 0.576471 1 0.8 0 0.576471 1 0.8 0 0.576471 1 0.8 0 0.576471 1 0.8 0 0.576471 1 0.8 0 0.576471 1 0.8 0 0.576471 1 0.8 0 0.576471 1 0.8 0 0.576471 1 0.8 0 0.576471 1 0.8 0 0.576471 1 0.8 0 0.576471 1 0.8 0 0.576471 1 0.8 0 0.576471 1 0.8 0 0.576471 1 0.8 0 0.576471 1 0.8 0 0.576471 1 0.8 0 0.576471 1 0.8 0 0.576471 1 0.8 0 0.576471 1 0.8 0 0.576471 1 0.8 0 0.576471 1 0.8 0 0.576471 1 0.8 0 0.576471 1 0.8 0 0.576471 1 0.8 0 0.576471 1 0.8 0 0.576471 1 0.8 0 0.576471 1 0.8 0 0.576471 1 0.8 0 0.576471 1 0.8 0 0.576471 1 0.8 0 0.576471 1 0.8 0 0.576471 1 0.8 0 0.576471 1 0.8 0 0.576471 1 0.8 0 0.576471 1 0.8 0 0.576471 1 0.8 0 0.576471 1 0.8 0 0.576471 1 0.8 0 0.576471 1 0.8 0 0.576471 1 0.8 0 0.576471 1 0.8 0 0.576471 1 0.8 0 0.576471 1 0.8 0 0.576471 1 0.8 0 0.576471 1 0.8 0 0.576471 1 0.8 0 0.576471 1 0.8 0 0.576471 1 0.8 0 0.576471 1 0.8 0 0.576471 1 0.8 0 0.576471 1 0.8 0 0.576471 1 0.8 0 0.576471 1 0.8 0 0.576471 1 0.8 0 0.576471 1 0.8 0 0.576471 1 0.8 0 0.576471 1 0.8 0 0.576471 1 0.8 0 0.576471 1 0.8 0 0.576471 1 0.8 0 0.576471 1 0.8 0 0.576471 1 0.8 0 0.576471 1 0.8 0 0.576471 1 0.8 0 0.576471 1 0.8 0 0.576471 1 0.8 0 0.576471 1 0.8 0 0.576471 1 0.8 0 0.576471 1 0.8 0 0.576471 1 0.8 0 0.576471 1 0.8 0 0.576471 1 0.8 0 0.576471 1 0.8 0 0.576471 1 0.8 0 0.576471 1 0.8 0 0.576471 1 0.8 0 0.576471 1 0.8 0 0.576471 1 0.8 0 0.576471 1 0.8 0 0.576471 1 0.8 0 0.576471 1 0.8 0 0.576471 1 0.8 0 0.576471 1 0.8 0 0.576471 1 0.8 0 0.576471 1 0.8 0 0.576471 1 0.8 0 0.576471 1 0.8 0 0.576471 1 0.8 0 0.576471 1 0.8 0 0.576471 1 0.8 0 0.576471 1 0.8 0 0.576471 1 0.8 0 0.576471 1 0.8 0 0.576471 1 0.8 0 0.576471 1 0.8 0 0.576471 1 0.8 0 0.576471 1 0.8 0 0.576471 1 0.8 0 0.576471 1 0.8 0 0.576471 1 0.8 0 0.576471 1 0.8 0 0.576471 1 0.8 0 0.576471 1 0.8 0 0.576471 1 0.8 0 0.576471 1 0.8 0 0.576471 1 0.8 0 0.576471 1 0.8 0 0.576471 1 0.8 0 0.576471 1 0.8 0 0.576471 1 0.8 0 0.576471 1 0.8 0 0.576471 1 0.8 0 0.576471 1 0.8 0 0.576471 1 0.8 0 0.576471 1 0.8 0 0.576471 1 0.8 0 0.576471 1 0.8 0 0.576471 1 0.8 0 0.576471 1 0.8 0 0.576471 1 0.8 0 0.576471 1 0.8 0 0.576471 1 0.8 0 0.576471 1 0.8 0 0.576471 1 0.8 0 0.576471 1 0.8 0 0.576471 1 0.8 0 0.576471 1 0.8 0 0.576471 1 0.8 0 0.576471 1 0.8 0 0.576471 1 0.8 0 0.576471 1 0.8 0 0.576471 1 0.8 0 0.576471 1 0.8 0 0.576471 1 0.8 0 0.576471 1 0.8 0 0.576471 1 0.8 0 0.576471 1 0.8 0 0.576471 1 0.8 0 0.576471 1 0.8 0 0.576471 1 0.8 0 0.576471 1 0.8 0 0.576471 1 0.8 0 0.576471 1 0.8 0 0.576471 1 0.8 0 0.576471 1 0.8 0 0.576471 1 0.8 0 0.576471 1 0.8 0 0.576471 1 0.8 0 0.576471 1 0.8 0 0.576471 1 0.8 0 0.576471 1 0.8 0 0.576471 1 0.8 0 0.576471 1 0.8 0 0.576471 1 0.8 0 0.576471 1 0.8 0 0.576471 1 0.8 0 0.576471 1 0.8 0 0.576471 1 0.8 0 0.576471 1 0.8 0 0.576471 1 0.8 0 0.576471 1 0.8 0 0.576471 1 0.8 0 0.576471 1 0.8 0 0.576471 1 0.8 0 0.576471 1 0.8 0 0.576471 1 0.8 0 0.576471 1 0.8 0 0.576471 1 0.8 0 0.576471 1 0.8 0 0.576471 1 0.8 0 0.576471 1 0.8 0 0.576471 1 0.8 0 0.576471 1 0.8 0 0.576471 1 0.8 0 0.576471 1 0.8 0 0.576471 1 0.8 0 0.576471 1 0.8 0 0.576471 1 0.8 0 0.576471 1 0.8 0 0.576471 1 0.8 0 0.576471 1 0.8 0 0.576471 1 0.8 0 0.576471 1 0.8 0 0.576471 1 0.8 0 0.576471 1 0.8 0 0.576471 1 0.8 0 0.576471 1 0.8 0 0.576471 1 0.8 0 0.576471 1 0.8 0 0.576471 1 0.8 0 0.576471 1 0.8 0 0.576471 1 0.8 0 0.576471 1 0.8 0 0.576471 1 0.8 0 0.576471 1 0.8 0 0.576471 1 0.8 0 0.576471 1 0.8 0 0.576471 1 0.8 0 0.576471 1 0.8 0 0.576471 1 0.8 0 0.576471 1 0.8 0 0.576471 1 0.8 0 0.576471 1 0.8 0 0.576471 1 0.8 0 0.576471 1 0.8 0 0.576471 1 0.8 0 0.576471 1 0.8 0 0.576471 1 0.8 0 0.576471 1 0.8 0 0.576471 1 0.8 0 0.576471 1 0.8 0 0.576471 1 0.8 0 0.576471 1 0.8 0 0.576471 1 0.8 0 0.576471 1 0.8 0 0.576471 1 0.8 0 0.576471 1 0.8 0 0.576471 1 0.8 0 0.576471 1 0.8 0 0.576471 1 0.8 0 0.576471 1 0.8 0 0.576471 1 0.8 0 0.576471 1 0.8 0 0.576471 1 0.8 0 0.576471 1 0.8 0 0.576471 1 0.8 0 0.576471 1 0.8 0 0.576471 1 0.8 0 0.576471 1 0.8 0 0.576471 1 0.8 0 0.576471 1 0.8 0 0.576471 1 0.8 0 0.576471 1 0.8 0 0.576471 1 0.8 0 0.576471 1 0.8 0 0.576471 1 0.8 0 0.576471 1 0.8 0 0.576471 1 0.8 0 0.576471 1 0.8 0 0.576471 1 0.8 0 0.576471 1 0.8 0 0.576471 1 0.8 0 0.576471 1 0.8 0 0.576471 1 0.8 0 0.576471 1 0.8 0 0.576471 1 0.8 0 0.576471 1 0.8 0 0.576471 1 0.8 0 0.576471 1 0.8 0 0.576471 1 0.8 0 0.576471 1 0.8 0 0.576471 1 0.8 0 0.576471 1 0.8 0 0.576471 1 0.8 0 0.576471 1 0.8 0 0.576471 1 0.8 0 0.576471 1 0.8 0 0.576471 1 0.8 0 0.576471 1 0.8 0 0.576471 1 0.8 0 0.576471 1 0.8 0 0.576471 1 0.8 0 0.576471 1 0.8 0 0.576471 1 0.8 0 0.576471 1 0.8 0 0.576471 1 0.8 0 0.576471 1 0.8 0 0.576471 1 0.8 0 0.576471 1 0.8 0 0.576471 1 0.8 0 0.576471 1 0.8 0 0.576471 1 0.8 0 0.576471 1 0.8 0 0.576471 1 0.8 0 0.576471 1 0.8 0 0.576471 1 0.8 0 0.576471 1 0.8 0 0.576471 1 0.8 0 0.576471 1 0.8 0 0.576471 1 0.8 0 0.576471 1 0.8 0 0.576471 1 0.8 0 0.576471 1 0.8 0 0.576471 1 0.8 0 0.576471 1 0.8 0 0.576471 1 0.8 0 0.576471 1 0.8 0 0.576471 1 0.8 0 0.576471 1 0.8 0 0.576471 1 0.8 0 0.576471 1 0.8 0 0.576471 1 0.8 0 0.576471 1 0.8 0 0.576471 1 0.8 0 0.576471 1 0.8 0 0.576471 1 0.8 0 0.576471 1 0.8 0 0.576471 1 0.8 0 0.576471 1 0.8 0 0.576471 1 0.8 0 0.576471 1 0.8 0 0.576471 1 0.8 0 0.576471 1 0.8 0 0.576471 1 0.8 0 0.576471 1 0.8 0 0.576471 1 0.8 0 0.576471 1 0.8 0 0.576471 1 0.8 0 0.576471 1 0.8 0 0.576471 1 0.8 0 0.576471 1 0.8 0 0.576471 1 0.8 0 0.576471 1 0.8 0 0.576471 1 0.8 0 0.576471 1 0.8 0 0.576471 1 0.8 0 0.576471 1 0.8 0 0.576471 1 0.8 0 0.576471 1 0.8 0 0.576471 1 0.8 0 0.576471 1 0.8 0 0.576471 1 0.8 0 0.576471 1 0.8 0 0.576471 1 0.8 0 0.576471 1 0.8 0 0.576471 1 0.8 0 0.576471 1 0.8 0 0.576471 1 0.8 0 0.576471 1 0.8 0 0.576471 1 0.8 0 0.576471 1 0.8 0 0.576471 1 0.8 0 0.576471 1 0.8 0 0.576471 1 0.8 0 0.576471 1 0.8 0 0.576471 1 0.8 0 0.576471 1 0.8 0 0.576471 1 0.8 0 0.576471 1 0.8 0 0.576471 1 0.8 0 0.576471 1 0.8 0 0.576471 1 0.8 0 0.576471 1 0.8 0 0.576471 1 0.8 0 0.576471 1 0.8 0 0.576471 1 0.8 0 0.576471 1 0.8 0 0.576471 1 0.8 0 0.576471 1 0.8 0 0.576471 1 0.8 0 0.576471 1 0.8 0 0.576471 1 0.8 0 0.576471 1 0.8 0 0.576471 1 0.8 0 0.576471 1 0.8 0 0.576471 1 0.8 0 0.576471 1 0.8 0 0.576471 1 0.8 0 0.576471 1 0.8 0 0.576471 1 0.8 0 0.576471 1 0.8 0 0.576471 1 0.8 0 0.576471 1 0.8 0 0.576471 1 0.8 0 0.576471 1 0.8 0 0.576471 1 0.8 0 0.576471 1 0.8 0 0.576471 1 0.8 0 0.576471 1 0.8 0 0.576471 1 0.8 0 0.576471 1 0.8 0 0.576471 1 0.8 0 0.576471 1 0.8 0 0.576471 1 0.8 0 0.576471 1 0.8 0 0.576471 1 0.8 0 0.576471 1 0.8 0 0.576471 1 0.8 0 0.576471 1 0.8 0 0.576471 1 0.8 0 0.576471 1 0.8 0 0.576471 1 0.8 0 0.576471 1 0.8 0 0.576471 1 0.8 0 0.576471 1 0.8 0 0.576471 1 0.8 0 0.576471 1 0.8 0 0.576471 1 0.8 0 0.576471 1 0.8 0 0.576471 1 0.8 0 0.576471 1 0.8 0 0.576471 1 0.8 0 0.576471 1 0.8 0 0.576471 1 0.8 0 0.576471 1 0.8 0 0.576471 1 0.8 0 0.576471 1 0.8 0 0.576471 1 0.8 0 0.576471 1 0.8 0 0.576471 1 0.8 0 0.576471 1 0.8 0 0.576471 1 0.8 0 0.576471 1 0.8 0 0.576471 1 0.8 0 0.576471 1 0.8 0 0.576471 1 0.8 0 0.576471 1 0.8 0 0.576471 1 0.8 0 0.576471 1 0.8 0 0.576471 1 0.8 0 0.576471 1 0.8 0 0.576471 1 0.8 0 0.576471 1 0.8 0 0.576471 1 0.8 0 0.576471 1 0.8 0 0.576471 1 0.8 0 0.576471 1 0.8 0 0.576471 1 0.8 0 0.576471 1 0.8 0 0.576471 1 0.8 0 0.576471 1 0.8 0 0.576471 1 0.8 0 0.576471 1 0.8 0 0.576471 1 0.8 0 0.576471 1 0.8 0 0.576471 1 0.8 0 0.576471 1 0.8 0 0.576471 1 0.8 0 0.576471 1 0.8 0 0.576471 1 0.8 0 0.576471 1 0.8 0 0.576471 1 0.8 0 0.576471 1 0.8 0 0.576471 1 0.8 0 0.576471 1 0.8 0 0.576471 1 0.8 0 0.576471 1 0.8 0 0.576471 1 0.8 0 0.576471 1 0.8 0 0.576471 1 0.8 0 0.576471 1 0.8 0 0.576471 1 0.8 0 0.576471 1 0.8 0 0.576471 1 0.8 0 0.576471 1 0.8 0 0.576471 1 0.8 0 0.576471 1 0.8 0 0.576471 1 0.8 0 0.576471 1 0.8 0 0.576471 1 0.8 0 0.576471 1 0.8 0 0.576471 1 0.8 0 0.576471 1 0.8 0 0.576471 1 0.8 0 0.576471 1 0.8 0 0.576471 1 0.8 0 0.576471 1 0.8 0 0.576471 1 0.8 0 0.576471 1 0.8 0 0.576471 1 0.8 0 0.576471 1 0.8 0 0.576471 1 0.8 0 0.576471 1 0.8 0 0.576471 1 0.8 0 0.576471 1 0.8 0 0.576471 1 0.8 0 0.576471 1 0.8 0 0.576471 1 0.8 0 0.576471 1 0.8 0 0.576471 1 0.8 0 0.576471 1 0.8 0 0.576471 1 0.8 0 0.576471 1 0.8 0 0.576471 1 0.8 0 0.576471 1 0.8 0 0.576471 1 0.8 0 0.576471 1 0.8 0 0.576471 1 0.8 0 0.576471 1 0.8 0 0.576471 1 0.8 0 0.576471 1 0.8 0 0.576471 1 0.8 0 0.576471 1 0.8 0 0.576471 1 0.8 0 0.576471 1 0.8 0 0.576471 1 0.8 0 0.576471 1 0.8 0 0.576471 1 0.8 0 0.576471 1 0.8 0 0.576471 1 0.8 0 0.576471 1 0.8 0 0.576471 1 0.8 0 0.576471 1 0.8 0 0.576471 1 0.8 0 0.576471 1 0.8 0 0.576471 1 0.8 0 0.576471 1 0.8 0 0.576471 1 0.8 0 0.576471 1 0.8 0 0.576471 1 0.8 0 0.576471 1 0.8 0 0.576471 1 0.8 0 0.576471 1 0.8 0 0.576471 1 0.8 0 0.576471 1 0.8 0 0.576471 1 0.8 0 0.576471 1 0.8 0 0.576471 1 0.8 0 0.576471 1 0.8 0 0.576471 1 0.8 0 0.576471 1 0.8 0 0.576471 1 0.8 0 0.576471 1 0.8 0 0.576471 1 0.8 0 0.576471 1 0.8 0 0.576471 1 0.8 0 0.576471 1 0.8 0 0.576471 1 0.8 0 0.576471 1 0.8 0 0.576471 1 0.8 0 0.576471 1 0.8 0 0.576471 1 0.8 0 0.576471 1 0.8 0 0.576471 1 0.8 0 0.576471 1 0.8 0 0.576471 1 0.8 0 0.576471 1 0.8 0 0.576471 1 0.8 0 0.576471 1 0.8 0 0.576471 1 0.8 0 0.576471 1 0.8 0 0.576471 1 0.8 0 0.576471 1 0.8 0 0.576471 1 0.8 0 0.576471 1 0.8 0 0.576471 1 0.8 0 0.576471 1 0.8 0 0.576471 1 0.8 0 0.576471 1 0.8 0 0.576471 1 0.8 0 0.576471 1 0.8 0 0.576471 1 0.8 0 0.576471 1 0.8 0 0.576471 1 0.8 0 0.576471 1 0.8 0 0.576471 1 0.8 0 0.576471 1 0.8 0 0.576471 1 0.8 0 0.576471 1 0.8 0 0.576471 1 0.8 0 0.576471 1 0.8 0 0.576471 1 0.8 0 0.576471 1 0.8 0 0.576471 1 0.8 0 0.576471 1 0.8 0 0.576471 1 0.8 0 0.576471 1 0.8 0 0.576471 1 0.8 0 0.576471 1 0.8 0 0.576471 1 0.8 0 0.576471 1 0.8 0 0.576471 1 0.8 0 0.576471 1 0.8 0 0.576471 1 0.8 0 0.576471 1 0.8 0 0.576471 1 0.8 0 0.576471 1 0.8 0 0.576471 1 0.8 0 0.576471 1 0.8 0 0.576471 1 0.8 0 0.576471 1 0.8 0 0.576471 1 0.8 0 0.576471 1 0.8 0 0.576471 1 0.8 0 0.576471 1 0.8 0 0.576471 1 0.8 0 0.576471 1 0.8 0 0.576471 1 0.8 0 0.576471 1 0.8 0 0.576471 1 0.8 0 0.576471 1 0.8 0 0.576471 1 0.8 0 0.576471 1 0.8 0 0.576471 1 0.8 0 0.576471 1 0.8 0 0.576471 1 0.8 0 0.576471 1 0.8 0 0.576471 1 0.8 0 0.576471 1 0.8 0 0.576471 1 0.8 0 0.576471 1 0.8 0 0.576471 1 0.8 0 0.576471 1 0.8 0 0.576471 1 0.8 0 0.576471 1 0.8 0 0.576471 1 0.8 0 0.576471 1 0.8 0 0.576471 1 0.8 0 0.576471 1 0.8 0 0.576471 1 0.8 0 0.576471 1 0.8 0 0.576471 1 0.8 0 0.576471 1 0.8 0 0.576471 1 0.8 0 0.576471 1 0.8 0 0.576471 1 0.8 0 0.576471 1 0.8 0 0.576471 1 0.8 0 0.576471 1 0.8 0 0.576471 1 0.8 0 0.576471 1 0.8 0 0.576471 1 0.8 0 0.576471 1 0.8 0 0.576471 1 0.8 0 0.576471 1 0.8 0 0.576471 1 0.8 0 0.576471 1 0.8 0 0.576471 1 0.8 0 0.576471 1 0.8 0 0.576471 1 0.8 0 0.576471 1 0.8 0 0.576471 1 0.8 0 0.576471 1 0.8 0 0.576471 1 0.8 0 0.576471 1 0.8 0 0.576471 1 0.8 0 0.576471 1 0.8 0 0.576471 1 0.8 0 0.576471 1 0.8 0 0.576471 1 0.8 0 0.576471 1 0.8 0 0.576471 1 0.8 0 0.576471 1 0.8 0 0.576471 1 0.8 0 0.576471 1 0.8 0 0.576471 1 0.8 0 0.576471 1 0.8 0 0.576471 1 0.8 0 0.576471 1 0.8 0 0.576471 1 0.8 0 0.576471 1 0.8 0 0.576471 1 0.8 0 0.576471 1 0.8 0 0.576471 1 0.8 0 0.576471 1 0.8 0 0.576471 1 0.8 0 0.576471 1 0.8 0 0.576471 1 0.8 0 0.576471 1 0.8 0 0.576471 1 0.8 0 0.576471 1 0.8 0 0.576471 1 0.8 0 0.576471 1 0.8 0 0.576471 1 0.8 0 0.576471 1 0.8 0 0.576471 1 0.8 0 0.576471 1 0.8 0 0.576471 1 0.8 0 0.576471 1 0.8 0 0.576471 1 0.8 0 0.576471 1 0.8 0 0.576471 1 0.8 0 0.576471 1 0.8 0 0.576471 1 0.8 0 0.576471 1 0.8 0 0.576471 1 0.8 0 0.576471 1 0.8 0 0.576471 1 0.8 0 0.576471 1 0.8 0 0.576471 1 0.8 0 0.576471 1 0.8 0 0.576471 1 0.8 0 0.576471 1 0.8 0 0.576471 1 0.8 0 0.576471 1 0.8 0 0.576471 1 0.8 0 0.576471 1 0.8 0 0.576471 1 0.8 0 0.576471 1 0.8 0 0.576471 1 0.8 0 0.576471 1 0.8 0 0.576471 1 0.8 0 0.576471 1 0.8 0 0.576471 1 0.8 0 0.576471 1 0.8 0 0.576471 1 0.8 0 0.576471 1 0.8 0 0.576471 1 0.8 0 0.576471 1 0.8 0 0.576471 1 0.8 0 0.576471 1 0.8 0 0.576471 1 0.8 0 0.576471 1 0.8 0 0.576471 1 0.8 0 0.576471 1 0.8 0 0.576471 1 0.8 0 0.576471 1 0.8 0 0.576471 1 0.8 0 0.576471 1 0.8 0 0.576471 1 0.8 0 0.576471 1 0.8 0 0.576471 1 0.8 0 0.576471 1 0.8 0 0.576471 1 0.8 0 0.576471 1 0.8 0 0.576471 1 0.8 0 0.576471 1 0.8 0 0.576471 1 0.8 0 0.576471 1 0.8 0 0.576471 1 0.8 0 0.576471 1 0.8 0 0.576471 1 0.8 0 0.576471 1 0.8 0 0.576471 1 0.8 0 0.576471 1 0.8 0 0.576471 1 0.8 0 0.576471 1 0.8 0 0.576471 1 0.8 0 0.576471 1 0.8 0 0.576471 1 0.8 0 0.576471 1 0.8 0 0.576471 1 0.8 0 0.576471 1 0.8 0 0.576471 1 0.8 0 0.576471 1 0.8 0 0.576471 1 0.8 0 0.576471 1 0.8 0 0.576471 1 0.8 0 0.576471 1 0.8 0 0.576471 1 0.8 0 0.576471 1 0.8 0 0.576471 1 0.8 0 0.576471 1 0.8 0 0.576471 1 0.8 0 0.576471 1 0.8 0 0.576471 1 0.8 0 0.576471 1 0.8 0 0.576471 1 0.8 0 0.576471 1 0.8 0 0.576471 1 0.8 0 0.576471 1 0.8 0 0.576471 1 0.8 0 0.576471 1 0.8 0 0.576471 1 0.8 0 0.576471 1 0.8 0 0.576471 1 0.8 0 0.576471 1 0.8 0 0.576471 1 0.8 0 0.576471 1 0.8 0 0.576471 1 0.8 0 0.576471 1 0.8 0 0.576471 1 0.8 0 0.576471 1 0.8 0 0.576471 1 0.8 0 0.576471 1 0.8 0 0.576471 1 0.8 0 0.576471 1 0.8 0 0.576471 1 0.8 0 0.576471 1 0.8 0 0.576471 1 0.8 0 0.576471 1 0.8 0 0.576471 1 0.8 0 0.576471 1 0.8 0 0.576471 1 0.8 0 0.576471 1 0.8 0 0.576471 1 0.8 0 0.576471 1 0.8 0 0.576471 1 0.8 0 0.576471 1 0.8 0 0.576471 1 0.8 0 0.576471 1 0.8 0 0.576471 1 0.8 0 0.576471 1 0.8 0 0.576471 1 0.8 0 0.576471 1 0.8 0 0.576471 1 0.8 0 0.576471 1 0.8 0 0.576471 1 0.8 0 0.576471 1 0.8 0 0.576471 1 0.8 0 0.576471 1 0.8 0 0.576471 1 0.8 0 0.576471 1 0.8 0 0.576471 1 0.8 0 0.576471 1 0.8 0 0.576471 1 0.8 0 0.576471 1 0.8 0 0.576471 1 0.8 0 0.576471 1 0.8 0 0.576471 1 0.8 0 0.576471 1 0.8 0 0.576471 1 0.8 0 0.576471 1 0.8 0 0.576471 1 0.8 0 0.576471 1 0.8 0 0.576471 1 0.8 0 0.576471 1 0.8 0 0.576471 1 0.8 0 0.576471 1 0.8 0 0.576471 1 0.8 0 0.576471 1 0.8 0 0.576471 1 0.8 0 0.576471 1 0.8 0 0.576471 1 0.8 0 0.576471 1 0.8 0 0.576471 1 0.8 0 0.576471 1 0.8 0 0.576471 1 0.8 0 0.576471 1 0.8 0 0.576471 1 0.8 0 0.576471 1 0.8 0 0.576471 1 0.8 0 0.576471 1 0.8 0 0.576471 1 0.8 0 0.576471 1 0.8 0 0.576471 1 0.8 0 0.576471 1 0.8 0 0.576471 1 0.8 0 0.576471 1 0.8 0 0.576471 1 0.8 0 0.576471 1 0.8 0 0.576471 1 0.8 0 0.576471 1 0.8 0 0.576471 1 0.8 0 0.576471 1 0.8 0 0.576471 1 0.8 0 0.576471 1 0.8 0 0.576471 1 0.8 0 0.576471 1 0.8 0 0.576471 1 0.8 0 0.576471 1 0.8 0 0.576471 1 0.8 0 0.576471 1 0.8 0 0.576471 1 0.8 0 0.576471 1 0.8 0 0.576471 1 0.8 0 0.576471 1 0.8 0 0.576471 1 0.8 0 0.576471 1 0.8 0 0.576471 1 0.8 0 0.576471 1 0.8 0 0.576471 1 0.8 0 0.576471 1 0.8 0 0.576471 1 0.8 0 0.576471 1 0.8 0 0.576471 1 0.8 0 0.576471 1 0.8 0 0.576471 1 0.8 0 0.576471 1 0.8 0 0.576471 1 0.8 0 0.576471 1 0.8 0 0.576471 1 0.8 0 0.576471 1 0.8 0 0.576471 1 0.8 0 0.576471 1 0.8 0 0.576471 1 0.8 0 0.576471 1 0.8 0 0.576471 1 0.8 0 0.576471 1 0.8 0 0.576471 1 0.8 0 0.576471 1 0.8 0 0.576471 1 0.8 0 0.576471 1 0.8 0 0.576471 1 0.8 0 0.576471 1 0.8 0 0.576471 1 0.8 0 0.576471 1 0.8 0 0.576471 1 0.8 0 0.576471 1 0.8 0 0.576471 1 0.8 0 0.576471 1 0.8 0 0.576471 1 0.8 0 0.576471 1 0.8 0 0.576471 1 0.8 0 0.576471 1 0.8 0 0.576471 1 0.8 0 0.576471 1 0.8 0 0.576471 1 0.8 0 0.576471 1 0.8 0 0.576471 1 0.8 0 0.576471 1 0.8 0 0.576471 1 0.8 0 0.576471 1 0.8 0 0.576471 1 0.8 0 0.576471 1 0.8 0 0.576471 1 0.8 0 0.576471 1 0.8 0 0.576471 1 0.8 0 0.576471 1 0.8 0 0.576471 1 0.8 0 0.576471 1 0.8 0 0.576471 1 0.8 0 0.576471 1 0.8 0 0.576471 1 0.8 0 0.576471 1 0.8 0 0.576471 1 0.8 0 0.576471 1 0.8 0 0.576471 1 0.8 0 0.576471 1 0.8 0 0.576471 1 0.8 0 0.576471 1 0.8 0 0.576471 1 0.8 0 0.576471 1 0.8 0 0.576471 1 0.8 0 0.576471 1 0.8 0 0.576471 1 0.8 0 0.576471 1 0.8 0 0.576471 1 0.8 0 0.576471 1 0.8 0 0.576471 1 0.8 0 0.576471 1 0.8 0 0.576471 1 0.8 0 0.576471 1 0.8 0 0.576471 1 0.8 0 0.576471 1 0.8 0 0.576471 1 0.8 0 0.576471 1 0.8 0 0.576471 1 0.8 0 0.576471 1 0.8 0 0.576471 1 0.8 0 0.576471 1 0.8 0 0.576471 1 0.8 0 0.576471 1 0.8 0 0.576471 1 0.8 0 0.576471 1 0.8 0 0.576471 1 0.8 0 0.576471 1 0.8 0 0.576471 1 0.8 0 0.576471 1 0.8 0 0.576471 1 0.8 0 0.576471 1 0.8 0 0.576471 1 0.8 0 0.576471 1 0.8 0 0.576471 1 0.8 0 0.576471 1 0.8 0 0.576471 1 0.8 0 0.576471 1 0.8 0 0.576471 1 0.8 0 0.576471 1 0.8 0 0.576471 1 0.8 0 0.576471 1 0.8 0 0.576471 1 0.8 0 0.576471 1 0.8 0 0.576471 1 0.8 0 0.576471 1 0.8 0 0.576471 1 0.8 0 0.576471 1 0.8 0 0.576471 1 0.8 0 0.576471 1 0.8 0 0.576471 1 0.8 0 0.576471 1 0.8 0 0.576471 1 0.8 0 0.576471 1 0.8 0 0.576471 1 0.8 0 0.576471 1 0.8 0 0.576471 1 0.8 0 0.576471 1 0.8 0 0.576471 1 0.8 0 0.576471 1 0.8 0 0.576471 1 0.8 0 0.576471 1 0.8 0 0.576471 1 0.8 0 0.576471 1 0.8 0 0.576471 1 0.8 0 0.576471 1 0.8 0 0.576471 1 0.8 0 0.576471 1 0.8 0 0.576471 1 0.8 0 0.576471 1 0.8 0 0.576471 1 0.8 0 0.576471 1 0.8 0 0.576471 1 0.8 0 0.576471 1 0.8 0 0.576471 1 0.8 0 0.576471 1 0.8 0 0.576471 1 0.8 0 0.576471 1 0.8 0 0.576471 1 0.8 0 0.576471 1 0.8 0 0.576471 1 0.8 0 0.576471 1 0.8 0 0.576471 1 0.8 0 0.576471 1 0.8 0 0.576471 1 0.8 0 0.576471 1 0.8 0 0.576471 1 0.8 0 0.576471 1 0.8 0 0.576471 1 0.8 0 0.576471 1 0.8 0 0.576471 1 0.8 0 0.576471 1 0.8 0 0.576471 1 0.8 0 0.576471 1 0.8 0 0.576471 1 0.8 0 0.576471 1 0.8 0 0.576471 1 0.8 0 0.576471 1 0.8 0 0.576471 1 0.8 0 0.576471 1 0.8 0 0.576471 1 0.8 0 0.576471 1 0.8 0 0.576471 1 0.8 0 0.576471 1 0.8 0 0.576471 1 0.8 0 0.576471 1 0.8 0 0.576471 1 0.8 0 0.576471 1 0.8 0 0.576471 1 0.8 0 0.576471 1 0.8 0 0.576471 1 0.8 0 0.576471 1 0.8 0 0.576471 1 0.8 0 0.576471 1 0.8 0 0.576471 1 0.8 0 0.576471 1 0.8 0 0.576471 1 0.8 0 0.576471 1 0.8 0 0.576471 1 0.8 0 0.576471 1 0.8 0 0.576471 1 0.8 0 0.576471 1 0.8 0 0.576471 1 0.8 0 0.576471 1 0.8 0 0.576471 1 0.8 0 0.576471 1 0.8 0 0.576471 1 0.8 0 0.576471 1 0.8 0 0.576471 1 0.8 0 0.576471 1 0.8 0 0.576471 1 0.8 0 0.576471 1 0.8 0 0.576471 1 0.8 0 0.576471 1 0.8 0 0.576471 1 0.8 0 0.576471 1 0.8 0 0.576471 1 0.8 0 0.576471 1 0.8 0 0.576471 1 0.8 0 0.576471 1 0.8 0 0.576471 1 0.8 0 0.576471 1 0.8 0 0.576471 1 0.8 0 0.576471 1 0.8 0 0.576471 1 0.8 0 0.576471 1 0.8 0 0.576471 1 0.8 0 0.576471 1 0.8 0 0.576471 1 0.8 0 0.576471 1 0.8 0 0.576471 1 0.8 0 0.576471 1 0.8 0 0.576471 1 0.8 0 0.576471 1 0.8 0 0.576471 1 0.8 0 0.576471 1 0.8 0 0.576471 1 0.8 0 0.576471 1 0.8 0 0.576471 1 0.8 0 0.576471 1 0.8 0 0.576471 1 0.8 0 0.576471 1 0.8 0 0.576471 1 0.8 0 0.576471 1 0.8 0 0.576471 1 0.8 0 0.576471 1 0.8 0 0.576471 1 0.8 0 0.576471 1 0.8 0 0.576471 1 0.8 0 0.576471 1 0.8 0 0.576471 1 0.8 0 0.576471 1 0.8 0 0.576471 1 0.8 0 0.576471 1 0.8 0 0.576471 1 0.8 0 0.576471 1 0.8 0 0.576471 1 0.8 0 0.576471 1 0.8 0 0.576471 1 0.8 0 0.576471 1 0.8 0 0.576471 1 0.8 0 0.576471 1 0.8 0 0.576471 1 0.8 0 0.576471 1 0.8 0 0.576471 1 0.8 0 0.576471 1 0.8 0 0.576471 1 0.8 0 0.576471 1 0.8 0 0.576471 1 0.8 0 0.576471 1 0.8 0 0.576471 1 0.8 0 0.576471 1 0.8 0 0.576471 1 0.8 0 0.576471 1 0.8 0 0.576471 1 0.8 0 0.576471 1 0.8 0 0.576471 1 0.8 0 0.576471 1 0.8 0 0.576471 1 0.8 0 0.576471 1 0.8 0 0.576471 1 0.8 0 0.576471 1 0.8 0 0.576471 1 0.8 0 0.576471 1 0.8 0 0.576471 1 0.8 0 0.576471 1 0.8 0 0.576471 1 0.8 0 0.576471 1 0.8 0 0.576471 1 0.8 0 0.576471 1 0.8 0 0.576471 1 0.8 0 0.576471 1 0.8 0 0.576471 1 0.8 0 0.576471 1 0.8 0 0.576471 1 0.8 0 0.576471 1 0.8 0 0.576471 1 0.8 0 0.576471 1 0.8 0 0.576471 1 0.8 0 0.576471 1 0.8 0 0.576471 1 0.8 0 0.576471 1 0.8 0 0.576471 1 0.8 0 0.576471 1 0.8 0 0.576471 1 0.8 0 0.576471 1 0.8 0 0.576471 1 0.8 0 0.576471 1 0.8 0 0.576471 1 0.8 0 0.576471 1 0.8 0 0.576471 1 0.8 0 0.576471 1 0.8 0 0.576471 1 0.8 0 0.576471 1 0.8 0 0.576471 1 0.8 0 0.576471 1 0.8 0 0.576471 1 0.8 0 0.576471 1 0.8 0 0.576471 1 0.8 0 0.576471 1 0.8 0 0.576471 1 0.8 0 0.576471 1 0.8 0 0.576471 1 0.8 0 0.576471 1 0.8 0 0.576471 1 0.8 0 0.576471 1 0.8 0 0.576471 1 0.8 0 0.576471 1 0.8 0 0.576471 1 0.8 0 0.576471 1 0.8 0 0.576471 1 0.8 0 0.576471 1 0.8 0 0.576471 1 0.8 0 0.576471 1 0.8 0 0.576471 1 0.8 0 0.576471 1 0.8 0 0.576471 1 0.8 0 0.576471 1 0.8 0 0.576471 1 0.8 0 0.576471 1 0.8 0 0.576471 1 0.8 0 0.576471 1 0.8 0 0.576471 1 0.8 0 0.576471 1 0.8 0 0.576471 1 0.8 0 0.576471 1 0.8 0 0.576471 1 0.8 0 0.576471 1 0.8 0 0.576471 1 0.8 0 0.576471 1 0.8 0 0.576471 1 0.8 0 0.576471 1 0.8 0 0.576471 1 0.8 0 0.576471 1 0.8 0 0.576471 1 0.8 0 0.576471 1 0.8 0 0.576471 1 0.8 0 0.576471 1 0.8 0 0.576471 1 0.8 0 0.576471 1 0.8 0 0.576471 1 0.8 0 0.576471 1 0.8 0 0.576471 1 0.8 0 0.576471 1 0.8 0 0.576471 1 0.8 0 0.576471 1 0.8 0 0.576471 1 0.8 0 0.576471 1 0.8 0 0.576471 1 0.8 0 0.576471 1 0.8 0 0.576471 1 0.8 0 0.576471 1 0.8 0 0.576471 1 0.8 0 0.576471 1 0.8 0 0.576471 1 0.8 0 0.576471 1 0.8 0 0.576471 1 0.8 0 0.576471 1 0.8 0 0.576471 1 0.8 0 0.576471 1 0.8 0 0.576471 1 0.8 0 0.576471 1 0.8 0 0.576471 1 0.8 0 0.576471 1 0.8 0 0.576471 1 0.8 0 0.576471 1 0.8 0 0.576471 1 0.8 0 0.576471 1 0.8 0 0.576471 1 0.8 0 0.576471 1 0.8 0 0.576471 1 0.8 0 0.576471 1 0.8 0 0.576471 1 0.8 0 0.576471 1 0.8 0 0.576471 1 0.8 0 0.576471 1 0.8 0 0.576471 1 0.8 0 0.576471 1 0.8 0 0.576471 1 0.8 0 0.576471 1 0.8 0 0.576471 1 0.8 0 0.576471 1 0.8 0 0.576471 1 0.8 0 0.576471 1 0.8 0 0.576471 1 0.8 0 0.576471 1 0.8 0 0.576471 1 0.8 0 0.576471 1 0.8 0 0.576471 1 0.8 0 0.576471 1 0.8 0 0.576471 1 0.8 0 0.576471 1 0.8 0 0.576471 1 0.8 0 0.576471 1 0.8 0 0.576471 1 0.8 0 0.576471 1 0.8 0 0.576471 1 0.8 0 0.576471 1 0.8 0 0.576471 1 0.8 0 0.576471 1 0.8 0 0.576471 1 0.8 0 0.576471 1 0.8 0 0.576471 1 0.8 0 0.576471 1 0.8 0 0.576471 1 0.8 0 0.576471 1 0.8 0 0.576471 1 0.8 0 0.576471 1 0.8 0 0.576471 1 0.8 0 0.576471 1 0.8 0 0.576471 1 0.8 0 0.576471 1 0.8 0 0.576471 1 0.8 0 0.576471 1 0.8 0 0.576471 1 0.8 0 0.576471 1 0.8 0 0.576471 1 0.8 0 0.576471 1 0.8 0 0.576471 1 0.8 0 0.576471 1 0.8 0 0.576471 1 0.8 0 0.576471 1 0.8 0 0.576471 1 0.8 0 0.576471 1 0.8 0 0.576471 1 0.8 0 0.576471 1 0.8 0 0.576471 1 0.8 0 0.576471 1 0.8 0 0.576471 1 0.8 0 0.576471 1 0.8 0 0.576471 1 0.8 0 0.576471 1 0.8 0 0.576471 1 0.8 0 0.576471 1 0.8 0 0.576471 1 0.8 0 0.576471 1 0.8 0 0.576471 1 0.8 0 0.576471 1 0.8 0 0.576471 1 0.8 0 0.576471 1 0.8 0 0.576471 1 0.8 0 0.576471 1 0.8 0 0.576471 1 0.8 0 0.576471 1 0.8 0 0.576471 1 0.8 0 0.576471 1 0.8 0 0.576471 1 0.8 0 0.576471 1 0.8 0 0.576471 1 0.8 0 0.576471 1 0.8 0 0.576471 1 0.8 0 0.576471 1 0.8 0 0.576471 1 0.8 0 0.576471 1 0.8 0 0.576471 1 0.8 0 0.576471 1 0.8 0 0.576471 1 0.8 0 0.576471 1 0.8 0 0.576471 1 0.8 0 0.576471 1 0.8 0 0.576471 1 0.8 0 0.576471 1 0.8 0 0.576471 1 0.8 0 0.576471 1 0.8 0 0.576471 1 0.8 0 0.576471 1 0.8 0 0.576471 1 0.8 0 0.576471 1 0.8 0 0.576471 1 0.8 0 0.576471 1 0.8 0 0.576471 1 0.8 0 0.576471 1 0.8 0 0.576471 1 0.8 0 0.576471 1 0.8 0 0.576471 1 0.8 0 0.576471 1 0.8 0 0.576471 1 0.8 0 0.576471 1 0.8 0 0.576471 1 0.8 0 0.576471 1 0.8 0 0.576471 1 0.8 0 0.576471 1 0.8 0 0.576471 1 0.8 0 0.576471 1 0.8 0 0.576471 1 0.8 0 0.576471 1 0.8 0 0.576471 1 0.8 0 0.576471 1 0.8 0 0.576471 1 0.8 0 0.576471 1 0.8 0 0.576471 1 0.8 0 0.576471 1 0.8 0 0.576471 1 0.8 0 0.576471 1 0.8 0 0.576471 1 0.8 0 0.576471 1 0.8 0 0.576471 1 0.8 0 0.576471 1 0.8 0 0.576471 1 0.8 0 0.576471 1 0.8 0 0.576471 1 0.8 0 0.576471 1 0.8 0 0.576471 1 0.8 0 0.576471 1 0.8 0 0.576471 1 0.8 0 0.576471 1 0.8 0 0.576471 1 0.8 0 0.576471 1 0.8 0 0.576471 1 0.8 0 0.576471 1 0.8 0 0.576471 1 0.8 0 0.576471 1 0.8 0 0.576471 1 0.8 0 0.576471 1 0.8 0 0.576471 1 0.8 0 0.576471 1 0.8 0 0.576471 1 0.8 0 0.576471 1 0.8 0 0.576471 1 0.8 0 0.576471 1 0.8 0 0.576471 1 0.8 0 0.576471 1 0.8 0 0.576471 1 0.8 0 0.576471 1 0.8 0 0.576471 1 0.8 0 0.576471 1 0.8 0 0.576471 1 0.8 0 0.576471 1 0.8 0 0.576471 1 0.8 0 0.576471 1 0.8 0 0.576471 1 0.8 0 0.576471 1 0.8 0 0.576471 1 0.8 0 0.576471 1 0.8 0 0.576471 1 0.8 0 0.576471 1 0.8 0 0.576471 1 0.8 0 0.576471 1 0.8 0 0.576471 1 0.8 0 0.576471 1 0.8 0 0.576471 1 0.8 0 0.576471 1 0.8 0 0.576471 1 0.8 0 0.576471 1 0.8 0 0.576471 1 0.8 0 0.576471 1 0.8 0 0.576471 1 0.8 0 0.576471 1 0.8 0 0.576471 1 0.8 0 0.576471 1 0.8 0 0.576471 1 0.8 0 0.576471 1 0.8 0 0.576471 1 0.8 0 0.576471 1 0.8 0 0.576471 1 0.8 0 0.576471 1 0.8 0 0.576471 1 0.8 0 0.576471 1 0.8 0 0.576471 1 0.8 0 0.576471 1 0.8 0 0.576471 1 0.8 0 0.576471 1 0.8 0 0.576471 1 0.8 0 0.576471 1 0.8 0 0.576471 1 0.8 0 0.576471 1 0.8 0 0.576471 1 0.8 0 0.576471 1 0.8 0 0.576471 1 0.8 0 0.576471 1 0.8 0 0.576471 1 0.8 0 0.576471 1 0.8 0 0.576471 1 0.8 0 0.576471 1 0.8 0 0.576471 1 0.8 0 0.576471 1 0.8 0 0.576471 1 0.8 0 0.576471 1 0.8 0 0.576471 1 0.8 0 0.576471 1 0.8 0 0.576471 1 0.8 0 0.576471 1 0.8 0 0.576471 1 0.8 0 0.576471 1 0.8 0 0.576471 1 0.8 0 0.576471 1 0.8 0 0.576471 1 0.8 0 0.576471 1 0.8 0 0.576471 1 0.8 0 0.576471 1 0.8 0 0.576471 1 0.8 0 0.576471 1 0.8 0 0.576471 1 0.8 0 0.576471 1 0.8 0 0.576471 1 0.8 0 0.576471 1 0.8 0 0.576471 1 0.8 0 0.576471 1 0.8 0 0.576471 1 0.8 0 0.576471 1 0.8 0 0.576471 1 0.8 0 0.576471 1 0.8 0 0.576471 1 0.8 0 0.576471 1 0.8 0 0.576471 1 0.8 0 0.576471 1 0.8 0 0.576471 1 0.8 0 0.576471 1 0.8 0 0.576471 1 0.8 0 0.576471 1 0.8 0 0.576471 1 0.8 0 0.576471 1 0.8 0 0.576471 1 0.8 0 0.576471 1 0.8 0 0.576471 1 0.8 0 0.576471 1 0.8 0 0.576471 1 0.8 0 0.576471 1 0.8 0 0.576471 1 0.8 0 0.576471 1 0.8 0 0.576471 1 0.8 0 0.576471 1 0.8 0 0.576471 1 0.8 0 0.576471 1 0.8 0 0.576471 1 0.8 0 0.576471 1 0.8 0 0.576471 1 0.8 0 0.576471 1 0.8 0 0.576471 1 0.8 0 0.576471 1 0.8 0 0.576471 1 0.8 0 0.576471 1 0.8 0 0.576471 1 0.8 0 0.576471 1 0.8 0 0.576471 1 0.8 0 0.576471 1 0.8 0 0.576471 1 0.8 0 0.576471 1 0.8 0 0.576471 1 0.8 0 0.576471 1 0.8 0 0.576471 1 0.8 0 0.576471 1 0.8 0 0.576471 1 0.8 0 0.576471 1 0.8 0 0.576471 1 0.8 0 0.576471 1 0.8 0 0.576471 1 0.8 0 0.576471 1 0.8 0 0.576471 1 0.8 0 0.576471 1 0.8 0 0.576471 1 0.8 0 0.576471 1 0.8 0 0.576471 1 0.8 0 0.576471 1 0.8 0 0.576471 1 0.8 0 0.576471 1 0.8 0 0.576471 1 0.8 0 0.576471 1 0.8 0 0.576471 1 0.8 0 0.576471 1 0.8 0 0.576471 1 0.8 0 0.576471 1 0.8 0 0.576471 1 0.8 0 0.576471 1 0.8 0 0.576471 1 0.8 0 0.576471 1 0.8 0 0.576471 1 0.8 0 0.576471 1 0.8 0 0.576471 1 0.8 0 0.576471 1 0.8 0 0.576471 1 0.8 0 0.576471 1 0.8 0 0.576471 1 0.8 0 0.576471 1 0.8 0 0.576471 1 0.8 0 0.576471 1 0.8 0 0.576471 1 0.8 0 0.576471 1 0.8 0 0.576471 1 0.8 0 0.576471 1 0.8 0 0.576471 1 0.8 0 0.576471 1 0.8 0 0.576471 1 0.8 0 0.576471 1 0.8 0 0.576471 1 0.8 0 0.576471 1 0.8 0 0.576471 1 0.8 0 0.576471 1 0.8 0 0.576471 1 0.8 0 0.576471 1 0.8 0 0.576471 1 0.8 0 0.576471 1 0.8 0 0.576471 1 0.8 0 0.576471 1 0.8 0 0.576471 1 0.8 0 0.576471 1 0.8 0 0.576471 1 0.8 0 0.576471 1 0.8 0 0.576471 1 0.8 0 0.576471 1 0.8 0 0.576471 1 0.8 0 0.576471 1 0.8 0 0.576471 1 0.8 0 0.576471 1 0.8 0 0.576471 1 0.8 0 0.576471 1 0.8 0 0.576471 1 0.8 0 0.576471 1 0.8 0 0.576471 1 0.8 0 0.576471 1 0.8 0 0.576471 1 0.8 0 0.576471 1 0.8 0 0.576471 1 0.8 0 0.576471 1 0.8 0 0.576471 1 0.8 0 0.576471 1 0.8 0 0.576471 1 0.8 0 0.576471 1 0.8 0 0.576471 1 0.8 0 0.576471 1 0.8 0 0.576471 1 0.8 0 0.576471 1 0.8 0 0.576471 1 0.8 0 0.576471 1 0.8 0 0.576471 1 0.8 0 0.576471 1 0.8 0 0.576471 1 0.8 0 0.576471 1 0.8 0 0.576471 1 0.8 0 0.576471 1 0.8 0 0.576471 1 0.8 0 0.576471 1 0.8 0 0.576471 1 0.8 0 0.576471 1 0.8 0 0.576471 1 0.8 0 0.576471 1 0.8 0 0.576471 1 0.8 0 0.576471 1 0.8 0 0.576471 1 0.8 0 0.576471 1 0.8 0 0.576471 1 0.8 0 0.576471 1 0.8 0 0.576471 1 0.8 0 0.576471 1 0.8 0 0.576471 1 0.8 0 0.576471 1 0.8 0 0.576471 1 0.8 0 0.576471 1 0.8 0 0.576471 1 0.8 0 0.576471 1 0.8 0 0.576471 1 0.8 0 0.576471 1 0.8 0 0.576471 1 0.8 0 0.576471 1 0.8 0 0.576471 1 0.8 0 0.576471 1 0.8 0 0.576471 1 0.8 0 0.576471 1 0.8 0 0.576471 1 0.8 0 0.576471 1 0.8 0 0.576471 1 0.8 0 0.576471 1 0.8 0 0.576471 1 0.8 0 0.576471 1 0.8 0 0.576471 1 0.8 0 0.576471 1 0.8 0 0.576471 1 0.8 0 0.576471 1 0.8 0 0.576471 1 0.8 0 0.576471 1 0.8 0 0.576471 1 0.8 0 0.576471 1 0.8 0 0.576471 1 0.8 0 0.576471 1 0.8 0 0.576471 1 0.8 0 0.576471 1 0.8 0 0.576471 1 0.8 0 0.576471 1 0.8 0 0.576471 1 0.8 0 0.576471 1 0.8 0 0.576471 1 0.8 0 0.576471 1 0.8 0 0.576471 1 0.8 0 0.576471 1 0.8 0 0.576471 1 0.8 0 0.576471 1 0.8 0 0.576471 1 0.8 0 0.576471 1 0.8 0 0.576471 1 0.8 0 0.576471 1 0.8 0 0.576471 1 0.8 0 0.576471 1 0.8 0 0.576471 1 0.8 0 0.576471 1 0.8 0 0.576471 1 0.8 0 0.576471 1 0.8 0 0.576471 1 0.8 0 0.576471 1 0.8 0 0.576471 1 0.8 0 0.576471 1 0.8 0 0.576471 1 0.8 0 0.576471 1 0.8 0 0.576471 1 0.8 0 0.576471 1 0.8 0 0.576471 1 0.8 0 0.576471 1 0.8 0 0.576471 1 0.8 0 0.576471 1 0.8 0 0.576471 1 0.8 0 0.576471 1 0.8 0 0.576471 1 0.8 0 0.576471 1 0.8 0 0.576471 1 0.8 0 0.576471 1 0.8 0 0.576471 1 0.8 0 0.576471 1 0.8 0 0.576471 1 0.8 0 0.576471 1 0.8 0 0.576471 1 0.8 0 0.576471 1 0.8 0 0.576471 1 0.8 0 0.576471 1 0.8 0 0.576471 1 0.8 0 0.576471 1 0.8 0 0.576471 1 0.8 0 0.576471 1 0.8 0 0.576471 1 0.8 0 0.576471 1 0.8 0 0.576471 1 0.8 0 0.576471 1 0.8 0 0.576471 1 0.8 0 0.576471 1 0.8 0 0.576471 1 0.8 0 0.576471 1 0.8 0 0.576471 1 0.8 0 0.576471 1 0.8 0 0.576471 1 0.8 0 0.576471 1 0.8 0 0.576471 1 0.8 0 0.576471 1 0.8 0 0.576471 1 0.8 0 0.576471 1 0.8 0 0.576471 1 0.8 0 0.576471 1 0.8 0 0.576471 1 0.8 0 0.576471 1 0.8 0 0.576471 1 0.8 0 0.576471 1 0.8 0 0.576471 1 0.8 0 0.576471 1 0.8 0 0.576471 1 0.8 0 0.576471 1 0.8 0 0.576471 1 0.8 0 0.576471 1 0.8 0 0.576471 1 0.8 0 0.576471 1 0.8 0 0.576471 1 0.8 0 0.576471 1 0.8 0 0.576471 1 0.8 0 0.576471 1 0.8 0 0.576471 1 0.8 0 0.576471 1 0.8 0 0.576471 1 0.8 0 0.576471 1 0.8 0 0.576471 1 0.8 0 0.576471 1 0.8 0 0.576471 1 0.8 0 0.576471 1 0.8 0 0.576471 1 0.8 0 0.576471 1 0.8 0 0.576471 1 0.8 0 0.576471 1 0.8 0 0.576471 1 0.8 0 0.576471 1 0.8 0 0.576471 1 0.8 0 0.576471 1 0.8 0 0.576471 1 0.8 0 0.576471 1 0.8 0 0.576471 1 0.8 0 0.576471 1 0.8 0 0.576471 1 0.8 0 0.576471 1 0.8 0 0.576471 1 0.8 0 0.576471 1 0.8 0 0.576471 1 0.8 0 0.576471 1 0.8 0 0.576471 1 0.8 0 0.576471 1 0.8 0 0.576471 1 0.8 0 0.576471 1 0.8 0 0.576471 1 0.8 0 0.576471 1 0.8 0 0.576471 1 0.8 0 0.576471 1 0.8 0 0.576471 1 0.8 0 0.576471 1 0.8 0 0.576471 1 0.8 0 0.576471 1 0.8 0 0.576471 1 0.8 0 0.576471 1 0.8 0 0.576471 1 0.8 0 0.576471 1 0.8 0 0.576471 1 0.8 0 0.576471 1 0.8 0 0.576471 1 0.8 0 0.576471 1 0.8 0 0.576471 1 0.8 0 0.576471 1 0.8 0 0.576471 1 0.8 0 0.576471 1 0.8 0 0.576471 1 0.8 0 0.576471 1 0.8 0 0.576471 1 0.8 0 0.576471 1 0.8 0 0.576471 1 0.8 0 0.576471 1 0.8 0 0.576471 1 0.8 0 0.576471 1 0.8 0 0.576471 1 0.8 0 0.576471 1 0.8 0 0.576471 1 0.8 0 0.576471 1 0.8 0 0.576471 1 0.8 0 0.576471 1 0.8 0 0.576471 1 0.8 0 0.576471 1 0.8 0 0.576471 1 0.8 0 0.576471 1 0.8 0 0.576471 1 0.8 0 0.576471 1 0.8 0 0.576471 1 0.8 0 0.576471 1 0.8 0 0.576471 1 0.8 0 0.576471 1 0.8 0 0.576471 1 0.8 0 0.576471 1 0.8 0 0.576471 1 0.8 0 0.576471 1 0.8 0 0.576471 1 0.8 0 0.576471 1 0.8 0 0.576471 1 0.8 0 0.576471 1 0.8 0 0.576471 1 0.8 0 0.576471 1 0.8 0 0.576471 1 0.8 0 0.576471 1 0.8 0 0.576471 1 0.8 0 0.576471 1 0.8 0 0.576471 1 0.8 0 0.576471 1 0.8 0 0.576471 1 0.8 0 0.576471 1 0.8 0 0.576471 1 0.8 0 0.576471 1 0.8 0 0.576471 1 0.8 0 0.576471 1 0.8 0 0.576471 1 0.8 0 0.576471 1 0.8 0 0.576471 1 0.8 0 0.576471 1 0.8 0 0.576471 1 0.8 0 0.576471 1 0.8 0 0.576471 1 0.8 0 0.576471 1 0.8 0 0.576471 1 0.8 0 0.576471 1 0.8 0 0.576471 1 0.8 0 0.576471 1 0.8 0 0.576471 1 0.8 0 0.576471 1 0.8 0 0.576471 1 0.8 0 0.576471 1 0.8 0 0.576471 1 0.8 0 0.576471 1 0.8 0 0.576471 1 0.8 0 0.576471 1 0.8 0 0.576471 1 0.8 0 0.576471 1 0.8 0 0.576471 1 0.8 0 0.576471 1 0.8 0 0.576471 1 0.8 0 0.576471 1 0.8 0 0.576471 1 0.8 0 0.576471 1 0.8 0 0.576471 1 0.8 0 0.576471 1 0.8 0 0.576471 1 0.8 0 0.576471 1 0.8 0 0.576471 1 0.8 0 0.576471 1 0.8 0 0.576471 1 0.8 0 0.576471 1 0.8 0 0.576471 1 0.8 0 0.576471 1 0.8 0 0.576471 1 0.8 0 0.576471 1 0.8 0 0.576471 1 0.8 0 0.576471 1 0.8 0 0.576471 1 0.8 0 0.576471 1 0.8 0 0.576471 1 0.8 0 0.576471 1 0.8 0 0.576471 1 0.8 0 0.576471 1 0.8 0 0.576471 1 0.8 0 0.576471 1 0.8 0 0.576471 1 0.8 0 0.576471 1 0.8 0 0.576471 1 0.8 0 0.576471 1 0.8 0 0.576471 1 0.8 0 0.576471 1 0.8 0 0.576471 1 0.8 0 0.576471 1 0.8 0 0.576471 1 0.8 0 0.576471 1 0.8 0 0.576471 1 0.8 0 0.576471 1 0.8 0 0.576471 1 0.8 0 0.576471 1 0.8 0 0.576471 1 0.8 0 0.576471 1 0.8 0 0.576471 1 0.8 0 0.576471 1 0.8 0 0.576471 1 0.8 0 0.576471 1 0.8 0 0.576471 1 0.8 0 0.576471 1 0.8 0 0.576471 1 0.8 0 0.576471 1 0.8 0 0.576471 1 0.8 0 0.576471 1 0.8 0 0.576471 1 0.8 0 0.576471 1 0.8 0 0.576471 1 0.8 0 0.576471 1 0.8 0 0.576471 1 0.8 0 0.576471 1 0.8 0 0.576471 1 0.8 0 0.576471 1 0.8 0 0.576471 1 0.8 0 0.576471 1 0.8 0 0.576471 1 0.8 0 0.576471 1 0.8 0 0.576471 1 0.8 0 0.576471 1 0.8 0 0.576471 1 0.8 0 0.576471 1 0.8 0 0.576471 1 0.8 0 0.576471 1 0.8 0 0.576471 1 0.8 0 0.576471 1 0.8 0 0.576471 1 0.8 0 0.576471 1 0.8 0 0.576471 1 0.8 0 0.576471 1 0.8 0 0.576471 1 0.8 0 0.576471 1 0.8 0 0.576471 1 0.8 0 0.576471 1 0.8 0 0.576471 1 0.8 0 0.576471 1 0.8 0 0.576471 1 0.8 0 0.576471 1 0.8 0 0.576471 1 0.8 0 0.576471 1 0.8 0 0.576471 1 0.8 0 0.576471 1 0.8 0 0.576471 1 0.8 0 0.576471 1 0.8 0 0.576471 1 0.8 0 0.576471 1 0.8 0 0.576471 1 0.8 0 0.576471 1 0.8 0 0.576471 1 0.8 0 0.576471 1 0.8 0 0.576471 1 0.8 0 0.576471 1 0.8 0 0.576471 1 0.8 0 0.576471 1 0.8 0 0.576471 1 0.8 0 0.576471 1 0.8 0 0.576471 1 0.8 0 0.576471 1 0.8 0 0.576471 1 0.8 0 0.576471 1 0.8 0 0.576471 1 0.8 0 0.576471 1 0.8 0 0.576471 1 0.8 0 0.576471 1 0.8 0 0.576471 1 0.8 0 0.576471 1 0.8 0 0.576471 1 0.8 0 0.576471 1 0.8 0 0.576471 1 0.8 0 0.576471 1 0.8 0 0.576471 1 0.8 0 0.576471 1 0.8 0 0.576471 1 0.8 0 0.576471 1 0.8 0 0.576471 1 0.8 0 0.576471 1 0.8 0 0.576471 1 0.8 0 0.576471 1 0.8 0 0.576471 1 0.8 0 0.576471 1 0.8 0 0.576471 1 0.8 0 0.576471 1 0.8 0 0.576471 1 0.8 0 0.576471 1 0.8 0 0.576471 1 0.8 0 0.576471 1 0.8 0 0.576471 1 0.8 0 0.576471 1 0.8 0 0.576471 1 0.8 0 0.576471 1 0.8 0 0.576471 1 0.8 0 0.576471 1 0.8 0 0.576471 1 0.8 0 0.576471 1 0.8 0 0.576471 1 0.8 0 0.576471 1 0.8 0 0.576471 1 0.8 0 0.576471 1 0.8 0 0.576471 1 0.8 0 0.576471 1 0.8 0 0.576471 1 0.8 0 0.576471 1 0.8 0 0.576471 1 0.8 0 0.576471 1 0.8 0 0.576471 1 0.8 0 0.576471 1 0.8 0 0.576471 1 0.8 0 0.576471 1 0.8 0 0.576471 1 0.8 0 0.576471 1 0.8 0 0.576471 1 0.8 0 0.576471 1 0.8 0 0.576471 1 0.8 0 0.576471 1 0.8 0 0.576471 1 0.8 0 0.576471 1 0.8 0 0.576471 1 0.8 0 0.576471 1 0.8 0 0.576471 1 0.8 0 0.576471 1 0.8 0 0.576471 1 0.8 0 0.576471 1 0.8 0 0.576471 1 0.8 0 0.576471 1 0.8 0 0.576471 1 0.8 0 0.576471 1 0.8 0 0.576471 1 0.8 0 0.576471 1 0.8 0 0.576471 1 0.8 0 0.576471 1 0.8 0 0.576471 1 0.8 0 0.576471 1 0.8 0 0.576471 1 0.8 0 0.576471 1 0.8 0 0.576471 1 0.8 0 0.576471 1 0.8 0 0.576471 1 0.8 0 0.576471 1 0.8 0 0.576471 1 0.8 0 0.576471 1 0.8 0 0.576471 1 0.8 0 0.576471 1 0.8 0 0.576471 1 0.8 0 0.576471 1 0.8 0 0.576471 1 0.8 0 0.576471 1 0.8 0 0.576471 1 0.8 0 0.576471 1 0.8 0 0.576471 1 0.8 0 0.576471 1 0.8 0 0.576471 1 0.8 0 0.576471 1 0.8 0 0.576471 1 0.8 0 0.576471 1 0.8 0 0.576471 1 0.8 0 0.576471 1 0.8 0 0.576471 1 0.8 0 0.576471 1 0.8 0 0.576471 1 0.8 0 0.576471 1 0.8 0 0.576471 1 0.8 0 0.576471 1 0.8 0 0.576471 1 0.8 0 0.576471 1 0.8 0 0.576471 1 0.8 0 0.576471 1 0.8 0 0.576471 1 0.8 0 0.576471 1 0.8 0 0.576471 1 0.8 0 0.576471 1 0.8 0 0.576471 1 0.8 0 0.576471 1 0.8 0 0.576471 1 0.8 0 0.576471 1 0.8 0 0.576471 1 0.8 0 0.576471 1 0.8 0 0.576471 1 0.8 0 0.576471 1 0.8 0 0.576471 1 0.8 0 0.576471 1 0.8 0 0.576471 1 0.8 0 0.576471 1 0.8 0 0.576471 1 0.8 0 0.576471 1 0.8 0 0.576471 1 0.8 0 0.576471 1 0.8 0 0.576471 1 0.8 0 0.576471 1 0.8 0 0.576471 1 0.8 0 0.576471 1 0.8 0 0.576471 1 0.8 0 0.576471 1 0.8 0 0.576471 1 0.8 0 0.576471 1 0.8 0 0.576471 1 0.8 0 0.576471 1 0.8 0 0.576471 1 0.8 0 0.576471 1 0.8 0 0.576471 1 0.8 0 0.576471 1 0.8 0 0.576471 1 0.8 0 0.576471 1 0.8 0 0.576471 1 0.8 0 0.576471 1 0.8 0 0.576471 1 0.8 0 0.576471 1 0.8 0 0.576471 1 0.8 0 0.576471 1 0.8 0 0.576471 1 0.8 0 0.576471 1 0.8 0 0.576471 1 0.8 0 0.576471 1 0.8 0 0.576471 1 0.8 0 0.576471 1 0.8 0 0.576471 1 0.8 0 0.576471 1 0.8 0 0.576471 1 0.8 0 0.576471 1 0.8 0 0.576471 1 0.8 0 0.576471 1 0.8 0 0.576471 1 0.8 0 0.576471 1 0.8 0 0.576471 1 0.8 0 0.576471 1 0.8 0 0.576471 1 0.8 0 0.576471 1 0.8 0 0.576471 1 0.8 0 0.576471 1 0.8 0 0.576471 1 0.8 0 0.576471 1 0.8 0 0.576471 1 0.8 0 0.576471 1 0.8 0 0.576471 1 0.8 0 0.576471 1 0.8 0 0.576471 1 0.8 0 0.576471 1 0.8 0 0.576471 1 0.8 0 0.576471 1 0.8 0 0.576471 1 0.8 0 0.576471 1 0.8 0 0.576471 1 0.8 0 0.576471 1 0.8 0 0.576471 1 0.8 0 0.576471 1 0.8 0 0.576471 1 0.8 0 0.576471 1 0.8 0 0.576471 1 0.8 0 0.576471 1 0.8 0 0.576471 1 0.8 0 0.576471 1 0.8 0 0.576471 1 0.8 0 0.576471 1 0.8 0 0.576471 1 0.8 0 0.576471 1 0.8 0 0.576471 1 0.8 0 0.576471 1 0.8 0 0.576471 1 0.8 0 0.576471 1 0.8 0 0.576471 1 0.8 0 0.576471 1 0.8 0 0.576471 1 0.8 0 0.576471 1 0.8 0 0.576471 1 0.8 0 0.576471 1 0.8 0 0.576471 1 0.8 0 0.576471 1 0.8 0 0.576471 1 0.8 0 0.576471 1 0.8 0 0.576471 1 0.8 0 0.576471 1 0.8 0 0.576471 1 0.8 0 0.576471 1 0.8 0 0.576471 1 0.8 0 0.576471 1 0.8 0 0.576471 1 0.8 0 0.576471 1 0.8 0 0.576471 1 0.8 0 0.576471 1 0.8 0 0.576471 1 0.8 0 0.576471 1 0.8 0 0.576471 1 0.8 0 0.576471 1 0.8 0 0.576471 1 0.8 0 0.576471 1 0.8 0 0.576471 1 0.8 0 0.576471 1 0.8 0 0.576471 1 0.8 0 0.576471 1 0.8 0 0.576471 1 0.8 0 0.576471 1 0.8 0 0.576471 1 0.8 0 0.576471 1 0.8 0 0.576471 1 0.8 0 0.576471 1 0.8 0 0.576471 1 0.8 0 0.576471 1 0.8 0 0.576471 1 0.8 0 0.576471 1 0.8 0 0.576471 1 0.8 0 0.576471 1 0.8 0 0.576471 1 0.8 0 0.576471 1 0.8 0 0.576471 1 0.8 0 0.576471 1 0.8 0 0.576471 1 0.8 0 0.576471 1 0.8 0 0.576471 1 0.8 0 0.576471 1 0.8 0 0.576471 1 0.8 0 0.576471 1 0.8 0 0.576471 1 0.8 0 0.576471 1 0.8 0 0.576471 1 0.8 0 0.576471 1 0.8 0 0.576471 1 0.8 0 0.576471 1 0.8 0 0.576471 1 0.8 0 0.576471 1 0.8 0 0.576471 1 0.8 0 0.576471 1 0.8 0 0.576471 1 0.8 0 0.576471 1 0.8 0 0.576471 1 0.8 0 0.576471 1 0.8 0 0.576471 1 0.8 0 0.576471 1 0.8 0 0.576471 1 0.8 0 0.576471 1 0.8 0 0.576471 1 0.8 0 0.576471 1 0.8 0 0.576471 1 0.8 0 0.576471 1 0.8 0 0.576471 1 0.8 0 0.576471 1 0.8 0 0.576471 1 0.8 0 0.576471 1 0.8 0 0.576471 1 0.8 0 0.576471 1 0.8 0 0.576471 1 0.8 0 0.576471 1 0.8 0 0.576471 1 0.8 0 0.576471 1 0.8 0 0.576471 1 0.8 0 0.576471 1 0.8 0 0.576471 1 0.8 0 0.576471 1 0.8 0 0.576471 1 0.8 0 0.576471 1 0.8 0 0.576471 1 0.8 0 0.576471 1 0.8 0 0.576471 1 0.8 0 0.576471 1 0.8 0 0.576471 1 0.8 0 0.576471 1 0.8 0 0.576471 1 0.8 0 0.576471 1 0.8 0 0.576471 1 0.8 0 0.576471 1 0.8 0 0.576471 1 0.8 0 0.576471 1 0.8 0 0.576471 1 0.8 0 0.576471 1 0.8 0 0.576471 1 0.8 0 0.576471 1 0.8 0 0.576471 1 0.8 0 0.576471 1 0.8 0 0.576471 1 0.8 0 0.576471 1 0.8 0 0.576471 1 0.8 0 0.576471 1 0.8 0 0.576471 1 0.8 0 0.576471 1 0.8 0 0.576471 1 0.8 0 0.576471 1 0.8 0 0.576471 1 0.8 0 0.576471 1 0.8 0 0.576471 1 0.8 0 0.576471 1 0.8 0 0.576471 1 0.8 0 0.576471 1 0.8 0 0.576471 1 0.8 0 0.576471 1 0.8 0 0.576471 1 0.8 0 0.576471 1 0.8 0 0.576471 1 0.8 0 0.576471 1 0.8 0 0.576471 1 0.8 0 0.576471 1 0.8 0 0.576471 1 0.8 0 0.576471 1 0.8 0 0.576471 1 0.8 0 0.576471 1 0.8 0 0.576471 1 0.8 0 0.576471 1 0.8 0 0.576471 1 0.8 0 0.576471 1 0.8 0 0.576471 1 0.8 0 0.576471 1 0.8 0 0.576471 1 0.8 0 0.576471 1 0.8 0 0.576471 1 0.8 0 0.576471 1 0.8 0 0.576471 1 0.8 0 0.576471 1 0.8 0 0.576471 1 0.8 0 0.576471 1 0.8 0 0.576471 1 0.8 0 0.576471 1 0.8 0 0.576471 1 0.8 0 0.576471 1 0.8 0 0.576471 1 0.8 0 0.576471 1 0.8 0 0.576471 1 0.8 0 0.576471 1 0.8 0 0.576471 1 0.8 0 0.576471 1 0.8 0 0.576471 1 0.8 0 0.576471 1 0.8 0 0.576471 1 0.8 0 0.576471 1 0.8 0 0.576471 1 0.8 0 0.576471 1 0.8 0 0.576471 1 0.8 0 0.576471 1 0.8 0 0.576471 1 0.8 0 0.576471 1 0.8 0 0.576471 1 0.8 0 0.576471 1 0.8 0 0.576471 1 0.8 0 0.576471 1 0.8 0 0.576471 1 0.8 0 0.576471 1 0.8 0 0.576471 1 0.8 0 0.576471 1 0.8 0 0.576471 1 0.8 0 0.576471 1 0.8 0 0.576471 1 0.8 0 0.576471 1 0.8 0 0.576471 1 0.8 0 0.576471 1 0.8 0 0.576471 1 0.8 0 0.576471 1 0.8 0 0.576471 1 0.8 0 0.576471 1 0.8 0 0.576471 1 0.8 0 0.576471 1 0.8 0 0.576471 1 0.8 0 0.576471 1 0.8 0 0.576471 1 0.8 0 0.576471 1 0.8 0 0.576471 1 0.8 0 0.576471 1 0.8 0 0.576471 1 0.8 0 0.576471 1 0.8 0 0.576471 1 0.8 0 0.576471 1 0.8 0 0.576471 1 0.8 0 0.576471 1 0.8 0 0.576471 1 0.8 0 0.576471 1 0.8 0 0.576471 1 0.8 0 0.576471 1 0.8 0 0.576471 1 0.8 0 0.576471 1 0.8 0 0.576471 1 0.8 0 0.576471 1 0.8 0 0.576471 1 0.8 0 0.576471 1 0.8 0 0.576471 1 0.8 0 0.576471 1 0.8 0 0.576471 1 0.8 0 0.576471 1 0.8 0 0.576471 1 0.8 0 0.576471 1 0.8 0 0.576471 1 0.8 0 0.576471 1 0.8 0 0.576471 1 0.8 0 0.576471 1 0.8 0 0.576471 1 0.8 0 0.576471 1 0.8 0 0.576471 1 0.8 0 0.576471 1 0.8 0 0.576471 1 0.8 0 0.576471 1 0.8 0 0.576471 1 0.8 0 0.576471 1 0.8 0 0.576471 1 0.8 0 0.576471 1 0.8 0 0.576471 1 0.8 0 0.576471 1 0.8 0 0.576471 1 0.8 0 0.576471 1 0.8 0 0.576471 1 0.8 0 0.576471 1 0.8 0 0.576471 1 0.8 0 0.576471 1 0.8 0 0.576471 1 0.8 0 0.576471 1 0.8 0 0.576471 1 0.8 0 0.576471 1 0.8 0 0.576471 1 0.8 0 0.576471 1 0.8 0 0.576471 1 0.8 0 0.576471 1 0.8 0 0.576471 1 0.8 0 0.576471 1 0.8 0 0.576471 1 0.8 0 0.576471 1 0.8 0 0.576471 1 0.8 0 0.576471 1 0.8 0 0.576471 1 0.8 0 0.576471 1 0.8 0 0.576471 1 0.8 0 0.576471 1 0.8 0 0.576471 1 0.8 0 0.576471 1 0.8 0 0.576471 1 0.8 0 0.576471 1 0.8 0 0.576471 1 0.8 0 0.576471 1 0.8 0 0.576471 1 0.8 0 0.576471 1 0.8 0 0.576471 1 0.8 0 0.576471 1 0.8 0 0.576471 1 0.8 0 0.576471 1 0.8 0 0.576471 1 0.8 0 0.576471 1 0.8 0 0.576471 1 0.8 0 0.576471 1 0.8 0 0.576471 1 0.8 0 0.576471 1 0.8 0 0.576471 1 0.8 0 0.576471 1 0.8 0 0.576471 1 0.8 0 0.576471 1 0.8 0 0.576471 1 0.8 0 0.576471 1 0.8 0 0.576471 1 0.8 0 0.576471 1 0.8 0 0.576471 1 0.8 0 0.576471 1 0.8 0 0.576471 1 0.8 0 0.576471 1 0.8 0 0.576471 1 0.8 0 0.576471 1 0.8 0 0.576471 1 0.8 0 0.576471 1 0.8 0 0.576471 1 0.8 0 0.576471 1 0.8 0 0.576471 1 0.8 0 0.576471 1 0.8 0 0.576471 1 0.8 0 0.576471 1 0.8 0 0.576471 1 0.8 0 0.576471 1 0.8 0 0.576471 1 0.8 0 0.576471 1 0.8 0 0.576471 1 0.8 0 0.576471 1 0.8 0 0.576471 1 0.8 0 0.576471 1 0.8 0 0.576471 1 0.8 0 0.576471 1 0.8 0 0.576471 1 0.8 0 0.576471 1 0.8 0 0.576471 1 0.8 0 0.576471 1 0.8 0 0.576471 1 0.8 0 0.576471 1 0.8 0 0.576471 1 0.8 0 0.576471 1 0.8 0 0.576471 1 0.8 0 0.576471 1 0.8 0 0.576471 1 0.8 0 0.576471 1 0.8 0 0.576471 1 0.8 0 0.576471 1 0.8 0 0.576471 1 0.8 0 0.576471 1 0.8 0 0.576471 1 0.8 0 0.576471 1 0.8 0 0.576471 1 0.8 0 0.576471 1 0.8 0 0.576471 1 0.8 0 0.576471 1 0.8 0 0.576471 1 0.8 0 0.576471 1 0.8 0 0.576471 1 0.8 0 0.576471 1 0.8 0 0.576471 1 0.8 0 0.576471 1 0.8 0 0.576471 1 0.8 0 0.576471 1 0.8 0 0.576471 1 0.8 0 0.576471 1 0.8 0 0.576471 1 0.8 0 0.576471 1 0.8 0 0.576471 1 0.8 0 0.576471 1 0.8 0 0.576471 1 0.8 0 0.576471 1 0.8 0 0.576471 1 0.8 0 0.576471 1 0.8 0 0.576471 1 0.8 0 0.576471 1 0.8 0 0.576471 1 0.8 0 0.576471 1 0.8 0 0.576471 1 0.8 0 0.576471 1 0.8 0 0.576471 1 0.8 0 0.576471 1 0.8 0 0.576471 1 0.8 0 0.576471 1 0.8 0 0.576471 1 0.8 0 0.576471 1 0.8 0 0.576471 1 0.8 0 0.576471 1 0.8 0 0.576471 1 0.8 0 0.576471 1 0.8 0 0.576471 1 0.8 0 0.576471 1 0.8 0 0.576471 1 0.8 0 0.576471 1 0.8 0 0.576471 1 0.8 0 0.576471 1 0.8 0 0.576471 1 0.8 0 0.576471 1 0.8 0 0.576471 1 0.8 0 0.576471 1 0.8 0 0.576471 1 0.8 0 0.576471 1 0.8 0 0.576471 1 0.8 0 0.576471 1 0.8 0 0.576471 1 0.8 0 0.576471 1 0.8 0 0.576471 1 0.8 0 0.576471 1 0.8 0 0.576471 1 0.8 0 0.576471 1 0.8 0 0.576471 1 0.8 0 0.576471 1 0.8 0 0.576471 1 0.8 0 0.576471 1 0.8 0 0.576471 1 0.8 0 0.576471 1 0.8 0 0.576471 1 0.8 0 0.576471 1 0.8 0 0.576471 1 0.8 0 0.576471 1 0.8 0 0.576471 1 0.8 0 0.576471 1 0.8 0 0.576471 1 0.8 0 0.576471 1 0.8 0 0.576471 1 0.8 0 0.576471 1 0.8 0 0.576471 1 0.8 0 0.576471 1 0.8 0 0.576471 1 0.8 0 0.576471 1 0.8 0 0.576471 1 0.8 0 0.576471 1 0.8 0 0.576471 1 0.8 0 0.576471 1 0.8 0 0.576471 1 0.8 0 0.576471 1 0.8 0 0.576471 1 0.8 0 0.576471 1 0.8 0 0.576471 1 0.8 0 0.576471 1 0.8 0 0.576471 1 0.8 0 0.576471 1 0.8 0 0.576471 1 0.8 0 0.576471 1 0.8 0 0.576471 1 0.8 0 0.576471 1 0.8 0 0.576471 1 0.8 0 0.576471 1 0.8 0 0.576471 1 0.8 0 0.576471 1 0.8 0 0.576471 1 0.8 0 0.576471 1 0.8 0 0.576471 1 0.8 0 0.576471 1 0.8 0 0.576471 1 0.8 0 0.576471 1 0.8 0 0.576471 1 0.8 0 0.576471 1 0.8 0 0.576471 1 0.8 0 0.576471 1 0.8 0 0.576471 1 0.8 0 0.576471 1 0.8 0 0.576471 1 0.8 0 0.576471 1 0.8 0 0.576471 1 0.8 0 0.576471 1 0.8 0 0.576471 1 0.8 0 0.576471 1 0.8 0 0.576471 1 0.8 0 0.576471 1 0.8 0 0.576471 1 0.8 0 0.576471 1 0.8 0 0.576471 1 0.8 0 0.576471 1 0.8 0 0.576471 1 0.8 0 0.576471 1 0.8 0 0.576471 1 0.8 0 0.576471 1 0.8 0 0.576471 1 0.8 0 0.576471 1 0.8 0 0.576471 1 0.8 0 0.576471 1 0.8 0 0.576471 1 0.8 0 0.576471 1 0.8 0 0.576471 1 0.8 0 0.576471 1 0.8 0 0.576471 1 0.8 0 0.576471 1 0.8 0 0.576471 1 0.8 0 0.576471 1 0.8 0 0.576471 1 0.8 0 0.576471 1 0.8 0 0.576471 1 0.8 0 0.576471 1 0.8 0 0.576471 1 0.8 0 0.576471 1 0.8 0 0.576471 1 0.8 0 0.576471 1 0.8 0 0.576471 1 0.8 0 0.576471 1 0.8 0 0.576471 1 0.8 0 0.576471 1 0.8 0 0.576471 1 0.8 0 0.576471 1 0.8 0 0.576471 1 0.8 0 0.576471 1 0.8 0 0.576471 1 0.8 0 0.576471 1 0.8 0 0.576471 1 0.8 0 0.576471 1 0.8 0 0.576471 1 0.8 0 0.576471 1 0.8 0 0.576471 1 0.8 0 0.576471 1 0.8 0 0.576471 1 0.8 0 0.576471 1 0.8 0 0.576471 1 0.8 0 0.576471 1 0.8 0 0.576471 1 0.8 0 0.576471 1 0.8 0 0.576471 1 0.8 0 0.576471 1 0.8 0 0.576471 1 0.8 0 0.576471 1 0.8 0 0.576471 1 0.8 0 0.576471 1 0.8 0 0.576471 1 0.8 0 0.576471 1 0.8 0 0.576471 1 0.8 0 0.576471 1 0.8 0 0.576471 1 0.8 0 0.576471 1 0.8 0 0.576471 1 0.8 0 0.576471 1 0.8 0 0.576471 1 0.8 0 0.576471 1 0.8 0 0.576471 1 0.8 0 0.576471 1 0.8 0 0.576471 1 0.8 0 0.576471 1 0.8 0 0.576471 1 0.8 0 0.576471 1 0.8 0 0.576471 1 0.8 0 0.576471 1 0.8 0 0.576471 1 0.8 0 0.576471 1 0.8 0 0.576471 1 0.8 0 0.576471 1 0.8 0 0.576471 1 0.8 0 0.576471 1 0.8 0 0.576471 1 0.8 0 0.576471 1 0.8 0 0.576471 1 0.8 0 0.576471 1 0.8 0 0.576471 1 0.8 0 0.576471 1 0.8 0 0.576471 1 0.8 0 0.576471 1 0.8 0 0.576471 1 0.8 0 0.576471 1 0.8 0 0.576471 1 0.8 0 0.576471 1 0.8 0 0.576471 1 0.8 0 0.576471 1 0.8 0 0.576471 1 0.8 0 0.576471 1 0.8 0 0.576471 1 0.8 0 0.576471 1 0.8 0 0.576471 1 0.8 0 0.576471 1 0.8 0 0.576471 1 0.8 0 0.576471 1 0.8 0 0.576471 1 0.8 0 0.576471 1 0.8 0 0.576471 1 0.8 0 0.576471 1 0.8 0 0.576471 1 0.8 0 0.576471 1 0.8 0 0.576471 1 0.8 0 0.576471 1 0.8 0 0.576471 1 0.8 0 0.576471 1 0.8 0 0.576471 1 0.8 0 0.576471 1 0.8 0 0.576471 1 0.8 0 0.576471 1 0.8 0 0.576471 1 0.8 0 0.576471 1 0.8 0 0.576471 1 0.8 0 0.576471 1 0.8 0 0.576471 1 0.8 0 0.576471 1 0.8 0 0.576471 1 0.8 0 0.576471 1 0.8 0 0.576471 1 0.8 0 0.576471 1 0.8 0 0.576471 1 0.8 0 0.576471 1 0.8 0 0.576471 1 0.8 0 0.576471 1 0.8 0 0.576471 1 0.8 0 0.576471 1 0.8 0 0.576471 1 0.8 0 0.576471 1 0.8 0 0.576471 1 0.8 0 0.576471 1 0.8 0 0.576471 1 0.8 0 0.576471 1 0.8 0 0.576471 1 0.8 0 0.576471 1 0.8 0 0.576471 1 0.8 0 0.576471 1 0.8 0 0.576471 1 0.8 0 0.576471 1 0.8 0 0.576471 1 0.8 0 0.576471 1 0.8 0 0.576471 1 0.8 0 0.576471 1 0.8 0 0.576471 1 0.8 0 0.576471 1 0.8 0 0.576471 1 0.8 0 0.576471 1 0.8 0 0.576471 1 0.8 0 0.576471 1 0.8 0 0.576471 1 0.8 0 0.576471 1 0.8 0 0.576471 1 0.8 0 0.576471 1 0.8 0 0.576471 1 0.8 0 0.576471 1 0.8 0 0.576471 1 0.8 0 0.576471 1 0.8 0 0.576471 1 0.8 0 0.576471 1 0.8 0 0.576471 1 0.8 0 0.576471 1 0.8 0 0.576471 1 0.8 0 0.576471 1 0.8 0 0.576471 1 0.8 0 0.576471 1 0.8 0 0.576471 1 0.8 0 0.576471 1 0.8 0 0.576471 1 0.8 0 0.576471 1 0.8 0 0.576471 1 0.8 0 0.576471 1 0.8 0 0.576471 1 0.8 0 0.576471 1 0.8 0 0.576471 1 0.8 0 0.576471 1 0.8 0 0.576471 1 0.8 0 0.576471 1 0.8 0 0.576471 1 0.8 0 0.576471 1 0.8 0 0.576471 1 0.8 0 0.576471 1 0.8 0 0.576471 1 0.8 0 0.576471 1 0.8 0 0.576471 1 0.8 0 0.576471 1 0.8 0 0.576471 1 0.8 0 0.576471 1 0.8 0 0.576471 1 0.8 0 0.576471 1 0.8 0 0.576471 1 0.8 0 0.576471 1 0.8 0 0.576471 1 0.8 0 0.576471 1 0.8 0 0.576471 1 0.8 0 0.576471 1 0.8 0 0.576471 1 0.8 0 0.576471 1 0.8 0 0.576471 1 0.8 0 0.576471 1 0.8 0 0.576471 1 0.8 0 0.576471 1 0.8 0 0.576471 1 0.8 0 0.576471 1 0.8 0 0.576471 1 0.8 0 0.576471 1 0.8 0 0.576471 1 0.8 0 0.576471 1 0.8 0 0.576471 1 0.8 0 0.576471 1 0.8 0 0.576471 1 0.8 0 0.576471 1 0.8 0 0.576471 1 0.8 0 0.576471 1 0.8 0 0.576471 1 0.8 0 0.576471 1 0.8 0 0.576471 1 0.8 0 0.576471 1 0.8 0 0.576471 1 0.8 0 0.576471 1 0.8 0 0.576471 1 0.8 0 0.576471 1 0.8 0 0.576471 1 0.8 0 0.576471 1 0.8 0 0.576471 1 0.8 0 0.576471 1 0.8 0 0.576471 1 0.8 0 0.576471 1 0.8 0 0.576471 1 0.8 0 0.576471 1 0.8 0 0.576471 1 0.8 0 0.576471 1 0.8 0 0.576471 1 0.8 0 0.576471 1 0.8 0 0.576471 1 0.8 0 0.576471 1 0.8 0 0.576471 1 0.8 0 0.576471 1 0.8 0 0.576471 1 0.8 0 0.576471 1 0.8 0 0.576471 1 0.8 0 0.576471 1 0.8 0 0.576471 1 0.8 0 0.576471 1 0.8 0 0.576471 1 0.8 0 0.576471 1 0.8 0 0.576471 1 0.8 0 0.576471 1 0.8 0 0.576471 1 0.8 0 0.576471 1 0.8 0 0.576471 1 0.8 0 0.576471 1 0.8 0 0.576471 1 0.8 0 0.576471 1 0.8 0 0.576471 1 0.8 0 0.576471 1 0.8 0 0.576471 1 0.8 0 0.576471 1 0.8 0 0.576471 1 0.8 0 0.576471 1 0.8 0 0.576471 1 0.8 0 0.576471 1 0.8 0 0.576471 1 0.8 0 0.576471 1 0.8 0 0.576471 1 0.8 0 0.576471 1 0.8 0 0.576471 1 0.8 0 0.576471 1 0.8 0 0.576471 1 0.8 0 0.576471 1 0.8 0 0.576471 1 0.8 0 0.576471 1 0.8 0 0.576471 1 0.8 0 0.576471 1 0.8 0 0.576471 1 0.8 0 0.576471 1 0.8 0 0.576471 1 0.8 0 0.576471 1 0.8 0 0.576471 1 0.8 0 0.576471 1 0.8 0 0.576471 1 0.8 0 0.576471 1 0.8 0 0.576471 1 0.8 0 0.576471 1 0.8 0 0.576471 1 0.8 0 0.576471 1 0.8 0 0.576471 1 0.8 0 0.576471 1 0.8 0 0.576471 1 0.8 0 0.576471 1 0.8 0 0.576471 1 0.8 0 0.576471 1 0.8 0 0.576471 1 0.8 0 0.576471 1 0.8 0 0.576471 1 0.8 0 0.576471 1 0.8 0 0.576471 1 0.8 0 0.576471 1 0.8 0 0.576471 1 0.8 0 0.576471 1 0.8 0 0.576471 1 0.8 0 0.576471 1 0.8 0 0.576471 1 0.8 0 0.576471 1 0.8 0 0.576471 1 0.8 0 0.576471 1 0.8 0 0.576471 1 0.8 0 0.576471 1 0.8 0 0.576471 1 0.8 0 0.576471 1 0.8 0 0.576471 1 0.8 0 0.576471 1 0.8 0 0.576471 1 0.8 0 0.576471 1 0.8 0 0.576471 1 0.8 0 0.576471 1 0.8 0 0.576471 1 0.8 0 0.576471 1 0.8 0 0.576471 1 0.8 0 0.576471 1 0.8 0 0.576471 1 0.8 0 0.576471 1 0.8 0 0.576471 1 0.8 0 0.576471 1 0.8 0 0.576471 1 0.8 0 0.576471 1 0.8 0 0.576471 1 0.8 0 0.576471 1 0.8 0 0.576471 1 0.8 0 0.576471 1 0.8 0 0.576471 1 0.8 0 0.576471 1 0.8 0 0.576471 1 0.8 0 0.576471 1 0.8 0 0.576471 1 0.8 0 0.576471 1 0.8 0 0.576471 1 0.8 0 0.576471 1 0.8 0 0.576471 1 0.8 0 0.576471 1 0.8 0 0.576471 1 0.8 0 0.576471 1 0.8 0 0.576471 1 0.8 0 0.576471 1 0.8 0 0.576471 1 0.8 0 0.576471 1 0.8 0 0.576471 1 0.8 0 0.576471 1 0.8 0 0.576471 1 0.8 0 0.576471 1 0.8 0 0.576471 1 0.8 0 0.576471 1 0.8 0 0.576471 1 0.8 0 0.576471 1 0.8 0 0.576471 1 0.8 0 0.576471 1 0.8 0 0.576471 1 0.8 0 0.576471 1 0.8 0 0.576471 1 0.8 0 0.576471 1 0.8 0 0.576471 1 0.8 0 0.576471 1 0.8 0 0.576471 1 0.8 0 0.576471 1 0.8 0 0.576471 1 0.8 0 0.576471 1 0.8 0 0.576471 1 0.8 0 0.576471 1 0.8 0 0.576471 1 0.8 0 0.576471 1 0.8 0 0.576471 1 0.8 0 0.576471 1 0.8 0 0.576471 1 0.8 0 0.576471 1 0.8 0 0.576471 1 0.8 0 0.576471 1 0.8 0 0.576471 1 0.8 0 0.576471 1 0.8 0 0.576471 1 0.8 0 0.576471 1 0.8 0 0.576471 1 0.8 0 0.576471 1 0.8 0 0.576471 1 0.8 0 0.576471 1 0.8 0 0.576471 1 0.8 0 0.576471 1 0.8 0 0.576471 1 0.8 0 0.576471 1 0.8 0 0.576471 1 0.8 0 0.576471 1 0.8 0 0.576471 1 0.8 0 0.576471 1 0.8 0 0.576471 1 0.8 0 0.576471 1 0.8 0 0.576471 1 0.8 0 0.576471 1 0.8 0 0.576471 1 0.8 0 0.576471 1 0.8 0 0.576471 1 0.8 0 0.576471 1 0.8 0 0.576471 1 0.8 0 0.576471 1 0.8 0 0.576471 1 0.8 0 0.576471 1 0.8 0 0.576471 1 0.8 0 0.576471 1 0.8 0 0.576471 1 0.8 0 0.576471 1 0.8 0 0.576471 1 0.8 0 0.576471 1 0.8 0 0.576471 1 0.8 0 0.576471 1 0.8 0 0.576471 1 0.8 0 0.576471 1 0.8 0 0.576471 1 0.8 0 0.576471 1 0.8 0 0.576471 1 0.8 0 0.576471 1 0.8 0 0.576471 1 0.8 0 0.576471 1 0.8 0 0.576471 1 0.8 0 0.576471 1 0.8 0 0.576471 1 0.8 0 0.576471 1 0.8 0 0.576471 1 0.8 0 0.576471 1 0.8 0 0.576471 1 0.8 0 0.576471 1 0.8 0 0.576471 1 0.8 0 0.576471 1 0.8 0 0.576471 1 0.8 0 0.576471 1 0.8 0 0.576471 1 0.8 0 0.576471 1 0.8 0 0.576471 1 0.8 0 0.576471 1 0.8 0 0.576471 1 0.8 0 0.576471 1 0.8 0 0.576471 1 0.8 0 0.576471 1 0.8 0 0.576471 1 0.8 0 0.576471 1 0.8 0 0.576471 1 0.8 0 0.576471 1 0.8 0 0.576471 1 0.8 0 0.576471 1 0.8 0 0.576471 1 0.8 0 0.576471 1 0.8 0 0.576471 1 0.8 0 0.576471 1 0.8 0 0.576471 1 0.8 0 0.576471 1 0.8 0 0.576471 1 0.8 0 0.576471 1 0.8 0 0.576471 1 0.8 0 0.576471 1 0.8 0 0.576471 1 0.8 0 0.576471 1 0.8 0 0.576471 1 0.8 0 0.576471 1 0.8 0 0.576471 1 0.8 0 0.576471 1 0.8 0 0.576471 1 0.8 0 0.576471 1 0.8 0 0.576471 1 0.8 0 0.576471 1 0.8 0 0.576471 1 0.8 0 0.576471 1 0.8 0 0.576471 1 0.8 0 0.576471 1 0.8 0 0.576471 1 0.8 0 0.576471 1 0.8 0 0.576471 1 0.8 0 0.576471 1 0.8 0 0.576471 1 0.8 0 0.576471 1 0.8 0 0.576471 1 0.8 0 0.576471 1 0.8 0 0.576471 1 0.8 0 0.576471 1 0.8 0 0.576471 1 0.8 0 0.576471 1 0.8 0 0.576471 1 0.8 0 0.576471 1 0.8 0 0.576471 1 0.8 0 0.576471 1 0.8 0 0.576471 1 0.8 0 0.576471 1 0.8 0 0.576471 1 0.8 0 0.576471 1 0.8 0 0.576471 1 0.8 0 0.576471 1 0.8 0 0.576471 1 0.8 0 0.576471 1 0.8 0 0.576471 1 0.8 0 0.576471 1 0.8 0 0.576471 1 0.8 0 0.576471 1 0.8 0 0.576471 1 0.8 0 0.576471 1 0.8 0 0.576471 1 0.8 0 0.576471 1 0.8 0 0.576471 1 0.8 0 0.576471 1 0.8 0 0.576471 1 0.8 0 0.576471 1 0.8 0 0.576471 1 0.8 0 0.576471 1 0.8 0 0.576471 1 0.8 0 0.576471 1 0.8 0 0.576471 1 0.8 0 0.576471 1 0.8 0 0.576471 1 0.8 0 0.576471 1 0.8 0 0.576471 1 0.8 0 0.576471 1 0.8 0 0.576471 1 0.8 0 0.576471 1 0.8 0 0.576471 1 0.8 0 0.576471 1 0.8 0 0.576471 1 0.8 0 0.576471 1 0.8 0 0.576471 1 0.8 0 0.576471 1 0.8 0 0.576471 1 0.8 0 0.576471 1 0.8 0 0.576471 1 0.8 0 0.576471 1 0.8 0 0.576471 1 0.8 0 0.576471 1 0.8 0 0.576471 1 0.8 0 0.576471 1 0.8 0 0.576471 1 0.8 0 0.576471 1 0.8 0 0.576471 1 0.8 0 0.576471 1 0.8 0 0.576471 1 0.8 0 0.576471 1 0.8 0 0.576471 1 0.8 0 0.576471 1 0.8 0 0.576471 1 0.8 0 0.576471 1 0.8 0 0.576471 1 0.8 0 0.576471 1 0.8 0 0.576471 1 0.8 0 0.576471 1 0.8 0 0.576471 1 0.8 0 0.576471 1 0.8 0 0.576471 1 0.8 0 0.576471 1 0.8 0 0.576471 1 0.8 0 0.576471 1 0.8 0 0.576471 1 0.8 0 0.576471 1 0.8 0 0.576471 1 0.8 0 0.576471 1 0.8 0 0.576471 1 0.8 0 0.576471 1 0.8 0 0.576471 1 0.8 0 0.576471 1 0.8 0 0.576471 1 0.8 0 0.576471 1 0.8 0 0.576471 1 0.8 0 0.576471 1 0.8 0 0.576471 1 0.8 0 0.576471 1 0.8 0 0.576471 1 0.8 0 0.576471 1 0.8 0 0.576471 1 0.8 0 0.576471 1 0.8 0 0.576471 1 0.8 0 0.576471 1 0.8 0 0.576471 1 0.8 0 0.576471 1 0.8 0 0.576471 1 0.8 0 0.576471 1 0.8 0 0.576471 1 0.8 0 0.576471 1 0.8 0 0.576471 1 0.8 0 0.576471 1 0.8 0 0.576471 1 0.8 0 0.576471 1 0.8 0 0.576471 1 0.8 0 0.576471 1 0.8 0 0.576471 1 0.8 0 0.576471 1 0.8 0 0.576471 1 0.8 0 0.576471 1 0.8 0 0.576471 1 0.8 0 0.576471 1 0.8 0 0.576471 1 0.8 0 0.576471 1 0.8 0 0.576471 1 0.8 0 0.576471 1 0.8 0 0.576471 1 0.8 0 0.576471 1 0.8 0 0.576471 1 0.8 0 0.576471 1 0.8 0 0.576471 1 0.8 0 0.576471 1 0.8 0 0.576471 1 0.8 0 0.576471 1 0.8 0 0.576471 1 0.8 0 0.576471 1 0.8 0 0.576471 1 0.8 0 0.576471 1 0.8 0 0.576471 1 0.8 0 0.576471 1 0.8 0 0.576471 1 0.8 0 0.576471 1 0.8 0 0.576471 1 0.8 0 0.576471 1 0.8 0 0.576471 1 0.8 0 0.576471 1 0.8 0 0.576471 1 0.8 0 0.576471 1 0.8 0 0.576471 1 0.8 0 0.576471 1 0.8 0 0.576471 1 0.8 0 0.576471 1 0.8 0 0.576471 1 0.8 0 0.576471 1 0.8 0 0.576471 1 0.8 0 0.576471 1 0.8 0 0.576471 1 0.8 0 0.576471 1 0.8 0 0.576471 1 0.8 0 0.576471 1 0.8 0 0.576471 1 0.8 0 0.576471 1 0.8 0 0.576471 1 0.8 0 0.576471 1 0.8 0 0.576471 1 0.8 0 0.576471 1 0.8 0 0.576471 1 0.8 0 0.576471 1 0.8 0 0.576471 1 0.8 0 0.576471 1 0.8 0 0.576471 1 0.8 0 0.576471 1 0.8 0 0.576471 1 0.8 0 0.576471 1 0.8 0 0.576471 1 0.8 0 0.576471 1 0.8 0 0.576471 1 0.8 0 0.576471 1 0.8 0 0.576471 1 0.8 0 0.576471 1 0.8 0 0.576471 1 0.8 0 0.576471 1 0.8 0 0.576471 1 0.8 0 0.576471 1 0.8 0 0.576471 1 0.8 0 0.576471 1 0.8 0 0.576471 1 0.8 0 0.576471 1 0.8 0 0.576471 1 0.8 0 0.576471 1 0.8 0 0.576471 1 0.8 0 0.576471 1 0.8 0 0.576471 1 0.8 0 0.576471 1 0.8 0 0.576471 1 0.8 0 0.576471 1 0.8 0 0.576471 1 0.8 0 0.576471 1 0.8 0 0.576471 1 0.8 0 0.576471 1 0.8 0 0.576471 1 0.8 0 0.576471 1 0.8 0 0.576471 1 0.8 0 0.576471 1 0.8 0 0.576471 1 0.8 0 0.576471 1 0.8 0 0.576471 1 0.8 0 0.576471 1 0.8 0 0.576471 1 0.8 0 0.576471 1 0.8 0 0.576471 1 0.8 0 0.576471 1 0.8 0 0.576471 1 0.8 0 0.576471 1 0.8 0 0.576471 1 0.8 0 0.576471 1 0.8 0 0.576471 1 0.8 0 0.576471 1 0.8 0 0.576471 1 0.8 0 0.576471 1 0.8 0 0.576471 1 0.8 0 0.576471 1 0.8 0 0.576471 1 0.8 0 0.576471 1 0.8 0 0.576471 1 0.8 0 0.576471 1 0.8 0 0.576471 1 0.8 0 0.576471 1 0.8 0 0.576471 1 0.8 0 0.576471 1 0.8 0 0.576471 1 0.8 0 0.576471 1 0.8 0 0.576471 1 0.8 0 0.576471 1 0.8 0 0.576471 1 0.8 0 0.576471 1 0.8 0 0.576471 1 0.8 0 0.576471 1 0.8 0 0.576471 1 0.8 0 0.576471 1 0.8 0 0.576471 1 0.8 0 0.576471 1 0.8 0 0.576471 1 0.8 0 0.576471 1 0.8 0 0.576471 1 0.8 0 0.576471 1 0.8 0 0.576471 1 0.8 0 0.576471 1 0.8 0 0.576471 1 0.8 0 0.576471 1 0.8 0 0.576471 1 0.8 0 0.576471 1 0.8 0 0.576471 1 0.8 0 0.576471 1 0.8 0 0.576471 1 0.8 0 0.576471 1 0.8 0 0.576471 1 0.8 0 0.576471 1 0.8 0 0.576471 1 0.8 0 0.576471 1 0.8 0 0.576471 1 0.8 0 0.576471 1 0.8 0 0.576471 1 0.8 0 0.576471 1 0.8 0 0.576471 1 0.8 0 0.576471 1 0.8 0 0.576471 1 0.8 0 0.576471 1 0.8 0 0.576471 1 0.8 0 0.576471 1 0.8 0 0.576471 1 0.8 0 0.576471 1 0.8 0 0.576471 1 0.8 0 0.576471 1 0.8 0 0.576471 1 0.8 0 0.576471 1 0.8 0 0.576471 1 0.8 0 0.576471 1 0.8 0 0.576471 1 0.8 0 0.576471 1 0.8 0 0.576471 1 0.8 0 0.576471 1 0.8 0 0.576471 1 0.8 0 0.576471 1 0.8 0 0.576471 1 0.8 0 0.576471 1 0.8 0 0.576471 1 0.8 0 0.576471 1 0.8 0 0.576471 1 0.8 0 0.576471 1 0.8 0 0.576471 1 0.8 0 0.576471 1 0.8 0 0.576471 1 0.8 0 0.576471 1 0.8 0 0.576471 1 0.8 0 0.576471 1 0.8 0 0.576471 1 0.8 0 0.576471 1 0.8 0 0.576471 1 0.8 0 0.576471 1 0.8 0 0.576471 1 0.8 0 0.576471 1 0.8 0 0.576471 1 0.8 0 0.576471 1 0.8 0 0.576471 1 0.8 0 0.576471 1 0.8 0 0.576471 1 0.8 0 0.576471 1 0.8 0 0.576471 1 0.8 0 0.576471 1 0.8 0 0.576471 1 0.8 0 0.576471 1 0.8 0 0.576471 1 0.8 0 0.576471 1 0.8 0 0.576471 1 0.8 0 0.576471 1 0.8 0 0.576471 1 0.8 0 0.576471 1 0.8 0 0.576471 1 0.8 0 0.576471 1 0.8 0 0.576471 1 0.8 0 0.576471 1 0.8 0 0.576471 1 0.8 0 0.576471 1 0.8 0 0.576471 1 0.8 0 0.576471 1 0.8 0 0.576471 1 0.8 0 0.576471 1 0.8 0 0.576471 1 0.8 0 0.576471 1 0.8 0 0.576471 1 0.8 0 0.576471 1 0.8 0 0.576471 1 0.8 0 0.576471 1 0.8 0 0.576471 1 0.8 0 0.576471 1 0.8 0 0.576471 1 0.8 0 0.576471 1 0.8 0 0.576471 1 0.8 0 0.576471 1 0.8 0 0.576471 1 0.8 0 0.576471 1 0.8 0 0.576471 1 0.8 0 0.576471 1 0.8 0 0.576471 1 0.8 0 0.576471 1 0.8 0 0.576471 1 0.8 0 0.576471 1 0.8 0 0.576471 1 0.8 0 0.576471 1 0.8 0 0.576471 1 0.8 0 0.576471 1 0.8 0 0.576471 1 0.8 0 0.576471 1 0.8 0 0.576471 1 0.8 0 0.576471 1 0.8 0 0.576471 1 0.8 0 0.576471 1 0.8 0 0.576471 1 0.8 0 0.576471 1 0.8 0 0.576471 1 0.8 0 0.576471 1 0.8 0 0.576471 1 0.8 0 0.576471 1 0.8 0 0.576471 1 0.8 0 0.576471 1 0.8 0 0.576471 1 0.8 0 0.576471 1 0.8 0 0.576471 1 0.8 0 0.576471 1 0.8 0 0.576471 1 0.8 0 0.576471 1 0.8 0 0.576471 1 0.8 0 0.576471 1 0.8 0 0.576471 1 0.8 0 0.576471 1 0.8 0 0.576471 1 0.8 0 0.576471 1 0.8 0 0.576471 1 0.8 0 0.576471 1 0.8 0 0.576471 1 0.8 0 0.576471 1 0.8 0 0.576471 1 0.8 0 0.576471 1 0.8 0 0.576471 1 0.8 0 0.576471 1 0.8 0 0.576471 1 0.8 0 0.576471 1 0.8 0 0.576471 1 0.8 0 0.576471 1 0.8 0 0.576471 1 0.8 0 0.576471 1 0.8 0 0.576471 1 0.8 0 0.576471 1 0.8 0 0.576471 1 0.8 0 0.576471 1 0.8 0 0.576471 1 0.8 0 0.576471 1 0.8 0 0.576471 1 0.8 0 0.576471 1 0.8 0 0.576471 1 0.8 0 0.576471 1 0.8 0 0.576471 1 0.8 0 0.576471 1 0.8 0 0.576471 1 0.8 0 0.576471 1 0.8 0 0.576471 1 0.8 0 0.576471 1 0.8 0 0.576471 1 0.8 0 0.576471 1 0.8 0 0.576471 1 0.8 0 0.576471 1 0.8 0 0.576471 1 0.8 0 0.576471 1 0.8 0 0.576471 1 0.8 0 0.576471 1 0.8 0 0.576471 1 0.8 0 0.576471 1 0.8 0 0.576471 1 0.8 0 0.576471 1 0.8 0 0.576471 1 0.8 0 0.576471 1 0.8 0 0.576471 1 0.8 0 0.576471 1 0.8 0 0.576471 1 0.8 0 0.576471 1 0.8 0 0.576471 1 0.8 0 0.576471 1 0.8 0 0.576471 1 0.8 0 0.576471 1 0.8 0 0.576471 1 0.8 0 0.576471 1 0.8 0 0.576471 1 0.8 0 0.576471 1 0.8 0 0.576471 1 0.8 0 0.576471 1 0.8 0 0.576471 1 0.8 0 0.576471 1 0.8 0 0.576471 1 0.8 0 0.576471 1 0.8 0 0.576471 1 0.8 0 0.576471 1 0.8 0 0.576471 1 0.8 0 0.576471 1 0.8 0 0.576471 1 0.8 0 0.576471 1 0.8 0 0.576471 1 0.8 0 0.576471 1 0.8 0 0.576471 1 0.8 0 0.576471 1 0.8 0 0.576471 1 0.8 0 0.576471 1 0.8 0 0.576471 1 0.8 0 0.576471 1 0.8 0 0.576471 1 0.8 0 0.576471 1 0.8 0 0.576471 1 0.8 0 0.576471 1 0.8 0 0.576471 1 0.8 0 0.576471 1 0.8 0 0.576471 1 0.8 0 0.576471 1 0.8 0 0.576471 1 0.8 0 0.576471 1 0.8 0 0.576471 1 0.8 0 0.576471 1 0.8 0 0.576471 1 0.8 0 0.576471 1 0.8 0 0.576471 1 0.8 0 0.576471 1 0.8 0 0.576471 1 0.8 0 0.576471 1 0.8 0 0.576471 1 0.8 0 0.576471 1 0.8 0 0.576471 1 0.8 0 0.576471 1 0.8 0 0.576471 1 0.8 0 0.576471 1 0.8 0 0.576471 1 0.8 0 0.576471 1 0.8 0 0.576471 1 0.8 0 0.576471 1 0.8 0 0.576471 1 0.8 0 0.576471 1 0.8 0 0.576471 1 0.8 0 0.576471 1 0.8 0 0.576471 1 0.8 0 0.576471 1 0.8 0 0.576471 1 0.8 0 0.576471 1 0.8 0 0.576471 1 0.8 0 0.576471 1 0.8 0 0.576471 1 0.8 0 0.576471 1 0.8 0 0.576471 1 0.8 0 0.576471 1 0.8 0 0.576471 1 0.8 0 0.576471 1 0.8 0 0.576471 1 0.8 0 0.576471 1 0.8 0 0.576471 1 0.8 0 0.576471 1 0.8 0 0.576471 1 0.8 0 0.576471 1 0.8 0 0.576471 1 0.8 0 0.576471 1 0.8 0 0.576471 1 0.8 0 0.576471 1 0.8 0 0.576471 1 0.8 0 0.576471 1 0.8 0 0.576471 1 0.8 0 0.576471 1 0.8 0 0.576471 1 0.8 0 0.576471 1 0.8 0 0.576471 1 0.8 0 0.576471 1 0.8 0 0.576471 1 0.8 0 0.576471 1 0.8 0 0.576471 1 0.8 0 0.576471 1 0.8 0 0.576471 1 0.8 0 0.576471 1 0.8 0 0.576471 1 0.8 0 0.576471 1 0.8 0 0.576471 1 0.8 0 0.576471 1 0.8 0 0.576471 1 0.8 0 0.576471 1 0.8 0 0.576471 1 0.8 0 0.576471 1 0.8 0 0.576471 1 0.8 0 0.576471 1 0.8 0 0.576471 1 0.8 0 0.576471 1 0.8 0 0.576471 1 0.8 0 0.576471 1 0.8 0 0.576471 1 0.8 0 0.576471 1 0.8 0 0.576471 1 0.8 0 0.576471 1 0.8 0 0.576471 1 0.8 0 0.576471 1 0.8 0 0.576471 1 0.8 0 0.576471 1 0.8 0 0.576471 1 0.8 0 0.576471 1 0.8 0 0.576471 1 0.8 0 0.576471 1 0.8 0 0.576471 1 0.8 0 0.576471 1 0.8 0 0.576471 1 0.8 0 0.576471 1 0.8 0 0.576471 1 0.8 0 0.576471 1 0.8 0 0.576471 1 0.8 0 0.576471 1 0.8 0 0.576471 1 0.8 0 0.576471 1 0.8 0 0.576471 1 0.8 0 0.576471 1 0.8 0 0.576471 1 0.8 0 0.576471 1 0.8 0 0.576471 1 0.8 0 0.576471 1 0.8 0 0.576471 1 0.8 0 0.576471 1 0.8 0 0.576471 1 0.8 0 0.576471 1 0.8 0 0.576471 1 0.8 0 0.576471 1 0.8 0 0.576471 1 0.8 0 0.576471 1 0.8 0 0.576471 1 0.8 0 0.576471 1 0.8 0 0.576471 1 0.8 0 0.576471 1 0.8 0 0.576471 1 0.8 0 0.576471 1 0.8 0 0.576471 1 0.8 0 0.576471 1 0.8 0 0.576471 1 0.8 0 0.576471 1 0.8 0 0.576471 1 0.8 0 0.576471 1 0.8 0 0.576471 1 0.8 0 0.576471 1 0.8 0 0.576471 1 0.8 0 0.576471 1 0.8 0 0.576471 1 0.8 0 0.576471 1 0.8 0 0.576471 1 0.8 0 0.576471 1 0.8 0 0.576471 1 0.8 0 0.576471 1 0.8 0 0.576471 1 0.8 0 0.576471 1 0.8 0 0.576471 1 0.8 0 0.576471 1 0.8 0 0.576471 1 0.8 0 0.576471 1 0.8 0 0.576471 1 0.8 0 0.576471 1 0.8 0 0.576471 1 0.8 0 0.576471 1 0.8 0 0.576471 1 0.8 0 0.576471 1 0.8 0 0.576471 1 0.8 0 0.576471 1 0.8 0 0.576471 1 0.8 0 0.576471 1 0.8 0 0.576471 1 0.8 0 0.576471 1 0.8 0 0.576471 1 0.8 0 0.576471 1 0.8 0 0.576471 1 0.8 0 0.576471 1 0.8 0 0.576471 1 0.8 0 0.576471 1 0.8 0 0.576471 1 0.8 0 0.576471 1 0.8 0 0.576471 1 0.8 0 0.576471 1 0.8 0 0.576471 1 0.8 0 0.576471 1 0.8 0 0.576471 1 0.8 0 0.576471 1 0.8 0 0.576471 1 0.8 0 0.576471 1 0.8 0 0.576471 1 0.8 0 0.576471 1 0.8 0 0.576471 1 0.8 0 0.576471 1 0.8 0 0.576471 1 0.8 0 0.576471 1 0.8 0 0.576471 1 0.8 0 0.576471 1 0.8 0 0.576471 1 0.8 0 0.576471 1 0.8 0 0.576471 1 0.8 0 0.576471 1 0.8 0 0.576471 1 0.8 0 0.576471 1 0.8 0 0.576471 1 0.8 0 0.576471 1 0.8 0 0.576471 1 0.8 0 0.576471 1 0.8 0 0.576471 1 0.8 0 0.576471 1 0.8 0 0.576471 1 0.8 0 0.576471 1 0.8 0 0.576471 1 0.8 0 0.576471 1 0.8 0 0.576471 1 0.8 0 0.576471 1 0.8 0 0.576471 1 0.8 0 0.576471 1 0.8 0 0.576471 1 0.8 0 0.576471 1 0.8 0 0.576471 1 0.8 0 0.576471 1 0.8 0 0.576471 1 0.8 0 0.576471 1 0.8 0 0.576471 1 0.8 0 0.576471 1 0.8 0 0.576471 1 0.8 0 0.576471 1 0.8 0 0.576471 1 0.8 0 0.576471 1 0.8 0 0.576471 1 0.8 0 0.576471 1 0.8 0 0.576471 1 0.8 0 0.576471 1 0.8 0 0.576471 1 0.8 0 0.576471 1 0.8 0 0.576471 1 0.8 0 0.576471 1 0.8 0 0.576471 1 0.8 0 0.576471 1 0.8 0 0.576471 1 0.8 0 0.576471 1 0.8 0 0.576471 1 0.8 0 0.576471 1 0.8 0 0.576471 1 0.8 0 0.576471 1 0.8 0 0.576471 1 0.8 0 0.576471 1 0.8 0 0.576471 1 0.8 0 0.576471 1 0.8 0 0.576471 1 0.8 0 0.576471 1 0.8 0 0.576471 1 0.8 0 0.576471 1 0.8 0 0.576471 1 0.8 0 0.576471 1 0.8 0 0.576471 1 0.8 0 0.576471 1 0.8 0 0.576471 1 0.8 0 0.576471 1 0.8 0 0.576471 1 0.8 0 0.576471 1 0.8 0 0.576471 1 0.8 0 0.576471 1 0.8 0 0.576471 1 0.8 0 0.576471 1 0.8 0 0.576471 1 0.8 0 0.576471 1 0.8 0 0.576471 1 0.8 0 0.576471 1 0.8 0 0.576471 1 0.8 0 0.576471 1 0.8 0 0.576471 1 0.8 0 0.576471 1 0.8 0 0.576471 1 0.8 0 0.576471 1 0.8 0 0.576471 1 0.8 0 0.576471 1 0.8 0 0.576471 1 0.8 0 0.576471 1 0.8 0 0.576471 1 0.8 0 0.576471 1 0.8 0 0.576471 1 0.8 0 0.576471 1 0.8 0 0.576471 1 0.8 0 0.576471 1 0.8 0 0.576471 1 0.8 0 0.576471 1 0.8 0 0.576471 1 0.8 0 0.576471 1 0.8 0 0.576471 1 0.8 0 0.576471 1 0.8 0 0.576471 1 0.8 0 0.576471 1 0.8 0 0.576471 1 0.8 0 0.576471 1 0.8 0 0.576471 1 0.8 0 0.576471 1 0.8 0 0.576471 1 0.8 0 0.576471 1 0.8 0 0.576471 1 0.8 0 0.576471 1 0.8 0 0.576471 1 0.8 0 0.576471 1 0.8 0 0.576471 1 0.8 0 0.576471 1 0.8 0 0.576471 1 0.8 0 0.576471 1 0.8 0 0.576471 1 0.8 0 0.576471 1 0.8 0 0.576471 1 0.8 0 0.576471 1 0.8 0 0.576471 1 0.8 0 0.576471 1 0.8 0 0.576471 1 0.8 0 0.576471 1 0.8 0 0.576471 1 0.8 0 0.576471 1 0.8 0 0.576471 1 0.8 0 0.576471 1 0.8 0 0.576471 1 0.8 0 0.576471 1 0.8 0 0.576471 1 0.8 0 0.576471 1 0.8 0 0.576471 1 0.8 0 0.576471 1 0.8 0 0.576471 1 0.8 0 0.576471 1 0.8 0 0.576471 1 0.8 0 0.576471 1 0.8 0 0.576471 1 0.8 0 0.576471 1 0.8 0 0.576471 1 0.8 0 0.576471 1 0.8 0 0.576471 1 0.8 0 0.576471 1 0.8 0 0.576471 1 0.8 0 0.576471 1 0.8 0 0.576471 1 0.8 0 0.576471 1 0.8 0 0.576471 1 0.8 0 0.576471 1 0.8 0 0.576471 1 0.8 0 0.576471 1 0.8 0 0.576471 1 0.8 0 0.576471 1 0.8 0 0.576471 1 0.8 0 0.576471 1 0.8 0 0.576471 1 0.8 0 0.576471 1 0.8 0 0.576471 1 0.8 0 0.576471 1 0.8 0 0.576471 1 0.8 0 0.576471 1 0.8 0 0.576471 1 0.8 0 0.576471 1 0.8 0 0.576471 1 0.8 0 0.576471 1 0.8 0 0.576471 1 0.8 0 0.576471 1 0.8 0 0.576471 1 0.8 0 0.576471 1 0.8 0 0.576471 1 0.8 0 0.576471 1 0.8 0 0.576471 1 0.8 0 0.576471 1 0.8 0 0.576471 1 0.8 0 0.576471 1 0.8 0 0.576471 1 0.8 0 0.576471 1 0.8 0 0.576471 1 0.8 0 0.576471 1 0.8 0 0.576471 1 0.8 0 0.576471 1 0.8 0 0.576471 1 0.8 0 0.576471 1 0.8 0 0.576471 1 0.8 0 0.576471 1 0.8 0 0.576471 1 0.8 0 0.576471 1 0.8 0 0.576471 1 0.8 0 0.576471 1 0.8 0 0.576471 1 0.8 0 0.576471 1 0.8 0 0.576471 1 0.8 0 0.576471 1 0.8 0 0.576471 1 0.8 0 0.576471 1 0.8 0 0.576471 1 0.8 0 0.576471 1 0.8 0 0.576471 1 0.8 0 0.576471 1 0.8 0 0.576471 1 0.8 0 0.576471 1 0.8 0 0.576471 1 0.8 0 0.576471 1 0.8 0 0.576471 1 0.8 0 0.576471 1 0.8 0 0.576471 1 0.8 0 0.576471 1 0.8 0 0.576471 1 0.8 0 0.576471 1 0.8 0 0.576471 1 0.8 0 0.576471 1 0.8 0 0.576471 1 0.8 0 0.576471 1 0.8 0 0.576471 1 0.8 0 0.576471 1 0.8 0 0.576471 1 0.8 0 0.576471 1 0.8 0 0.576471 1 0.8 0 0.576471 1 0.8 0 0.576471 1 0.8 0 0.576471 1 0.8 0 0.576471 1 0.8 0 0.576471 1 0.8 0 0.576471 1 0.8 0 0.576471 1 0.8 0 0.576471 1 0.8 0 0.576471 1 0.8 0 0.576471 1 0.8 0 0.576471 1 0.8 0 0.576471 1 0.8 0 0.576471 1 0.8 0 0.576471 1 0.8 0 0.576471 1 0.8 0 0.576471 1 0.8 0 0.576471 1 0.8 0 0.576471 1 0.8 0 0.576471 1 0.8 0 0.576471 1 0.8 0 0.576471 1 0.8 0 0.576471 1 0.8 0 0.576471 1 0.8 0 0.576471 1 0.8 0 0.576471 1 0.8 0 0.576471 1 0.8 0 0.576471 1 0.8 0 0.576471 1 0.8 0 0.576471 1 0.8 0 0.576471 1 0.8 0 0.576471 1 0.8 0 0.576471 1 0.8 0 0.576471 1 0.8 0 0.576471 1 0.8 0 0.576471 1 0.8 0 0.576471 1 0.8 0 0.576471 1 0.8 0 0.576471 1 0.8 0 0.576471 1 0.8 0 0.576471 1 0.8 0 0.576471 1 0.8 0 0.576471 1 0.8 0 0.576471 1 0.8 0 0.576471 1 0.8 0 0.576471 1 0.8 0 0.576471 1 0.8 0 0.576471 1 0.8 0 0.576471 1 0.8 0 0.576471 1 0.8 0 0.576471 1 0.8 0 0.576471 1 0.8 0 0.576471 1 0.8 0 0.576471 1 0.8 0 0.576471 1 0.8 0 0.576471 1 0.8 0 0.576471 1 0.8 0 0.576471 1 0.8 0 0.576471 1 0.8 0 0.576471 1 0.8 0 0.576471 1 0.8 0 0.576471 1 0.8 0 0.576471 1 0.8 0 0.576471 1 0.8 0 0.576471 1 0.8 0 0.576471 1 0.8 0 0.576471 1 0.8 0 0.576471 1 0.8 0 0.576471 1 0.8 0 0.576471 1 0.8 0 0.576471 1 0.8 0 0.576471 1 0.8 0 0.576471 1 0.8 0 0.576471 1 0.8 0 0.576471 1 0.8 0 0.576471 1 0.8 0 0.576471 1 0.8 0 0.576471 1 0.8 0 0.576471 1 0.8 0 0.576471 1 0.8 0 0.576471 1 0.8 0 0.576471 1 0.8 0 0.576471 1 0.8 0 0.576471 1 0.8 0 0.576471 1 0.8 0 0.576471 1 0.8 0 0.576471 1 0.8 0 0.576471 1 0.8 0 0.576471 1 0.8 0 0.576471 1 0.8 0 0.576471 1 0.8 0 0.576471 1 0.8 0 0.576471 1 0.8 0 0.576471 1 0.8 0 0.576471 1 0.8 0 0.576471 1 0.8 0 0.576471 1 0.8 0 0.576471 1 0.8 0 0.576471 1 0.8 0 0.576471 1 0.8 0 0.576471 1 0.8 0 0.576471 1 0.8 0 0.576471 1 0.8 0 0.576471 1 0.8 0 0.576471 1 0.8 0 0.576471 1 0.8 0 0.576471 1 0.8 0 0.576471 1 0.8 0 0.576471 1 0.8 0 0.576471 1 0.8 0 0.576471 1 0.8 0 0.576471 1 0.8 0 0.576471 1 0.8 0 0.576471 1 0.8 0 0.576471 1 0.8 0 0.576471 1 0.8 0 0.576471 1 0.8 0 0.576471 1 0.8 0 0.576471 1 0.8 0 0.576471 1 0.8 0 0.576471 1 0.8 0 0.576471 1 0.8 0 0.576471 1 0.8 0 0.576471 1 0.8 0 0.576471 1 0.8 0 0.576471 1 0.8 0 0.576471 1 0.8 0 0.576471 1 0.8 0 0.576471 1 0.8 0 0.576471 1 0.8 0 0.576471 1 0.8 0 0.576471 1 0.8 0 0.576471 1 0.8 0 0.576471 1 0.8 0 0.576471 1 0.8 0 0.576471 1 0.8 0 0.576471 1 0.8 0 0.576471 1 0.8 0 0.576471 1 0.8 0 0.576471 1 0.8 0 0.576471 1 0.8 0 0.576471 1 0.8 0 0.576471 1 0.8 0 0.576471 1 0.8 0 0.576471 1 0.8 0 0.576471 1 0.8 0 0.576471 1 0.8 0 0.576471 1 0.8 0 0.576471 1 0.8 0 0.576471 1 0.8 0 0.576471 1 0.8 0 0.576471 1 0.8 0 0.576471 1 0.8 0 0.576471 1 0.8 0 0.576471 1 0.8 0 0.576471 1 0.8 0 0.576471 1 0.8 0 0.576471 1 0.8 0 0.576471 1 0.8 0 0.576471 1 0.8 0 0.576471 1 0.8 0 0.576471 1 0.8 0 0.576471 1 0.8 0 0.576471 1 0.8 0 0.576471 1 0.8 0 0.576471 1 0.8 0 0.576471 1 0.8 0 0.576471 1 0.8 0 0.576471 1 0.8 0 0.576471 1 0.8 0 0.576471 1 0.8 0 0.576471 1 0.8 0 0.576471 1 0.8 0 0.576471 1 0.8 0 0.576471 1 0.8 0 0.576471 1 0.8 0 0.576471 1 0.8 0 0.576471 1 0.8 0 0.576471 1 0.8 0 0.576471 1 0.8 0 0.576471 1 0.8 0 0.576471 1 0.8 0 0.576471 1 0.8 0 0.576471 1 0.8 0 0.576471 1 0.8 0 0.576471 1 0.8 0 0.576471 1 0.8 0 0.576471 1 0.8 0 0.576471 1 0.8 0 0.576471 1 0.8 0 0.576471 1 0.8 0 0.576471 1 0.8 0 0.576471 1 0.8 0 0.576471 1 0.8 0 0.576471 1 0.8 0 0.576471 1 0.8 0 0.576471 1 0.8 0 0.576471 1 0.8 0 0.576471 1 0.8 0 0.576471 1 0.8 0 0.576471 1 0.8 0 0.576471 1 0.8 0 0.576471 1 0.8 0 0.576471 1 0.8 0 0.576471 1 0.8 0 0.576471 1 0.8 0 0.576471 1 0.8 0 0.576471 1 0.8 0 0.576471 1 0.8 0 0.576471 1 0.8 0 0.576471 1 0.8 0 0.576471 1 0.8 0 0.576471 1 0.8 0 0.576471 1 0.8 0 0.576471 1 0.8 0 0.576471 1 0.8 0 0.576471 1 0.8 0 0.576471 1 0.8 0 0.576471 1 0.8 0 0.576471 1 0.8 0 0.576471 1 0.8 0 0.576471 1 0.8 0 0.576471 1 0.8 0 0.576471 1 0.8 0 0.576471 1 0.8 0 0.576471 1 0.8 0 0.576471 1 0.8 0 0.576471 1 0.8 0 0.576471 1 0.8 0 0.576471 1 0.8 0 0.576471 1 0.8 0 0.576471 1 0.8 0 0.576471 1 0.8 0 0.576471 1 0.8 0 0.576471 1 0.8 0 0.576471 1 0.8 0 0.576471 1 0.8 0 0.576471 1 0.8 0 0.576471 1 0.8 0 0.576471 1 0.8 0 0.576471 1 0.8 0 0.576471 1 0.8 0 0.576471 1 0.8 0 0.576471 1 0.8 0 0.576471 1 0.8 0 0.576471 1 0.8 0 0.576471 1 0.8 0 0.576471 1 0.8 0 0.576471 1 0.8 0 0.576471 1 0.8 0 0.576471 1 0.8 0 0.576471 1 0.8 0 0.576471 1 0.8 0 0.576471 1 0.8 0 0.576471 1 0.8 0 0.576471 1 0.8 0 0.576471 1 0.8 0 0.576471 1 0.8 0 0.576471 1 0.8 0 0.576471 1 0.8 0 0.576471 1 0.8 0 0.576471 1 0.8 0 0.576471 1 0.8 0 0.576471 1 0.8 0 0.576471 1 0.8 0 0.576471 1 0.8 0 0.576471 1 0.8 0 0.576471 1 0.8 0 0.576471 1 0.8 0 0.576471 1 0.8 0 0.576471 1 0.8 0 0.576471 1 0.8 0 0.576471 1 0.8 0 0.576471 1 0.8 0 0.576471 1 0.8 0 0.576471 1 0.8 0 0.576471 1 0.8 0 0.576471 1 0.8 0 0.576471 1 0.8 0 0.576471 1 0.8 0 0.576471 1 0.8 0 0.576471 1 0.8 0 0.576471 1 0.8 0 0.576471 1 0.8 0 0.576471 1 0.8 0 0.576471 1 0.8 0 0.576471 1 0.8 0 0.576471 1 0.8 0 0.576471 1 0.8 0 0.576471 1 0.8 0 0.576471 1 0.8 0 0.576471 1 0.8 0 0.576471 1 0.8 0 0.576471 1 0.8 0 0.576471 1 0.8 0 0.576471 1 0.8 0 0.576471 1 0.8 0 0.576471 1 0.8 0 0.576471 1 0.8 0 0.576471 1 0.8 0 0.576471 1 0.8 0 0.576471 1 0.8 0 0.576471 1 0.8 0 0.576471 1 0.8 0 0.576471 1 0.8 0 0.576471 1 0.8 0 0.576471 1 0.8 0 0.576471 1 0.8 0 0.576471 1 0.8 0 0.576471 1 0.8 0 0.576471 1 0.8 0 0.576471 1 0.8 0 0.576471 1 0.8 0 0.576471 1 0.8 0 0.576471 1 0.8 0 0.576471 1 0.8 0 0.576471 1 0.8 0 0.576471 1 0.8 0 0.576471 1 0.8 0 0.576471 1 0.8 0 0.576471 1 0.8 0 0.576471 1 0.8 0 0.576471 1 0.8 0 0.576471 1 0.8 0 0.576471 1 0.8 0 0.576471 1 0.8 0 0.576471 1 0.8 0 0.576471 1 0.8 0 0.576471 1 0.8 0 0.576471 1 0.8 0 0.576471 1 0.8 0 0.576471 1 0.8 0 0.576471 1 0.8 0 0.576471 1 0.8 0 0.576471 1 0.8 0 0.576471 1 0.8 0 0.576471 1 0.8 0 0.576471 1 0.8 0 0.576471 1 0.8 0 0.576471 1 0.8 0 0.576471 1 0.8 0 0.576471 1 0.8 0 0.576471 1 0.8 0 0.576471 1 0.8 0 0.576471 1 0.8 0 0.576471 1 0.8 0 0.576471 1 0.8 0 0.576471 1 0.8 0 0.576471 1 0.8 0 0.576471 1 0.8 0 0.576471 1 0.8 0 0.576471 1 0.8 0 0.576471 1 0.8 0 0.576471 1 0.8 0 0.576471 1 0.8 0 0.576471 1 0.8 0 0.576471 1 0.8 0 0.576471 1 0.8 0 0.576471 1 0.8 0 0.576471 1 0.8 0 0.576471 1 0.8 0 0.576471 1 0.8 0 0.576471 1 0.8 0 0.576471 1 0.8 0 0.576471 1 0.8 0 0.576471 1 0.8 0 0.576471 1 0.8 0 0.576471 1 0.8 0 0.576471 1 0.8 0 0.576471 1 0.8 0 0.576471 1 0.8 0 0.576471 1 0.8 0 0.576471 1 0.8 0 0.576471 1 0.8 0 0.576471 1 0.8 0 0.576471 1 0.8 0 0.576471 1 0.8 0 0.576471 1 0.8 0 0.576471 1 0.8 0 0.576471 1 0.8 0 0.576471 1 0.8 0 0.576471 1 0.8 0 0.576471 1 0.8 0 0.576471 1 0.8 0 0.576471 1 0.8 0 0.576471 1 0.8 0 0.576471 1 0.8 0 0.576471 1 0.8 0 0.576471 1 0.8 0 0.576471 1 0.8 0 0.576471 1 0.8 0 0.576471 1 0.8 0 0.576471 1 0.8 0 0.576471 1 0.8 0 0.576471 1 0.8 0 0.576471 1 0.8 0 0.576471 1 0.8 0 0.576471 1 0.8 0 0.576471 1 0.8 0 0.576471 1 0.8 0 0.576471 1 0.8 0 0.576471 1 0.8 0 0.576471 1 0.8 0 0.576471 1 0.8 0 0.576471 1 0.8 0 0.576471 1 0.8 0 0.576471 1 0.8 0 0.576471 1 0.8 0 0.576471 1 0.8 0 0.576471 1 0.8 0 0.576471 1 0.8 0 0.576471 1 0.8 0 0.576471 1 0.8 0 0.576471 1 0.8 0 0.576471 1 0.8 0 0.576471 1 0.8 0 0.576471 1 0.8 0 0.576471 1 0.8 0 0.576471 1 0.8 0 0.576471 1 0.8 0 0.576471 1 0.8 0 0.576471 1 0.8 0 0.576471 1 0.8 0 0.576471 1 0.8 0 0.576471 1 0.8 0 0.576471 1 0.8 0 0.576471 1 0.8 0 0.576471 1 0.8 0 0.576471 1 0.8 0 0.576471 1 0.8 0 0.576471 1 0.8 0 0.576471 1 0.8 0 0.576471 1 0.8 0 0.576471 1 0.8 0 0.576471 1 0.8 0 0.576471 1 0.8 0 0.576471 1 0.8 0 0.576471 1 0.8 0 0.576471 1 0.8 0 0.576471 1 0.8 0 0.576471 1 0.8 0 0.576471 1 0.8 0 0.576471 1 0.8 0 0.576471 1 0.8 0 0.576471 1 0.8 0 0.576471 1 0.8 0 0.576471 1 0.8 0 0.576471 1 0.8 0 0.576471 1 0.8 0 0.576471 1 0.8 0 0.576471 1 0.8 0 0.576471 1 0.8 0 0.576471 1 0.8 0 0.576471 1 0.8 0 0.576471 1 0.8 0 0.576471 1 0.8 0 0.576471 1 0.8 0 0.576471 1 0.8 0 0.576471 1 0.8 0 0.576471 1 0.8 0 0.576471 1 0.8 0 0.576471 1 0.8 0 0.576471 1 0.8 0 0.576471 1 0.8 0 0.576471 1 0.8 0 0.576471 1 0.8 0 0.576471 1 0.8 0 0.576471 1 0.8 0 0.576471 1 0.8 0 0.576471 1 0.8 0 0.576471 1 0.8 0 0.576471 1 0.8 0 0.576471 1 0.8 0 0.576471 1 0.8 0 0.576471 1 0.8 0 0.576471 1 0.8 0 0.576471 1 0.8 0 0.576471 1 0.8 0 0.576471 1 0.8 0 0.576471 1 0.8 0 0.576471 1 0.8 0 0.576471 1 0.8 0 0.576471 1 0.8 0 0.576471 1 0.8 0 0.576471 1 0.8 0 0.576471 1 0.8 0 0.576471 1 0.8 0 0.576471 1 0.8 0 0.576471 1 0.8 0 0.576471 1 0.8 0 0.576471 1 0.8 0 0.576471 1 0.8 0 0.576471 1 0.8 0 0.576471 1 0.8 0 0.576471 1 0.8 0 0.576471 1 0.8 0 0.576471 1 0.8 0 0.576471 1 0.8 0 0.576471 1 0.8 0 0.576471 1 0.8 0 0.576471 1 0.8 0 0.576471 1 0.8 0 0.576471 1 0.8 0 0.576471 1 0.8 0 0.576471 1 0.8 0 0.576471 1 0.8 0 0.576471 1 0.8 0 0.576471 1 0.8 0 0.576471 1 0.8 0 0.576471 1 0.8 0 0.576471 1 0.8 0 0.576471 1 0.8 0 0.576471 1 0.8 0 0.576471 1 0.8 0 0.576471 1 0.8 0 0.576471 1 0.8 0 0.576471 1 0.8 0 0.576471 1 0.8 0 0.576471 1 0.8 0 0.576471 1 0.8 0 0.576471 1 0.8 0 0.576471 1 0.8 0 0.576471 1 0.8 0 0.576471 1 0.8 0 0.576471 1 0.8 0 0.576471 1 0.8 0 0.576471 1 0.8 0 0.576471 1 0.8 0 0.576471 1 0.8 0 0.576471 1 0.8 0 0.576471 1 0.8 0 0.576471 1 0.8 0 0.576471 1 0.8 0 0.576471 1 0.8 0 0.576471 1 0.8 0 0.576471 1 0.8 0 0.576471 1 0.8 0 0.576471 1 0.8 0 0.576471 1 0.8 0 0.576471 1 0.8 0 0.576471 1 0.8 0 0.576471 1 0.8 0 0.576471 1 0.8 0 0.576471 1 0.8 0 0.576471 1 0.8 0 0.576471 1 0.8 0 0.576471 1 0.8 0 0.576471 1 0.8 0 0.576471 1 0.8 0 0.576471 1 0.8 0 0.576471 1 0.8 0 0.576471 1 0.8 0 0.576471 1 0.8 0 0.576471 1 0.8 0 0.576471 1 0.8 0 0.576471 1 0.8 0 0.576471 1 0.8 0 0.576471 1 0.8 0 0.576471 1 0.8 0 0.576471 1 0.8 0 0.576471 1 0.8 0 0.576471 1 0.8 0 0.576471 1 0.8 0 0.576471 1 0.8 0 0.576471 1 0.8 0 0.576471 1 0.8 0 0.576471 1 0.8 0 0.576471 1 0.8 0 0.576471 1 0.8 0 0.576471 1 0.8 0 0.576471 1 0.8 0 0.576471 1 0.8 0 0.576471 1 0.8 0 0.576471 1 0.8 0 0.576471 1 0.8 0 0.576471 1 0.8 0 0.576471 1 0.8 0 0.576471 1 0.8 0 0.576471 1 0.8 0 0.576471 1 0.8 0 0.576471 1 0.8 0 0.576471 1 0.8 0 0.576471 1 0.8 0 0.576471 1 0.8 0 0.576471 1 0.8 0 0.576471 1 0.8 0 0.576471 1 0.8 0 0.576471 1 0.8 0 0.576471 1 0.8 0 0.576471 1 0.8 0 0.576471 1 0.8 0 0.576471 1 0.8 0 0.576471 1 0.8 0 0.576471 1 0.8 0 0.576471 1 0.8 0 0.576471 1 0.8 0 0.576471 1 0.8 0 0.576471 1 0.8 0 0.576471 1 0.8 0 0.576471 1 0.8 0 0.576471 1 0.8 0 0.576471 1 0.8 0 0.576471 1 0.8 0 0.576471 1 0.8 0 0.576471 1 0.8 0 0.576471 1 0.8 0 0.576471 1 0.8 0 0.576471 1 0.8 0 0.576471 1 0.8 0 0.576471 1 0.8 0 0.576471 1 0.8 0 0.576471 1 0.8 0 0.576471 1 0.8 0 0.576471 1 0.8 0 0.576471 1 0.8 0 0.576471 1 0.8 0 0.576471 1 0.8 0 0.576471 1 0.8 0 0.576471 1 0.8 0 0.576471 1 0.8 0 0.576471 1 0.8 0 0.576471 1 0.8 0 0.576471 1 0.8 0 0.576471 1 0.8 0 0.576471 1 0.8 0 0.576471 1 0.8 0 0.576471 1 0.8 0 0.576471 1 0.8 0 0.576471 1 0.8 0 0.576471 1 0.8 0 0.576471 1 0.8 0 0.576471 1 0.8 0 0.576471 1 0.8 0 0.576471 1 0.8 0 0.576471 1 0.8 0 0.576471 1 0.8 0 0.576471 1 0.8 0 0.576471 1 0.8 0 0.576471 1 0.8 0 0.576471 1 0.8 0 0.576471 1 0.8 0 0.576471 1 0.8 0 0.576471 1 0.8 0 0.576471 1 0.8 0 0.576471 1 0.8 0 0.576471 1 0.8 0 0.576471 1 0.8 0 0.576471 1 0.8 0 0.576471 1 0.8 0 0.576471 1 0.8 0 0.576471 1 0.8 0 0.576471 1 0.8 0 0.576471 1 0.8 0 0.576471 1 0.8 0 0.576471 1 0.8 0 0.576471 1 0.8 0 0.576471 1 0.8 0 0.576471 1 0.8 0 0.576471 1 0.8 0 0.576471 1 0.8 0 0.576471 1 0.8 0 0.576471 1 0.8 0 0.576471 1 0.8 0 0.576471 1 0.8 0 0.576471 1 0.8 0 0.576471 1 0.8 0 0.576471 1 0.8 0 0.576471 1 0.8 0 0.576471 1 0.8 0 0.576471 1 0.8 0 0.576471 1 0.8 0 0.576471 1 0.8 0 0.576471 1 0.8 0 0.576471 1 0.8 0 0.576471 1 0.8 0 0.576471 1 0.8 0 0.576471 1 0.8 0 0.576471 1 0.8 0 0.576471 1 0.8 0 0.576471 1 0.8 0 0.576471 1 0.8 0 0.576471 1 0.8 0 0.576471 1 0.8 0 0.576471 1 0.8 0 0.576471 1 0.8 0 0.576471 1 0.8 0 0.576471 1 0.8 0 0.576471 1 0.8 0 0.576471 1 0.8 0 0.576471 1 0.8 0 0.576471 1 0.8 0 0.576471 1 0.8 0 0.576471 1 0.8 0 0.576471 1 0.8 0 0.576471 1 0.8 0 0.576471 1 0.8 0 0.576471 1 0.8 0 0.576471 1 0.8 0 0.576471 1 0.8 0 0.576471 1 0.8 0 0.576471 1 0.8 0 0.576471 1 0.8 0 0.576471 1 0.8 0 0.576471 1 0.8 0 0.576471 1 0.8 0 0.576471 1 0.8 0 0.576471 1 0.8 0 0.576471 1 0.8 0 0.576471 1 0.8 0 0.576471 1 0.8 0 0.576471 1 0.8 0 0.576471 1 0.8 0 0.576471 1 0.8 0 0.576471 1 0.8 0 0.576471 1 0.8 0 0.576471 1 0.8 0 0.576471 1 0.8 0 0.576471 1 0.8 0 0.576471 1 0.8 0 0.576471 1 0.8 0 0.576471 1 0.8 0 0.576471 1 0.8 0 0.576471 1 0.8 0 0.576471 1 0.8 0 0.576471 1 0.8 0 0.576471 1 0.8 0 0.576471 1 0.8 0 0.576471 1 0.8 0 0.576471 1 0.8 0 0.576471 1 0.8 0 0.576471 1 0.8 0 0.576471 1 0.8 0 0.576471 1 0.8 0 0.576471 1 0.8 0 0.576471 1 0.8 0 0.576471 1 0.8 0 0.576471 1 0.8 0 0.576471 1 0.8 0 0.576471 1 0.8 0 0.576471 1 0.8 0 0.576471 1 0.8 0 0.576471 1 0.8 0 0.576471 1 0.8 0 0.576471 1 0.8 0 0.576471 1 0.8 0 0.576471 1 0.8 0 0.576471 1 0.8 0 0.576471 1 0.8 0 0.576471 1 0.8 0 0.576471 1 0.8 0 0.576471 1 0.8 0 0.576471 1 0.8 0 0.576471 1 0.8 0 0.576471 1 0.8 0 0.576471 1 0.8 0 0.576471 1 0.8 0 0.576471 1 0.8 0 0.576471 1 0.8 0 0.576471 1 0.8 0 0.576471 1 0.8 0 0.576471 1 0.8 0 0.576471 1 0.8 0 0.576471 1 0.8 0 0.576471 1 0.8 0 0.576471 1 0.8 0 0.576471 1 0.8 0 0.576471 1 0.8 0 0.576471 1 0.8 0 0.576471 1 0.8 0 0.576471 1 0.8 0 0.576471 1 0.8 0 0.576471 1 0.8 0 0.576471 1 0.8 0 0.576471 1 0.8 0 0.576471 1 0.8 0 0.576471 1 0.8 0 0.576471 1 0.8 0 0.576471 1 0.8 0 0.576471 1 0.8 0 0.576471 1 0.8 0 0.576471 1 0.8 0 0.576471 1 0.8 0 0.576471 1 0.8 0 0.576471 1 0.8 0 0.576471 1 0.8 0 0.576471 1 0.8 0 0.576471 1 0.8 0 0.576471 1 0.8 0 0.576471 1 0.8 0 0.576471 1 0.8 0 0.576471 1 0.8 0 0.576471 1 0.8 0 0.576471 1 0.8 0 0.576471 1 0.8 0 0.576471 1 0.8 0 0.576471 1 0.8 0 0.576471 1 0.8 0 0.576471 1 0.8 0 0.576471 1 0.8 0 0.576471 1 0.8 0 0.576471 1 0.8 0 0.576471 1 0.8 0 0.576471 1 0.8 0 0.576471 1 0.8 0 0.576471 1 0.8 0 0.576471 1 0.8 0 0.576471 1 0.8 0 0.576471 1 0.8 0 0.576471 1 0.8 0 0.576471 1 0.8 0 0.576471 1 0.8 0 0.576471 1 0.8 0 0.576471 1 0.8 0 0.576471 1 0.8 0 0.576471 1 0.8 0 0.576471 1 0.8 0 0.576471 1 0.8 0 0.576471 1 0.8 0 0.576471 1 0.8 0 0.576471 1 0.8 0 0.576471 1 0.8 0 0.576471 1 0.8 0 0.576471 1 0.8 0 0.576471 1 0.8 0 0.576471 1 0.8 0 0.576471 1 0.8 0 0.576471 1 0.8 0 0.576471 1 0.8 0 0.576471 1 0.8 0 0.576471 1 0.8 0 0.576471 1 0.8 0 0.576471 1 0.8 0 0.576471 1 0.8 0 0.576471 1 0.8 0 0.576471 1 0.8 0 0.576471 1 0.8 0 0.576471 1 0.8 0 0.576471 1 0.8 0 0.576471 1 0.8 0 0.576471 1 0.8 0 0.576471 1 0.8 0 0.576471 1 0.8 0 0.576471 1 0.8 0 0.576471 1 0.8 0 0.576471 1 0.8 0 0.576471 1 0.8 0 0.576471 1 0.8 0 0.576471 1 0.8 0 0.576471 1 0.8 0 0.576471 1 0.8 0 0.576471 1 0.8 0 0.576471 1 0.8 0 0.576471 1 0.8 0 0.576471 1 0.8 0 0.576471 1 0.8 0 0.576471 1 0.8 0 0.576471 1 0.8 0 0.576471 1 0.8 0 0.576471 1 0.8 0 0.576471 1 0.8 0 0.576471 1 0.8 0 0.576471 1 0.8 0 0.576471 1 0.8 0 0.576471 1 0.8 0 0.576471 1 0.8 0 0.576471 1 0.8 0 0.576471 1 0.8 0 0.576471 1 0.8 0 0.576471 1 0.8 0 0.576471 1 0.8 0 0.576471 1 0.8 0 0.576471 1 0.8 0 0.576471 1 0.8 0 0.576471 1 0.8 0 0.576471 1 0.8 0 0.576471 1 0.8 0 0.576471 1 0.8 0 0.576471 1 0.8 0 0.576471 1 0.8 0 0.576471 1 0.8 0 0.576471 1 0.8 0 0.576471 1 0.8 0 0.576471 1 0.8 0 0.576471 1 0.8 0 0.576471 1 0.8 0 0.576471 1 0.8 0 0.576471 1 0.8 0 0.576471 1 0.8 0 0.576471 1 0.8 0 0.576471 1 0.8 0 0.576471 1 0.8 0 0.576471 1 0.8 0 0.576471 1 0.8 0 0.576471 1 0.8 0 0.576471 1 0.8 0 0.576471 1 0.8 0 0.576471 1 0.8 0 0.576471 1 0.8 0 0.576471 1 0.8 0 0.576471 1 0.8 0 0.576471 1 0.8 0 0.576471 1 0.8 0 0.576471 1 0.8 0 0.576471 1 0.8 0 0.576471 1 0.8 0 0.576471 1 0.8 0 0.576471 1 0.8 0 0.576471 1 0.8 0 0.576471 1 0.8 0 0.576471 1 0.8 0 0.576471 1 0.8 0 0.576471 1 0.8 0 0.576471 1 0.8 0 0.576471 1 0.8 0 0.576471 1 0.8 0 0.576471 1 0.8 0 0.576471 1 0.8 0 0.576471 1 0.8 0 0.576471 1 0.8 0 0.576471 1 0.8 0 0.576471 1 0.8 0 0.576471 1 0.8 0 0.576471 1 0.8 0 0.576471 1 0.8 0 0.576471 1 0.8 0 0.576471 1 0.8 0 0.576471 1 0.8 0 0.576471 1 0.8 0 0.576471 1 0.8 0 0.576471 1 0.8 0 0.576471 1 0.8 0 0.576471 1 0.8 0 0.576471 1 0.8 0 0.576471 1 0.8 0 0.576471 1 0.8 0 0.576471 1 0.8 0 0.576471 1 0.8 0 0.576471 1 0.8 0 0.576471 1 0.8 0 0.576471 1 0.8 0 0.576471 1 0.8 0 0.576471 1 0.8 0 0.576471 1 0.8 0 0.576471 1 0.8 0 0.576471 1 0.8 0 0.576471 1 0.8 0 0.576471 1 0.8 0 0.576471 1 0.8 0 0.576471 1 0.8 0 0.576471 1 0.8 0 0.576471 1 0.8 0 0.576471 1 0.8 0 0.576471 1 0.8 0 0.576471 1 0.8 0 0.576471 1 0.8 0 0.576471 1 0.8 0 0.576471 1 0.8 0 0.576471 1 0.8 0 0.576471 1 0.8 0 0.576471 1 0.8 0 0.576471 1 0.8 0 0.576471 1 0.8 0 0.576471 1 0.8 0 0.576471 1 0.8 0 0.576471 1 0.8 0 0.576471 1 0.8 0 0.576471 1 0.8 0 0.576471 1 0.8 0 0.576471 1 0.8 0 0.576471 1 0.8 0 0.576471 1 0.8 0 0.576471 1 0.8 0 0.576471 1 0.8 0 0.576471 1 0.8 0 0.576471 1 0.8 0 0.576471 1 0.8 0 0.576471 1 0.8 0 0.576471 1 0.8 0 0.576471 1 0.8 0 0.576471 1 0.8 0 0.576471 1 0.8 0 0.576471 1 0.8 0 0.576471 1 0.8 0 0.576471 1 0.8 0 0.576471 1 0.8 0 0.576471 1 0.8 0 0.576471 1 0.8 0 0.576471 1 0.8 0 0.576471 1 0.8 0 0.576471 1 0.8 0 0.576471 1 0.8 0 0.576471 1 0.8 0 0.576471 1 0.8 0 0.576471 1 0.8 0 0.576471 1 0.8 0 0.576471 1 0.8 0 0.576471 1 0.8 0 0.576471 1 0.8 0 0.576471 1 0.8 0 0.576471 1 0.8 0 0.576471 1 0.8 0 0.576471 1 0.8 0 0.576471 1 0.8 0 0.576471 1 0.8 0 0.576471 1 0.8 0 0.576471 1 0.8 0 0.576471 1 0.8 0 0.576471 1 0.8 0 0.576471 1 0.8 0 0.576471 1 0.8 0 0.576471 1 0.8 0 0.576471 1 0.8 0 0.576471 1 0.8 0 0.576471 1 0.8 0 0.576471 1 0.8 0 0.576471 1 0.8 0 0.576471 1 0.8 0 0.576471 1 0.8 0 0.576471 1 0.8 0 0.576471 1 0.8 0 0.576471 1 0.8 0 0.576471 1 0.8 0 0.576471 1 0.8 0 0.576471 1 0.8 0 0.576471 1 0.8 0 0.576471 1 0.8 0 0.576471 1 0.8 0 0.576471 1 0.8 0 0.576471 1 0.8 0 0.576471 1 0.8 0 0.576471 1 0.8 0 0.576471 1 0.8 0 0.576471 1 0.8 0 0.576471 1 0.8 0 0.576471 1 0.8 0 0.576471 1 0.8 0 0.576471 1 0.8 0 0.576471 1 0.8 0 0.576471 1 0.8 0 0.576471 1 0.8 0 0.576471 1 0.8 0 0.576471 1 0.8 0 0.576471 1 0.8 0 0.576471 1 0.8 0 0.576471 1 0.8 0 0.576471 1 0.8 0 0.576471 1 0.8 0 0.576471 1 0.8 0 0.576471 1 0.8 0 0.576471 1 0.8 0 0.576471 1 0.8 0 0.576471 1 0.8 0 0.576471 1 0.8 0 0.576471 1 0.8 0 0.576471 1 0.8 0 0.576471 1 0.8 0 0.576471 1 0.8 0 0.576471 1 0.8 0 0.576471 1 0.8 0 0.576471 1 0.8 0 0.576471 1 0.8 0 0.576471 1 0.8 0 0.576471 1 0.8 0 0.576471 1 0.8 0 0.576471 1 0.8 0 0.576471 1 0.8 0 0.576471 1 0.8 0 0.576471 1 0.8 0 0.576471 1 0.8 0 0.576471 1 0.8 0 0.576471 1 0.8 0 0.576471 1 0.8 0 0.576471 1 0.8 0 0.576471 1 0.8 0 0.576471 1 0.8 0 0.576471 1 0.8 0 0.576471 1 0.8 0 0.576471 1 0.8 0 0.576471 1 0.8 0 0.576471 1 0.8 0 0.576471 1 0.8 0 0.576471 1 0.8 0 0.576471 1 0.8 0 0.576471 1 0.8 0 0.576471 1 0.8 0 0.576471 1 0.8 0 0.576471 1 0.8 0 0.576471 1 0.8 0 0.576471 1 0.8 0 0.576471 1 0.8 0 0.576471 1 0.8 0 0.576471 1 0.8 0 0.576471 1 0.8 0 0.576471 1 0.8 0 0.576471 1 0.8 0 0.576471 1 0.8 0 0.576471 1 0.8 0 0.576471 1 0.8 0 0.576471 1 0.8 0 0.576471 1 0.8 0 0.576471 1 0.8 0 0.576471 1 0.8 0 0.576471 1 0.8 0 0.576471 1 0.8 0 0.576471 1 0.8 0 0.576471 1 0.8 0 0.576471 1 0.8 0 0.576471 1 0.8 0 0.576471 1 0.8 0 0.576471 1 0.8 0 0.576471 1 0.8 0 0.576471 1 0.8 0 0.576471 1 0.8 0 0.576471 1 0.8 0 0.576471 1 0.8 0 0.576471 1 0.8 0 0.576471 1 0.8 0 0.576471 1 0.8 0 0.576471 1 0.8 0 0.576471 1 0.8 0 0.576471 1 0.8 0 0.576471 1 0.8 0 0.576471 1 0.8 0 0.576471 1 0.8 0 0.576471 1 0.8 0 0.576471 1 0.8 0 0.576471 1 0.8 0 0.576471 1 0.8 0 0.576471 1 0.8 0 0.576471 1 0.8 0 0.576471 1 0.8 0 0.576471 1 0.8 0 0.576471 1 0.8 0 0.576471 1 0.8 0 0.576471 1 0.8 0 0.576471 1 0.8 0 0.576471 1 0.8 0 0.576471 1 0.8 0 0.576471 1 0.8 0 0.576471 1 0.8 0 0.576471 1 0.8 0 0.576471 1 0.8 0 0.576471 1 0.8 0 0.576471 1 0.8 0 0.576471 1 0.8 0 0.576471 1 0.8 0 0.576471 1 0.8 0 0.576471 1 0.8 0 0.576471 1 0.8 0 0.576471 1 0.8 0 0.576471 1 0.8 0 0.576471 1 0.8 0 0.576471 1 0.8 0 0.576471 1 0.8 0 0.576471 1 0.8 0 0.576471 1 0.8 0 0.576471 1 0.8 0 0.576471 1 0.8 0 0.576471 1 0.8 0 0.576471 1 0.8 0 0.576471 1 0.8 0 0.576471 1 0.8 0 0.576471 1 0.8 0 0.576471 1 0.8 0 0.576471 1 0.8 0 0.576471 1 0.8 0 0.576471 1 0.8 0 0.576471 1 0.8 0 0.576471 1 0.8 0 0.576471 1 0.8 0 0.576471 1 0.8 0 0.576471 1 0.8 0 0.576471 1 0.8 0 0.576471 1 0.8 0 0.576471 1 0.8 0 0.576471 1 0.8 0 0.576471 1 0.8 0 0.576471 1 0.8 0 0.576471 1 0.8 0 0.576471 1 0.8 0 0.576471 1 0.8 0 0.576471 1 0.8 0 0.576471 1 0.8 0 0.576471 1 0.8 0 0.576471 1 0.8 0 0.576471 1 0.8 0 0.576471 1 0.8 0 0.576471 1 0.8 0 0.576471 1 0.8 0 0.576471 1 0.8 0 0.576471 1 0.8 0 0.576471 1 0.8 0 0.576471 1 0.8 0 0.576471 1 0.8 0 0.576471 1 0.8 0 0.576471 1 0.8 0 0.576471 1 0.8 0 0.576471 1 0.8 0 0.576471 1 0.8 0 0.576471 1 0.8 0 0.576471 1 0.8 0 0.576471 1 0.8 0 0.576471 1 0.8 0 0.576471 1 0.8 0 0.576471 1 0.8 0 0.576471 1 0.8 0 0.576471 1 0.8 0 0.576471 1 0.8 0 0.576471 1 0.8 0 0.576471 1 0.8 0 0.576471 1 0.8 0 0.576471 1 0.8 0 0.576471 1 0.8 0 0.576471 1 0.8 0 0.576471 1 0.8 0 0.576471 1 0.8 0 0.576471 1 0.8 0 0.576471 1 0.8 0 0.576471 1 0.8 0 0.576471 1 0.8 0 0.576471 1 0.8 0 0.576471 1 0.8 0 0.576471 1 0.8 0 0.576471 1 0.8 0 0.576471 1 0.8 0 0.576471 1 0.8 0 0.576471 1 0.8 0 0.576471 1 0.8 0 0.576471 1 0.8 0 0.576471 1 0.8 0 0.576471 1 0.8 0 0.576471 1 0.8 0 0.576471 1 0.8 0 0.576471 1 0.8 0 0.576471 1 0.8 0 0.576471 1 0.8 0 0.576471 1 0.8 0 0.576471 1 0.8 0 0.576471 1 0.8 0 0.576471 1 0.8 0 0.576471 1 0.8 0 0.576471 1 0.8 0 0.576471 1 0.8 0 0.576471 1 0.8 0 0.576471 1 0.8 0 0.576471 1 0.8 0 0.576471 1 0.8 0 0.576471 1 0.8 0 0.576471 1 0.8 0 0.576471 1 0.8 0 0.576471 1 0.8 0 0.576471 1 0.8 0 0.576471 1 0.8 0 0.576471 1 0.8 0 0.576471 1 0.8 0 0.576471 1 0.8 0 0.576471 1 0.8 0 0.576471 1 0.8 0 0.576471 1 0.8 0 0.576471 1 0.8 0 0.576471 1 0.8 0 0.576471 1 0.8 0 0.576471 1 0.8 0 0.576471 1 0.8 0 0.576471 1 0.8 0 0.576471 1 0.8 0 0.576471 1 0.8 0 0.576471 1 0.8 0 0.576471 1 0.8 0 0.576471 1 0.8 0 0.576471 1 0.8 0 0.576471 1 0.8 0 0.576471 1 0.8 0 0.576471 1 0.8 0 0.576471 1 0.8 0 0.576471 1 0.8 0 0.576471 1 0.8 0 0.576471 1 0.8 0 0.576471 1 0.8 0 0.576471 1 0.8 0 0.576471 1 0.8 0 0.576471 1 0.8 0 0.576471 1 0.8 0 0.576471 1 0.8 0 0.576471 1 0.8 0 0.576471 1 0.8 0 0.576471 1 0.8 0 0.576471 1 0.8 0 0.576471 1 0.8 0 0.576471 1 0.8 0 0.576471 1 0.8 0 0.576471 1 0.8 0 0.576471 1 0.8 0 0.576471 1 0.8 0 0.576471 1 0.8 0 0.576471 1 0.8 0 0.576471 1 0.8 0 0.576471 1 0.8 0 0.576471 1 0.8 0 0.576471 1 0.8 0 0.576471 1 0.8 0 0.576471 1 0.8 0 0.576471 1 0.8 0 0.576471 1 0.8 0 0.576471 1 0.8 0 0.576471 1 0.8 0 0.576471 1 0.8 0 0.576471 1 0.8 0 0.576471 1 0.8 0 0.576471 1 0.8 0 0.576471 1 0.8 0 0.576471 1 0.8 0 0.576471 1 0.8 0 0.576471 1 0.8 0 0.576471 1 0.8 0 0.576471 1 0.8 0 0.576471 1 0.8 0 0.576471 1 0.8 0 0.576471 1 0.8 0 0.576471 1 0.8 0 0.576471 1 0.8 0 0.576471 1 0.8 0 0.576471 1 0.8 0 0.576471 1 0.8 0 0.576471 1 0.8 0 0.576471 1 0.8 0 0.576471 1 0.8 0 0.576471 1 0.8 0 0.576471 1 0.8 0 0.576471 1 0.8 0 0.576471 1 0.8 0 0.576471 1 0.8 0 0.576471 1 0.8 0 0.576471 1 0.8 0 0.576471 1 0.8 0 0.576471 1 0.8 0 0.576471 1 0.8 0 0.576471 1 0.8 0 0.576471 1 0.8 0 0.576471 1 0.8 0 0.576471 1 0.8 0 0.576471 1 0.8 0 0.576471 1 0.8 0 0.576471 1 0.8 0 0.576471 1 0.8 0 0.576471 1 0.8 0 0.576471 1 0.8 0 0.576471 1 0.8 0 0.576471 1 0.8 0 0.576471 1 0.8 0 0.576471 1 0.8 0 0.576471 1 0.8 0 0.576471 1 0.8 0 0.576471 1 0.8 0 0.576471 1 0.8 0 0.576471 1 0.8 0 0.576471 1 0.8 0 0.576471 1 0.8 0 0.576471 1 0.8 0 0.576471 1 0.8 0 0.576471 1 0.8 0 0.576471 1 0.8 0 0.576471 1 0.8 0 0.576471 1 0.8 0 0.576471 1 0.8 0 0.576471 1 0.8 0 0.576471 1 0.8 0 0.576471 1 0.8 0 0.576471 1 0.8 0 0.576471 1 0.8 0 0.576471 1 0.8 0 0.576471 1 0.8 0 0.576471 1 0.8 0 0.576471 1 0.8 0 0.576471 1 0.8 0 0.576471 1 0.8 0 0.576471 1 0.8 0 0.576471 1 0.8 0 0.576471 1 0.8 0 0.576471 1 0.8 0 0.576471 1 0.8 0 0.576471 1 0.8 0 0.576471 1 0.8 0 0.576471 1 0.8 0 0.576471 1 0.8 0 0.576471 1 0.8 0 0.576471 1 0.8 0 0.576471 1 0.8 0 0.576471 1 0.8 0 0.576471 1 0.8 0 0.576471 1 0.8 0 0.576471 1 0.8 0 0.576471 1 0.8 0 0.576471 1 0.8 0 0.576471 1 0.8 0 0.576471 1 0.8 0 0.576471 1 0.8 0 0.576471 1 0.8 0 0.576471 1 0.8 0 0.576471 1 0.8 0 0.576471 1 0.8 0 0.576471 1 0.8 0 0.576471 1 0.8 0 0.576471 1 0.8 0 0.576471 1 0.8 0 0.576471 1 0.8 0 0.576471 1 0.8 0 0.576471 1 0.8 0 0.576471 1 0.8 0 0.576471 1 0.8 0 0.576471 1 0.8 0 0.576471 1 0.8 0 0.576471 1 0.8 0 0.576471 1 0.8 0 0.576471 1 0.8 0 0.576471 1 0.8 0 0.576471 1 0.8 0 0.576471 1 0.8 0 0.576471 1 0.8 0 0.576471 1 0.8 0 0.576471 1 0.8 0 0.576471 1 0.8 0 0.576471 1 0.8 0 0.576471 1 0.8 0 0.576471 1 0.8 0 0.576471 1 0.8 0 0.576471 1 0.8 0 0.576471 1 0.8 0 0.576471 1 0.8 0 0.576471 1 0.8 0 0.576471 1 0.8 0 0.576471 1 0.8 0 0.576471 1 0.8 0 0.576471 1 0.8 0 0.576471 1 0.8 0 0.576471 1 0.8 0 0.576471 1 0.8 0 0.576471 1 0.8 0 0.576471 1 0.8 0 0.576471 1 0.8 0 0.576471 1 0.8 0 0.576471 1 0.8 0 0.576471 1 0.8 0 0.576471 1 0.8 0 0.576471 1 0.8 0 0.576471 1 0.8 0 0.576471 1 0.8 0 0.576471 1 0.8 0 0.576471 1 0.8 0 0.576471 1 0.8 0 0.576471 1 0.8 0 0.576471 1 0.8 0 0.576471 1 0.8 0 0.576471 1 0.8 0 0.576471 1 0.8 0 0.576471 1 0.8 0 0.576471 1 0.8 0 0.576471 1 0.8 0 0.576471 1 0.8 0 0.576471 1 0.8 0 0.576471 1 0.8 0 0.576471 1 0.8 0 0.576471 1 0.8 0 0.576471 1 0.8 0 0.576471 1 0.8 0 0.576471 1 0.8 0 0.576471 1 0.8 0 0.576471 1 0.8 0 0.576471 1 0.8 0 0.576471 1 0.8 0 0.576471 1 0.8 0 0.576471 1 0.8 0 0.576471 1 0.8 0 0.576471 1 0.8 0 0.576471 1 0.8 0 0.576471 1 0.8 0 0.576471 1 0.8 0 0.576471 1 0.8 0 0.576471 1 0.8 0 0.576471 1 0.8 0 0.576471 1 0.8 0 0.576471 1 0.8 0 0.576471 1 0.8 0 0.576471 1 0.8 0 0.576471 1 0.8 0 0.576471 1 0.8 0 0.576471 1 0.8 0 0.576471 1 0.8 0 0.576471 1 0.8 0 0.576471 1 0.8 0 0.576471 1 0.8 0 0.576471 1 0.8 0 0.576471 1 0.8 0 0.576471 1 0.8 0 0.576471 1 0.8 0 0.576471 1 0.8 0 0.576471 1 0.8 0 0.576471 1 0.8 0 0.576471 1 0.8 0 0.576471 1 0.8 0 0.576471 1 0.8 0 0.576471 1 0.8 0 0.576471 1 0.8 0 0.576471 1 0.8 0 0.576471 1 0.8 0 0.576471 1 0.8 0 0.576471 1 0.8 0 0.576471 1 0.8 0 0.576471 1 0.8 0 0.576471 1 0.8 0 0.576471 1 0.8 0 0.576471 1 0.8 0 0.576471 1 0.8 0 0.576471 1 0.8 0 0.576471 1 0.8 0 0.576471 1 0.8 0 0.576471 1 0.8 0 0.576471 1 0.8 0 0.576471 1 0.8 0 0.576471 1 0.8 0 0.576471 1 0.8 0 0.576471 1 0.8 0 0.576471 1 0.8 0 0.576471 1 0.8 0 0.576471 1 0.8 0 0.576471 1 0.8 0 0.576471 1 0.8 0 0.576471 1 0.8 0 0.576471 1 0.8 0 0.576471 1 0.8 0 0.576471 1 0.8 0 0.576471 1 0.8 0 0.576471 1 0.8 0 0.576471 1 0.8 0 0.576471 1 0.8 0 0.576471 1 0.8 0 0.576471 1 0.8 0 0.576471 1 0.8 0 0.576471 1 0.8 0 0.576471 1 0.8 0 0.576471 1 0.8 0 0.576471 1 0.8 0 0.576471 1 0.8 0 0.576471 1 0.8 0 0.576471 1 0.8 0 0.576471 1 0.8 0 0.576471 1 0.8 0 0.576471 1 0.8 0 0.576471 1 0.8 0 0.576471 1 0.8 0 0.576471 1 0.8 0 0.576471 1 0.8 0 0.576471 1 0.8 0 0.576471 1 0.8 0 0.576471 1 0.8 0 0.576471 1 0.8 0 0.576471 1 0.8 0 0.576471 1 0.8 0 0.576471 1 0.8 0 0.576471 1 0.8 0 0.576471 1 0.8 0 0.576471 1 0.8 0 0.576471 1 0.8 0 0.576471 1 0.8 0 0.576471 1 0.8 0 0.576471 1 0.8 0 0.576471 1 0.8 0 0.576471 1 0.8 0 0.576471 1 0.8 0 0.576471 1 0.8 0 0.576471 1 0.8 0 0.576471 1 0.8 0 0.576471 1 0.8 0 0.576471 1 0.8 0 0.576471 1 0.8 0 0.576471 1 0.8 0 0.576471 1 0.8 0 0.576471 1 0.8 0 0.576471 1 0.8 0 0.576471 1 0.8 0 0.576471 1 0.8 0 0.576471 1 0.8 0 0.576471 1 0.8 0 0.576471 1 0.8 0 0.576471 1 0.8 0 0.576471 1 0.8 0 0.576471 1 0.8 0 0.576471 1 0.8 0 0.576471 1 0.8 0 0.576471 1 0.8 0 0.576471 1 0.8 0 0.576471 1 0.8 0 0.576471 1 0.8 0 0.576471 1 0.8 0 0.576471 1 0.8 0 0.576471 1 0.8 0 0.576471 1 0.8 0 0.576471 1 0.8 0 0.576471 1 0.8 0 0.576471 1 0.8 0 0.576471 1 0.8 0 0.576471 1 0.8 0 0.576471 1 0.8 0 0.576471 1 0.8 0 0.576471 1 0.8 0 0.576471 1 0.8 0 0.576471 1 0.8 0 0.576471 1 0.8 0 0.576471 1 0.8 0 0.576471 1 0.8 0 0.576471 1 0.8 0 0.576471 1 0.8 0 0.576471 1 0.8 0 0.576471 1 0.8 0 0.576471 1 0.8 0 0.576471 1 0.8 0 0.576471 1 0.8 0 0.576471 1 0.8 0 0.576471 1 0.8 0 0.576471 1 0.8 0 0.576471 1 0.8 0 0.576471 1 0.8 0 0.576471 1 0.8 0 0.576471 1 0.8 0 0.576471 1 0.8 0 0.576471 1 0.8 0 0.576471 1 0.8 0 0.576471 1 0.8 0 0.576471 1 0.8 0 0.576471 1 0.8 0 0.576471 1 0.8 0 0.576471 1 0.8 0 0.576471 1 0.8 0 0.576471 1 0.8 0 0.576471 1 0.8 0 0.576471 1 0.8 0 0.576471 1 0.8 0 0.576471 1 0.8 0 0.576471 1 0.8 0 0.576471 1 0.8 0 0.576471 1 0.8 0 0.576471 1 0.8 0 0.576471 1 0.8 0 0.576471 1 0.8 0 0.576471 1 0.8 0 0.576471 1 0.8 0 0.576471 1 0.8 0 0.576471 1 0.8 0 0.576471 1 0.8 0 0.576471 1 0.8 0 0.576471 1 0.8 0 0.576471 1 0.8 0 0.576471 1 0.8 0 0.576471 1 0.8 0 0.576471 1 0.8 0 0.576471 1 0.8 0 0.576471 1 0.8 0 0.576471 1 0.8 0 0.576471 1 0.8 0 0.576471 1 0.8 0 0.576471 1 0.8 0 0.576471 1 0.8 0 0.576471 1 0.8 0 0.576471 1 0.8 0 0.576471 1 0.8 0 0.576471 1 0.8 0 0.576471 1 0.8 0 0.576471 1 0.8 0 0.576471 1 0.8 0 0.576471 1 0.8 0 0.576471 1 0.8 0 0.576471 1 0.8 0 0.576471 1 0.8 0 0.576471 1 0.8 0 0.576471 1 0.8 0 0.576471 1 0.8 0 0.576471 1 0.8 0 0.576471 1 0.8 0 0.576471 1 0.8 0 0.576471 1 0.8 0 0.576471 1 0.8 0 0.576471 1 0.8 0 0.576471 1 0.8 0 0.576471 1 0.8 0 0.576471 1 0.8 0 0.576471 1 0.8 0 0.576471 1 0.8 0 0.576471 1 0.8 0 0.576471 1 0.8 0 0.576471 1 0.8 0 0.576471 1 0.8 0 0.576471 1 0.8 0 0.576471 1 0.8 0 0.576471 1 0.8 0 0.576471 1 0.8 0 0.576471 1 0.8 0 0.576471 1 0.8 0 0.576471 1 0.8 0 0.576471 1 0.8 0 0.576471 1 0.8 0 0.576471 1 0.8 0 0.576471 1 0.8 0 0.576471 1 0.8 0 0.576471 1 0.8 0 0.576471 1 0.8 0 0.576471 1 0.8 0 0.576471 1 0.8 0 0.576471 1 0.8 0 0.576471 1 0.8 0 0.576471 1 0.8 0 0.576471 1 0.8 0 0.576471 1 0.8 0 0.576471 1 0.8 0 0.576471 1 0.8 0 0.576471 1 0.8 0 0.576471 1 0.8 0 0.576471 1 0.8 0 0.576471 1 0.8 0 0.576471 1 0.8 0 0.576471 1 0.8 0 0.576471 1 0.8 0 0.576471 1 0.8 0 0.576471 1 0.8 0 0.576471 1 0.8 0 0.576471 1 0.8 0 0.576471 1 0.8 0 0.576471 1 0.8 0 0.576471 1 0.8 0 0.576471 1 0.8 0 0.576471 1 0.8 0 0.576471 1 0.8 0 0.576471 1 0.8 0 0.576471 1 0.8 0 0.576471 1 0.8 0 0.576471 1 0.8 0 0.576471 1 0.8 0 0.576471 1 0.8 0 0.576471 1 0.8 0 0.576471 1 0.8 0 0.576471 1 0.8 0 0.576471 1 0.8 0 0.576471 1 0.8 0 0.576471 1 0.8 0 0.576471 1 0.8 0 0.576471 1 0.8 0 0.576471 1 0.8 0 0.576471 1 0.8 0 0.576471 1 0.8 0 0.576471 1 0.8 0 0.576471 1 0.8 0 0.576471 1 0.8 0 0.576471 1 0.8 0 0.576471 1 0.8 0 0.576471 1 0.8 0 0.576471 1 0.8 0 0.576471 1 0.8 0 0.576471 1 0.8 0 0.576471 1 0.8 0 0.576471 1 0.8 0 0.576471 1 0.8 0 0.576471 1 0.8 0 0.576471 1 0.8 0 0.576471 1 0.8 0 0.576471 1 0.8 0 0.576471 1 0.8 0 0.576471 1 0.8 0 0.576471 1 0.8 0 0.576471 1 0.8 0 0.576471 1 0.8 0 0.576471 1 0.8 0 0.576471 1 0.8 0 0.576471 1 0.8 0 0.576471 1 0.8 0 0.576471 1 0.8 0 0.576471 1 0.8 0 0.576471 1 0.8 0 0.576471 1 0.8 0 0.576471 1 0.8 0 0.576471 1 0.8 0 0.576471 1 0.8 0 0.576471 1 0.8 0 0.576471 1 0.8 0 0.576471 1 0.8 0 0.576471 1 0.8 0 0.576471 1 0.8 0 0.576471 1 0.8 0 0.576471 1 0.8 0 0.576471 1 0.8 0 0.576471 1 0.8 0 0.576471 1 0.8 0 0.576471 1 0.8 0 0.576471 1 0.8 0 0.576471 1 0.8 0 0.576471 1 0.8 0 0.576471 1 0.8 0 0.576471 1 0.8 0 0.576471 1 0.8 0 0.576471 1 0.8 0 0.576471 1 0.8 0 0.576471 1 0.8 0 0.576471 1 0.8 0 0.576471 1 0.8 0 0.576471 1 0.8 0 0.576471 1 0.8 0 0.576471 1 0.8 0 0.576471 1 0.8 0 0.576471 1 0.8 0 0.576471 1 0.8 0 0.576471 1 0.8 0 0.576471 1 0.8 0 0.576471 1 0.8 0 0.576471 1 0.8 0 0.576471 1 0.8 0 0.576471 1 0.8 0 0.576471 1 0.8 0 0.576471 1 0.8 0 0.576471 1 0.8 0 0.576471 1 0.8 0 0.576471 1 0.8 0 0.576471 1 0.8 0 0.576471 1 0.8 0 0.576471 1 0.8 0 0.576471 1 0.8 0 0.576471 1 0.8 0 0.576471 1 0.8 0 0.576471 1 0.8 0 0.576471 1 0.8 0 0.576471 1 0.8 0 0.576471 1 0.8 0 0.576471 1 0.8 0 0.576471 1 0.8 0 0.576471 1 0.8 0 0.576471 1 0.8 0 0.576471 1 0.8 0 0.576471 1 0.8 0 0.576471 1 0.8 0 0.576471 1 0.8 0 0.576471 1 0.8 0 0.576471 1 0.8 0 0.576471 1 0.8 0 0.576471 1 0.8 0 0.576471 1 0.8 0 0.576471 1 0.8 0 0.576471 1 0.8 0 0.576471 1 0.8 0 0.576471 1 0.8 0 0.576471 1 0.8 0 0.576471 1 0.8 0 0.576471 1 0.8 0 0.576471 1 0.8 0 0.576471 1 0.8 0 0.576471 1 0.8 0 0.576471 1 0.8 0 0.576471 1 0.8 0 0.576471 1 0.8 0 0.576471 1 0.8 0 0.576471 1 0.8 0 0.576471 1 0.8 0 0.576471 1 0.8 0 0.576471 1 0.8 0 0.576471 1 0.8 0 0.576471 1 0.8 0 0.576471 1 0.8 0 0.576471 1 0.8 0 0.576471 1 0.8 0 0.576471 1 0.8 0 0.576471 1 0.8 0 0.576471 1 0.8 0 0.576471 1 0.8 0 0.576471 1 0.8 0 0.576471 1 0.8 0 0.576471 1 0.8 0 0.576471 1 0.8 0 0.576471 1 0.8 0 0.576471 1 0.8 0 0.576471 1 0.8 0 0.576471 1 0.8 0 0.576471 1 0.8 0 0.576471 1 0.8 0 0.576471 1 0.8 0 0.576471 1 0.8 0 0.576471 1 0.8 0 0.576471 1 0.8 0 0.576471 1 0.8 0 0.576471 1 0.8 0 0.576471 1 0.8 0 0.576471 1 0.8 0 0.576471 1 0.8 0 0.576471 1 0.8 0 0.576471 1 0.8 0 0.576471 1 0.8 0 0.576471 1 0.8 0 0.576471 1 0.8 0 0.576471 1 0.8 0 0.576471 1 0.8 0 0.576471 1 0.8 0 0.576471 1 0.8 0 0.576471 1 0.8 0 0.576471 1 0.8 0 0.576471 1 0.8 0 0.576471 1 0.8 0 0.576471 1 0.8 0 0.576471 1 0.8 0 0.576471 1 0.8 0 0.576471 1 0.8 0 0.576471 1 0.8 0 0.576471 1 0.8 0 0.576471 1 0.8 0 0.576471 1 0.8 0 0.576471 1 0.8 0 0.576471 1 0.8 0 0.576471 1 0.8 0 0.576471 1 0.8 0 0.576471 1 0.8 0 0.576471 1 0.8 0 0.576471 1 0.8 0 0.576471 1 0.8 0 0.576471 1 0.8 0 0.576471 1 0.8 0 0.576471 1 0.8 0 0.576471 1 0.8 0 0.576471 1 0.8 0 0.576471 1 0.8 0 0.576471 1 0.8 0 0.576471 1 0.8 0 0.576471 1 0.8 0 0.576471 1 0.8 0 0.576471 1 0.8 0 0.576471 1 0.8 0 0.576471 1 0.8 0 0.576471 1 0.8 0 0.576471 1 0.8 0 0.576471 1 0.8 0 0.576471 1 0.8 0 0.576471 1 0.8 0 0.576471 1 0.8 0 0.576471 1 0.8 0 0.576471 1 0.8 0 0.576471 1 0.8 0 0.576471 1 0.8 0 0.576471 1 0.8 0 0.576471 1 0.8 0 0.576471 1 0.8 0 0.576471 1 0.8 0 0.576471 1 0.8 0 0.576471 1 0.8 0 0.576471 1 0.8 0 0.576471 1 0.8 0 0.576471 1 0.8 0 0.576471 1 0.8 0 0.576471 1 0.8 0 0.576471 1 0.8 0 0.576471 1 0.8 0 0.576471 1 0.8 0 0.576471 1 0.8 0 0.576471 1 0.8 0 0.576471 1 0.8 0 0.576471 1 0.8 0 0.576471 1 0.8 0 0.576471 1 0.8 0 0.576471 1 0.8 0 0.576471 1 0.8 0 0.576471 1 0.8 0 0.576471 1 0.8 0 0.576471 1 0.8 0 0.576471 1 0.8 0 0.576471 1 0.8 0 0.576471 1 0.8 0 0.576471 1 0.8 0 0.576471 1 0.8 0 0.576471 1 0.8 0 0.576471 1 0.8 0 0.576471 1 0.8 0 0.576471 1 0.8 0 0.576471 1 0.8 0 0.576471 1 0.8 0 0.576471 1 0.8 0 0.576471 1 0.8 0 0.576471 1 0.8 0 0.576471 1 0.8 0 0.576471 1 0.8 0 0.576471 1 0.8 0 0.576471 1 0.8 0 0.576471 1 0.8 0 0.576471 1 0.8 0 0.576471 1 0.8 0 0.576471 1 0.8 0 0.576471 1 0.8 0 0.576471 1 0.8 0 0.576471 1 0.8 0 0.576471 1 0.8 0 0.576471 1 0.8 0 0.576471 1 0.8 0 0.576471 1 0.8 0 0.576471 1 0.8 0 0.576471 1 0.8 0 0.576471 1 0.8 0 0.576471 1 0.8 0 0.576471 1 0.8 0 0.576471 1 0.8 0 0.576471 1 0.8 0 0.576471 1 0.8 0 0.576471 1 0.8 0 0.576471 1 0.8 0 0.576471 1 0.8 0 0.576471 1 0.8 0 0.576471 1 0.8 0 0.576471 1 0.8 0 0.576471 1 0.8 0 0.576471 1 0.8 0 0.576471 1 0.8 0 0.576471 1 0.8 0 0.576471 1 0.8 0 0.576471 1 0.8 0 0.576471 1 0.8 0 0.576471 1 0.8 0 0.576471 1 0.8 0 0.576471 1 0.8 0 0.576471 1 0.8 0 0.576471 1 0.8 0 0.576471 1 0.8 0 0.576471 1 0.8 0 0.576471 1 0.8 0 0.576471 1 0.8 0 0.576471 1 0.8 0 0.576471 1 0.8 0 0.576471 1 0.8 0 0.576471 1 0.8 0 0.576471 1 0.8 0 0.576471 1 0.8 0 0.576471 1 0.8 0 0.576471 1 0.8 0 0.576471 1 0.8 0 0.576471 1 0.8 0 0.576471 1 0.8 0 0.576471 1 0.8 0 0.576471 1 0.8 0 0.576471 1 0.8 0 0.576471 1 0.8 0 0.576471 1 0.8 0 0.576471 1 0.8 0 0.576471 1 0.8 0 0.576471 1 0.8 0 0.576471 1 0.8 0 0.576471 1 0.8 0 0.576471 1 0.8 0 0.576471 1 0.8 0 0.576471 1 0.8 0 0.576471 1 0.8 0 0.576471 1 0.8 0 0.576471 1 0.8 0 0.576471 1 0.8 0 0.576471 1 0.8 0 0.576471 1 0.8 0 0.576471 1 0.8 0 0.576471 1 0.8 0 0.576471 1 0.8 0 0.576471 1 0.8 0 0.576471 1 0.8 0 0.576471 1 0.8 0 0.576471 1 0.8 0 0.576471 1 0.8 0 0.576471 1 0.8 0 0.576471 1 0.8 0 0.576471 1 0.8 0 0.576471 1 0.8 0 0.576471 1 0.8 0 0.576471 1 0.8 0 0.576471 1 0.8 0 0.576471 1 0.8 0 0.576471 1 0.8 0 0.576471 1 0.8 0 0.576471 1 0.8 0 0.576471 1 0.8 0 0.576471 1 0.8 0 0.576471 1 0.8 0 0.576471 1 0.8 0 0.576471 1 0.8 0 0.576471 1 0.8 0 0.576471 1 0.8 0 0.576471 1 0.8 0 0.576471 1 0.8 0 0.576471 1 0.8 0 0.576471 1 0.8 0 0.576471 1 0.8 0 0.576471 1 0.8 0 0.576471 1 0.8 0 0.576471 1 0.8 0 0.576471 1 0.8 0 0.576471 1 0.8 0 0.576471 1 0.8 0 0.576471 1 0.8 0 0.576471 1 0.8 0 0.576471 1 0.8 0 0.576471 1 0.8 0 0.576471 1 0.8 0 0.576471 1 0.8 0 0.576471 1 0.8 0 0.576471 1 0.8 0 0.576471 1 0.8 0 0.576471 1 0.8 0 0.576471 1 0.8 0 0.576471 1 0.8 0 0.576471 1 0.8 0 0.576471 1 0.8 0 0.576471 1 0.8 0 0.576471 1 0.8 0 0.576471 1 0.8 0 0.576471 1 0.8 0 0.576471 1 0.8 0 0.576471 1 0.8 0 0.576471 1 0.8 0 0.576471 1 0.8 0 0.576471 1 0.8 0 0.576471 1 0.8 0 0.576471 1 0.8 0 0.576471 1 0.8 0 0.576471 1 0.8 0 0.576471 1 0.8 0 0.576471 1 0.8 0 0.576471 1 0.8 0 0.576471 1 0.8 0 0.576471 1 0.8 0 0.576471 1 0.8 0 0.576471 1 0.8 0 0.576471 1 0.8 0 0.576471 1 0.8 0 0.576471 1 0.8 0 0.576471 1 0.8 0 0.576471 1 0.8 0 0.576471 1 0.8 0 0.576471 1 0.8 0 0.576471 1 0.8 0 0.576471 1 0.8 0 0.576471 1 0.8 0 0.576471 1 0.8 0 0.576471 1 0.8 0 0.576471 1 0.8 0 0.576471 1 0.8 0 0.576471 1 0.8 0 0.576471 1 0.8 0 0.576471 1 0.8 0 0.576471 1 0.8 0 0.576471 1 0.8 0 0.576471 1 0.8 0 0.576471 1 0.8 0 0.576471 1 0.8 0 0.576471 1 0.8 0 0.576471 1 0.8 0 0.576471 1 0.8 0 0.576471 1 0.8 0 0.576471 1 0.8 0 0.576471 1 0.8 0 0.576471 1 0.8 0 0.576471 1 0.8 0 0.576471 1 0.8 0 0.576471 1 0.8 0 0.576471 1 0.8 0 0.576471 1 0.8 0 0.576471 1 0.8 0 0.576471 1 0.8 0 0.576471 1 0.8 0 0.576471 1 0.8 0 0.576471 1 0.8 0 0.576471 1 0.8 0 0.576471 1 0.8 0 0.576471 1 0.8 0 0.576471 1 0.8 0 0.576471 1 0.8 0 0.576471 1 0.8 0 0.576471 1 0.8 0 0.576471 1 0.8 0 0.576471 1 0.8 0 0.576471 1 0.8 0 0.576471 1 0.8 0 0.576471 1 0.8 0 0.576471 1 0.8 0 0.576471 1 0.8 0 0.576471 1 0.8 0 0.576471 1 0.8 0 0.576471 1 0.8 0 0.576471 1 0.8 0 0.576471 1 0.8 0 0.576471 1 0.8 0 0.576471 1 0.8 0 0.576471 1 0.8 0 0.576471 1 0.8 0 0.576471 1 0.8 0 0.576471 1 0.8 0 0.576471 1 0.8 0 0.576471 1 0.8 0 0.576471 1 0.8 0 0.576471 1 0.8 0 0.576471 1 0.8 0 0.576471 1 0.8 0 0.576471 1 0.8 0 0.576471 1 0.8 0 0.576471 1 0.8 0 0.576471 1 0.8 0 0.576471 1 0.8 0 0.576471 1 0.8 0 0.576471 1 0.8 0 0.576471 1 0.8 0 0.576471 1 0.8 0 0.576471 1 0.8 0 0.576471 1 0.8 0 0.576471 1 0.8 0 0.576471 1 0.8 0 0.576471 1 0.8 0 0.576471 1 0.8 0 0.576471 1 0.8 0 0.576471 1 0.8 0 0.576471 1 0.8 0 0.576471 1 0.8 0 0.576471 1 0.8 0 0.576471 1 0.8 0 0.576471 1 0.8 0 0.576471 1 0.8 0 0.576471 1 0.8 0 0.576471 1 0.8 0 0.576471 1 0.8 0 0.576471 1 0.8 0 0.576471 1 0.8 0 0.576471 1 0.8 0 0.576471 1 0.8 0 0.576471 1 0.8 0 0.576471 1 0.8 0 0.576471 1 0.8 0 0.576471 1 0.8 0 0.576471 1 0.8 0 0.576471 1 0.8 0 0.576471 1 0.8 0 0.576471 1 0.8 0 0.576471 1 0.8 0 0.576471 1 0.8 0 0.576471 1 0.8 0 0.576471 1 0.8 0 0.576471 1 0.8 0 0.576471 1 0.8 0 0.576471 1 0.8 0 0.576471 1 0.8 0 0.576471 1 0.8 0 0.576471 1 0.8 0 0.576471 1 0.8 0 0.576471 1 0.8 0 0.576471 1 0.8 0 0.576471 1 0.8 0 0.576471 1 0.8 0 0.576471 1 0.8 0 0.576471 1 0.8 0 0.576471 1 0.8 0 0.576471 1 0.8 0 0.576471 1 0.8 0 0.576471 1 0.8 0 0.576471 1 0.8 0 0.576471 1 0.8 0 0.576471 1 0.8 0 0.576471 1 0.8 0 0.576471 1 0.8 0 0.576471 1 0.8 0 0.576471 1 0.8 0 0.576471 1 0.8 0 0.576471 1 0.8 0 0.576471 1 0.8 0 0.576471 1 0.8 0 0.576471 1 0.8 0 0.576471 1 0.8 0 0.576471 1 0.8 0 0.576471 1 0.8 0 0.576471 1 0.8 0 0.576471 1 0.8 0 0.576471 1 0.8 0 0.576471 1 0.8 0 0.576471 1 0.8 0 0.576471 1 0.8 0 0.576471 1 0.8 0 0.576471 1 0.8 0 0.576471 1 0.8 0 0.576471 1 0.8 0 0.576471 1 0.8 0 0.576471 1 0.8 0 0.576471 1 0.8 0 0.576471 1 0.8 0 0.576471 1 0.8 0 0.576471 1 0.8 0 0.576471 1 0.8 0 0.576471 1 0.8 0 0.576471 1 0.8 0 0.576471 1 0.8 0 0.576471 1 0.8 0 0.576471 1 0.8 0 0.576471 1 0.8 0 0.576471 1 0.8 0 0.576471 1 0.8 0 0.576471 1 0.8 0 0.576471 1 0.8 0 0.576471 1 0.8 0 0.576471 1 0.8 0 0.576471 1 0.8 0 0.576471 1 0.8 0 0.576471 1 0.8 0 0.576471 1 0.8 0 0.576471 1 0.8 0 0.576471 1 0.8 0 0.576471 1 0.8 0 0.576471 1 0.8 0 0.576471 1 0.8 0 0.576471 1 0.8 0 0.576471 1 0.8 0 0.576471 1 0.8 0 0.576471 1 0.8 0 0.576471 1 0.8 0 0.576471 1 0.8 0 0.576471 1 0.8 0 0.576471 1 0.8 0 0.576471 1 0.8 0 0.576471 1 0.8 0 0.576471 1 0.8 0 0.576471 1 0.8 0 0.576471 1 0.8 0 0.576471 1 0.8 0 0.576471 1 0.8 0 0.576471 1 0.8 0 0.576471 1 0.8 0 0.576471 1 0.8 0 0.576471 1 0.8 0 0.576471 1 0.8 0 0.576471 1 0.8 0 0.576471 1 0.8 0 0.576471 1 0.8 0 0.576471 1 0.8 0 0.576471 1 0.8 0 0.576471 1 0.8 0 0.576471 1 0.8 0 0.576471 1 0.8 0 0.576471 1 0.8 0 0.576471 1 0.8 0 0.576471 1 0.8 0 0.576471 1 0.8 0 0.576471 1 0.8 0 0.576471 1 0.8 0 0.576471 1 0.8 0 0.576471 1 0.8 0 0.576471 1 0.8 0 0.576471 1 0.8 0 0.576471 1 0.8 0 0.576471 1 0.8 0 0.576471 1 0.8 0 0.576471 1 0.8 0 0.576471 1 0.8 0 0.576471 1 0.8 0 0.576471 1 0.8 0 0.576471 1 0.8 0 0.576471 1 0.8 0 0.576471 1 0.8 0 0.576471 1 0.8 0 0.576471 1 0.8 0 0.576471 1 0.8 0 0.576471 1 0.8 0 0.576471 1 0.8 0 0.576471 1 0.8 0 0.576471 1 0.8 0 0.576471 1 0.8 0 0.576471 1 0.8 0 0.576471 1 0.8 0 0.576471 1 0.8 0 0.576471 1 0.8 0 0.576471 1 0.8 0 0.576471 1 0.8 0 0.576471 1 0.8 0 0.576471 1 0.8 0 0.576471 1 0.8 0 0.576471 1 0.8 0 0.576471 1 0.8 0 0.576471 1 0.8 0 0.576471 1 0.8 0 0.576471 1 0.8 0 0.576471 1 0.8 0 0.576471 1 0.8 0 0.576471 1 0.8 0 0.576471 1 0.8 0 0.576471 1 0.8 0 0.576471 1 0.8 0 0.576471 1 0.8 0 0.576471 1 0.8 0 0.576471 1 0.8 0 0.576471 1 0.8 0 0.576471 1 0.8 0 0.576471 1 0.8 0 0.576471 1 0.8 0 0.576471 1 0.8 0 0.576471 1 0.8 0 0.576471 1 0.8 0 0.576471 1 0.8 0 0.576471 1 0.8 0 0.576471 1 0.8 0 0.576471 1 0.8 0 0.576471 1 0.8 0 0.576471 1 0.8 0 0.576471 1 0.8 0 0.576471 1 0.8 0 0.576471 1 0.8 0 0.576471 1 0.8 0 0.576471 1 0.8 0 0.576471 1 0.8 0 0.576471 1 0.8 0 0.576471 1 0.8 0 0.576471 1 0.8 0 0.576471 1 0.8 0 0.576471 1 0.8 0 0.576471 1 0.8 0 0.576471 1 0.8 0 0.576471 1 0.8 0 0.576471 1 0.8 0 0.576471 1 0.8 0 0.576471 1 0.8 0 0.576471 1 0.8 0 0.576471 1 0.8 0 0.576471 1 0.8 0 0.576471 1 0.8 0 0.576471 1 0.8 0 0.576471 1 0.8 0 0.576471 1 0.8 0 0.576471 1 0.8 0 0.576471 1 0.8 0 0.576471 1 0.8 0 0.576471 1 0.8 0 0.576471 1 0.8 0 0.576471 1 0.8 0 0.576471 1 0.8 0 0.576471 1 0.8 0 0.576471 1 0.8 0 0.576471 1 0.8 0 0.576471 1 0.8 0 0.576471 1 0.8 0 0.576471 1 0.8 0 0.576471 1 0.8 0 0.576471 1 0.8 0 0.576471 1 0.8 0 0.576471 1 0.8 0 0.576471 1 0.8 0 0.576471 1 0.8 0 0.576471 1 0.8 0 0.576471 1 0.8 0 0.576471 1 0.8 0 0.576471 1 0.8 0 0.576471 1 0.8 0 0.576471 1 0.8 0 0.576471 1 0.8 0 0.576471 1 0.8 0 0.576471 1 0.8 0 0.576471 1 0.8 0 0.576471 1 0.8 0 0.576471 1 0.8 0 0.576471 1 0.8 0 0.576471 1 0.8 0 0.576471 1 0.8 0 0.576471 1 0.8 0 0.576471 1 0.8 0 0.576471 1 0.8 0 0.576471 1 0.8 0 0.576471 1 0.8 0 0.576471 1 0.8 0 0.576471 1 0.8 0 0.576471 1 0.8 0 0.576471 1 0.8 0 0.576471 1 0.8 0 0.576471 1 0.8 0 0.576471 1 0.8 0 0.576471 1 0.8 0 0.576471 1 0.8 0 0.576471 1 0.8 0 0.576471 1 0.8 0 0.576471 1 0.8 0 0.576471 1 0.8 0 0.576471 1 0.8 0 0.576471 1 0.8 0 0.576471 1 0.8 0 0.576471 1 0.8 0 0.576471 1 0.8 0 0.576471 1 0.8 0 0.576471 1 0.8 0 0.576471 1 0.8 0 0.576471 1 0.8 0 0.576471 1 0.8 0 0.576471 1 0.8 0 0.576471 1 0.8 0 0.576471 1 0.8 0 0.576471 1 0.8 0 0.576471 1 0.8 0 0.576471 1 0.8 0 0.576471 1 0.8 0 0.576471 1 0.8 0 0.576471 1 0.8 0 0.576471 1 0.8 0 0.576471 1 0.8 0 0.576471 1 0.8 0 0.576471 1 0.8 0 0.576471 1 0.8 0 0.576471 1 0.8 0 0.576471 1 0.8 0 0.576471 1 0.8 0 0.576471 1 0.8 0 0.576471 1 0.8 0 0.576471 1 0.8 0 0.576471 1 0.8 0 0.576471 1 0.8 0 0.576471 1 0.8 0 0.576471 1 0.8 0 0.576471 1 0.8 0 0.576471 1 0.8 0 0.576471 1 0.8 0 0.576471 1 0.8 0 0.576471 1 0.8 0 0.576471 1 0.8 0 0.576471 1 0.8 0 0.576471 1 0.8 0 0.576471 1 0.8 0 0.576471 1 0.8 0 0.576471 1 0.8 0 0.576471 1 0.8 0 0.576471 1 0.8 0 0.576471 1 0.8 0 0.576471 1 0.8 0 0.576471 1 0.8 0 0.576471 1 0.8 0 0.576471 1 0.8 0 0.576471 1 0.8 0 0.576471 1 0.8 0 0.576471 1 0.8 0 0.576471 1 0.8 0 0.576471 1 0.8 0 0.576471 1 0.8 0 0.576471 1 0.8 0 0.576471 1 0.8 0 0.576471 1 0.8 0 0.576471 1 0.8 0 0.576471 1 0.8 0 0.576471 1 0.8 0 0.576471 1 0.8 0 0.576471 1 0.8 0 0.576471 1 0.8 0 0.576471 1 0.8 0 0.576471 1 0.8 0 0.576471 1 0.8 0 0.576471 1 0.8 0 0.576471 1 0.8 0 0.576471 1 0.8 0 0.576471 1 0.8 0 0.576471 1 0.8 0 0.576471 1 0.8 0 0.576471 1 0.8 0 0.576471 1 0.8 0 0.576471 1 0.8 0 0.576471 1 0.8 0 0.576471 1 0.8 0 0.576471 1 0.8 0 0.576471 1 0.8 0 0.576471 1 0.8 0 0.576471 1 0.8 0 0.576471 1 0.8 0 0.576471 1 0.8 0 0.576471 1 0.8 0 0.576471 1 0.8 0 0.576471 1 0.8 0 0.576471 1 0.8 0 0.576471 1 0.8 0 0.576471 1 0.8 0 0.576471 1 0.8 0 0.576471 1 0.8 0 0.576471 1 0.8 0 0.576471 1 0.8 0 0.576471 1 0.8 0 0.576471 1 0.8 0 0.576471 1 0.8 0 0.576471 1 0.8 0 0.576471 1 0.8 0 0.576471 1 0.8 0 0.576471 1 0.8 0 0.576471 1 0.8 0 0.576471 1 0.8 0 0.576471 1 0.8 0 0.576471 1 0.8 0 0.576471 1 0.8 0 0.576471 1 0.8 0 0.576471 1 0.8 0 0.576471 1 0.8 0 0.576471 1 0.8 0 0.576471 1 0.8 0 0.576471 1 0.8 0 0.576471 1 0.8 0 0.576471 1 0.8 0 0.576471 1 0.8 0 0.576471 1 0.8 0 0.576471 1 0.8 0 0.576471 1 0.8 0 0.576471 1 0.8 0 0.576471 1 0.8 0 0.576471 1 0.8 0 0.576471 1 0.8 0 0.576471 1 0.8 0 0.576471 1 0.8 0 0.576471 1 0.8 0 0.576471 1 0.8 0 0.576471 1 0.8 0 0.576471 1 0.8 0 0.576471 1 0.8 0 0.576471 1 0.8 0 0.576471 1 0.8 0 0.576471 1 0.8 0 0.576471 1 0.8 0 0.576471 1 0.8 0 0.576471 1 0.8 0 0.576471 1 0.8 0 0.576471 1 0.8 0 0.576471 1 0.8 0 0.576471 1 0.8 0 0.576471 1 0.8 0 0.576471 1 0.8 0 0.576471 1 0.8 0 0.576471 1 0.8 0 0.576471 1 0.8 0 0.576471 1 0.8 0 0.576471 1 0.8 0 0.576471 1 0.8 0 0.576471 1 0.8 0 0.576471 1 0.8 0 0.576471 1 0.8 0 0.576471 1 0.8 0 0.576471 1 0.8 0 0.576471 1 0.8 0 0.576471 1 0.8 0 0.576471 1 0.8 0 0.576471 1 0.8 0 0.576471 1 0.8 0 0.576471 1 0.8 0 0.576471 1 0.8 0 0.576471 1 0.8 0 0.576471 1 0.8 0 0.576471 1 0.8 0 0.576471 1 0.8 0 0.576471 1 0.8 0 0.576471 1 0.8 0 0.576471 1 0.8 0 0.576471 1 0.8 0 0.576471 1 0.8 0 0.576471 1 0.8 0 0.576471 1 0.8 0 0.576471 1 0.8 0 0.576471 1 0.8 0 0.576471 1 0.8 0 0.576471 1 0.8 0 0.576471 1 0.8 0 0.576471 1 0.8 0 0.576471 1 0.8 0 0.576471 1 0.8 0 0.576471 1 0.8 0 0.576471 1 0.8 0 0.576471 1 0.8 0 0.576471 1 0.8 0 0.576471 1 0.8 0 0.576471 1 0.8 0 0.576471 1 0.8 0 0.576471 1 0.8 0 0.576471 1 0.8 0 0.576471 1 0.8 0 0.576471 1 0.8 0 0.576471 1 0.8 0 0.576471 1 0.8 0 0.576471 1 0.8 0 0.576471 1 0.8 0 0.576471 1 0.8 0 0.576471 1 0.8 0 0.576471 1 0.8 0 0.576471 1 0.8 0 0.576471 1 0.8 0 0.576471 1 0.8 0 0.576471 1 0.8 0 0.576471 1 0.8 0 0.576471 1 0.8 0 0.576471 1 0.8 0 0.576471 1 0.8 0 0.576471 1 0.8 0 0.576471 1 0.8 0 0.576471 1 0.8 0 0.576471 1 0.8 0 0.576471 1 0.8 0 0.576471 1 0.8 0 0.576471 1 0.8 0 0.576471 1 0.8 0 0.576471 1 0.8 0 0.576471 1 0.8 0 0.576471 1 0.8 0 0.576471 1 0.8 0 0.576471 1 0.8 0 0.576471 1 0.8 0 0.576471 1 0.8 0 0.576471 1 0.8 0 0.576471 1 0.8 0 0.576471 1 0.8 0 0.576471 1 0.8 0 0.576471 1 0.8 0 0.576471 1 0.8 0 0.576471 1 0.8 0 0.576471 1 0.8 0 0.576471 1 0.8 0 0.576471 1 0.8 0 0.576471 1 0.8 0 0.576471 1 0.8 0 0.576471 1 0.8 0 0.576471 1 0.8 0 0.576471 1 0.8 0 0.576471 1 0.8 0 0.576471 1 0.8 0 0.576471 1 0.8 0 0.576471 1 0.8 0 0.576471 1 0.8 0 0.576471 1 0.8 0 0.576471 1 0.8 0 0.576471 1 0.8 0 0.576471 1 0.8 0 0.576471 1 0.8 0 0.576471 1 0.8 0 0.576471 1 0.8 0 0.576471 1 0.8 0 0.576471 1 0.8 0 0.576471 1 0.8 0 0.576471 1 0.8 0 0.576471 1 0.8 0 0.576471 1 0.8 0 0.576471 1 0.8 0 0.576471 1 0.8 0 0.576471 1 0.8 0 0.576471 1 0.8 0 0.576471 1 0.8 0 0.576471 1 0.8 0 0.576471 1 0.8 0 0.576471 1 0.8 0 0.576471 1 0.8 0 0.576471 1 0.8 0 0.576471 1 0.8 0 0.576471 1 0.8 0 0.576471 1 0.8 0 0.576471 1 0.8 0 0.576471 1 0.8 0 0.576471 1 0.8 0 0.576471 1 0.8 0 0.576471 1 0.8 0 0.576471 1 0.8 0 0.576471 1 0.8 0 0.576471 1 0.8 0 0.576471 1 0.8 0 0.576471 1 0.8 0 0.576471 1 0.8 0 0.576471 1 0.8 0 0.576471 1 0.8 0 0.576471 1 0.8 0 0.576471 1 0.8 0 0.576471 1 0.8 0 0.576471 1 0.8 0 0.576471 1 0.8 0 0.576471 1 0.8 0 0.576471 1 0.8 0 0.576471 1 0.8 0 0.576471 1 0.8 0 0.576471 1 0.8 0 0.576471 1 0.8 0 0.576471 1 0.8 0 0.576471 1 0.8 0 0.576471 1 0.8 0 0.576471 1 0.8 0 0.576471 1 0.8 0 0.576471 1 0.8 0 0.576471 1 0.8 0 0.576471 1 0.8 0 0.576471 1 0.8 0 0.576471 1 0.8 0 0.576471 1 0.8 0 0.576471 1 0.8 0 0.576471 1 0.8 0 0.576471 1 0.8 0 0.576471 1 0.8 0 0.576471 1 0.8 0 0.576471 1 0.8 0 0.576471 1 0.8 0 0.576471 1 0.8 0 0.576471 1 0.8 0 0.576471 1 0.8 0 0.576471 1 0.8 0 0.576471 1 0.8 0 0.576471 1 0.8 0 0.576471 1 0.8 0 0.576471 1 0.8 0 0.576471 1 0.8 0 0.576471 1 0.8 0 0.576471 1 0.8 0 0.576471 1 0.8 0 0.576471 1 0.8 0 0.576471 1 0.8 0 0.576471 1 0.8 0 0.576471 1 0.8 0 0.576471 1 0.8 0 0.576471 1 0.8 0 0.576471 1 0.8 0 0.576471 1 0.8 0 0.576471 1 0.8 0 0.576471 1 0.8 0 0.576471 1 0.8 0 0.576471 1 0.8 0 0.576471 1 0.8 0 0.576471 1 0.8 0 0.576471 1 0.8 0 0.576471 1 0.8 0 0.576471 1 0.8 0 0.576471 1 0.8 0 0.576471 1 0.8 0 0.576471 1 0.8 0 0.576471 1 0.8 0 0.576471 1 0.8 0 0.576471 1 0.8 0 0.576471 1 0.8 0 0.576471 1 0.8 0 0.576471 1 0.8 0 0.576471 1 0.8 0 0.576471 1 0.8 0 0.576471 1 0.8 0 0.576471 1 0.8 0 0.576471 1 0.8 0 0.576471 1 0.8 0 0.576471 1 0.8 0 0.576471 1 0.8 0 0.576471 1 0.8 0 0.576471 1 0.8 0 0.576471 1 0.8 0 0.576471 1 0.8 0 0.576471 1 0.8 0 0.576471 1 0.8 0 0.576471 1 0.8 0 0.576471 1 0.8 0 0.576471 1 0.8 0 0.576471 1 0.8 0 0.576471 1 0.8 0 0.576471 1 0.8 0 0.576471 1 0.8 0 0.576471 1 0.8 0 0.576471 1 0.8 0 0.576471 1 0.8 0 0.576471 1 0.8 0 0.576471 1 0.8 0 0.576471 1 0.8 0 0.576471 1 0.8 0 0.576471</float_array>
          <technique_common>
            <accessor source="#GeometrySource11-array" count="7997" stride="4">
              <param name="R" type="float"/>
              <param name="G" type="float"/>
              <param name="B" type="float"/>
              <param name="A" type="float"/>
            </accessor>
          </technique_common>
        </source>
        <vertices id="Geometry2-vertices">
          <input semantic="POSITION" source="#GeometrySource8"/>
          <input semantic="NORMAL" source="#GeometrySource9"/>
          <input semantic="TEXCOORD" source="#GeometrySource10"/>
          <input semantic="COLOR" source="#GeometrySource11"/>
        </vertices>
        <triangles material="VisualMaterial10" count="7982">
          <input semantic="VERTEX" source="#Geometry2-vertices" offset="0"/>
          <p>0 1 2 2 1 3 4 5 6 6 5 7 8 9 10 10 9 11 12 13 14 14 13 15 16 17 18 18 17 19 20 21 22 22 21 23 24 25 26 26 25 27 28 29 30 30 29 31 32 33 34 34 33 35 36 37 38 38 37 39 40 41 42 42 41 43 44 45 46 46 45 47 48 49 50 50 49 51 52 53 54 54 53 55 56 57 58 58 57 59 60 61 62 62 61 63 64 65 66 66 65 67 68 69 70 70 69 71 72 73 74 74 73 75 76 77 78 78 77 79 80 81 82 83 84 85 86 84 83 87 86 83 88 87 83 83 89 88 81 90 82 82 90 91 92 93 94 93 95 94 93 96 95 92 97 93 98 99 100 101 99 98 101 98 102 98 103 102 103 98 104 105 106 107 105 107 108 108 107 109 108 109 110 110 109 111 110 111 112 113 114 115 116 117 118 119 117 116 119 116 120 121 122 123 123 124 121 125 126 127 128 129 123 123 130 128 116 131 132 133 131 116 115 134 135 136 134 115 115 137 136 111 138 139 109 138 111 107 140 109 140 138 109 141 140 107 106 141 107 142 143 144 145 146 147 148 146 145 145 149 148 148 149 150 151 152 153 154 155 156 156 157 154 154 157 158 159 160 161 162 160 159 159 163 162 162 163 164 164 163 165 163 166 165 156 167 168 169 159 161 169 170 171 152 172 173 152 174 172 175 149 145 145 147 175 175 147 176 177 163 159 166 163 177 177 159 169 178 179 180 178 181 179 179 181 182 179 182 183 182 184 183 182 185 184 184 185 186 184 186 187 188 181 178 188 178 189 190 188 189 191 188 190 192 181 188 191 192 188 192 182 181 193 192 191 194 185 182 194 182 192 193 194 192 193 195 194 195 185 194 196 195 193 197 185 195 197 186 185 196 197 195 191 198 193 190 198 191 193 198 196 190 189 199 199 198 190 200 179 183 180 179 200 180 200 201 184 202 183 200 183 202 184 203 202 203 184 204 204 184 187 204 187 205 178 180 206 178 206 207 206 208 207 206 209 208 208 209 210 210 187 186 210 186 211 208 210 211 197 211 186 212 189 178 212 178 207 213 189 212 199 213 198 213 199 189 213 214 198 214 213 212 215 212 207 215 207 208 214 212 215 214 216 198 216 214 215 216 196 198 217 208 211 217 215 208 216 215 217 216 217 218 218 217 211 197 218 211 196 216 218 196 218 197 180 219 206 180 201 219 219 209 206 210 209 220 219 220 209 210 220 221 222 187 210 222 205 187 221 222 210 223 224 225 223 226 224 227 223 225 227 225 228 229 227 228 229 228 230 231 229 230 231 230 232 233 224 226 233 234 224 235 234 233 235 236 234 237 236 235 231 238 237 231 232 238 237 238 236 239 240 241 239 242 243 243 242 244 245 244 242 239 241 246 247 246 248 249 239 246 247 249 246 250 249 247 251 250 247 252 247 248 251 247 252 252 248 253 250 254 249 254 239 249 242 239 255 254 255 239 254 250 256 250 251 256 254 257 255 242 257 245 242 255 257 258 254 256 257 254 258 259 257 258 259 245 257 259 258 256 259 260 245 245 260 244 260 259 256 261 244 260 261 260 256 243 262 263 243 244 262 244 264 262 244 265 264 261 266 265 267 268 269 270 271 272 270 267 273 267 274 273 267 269 274 274 266 261 275 273 274 252 253 276 270 277 271 278 277 270 279 278 270 279 280 275 273 275 280 279 270 280 273 280 270 281 278 279 279 256 281 281 256 251 251 282 281 251 252 282 252 276 282 281 282 278 282 276 277 282 277 278 275 283 279 283 256 279 275 274 284 284 256 283 261 284 274 261 256 284 283 275 284 285 286 287 285 288 286 286 289 287 289 286 290 290 286 291 286 292 291 286 293 292 288 293 286 293 288 294 293 295 292 294 296 293 293 296 295 294 297 296 294 298 297 296 299 295 296 297 299 297 300 299 298 301 297 297 301 300 301 302 300 300 303 299 300 304 303 300 305 304 302 305 300 305 302 306 304 305 306 304 306 307 307 306 308 301 309 302 310 302 309 306 302 310 311 306 310 311 308 306 312 308 311 312 313 308 314 313 312 315 313 314 315 316 313 308 313 317 317 313 316 307 308 318 308 317 318 319 320 321 320 322 321 321 322 323 323 322 324 324 322 325 324 325 326 326 325 327 326 327 328 327 329 328 330 328 329 329 331 330 331 329 332 331 332 333 333 332 334 334 332 329 334 329 335 335 336 334 337 338 339 337 340 338 339 338 341 342 343 337 337 343 340 344 345 346 345 344 347 348 349 350 348 351 349 350 349 352 350 352 353 350 353 354 350 354 355 350 355 356 357 358 359 357 360 358 361 359 358 361 362 359 363 364 365 363 366 364 366 367 364 368 366 363 367 366 369 366 368 369 367 369 370 369 371 370 372 369 368 368 373 372 373 368 363 374 373 363 363 365 374 365 375 374 375 373 374 375 365 376 377 375 376 377 378 375 379 378 377 379 377 380 381 379 380 381 382 379 382 381 383 381 380 384 385 383 381 386 385 381 386 381 384 385 386 387 388 385 387 385 388 389 383 385 390 385 389 390 383 391 382 383 390 392 383 392 391 393 391 392 393 392 371 369 393 371 372 393 369 372 394 393 391 393 394 382 391 394 382 395 379 382 394 395 378 379 395 396 395 394 378 395 396 373 396 372 396 394 372 375 396 373 375 378 396 397 398 399 400 401 402 400 403 401 404 405 406 285 407 288 285 408 407 409 294 288 288 407 409 407 410 409 407 411 410 412 407 408 412 411 407 409 410 413 294 409 414 409 413 414 294 415 298 294 414 415 298 415 301 414 413 416 414 416 415 415 416 417 301 415 417 301 417 418 418 310 309 301 418 309 417 416 419 417 419 420 418 417 421 417 420 421 421 422 418 420 422 421 422 310 418 311 310 422 420 423 422 311 422 424 312 311 424 423 424 422 425 312 424 315 314 425 314 312 425 315 425 426 425 427 426 424 427 425 424 428 427 423 428 424 429 430 431 431 430 432 430 433 432 433 434 432 432 434 435 434 436 435 436 437 435 436 438 437 437 438 439 330 439 438 439 330 331 439 331 333 440 334 336 440 333 334 439 333 440 441 442 338 443 442 441 338 444 341 338 442 444 441 338 445 344 346 446 446 447 344 348 350 448 348 448 449 350 450 448 350 451 450 350 452 451 350 453 452 350 454 453 455 456 457 361 456 458 361 458 362 455 458 456 459 460 461 459 461 462 462 461 463 464 459 462 463 465 462 462 465 464 463 466 465 465 466 467 468 464 465 464 468 469 469 459 464 459 470 460 470 459 469 471 470 469 460 470 471 471 472 460 473 472 471 473 471 474 475 473 474 475 476 473 477 476 475 477 475 478 478 479 477 477 480 476 481 477 479 482 477 481 482 480 477 481 483 482 484 483 481 479 478 485 479 485 486 468 465 487 487 467 486 487 486 485 465 467 487 468 487 488 485 488 487 478 488 485 478 489 488 474 489 475 478 475 489 469 468 490 474 490 489 490 468 488 471 490 474 471 469 490 490 488 489 479 486 491 479 491 481 481 492 484 481 491 492 493 494 495 496 497 498 496 499 497 500 501 502 412 408 503 504 505 506 504 507 505 508 507 504 508 509 507 507 509 505 510 506 505 510 505 509 510 511 506 511 510 512 511 512 513 514 512 510 510 509 514 514 513 512 515 509 508 515 514 509 514 515 513 516 517 518 516 519 517 520 516 518 518 517 521 520 518 521 522 517 519 522 521 517 522 519 523 523 524 522 523 525 524 526 522 524 526 524 525 522 526 521 526 525 527 527 521 526 527 520 521 528 529 530 528 531 529 532 528 530 532 530 533 528 532 534 528 534 535 531 528 535 531 535 536 537 532 533 537 533 538 539 534 532 539 532 537 533 530 540 529 540 530 529 541 540 538 533 542 533 540 542 538 542 543 544 538 543 544 543 545 546 544 545 547 537 538 547 538 544 546 547 544 546 548 547 549 537 547 549 547 548 549 539 537 549 548 550 546 545 551 552 553 554 552 555 553 556 555 552 556 557 555 552 558 556 554 559 552 552 559 558 554 560 559 561 557 556 561 562 557 563 561 556 563 556 558 557 564 555 553 555 564 553 564 565 557 566 564 562 566 557 562 567 566 568 567 562 568 569 567 570 569 568 570 568 571 571 562 561 571 568 562 570 571 572 573 572 571 573 561 563 573 571 561 573 574 572 570 575 569 576 577 578 579 576 578 580 579 578 580 578 581 582 580 581 576 583 577 583 584 577 583 585 584 586 584 585 578 587 581 588 581 587 581 588 582 578 589 587 578 590 589 577 590 578 584 591 577 577 591 590 584 592 591 584 586 592 593 594 595 596 595 594 596 597 595 598 597 596 598 599 597 600 599 598 600 601 599 602 601 600 602 603 601 604 603 602 604 605 603 606 607 608 609 606 608 610 609 608 610 608 611 612 610 611 606 613 607 613 614 607 613 615 614 616 614 615 608 617 611 618 611 617 611 618 612 608 619 617 608 620 619 607 620 608 614 621 607 607 621 620 614 622 621 614 616 622 623 624 625 626 625 624 626 627 625 628 627 626 628 629 627 630 629 628 630 628 631 632 630 631 632 633 630 634 633 632 634 635 633 636 637 638 639 637 636 640 637 639 640 641 637 642 641 640 636 638 643 643 638 644 643 644 645 646 645 644 637 641 647 648 647 641 641 642 648 637 647 649 638 637 650 637 649 650 644 638 651 638 650 651 644 651 652 644 652 646 653 654 655 656 655 654 656 654 657 658 656 657 658 657 659 660 658 659 660 659 661 662 660 661 662 661 663 664 662 663 664 663 665 666 667 668 669 667 666 670 667 669 670 671 667 672 671 670 666 668 673 673 668 674 673 674 675 676 675 674 667 671 677 671 672 678 678 677 671 667 677 679 668 667 680 667 679 680 674 668 681 668 680 681 674 682 676 674 681 682 683 684 685 686 685 684 686 684 687 688 686 687 688 687 689 690 688 689 690 691 688 692 691 690 692 690 693 694 692 693 694 693 695 696 697 698 699 700 701 702 703 704 705 706 707 707 706 708 707 708 709 710 711 712 710 713 711 713 714 711 713 715 714 712 711 716 712 716 717 711 714 718 711 718 716 719 713 710 719 715 713 719 710 720 719 721 715 722 721 719 722 723 721 724 719 720 724 725 719 722 726 723 722 727 726 722 728 727 728 722 725 727 728 729 729 728 725 724 730 725 729 725 730 727 729 731 732 733 734 732 735 733 734 733 736 734 736 737 738 735 732 738 732 739 740 741 742 743 744 745 746 745 744 743 747 744 743 744 747 748 749 750 748 751 749 752 753 754 752 755 753 755 752 756 756 752 757 758 759 760 761 758 760 761 762 758 763 758 762 763 762 764 763 764 765 763 765 766 759 767 760 759 768 767 769 770 771 770 769 772 772 769 773 770 774 771 771 774 775 776 777 778 776 779 777 777 779 780 777 780 781 782 783 784 782 785 783 786 782 784 786 784 787 788 789 790 788 791 789 788 790 792 788 792 793 794 793 792 794 795 793 796 797 798 796 799 797 797 799 800 797 800 801 802 801 800 802 800 803 804 805 806 804 807 805 806 805 808 806 808 809 806 809 810 811 812 813 811 814 812 812 814 815 812 815 816 817 818 819 820 821 822 823 824 825 823 826 824 827 826 823 828 826 827 829 830 831 832 833 834 833 832 835 836 837 838 837 836 839 840 841 842 840 843 841 843 840 844 843 844 845 844 846 845 846 844 847 845 846 848 849 850 851 849 852 850 853 852 849 853 854 852 855 854 853 854 855 856 854 856 857 858 859 860 861 862 863 864 865 866 705 707 867 707 709 868 707 868 867 710 712 869 710 869 870 870 869 871 870 871 872 712 717 873 712 873 869 869 874 871 869 873 874 724 720 875 875 710 870 875 870 872 875 720 710 875 872 876 877 875 876 877 876 878 729 730 879 724 879 730 724 875 879 877 878 880 881 731 729 877 880 881 877 881 882 881 729 882 729 879 882 882 879 877 883 733 735 738 883 735 883 884 733 884 736 733 884 885 736 738 886 883 887 888 889 743 890 744 891 744 890 748 892 751 748 893 892 894 895 896 894 897 895 896 898 894 898 899 894 900 901 902 903 901 900 903 900 904 905 766 765 905 904 900 905 906 904 905 765 906 902 901 907 902 907 908 775 774 909 910 909 911 909 774 911 911 912 910 910 912 913 914 781 780 915 914 916 914 780 916 915 917 914 918 919 920 786 921 918 786 787 921 918 921 919 922 923 924 922 925 923 922 926 925 922 927 926 928 926 927 928 927 929 930 931 932 930 933 931 931 934 932 802 803 934 931 935 934 802 934 935 936 937 938 939 810 809 936 939 937 939 809 940 939 940 937 941 816 815 941 815 942 943 941 942 943 944 941 945 946 947 948 949 950 951 952 953 951 954 952 955 951 953 956 955 953 957 958 959 832 834 960 960 961 832 962 839 836 836 963 962 964 965 966 964 967 965 966 968 964 846 968 969 846 969 848 966 969 968 968 846 970 971 972 973 971 974 972 975 971 973 855 976 856 976 855 975 975 973 976 856 976 977 978 979 980 981 978 980 978 981 982 978 982 983 978 984 979 979 984 985 982 981 986 987 986 981 988 989 990 988 991 989 991 992 989 991 993 992 994 988 990 994 990 995 996 997 998 997 999 998 997 1000 999 1001 997 996 1001 996 1002 1003 1004 1005 1003 1006 1004 1006 1007 1004 1006 1008 1007 1003 1005 1009 1003 1009 1010 1010 1009 1011 1010 1011 1012 1013 1014 1015 1016 1014 1017 1016 1017 1018 1016 1018 1019 1018 1020 1019 1018 1021 1020 1018 1017 1022 1018 1022 1021 1022 1017 1023 1023 1024 1022 1023 1017 1025 1014 1013 1025 1025 1017 1014 1025 1026 1023 1027 1028 1029 1027 1029 1030 1031 1027 1030 1032 1027 1031 1027 1033 1028 1032 1033 1027 1034 1035 1036 1036 1037 1038 1039 1036 1035 1036 1039 1037 1037 1040 1038 1041 1042 1043 1044 1045 1046 1047 1048 1049 1050 1051 1052 1053 1054 1055 984 1056 985 1057 1056 984 1057 1058 1056 1057 1059 1058 1057 1060 1059 1059 1060 1061 1057 1062 1060 1062 1057 1063 994 995 1064 994 1064 1065 1065 1064 1066 1065 1066 1067 1067 1066 1068 1067 1068 1069 1001 1002 1070 1001 1070 1071 1071 1070 1072 1071 1072 1073 1071 1073 1074 1075 1076 1077 1077 1078 1075 1079 1078 1077 1080 1079 1077 1080 1081 1079 1080 1082 1081 1081 1082 1083 1081 1084 1079 1081 1083 1085 1081 1085 1084 1079 1084 1086 1079 1086 1078 1086 1084 1087 1078 1086 1088 1089 1090 1091 1089 1092 1090 1093 1092 1089 1094 1093 1089 1089 1091 1095 1094 1089 1095 1096 1097 1098 1099 1098 1097 1097 1100 1099 1097 1101 1100 1100 1101 1102 1103 1104 1105 1106 1107 1108 1109 1110 1111 1112 1113 1114 1115 1116 1117 1118 1119 1120 1118 1121 1119 1119 1121 1122 1119 1122 1123 1124 1121 1118 1124 1118 1125 1126 1121 1124 1126 1122 1121 1127 1124 1125 1127 1125 1128 1129 1124 1127 1129 1126 1124 1130 1127 1128 1131 1129 1127 1131 1127 1130 1132 1133 1134 1135 1133 1132 1135 1132 1136 1132 1134 1137 1132 1137 1138 1139 1140 1141 1142 1141 1140 1142 1140 1143 1140 1144 1143 1145 1140 1139 1144 1140 1145 1143 1144 1146 1147 1144 1145 1144 1147 1148 1149 1142 1143 1149 1143 1150 1151 1150 1143 1151 1143 1152 1153 1149 1150 1153 1150 1154 1155 1154 1150 1155 1150 1151 1155 1151 1156 1144 1148 1157 1158 1159 1160 1160 1159 1161 1161 1159 1162 1162 1159 1163 1164 1165 1166 1166 1165 1167 1168 1167 1165 1169 1168 1165 1170 1165 1164 1171 1169 1165 1172 1120 1119 1172 1119 1173 1119 1174 1173 1119 1123 1174 1175 1172 1173 1175 1176 1172 1177 1173 1174 1177 1175 1173 1131 1130 1178 1178 1176 1175 1130 1179 1178 1178 1179 1176 1180 1178 1175 1131 1178 1180 1180 1175 1177 1132 1181 1182 1183 1136 1132 1183 1132 1182 1132 1138 1184 1132 1184 1181 1142 1185 1141 1139 1141 1185 1142 1186 1185 1149 1186 1142 1148 1187 1157 1187 1185 1186 1188 1139 1185 1185 1187 1188 1187 1186 1189 1187 1190 1188 1190 1187 1148 1153 1191 1149 1149 1191 1186 1192 1186 1191 1192 1193 1186 1153 1194 1191 1195 1191 1194 1195 1192 1191 1195 1196 1192 1158 1197 1159 1197 1198 1159 1198 1199 1159 1199 1200 1159 1201 1202 1203 1201 1204 1202 1204 1205 1202 1204 1206 1205 1206 1207 1205 1206 1208 1207 1209 1201 1203 1209 1203 1210 1211 1212 1213 1211 1214 1212 1215 1211 1213 1216 1211 1215 1217 1218 1219 1209 1210 1220 1217 1220 1218 1209 1220 1217 1219 1218 1221 1219 1221 1222 1222 1221 1207 1222 1207 1208 1211 1223 1214 1224 1223 1211 1216 1225 1211 1225 1224 1211 1226 1227 1228 1226 1229 1227 1228 1227 1230 1228 1230 1231 1231 1230 1232 1231 1232 1233 1234 1229 1226 1234 1235 1229 1236 1237 1238 1236 1239 1237 1239 1240 1237 1241 1242 1243 1234 1243 1235 1234 1241 1243 1241 1244 1242 1244 1245 1242 1244 1246 1245 1246 1232 1245 1246 1233 1232 1236 1238 1247 1236 1247 1248 1248 1247 1249 1250 1251 1252 1250 1253 1251 1254 1255 1256 1254 1257 1255 1258 1259 1260 1258 1261 1259 1262 1263 1264 1262 1265 1263 1266 1267 1268 1266 1269 1267 1270 1271 1272 1270 1273 1271 1274 1275 1276 1274 1277 1275 1278 1279 1280 1278 1281 1279 1282 1283 1284 1282 1285 1283 1286 1287 1288 1286 1289 1287 1290 1291 1292 1290 1293 1291 1294 1295 1296 1294 1297 1295 1298 1299 1300 1298 1301 1299 1302 1303 1304 1302 1305 1303 1306 1307 1308 1306 1309 1307 1310 1311 1312 1310 1313 1311 1314 1315 1316 1314 1317 1315 1318 1319 1320 1318 1321 1319 1322 1323 1324 1325 1326 1327 1328 1329 1330 1331 1332 1333 1334 1335 1336 1337 1338 1339 1340 1341 1342 1343 1344 1345 1346 1347 1348 1346 1349 1347 1348 1347 1350 1348 1350 1351 1351 1350 1352 1351 1352 1353 1354 1349 1346 1354 1355 1349 1353 1352 1356 1353 1356 1357 1357 1356 1358 1357 1358 1359 1359 1358 1360 1361 1355 1354 1361 1360 1355 1359 1360 1361 1362 1363 1364 1363 1362 1365 1365 1362 1366 1367 1364 1363 1367 1368 1364 1368 1367 1369 1370 1371 1372 1372 1371 1373 1374 1371 1375 1375 1371 1376 1377 1371 1374 1373 1371 1377 1378 1371 1370 1376 1371 1378 1379 1380 1381 1379 1382 1380 1383 1382 1379 1383 1384 1382 1385 1384 1383 1385 1386 1384 1387 1386 1385 1387 1388 1386 1389 1388 1387 1389 1390 1388 1391 1390 1389 1391 1392 1390 1393 1392 1391 1381 1394 1393 1381 1380 1394 1393 1394 1392 1395 1396 1397 1395 1398 1396 1397 1396 1399 1397 1399 1400 1400 1399 1401 1400 1401 1402 1402 1401 1403 1402 1403 1404 1404 1403 1405 1404 1405 1406 1406 1405 1407 1406 1407 1408 1408 1407 1409 1410 1409 1398 1410 1398 1395 1408 1409 1410 1411 1412 1413 1411 1414 1412 1415 1414 1411 1415 1416 1414 1417 1416 1415 1417 1418 1416 1413 1412 1419 1413 1419 1420 1421 1418 1417 1421 1422 1418 1423 1422 1421 1423 1424 1422 1425 1424 1423 1425 1426 1424 1420 1426 1425 1420 1419 1426 1427 1428 1429 1429 1428 1430 1427 1431 1428 1429 1430 1432 1432 1430 1433 1432 1433 1434 1434 1433 1435 1434 1435 1436 1437 1431 1427 1437 1438 1431 1439 1438 1437 1439 1440 1438 1441 1440 1439 1436 1442 1441 1436 1435 1442 1441 1442 1440 1443 1444 1445 1443 1446 1444 1445 1444 1447 1445 1447 1448 1448 1447 1449 1448 1449 1450 1450 1449 1451 1450 1451 1452 1453 1446 1443 1453 1454 1446 1455 1454 1453 1455 1456 1454 1457 1456 1455 1452 1458 1457 1452 1451 1458 1457 1458 1456 1459 1460 1461 1459 1462 1460 1461 1460 1463 1461 1463 1464 1464 1463 1465 1464 1465 1466 1466 1465 1467 1466 1467 1468 1469 1462 1459 1469 1470 1462 1471 1470 1469 1471 1472 1470 1473 1472 1471 1468 1474 1473 1468 1467 1474 1473 1474 1472 1475 1476 1477 1475 1478 1476 1479 1480 1481 1479 1482 1480 1483 1484 1485 1483 1486 1484 1487 1488 1489 1487 1490 1488 1491 1492 1493 1491 1494 1492 1495 1496 1497 1495 1498 1496 1499 1500 1501 1499 1502 1500 1503 1504 1505 1503 1506 1504 1507 1508 1509 1508 1507 1510 1508 1510 1511 1511 1512 1508 1512 1511 1513 1513 1511 1514 1515 1516 1517 1515 1518 1516 1519 1520 1521 1519 1522 1520 1523 1524 1525 1523 1526 1524 1527 1528 1529 1527 1530 1528 1531 1532 1533 1531 1534 1532 1535 1536 1537 1535 1538 1536 1539 1540 1541 1539 1542 1540 1543 1544 1545 1543 1546 1544 1547 1548 1549 1548 1547 1550 1548 1550 1551 1551 1552 1548 1552 1551 1553 1553 1551 1554 1555 1556 1557 1555 1558 1556 1559 1560 1561 1559 1562 1560 1563 1564 1565 1563 1566 1564 1567 1568 1569 1567 1570 1568 1571 1572 1573 1571 1574 1572 1575 1576 1577 1575 1578 1576 1579 1580 1581 1579 1582 1580 1583 1584 1585 1583 1586 1584 1587 1588 1589 1588 1587 1590 1588 1590 1591 1591 1592 1588 1592 1591 1593 1593 1591 1594 1595 1596 1597 1595 1598 1596 1595 1597 1599 1595 1599 1600 1601 1598 1595 1601 1595 1600 1601 1602 1598 1601 1600 1603 1604 1598 1602 1605 1596 1598 1604 1605 1598 1606 1607 1608 1606 1609 1607 1610 1607 1609 1610 1611 1607 1612 1610 1609 1612 1609 1613 1614 1609 1606 1614 1613 1609 1606 1608 1615 1614 1606 1615 1614 1615 1616 1617 1618 1619 1617 1620 1618 1621 1622 1623 1622 1621 1624 1624 1621 1625 1624 1625 1626 1626 1625 1627 1626 1627 1628 1629 1620 1630 1629 1631 1620 1632 1633 1634 1632 1635 1633 1636 1637 1638 1636 1639 1637 1638 1637 1640 1641 1642 1643 1641 1644 1642 1642 1645 1643 1646 1647 1648 1646 1649 1647 1650 1647 1649 1650 1651 1647 1652 1653 1654 1653 1652 1655 1653 1655 1656 1653 1656 1657 1658 1659 1660 1658 1661 1659 1662 1663 1664 1662 1665 1663 1666 1667 1668 1666 1669 1667 1670 1671 1672 1670 1673 1671 1674 1675 1676 1674 1677 1675 1678 1679 1680 1678 1681 1679 1682 1683 1684 1682 1684 1685 1682 1685 1686 1687 1683 1682 1686 1685 1688 1686 1688 1689 1689 1688 1690 1689 1690 1691 1689 1691 1687 1687 1691 1683 1692 1693 1694 1692 1695 1693 1696 1695 1692 1696 1697 1695 1698 1699 1700 1698 1701 1699 1702 1701 1698 1702 1703 1701 1704 1703 1702 1704 1705 1703 1706 1705 1704 1706 1707 1705 1708 1707 1706 1708 1709 1707 1700 1709 1708 1700 1699 1709 1710 1711 1712 1710 1713 1711 1714 1712 1711 1714 1711 1715 1714 1715 1716 1714 1716 1717 1717 1716 1718 1717 1718 1719 1720 1721 1722 1720 1723 1721 1724 1722 1721 1724 1721 1725 1724 1725 1726 1724 1726 1727 1727 1726 1728 1727 1728 1729 1729 1728 1730 1729 1730 1731 1731 1730 1732 1731 1732 1733 1734 1733 1732 1734 1732 1735 1720 1734 1735 1720 1735 1723 1736 1737 1738 1736 1739 1737 1740 1737 1739 1740 1739 1741 1742 1737 1740 1742 1740 1743 1744 1742 1743 1745 1742 1744 1746 1737 1742 1746 1738 1737 1745 1746 1742 1744 1743 1747 1748 1744 1747 1749 1745 1744 1748 1749 1744 1749 1750 1745 1749 1751 1750 1749 1752 1751 1753 1749 1748 1753 1752 1749 1754 1752 1753 1754 1753 1755 1741 1739 1756 1756 1754 1755 1741 1756 1757 1756 1755 1757 1758 1756 1739 1758 1739 1736 1759 1754 1756 1759 1752 1754 1759 1751 1752 1759 1756 1758 1719 1718 1760 1719 1760 1761 1762 1761 1760 1762 1760 1763 1710 1764 1713 1762 1763 1764 1710 1765 1764 1762 1764 1765 1766 1767 1768 1766 1769 1767 1768 1767 1770 1768 1770 1771 1772 1769 1766 1772 1766 1773 1774 1772 1773 1774 1775 1772 1776 1775 1774 1776 1777 1775 1778 1777 1776 1778 1779 1777 1771 1770 1780 1780 1779 1778 1771 1780 1781 1780 1778 1781 1782 1783 1784 1782 1785 1783 1786 1785 1782 1786 1787 1785 1783 1788 1784 1783 1789 1788 1788 1789 1790 1788 1790 1791 1792 1787 1786 1792 1793 1787 1794 1793 1792 1794 1792 1795 1791 1790 1796 1796 1794 1795 1791 1796 1797 1796 1795 1797 1798 1799 1800 1798 1801 1799 1802 1801 1798 1802 1803 1801 1799 1804 1800 1799 1805 1804 1804 1805 1806 1804 1806 1807 1808 1803 1802 1808 1809 1803 1810 1809 1808 1810 1808 1811 1812 1810 1811 1807 1806 1812 1812 1811 1813 1807 1812 1813 1814 1815 1816 1814 1817 1815 1818 1816 1815 1818 1819 1816 1820 1817 1814 1820 1821 1817 1821 1820 1822 1821 1822 1823 1824 1819 1818 1824 1825 1819 1825 1824 1826 1825 1826 1827 1828 1827 1826 1823 1822 1828 1828 1826 1829 1823 1828 1829 1830 1831 1832 1830 1833 1831 1832 1831 1834 1832 1834 1835 1836 1833 1830 1836 1837 1833 1838 1837 1836 1838 1839 1837 1840 1835 1834 1840 1841 1835 1841 1840 1842 1841 1842 1843 1843 1842 1844 1845 1844 1839 1845 1839 1838 1843 1844 1845 1846 1847 1848 1849 1850 1851 1852 1853 1854 1855 1856 1857 1858 1859 1860 1861 1862 1863 1864 1865 1866 1867 1868 1869 1870 1871 1872 1870 1873 1871 1872 1874 1870 1875 1874 1872 1876 1874 1875 1876 1877 1874 1870 1874 1877 1878 1877 1876 1878 1879 1877 1880 1879 1878 1880 1881 1879 1877 1879 1882 1882 1879 1881 1870 1877 1883 1877 1882 1883 1884 1870 1883 1884 1873 1870 1882 1884 1883 1882 1885 1884 1886 1885 1882 1882 1881 1886 1886 1887 1885 1885 1888 1884 1885 1889 1888 1889 1890 1888 1889 1891 1890 1892 1889 1885 1892 1891 1889 1892 1885 1887 1892 1893 1891 1884 1888 1894 1884 1894 1873 1873 1894 1895 1873 1895 1871 1894 1896 1895 1888 1890 1897 1888 1897 1894 1894 1897 1896 1898 1897 1890 1891 1898 1890 1893 1899 1891 1891 1899 1898 1893 1900 1899 1897 1901 1896 1898 1902 1897 1897 1902 1901 1903 1902 1898 1899 1903 1898 1899 1904 1903 1900 1904 1899 1900 1905 1904 1902 1906 1901 1903 1907 1902 1902 1907 1906 1904 1908 1903 1908 1907 1903 1905 1909 1904 1904 1909 1908 1905 1910 1909 1907 1911 1906 1907 1912 1911 1908 1912 1907 1908 1909 1913 1910 1913 1909 1910 1914 1913 1908 1913 1915 1908 1916 1912 1908 1915 1916 1911 1912 1916 1911 1916 1917 1918 1919 1920 1918 1921 1919 1922 1918 1920 1922 1923 1918 1924 1923 1922 1924 1922 1925 1926 1923 1924 1918 1923 1927 1926 1927 1923 1928 1927 1926 1872 1929 1928 1928 1929 1927 1927 1929 1930 1930 1929 1872 1871 1930 1872 1918 1927 1931 1927 1930 1931 1932 1921 1918 1932 1918 1931 1930 1932 1931 1871 1933 1930 1895 1933 1871 1930 1933 1932 1933 1934 1932 1895 1935 1933 1896 1935 1895 1933 1935 1934 1935 1936 1934 1935 1937 1936 1896 1937 1935 1901 1937 1896 1938 1921 1932 1919 1921 1938 1938 1932 1934 1919 1938 1939 1938 1940 1939 1934 1936 1941 1934 1941 1938 1938 1941 1940 1942 1941 1936 1937 1942 1936 1937 1943 1942 1901 1943 1937 1906 1943 1901 1941 1944 1940 1942 1945 1941 1941 1945 1944 1946 1945 1942 1943 1946 1942 1943 1947 1946 1906 1947 1943 1911 1947 1906 1945 1948 1944 1946 1949 1945 1945 1949 1948 1950 1949 1946 1947 1950 1946 1911 1951 1947 1947 1951 1950 1949 1952 1948 1950 1953 1949 1949 1953 1952 1950 1951 1954 1911 1954 1951 1911 1917 1954 1950 1954 1955 1952 1953 1956 1950 1955 1956 1950 1956 1953 1952 1956 1957 1958 1959 1960 1958 1961 1959 1962 1960 1959 1962 1959 1963 1962 1963 1964 1962 1964 1965 1966 1965 1964 1966 1964 1967 1966 1967 1968 1966 1968 1969 1970 1969 1968 1970 1968 1971 1970 1971 1972 1970 1972 1973 1974 1973 1972 1974 1972 1975 1976 1977 1978 1979 1977 1976 1980 1977 1979 1981 1977 1980 1982 1977 1981 1983 1977 1982 1984 1977 1983 1978 1977 1984 1985 1986 1987 1985 1988 1986 1988 1985 1989 1985 1990 1989 1985 1991 1990 1990 1992 1989 1988 1989 1992 1992 1993 1988 1992 1994 1993 1995 1994 1992 1990 1995 1992 1995 1996 1994 1990 1997 1995 1991 1998 1990 1998 1997 1990 1998 1999 1997 1985 1987 2000 1985 2000 2001 1998 1991 2002 1985 2002 1991 1998 2002 2003 2004 1998 2003 2005 2004 2003 2006 2004 2005 2006 2005 2007 2008 2006 2007 2008 2007 2009 2007 2005 2010 2009 2007 2011 2007 2010 2011 2009 2011 2012 2013 2010 2005 2013 2005 2003 2009 2012 2014 2015 2009 2014 2016 2015 2014 2016 2017 2015 2016 2018 2017 2017 2019 2015 2019 2020 2015 2019 2021 2020 2021 2022 2020 2022 2023 2020 2023 2024 2020 2023 2025 2024 2025 2026 2024 2026 2027 2024 2027 2028 2024 2025 2029 2026 2021 2030 2022 2028 2031 2024 2031 2020 2024 2028 2032 2031 2028 2033 2032 2028 2034 2033 2028 2035 2034 2036 2035 2028 2036 2028 2037 2027 2038 2028 2037 2028 2038 2034 2039 2033 2039 2032 2033 2039 2040 2032 2034 2041 2039 2042 2039 2041 2042 2043 2039 2039 2043 2044 2039 2044 2040 2040 2045 2032 2031 2032 2045 2045 2046 2031 2031 2046 2020 2045 2047 2046 2009 2015 2048 2008 2009 2048 2048 2020 2046 2047 2008 2048 2047 2048 2046 2048 2015 2020 2044 2049 2040 2040 2049 2045 2044 2050 2049 2051 2045 2049 2045 2052 2047 2045 2051 2052 2047 2052 2053 2047 2053 2008 2006 2008 2053 2051 2049 2054 2049 2050 2054 2055 2006 2053 2055 2004 2006 2004 2055 2056 2004 2056 1998 1998 2056 2057 1998 2057 1999 2037 2038 2058 2059 2003 2002 2059 2060 2061 2061 2013 2003 2059 2061 2003 2062 2059 2002 2063 2062 2002 2064 2063 2002 2064 2065 2063 2065 2066 2063 2067 2002 1985 2067 1985 2001 2067 2064 2002 2001 2068 2067 2069 2070 2071 2069 2072 2070 2073 2074 2075 2076 2077 2078 2076 2079 2077 2080 2081 2082 2080 2083 2081 2084 2085 2086 2087 2088 2089 2087 2090 2088 2091 2092 2093 2094 2095 2096 2097 2098 2099 2100 2101 2102 2103 2104 2105 2103 2106 2104 2107 2108 2109 2107 2110 2108 2111 2112 2113 2114 2115 2116 2114 2117 2115 2118 2119 2120 2118 2121 2119 2122 2123 2124 2125 2126 2127 2125 2128 2126 2129 2130 2131 2132 2133 2134 2135 2136 2137 2138 2139 2140 2141 2142 2143 2141 2144 2142 2145 2146 2147 2145 2148 2146 2149 2150 2151 2149 2152 2150 2153 2154 2155 2156 2157 2158 2159 2160 2161 2159 2162 2160 2163 2164 2165 2166 2167 2168 2169 2170 2171 2172 2173 2174 2175 2176 2177 2175 2178 2176 2179 2180 2181 2179 2182 2180 2183 2184 2185 2183 2186 2184 2187 2188 2189 2190 2191 2192 2193 2194 2195 2193 2196 2194 2197 2198 2199 2200 2201 2202 2203 2204 2205 2206 2207 2208 2209 2210 2211 2209 2212 2210 2213 2214 2215 2213 2216 2214 2217 2218 2219 2217 2220 2218 2221 2222 2223 2224 2225 2226 2227 2228 2229 2227 2230 2228 2231 2232 2233 2234 2235 2236 2237 2238 2239 2240 2241 2242 2243 2244 2245 2243 2246 2244 2247 2248 2249 2247 2250 2248 2251 2252 2253 2251 2254 2252 2255 2256 2257 2258 2259 2260 2261 2262 2263 2261 2264 2262 2265 2266 2267 2268 2269 2270 2271 2272 2273 2274 2275 2276 2277 2278 2279 2277 2280 2278 2281 2282 2283 2284 2285 2286 2284 2287 2285 2288 2289 2290 2288 2291 2289 2292 2293 2294 2295 2296 2297 2295 2298 2296 2299 2300 2301 2302 2303 2304 2305 2306 2307 2308 2309 2310 2311 2312 2313 2311 2314 2312 2315 2316 2317 2318 2319 2320 2318 2321 2319 2322 2323 2324 2322 2325 2323 2326 2327 2328 2329 2330 2331 2329 2332 2330 2333 2334 2335 2336 2337 2338 2339 2340 2341 2342 2343 2344 2345 2346 2347 2346 2348 2347 2348 2349 2347 2346 2350 2348 2351 2352 2353 2352 2354 2353 2352 2355 2354 2353 2354 2356 2357 2358 2359 2358 2360 2359 2357 2361 2358 2362 2363 2364 2363 2365 2364 2366 2362 2364 2367 2368 2369 2368 2367 2370 2368 2370 2371 2371 2370 2372 2373 2374 2375 2373 2376 2374 2375 2377 2373 2378 2377 2375 2379 2377 2378 2373 2377 2380 2379 2380 2377 2381 2380 2379 2381 2382 2380 2383 2382 2381 2383 2384 2382 2380 2382 2385 2385 2382 2384 2373 2380 2386 2380 2385 2386 2387 2373 2386 2387 2376 2373 2385 2387 2386 2385 2388 2387 2389 2388 2385 2385 2384 2389 2389 2390 2388 2388 2391 2387 2388 2392 2391 2392 2393 2391 2392 2394 2393 2395 2394 2392 2395 2388 2390 2395 2392 2388 2395 2396 2394 2387 2397 2376 2387 2391 2397 2376 2398 2374 2376 2397 2398 2397 2399 2398 2391 2393 2400 2391 2400 2397 2397 2400 2399 2394 2401 2393 2401 2400 2393 2394 2402 2401 2396 2402 2394 2396 2403 2402 2400 2404 2399 2401 2405 2400 2400 2405 2404 2406 2405 2401 2402 2406 2401 2402 2407 2406 2403 2407 2402 2403 2408 2407 2405 2409 2404 2406 2410 2405 2405 2410 2409 2411 2410 2406 2407 2411 2406 2407 2412 2411 2408 2412 2407 2408 2413 2412 2410 2414 2409 2410 2415 2414 2411 2415 2410 2411 2412 2416 2413 2416 2412 2413 2417 2416 2414 2415 2418 2411 2418 2415 2411 2419 2418 2411 2416 2419 2414 2418 2420 2421 2422 2423 2421 2424 2422 2425 2421 2423 2425 2426 2421 2427 2426 2425 2427 2425 2428 2429 2426 2427 2421 2426 2430 2429 2430 2426 2431 2430 2429 2375 2432 2431 2431 2432 2430 2433 2432 2375 2374 2433 2375 2430 2432 2433 2430 2433 2434 2421 2430 2434 2435 2421 2434 2433 2435 2434 2435 2424 2421 2398 2436 2374 2433 2436 2435 2374 2436 2433 2436 2437 2435 2436 2438 2437 2399 2438 2398 2398 2438 2436 2438 2439 2437 2438 2440 2439 2399 2440 2438 2404 2440 2399 2441 2424 2435 2441 2435 2437 2422 2424 2441 2422 2441 2442 2441 2443 2442 2437 2439 2444 2437 2444 2441 2441 2444 2443 2445 2444 2439 2440 2445 2439 2440 2446 2445 2404 2446 2440 2409 2446 2404 2444 2447 2443 2445 2448 2444 2444 2448 2447 2449 2448 2445 2446 2449 2445 2446 2450 2449 2409 2450 2446 2414 2450 2409 2448 2451 2447 2449 2452 2448 2448 2452 2451 2450 2453 2449 2453 2452 2449 2414 2454 2450 2450 2454 2453 2452 2455 2451 2452 2456 2455 2453 2456 2452 2453 2454 2457 2414 2420 2457 2414 2457 2454 2453 2458 2456 2455 2456 2458 2453 2457 2459 2453 2459 2458 2455 2458 2460 2461 2462 2463 2464 2462 2461 2465 2462 2464 2466 2462 2465 2467 2462 2466 2468 2462 2467 2463 2462 2469 2469 2462 2468 2470 2471 2472 2470 2473 2471 2474 2471 2473 2474 2475 2471 2476 2475 2474 2476 2477 2475 2478 2477 2476 2478 2479 2477 2480 2481 2482 2480 2483 2481 2484 2483 2480 2484 2485 2483 2486 2485 2484 2486 2487 2485 2470 2487 2486 2470 2472 2487 2488 2489 2490 2488 2491 2489 2490 2492 2488 2493 2492 2490 2494 2492 2493 2488 2492 2495 2494 2495 2492 2496 2495 2494 2496 2497 2495 2498 2497 2496 2498 2499 2497 2500 2497 2499 2495 2497 2500 2488 2495 2501 2495 2500 2501 2500 2502 2501 2502 2488 2501 2502 2491 2488 2500 2503 2502 2504 2503 2500 2500 2499 2504 2504 2505 2503 2503 2506 2502 2503 2507 2506 2507 2508 2506 2507 2509 2508 2510 2507 2503 2510 2509 2507 2510 2503 2505 2510 2511 2509 2502 2506 2512 2502 2512 2491 2491 2513 2489 2491 2512 2513 2512 2514 2513 2506 2508 2515 2506 2515 2512 2512 2515 2514 2509 2516 2508 2516 2515 2508 2511 2517 2509 2509 2517 2516 2511 2518 2517 2515 2519 2514 2516 2520 2515 2515 2520 2519 2517 2521 2516 2521 2520 2516 2518 2522 2517 2517 2522 2521 2522 2523 2521 2522 2524 2523 2525 2524 2522 2518 2525 2522 2525 2526 2524 2521 2527 2520 2523 2527 2521 2523 2528 2527 2527 2528 2529 2527 2529 2530 2520 2530 2519 2520 2527 2530 2523 2524 2531 2531 2524 2526 2531 2526 2532 2523 2531 2533 2534 2528 2523 2529 2528 2534 2534 2523 2533 2529 2534 2535 2536 2537 2538 2536 2539 2537 2540 2536 2538 2540 2541 2536 2542 2541 2540 2542 2540 2543 2544 2541 2542 2536 2541 2545 2544 2545 2541 2546 2545 2544 2546 2547 2545 2490 2547 2546 2548 2547 2490 2545 2547 2548 2489 2548 2490 2536 2545 2549 2545 2548 2549 2550 2539 2536 2550 2536 2549 2548 2550 2549 2513 2551 2489 2548 2551 2550 2489 2551 2548 2551 2552 2550 2551 2553 2552 2514 2553 2513 2513 2553 2551 2553 2554 2552 2553 2555 2554 2514 2555 2553 2519 2555 2514 2556 2550 2552 2537 2539 2556 2556 2539 2550 2537 2556 2557 2556 2558 2557 2556 2559 2558 2552 2559 2556 2552 2554 2559 2560 2559 2554 2555 2560 2554 2555 2561 2560 2519 2561 2555 2530 2561 2519 2559 2562 2558 2560 2563 2559 2559 2563 2562 2563 2564 2562 2563 2565 2564 2565 2566 2564 2565 2567 2566 2568 2567 2565 2568 2565 2569 2561 2569 2560 2569 2565 2563 2569 2563 2560 2529 2570 2530 2530 2570 2561 2561 2570 2569 2570 2568 2569 2529 2571 2570 2570 2571 2568 2572 2571 2529 2568 2571 2572 2572 2529 2535 2568 2572 2573 2574 2567 2568 2574 2568 2573 2575 2567 2574 2575 2566 2567 2576 2577 2578 2576 2579 2577 2580 2578 2577 2580 2577 2581 2580 2581 2582 2580 2582 2583 2584 2583 2582 2584 2582 2585 2584 2585 2586 2584 2586 2587 2588 2587 2586 2588 2586 2589 2588 2589 2590 2588 2590 2591 2592 2591 2590 2592 2590 2593 2594 2595 2596 2597 2595 2594 2598 2595 2597 2599 2595 2598 2600 2595 2599 2601 2595 2600 2602 2595 2601 2596 2595 2602 2603 2604 2605 2606 2604 2603 2606 2603 2607 2608 2606 2607 2608 2607 2609 2609 2610 2608 2611 2609 2607 2603 2612 2607 2611 2607 2612 2613 2609 2611 2610 2609 2614 2614 2609 2613 2603 2615 2612 2605 2616 2603 2616 2615 2603 2617 2618 2619 2617 2620 2618 2621 2618 2620 2621 2622 2618 2623 2620 2617 2624 2621 2620 2623 2624 2620 2625 2624 2623 2625 2626 2624 2627 2624 2626 2624 2628 2621 2627 2628 2624 2629 2626 2625 2630 2627 2626 2629 2630 2626 2630 2631 2627 2630 2632 2631 2630 2629 2633 2632 2630 2634 2630 2633 2634 2632 2634 2635 2636 2632 2635 2637 2631 2632 2636 2637 2632 2638 2637 2636 2637 2638 2639 2637 2640 2631 2637 2639 2640 2638 2636 2641 2642 2635 2634 2635 2643 2636 2642 2643 2635 2644 2641 2636 2644 2636 2643 2645 2634 2633 2645 2642 2634 2646 2618 2622 2647 2618 2646 2647 2619 2618 2648 2649 2650 2651 2648 2650 2652 2648 2651 2653 2648 2652 2653 2654 2648 2655 2654 2653 2656 2654 2655 2656 2657 2654 2657 2658 2654 2658 2659 2654 2660 2654 2659 2661 2654 2660 2662 2663 2664 2665 2662 2664 2665 2666 2662 2667 2666 2665 2667 2668 2666 2668 2667 2669 2670 2666 2668 2662 2666 2671 2670 2671 2666 2672 2670 2668 2673 2672 2668 2669 2673 2668 2662 2671 2674 2675 2662 2674 2663 2662 2675 2647 2676 2619 2617 2619 2676 2623 2617 2677 2617 2676 2677 2678 2677 2676 2678 2676 2679 2623 2677 2680 2680 2677 2678 2625 2623 2680 2629 2625 2681 2625 2680 2681 2682 2681 2680 2682 2680 2683 2680 2678 2683 2684 2681 2682 2684 2633 2629 2629 2681 2684 2684 2682 2685 2684 2685 2686 2684 2687 2633 2686 2687 2684 2645 2633 2687 2686 2688 2687 2689 2688 2686 2689 2686 2690 2690 2686 2685 2691 2689 2690 2690 2692 2691 2690 2685 2693 2690 2693 2692 2691 2694 2689 2695 2687 2688 2645 2687 2695 2688 2689 2696 2695 2688 2696 2697 2689 2694 2697 2696 2689 2698 2679 2676 2647 2698 2676 2648 2699 2649 2700 2699 2648 2701 2700 2648 2702 2701 2648 2702 2648 2654 2703 2702 2654 2704 2703 2654 2704 2654 2705 2705 2654 2706 2706 2654 2707 2661 2708 2654 2708 2707 2654 2709 2710 2711 2709 2712 2710 2713 2709 2711 2713 2714 2709 2715 2714 2713 2715 2716 2714 2717 2716 2715 2717 2718 2716 2719 2709 2714 2709 2719 2720 2709 2720 2712 2719 2721 2720 2722 2714 2716 2722 2719 2714 2721 2719 2722 2723 2721 2722 2723 2722 2716 2718 2723 2716 2720 2721 2724 2721 2725 2724 2725 2721 2723 2720 2724 2726 2712 2720 2726 2710 2712 2726 2727 2723 2718 2727 2725 2723 2724 2728 2726 2725 2727 2728 2724 2725 2728 2729 2726 2728 2710 2726 2729 2730 2728 2727 2729 2728 2730 2730 2727 2731 2731 2727 2718 2731 2718 2717 2732 2733 2734 2735 2733 2732 2736 2733 2735 2737 2733 2736 2738 2733 2737 2739 2733 2738 2740 2733 2739 2734 2733 2740 2741 2742 2743 2741 2744 2742 2745 2743 2742 2745 2746 2743 2747 2748 2749 2747 2750 2748 2749 2748 2751 2749 2751 2752 2753 2754 2755 2753 2756 2754 2755 2754 2757 2755 2757 2758 2759 2760 2761 2759 2762 2760 2763 2761 2760 2763 2764 2761 2765 2766 2767 2765 2768 2766 2767 2766 2769 2768 2769 2766 2741 2770 2744 2745 2770 2771 2741 2771 2770 2745 2771 2746 2747 2772 2750 2747 2773 2772 2773 2751 2772 2773 2752 2751 2753 2774 2756 2775 2757 2774 2753 2775 2774 2775 2758 2757 2759 2776 2762 2759 2777 2776 2763 2776 2777 2763 2777 2764 2778 2779 2780 2778 2781 2779 2782 2781 2778 2782 2783 2781 2784 2783 2782 2784 2785 2783 2781 2786 2779 2785 2786 2783 2783 2786 2781 2780 2779 2787 2779 2786 2787 2780 2787 2788 2788 2787 2789 2787 2786 2789 2789 2786 2785 2788 2789 2790 2790 2785 2784 2790 2789 2785 2791 2792 2793 2792 2794 2793 2795 2796 2793 2796 2791 2793 2794 2797 2793 2797 2795 2793 2798 2799 2800 2798 2801 2799 2802 2798 2800 2802 2800 2803 2804 2802 2803 2804 2803 2805 2803 2800 2806 2805 2803 2806 2800 2799 2806 2801 2807 2799 2799 2807 2806 2801 2808 2807 2807 2809 2806 2808 2809 2807 2809 2805 2806 2810 2805 2809 2808 2810 2809 2810 2804 2805 2811 2812 2813 2814 2812 2815 2815 2812 2816 2816 2812 2811 2817 2812 2814 2813 2812 2817 2818 2819 2820 2818 2821 2819 2822 2818 2820 2822 2823 2818 2819 2821 2824 2819 2824 2825 2825 2824 2826 2825 2826 2827 2828 2829 2830 2828 2831 2829 2832 2829 2831 2832 2833 2829 2828 2830 2834 2828 2834 2835 2835 2834 2836 2835 2836 2837 2838 2839 2840 2838 2841 2839 2840 2839 2842 2840 2842 2843 2843 2842 2844 2843 2844 2845 2846 2841 2838 2846 2847 2841 2848 2849 2850 2848 2851 2849 2848 2850 2852 2848 2852 2853 2853 2852 2854 2853 2854 2855 2849 2851 2856 2849 2856 2857 2827 2858 2836 2827 2859 2858 2822 2860 2823 2860 2861 2862 2860 2863 2861 2822 2863 2860 2861 2864 2862 2861 2865 2864 2865 2866 2864 2865 2867 2866 2832 2868 2833 2832 2869 2868 2870 2868 2869 2870 2871 2868 2870 2872 2871 2870 2873 2872 2873 2874 2872 2873 2875 2874 2846 2876 2877 2876 2878 2877 2846 2877 2847 2876 2879 2878 2879 2880 2878 2879 2881 2880 2881 2882 2880 2881 2883 2882 2884 2857 2856 2885 2884 2886 2884 2856 2886 2885 2887 2884 2885 2888 2887 2885 2889 2888 2889 2890 2888 2889 2891 2890 2867 2874 2892 2867 2892 2893 2894 2895 2896 2894 2897 2895 2898 2899 2900 2898 2901 2899 2900 2899 2902 2900 2902 2903 2903 2902 2904 2903 2904 2905 2906 2901 2898 2906 2907 2901 2908 2909 2910 2908 2910 2911 2912 2909 2908 2913 2912 2908 2914 2915 2916 2906 2916 2907 2906 2914 2916 2914 2917 2915 2917 2918 2915 2919 2904 2918 2919 2905 2904 2917 2919 2918 2920 2908 2921 2908 2911 2921 2922 2908 2920 2913 2908 2922 2923 2924 2925 2923 2926 2924 2926 2927 2924 2926 2928 2927 2928 2929 2927 2928 2930 2929 2931 2923 2925 2931 2925 2932 2933 2934 2935 2933 2936 2934 2935 2934 2937 2938 2939 2940 2938 2941 2939 2931 2932 2941 2931 2941 2938 2940 2939 2942 2943 2929 2930 2940 2942 2943 2943 2942 2929 2933 2944 2936 2933 2945 2944 2945 2946 2944 2947 2948 2949 2947 2950 2948 2951 2952 2953 2951 2954 2952 2955 2956 2957 2955 2958 2956 2959 2960 2961 2959 2962 2960 2963 2964 2965 2963 2966 2964 2967 2968 2969 2967 2970 2968 2971 2972 2973 2971 2974 2972 2975 2976 2977 2975 2978 2976 2979 2980 2981 2979 2982 2980 2983 2984 2985 2983 2986 2984 2987 2988 2989 2987 2990 2988 2991 2992 2993 2991 2994 2992 2995 2996 2997 2995 2998 2996 2999 3000 3001 2999 3002 3000 3003 3004 3005 3003 3006 3004 3007 3008 3009 3007 3010 3008 3011 3012 3013 3011 3014 3012 3015 3016 3017 3015 3018 3016 3019 3020 3021 3022 3023 3024 3025 3026 3027 3028 3029 3030 3031 3032 3033 3034 3035 3036 3037 3038 3039 3040 3041 3042 3043 3044 3045 3043 3046 3044 3046 3047 3044 3046 3048 3047 3048 3049 3047 3048 3050 3049 3051 3043 3045 3051 3045 3052 3050 3053 3049 3050 3054 3053 3054 3055 3053 3054 3056 3055 3056 3057 3055 3056 3058 3057 3058 3052 3057 3058 3051 3052 3059 3060 3061 3060 3059 3062 3062 3059 3063 3064 3061 3060 3064 3065 3061 3065 3064 3066 3067 3068 3069 3068 3070 3069 3071 3072 3069 3072 3073 3069 3074 3071 3069 3070 3074 3069 3075 3067 3069 3073 3075 3069 3076 3077 3078 3076 3079 3077 3080 3076 3078 3080 3078 3081 3082 3080 3081 3082 3081 3083 3084 3082 3083 3084 3083 3085 3086 3084 3085 3086 3085 3087 3088 3086 3087 3088 3087 3089 3090 3088 3089 3079 3090 3091 3079 3091 3077 3090 3089 3091 3092 3093 3094 3092 3095 3093 3095 3096 3093 3095 3097 3096 3097 3098 3096 3097 3099 3098 3099 3100 3098 3099 3101 3100 3101 3102 3100 3101 3103 3102 3103 3104 3102 3103 3105 3104 3105 3106 3104 3107 3094 3106 3107 3092 3094 3105 3107 3106 3108 3109 3110 3108 3111 3109 3112 3108 3110 3112 3110 3113 3114 3112 3113 3114 3113 3115 3111 3116 3109 3111 3117 3116 3118 3114 3115 3118 3115 3119 3120 3118 3119 3120 3119 3121 3122 3120 3121 3122 3121 3123 3117 3122 3123 3117 3123 3116 3124 3125 3126 3124 3127 3125 3127 3128 3125 3127 3129 3128 3129 3130 3128 3129 3131 3130 3131 3132 3130 3131 3133 3132 3134 3124 3126 3134 3126 3135 3136 3134 3135 3136 3135 3137 3138 3136 3137 3138 3137 3139 3133 3138 3139 3133 3139 3132 3140 3141 3142 3140 3143 3141 3143 3144 3141 3143 3145 3144 3145 3146 3144 3145 3147 3146 3147 3148 3146 3147 3149 3148 3150 3140 3142 3150 3142 3151 3152 3150 3151 3152 3151 3153 3154 3152 3153 3149 3154 3155 3149 3155 3148 3154 3153 3155 3156 3157 3158 3156 3159 3157 3159 3160 3157 3159 3161 3160 3161 3162 3160 3161 3163 3162 3163 3164 3162 3163 3165 3164 3166 3156 3158 3166 3158 3167 3168 3166 3167 3168 3167 3169 3170 3168 3169 3165 3170 3171 3165 3171 3164 3170 3169 3171 3172 3173 3174 3172 3175 3173 3176 3177 3178 3176 3179 3177 3180 3181 3182 3180 3183 3181 3184 3185 3186 3184 3187 3185 3188 3189 3190 3188 3191 3189 3192 3193 3194 3192 3195 3193 3196 3197 3198 3196 3199 3197 3200 3201 3202 3200 3203 3201 3204 3205 3206 3205 3204 3207 3205 3207 3208 3209 3206 3205 3206 3209 3210 3209 3205 3211 3212 3213 3214 3212 3215 3213 3216 3217 3218 3216 3219 3217 3220 3221 3222 3220 3223 3221 3224 3225 3226 3224 3227 3225 3228 3229 3230 3228 3231 3229 3232 3233 3234 3232 3235 3233 3236 3237 3238 3236 3239 3237 3240 3241 3242 3240 3243 3241 3244 3245 3246 3245 3244 3247 3245 3247 3248 3249 3246 3245 3246 3249 3250 3249 3245 3251 3252 3253 3254 3252 3255 3253 3256 3257 3258 3256 3259 3257 3260 3261 3262 3260 3263 3261 3264 3265 3266 3264 3267 3265 3268 3269 3270 3268 3271 3269 3272 3273 3274 3272 3275 3273 3276 3277 3278 3276 3279 3277 3280 3281 3282 3280 3283 3281 3284 3285 3286 3285 3284 3287 3285 3287 3288 3286 3289 3290 3291 3286 3285 3289 3286 3291 3292 3293 3294 3292 3295 3293 3292 3296 3295 3292 3297 3296 3298 3297 3292 3298 3292 3294 3298 3294 3299 3298 3300 3297 3301 3299 3294 3302 3294 3293 3301 3294 3302 3303 3304 3305 3303 3306 3304 3307 3305 3304 3307 3304 3308 3309 3305 3307 3309 3310 3305 3311 3305 3310 3311 3303 3305 3303 3312 3306 3311 3312 3303 3311 3313 3312 3314 3315 3316 3314 3317 3315 3318 3319 3320 3319 3318 3321 3321 3318 3322 3321 3322 3323 3323 3322 3324 3323 3324 3325 3326 3316 3327 3326 3328 3316 3329 3330 3331 3329 3332 3330 3333 3334 3335 3333 3336 3334 3336 3337 3334 3338 3339 3340 3338 3341 3339 3339 3341 3342 3343 3344 3345 3343 3346 3344 3347 3345 3344 3347 3344 3348 3349 3350 3351 3350 3349 3352 3352 3349 3353 3353 3349 3354 3355 3356 3357 3355 3358 3356 3359 3360 3361 3359 3362 3360 3363 3364 3365 3363 3366 3364 3367 3368 3369 3367 3370 3368 3371 3372 3373 3371 3374 3372 3375 3376 3377 3375 3378 3376 3379 3380 3381 3379 3382 3380 3379 3383 3382 3384 3379 3381 3383 3385 3382 3383 3386 3385 3386 3387 3385 3386 3384 3388 3384 3381 3388 3386 3388 3387 3389 3390 3391 3389 3392 3390 3393 3389 3391 3393 3391 3394 3395 3396 3397 3395 3398 3396 3399 3395 3397 3399 3397 3400 3401 3399 3400 3401 3400 3402 3403 3401 3402 3403 3402 3404 3405 3403 3404 3398 3405 3406 3398 3406 3396 3405 3404 3406 3407 3408 3409 3407 3410 3408 3411 3408 3410 3411 3412 3408 3411 3413 3412 3411 3414 3413 3414 3415 3413 3414 3416 3415 3417 3418 3419 3417 3420 3418 3421 3418 3420 3421 3422 3418 3421 3423 3422 3421 3424 3423 3424 3425 3423 3424 3426 3425 3426 3427 3425 3426 3428 3427 3428 3429 3427 3428 3430 3429 3431 3429 3430 3431 3432 3429 3417 3432 3431 3417 3419 3432 3433 3434 3435 3433 3436 3434 3437 3435 3434 3437 3438 3435 3439 3437 3434 3439 3440 3437 3441 3440 3439 3442 3441 3439 3443 3434 3436 3443 3439 3434 3442 3439 3443 3441 3444 3440 3445 3444 3441 3445 3441 3446 3446 3441 3442 3446 3442 3447 3446 3447 3448 3446 3448 3449 3450 3446 3449 3450 3445 3446 3451 3450 3449 3451 3452 3450 3438 3453 3435 3453 3452 3451 3438 3454 3453 3453 3454 3452 3455 3433 3435 3455 3435 3453 3456 3453 3451 3456 3455 3453 3456 3449 3448 3456 3451 3449 3416 3457 3415 3416 3458 3457 3459 3457 3458 3459 3460 3457 3459 3461 3460 3407 3409 3461 3459 3462 3461 3407 3461 3462 3463 3464 3465 3463 3466 3464 3466 3467 3464 3466 3468 3467 3469 3463 3465 3469 3470 3463 3471 3470 3469 3471 3469 3472 3473 3471 3472 3473 3472 3474 3475 3473 3474 3475 3474 3476 3477 3475 3476 3468 3477 3467 3477 3478 3475 3468 3478 3477 3479 3480 3481 3479 3482 3480 3483 3479 3481 3483 3481 3484 3480 3482 3485 3480 3485 3486 3485 3487 3486 3485 3488 3487 3489 3483 3484 3489 3484 3490 3491 3489 3490 3491 3492 3489 3488 3493 3487 3493 3492 3491 3488 3494 3493 3493 3494 3492 3495 3496 3497 3495 3498 3496 3499 3495 3497 3499 3497 3500 3496 3498 3501 3496 3501 3502 3501 3503 3502 3501 3504 3503 3505 3499 3500 3505 3500 3506 3507 3505 3506 3507 3508 3505 3509 3508 3507 3504 3509 3503 3504 3510 3509 3509 3510 3508 3511 3512 3513 3511 3514 3512 3515 3512 3514 3515 3514 3516 3517 3511 3513 3517 3513 3518 3518 3519 3517 3518 3520 3519 3521 3515 3516 3521 3516 3522 3522 3523 3521 3522 3524 3523 3525 3523 3524 3520 3525 3519 3525 3526 3523 3520 3526 3525 3527 3528 3529 3527 3530 3528 3530 3531 3528 3530 3532 3531 3533 3527 3529 3533 3529 3534 3535 3533 3534 3535 3534 3536 3537 3531 3532 3537 3532 3538 3538 3539 3537 3538 3540 3539 3540 3541 3539 3540 3542 3541 3542 3536 3541 3542 3535 3536 3543 3544 3545 3546 3547 3548 3549 3550 3551 3552 3553 3554 3555 3556 3557 3558 3559 3560 3561 3562 3563 3564 3565 3566 3567 3568 3569 3567 3570 3568 3570 3567 3571 3572 3570 3571 3573 3572 3571 3567 3574 3571 3573 3571 3574 3575 3573 3574 3575 3574 3576 3577 3575 3576 3577 3576 3578 3579 3578 3576 3574 3579 3576 3574 3580 3579 3567 3580 3574 3579 3580 3581 3581 3567 3569 3581 3580 3567 3579 3581 3582 3583 3579 3582 3579 3583 3578 3583 3582 3584 3582 3581 3585 3582 3585 3586 3586 3585 3587 3586 3587 3588 3589 3582 3586 3589 3584 3582 3589 3586 3588 3589 3588 3590 3581 3591 3585 3581 3569 3591 3569 3592 3591 3569 3568 3592 3591 3592 3593 3585 3594 3587 3585 3591 3594 3591 3593 3594 3595 3587 3594 3588 3587 3595 3588 3595 3596 3590 3588 3596 3590 3596 3597 3594 3593 3598 3594 3598 3599 3595 3594 3599 3600 3595 3599 3596 3595 3600 3596 3600 3601 3597 3596 3601 3597 3601 3602 3599 3598 3603 3599 3603 3604 3600 3599 3604 3601 3600 3605 3605 3600 3604 3601 3605 3606 3602 3601 3606 3602 3606 3607 3604 3603 3608 3604 3608 3609 3605 3604 3609 3607 3606 3610 3605 3610 3606 3607 3610 3611 3605 3612 3610 3605 3609 3613 3605 3613 3612 3608 3613 3609 3608 3614 3613 3615 3616 3617 3615 3618 3616 3619 3618 3615 3619 3615 3620 3621 3619 3620 3621 3622 3619 3623 3621 3620 3623 3620 3624 3615 3624 3620 3625 3623 3624 3570 3625 3626 3625 3624 3626 3568 3570 3627 3624 3627 3626 3627 3570 3626 3615 3628 3624 3624 3628 3627 3629 3615 3617 3629 3628 3615 3627 3628 3629 3568 3627 3630 3592 3568 3630 3627 3629 3630 3630 3629 3631 3592 3630 3632 3593 3592 3632 3630 3631 3632 3632 3631 3633 3598 3593 3634 3593 3632 3634 3632 3633 3634 3635 3629 3617 3616 3635 3617 3635 3631 3629 3616 3636 3635 3635 3636 3637 3631 3638 3633 3631 3635 3638 3635 3637 3638 3634 3633 3639 3639 3633 3638 3598 3634 3640 3603 3598 3640 3634 3639 3640 3638 3637 3641 3638 3641 3642 3639 3638 3642 3643 3639 3642 3640 3639 3643 3603 3640 3644 3608 3603 3644 3640 3643 3644 3642 3641 3645 3643 3642 3646 3642 3645 3646 3647 3643 3646 3644 3643 3647 3644 3647 3648 3608 3644 3648 3646 3645 3649 3646 3649 3650 3647 3646 3650 3608 3651 3614 3647 3651 3648 3608 3648 3651 3647 3652 3651 3647 3650 3653 3649 3653 3650 3647 3653 3652 3649 3654 3653 3655 3656 3657 3655 3658 3656 3659 3656 3658 3659 3660 3656 3659 3661 3660 3659 3662 3661 3663 3661 3662 3663 3664 3661 3663 3665 3664 3663 3666 3665 3667 3665 3666 3667 3668 3665 3667 3669 3668 3667 3670 3669 3671 3669 3670 3671 3672 3669 3673 3674 3675 3676 3673 3675 3677 3676 3675 3678 3677 3675 3679 3678 3675 3680 3679 3675 3681 3680 3675 3674 3681 3675 3682 3683 3684 3682 3685 3683 3684 3686 3682 3682 3686 3687 3682 3687 3688 3684 3689 3686 3687 3686 3689 3689 3684 3690 3689 3690 3691 3692 3689 3691 3687 3689 3692 3692 3691 3693 3687 3692 3694 3695 3687 3694 3688 3687 3695 3695 3694 3696 3682 3697 3685 3682 3698 3697 3682 3688 3699 3695 3699 3688 3695 3700 3699 3701 3700 3695 3702 3700 3701 3703 3702 3701 3703 3704 3702 3705 3704 3703 3705 3706 3704 3704 3707 3702 3706 3708 3704 3704 3708 3707 3706 3709 3708 3710 3702 3707 3710 3700 3702 3706 3711 3709 3712 3711 3706 3713 3711 3712 3713 3712 3714 3713 3714 3715 3714 3712 3716 3716 3712 3717 3716 3717 3718 3718 3717 3719 3719 3717 3720 3720 3717 3721 3720 3721 3722 3722 3721 3723 3723 3721 3724 3724 3721 3725 3722 3723 3726 3718 3719 3727 3725 3721 3728 3728 3721 3717 3725 3728 3729 3725 3729 3730 3725 3730 3731 3725 3731 3732 3733 3725 3732 3733 3734 3725 3734 3735 3725 3724 3725 3735 3731 3730 3736 3736 3730 3729 3736 3729 3737 3731 3736 3738 3739 3738 3736 3739 3736 3740 3736 3741 3740 3736 3737 3741 3737 3729 3742 3728 3742 3729 3742 3728 3743 3728 3717 3743 3742 3743 3744 3744 3745 3705 3706 3745 3712 3745 3717 3712 3705 3745 3706 3745 3743 3717 3744 3743 3745 3741 3737 3746 3737 3742 3746 3741 3746 3747 3748 3746 3742 3742 3744 3749 3742 3749 3748 3744 3705 3750 3744 3750 3749 3703 3750 3705 3746 3751 3747 3748 3751 3746 3752 3750 3703 3752 3703 3701 3701 3695 3753 3701 3753 3752 3695 3696 3754 3695 3754 3753 3734 3755 3735 3756 3699 3700 3757 3700 3710 3756 3700 3757 3756 3757 3758 3759 3699 3756 3760 3699 3759 3761 3699 3760 3761 3760 3762 3762 3760 3763 3764 3682 3699 3764 3698 3682 3764 3699 3761 3698 3764 3765 3766 3767 3768 3766 3769 3767 3770 3771 3772 3773 3774 3775 3773 3776 3774 3777 3778 3779 3777 3780 3778 3781 3782 3783 3784 3785 3786 3784 3787 3785 3788 3789 3790 3791 3792 3793 3794 3795 3796 3797 3798 3799 3800 3801 3802 3803 3804 3805 3800 3806 3801 3803 3805 3807 3808 3809 3810 3811 3812 3813 3811 3814 3812 3815 3816 3817 3815 3818 3816 3819 3820 3821 3822 3823 3824 3822 3825 3823 3826 3827 3828 3829 3830 3831 3832 3833 3834 3835 3836 3837 3838 3839 3840 3838 3841 3839 3842 3843 3844 3842 3845 3843 3846 3847 3848 3846 3849 3847 3850 3851 3852 3853 3854 3855 3856 3857 3858 3856 3859 3857 3860 3861 3862 3863 3864 3865 3866 3867 3868 3869 3870 3871 3872 3873 3874 3872 3875 3873 3876 3877 3878 3876 3879 3877 3880 3881 3882 3880 3883 3881 3884 3885 3886 3887 3888 3889 3890 3891 3892 3890 3893 3891 3894 3895 3896 3897 3898 3899 3900 3901 3902 3903 3904 3905 3906 3907 3908 3906 3909 3907 3910 3911 3912 3910 3913 3911 3914 3915 3916 3914 3917 3915 3918 3919 3920 3921 3922 3923 3924 3925 3926 3924 3927 3925 3928 3929 3930 3931 3932 3933 3934 3935 3936 3937 3938 3939 3940 3941 3942 3940 3943 3941 3944 3945 3946 3944 3947 3945 3948 3949 3950 3948 3951 3949 3952 3953 3954 3955 3956 3957 3958 3959 3960 3958 3961 3959 3962 3963 3964 3965 3966 3967 3968 3969 3970 3971 3972 3973 3974 3975 3976 3974 3977 3975 3978 3979 3980 3981 3982 3983 3981 3984 3982 3985 3986 3987 3985 3988 3986 3989 3990 3991 3992 3993 3994 3992 3995 3993 3996 3997 3998 3999 4000 4001 4002 4003 4004 4005 4006 4007 4008 4009 4010 4008 4011 4009 4012 4013 4014 4015 4016 4017 4015 4018 4016 4019 4020 4021 4019 4022 4020 4023 4024 4025 4026 4027 4028 4026 4029 4027 4030 4031 4032 4033 4034 4035 4036 4037 4038 4039 4040 4041 4042 4043 4044 4044 4043 4045 4045 4043 4046 4044 4045 4047 4048 4049 4050 4050 4049 4051 4050 4051 4052 4049 4053 4051 4054 4055 4056 4056 4055 4057 4054 4056 4058 4059 4060 4061 4061 4060 4062 4063 4060 4059 4064 4065 4066 4065 4064 4067 4067 4064 4068 4067 4068 4069 4070 4071 4072 4070 4073 4071 4073 4070 4074 4075 4073 4074 4076 4075 4074 4070 4077 4074 4076 4074 4077 4078 4076 4077 4078 4077 4079 4080 4078 4079 4080 4079 4081 4077 4082 4079 4082 4081 4079 4077 4083 4082 4070 4083 4077 4084 4083 4070 4082 4083 4084 4084 4070 4072 4082 4084 4085 4082 4086 4081 4086 4082 4085 4086 4085 4087 4085 4084 4088 4085 4088 4089 4089 4088 4090 4089 4090 4091 4092 4085 4089 4092 4089 4091 4092 4087 4085 4092 4091 4093 4084 4072 4094 4084 4094 4088 4072 4095 4094 4072 4071 4095 4094 4095 4096 4088 4097 4090 4088 4094 4097 4094 4096 4097 4098 4090 4097 4091 4090 4098 4091 4098 4099 4093 4091 4099 4093 4099 4100 4097 4096 4101 4097 4101 4102 4098 4097 4102 4099 4098 4103 4103 4098 4102 4099 4103 4104 4100 4099 4104 4100 4104 4105 4102 4101 4106 4103 4102 4107 4102 4106 4107 4108 4103 4107 4104 4103 4108 4105 4104 4109 4104 4108 4109 4105 4109 4110 4107 4106 4111 4108 4107 4112 4107 4111 4112 4108 4113 4109 4110 4109 4113 4110 4113 4114 4108 4112 4115 4111 4115 4112 4108 4116 4113 4108 4115 4116 4111 4117 4115 4118 4119 4120 4118 4121 4119 4122 4121 4118 4122 4118 4123 4124 4122 4123 4124 4125 4122 4126 4124 4123 4118 4127 4123 4126 4123 4127 4128 4126 4127 4128 4127 4129 4073 4128 4129 4127 4130 4129 4130 4073 4129 4071 4073 4130 4127 4131 4130 4118 4131 4127 4132 4118 4120 4132 4131 4118 4130 4131 4132 4130 4132 4133 4071 4130 4133 4095 4071 4133 4133 4132 4134 4133 4134 4135 4096 4095 4135 4095 4133 4135 4135 4134 4136 4096 4135 4137 4101 4096 4137 4135 4136 4137 4138 4134 4132 4138 4132 4120 4119 4138 4120 4119 4139 4138 4138 4139 4140 4134 4141 4136 4134 4138 4141 4138 4140 4141 4137 4136 4142 4142 4136 4141 4101 4137 4143 4106 4101 4143 4137 4142 4143 4141 4140 4144 4142 4141 4145 4141 4144 4145 4146 4142 4145 4143 4142 4146 4143 4146 4147 4106 4143 4147 4111 4106 4147 4145 4144 4148 4146 4145 4149 4145 4148 4149 4147 4146 4150 4150 4146 4149 4111 4147 4151 4147 4150 4151 4149 4148 4152 4150 4149 4153 4149 4152 4153 4111 4151 4154 4150 4154 4151 4111 4154 4117 4152 4155 4153 4150 4153 4155 4150 4155 4156 4150 4156 4154 4152 4157 4155 4158 4159 4160 4161 4158 4160 4162 4161 4160 4163 4162 4160 4164 4163 4160 4165 4164 4160 4159 4166 4160 4166 4165 4160 4167 4168 4169 4167 4170 4168 4171 4169 4168 4171 4168 4172 4173 4171 4172 4173 4172 4174 4175 4173 4174 4175 4174 4176 4177 4178 4179 4177 4180 4178 4181 4177 4179 4181 4179 4182 4183 4181 4182 4167 4183 4184 4167 4184 4170 4183 4182 4184 4185 4186 4187 4185 4188 4186 4188 4185 4189 4190 4188 4189 4191 4190 4189 4185 4192 4189 4191 4189 4192 4193 4191 4192 4193 4192 4194 4195 4193 4194 4195 4194 4196 4192 4197 4194 4197 4196 4194 4185 4198 4192 4192 4198 4197 4197 4198 4199 4199 4198 4185 4199 4185 4187 4197 4199 4200 4197 4201 4196 4201 4197 4200 4201 4200 4202 4200 4199 4203 4200 4203 4204 4204 4203 4205 4204 4205 4206 4207 4202 4200 4207 4200 4204 4207 4204 4206 4207 4206 4208 4199 4209 4203 4199 4187 4209 4187 4186 4210 4187 4210 4209 4209 4210 4211 4209 4211 4212 4203 4212 4205 4203 4209 4212 4206 4205 4213 4213 4205 4212 4208 4206 4214 4206 4213 4214 4208 4214 4215 4212 4211 4216 4212 4216 4217 4213 4212 4217 4218 4213 4217 4214 4213 4218 4214 4218 4219 4215 4214 4219 4219 4218 4220 4219 4220 4221 4222 4219 4221 4215 4219 4222 4222 4221 4223 4220 4218 4224 4218 4217 4224 4220 4224 4225 4224 4226 4225 4224 4227 4226 4217 4227 4224 4217 4216 4227 4220 4228 4221 4228 4223 4221 4228 4229 4223 4220 4230 4228 4226 4231 4225 4231 4230 4220 4231 4220 4225 4226 4232 4231 4233 4234 4235 4233 4236 4234 4237 4236 4233 4237 4233 4238 4239 4237 4238 4239 4240 4237 4241 4239 4238 4233 4242 4238 4241 4238 4242 4243 4241 4242 4243 4242 4244 4188 4243 4244 4242 4245 4244 4186 4188 4245 4245 4188 4244 4233 4246 4242 4242 4246 4245 4247 4246 4233 4247 4233 4235 4245 4246 4247 4186 4245 4248 4245 4247 4248 4210 4186 4248 4248 4247 4249 4211 4210 4250 4248 4249 4250 4210 4248 4250 4250 4249 4251 4250 4251 4252 4216 4211 4252 4211 4250 4252 4253 4247 4235 4253 4249 4247 4234 4253 4235 4234 4254 4253 4253 4254 4255 4249 4256 4251 4253 4255 4256 4249 4253 4256 4252 4251 4257 4257 4251 4256 4227 4216 4258 4252 4257 4258 4216 4252 4258 4256 4255 4259 4256 4259 4260 4257 4256 4260 4260 4259 4261 4260 4261 4262 4262 4261 4263 4262 4263 4264 4265 4262 4264 4265 4266 4262 4266 4257 4260 4266 4260 4262 4258 4257 4266 4267 4266 4265 4227 4258 4267 4258 4266 4267 4226 4227 4267 4267 4265 4268 4226 4267 4268 4265 4269 4268 4269 4232 4226 4269 4226 4268 4265 4270 4269 4271 4270 4265 4271 4265 4264 4272 4271 4264 4272 4264 4263 4273 4274 4275 4273 4276 4274 4277 4274 4276 4277 4278 4274 4277 4279 4278 4277 4280 4279 4281 4279 4280 4281 4282 4279 4281 4283 4282 4281 4284 4283 4285 4283 4284 4285 4286 4283 4285 4287 4286 4285 4288 4287 4289 4287 4288 4289 4290 4287 4291 4292 4293 4294 4291 4293 4295 4294 4293 4296 4295 4293 4297 4296 4293 4298 4297 4293 4292 4299 4293 4299 4298 4293 4300 4301 4302 4303 4300 4302 4303 4304 4300 4305 4304 4303 4305 4306 4304 4306 4305 4307 4308 4304 4306 4300 4304 4309 4308 4309 4304 4310 4308 4306 4307 4311 4306 4311 4310 4306 4300 4309 4312 4301 4300 4313 4313 4300 4312 4314 4315 4316 4314 4317 4315 4318 4316 4315 4318 4315 4319 4320 4314 4316 4321 4316 4318 4320 4316 4321 4322 4320 4321 4322 4321 4323 4324 4323 4321 4321 4318 4325 4324 4321 4325 4326 4322 4323 4326 4323 4327 4327 4323 4324 4327 4324 4328 4327 4328 4329 4327 4330 4326 4327 4331 4330 4329 4331 4327 4329 4332 4331 4333 4332 4329 4333 4329 4334 4334 4329 4328 4335 4333 4334 4334 4336 4335 4334 4328 4337 4334 4337 4336 4335 4338 4333 4339 4331 4332 4332 4333 4340 4339 4332 4340 4341 4340 4333 4341 4333 4338 4342 4330 4331 4342 4331 4339 4343 4319 4315 4344 4343 4315 4344 4315 4317 4345 4346 4347 4348 4346 4345 4349 4348 4345 4350 4349 4345 4350 4345 4351 4352 4350 4351 4353 4352 4351 4353 4351 4354 4354 4351 4355 4355 4351 4356 4357 4356 4351 4358 4357 4351 4359 4360 4361 4362 4360 4359 4362 4359 4363 4364 4362 4363 4364 4363 4365 4365 4366 4364 4367 4365 4363 4367 4363 4368 4359 4368 4363 4369 4365 4367 4366 4365 4370 4370 4365 4369 4359 4371 4368 4372 4371 4359 4361 4372 4359 4314 4373 4317 4344 4317 4373 4314 4374 4373 4320 4374 4314 4375 4373 4374 4375 4376 4373 4322 4377 4320 4377 4375 4374 4320 4377 4374 4326 4378 4322 4322 4378 4377 4379 4377 4378 4377 4380 4375 4379 4380 4377 4326 4381 4378 4381 4379 4378 4381 4326 4330 4381 4382 4379 4381 4383 4382 4342 4384 4330 4383 4381 4384 4381 4330 4384 4383 4384 4385 4386 4383 4385 4386 4387 4383 4387 4382 4383 4388 4387 4386 4387 4388 4389 4387 4389 4390 4387 4390 4382 4388 4386 4391 4392 4385 4384 4342 4392 4384 4392 4393 4385 4385 4393 4386 4394 4391 4386 4394 4386 4393 4395 4373 4376 4344 4373 4395 4345 4347 4396 4397 4345 4396 4398 4345 4397 4399 4345 4398 4399 4351 4345 4400 4351 4399 4401 4351 4400 4401 4402 4351 4402 4403 4351 4403 4404 4351 4358 4351 4405 4405 4351 4404 4406 4407 4408 4406 4409 4407 4410 4409 4406 4410 4406 4411 4412 4410 4411 4412 4411 4413 4414 4412 4413 4414 4413 4415 4416 4411 4406 4406 4417 4416 4406 4408 4417 4416 4417 4418 4419 4413 4411 4419 4411 4416 4418 4419 4416 4420 4413 4419 4415 4413 4420 4420 4419 4418 4417 4421 4418 4422 4420 4418 4418 4421 4422 4417 4423 4421 4408 4423 4417 4407 4423 4408 4424 4420 4422 4424 4415 4420 4421 4425 4422 4421 4423 4425 4422 4425 4424 4407 4426 4423 4426 4425 4423 4426 4427 4425 4427 4424 4425 4428 4415 4424 4428 4414 4415 4427 4428 4424 4429 4430 4431 4432 4429 4431 4433 4432 4431 4434 4433 4431 4435 4434 4431 4436 4435 4431 4430 4437 4431 4437 4436 4431 4438 4439 4440 4438 4441 4439 4442 4439 4441 4442 4441 4443 4444 4445 4446 4444 4447 4445 4447 4448 4445 4447 4449 4448 4450 4451 4452 4450 4453 4451 4453 4454 4451 4453 4455 4454 4456 4457 4458 4456 4459 4457 4460 4457 4459 4460 4459 4461 4462 4463 4464 4462 4464 4465 4463 4466 4464 4465 4464 4466 4438 4440 4467 4438 4467 4468 4442 4443 4468 4442 4468 4467 4444 4446 4469 4470 4448 4449 4444 4469 4470 4470 4469 4448 4450 4452 4471 4472 4471 4454 4472 4454 4455 4450 4471 4472 4456 4458 4473 4456 4473 4474 4460 4474 4473 4460 4461 4474 4475 4476 4477 4475 4478 4476 4479 4475 4477 4479 4477 4480 4481 4479 4480 4481 4480 4482 4482 4480 4483 4477 4476 4483 4480 4477 4483 4478 4484 4476 4476 4484 4483 4478 4485 4484 4484 4486 4483 4486 4482 4483 4485 4486 4484 4487 4481 4482 4485 4487 4486 4487 4482 4486 4488 4489 4490 4491 4489 4492 4492 4489 4493 4493 4489 4488 4490 4489 4494 4494 4489 4491 4495 4496 4497 4495 4498 4496 4499 4498 4495 4499 4500 4498 4501 4500 4499 4501 4502 4500 4498 4503 4496 4500 4503 4498 4502 4503 4500 4496 4503 4504 4497 4496 4504 4497 4504 4505 4505 4504 4506 4504 4503 4506 4506 4503 4502 4505 4506 4507 4507 4502 4501 4507 4506 4502 4508 4509 4510 4511 4512 4510 4513 4508 4510 4512 4513 4510 4509 4514 4510 4514 4511 4510 4515 4516 4517 4515 4518 4516 4519 4518 4515 4519 4515 4520 4516 4521 4517 4516 4522 4521 4522 4523 4521 4522 4524 4523 4525 4526 4527 4525 4528 4526 4529 4527 4526 4529 4526 4530 4525 4531 4528 4525 4532 4531 4532 4533 4531 4532 4534 4533 4535 4536 4537 4535 4538 4536 4538 4539 4536 4538 4540 4539 4540 4541 4539 4540 4542 4541 4543 4535 4537 4543 4537 4544 4545 4546 4547 4545 4548 4546 4545 4549 4548 4545 4550 4549 4550 4551 4549 4550 4552 4551 4546 4553 4547 4546 4554 4553 4524 4533 4555 4524 4555 4556 4519 4520 4557 4519 4557 4558 4557 4559 4558 4557 4560 4559 4559 4560 4561 4559 4561 4562 4562 4561 4563 4562 4563 4564 4529 4530 4565 4566 4565 4567 4566 4568 4565 4529 4565 4568 4566 4567 4569 4566 4569 4570 4570 4569 4571 4570 4571 4572 4573 4574 4575 4573 4576 4574 4543 4544 4576 4543 4576 4573 4575 4574 4577 4575 4577 4578 4578 4577 4579 4578 4579 4580 4581 4553 4554 4582 4581 4583 4582 4584 4581 4581 4584 4553 4582 4583 4585 4582 4585 4586 4586 4585 4587 4586 4587 4588 4564 4589 4571 4564 4590 4589 4591 4592 4593 4591 4594 4592 4595 4596 4597 4598 4599 4600 4598 4601 4599 4598 4600 4602 4600 4603 4602 4600 4604 4603 4605 4606 4607 4608 4609 4610 4611 4612 4613 4611 4613 4614 4615 4616 4617 4615 4618 4616 4617 4616 4619 4617 4619 4620 4620 4619 4621 4620 4621 4622 4622 4621 4623 4622 4623 4624 4625 4626 4627 4625 4628 4626 4625 4629 4628 4629 4625 4630 4631 4630 4625 4631 4632 4630 4625 4627 4633 4631 4625 4633 4629 4630 4634 4634 4635 4629 4634 4636 4635 4634 4637 4636 4638 4634 4630 4638 4630 4632 4638 4639 4634 4634 4639 4637 4640 4641 4642 4640 4642 4643 4643 4642 4644 4643 4644 4645 4645 4644 4646 4645 4646 4647 4648 4597 4596 4649 4650 4651 4649 4652 4650 4649 4653 4652 4653 4654 4652 4653 4655 4654 4656 4657 4658 4659 4660 4661 4662 4663 4664 4662 4665 4663 4666 4614 4613 4666 4613 4667 4668 4669 4670 4668 4671 4669 4671 4672 4669 4671 4673 4672 4673 4674 4672 4675 4624 4623 4675 4623 4674 4673 4675 4674 4676 4677 4678 4676 4679 4677 4679 4680 4677 4679 4681 4680 4681 4647 4646 4681 4646 4680 4682 4683 4684 4682 4685 4683 4686 4682 4684 4686 4684 4687 4688 4686 4687 4688 4687 4689 4685 4690 4683 4685 4691 4690 4691 4692 4690 4691 4693 4692 4693 4694 4692 4693 4695 4694 4696 4697 4698 4696 4698 4699 4700 4701 4702 4700 4703 4701 4704 4703 4700 4704 4700 4705 4706 4704 4705 4706 4707 4704 4708 4707 4706 4708 4709 4707 4702 4701 4710 4702 4710 4711 4711 4710 4712 4711 4712 4713 4713 4712 4714 4713 4714 4715 4715 4714 4709 4715 4709 4708 4716 4717 4718 4716 4719 4717 4720 4719 4716 4720 4721 4719 4722 4721 4720 4722 4723 4721 4718 4717 4724 4718 4724 4725 4718 4725 4726 4716 4718 4727 4718 4726 4727 4720 4716 4728 4716 4727 4728 4720 4728 4729 4720 4729 4730 4720 4730 4722 4731 4723 4722 4731 4732 4723 4733 4732 4731 4733 4734 4732 4735 4734 4733 4735 4736 4734 4725 4736 4735 4725 4724 4736 4722 4737 4731 4722 4730 4737 4733 4731 4737 4735 4733 4738 4733 4737 4738 4725 4739 4726 4725 4735 4739 4735 4738 4739 4729 4740 4741 4741 4740 4737 4742 4664 4743 4742 4662 4664 4744 4745 4746 4744 4747 4745 4748 4747 4744 4745 4749 4746 4746 4749 4750 4746 4750 4751 4752 4747 4748 4752 4753 4747 4753 4752 4754 4753 4754 4755 4752 4748 4756 4757 4755 4754 4755 4757 4758 4758 4757 4759 4760 4759 4757 4760 4761 4759 4762 4761 4760 4762 4760 4763 4762 4763 4764 4762 4764 4765 4766 4755 4758 4766 4767 4755 4767 4753 4755 4768 4765 4764 4768 4764 4769 4770 4765 4768 4769 4771 4768 4772 4771 4769 4772 4773 4771 4774 4773 4772 4773 4774 4775 4774 4772 4776 4777 4774 4776 4778 4770 4768 4771 4778 4768 4773 4779 4771 4771 4779 4778 4773 4780 4779 4773 4775 4781 4778 4782 4770 4782 4778 4783 4782 4783 4784 4773 4781 4785 4773 4785 4780 4786 4785 4781 4786 4787 4785 4788 4787 4786 4789 4790 4791 4789 4792 4790 4793 4790 4792 4789 4791 4794 4789 4794 4795 4794 4796 4795 4794 4797 4796 4797 4798 4796 4797 4799 4798 4793 4792 4800 4793 4801 4802 4793 4800 4803 4793 4803 4801 4800 4804 4803 4800 4805 4804 4806 4807 4808 4806 4809 4807 4810 4806 4808 4809 4811 4807 4809 4812 4811 4811 4812 4813 4811 4813 4814 4810 4808 4815 4816 4810 4815 4816 4817 4810 4818 4819 4820 4818 4821 4819 4819 4821 4822 4819 4822 4823 4824 4818 4820 4824 4820 4825 4826 4824 4825 4826 4825 4827 4826 4827 4828 4829 4830 4831 4829 4832 4830 4833 4829 4831 4832 4834 4830 4832 4835 4834 4834 4835 4836 4834 4836 4837 4838 4833 4831 4838 4839 4833 4838 4840 4839 4841 4798 4799 4841 4842 4798 4843 4842 4841 4843 4844 4842 4845 4844 4843 4846 4847 4848 4846 4849 4847 4850 4848 4847 4851 4846 4848 4851 4848 4852 4853 4848 4850 4848 4853 4852 4853 4850 4854 4802 4854 4850 4802 4801 4854 4855 4853 4854 4855 4854 4856 4852 4853 4857 4853 4855 4857 4855 4858 4857 4859 4846 4851 4860 4849 4846 4861 4862 4863 4861 4864 4862 4865 4864 4861 4816 4865 4817 4863 4862 4866 4863 4866 4867 4866 4868 4867 4866 4869 4868 4816 4870 4865 4865 4870 4864 4871 4823 4822 4871 4872 4823 4873 4872 4871 4873 4874 4872 4875 4874 4873 4875 4876 4874 4877 4876 4875 4877 4878 4876 4877 4879 4878 4880 4881 4882 4880 4883 4881 4884 4883 4880 4882 4881 4885 4882 4885 4886 4885 4887 4886 4885 4888 4887 4889 4883 4884 4889 4884 4839 4889 4839 4840 4890 4891 4892 4890 4892 4893 4890 4894 4891 4890 4895 4894 4890 4893 4896 4890 4896 4897 4890 4897 4898 4890 4898 4895 4756 4748 4899 4756 4899 4900 4901 4900 4899 4901 4902 4900 4903 4904 4905 4903 4906 4904 4906 4907 4904 4906 4908 4907 4908 4909 4907 4908 4910 4909 4911 4903 4905 4911 4912 4903 4910 4913 4909 4914 4915 4916 4914 4917 4915 4915 4918 4916 4915 4919 4918 4914 4920 4917 4920 4921 4917 4920 4922 4921 4922 4923 4921 4924 4925 4926 4925 4927 4926 4928 4929 4930 4931 4928 4930 4931 4930 4932 4933 4934 4935 4936 4925 4924 4925 4936 4937 4935 4934 4938 4939 4940 4941 4939 4942 4940 4942 4943 4940 4944 4945 4946 4944 4947 4945 4948 4949 4950 4948 4951 4949 4767 4952 4753 4953 4954 4955 4953 4956 4954 4957 4958 4959 4957 4960 4958 4961 4962 4963 4961 4964 4962 4965 4966 4967 4965 4968 4966 4969 4970 4971 4969 4972 4970 4973 4974 4975 4973 4976 4974 4977 4978 4979 4978 4977 4980 4978 4980 4981 4982 4981 4980 4982 4983 4981 4984 4985 4986 4984 4987 4985 4986 4985 4988 4986 4988 4989 4990 4989 4988 4987 4984 4991 4983 4982 4992 4993 4994 4995 4994 4993 4996 4994 4996 4997 4998 4997 4996 4998 4999 4997 5000 5001 5002 5000 5003 5001 5002 5001 5004 5002 5004 5005 5006 5005 5004 5003 5000 5007 4999 4998 5008 5009 5010 5011 5010 5009 5012 5010 5012 5013 5014 5013 5012 5014 5015 5013 5016 5017 5018 5016 5019 5017 5018 5017 5020 5018 5020 5021 5022 5021 5020 5019 5016 5023 5015 5014 5024 5025 5026 5027 5026 5025 5028 5026 5028 5029 5030 5029 5028 5030 5031 5029 5032 5033 5034 5032 5035 5033 5034 5033 5036 5034 5036 5037 5038 5037 5036 5035 5032 5039 5031 5030 5040 5041 5042 5043 5042 5041 5044 5042 5044 5045 5046 5045 5044 5046 5047 5045 5048 5049 5050 5048 5051 5049 5050 5049 5052 5050 5052 5053 5054 5053 5052 5051 5048 5055 5047 5046 5056 5057 5058 5059 5058 5057 5060 5058 5060 5061 5062 5061 5060 5062 5063 5061 5064 5065 5066 5064 5067 5065 5066 5065 5068 5066 5068 5069 5070 5069 5068 5067 5064 5071 5063 5062 5072 5073 5074 5075 5073 5076 5074 5077 5076 5073 5077 5078 5076 5079 5078 5077 5079 5080 5078 5081 5080 5079 5081 5082 5080 5083 5082 5081 5075 5084 5083 5075 5074 5084 5083 5084 5082 5085 5086 5087 5088 5089 5086 5085 5088 5086 5085 5090 5088 5088 5090 5091 5088 5092 5089 5088 5091 5092 5085 5093 5090 5094 5093 5085 5094 5087 5095 5094 5085 5087 5094 5096 5093 5092 5097 5089 5098 5096 5094 5098 5094 5095 5098 5095 5099 5098 5100 5096 5101 5098 5099 5092 5101 5097 5101 5099 5097 5101 5100 5098 5101 5102 5100 5092 5091 5102 5092 5102 5101 5103 5104 5105 5103 5106 5104 5107 5104 5106 5107 5108 5104 5109 5110 5111 5109 5112 5110 5109 5113 5112 5109 5114 5113 5115 5116 5117 5115 5118 5116 5119 5118 5115 5117 5116 5120 5117 5120 5121 5121 5120 5122 5123 5124 5125 5123 5126 5124 5127 5124 5126 5127 5128 5124 5129 5130 5131 5129 5132 5130 5129 5133 5132 5129 5134 5133 5135 5136 5137 5135 5138 5136 5139 5138 5135 5137 5136 5140 5137 5140 5141 5141 5140 5142 5143 5144 5145 5143 5146 5144 5147 5144 5146 5147 5148 5144 5149 5150 5151 5149 5152 5150 5149 5153 5152 5149 5154 5153 5155 5156 5157 5155 5158 5156 5159 5158 5155 5157 5156 5160 5157 5160 5161 5161 5160 5162 5163 5164 5165 5163 5166 5164 5167 5165 5164 5167 5164 5168 5163 5169 5166 5163 5170 5169 5165 5167 5171 5165 5171 5172 5172 5171 5173 5172 5173 5174 5175 5163 5165 5175 5172 5174 5175 5165 5172 5175 5174 5176 5177 5175 5176 5177 5163 5175 5177 5170 5163 5177 5176 5178 5166 5169 5179 5166 5179 5180 5181 5180 5179 5182 5166 5180 5182 5164 5166 5168 5164 5182 5168 5182 5183 5180 5184 5182 5184 5183 5182 5184 5185 5183 5186 5185 5184 5186 5187 5185 5180 5188 5184 5188 5186 5184 5181 5188 5180 5189 5167 5168 5171 5167 5189 5170 5190 5169 5179 5169 5190 5191 5170 5177 5170 5191 5190 5189 5190 5191 5189 5168 5192 5189 5192 5190 5192 5168 5183 5193 5189 5191 5171 5189 5193 5193 5191 5194 5194 5177 5178 5191 5177 5194 5194 5178 5195 5193 5194 5195 5193 5195 5196 5171 5196 5173 5171 5193 5196 5179 5190 5197 5197 5190 5192 5197 5192 5198 5192 5183 5198 5198 5183 5185 5198 5199 5197 5199 5179 5197 5199 5181 5179 5198 5185 5200 5198 5200 5199 5185 5201 5200 5199 5200 5201 5185 5187 5201 5202 5188 5181 5199 5202 5181 5203 5204 5205 5203 5206 5204 5207 5204 5206 5207 5208 5204 5203 5205 5209 5203 5209 5210 5211 5173 5196 5206 5211 5207 5212 5174 5173 5206 5212 5211 5212 5173 5211 5213 5206 5203 5213 5176 5174 5213 5212 5206 5213 5174 5212 5214 5176 5213 5214 5203 5210 5214 5178 5176 5214 5213 5203 5205 5215 5209 5205 5216 5215 5217 5215 5216 5217 5216 5218 5216 5219 5218 5220 5216 5205 5216 5220 5219 5220 5205 5204 5208 5220 5204 5219 5220 5221 5208 5221 5220 5219 5221 5222 5218 5219 5223 5223 5219 5222 5223 5222 5224 5225 5208 5207 5211 5225 5207 5215 5226 5209 5210 5209 5226 5225 5227 5208 5225 5226 5227 5227 5221 5208 5210 5226 5228 5228 5214 5210 5225 5228 5226 5211 5229 5225 5229 5196 5195 5229 5228 5225 5211 5196 5229 5229 5230 5228 5228 5230 5214 5230 5178 5214 5229 5195 5230 5230 5195 5178 5231 5227 5226 5215 5231 5226 5227 5232 5221 5231 5232 5227 5232 5222 5221 5233 5231 5215 5232 5231 5233 5233 5215 5217 5232 5233 5234 5232 5234 5222 5233 5235 5234 5222 5234 5235 5222 5235 5224 5236 5237 5238 5236 5239 5237 5240 5238 5237 5240 5237 5241 5236 5242 5239 5236 5243 5242 5238 5240 5244 5238 5244 5245 5245 5244 5246 5245 5246 5247 5248 5245 5247 5248 5238 5245 5248 5236 5238 5248 5247 5249 5250 5243 5236 5250 5248 5249 5250 5236 5248 5250 5249 5251 5239 5242 5252 5239 5252 5253 5254 5253 5252 5255 5237 5239 5241 5237 5255 5255 5239 5253 5241 5255 5256 5253 5257 5255 5257 5256 5255 5257 5258 5256 5259 5258 5257 5259 5260 5258 5253 5261 5257 5261 5259 5257 5254 5261 5253 5262 5240 5241 5244 5240 5262 5243 5263 5242 5252 5242 5263 5262 5263 5264 5264 5243 5250 5243 5264 5263 5262 5265 5263 5265 5241 5256 5262 5241 5265 5266 5262 5264 5244 5262 5266 5264 5250 5267 5266 5264 5267 5267 5250 5251 5267 5251 5268 5266 5267 5268 5266 5268 5269 5244 5266 5269 5244 5269 5246 5270 5263 5265 5252 5263 5270 5265 5256 5271 5271 5256 5258 5270 5265 5271 5272 5252 5270 5272 5254 5252 5271 5272 5270 5271 5273 5272 5271 5258 5273 5258 5260 5274 5272 5273 5274 5258 5274 5273 5275 5261 5254 5272 5275 5254 5276 5277 5278 5276 5279 5277 5280 5277 5279 5280 5281 5277 5276 5278 5282 5276 5282 5283 5279 5284 5280 5284 5246 5269 5285 5246 5284 5285 5247 5246 5279 5285 5284 5286 5247 5285 5286 5279 5276 5286 5285 5279 5286 5249 5247 5287 5276 5283 5287 5286 5276 5287 5251 5249 5287 5249 5286 5278 5288 5282 5278 5289 5288 5290 5288 5289 5290 5289 5291 5289 5292 5291 5289 5293 5292 5293 5289 5278 5293 5278 5277 5281 5293 5277 5292 5293 5294 5281 5294 5293 5292 5294 5295 5291 5292 5296 5296 5292 5295 5296 5295 5297 5284 5298 5280 5298 5281 5280 5283 5282 5299 5288 5299 5282 5298 5299 5300 5300 5294 5281 5298 5300 5281 5298 5301 5299 5283 5299 5301 5301 5287 5283 5284 5302 5298 5284 5269 5302 5302 5269 5268 5302 5301 5298 5302 5268 5303 5301 5303 5287 5303 5268 5251 5302 5303 5301 5303 5251 5287 5304 5300 5299 5288 5304 5299 5300 5305 5294 5304 5305 5300 5305 5295 5294 5306 5288 5290 5306 5304 5288 5305 5304 5306 5305 5307 5295 5305 5306 5307 5295 5307 5308 5295 5308 5297 5306 5308 5307 5309 5310 5311 5309 5312 5310 5313 5311 5310 5313 5310 5314 5309 5315 5312 5309 5316 5315 5311 5313 5317 5311 5317 5318 5318 5317 5319 5318 5319 5320 5321 5309 5311 5321 5318 5320 5321 5311 5318 5321 5320 5322 5323 5321 5322 5323 5309 5321 5323 5316 5309 5323 5322 5324 5312 5315 5325 5312 5325 5326 5327 5326 5325 5328 5312 5326 5328 5310 5312 5314 5310 5328 5326 5329 5328 5326 5330 5329 5327 5330 5326 5329 5331 5328 5314 5328 5331 5329 5332 5331 5330 5333 5329 5333 5332 5329 5333 5334 5332 5335 5330 5327 5336 5313 5314 5317 5313 5336 5316 5337 5315 5325 5315 5337 5336 5337 5338 5338 5316 5323 5316 5338 5337 5336 5339 5337 5336 5314 5339 5339 5314 5331 5340 5336 5338 5317 5336 5340 5340 5338 5341 5338 5323 5341 5341 5323 5324 5340 5341 5342 5341 5324 5342 5317 5343 5319 5340 5342 5343 5317 5340 5343 5344 5337 5339 5325 5337 5344 5339 5331 5345 5344 5339 5345 5345 5331 5332 5345 5346 5344 5346 5335 5327 5346 5327 5325 5346 5325 5344 5345 5347 5346 5345 5332 5347 5332 5348 5347 5346 5347 5348 5332 5334 5348 5349 5350 5351 5349 5352 5350 5353 5350 5352 5353 5354 5350 5349 5351 5355 5349 5355 5356 5357 5319 5343 5352 5357 5353 5358 5319 5357 5358 5320 5319 5352 5358 5357 5359 5320 5358 5359 5352 5349 5359 5358 5352 5359 5322 5320 5360 5349 5356 5360 5359 5349 5360 5324 5322 5360 5322 5359 5351 5361 5355 5351 5362 5361 5363 5361 5362 5363 5362 5364 5362 5365 5364 5362 5366 5365 5366 5362 5351 5366 5351 5350 5354 5366 5350 5365 5366 5367 5354 5367 5366 5365 5367 5368 5364 5365 5369 5369 5365 5368 5369 5368 5370 5357 5371 5353 5371 5354 5353 5356 5355 5372 5361 5372 5355 5371 5373 5354 5371 5372 5373 5373 5367 5354 5374 5360 5356 5356 5372 5374 5371 5374 5372 5357 5343 5375 5357 5375 5371 5375 5374 5371 5375 5343 5342 5376 5342 5324 5375 5342 5376 5374 5376 5360 5376 5324 5360 5375 5376 5374 5361 5377 5372 5377 5373 5372 5377 5378 5373 5378 5368 5367 5373 5378 5367 5378 5377 5379 5379 5361 5363 5379 5377 5361 5378 5379 5380 5378 5380 5368 5379 5381 5380 5368 5380 5381 5368 5381 5370 5382 5383 5384 5385 5382 5384 5385 5384 5386 5387 5385 5386 5387 5386 5388 5389 5387 5388 5389 5388 5390 5382 5391 5383 5391 5392 5383 5391 5393 5392 5393 5394 5392 5393 5395 5394 5395 5396 5394 5395 5397 5396 5397 5390 5396 5397 5389 5390 5398 5399 5400 5398 5401 5399 5399 5401 5402 5398 5400 5403 5398 5403 5404 5404 5403 5405 5406 5407 5408 5406 5409 5407 5410 5406 5408 5409 5411 5407 5409 5412 5411 5412 5413 5411 5414 5415 5416 5417 5414 5416 5417 5416 5418 5419 5417 5418 5419 5418 5420 5421 5419 5420 5421 5420 5422 5414 5423 5415 5423 5424 5415 5423 5425 5424 5425 5426 5424 5425 5427 5426 5427 5428 5426 5427 5429 5428 5429 5421 5422 5429 5422 5428 5430 5431 5432 5430 5433 5431 5431 5433 5434 5430 5432 5435 5430 5435 5436 5436 5435 5437 5438 5439 5440 5438 5441 5439 5442 5438 5440 5441 5443 5439 5441 5444 5443 5444 5445 5443 5446 5447 5448 5449 5446 5448 5449 5448 5450 5451 5449 5450 5451 5450 5452 5453 5451 5452 5453 5452 5454 5446 5455 5447 5455 5456 5447 5455 5457 5456 5457 5458 5456 5457 5459 5458 5459 5460 5458 5461 5453 5454 5459 5461 5460 5461 5454 5460 5462 5463 5464 5462 5465 5463 5463 5465 5466 5462 5464 5467 5462 5467 5468 5468 5467 5469 5470 5471 5472 5470 5473 5471 5474 5470 5472 5473 5475 5471 5473 5476 5475 5476 5477 5475 5478 5479 5480 5481 5479 5478 5481 5482 5479 5483 5482 5481 5483 5484 5482 5485 5484 5483 5485 5486 5484 5478 5480 5487 5487 5480 5488 5487 5488 5489 5489 5488 5490 5489 5490 5491 5491 5490 5492 5493 5486 5485 5491 5492 5493 5493 5492 5486 5494 5495 5496 5494 5497 5495 5495 5498 5496 5494 5499 5497 5494 5500 5499 5500 5501 5499 5502 5503 5504 5502 5505 5503 5506 5505 5502 5504 5503 5507 5504 5507 5508 5508 5507 5509 5510 5511 5512 5513 5511 5510 5513 5514 5511 5515 5514 5513 5515 5516 5514 5517 5516 5515 5517 5518 5516 5510 5512 5519 5519 5512 5520 5519 5520 5521 5521 5520 5522 5521 5522 5523 5523 5522 5524 5523 5524 5525 5525 5524 5518 5525 5518 5517 5526 5527 5528 5526 5529 5527 5527 5530 5528 5526 5531 5529 5526 5532 5531 5532 5533 5531 5534 5535 5536 5534 5537 5535 5538 5537 5534 5536 5535 5539 5536 5539 5540 5540 5539 5541 5542 5543 5544 5545 5543 5542 5545 5546 5543 5547 5546 5545 5547 5548 5546 5549 5548 5547 5549 5550 5548 5542 5544 5551 5551 5544 5552 5551 5552 5553 5553 5552 5554 5553 5554 5555 5555 5554 5556 5555 5556 5557 5557 5556 5550 5557 5550 5549 5558 5559 5560 5558 5561 5559 5559 5562 5560 5558 5563 5561 5558 5564 5563 5564 5565 5563 5566 5567 5568 5566 5569 5567 5570 5569 5566 5568 5567 5571 5568 5571 5572 5572 5571 5573 5574 5575 5576 5575 5577 5576 5575 5578 5577 5579 5580 5581 5581 5580 5582 5581 5582 5583 5583 5582 5584 5583 5584 5585 5579 5586 5580 5583 5585 5587 5588 5589 5590 5588 5590 5591 5592 5593 5594 5592 5595 5593 5596 5592 5594 5596 5594 5597 5598 5596 5597 5598 5597 5599 5600 5601 5602 5603 5602 5601 5603 5601 5604 5601 5605 5604 5606 5601 5600 5607 5604 5605 5604 5608 5603 5603 5608 5609 5604 5610 5608 5604 5607 5610 5606 5600 5611 5600 5602 5611 5603 5611 5602 5603 5612 5611 5611 5612 5613 5614 5613 5612 5603 5609 5615 5612 5603 5615 5612 5615 5616 5612 5616 5614 5606 5611 5617 5606 5617 5618 5617 5619 5618 5606 5620 5601 5606 5618 5620 5618 5621 5620 5622 5623 5624 5622 5625 5623 5626 5623 5625 5627 5623 5626 5627 5628 5623 5627 5629 5628 5627 5626 5630 5631 5632 5633 5631 5633 5634 5634 5633 5635 5634 5636 5631 5634 5637 5636 5638 5636 5637 5638 5639 5636 5639 5638 5640 5639 5640 5641 5638 5642 5640 5643 5644 5645 5643 5646 5644 5646 5647 5644 5646 5648 5647 5649 5650 5651 5652 5651 5650 5653 5651 5652 5653 5654 5651 5653 5652 5655 5656 5657 5658 5659 5660 5661 5659 5662 5660 5663 5660 5662 5663 5662 5664 5663 5664 5665 5663 5665 5666 5667 5666 5665 5667 5668 5666 5669 5670 5671 5669 5672 5670 5670 5672 5673 5674 5669 5671 5670 5673 5675 5676 5675 5673 5676 5673 5677 5678 5676 5677 5678 5677 5679 5680 5678 5679 5681 5682 5683 5684 5682 5681 5684 5685 5682 5686 5687 5688 5686 5689 5687 5690 5691 5692 5691 5693 5692 5691 5694 5693 5694 5695 5693 5694 5696 5695 5690 5692 5697 5694 5698 5696 5684 5699 5700 5684 5701 5699 5684 5702 5701 5684 5681 5702 5681 5703 5702 5681 5704 5703 5705 5706 5707 5705 5708 5706 5709 5708 5705 5709 5710 5708 5711 5710 5709 5711 5712 5710 5622 5624 5713 5622 5713 5714 5715 5714 5713 5716 5715 5713 5716 5713 5717 5716 5717 5718 5716 5719 5715 5720 5721 5722 5722 5721 5647 5722 5647 5648 5720 5723 5721 5649 5651 5724 5725 5724 5651 5726 5725 5651 5726 5651 5727 5726 5728 5725 5729 5658 5657 5694 5730 5698 5731 5732 5733 5732 5731 5734 5732 5735 5733 5732 5736 5735 5736 5732 5737 5732 5734 5737 5738 5739 5740 5738 5741 5739 5738 5742 5741 5738 5743 5742 5744 5745 5746 5745 5744 5747 5745 5748 5746 5745 5749 5748 5745 5747 5750 5749 5745 5750 5751 5752 5753 5751 5754 5752 5751 5755 5754 5751 5756 5755 5757 5758 5759 5758 5757 5760 5758 5761 5759 5758 5762 5761 5762 5758 5763 5758 5760 5763 5764 5765 5766 5764 5767 5765 5764 5768 5767 5764 5769 5768 5770 5771 5772 5771 5770 5773 5771 5774 5772 5771 5775 5774 5775 5771 5776 5771 5773 5776 5777 5778 5779 5777 5780 5778 5777 5781 5780 5777 5782 5781 5783 5784 5785 5783 5786 5784 5786 5787 5784 5786 5788 5787 5788 5789 5787 5788 5790 5789 5791 5783 5785 5791 5785 5792 5786 5783 5793 5788 5786 5794 5786 5793 5794 5788 5794 5795 5790 5788 5795 5790 5795 5796 5783 5791 5797 5783 5797 5793 5790 5798 5789 5790 5799 5798 5799 5790 5796 5799 5800 5798 5799 5801 5800 5801 5802 5800 5803 5792 5802 5803 5791 5792 5801 5803 5802 5801 5799 5804 5799 5796 5804 5803 5801 5805 5801 5804 5805 5803 5805 5806 5791 5803 5806 5791 5806 5797 5807 5808 5809 5810 5808 5811 5811 5808 5812 5807 5812 5808 5813 5807 5809 5808 5810 5814 5810 5815 5814 5810 5816 5815 5816 5817 5818 5816 5818 5815 5817 5819 5818 5813 5809 5819 5819 5817 5820 5819 5820 5813 5821 5822 5823 5822 5824 5823 5824 5825 5823 5825 5826 5823 5827 5821 5823 5826 5827 5823 5828 5829 5830 5829 5828 5831 5831 5828 5832 5833 5834 5835 5836 5833 5835 5837 5838 5839 5837 5840 5838 5841 5842 5843 5844 5845 5846 5844 5847 5845 5844 5848 5847 5847 5848 5849 5847 5849 5850 5851 5852 5853 5854 5855 5856 5857 5858 5859 5857 5860 5858 5861 5862 5863 5861 5864 5862 5864 5865 5862 5864 5866 5865 5866 5867 5865 5866 5868 5867 5868 5869 5867 5868 5870 5869 5871 5872 5873 5871 5874 5872 5871 5873 5875 5875 5876 5871 5877 5871 5876 5877 5876 5878 5871 5879 5874 5877 5879 5871 5875 5880 5876 5880 5875 5881 5880 5881 5882 5880 5882 5883 5884 5878 5876 5884 5876 5880 5880 5883 5885 5884 5880 5885 5886 5887 5888 5886 5889 5887 5889 5890 5887 5889 5891 5890 5891 5892 5890 5891 5893 5892 5894 5843 5842 5895 5896 5897 5895 5898 5896 5895 5897 5899 5899 5897 5900 5899 5900 5901 5902 5903 5904 5905 5906 5907 5908 5909 5910 5908 5910 5911 5912 5858 5860 5912 5913 5858 5914 5915 5916 5914 5917 5915 5916 5915 5918 5916 5918 5919 5919 5918 5920 5919 5920 5921 5921 5920 5869 5921 5869 5870 5922 5923 5924 5922 5924 5925 5925 5924 5926 5925 5926 5927 5927 5926 5892 5927 5892 5893 5928 5929 5930 5928 5931 5929 5932 5931 5928 5932 5933 5931 5934 5933 5932 5934 5935 5933 5930 5929 5936 5930 5936 5937 5937 5936 5938 5937 5938 5939 5939 5938 5940 5939 5940 5941 5942 5943 5944 5942 5945 5943 5946 5947 5948 5946 5949 5947 5950 5946 5948 5950 5951 5946 5952 5951 5950 5952 5950 5953 5954 5952 5953 5954 5953 5955 5949 5956 5947 5949 5957 5956 5957 5958 5956 5957 5959 5958 5959 5960 5958 5961 5954 5955 5961 5955 5960 5959 5961 5960 5962 5963 5964 5962 5965 5963 5966 5962 5964 5966 5964 5967 5968 5966 5967 5968 5967 5969 5965 5970 5963 5965 5971 5970 5965 5972 5971 5962 5973 5965 5965 5973 5972 5966 5974 5962 5962 5974 5973 5966 5975 5974 5966 5976 5975 5966 5968 5976 5977 5968 5969 5977 5969 5978 5979 5977 5978 5979 5978 5980 5981 5979 5980 5971 5982 5970 5971 5981 5982 5981 5980 5982 5968 5983 5976 5979 5983 5977 5968 5977 5983 5979 5984 5983 5981 5984 5979 5981 5985 5984 5971 5985 5981 5971 5972 5985 5986 5983 5987 5975 5986 5987 5988 5909 5908 5988 5989 5909 5990 5991 5992 5990 5992 5993 5994 5990 5993 5992 5991 5995 5991 5996 5995 5991 5997 5996 5998 5999 5993 5999 5994 5993 5998 6000 5999 6000 5998 6001 5999 6002 5994 6001 6003 6000 6004 6003 6001 6003 6004 6005 6006 6003 6005 6006 6005 6007 6008 6006 6007 6008 6009 6006 6008 6010 6009 6008 6011 6010 6012 6004 6001 6013 6001 5998 6012 6001 6013 6014 6010 6011 6014 6015 6010 6016 6014 6011 6015 6014 6017 6018 6015 6017 6018 6017 6019 6019 6020 6018 6020 6019 6021 6018 6020 6022 6023 6022 6020 6016 6024 6014 6017 6014 6024 6017 6024 6025 6019 6017 6025 6019 6025 6026 6019 6027 6021 6028 6024 6016 6024 6028 6029 6028 6030 6029 6019 6026 6031 6019 6031 6027 6032 6027 6031 6032 6031 6033 6034 6032 6033 6035 6036 6037 6035 6038 6036 6039 6037 6036 6035 6040 6038 6035 6041 6040 6040 6041 6042 6040 6042 6043 6043 6042 6044 6043 6044 6045 6039 6046 6037 6039 6047 6048 6039 6049 6046 6039 6048 6049 6046 6049 6050 6046 6050 6051 6052 6053 6054 6052 6055 6053 6056 6055 6052 6054 6053 6057 6054 6057 6058 6057 6059 6058 6057 6060 6059 6056 6061 6055 6062 6061 6056 6062 6056 6063 6064 6065 6066 6064 6067 6065 6065 6068 6066 6065 6069 6068 6070 6067 6064 6070 6071 6067 6072 6071 6070 6072 6073 6071 6072 6074 6073 6075 6076 6077 6075 6078 6076 6079 6078 6075 6077 6076 6080 6077 6080 6081 6080 6082 6081 6080 6083 6082 6084 6078 6079 6084 6079 6085 6084 6085 6086 6087 6045 6044 6087 6044 6088 6089 6087 6088 6089 6088 6090 6091 6089 6090 6092 6093 6094 6092 6095 6093 6096 6093 6095 6097 6095 6092 6097 6098 6095 6099 6096 6095 6095 6098 6099 6047 6096 6100 6099 6100 6096 6047 6100 6048 6101 6100 6099 6101 6102 6100 6099 6103 6101 6098 6103 6099 6101 6103 6104 6105 6097 6092 6106 6092 6094 6107 6108 6109 6107 6110 6108 6111 6107 6109 6062 6063 6111 6110 6112 6108 6110 6113 6112 6112 6113 6114 6112 6114 6115 6062 6111 6116 6111 6109 6116 6117 6068 6069 6117 6069 6118 6119 6117 6118 6119 6118 6120 6121 6119 6120 6121 6120 6122 6123 6121 6122 6123 6122 6124 6123 6124 6125 6126 6127 6128 6126 6129 6127 6130 6126 6128 6129 6131 6127 6129 6132 6131 6131 6132 6133 6131 6133 6134 6135 6086 6085 6135 6130 6128 6135 6085 6130 6136 6137 6138 6136 6139 6137 6136 6138 6140 6136 6140 6141 6136 6142 6139 6136 6143 6142 6136 6144 6143 6136 6141 6144 6002 6145 5994 6002 6146 6145 6147 6145 6146 6147 6146 6148 6149 6150 6151 6149 6152 6150 6151 6150 6153 6151 6153 6154 6154 6153 6155 6154 6155 6156 6157 6152 6149 6157 6149 6158 6156 6155 6159 6160 6161 6162 6160 6163 6161 6161 6163 6164 6161 6164 6165 6160 6162 6166 6166 6162 6167 6166 6167 6168 6168 6167 6169 6170 6171 6172 6172 6171 6173 6174 6175 6176 6177 6175 6174 6177 6178 6175 6179 6180 6181 6182 6170 6172 6172 6183 6182 6180 6184 6181 6185 6186 6187 6185 6188 6186 6187 6186 6189 6190 6191 6192 6190 6193 6191 6194 6195 6196 6194 6197 6195 6013 5998 6198 6199 6200 6201 6199 6202 6200 6203 6204 6205 6203 6206 6204 6207 6208 6209 6207 6210 6208 6211 6212 6213 6211 6214 6212 6215 6216 6217 6215 6218 6216 6219 6220 6221 6219 6222 6220 6223 6224 6225 6224 6223 6226 6224 6226 6227 6228 6227 6226 6228 6229 6227 6230 6231 6232 6230 6233 6231 6233 6234 6231 6233 6235 6234 6236 6234 6235 6232 6237 6230 6229 6228 6238 6239 6240 6241 6240 6239 6242 6240 6242 6243 6244 6243 6242 6244 6245 6243 6246 6247 6248 6246 6249 6247 6249 6250 6247 6249 6251 6250 6252 6250 6251 6248 6253 6246 6245 6244 6254 6255 6256 6257 6256 6255 6258 6256 6258 6259 6260 6259 6258 6260 6261 6259 6262 6263 6264 6262 6265 6263 6265 6266 6263 6265 6267 6266 6268 6266 6267 6264 6269 6262 6261 6260 6270 6271 6272 6273 6272 6271 6274 6272 6274 6275 6276 6275 6274 6276 6277 6275 6278 6279 6280 6278 6281 6279 6281 6282 6279 6281 6283 6282 6284 6282 6283 6280 6285 6278 6277 6276 6286 6287 6288 6289 6288 6287 6290 6288 6290 6291 6292 6291 6290 6292 6293 6291 6294 6295 6296 6294 6297 6295 6297 6298 6295 6297 6299 6298 6300 6298 6299 6296 6301 6294 6293 6292 6302 6303 6304 6305 6304 6303 6306 6304 6306 6307 6308 6307 6306 6308 6309 6307 6310 6311 6312 6310 6313 6311 6313 6314 6311 6313 6315 6314 6316 6314 6315 6312 6317 6310 6309 6308 6318 6319 6320 6321 6319 6321 6322 6323 6319 6322 6323 6322 6324 6325 6323 6324 6325 6324 6326 6327 6325 6326 6327 6326 6328 6329 6327 6328 6320 6329 6330 6329 6328 6330 6320 6330 6321 6331 6332 6333 6331 6333 6334 6334 6333 6335 6331 6334 6336 6334 6337 6336 6334 6335 6338 6334 6338 6337 6331 6336 6339 6340 6331 6339 6340 6332 6331 6340 6341 6332 6340 6339 6342 6338 6335 6343 6344 6341 6340 6344 6340 6342 6344 6345 6341 6344 6342 6346 6347 6345 6344 6347 6343 6345 6338 6343 6347 6347 6344 6346 6338 6348 6337 6338 6347 6348 6347 6346 6348 6349 6350 6351 6349 6352 6350 6353 6351 6350 6353 6350 6354 6355 6356 6357 6355 6358 6356 6355 6357 6359 6355 6359 6360 6361 6362 6363 6361 6364 6362 6365 6361 6363 6364 6366 6362 6364 6367 6366 6367 6368 6366 6369 6370 6371 6369 6372 6370 6373 6371 6370 6373 6370 6374 6375 6376 6377 6375 6378 6376 6375 6377 6379 6375 6379 6380 6381 6382 6383 6381 6384 6382 6385 6381 6383 6384 6386 6382 6384 6387 6386 6387 6388 6386 6389 6390 6391 6389 6392 6390 6393 6391 6390 6393 6390 6394 6395 6396 6397 6395 6398 6396 6395 6397 6399 6395 6399 6400 6401 6402 6403 6401 6404 6402 6405 6401 6403 6404 6406 6402 6404 6407 6406 6407 6408 6406 6409 6410 6411 6409 6412 6410 6413 6410 6412 6413 6414 6410 6409 6411 6415 6409 6415 6416 6412 6417 6413 6412 6418 6417 6418 6419 6417 6418 6420 6419 6421 6418 6412 6421 6420 6418 6421 6412 6409 6421 6422 6420 6423 6422 6421 6423 6409 6416 6423 6421 6409 6423 6424 6422 6411 6425 6415 6411 6426 6425 6427 6425 6426 6414 6428 6410 6428 6426 6411 6428 6411 6410 6414 6429 6428 6426 6428 6430 6430 6428 6429 6430 6429 6431 6432 6430 6431 6432 6431 6433 6434 6430 6432 6426 6430 6434 6427 6426 6434 6435 6414 6413 6417 6435 6413 6425 6436 6415 6416 6415 6436 6435 6437 6414 6437 6429 6414 6435 6436 6437 6435 6438 6436 6438 6423 6416 6416 6436 6438 6439 6438 6435 6417 6439 6435 6440 6424 6423 6438 6440 6423 6439 6440 6438 6440 6441 6424 6439 6441 6440 6417 6442 6439 6439 6442 6441 6417 6419 6442 6425 6443 6436 6443 6437 6436 6437 6444 6429 6444 6431 6429 6443 6444 6437 6444 6443 6445 6445 6425 6427 6445 6443 6425 6444 6445 6446 6444 6446 6431 6445 6447 6446 6431 6447 6433 6431 6446 6447 6448 6427 6434 6445 6427 6448 6449 6450 6451 6449 6452 6450 6453 6451 6450 6453 6450 6454 6449 6455 6452 6449 6456 6455 6457 6442 6419 6451 6453 6457 6451 6457 6458 6458 6457 6419 6458 6419 6420 6459 6420 6422 6459 6458 6420 6459 6451 6458 6459 6449 6451 6460 6422 6424 6460 6456 6449 6460 6459 6422 6460 6449 6459 6452 6455 6461 6452 6461 6462 6463 6462 6461 6463 6464 6462 6462 6464 6465 6454 6450 6466 6466 6450 6452 6466 6452 6462 6462 6465 6466 6465 6467 6466 6454 6466 6467 6465 6468 6467 6464 6469 6465 6469 6468 6465 6469 6470 6468 6457 6453 6471 6471 6453 6454 6461 6455 6472 6456 6472 6455 6473 6456 6460 6471 6472 6473 6456 6473 6472 6471 6454 6474 6474 6454 6467 6471 6474 6472 6457 6471 6475 6475 6471 6473 6475 6441 6442 6457 6475 6442 6473 6460 6476 6476 6460 6424 6476 6424 6441 6475 6476 6441 6475 6473 6476 6461 6472 6477 6477 6472 6474 6477 6474 6478 6474 6467 6478 6478 6467 6468 6478 6479 6477 6479 6463 6461 6479 6461 6477 6478 6480 6479 6478 6468 6480 6468 6470 6481 6468 6481 6480 6479 6480 6481 6482 6483 6484 6482 6485 6483 6486 6483 6485 6486 6487 6483 6482 6484 6488 6482 6488 6489 6485 6490 6486 6485 6491 6490 6491 6492 6490 6491 6493 6492 6494 6485 6482 6494 6491 6485 6494 6493 6491 6494 6495 6493 6496 6495 6494 6496 6494 6482 6496 6482 6489 6496 6497 6495 6484 6498 6488 6484 6499 6498 6500 6498 6499 6501 6499 6484 6501 6484 6483 6487 6501 6483 6487 6502 6501 6499 6501 6503 6503 6501 6502 6503 6502 6504 6505 6503 6504 6505 6504 6506 6499 6503 6507 6507 6503 6505 6500 6499 6507 6508 6487 6486 6490 6508 6486 6498 6509 6488 6489 6488 6509 6508 6510 6487 6508 6509 6510 6510 6502 6487 6508 6511 6509 6489 6509 6511 6511 6496 6489 6512 6511 6508 6490 6512 6508 6513 6497 6496 6512 6513 6511 6511 6513 6496 6512 6514 6513 6513 6514 6497 6512 6515 6514 6490 6492 6515 6490 6515 6512 6498 6516 6509 6516 6510 6509 6510 6517 6502 6517 6504 6502 6516 6517 6510 6518 6498 6500 6517 6516 6518 6518 6516 6498 6517 6518 6519 6517 6519 6504 6518 6520 6519 6504 6519 6520 6504 6520 6506 6518 6500 6521 6521 6500 6507 6522 6523 6524 6522 6525 6523 6526 6524 6523 6526 6523 6527 6522 6528 6525 6522 6529 6528 6524 6526 6530 6530 6515 6492 6531 6492 6493 6524 6530 6531 6531 6530 6492 6532 6524 6531 6532 6522 6524 6532 6493 6495 6532 6531 6493 6533 6529 6522 6533 6532 6495 6533 6495 6497 6533 6522 6532 6525 6528 6534 6525 6534 6535 6536 6535 6534 6536 6537 6535 6535 6537 6538 6527 6523 6539 6535 6538 6539 6539 6525 6535 6539 6523 6525 6527 6539 6540 6538 6540 6539 6538 6541 6540 6542 6541 6538 6537 6542 6538 6542 6543 6541 6544 6526 6527 6530 6526 6544 6529 6545 6528 6534 6528 6545 6529 6546 6545 6546 6529 6533 6544 6545 6546 6544 6547 6545 6544 6527 6547 6547 6527 6540 6530 6548 6515 6548 6544 6546 6548 6514 6515 6530 6544 6548 6548 6549 6514 6546 6533 6549 6548 6546 6549 6549 6533 6497 6549 6497 6514 6534 6545 6550 6550 6545 6547 6551 6540 6541 6547 6540 6551 6550 6547 6551 6551 6552 6550 6552 6536 6534 6552 6534 6550 6551 6541 6553 6551 6553 6552 6541 6554 6553 6552 6553 6554 6541 6543 6554 6555 6556 6557 6555 6558 6556 6559 6556 6558 6559 6560 6556 6555 6557 6561 6555 6561 6562 6558 6563 6559 6558 6564 6563 6564 6565 6563 6564 6566 6565 6567 6564 6558 6567 6558 6555 6567 6566 6564 6567 6568 6566 6569 6555 6562 6569 6568 6567 6569 6567 6555 6569 6570 6568 6557 6571 6561 6557 6572 6571 6573 6571 6572 6560 6574 6556 6574 6557 6556 6574 6572 6557 6572 6574 6575 6572 6575 6576 6573 6572 6576 6577 6573 6576 6576 6575 6578 6578 6575 6579 6578 6579 6580 6575 6574 6581 6575 6581 6579 6560 6581 6574 6582 6560 6559 6563 6582 6559 6571 6583 6561 6562 6561 6583 6584 6581 6560 6582 6583 6584 6582 6584 6560 6562 6583 6585 6585 6569 6562 6582 6585 6583 6563 6586 6582 6586 6585 6582 6587 6570 6569 6585 6587 6569 6586 6587 6585 6586 6588 6587 6587 6588 6570 6563 6589 6586 6563 6565 6589 6586 6589 6588 6571 6590 6583 6590 6584 6583 6590 6591 6584 6591 6579 6581 6584 6591 6581 6592 6573 6577 6591 6590 6592 6592 6571 6573 6592 6590 6571 6591 6593 6579 6591 6592 6593 6579 6593 6594 6592 6594 6593 6579 6594 6580 6595 6596 6597 6595 6598 6596 6599 6597 6596 6599 6596 6600 6595 6601 6598 6595 6602 6601 6597 6599 6603 6603 6589 6565 6604 6603 6565 6604 6565 6566 6597 6603 6604 6605 6566 6568 6605 6597 6604 6605 6604 6566 6605 6595 6597 6606 6568 6570 6606 6595 6605 6606 6605 6568 6606 6602 6595 6598 6601 6607 6598 6607 6608 6609 6608 6607 6609 6610 6608 6608 6610 6611 6600 6596 6612 6608 6611 6612 6612 6598 6608 6612 6596 6598 6611 6613 6612 6600 6612 6613 6611 6614 6613 6610 6615 6611 6615 6614 6611 6615 6616 6614 6617 6599 6600 6603 6599 6617 6602 6618 6601 6607 6601 6618 6602 6619 6618 6617 6618 6619 6619 6602 6606 6620 6600 6613 6617 6600 6620 6617 6620 6618 6603 6621 6589 6603 6617 6621 6621 6617 6619 6621 6588 6589 6621 6619 6622 6619 6606 6622 6622 6606 6570 6622 6570 6588 6621 6622 6588 6623 6618 6620 6607 6618 6623 6623 6620 6624 6620 6613 6624 6624 6613 6614 6624 6625 6623 6625 6607 6623 6625 6609 6607 6624 6626 6625 6624 6614 6626 6614 6627 6626 6625 6626 6627 6614 6616 6627 6628 6629 6630 6631 6629 6628 6631 6632 6629 6633 6632 6631 6633 6634 6632 6635 6634 6633 6635 6636 6634 6628 6630 6637 6637 6630 6638 6637 6638 6639 6639 6638 6640 6639 6640 6641 6641 6640 6642 6641 6642 6643 6643 6642 6636 6643 6636 6635 6644 6645 6646 6644 6647 6645 6645 6648 6646 6644 6649 6647 6644 6650 6649 6650 6651 6649 6652 6653 6654 6652 6655 6653 6656 6655 6652 6654 6653 6657 6654 6657 6658 6658 6657 6659 6660 6661 6662 6663 6661 6660 6663 6664 6661 6665 6664 6663 6665 6666 6664 6667 6666 6665 6667 6668 6666 6660 6662 6669 6669 6662 6670 6669 6670 6671 6671 6670 6672 6671 6672 6673 6673 6672 6674 6675 6674 6668 6673 6674 6675 6675 6668 6667 6676 6677 6678 6676 6679 6677 6677 6680 6678 6676 6681 6679 6676 6682 6681 6682 6683 6681 6684 6685 6686 6684 6687 6685 6688 6687 6684 6686 6685 6689 6686 6689 6690 6690 6689 6691 6692 6693 6694 6695 6693 6692 6695 6696 6693 6697 6696 6695 6697 6698 6696 6699 6698 6697 6699 6700 6698 6692 6694 6701 6701 6694 6702 6701 6702 6703 6703 6702 6704 6703 6704 6705 6705 6704 6706 6707 6700 6699 6705 6706 6707 6707 6706 6700 6708 6709 6710 6708 6711 6709 6709 6712 6710 6708 6713 6711 6708 6714 6713 6714 6715 6713 6716 6717 6718 6716 6719 6717 6720 6719 6716 6718 6717 6721 6718 6721 6722 6722 6721 6723 6724 6725 6726 6727 6724 6726 6727 6726 6728 6729 6727 6728 6729 6728 6730 6731 6729 6730 6731 6730 6732 6724 6733 6725 6733 6734 6725 6733 6735 6734 6735 6736 6734 6735 6737 6736 6737 6738 6736 6737 6739 6738 6739 6732 6738 6739 6731 6732 6740 6741 6742 6740 6743 6741 6741 6743 6744 6740 6742 6745 6740 6745 6746 6746 6745 6747 6748 6749 6750 6748 6751 6749 6752 6748 6750 6751 6753 6749 6751 6754 6753 6754 6755 6753 6756 6757 6758 6759 6756 6758 6759 6758 6760 6761 6759 6760 6761 6760 6762 6763 6761 6762 6763 6762 6764 6756 6765 6757 6765 6766 6757 6765 6767 6766 6767 6768 6766 6767 6769 6768 6769 6770 6768 6769 6771 6770 6771 6764 6770 6771 6763 6764 6772 6773 6774 6772 6775 6773 6773 6775 6776 6772 6774 6777 6772 6777 6778 6778 6777 6779 6780 6781 6782 6780 6783 6781 6784 6780 6782 6783 6785 6781 6783 6786 6785 6786 6787 6785 6788 6789 6790 6791 6788 6790 6791 6790 6792 6793 6791 6792 6793 6792 6794 6795 6793 6794 6795 6794 6796 6788 6797 6789 6797 6798 6789 6797 6799 6798 6799 6800 6798 6799 6801 6800 6801 6802 6800 6803 6796 6802 6803 6795 6796 6801 6803 6802 6804 6805 6806 6804 6807 6805 6805 6807 6808 6804 6806 6809 6804 6809 6810 6810 6809 6811 6812 6813 6814 6812 6815 6813 6816 6812 6814 6815 6817 6813 6815 6818 6817 6818 6819 6817 6820 6821 6822 6822 6821 6823 6822 6823 6824 6825 6826 6827 6826 6828 6827 6826 6829 6828 6829 6830 6828 6829 6831 6830 6825 6827 6832 6829 6833 6831 6834 6835 6836 6834 6837 6835 6838 6839 6840 6838 6841 6839 6842 6841 6838 6842 6843 6841 6844 6843 6842 6844 6845 6843 6846 6847 6848 6849 6848 6847 6849 6850 6848 6848 6850 6851 6852 6846 6848 6853 6851 6850 6850 6849 6854 6849 6855 6854 6850 6856 6853 6850 6854 6856 6849 6847 6857 6852 6857 6846 6846 6857 6847 6849 6857 6858 6857 6859 6858 6860 6858 6859 6849 6861 6855 6858 6861 6849 6858 6860 6862 6858 6862 6861 6852 6863 6857 6852 6864 6863 6863 6864 6865 6852 6866 6864 6852 6848 6866 6864 6866 6867 6868 6869 6870 6868 6871 6869 6872 6870 6869 6873 6872 6869 6873 6869 6874 6873 6874 6875 6873 6876 6872 6877 6878 6879 6877 6880 6878 6880 6881 6878 6880 6877 6882 6880 6882 6883 6884 6883 6882 6884 6882 6885 6885 6886 6884 6885 6887 6886 6884 6886 6888 6889 6890 6891 6891 6890 6892 6891 6892 6893 6889 6894 6890 6895 6896 6897 6898 6897 6896 6899 6898 6896 6899 6896 6900 6899 6901 6898 6902 6903 6904 6905 6906 6907 6905 6908 6906 6909 6907 6906 6909 6910 6907 6909 6911 6910 6909 6912 6911 6913 6911 6912 6913 6912 6914 6915 6916 6917 6915 6918 6916 6916 6919 6917 6920 6918 6915 6916 6921 6919 6922 6919 6921 6922 6923 6919 6924 6923 6922 6924 6925 6923 6926 6925 6924 6927 6928 6929 6930 6927 6929 6930 6929 6931 6932 6933 6934 6932 6934 6935 6936 6937 6938 6938 6937 6939 6938 6939 6940 6940 6939 6941 6940 6941 6942 6936 6943 6937 6940 6942 6944 6930 6945 6946 6930 6946 6947 6930 6947 6948 6930 6948 6927 6927 6948 6949 6927 6949 6950 6951 6952 6953 6951 6954 6952 6955 6951 6953 6955 6953 6956 6957 6955 6956 6957 6956 6958 6868 6959 6871 6868 6960 6959 6961 6959 6960 6962 6959 6961 6962 6963 6959 6962 6964 6963 6962 6961 6965 6966 6967 6968 6966 6969 6967 6969 6893 6892 6969 6892 6967 6895 6970 6896 6971 6896 6970 6972 6896 6971 6972 6973 6896 6972 6971 6974 6975 6904 6903 6940 6944 6976 6977 6978 6979 6979 6980 6977 6979 6978 6981 6979 6981 6982 6982 6983 6979 6979 6983 6980 6984 6985 6986 6984 6987 6985 6984 6986 6988 6984 6988 6989 6990 6991 6992 6992 6993 6990 6992 6991 6994 6992 6994 6995 6995 6996 6992 6992 6996 6993 6997 6998 6999 6997 7000 6998 6997 6999 7001 6997 7001 7002 7003 7004 7005 7005 7006 7003 7005 7004 7007 7005 7007 7008 7005 7009 7006 7008 7009 7005 7010 7011 7012 7010 7013 7011 7010 7012 7014 7010 7014 7015 7016 7017 7018 7018 7019 7016 7018 7017 7020 7018 7020 7021 7018 7022 7019 7021 7022 7018 7023 7024 7025 7023 7026 7024 7023 7025 7027 7023 7027 7028 7029 7030 7031 7029 7032 7030 7031 7030 7033 7031 7033 7034 7034 7033 7035 7034 7035 7036 7037 7032 7029 7037 7038 7032 7031 7039 7029 7034 7040 7031 7031 7040 7039 7036 7041 7034 7034 7041 7040 7036 7042 7041 7029 7043 7037 7029 7039 7043 7036 7035 7044 7036 7044 7045 7045 7042 7036 7045 7044 7046 7045 7046 7047 7047 7046 7048 7047 7048 7049 7049 7048 7038 7049 7038 7037 7047 7050 7045 7045 7050 7042 7047 7051 7050 7049 7051 7047 7037 7052 7049 7037 7043 7052 7049 7052 7051 7053 7054 7055 7053 7056 7054 7057 7056 7053 7054 7058 7059 7054 7059 7055 7058 7054 7060 7058 7060 7061 7058 7061 7062 7062 7061 7063 7062 7063 7064 7065 7064 7063 7057 7065 7056 7066 7065 7057 7064 7065 7066 7067 7068 7069 7069 7068 7070 7070 7068 7071 7071 7068 7072 7073 7068 7067 7072 7068 7073 7074 7075 7076 7075 7074 7077 7075 7077 7078 7079 7080 7081 7082 7080 7079 7083 7084 7085 7083 7086 7084 91 80 82 7087 80 91 7088 7087 91 7089 7087 7088 7089 7088 7090 7090 7088 7091 7092 7090 7091 7093 7090 7092 7094 7093 7092 7095 7093 7094 7095 7094 7096 7096 7094 7097 7098 7096 7097 7099 7096 7098 7100 7099 7098 7101 7099 7100 7100 7102 7101 7103 7102 7100 7104 7102 7103 7105 7102 7104 7106 7105 7104 7107 7105 7106 7108 7107 7106 7109 7107 7108 7110 7109 7108 7111 7109 7110 7110 7112 7111 7113 7112 7110 7112 7113 7114 7114 7113 7115 7115 85 7114 7114 85 84 85 89 83 7115 89 85 7116 89 7115 7115 7117 7116 7113 7117 7115 7110 7118 7113 7113 7118 7117 7110 7108 7118 7106 7119 7108 7118 7108 7119 7104 7120 7106 7120 7119 7106 7103 7121 7104 7121 7120 7104 7122 7121 7103 7103 7100 7122 7122 7100 7123 7100 7124 7123 7098 7124 7100 7098 7097 7124 7124 7097 7125 7097 7126 7125 7092 7126 7094 7094 7126 7097 7127 7126 7092 7091 7127 7092 7128 7127 7091 7088 7129 7091 7091 7129 7128 7088 7130 7129 91 7130 7088 91 90 7130 97 96 93 7131 96 97 7132 96 7131 7131 7133 7132 7132 7133 7134 7134 7133 7135 7135 7133 7136 7136 7137 7135 7135 7137 7138 7138 7137 7139 7139 7137 7140 7139 7140 7141 7141 7140 7142 7141 7142 7143 7143 7142 7144 7143 7144 7145 7145 7144 7146 7146 7147 7145 7145 7147 7148 7148 7147 7149 7149 7147 7150 7150 7151 7149 7149 7151 7152 7151 7153 7152 7152 7153 7154 7154 7153 7155 7155 7153 7156 7156 7157 7155 7155 7157 7158 100 7158 7157 99 7158 100 7151 7150 7159 7151 7159 7153 7159 7150 7160 7147 7146 7161 7150 7161 7160 7147 7161 7150 7146 7144 7162 7161 7146 7162 7162 7144 7163 7144 7164 7163 7142 7164 7144 7142 7165 7164 7140 7165 7142 7140 7166 7165 7137 7136 7166 7137 7166 7140 7166 7136 7167 7136 7168 7167 7133 7168 7136 7131 97 7169 7168 7133 7169 7169 7133 7131 7170 97 92 7169 97 7170 7153 7159 7171 7153 7171 7156 7156 7171 7172 7173 7156 7172 7157 7156 7173 104 7157 7173 104 98 100 100 7157 104 112 111 139 7174 112 139 7175 112 7174 7175 7174 7176 7176 7174 114 7176 114 113 135 113 115 7177 113 135 7177 135 117 117 135 118 120 116 132 120 132 7178 7178 132 7179 122 7178 7179 7180 7178 122 7180 122 121 129 124 123 124 129 126 126 129 127 7181 125 127 7182 127 129 7181 127 7182 7182 129 128 7179 130 122 122 130 123 7183 130 7179 7179 7184 7183 132 7184 7179 131 7184 132 118 133 116 7185 133 118 118 7186 7185 135 134 118 118 134 7186 114 137 115 114 7187 137 7174 7187 114 139 7187 7174 7188 7187 139 139 138 7188 7189 143 142 147 144 143 146 144 147 150 149 7190 7190 149 7191 7190 7191 7192 7192 7191 7193 7193 152 7192 7192 152 151 153 152 173 173 155 153 153 155 7194 7194 155 154 157 7195 158 158 7195 7196 7196 7195 7197 7197 7195 170 170 161 7197 7197 161 160 7198 7195 157 157 156 7198 7198 156 168 155 167 156 173 167 155 7199 167 173 173 7200 7199 161 170 169 170 7201 171 7201 7195 7198 7195 7201 170 173 172 7200 7193 174 152 7193 7202 174 7191 7202 7193 7202 7191 7203 149 7204 7191 7191 7204 7203 7204 149 175 147 143 176 176 143 7189 7205 7206 7207 7208 7207 7206 7209 7205 7207 7210 7205 7209 7208 7206 7211 7212 7213 7214 7212 7215 7213 7216 7212 7214 7216 7214 7217 7218 7216 7217 7219 7218 7217 7219 7217 7220 7220 7217 7221 7220 7221 7222 7217 7223 7221 7217 7214 7223 7214 7213 7224 7214 7224 7223 7225 7226 7227 7225 7228 7226 7229 7225 7227 7229 7227 7230 7229 7230 7231 7232 7229 7231 7232 7231 7233 7211 7234 7208 7210 7209 7235 7208 7234 7236 7235 7209 7236 7235 7236 7234 7237 7213 7215 7238 7224 7213 7237 7238 7213 7239 7238 7237 7219 7220 7240 7239 7240 7238 7219 7240 7241 7241 7240 7239 7220 7242 7240 7220 7222 7242 7240 7242 7243 7238 7243 7224 7240 7243 7238 7244 7226 7228 7244 7245 7226 7246 7245 7244 7246 7247 7245 7246 7248 7247 7232 7248 7246 7232 7233 7248 7249 232 230 7250 230 228 7249 230 7250 7249 7250 7251 7250 7252 7251 7250 7253 7252 7253 228 225 7250 228 7253 7249 7251 7254 7253 7255 7252 7253 7256 7255 7256 225 224 7253 225 7256 7256 7257 7255 7256 224 7258 7256 7258 7257 7249 238 232 7259 7258 224 7259 7257 7258 7259 224 234 7259 7260 7257 7261 234 236 7261 7259 234 7261 7260 7259 7261 7262 7260 7263 7262 7261 7263 236 238 7263 7261 236 7249 7263 238 7249 7254 7264 7263 7264 7262 7249 7264 7263 263 240 239 263 239 243 7265 240 263 7265 7266 240 7266 241 240 241 7266 7267 241 7267 7268 241 7268 248 7268 253 248 7268 7269 253 7267 7269 7268 241 248 246 7267 7270 7269 264 263 262 264 7265 263 265 244 261 7271 7265 264 7272 7266 7265 7271 7272 7265 7273 7271 264 7273 264 265 7273 265 266 7273 266 7274 7274 266 7275 266 268 7275 266 269 268 268 267 270 7275 268 272 268 270 272 266 274 269 7275 272 7276 271 7276 272 7277 7269 7270 7276 271 7277 7277 271 7278 7277 7278 7269 7278 253 7269 7278 276 253 271 276 7278 271 277 276 7279 7270 7267 7279 7267 7266 7279 7280 7270 7272 7281 7266 7279 7266 7281 7282 7275 7276 7274 7275 7282 7283 7276 7277 7283 7270 7280 7283 7277 7270 7282 7276 7284 7283 7284 7276 7285 7286 7287 7285 7288 7286 7289 7288 7285 7289 7290 7288 7291 7290 7289 7291 7292 7290 7293 7292 7291 7293 7294 7292 7295 7294 7293 7287 7286 7296 7295 7296 7294 7287 7296 7295 7297 7298 7299 7299 7298 7300 7297 7301 7298 7302 7301 7297 7299 7300 7303 7302 7304 7301 7303 7300 7305 7303 7305 7306 7306 7305 7307 7308 7304 7302 7306 7307 7308 7308 7307 7304 7309 7310 7311 7311 7310 7312 7311 7312 7313 7313 7312 7314 7309 7315 7310 7313 7314 7316 7317 7315 7309 7317 7318 7315 7319 7318 7317 7319 7320 7318 7316 7320 7319 7316 7314 7320 7321 2071 2070 7321 7322 2071 7321 7323 7322 7321 7324 7323 7323 7324 2073 7325 2078 2077 7325 7326 2078 7326 7325 7327 7326 7327 7328 7328 7327 7329 2081 7330 2082 7330 2081 7331 7330 7331 7332 7332 7331 7333 7334 2089 2088 7334 7335 2089 2092 7335 7334 2092 7334 2093 2109 2104 2106 2109 2106 2107 2110 2111 2108 7336 2115 2117 7336 2117 7337 7337 7338 7336 7337 7339 7338 7339 7340 7338 2119 2121 7341 7341 7342 2119 7341 7343 7342 7343 7344 7342 7345 2126 2128 7345 2128 7346 2131 7345 7346 2131 2130 7345 7347 2143 2142 7347 7348 2143 7347 7349 7348 7347 7350 7349 7349 7350 7351 7352 2147 2146 7352 7353 2147 7353 7352 7354 7353 7354 7355 7355 7354 7356 2150 7357 2151 7357 2150 7358 7357 7358 7359 7359 7358 7360 7361 2161 2160 7361 7362 2161 2164 7362 7361 2164 7361 2165 7363 2176 2178 7363 2178 7364 7364 7365 7363 7364 7366 7365 7366 7367 7365 7368 2180 2182 7368 2182 7369 7369 7370 7368 7369 7371 7370 7371 7372 7370 2184 2186 7373 7373 7374 2184 7373 7375 7374 7375 7376 7374 7377 2194 2196 7377 2196 7378 2199 7377 7378 2199 2198 7377 7379 2211 2210 7379 7380 2211 7379 7381 7380 7379 7382 7381 7381 7382 7383 7384 2215 2214 7384 7385 2215 7385 7384 7386 7385 7386 7387 7387 7386 7388 2218 7389 2219 7389 2218 7390 7389 7390 7391 7391 7390 7392 7393 2229 2228 7393 7394 2229 2232 7394 7393 2232 7393 2233 7395 2244 2246 7395 2246 7396 7396 7397 7395 7396 7398 7397 7398 7399 7397 7400 2248 2250 7400 2250 7401 7401 7402 7400 7401 7403 7402 7403 7404 7402 2252 2254 7405 7405 7406 2252 7405 7407 7406 7407 7408 7406 7409 2262 2264 7409 2264 7410 2267 7409 7410 2267 2266 7409 7411 2279 2278 7411 7412 2279 7411 7413 7412 7411 7414 7413 7413 7414 2281 7415 2286 2285 7415 7416 2286 7416 7415 7417 7416 7417 7418 7418 7417 7419 2289 7420 2290 7420 2289 7421 7420 7421 7422 7422 7421 7423 7424 2297 2296 7424 7425 2297 2300 7425 7424 2300 7424 2301 7426 2312 2314 7426 2314 7427 7427 7428 7426 7427 7429 7428 7429 2315 7428 7430 2319 2321 7430 2321 7431 7431 7432 7430 7431 7433 7432 7433 7434 7432 2323 2325 7435 7435 7436 2323 7435 7437 7436 7437 7438 7436 7439 2330 2332 7439 2332 7440 2335 7439 7440 2335 2334 7439 7441 7442 7443 7444 7441 7443 7441 7445 7442 7444 7443 7446 7447 7444 7446 7447 7446 7448 7449 7447 7448 7449 7448 7450 7451 7449 7450 7445 7451 7452 7451 7450 7452 7445 7452 7442 7453 7454 7455 7456 7453 7455 7453 7457 7454 7457 7458 7454 7457 7459 7458 7456 7455 7460 7459 7461 7458 7459 7462 7461 7462 7463 7461 7464 7456 7460 7462 7464 7463 7464 7460 7463 7465 7466 7467 7465 7468 7466 7468 7469 7466 7468 7470 7469 7470 7471 7469 7470 7472 7471 7473 7465 7467 7473 7467 7474 7475 7473 7474 7472 7476 7471 7472 7475 7476 7475 7474 7476 7477 3767 3769 7477 3769 7478 7477 7478 7479 7477 7479 7480 7479 3770 7480 7481 3774 3776 7481 3776 7482 7482 7483 7481 7482 7484 7483 7484 7485 7483 3778 3780 7486 7486 7487 3778 7486 7488 7487 7488 7489 7487 7490 3785 3787 7490 3787 7491 3790 7490 7491 3790 3789 7490 3804 3802 3801 3804 3803 3802 3807 3805 3808 7492 3813 3812 7492 7493 3813 7493 7492 7494 7493 7494 7495 7495 7494 7496 3816 7497 3817 7497 3816 7498 7497 7498 7499 7499 7498 7500 7501 3824 3823 7501 7502 3824 3827 7502 7501 3827 7501 3828 7503 3839 3841 7503 3841 7504 7503 7504 7505 7503 7505 7506 7505 7507 7506 7508 3843 3845 7508 3845 7509 7509 7510 7508 7509 7511 7510 7511 7512 7510 3847 3849 7513 7513 7514 3847 7513 7515 7514 7515 7516 7514 7517 3857 3859 7517 3859 7518 3862 7517 7518 3862 3861 7517 7519 3874 3873 7519 7520 3874 7520 7519 7521 7520 7521 7522 7522 7521 7523 7524 3878 3877 7524 7525 3878 7525 7524 7526 7525 7526 7527 7527 7526 7528 3881 7529 3882 7529 3881 7530 7529 7530 7531 7531 7530 7532 7533 3892 3891 7533 7534 3892 3895 7534 7533 3895 7533 3896 7535 3907 3909 7535 3909 7536 7535 7536 7537 7535 7537 7538 7537 7539 7538 7540 3911 3913 7540 3913 7541 7541 7542 7540 7541 7543 7542 7543 7544 7542 3915 3917 7545 7545 7546 3915 7545 7547 7546 7547 7548 7546 7549 3925 3927 7549 3927 7550 3930 7549 7550 3930 3929 7549 7551 3942 3941 7551 7552 3942 7552 7551 7553 7552 7553 7554 7554 7553 7555 7556 3946 3945 7556 7557 3946 7557 7556 7558 7557 7558 7559 7559 7558 7560 3949 7561 3950 7561 3949 7562 7561 7562 7563 7563 7562 7564 7565 3960 3959 7565 7566 3960 3963 7566 7565 3963 7565 3964 7567 3975 3977 7567 3977 7568 7567 7568 7569 7567 7569 7570 7569 3978 7570 7571 3982 3984 7571 3984 7572 7572 7573 7571 7572 7574 7573 7574 7575 7573 3986 3988 7576 7576 7577 3986 7576 7578 7577 7578 7579 7577 7580 3993 3995 7580 3995 7581 3998 7580 7581 3998 3997 7580 7582 4010 4009 7582 7583 4010 7583 7582 7584 7583 7584 7585 7585 7584 4012 7586 4017 4016 7586 7587 4017 7587 7586 7588 7587 7588 7589 7589 7588 7590 4020 7591 4021 7591 4020 7592 7591 7592 7593 7593 7592 7594 7595 4028 4027 7595 7596 4028 4031 7596 7595 4031 7595 4032 7597 7598 7599 7597 7600 7598 4664 7601 4743 7601 7602 4743 7603 7604 7605 7603 7606 7604 7607 7603 7605 7607 7605 7608 7609 7610 7611 7609 7612 7610 7613 7614 7615 7616 7617 7618 7616 7618 7619 7619 7618 7620 7619 7620 7621 7621 7620 7622 7621 7622 7623 7623 7622 7624 7623 7624 7625 7626 4640 7627 7626 4641 4640 7628 7629 7630 7631 7630 7629 7628 7630 7632 7630 7633 7632 7630 7634 7633 7634 7630 7631 7632 7633 7635 7632 7635 7636 7636 7635 7637 7638 7634 7631 7597 7599 7639 7597 7639 7640 7641 7642 7643 7641 7644 7642 7645 7644 7641 7645 7646 7644 7647 7610 7612 7647 7648 7610 7649 7650 7651 7652 7653 7654 7652 7655 7653 7655 7656 7653 7655 7657 7656 7657 7658 7656 7657 7659 7658 7659 7624 7658 7659 7625 7624 7660 4676 4678 7660 7661 4676 7662 7663 7664 7664 7663 7665 7631 7664 7666 7664 7665 7666 7638 7631 7666 7663 7667 7665 7663 7668 7667 7668 7669 7667 7631 7670 7664 7662 7664 7670 7671 4688 4689 7671 7672 4688 4689 4687 7673 4689 7673 7674 7675 7671 4689 7675 4689 7674 7675 7674 7676 4687 7677 7673 4687 7678 7677 7678 7679 7677 7678 7680 7679 7675 7681 7671 7682 4694 4695 7682 7675 4694 7682 7681 7675 7682 4695 7683 7684 7675 7676 7684 7676 7685 7686 7684 7685 7686 7685 7687 7688 7686 7687 7680 7688 7689 7680 7689 7679 7688 7687 7689 7690 4697 7691 7690 4698 4697 7692 7693 7694 7695 7696 7697 7695 7698 7696 7699 7698 7695 7699 7695 7700 7701 7702 7703 7704 7705 7706 7706 7707 7704 7706 7708 7707 7704 7709 7705 7710 7705 7709 7710 7709 7711 7708 7712 7707 7708 7713 7712 7714 7710 7711 7714 7712 7713 7714 7715 7712 7714 7711 7715 7716 7717 7718 7716 7719 7717 7720 7716 7718 7720 7721 7716 7722 7723 7724 7722 7725 7723 7725 7726 7723 7725 7727 7726 7728 7729 7730 7731 7730 7729 7731 7732 7730 7728 7733 7729 7733 7728 7734 7733 7734 7735 7735 7734 7736 7735 7736 7737 7738 7737 7736 7738 7732 7731 7738 7739 7732 7738 7736 7739 7740 7741 7742 7740 7743 7741 7744 7743 7740 7744 7740 7745 7746 7747 7748 7746 7749 7747 7748 7747 7750 7748 7750 7751 7752 7753 7754 7752 7755 7753 7756 7757 7758 7756 7759 7757 7758 7757 7760 7758 7760 7761 7761 7760 7762 7761 7762 7763 7758 5075 7756 7761 5073 7758 7758 5073 5075 7761 5077 5073 7763 5077 7761 7763 5079 5077 7763 7762 7764 7765 5079 7763 7763 7764 7765 7765 7764 7766 7765 7766 7767 7765 5081 5079 7767 5081 7765 7756 5083 7767 7767 5083 5081 7756 5075 5083 7768 5089 7769 7768 5086 5089 7770 5086 7768 7770 5087 5086 7771 5087 7770 7771 5095 5087 7769 5089 5097 7769 5097 7772 7772 5097 5099 7773 5099 5095 7773 5095 7771 7772 5099 7773 7774 7775 7776 7776 7777 7774 7776 7778 7777 7774 7779 7775 7780 7775 7779 7780 7779 7781 7782 7783 7784 7782 7785 7783 7786 7787 7788 7786 7789 7787 7786 7790 7789 7780 7791 7792 7780 7781 7791 7793 7792 7791 7793 7794 7792 7794 7793 7777 7794 7777 7778 7795 7784 7783 7795 7783 7796 7786 7788 7797 7786 7798 7790 7786 7797 7798 7799 7800 7801 7799 7802 7800 5909 5989 7803 7803 5989 7804 7805 7806 7807 7805 7808 7806 7809 7808 7805 7809 7810 7808 7811 7812 7813 7811 7814 7812 7815 7816 7817 7818 7819 7820 7818 7821 7819 7821 7822 7819 7821 7823 7822 7823 7824 7822 7823 7825 7824 7825 7826 7824 7825 7827 7826 7828 5886 5888 7828 7829 5886 7830 7831 7832 7833 7832 7831 7830 7834 7831 7831 7834 7835 7831 7835 7836 7836 7833 7831 7834 7837 7835 7834 7838 7837 7838 7839 7837 7840 7833 7836 7799 7841 7802 7799 7842 7841 7843 7844 7845 7843 7846 7844 7847 7843 7845 7847 7845 7848 7849 7813 7812 7849 7812 7850 7851 7852 7853 7854 7855 7856 7854 7856 7857 7857 7856 7858 7857 7858 7859 7859 7858 7860 7861 7826 7827 7861 7860 7826 7859 7860 7861 7862 5922 7863 7862 5923 5922 7864 7865 7866 7865 7867 7866 7840 7868 7833 7865 7868 7867 7833 7868 7865 7866 7867 7869 7866 7869 7870 7870 7869 7871 7833 7865 7872 7864 7872 7865 7873 5935 5934 7873 5934 7874 5935 7875 5933 5935 7876 7875 7877 5935 7873 7877 7876 5935 7877 7878 7876 5933 7875 7879 5933 7879 7880 7880 7879 7881 7880 7881 7882 7877 7873 7883 7884 5941 5940 7884 7877 7883 7884 5940 7877 7884 7885 5941 7886 7878 7877 7886 7887 7878 7888 7887 7886 7888 7889 7887 7890 7889 7888 7882 7891 7890 7890 7891 7889 7882 7881 7891 7892 5944 5943 7892 7893 5944 7894 7895 7896 7897 7898 7899 7897 7900 7898 7901 7897 7899 7901 7902 7897 7903 7904 7905 7906 7907 7908 7909 7908 7907 7909 7910 7908 7906 7911 7907 7911 7906 7912 7911 7912 7913 7913 7912 7914 7913 7914 7915 7916 7910 7909 7916 7915 7914 7916 7917 7910 7916 7914 7917 7918 7919 7920 7918 7921 7919 7922 7921 7918 7922 7918 7923 7924 7925 7926 7924 7927 7925 7926 7925 7928 7926 7928 7929 7930 7931 7932 7932 7933 7930 7932 7934 7933 7930 7935 7931 7936 7931 7935 7936 7935 7937 7934 7938 7933 7934 7939 7938 7940 7936 7937 7940 7938 7939 7940 7937 7941 7940 7941 7938 7942 7943 7944 7942 7945 7943 7946 7942 7944 7946 7947 7942 7948 7949 7950 7948 7951 7949 7951 7952 7949 7951 7953 7952 7954 7955 7956 7954 7957 7955 7958 7954 7956 7958 7956 7959 7960 7958 7959 7960 7959 7961 7958 7960 6320 7958 6320 6319 7954 7958 6319 7957 7954 6323 7954 6319 6323 7957 6323 6325 7957 7962 7955 7963 7957 6325 7957 7963 7962 7963 7964 7962 7965 7960 7961 7963 7965 7964 7965 7961 7964 7965 7963 6327 7963 6325 6327 7965 6327 6329 7960 7965 6329 7960 6329 6320 7966 6335 6333 7966 7967 6335 7968 7966 6333 7968 6333 6332 7969 7968 6332 7969 6332 6341 7967 6343 6335 7967 7970 6343 7970 6345 6343 7970 7971 6345 7971 6341 6345 7971 7969 6341 7972 7973 7974 7975 7974 7973 7975 7976 7974 7972 7977 7973 7977 7972 7978 7977 7978 7979 7980 7981 7982 7980 7983 7981 7984 7985 7986 7984 7986 7987 7984 7987 7988 7989 7990 7991 7991 7978 7989 7991 7979 7978 7975 7990 7992 7975 7992 7976 7989 7992 7990 7993 7981 7983 7993 7994 7981 7984 7995 7985 7984 7988 7996 7984 7996 7995</p>
        </triangles>
      </mesh>
    </geometry>
  </library_geometries>
  <library_controllers>
    <controller id="Controller">
      <skin source="#Geometry">
        <bind_shape_matrix>1 0 0 0 0 1 0 0 0 0 1 0 0 0 0 1</bind_shape_matrix>
        <source id="Controller-joints">
          <Name_array id="Controller-joints-array" count="42">CharacterCenterTarget J_weapon_l J_arm01_l J_neck J_finger02_l J_mahura_b04 CharacterFaceCenterTarget J_finger01_l J_mahura_b01 J_leg01_l J_arm02_l J_head J_mahura_a04 J_leg03_l J_weapon_r J_arm02_r J_root J_wing01_l GRP_joint J_mahura_b03 J_finger01_r J_center J_leg01_r J_mahura_b02 J_wing01_r J_arm03_r J_leg04_r J_mahura_a03 J_arm01_r J_leg02_l J_finger02_r J_mahura_a01 J_arm03_l J_leg03_r J_wing02_l J_wing02_r HUDTarget J_leg02_r J_mahura_a02 J_leg04_l J_spine01 chr745</Name_array>
          <technique_common>
            <accessor source="#Controller-joints-array" count="42" stride="1">
              <param name="JOINT" type="Name"/>
            </accessor>
          </technique_common>
        </source>
        <source id="Controller-bind_poses">
          <float_array id="Controller-bind_poses-array" count="672">0.479944 0 0 0 0 0.479944 0 -0.550247 0 0 0.479944 0 0 0 0 1 1.47048 -1.91779 -0.781882 0.650896 1.95493 1.6019 -0.252492 -2.81576 0.68375 -0.455607 2.40344 -0.133746 0 0 0 1 1.716 -1.87268 0 2.64881 1.87268 1.716 0 -2.92176 0 0 2.54 0.087078 0 0 0 1 2.54 0 0 0 0 2.54 0 -4.07508 0 0 2.54 0.077014 0 0 0 1 1.716 -1.87268 0 0.520095 1.87268 1.716 0 -2.82164 0 0 2.54 -0.070515 0 0 0 1 2.54 0 0 -0.000953 0 2.53033 -0.221376 -4.25264 0 0.221376 2.53033 1.96692 0 0 0 1 1 0 0 0 0 0.999999 0 -1.72579 0 0 1 0.022625 0 0 0 1 1.716 -1.87268 0 0.349844 1.87268 1.716 0 -2.89274 0 0 2.54 0.098341 0 0 0 1 2.54 0 0 -0.000953 0 2.53033 -0.221376 -4.25264 0 0.221376 2.53033 -0.11378 0 0 0 1 2.54 0 0 -0.393812 0 2.54 0 -2.91331 0 0 2.54 0.013413 0 0 0 1 1.716 -1.87268 0 1.74719 1.87268 1.716 0 -2.92176 0 0 2.54 0.114775 0 0 0 1 2.54 0 0 0 0 2.54 0 -4.27237 0 0 2.54 0.025714 0 0 0 1 2.54 0 0 -0.000225 0 2.53033 0.221376 -4.1998 0 -0.221376 2.53033 2.70918 0 0 0 1 2.54 0 0 -0.393812 0 2.54 0 -0.544641 0 0 2.54 0.015422 0 0 0 1 -1.47049 -1.91779 -0.781882 0.650891 1.95493 -1.6019 0.252493 2.81576 -0.683751 -0.455606 2.40344 -0.133748 0 0 0 1 1.716 1.87268 0 -1.74719 1.87268 -1.716 0 2.92176 0 0 -2.54 -0.114775 0 0 0 1 2.54 0 0 0 0 2.54 0 0 0 0 2.54 0 0 0 0 1 2.05002 0.851548 1.23445 -1.23063 0.292768 1.82333 -1.74395 -3.08476 -1.47082 1.54982 1.37345 -2.20956 0 0 0 1 2.54 0 0 0 0 2.54 0 0 0 0 2.54 0 0 0 0 1 2.54 0 0 -0.000953 0 2.53033 -0.221376 -4.25264 0 0.221376 2.53033 1.35248 0 0 0 1 1.716 1.87268 0 -0.349837 1.87268 -1.716 0 2.89274 0 0 -2.54 -0.098341 0 0 0 1 2.54 0 0 0 0 2.54 0 -3.30899 0 0 2.54 0 0 0 0 1 2.54 0 0 0.393812 0 2.54 0 -2.9133 0 0 2.54 0.013413 0 0 0 1 2.54 0 0 -0.000953 0 2.53033 -0.221376 -4.25264 0 0.221376 2.53033 0.631344 0 0 0 1 2.05002 -0.851548 -1.23445 1.23063 0.292768 -1.82333 1.74395 3.08476 -1.47082 -1.54982 -1.37345 2.20956 0 0 0 1 1.716 1.87268 0 -0.705608 1.87268 -1.716 0 2.9229 0 0 -2.54 -0.098341 0 0 0 1 2.54 0 0 0.393812 0 2.54 0 -0.323201 0 0 2.54 -0.192899 0 0 0 1 2.54 0 0 -0.000225 0 2.53033 0.221376 -4.1998 0 -0.221376 2.53033 2.09444 0 0 0 1 1.716 1.87268 0 -2.6488 1.87268 -1.716 0 2.92175 0 0 -2.54 -0.087078 0 0 0 1 2.54 0 0 -0.393812 0 2.54 0 -2.04397 0 0 2.54 0.013413 0 0 0 1 1.716 1.87268 0 -0.520093 1.87268 -1.716 0 2.82164 0 0 -2.54 0.070515 0 0 0 1 2.54 0 0 -0.000225 0 2.53033 0.221376 -4.1998 0 -0.221376 2.53033 0.616297 0 0 0 1 1.716 -1.87268 0 0.705613 1.87268 1.716 0 -2.9229 0 0 2.54 0.098341 0 0 0 1 2.54 0 0 0.393812 0 2.54 0 -0.54464 0 0 2.54 0.015422 0 0 0 1 2.39026 0.70884 0.485585 -1.11688 0.093401 1.21262 -2.2299 -2.16329 -0.854121 2.1163 1.11506 -2.99297 0 0 0 1 2.39026 -0.70884 -0.485585 1.11688 0.093402 -1.21261 2.2299 2.16329 -0.854121 -2.1163 -1.11506 2.99297 0 0 0 1 1 0 0 0 0 0.999999 0 -1.82913 0 0 1 0.010123 0 0 0 1 2.54 0 0 0.393812 0 2.54 0 -2.04397 0 0 2.54 0.013413 0 0 0 1 2.54 0 0 -0.000225 0 2.53033 0.221376 -4.1998 0 -0.221376 2.53033 1.37116 0 0 0 1 2.54 0 0 -0.393812 0 2.54 0 -0.323202 0 0 2.54 -0.192899 0 0 0 1 2.54 0 0 0 0 2.54 0 -3.30899 0 0 2.54 0 0 0 0 1 1 0 0 0 0 1 0 0 0 0 1 0 0 0 0 1</float_array>
          <technique_common>
            <accessor source="#Controller-bind_poses-array" count="42" stride="16">
              <param name="TRANSFORM" type="float4x4"/>
            </accessor>
          </technique_common>
        </source>
        <source id="Controller-weights">
          <float_array id="Controller-weights-array" count="1">1</float_array>
          <technique_common>
            <accessor source="#Controller-weights-array" count="1" stride="1">
              <param name="WEIGHT" type="float"/>
            </accessor>
          </technique_common>
        </source>
        <joints>
          <input semantic="JOINT" source="#Controller-joints"/>
          <input semantic="INV_BIND_MATRIX" source="#Controller-bind_poses"/>
        </joints>
        <vertex_weights count="88">
          <input semantic="JOINT" source="#Controller-joints" offset="0"/>
          <input semantic="WEIGHT" source="#Controller-weights" offset="1"/>
          <vcount>1 1 1 1 1 1 1 1 1 1 1 1 1 1 1 1 1 1 1 1 1 1 1 1 1 1 1 1 1 1 1 1 1 1 1 1 1 1 1 1 1 1 1 1 1 1 1 1 1 1 1 1 1 1 1 1 1 1 1 1 1 1 1 1 1 1 1 1 1 1 1 1 1 1 1 1 1 1 1 1 1 1 1 1 1 1 1 1 </vcount>
          <v>14 0 14 0 14 0 14 0 14 0 14 0 14 0 14 0 14 0 14 0 14 0 14 0 14 0 14 0 14 0 14 0 14 0 14 0 14 0 14 0 14 0 14 0 14 0 14 0 14 0 14 0 14 0 14 0 14 0 14 0 14 0 14 0 14 0 14 0 14 0 14 0 14 0 14 0 14 0 14 0 14 0 14 0 14 0 14 0 14 0 14 0 14 0 14 0 14 0 14 0 14 0 14 0 14 0 14 0 14 0 14 0 14 0 14 0 14 0 14 0 14 0 14 0 14 0 14 0 14 0 14 0 14 0 14 0 14 0 14 0 14 0 14 0 14 0 14 0 14 0 14 0 14 0 14 0 14 0 14 0 14 0 14 0 14 0 14 0 14 0 14 0 14 0 14 0</v>
        </vertex_weights>
      </skin>
      <extra>
        <technique profile="FCOLLADA">
          <user_properties>SkinController</user_properties>
        </technique>
      </extra>
    </controller>
    <controller id="Controller1">
      <skin source="#Geometry1">
        <bind_shape_matrix>1 0 0 0 0 1 0 0 0 0 1 0 0 0 0 1</bind_shape_matrix>
        <source id="Controller1-joints">
          <Name_array id="Controller1-joints-array" count="42">CharacterCenterTarget J_weapon_l J_arm01_l J_neck J_finger02_l J_mahura_b04 CharacterFaceCenterTarget J_finger01_l J_mahura_b01 J_leg01_l J_arm02_l J_head J_mahura_a04 J_leg03_l J_weapon_r J_arm02_r J_root J_wing01_l GRP_joint J_mahura_b03 J_finger01_r J_center J_leg01_r J_mahura_b02 J_wing01_r J_arm03_r J_leg04_r J_mahura_a03 J_arm01_r J_leg02_l J_finger02_r J_mahura_a01 J_arm03_l J_leg03_r J_wing02_l J_wing02_r HUDTarget J_leg02_r J_mahura_a02 J_leg04_l J_spine01 chr745</Name_array>
          <technique_common>
            <accessor source="#Controller1-joints-array" count="42" stride="1">
              <param name="JOINT" type="Name"/>
            </accessor>
          </technique_common>
        </source>
        <source id="Controller1-bind_poses">
          <float_array id="Controller1-bind_poses-array" count="672">0.479944 0 0 0 0 0.479944 0 -0.550247 0 0 0.479944 0 0 0 0 1 1.47048 -1.91779 -0.781882 0.650896 1.95493 1.6019 -0.252492 -2.81576 0.68375 -0.455607 2.40344 -0.133746 0 0 0 1 1.716 -1.87268 0 2.64881 1.87268 1.716 0 -2.92176 0 0 2.54 0.087078 0 0 0 1 2.54 0 0 0 0 2.54 0 -4.07508 0 0 2.54 0.077014 0 0 0 1 1.716 -1.87268 0 0.520095 1.87268 1.716 0 -2.82164 0 0 2.54 -0.070515 0 0 0 1 2.54 0 0 -0.000953 0 2.53033 -0.221376 -4.25264 0 0.221376 2.53033 1.96692 0 0 0 1 1 0 0 0 0 0.999999 0 -1.72579 0 0 1 0.022625 0 0 0 1 1.716 -1.87268 0 0.349844 1.87268 1.716 0 -2.89274 0 0 2.54 0.098341 0 0 0 1 2.54 0 0 -0.000953 0 2.53033 -0.221376 -4.25264 0 0.221376 2.53033 -0.11378 0 0 0 1 2.54 0 0 -0.393812 0 2.54 0 -2.91331 0 0 2.54 0.013413 0 0 0 1 1.716 -1.87268 0 1.74719 1.87268 1.716 0 -2.92176 0 0 2.54 0.114775 0 0 0 1 2.54 0 0 0 0 2.54 0 -4.27237 0 0 2.54 0.025714 0 0 0 1 2.54 0 0 -0.000225 0 2.53033 0.221376 -4.1998 0 -0.221376 2.53033 2.70918 0 0 0 1 2.54 0 0 -0.393812 0 2.54 0 -0.544641 0 0 2.54 0.015422 0 0 0 1 -1.47049 -1.91779 -0.781882 0.650891 1.95493 -1.6019 0.252493 2.81576 -0.683751 -0.455606 2.40344 -0.133748 0 0 0 1 1.716 1.87268 0 -1.74719 1.87268 -1.716 0 2.92176 0 0 -2.54 -0.114775 0 0 0 1 2.54 0 0 0 0 2.54 0 0 0 0 2.54 0 0 0 0 1 2.05002 0.851548 1.23445 -1.23063 0.292768 1.82333 -1.74395 -3.08476 -1.47082 1.54982 1.37345 -2.20956 0 0 0 1 2.54 0 0 0 0 2.54 0 0 0 0 2.54 0 0 0 0 1 2.54 0 0 -0.000953 0 2.53033 -0.221376 -4.25264 0 0.221376 2.53033 1.35248 0 0 0 1 1.716 1.87268 0 -0.349837 1.87268 -1.716 0 2.89274 0 0 -2.54 -0.098341 0 0 0 1 2.54 0 0 0 0 2.54 0 -3.30899 0 0 2.54 0 0 0 0 1 2.54 0 0 0.393812 0 2.54 0 -2.9133 0 0 2.54 0.013413 0 0 0 1 2.54 0 0 -0.000953 0 2.53033 -0.221376 -4.25264 0 0.221376 2.53033 0.631344 0 0 0 1 2.05002 -0.851548 -1.23445 1.23063 0.292768 -1.82333 1.74395 3.08476 -1.47082 -1.54982 -1.37345 2.20956 0 0 0 1 1.716 1.87268 0 -0.705608 1.87268 -1.716 0 2.9229 0 0 -2.54 -0.098341 0 0 0 1 2.54 0 0 0.393812 0 2.54 0 -0.323201 0 0 2.54 -0.192899 0 0 0 1 2.54 0 0 -0.000225 0 2.53033 0.221376 -4.1998 0 -0.221376 2.53033 2.09444 0 0 0 1 1.716 1.87268 0 -2.6488 1.87268 -1.716 0 2.92175 0 0 -2.54 -0.087078 0 0 0 1 2.54 0 0 -0.393812 0 2.54 0 -2.04397 0 0 2.54 0.013413 0 0 0 1 1.716 1.87268 0 -0.520093 1.87268 -1.716 0 2.82164 0 0 -2.54 0.070515 0 0 0 1 2.54 0 0 -0.000225 0 2.53033 0.221376 -4.1998 0 -0.221376 2.53033 0.616297 0 0 0 1 1.716 -1.87268 0 0.705613 1.87268 1.716 0 -2.9229 0 0 2.54 0.098341 0 0 0 1 2.54 0 0 0.393812 0 2.54 0 -0.54464 0 0 2.54 0.015422 0 0 0 1 2.39026 0.70884 0.485585 -1.11688 0.093401 1.21262 -2.2299 -2.16329 -0.854121 2.1163 1.11506 -2.99297 0 0 0 1 2.39026 -0.70884 -0.485585 1.11688 0.093402 -1.21261 2.2299 2.16329 -0.854121 -2.1163 -1.11506 2.99297 0 0 0 1 1 0 0 0 0 0.999999 0 -1.82913 0 0 1 0.010123 0 0 0 1 2.54 0 0 0.393812 0 2.54 0 -2.04397 0 0 2.54 0.013413 0 0 0 1 2.54 0 0 -0.000225 0 2.53033 0.221376 -4.1998 0 -0.221376 2.53033 1.37116 0 0 0 1 2.54 0 0 -0.393812 0 2.54 0 -0.323202 0 0 2.54 -0.192899 0 0 0 1 2.54 0 0 0 0 2.54 0 -3.30899 0 0 2.54 0 0 0 0 1 1 0 0 0 0 1 0 0 0 0 1 0 0 0 0 1</float_array>
          <technique_common>
            <accessor source="#Controller1-bind_poses-array" count="42" stride="16">
              <param name="TRANSFORM" type="float4x4"/>
            </accessor>
          </technique_common>
        </source>
        <source id="Controller1-weights">
          <float_array id="Controller1-weights-array" count="1">1</float_array>
          <technique_common>
            <accessor source="#Controller1-weights-array" count="1" stride="1">
              <param name="WEIGHT" type="float"/>
            </accessor>
          </technique_common>
        </source>
        <joints>
          <input semantic="JOINT" source="#Controller1-joints"/>
          <input semantic="INV_BIND_MATRIX" source="#Controller1-bind_poses"/>
        </joints>
        <vertex_weights count="88">
          <input semantic="JOINT" source="#Controller1-joints" offset="0"/>
          <input semantic="WEIGHT" source="#Controller1-weights" offset="1"/>
          <vcount>1 1 1 1 1 1 1 1 1 1 1 1 1 1 1 1 1 1 1 1 1 1 1 1 1 1 1 1 1 1 1 1 1 1 1 1 1 1 1 1 1 1 1 1 1 1 1 1 1 1 1 1 1 1 1 1 1 1 1 1 1 1 1 1 1 1 1 1 1 1 1 1 1 1 1 1 1 1 1 1 1 1 1 1 1 1 1 1 </vcount>
          <v>1 0 1 0 1 0 1 0 1 0 1 0 1 0 1 0 1 0 1 0 1 0 1 0 1 0 1 0 1 0 1 0 1 0 1 0 1 0 1 0 1 0 1 0 1 0 1 0 1 0 1 0 1 0 1 0 1 0 1 0 1 0 1 0 1 0 1 0 1 0 1 0 1 0 1 0 1 0 1 0 1 0 1 0 1 0 1 0 1 0 1 0 1 0 1 0 1 0 1 0 1 0 1 0 1 0 1 0 1 0 1 0 1 0 1 0 1 0 1 0 1 0 1 0 1 0 1 0 1 0 1 0 1 0 1 0 1 0 1 0 1 0 1 0 1 0 1 0 1 0 1 0 1 0 1 0 1 0 1 0 1 0 1 0 1 0 1 0 1 0 1 0 1 0 1 0</v>
        </vertex_weights>
      </skin>
      <extra>
        <technique profile="FCOLLADA">
          <user_properties>SkinController</user_properties>
        </technique>
      </extra>
    </controller>
    <controller id="Controller2">
      <skin source="#Geometry2">
        <bind_shape_matrix>1 0 0 0 0 1 0 0 0 0 1 0 0 0 0 1</bind_shape_matrix>
        <source id="Controller2-joints">
          <Name_array id="Controller2-joints-array" count="42">CharacterCenterTarget J_weapon_l J_arm01_l J_neck J_finger02_l J_mahura_b04 CharacterFaceCenterTarget J_finger01_l J_mahura_b01 J_leg01_l J_arm02_l J_head J_mahura_a04 J_leg03_l J_weapon_r J_arm02_r J_root J_wing01_l GRP_joint J_mahura_b03 J_finger01_r J_center J_leg01_r J_mahura_b02 J_wing01_r J_arm03_r J_leg04_r J_mahura_a03 J_arm01_r J_leg02_l J_finger02_r J_mahura_a01 J_arm03_l J_leg03_r J_wing02_l J_wing02_r HUDTarget J_leg02_r J_mahura_a02 J_leg04_l J_spine01 chr745</Name_array>
          <technique_common>
            <accessor source="#Controller2-joints-array" count="42" stride="1">
              <param name="JOINT" type="Name"/>
            </accessor>
          </technique_common>
        </source>
        <source id="Controller2-bind_poses">
          <float_array id="Controller2-bind_poses-array" count="672">0.479944 0 0 0 0 0.479944 0 -0.550247 0 0 0.479944 0 0 0 0 1 1.47048 -1.91779 -0.781882 0.650896 1.95493 1.6019 -0.252492 -2.81576 0.68375 -0.455607 2.40344 -0.133746 0 0 0 1 1.716 -1.87268 0 2.64881 1.87268 1.716 0 -2.92176 0 0 2.54 0.087078 0 0 0 1 2.54 0 0 0 0 2.54 0 -4.07508 0 0 2.54 0.077014 0 0 0 1 1.716 -1.87268 0 0.520095 1.87268 1.716 0 -2.82164 0 0 2.54 -0.070515 0 0 0 1 2.54 0 0 -0.000953 0 2.53033 -0.221376 -4.25264 0 0.221376 2.53033 1.96692 0 0 0 1 1 0 0 0 0 0.999999 0 -1.72579 0 0 1 0.022625 0 0 0 1 1.716 -1.87268 0 0.349844 1.87268 1.716 0 -2.89274 0 0 2.54 0.098341 0 0 0 1 2.54 0 0 -0.000953 0 2.53033 -0.221376 -4.25264 0 0.221376 2.53033 -0.11378 0 0 0 1 2.54 0 0 -0.393812 0 2.54 0 -2.91331 0 0 2.54 0.013413 0 0 0 1 1.716 -1.87268 0 1.74719 1.87268 1.716 0 -2.92176 0 0 2.54 0.114775 0 0 0 1 2.54 0 0 0 0 2.54 0 -4.27237 0 0 2.54 0.025714 0 0 0 1 2.54 0 0 -0.000225 0 2.53033 0.221376 -4.1998 0 -0.221376 2.53033 2.70918 0 0 0 1 2.54 0 0 -0.393812 0 2.54 0 -0.544641 0 0 2.54 0.015422 0 0 0 1 -1.47049 -1.91779 -0.781882 0.650891 1.95493 -1.6019 0.252493 2.81576 -0.683751 -0.455606 2.40344 -0.133748 0 0 0 1 1.716 1.87268 0 -1.74719 1.87268 -1.716 0 2.92176 0 0 -2.54 -0.114775 0 0 0 1 2.54 0 0 0 0 2.54 0 0 0 0 2.54 0 0 0 0 1 2.05002 0.851548 1.23445 -1.23063 0.292768 1.82333 -1.74395 -3.08476 -1.47082 1.54982 1.37345 -2.20956 0 0 0 1 2.54 0 0 0 0 2.54 0 0 0 0 2.54 0 0 0 0 1 2.54 0 0 -0.000953 0 2.53033 -0.221376 -4.25264 0 0.221376 2.53033 1.35248 0 0 0 1 1.716 1.87268 0 -0.349837 1.87268 -1.716 0 2.89274 0 0 -2.54 -0.098341 0 0 0 1 2.54 0 0 0 0 2.54 0 -3.30899 0 0 2.54 0 0 0 0 1 2.54 0 0 0.393812 0 2.54 0 -2.9133 0 0 2.54 0.013413 0 0 0 1 2.54 0 0 -0.000953 0 2.53033 -0.221376 -4.25264 0 0.221376 2.53033 0.631344 0 0 0 1 2.05002 -0.851548 -1.23445 1.23063 0.292768 -1.82333 1.74395 3.08476 -1.47082 -1.54982 -1.37345 2.20956 0 0 0 1 1.716 1.87268 0 -0.705608 1.87268 -1.716 0 2.9229 0 0 -2.54 -0.098341 0 0 0 1 2.54 0 0 0.393812 0 2.54 0 -0.323201 0 0 2.54 -0.192899 0 0 0 1 2.54 0 0 -0.000225 0 2.53033 0.221376 -4.1998 0 -0.221376 2.53033 2.09444 0 0 0 1 1.716 1.87268 0 -2.6488 1.87268 -1.716 0 2.92175 0 0 -2.54 -0.087078 0 0 0 1 2.54 0 0 -0.393812 0 2.54 0 -2.04397 0 0 2.54 0.013413 0 0 0 1 1.716 1.87268 0 -0.520093 1.87268 -1.716 0 2.82164 0 0 -2.54 0.070515 0 0 0 1 2.54 0 0 -0.000225 0 2.53033 0.221376 -4.1998 0 -0.221376 2.53033 0.616297 0 0 0 1 1.716 -1.87268 0 0.705613 1.87268 1.716 0 -2.9229 0 0 2.54 0.098341 0 0 0 1 2.54 0 0 0.393812 0 2.54 0 -0.54464 0 0 2.54 0.015422 0 0 0 1 2.39026 0.70884 0.485585 -1.11688 0.093401 1.21262 -2.2299 -2.16329 -0.854121 2.1163 1.11506 -2.99297 0 0 0 1 2.39026 -0.70884 -0.485585 1.11688 0.093402 -1.21261 2.2299 2.16329 -0.854121 -2.1163 -1.11506 2.99297 0 0 0 1 1 0 0 0 0 0.999999 0 -1.82913 0 0 1 0.010123 0 0 0 1 2.54 0 0 0.393812 0 2.54 0 -2.04397 0 0 2.54 0.013413 0 0 0 1 2.54 0 0 -0.000225 0 2.53033 0.221376 -4.1998 0 -0.221376 2.53033 1.37116 0 0 0 1 2.54 0 0 -0.393812 0 2.54 0 -0.323202 0 0 2.54 -0.192899 0 0 0 1 2.54 0 0 0 0 2.54 0 -3.30899 0 0 2.54 0 0 0 0 1 1 0 0 0 0 1 0 0 0 0 1 0 0 0 0 1</float_array>
          <technique_common>
            <accessor source="#Controller2-bind_poses-array" count="42" stride="16">
              <param name="TRANSFORM" type="float4x4"/>
            </accessor>
          </technique_common>
        </source>
        <source id="Controller2-weights">
          <float_array id="Controller2-weights-array" count="2235">1 0.7 0.3 0.7 0.3 0.7 0.3 0.9 0.1 0.7 0.3 0.7 0.3 0.9 0.1 0.9 0.1 0.9 0.1 0.8 0.2 0.2 0.8 0.2 0.8 0.2 0.8 0.9 0.1 0.2 0.8 0.8 0.2 0.6 0.4 0.6 0.4 0.8 0.2 0.2 0.8 0.9 0.1 0.9 0.1 0.6 0.4 0.6 0.4 0.2 0.8 0.8 0.2 0.6 0.4 0.6 0.4 0.8 0.2 0.8 0.2 0.2 0.8 0.2 0.8 0.2 0.8 0.6 0.4 0.2 0.8 0.2 0.8 0.99 0.01 0.6 0.4 0.8 0.2 0.8 0.2 0.2 0.8 0.9 0.1 0.8 0.2 0.8 0.2 0.8 0.2 0.8 0.2 0.8 0.2 0.8 0.2 0.8 0.2 0.8 0.2 0.8 0.2 0.4 0.6 0.2 0.8 0.4 0.6 0.4 0.6 0.4 0.6 0.4 0.6 0.4 0.6 0.2 0.8 0.2 0.8 0.5 0.5 0.5 0.5 0.5 0.5 0.5 0.5 0.5 0.5 0.5 0.5 0.2 0.8 0.2 0.8 0.8 0.2 0.2 0.8 0.2 0.8 0.2 0.8 0.2 0.8 0.2 0.8 0.2 0.8 0.8 0.2 0.8 0.2 0.8 0.2 0.2 0.8 0.2 0.8 0.8 0.2 0.2 0.8 0.8 0.2 0.8 0.2 0.2 0.8 0.2 0.8 0.2 0.8 0.2 0.8 0.2 0.8 0.2 0.8 0.8 0.2 0.8 0.2 0.8 0.2 0.2 0.8 0.2 0.8 0.2 0.8 0.2 0.8 0.2 0.8 0.2 0.8 0.8 0.2 0.2 0.8 0.2 0.8 0.8 0.2 0.8 0.2 0.8 0.2 0.2 0.8 0.2 0.8 0.2 0.8 0.2 0.8 0.2 0.8 0.2 0.8 0.8 0.2 0.2 0.8 0.2 0.8 0.8 0.2 0.8 0.2 0.8 0.2 0.2 0.8 0.2 0.8 0.2 0.8 0.2 0.8 0.2 0.8 0.2 0.8 0.8 0.2 0.2 0.8 0.2 0.8 0.8 0.2 0.8 0.2 0.8 0.2 0.2 0.8 0.2 0.8 0.2 0.8 0.2 0.8 0.2 0.8 0.2 0.8 0.8 0.2 0.2 0.8 0.2 0.8 0.8 0.2 0.8 0.2 0.8 0.2 0.2 0.8 0.2 0.8 0.8 0.2 0.2 0.8 0.2 0.8 0.2 0.8 0.2 0.8 0.2 0.8 0.2 0.8 0.8 0.2 0.8 0.2 0.8 0.2 0.2 0.8 0.2 0.8 0.8 0.2 0.2 0.8 0.2 0.8 0.2 0.8 0.2 0.8 0.2 0.8 0.2 0.8 0.8 0.2 0.8 0.2 0.8 0.2 0.5 0.5 0.5 0.5 0.5 0.5 0.5 0.5 0.5 0.5 0.5 0.5 0.2 0.8 0.2 0.8 0.8 0.2 0.2 0.8 0.2 0.8 0.2 0.8 0.2 0.8 0.2 0.8 0.2 0.8 0.8 0.2 0.8 0.2 0.8 0.2 0.2 0.8 0.2 0.8 0.2 0.8 0.8 0.2 0.8 0.2 0.8 0.2 0.2 0.8 0.2 0.8 0.2 0.8 0.2 0.8 0.2 0.8 0.2 0.8 0.8 0.2 0.8 0.2 0.8 0.2 0.2 0.8 0.2 0.8 0.2 0.8 0.2 0.8 0.2 0.8 0.2 0.8 0.8 0.2 0.2 0.8 0.2 0.8 0.8 0.2 0.8 0.2 0.8 0.2 0.2 0.8 0.2 0.8 0.2 0.8 0.2 0.8 0.2 0.8 0.2 0.8 0.8 0.2 0.2 0.8 0.2 0.8 0.8 0.2 0.8 0.2 0.8 0.2 0.2 0.8 0.2 0.8 0.2 0.8 0.2 0.8 0.2 0.8 0.2 0.8 0.8 0.2 0.2 0.8 0.2 0.8 0.8 0.2 0.8 0.2 0.8 0.2 0.2 0.8 0.2 0.8 0.2 0.8 0.2 0.8 0.2 0.8 0.2 0.8 0.8 0.2 0.2 0.8 0.2 0.8 0.8 0.2 0.8 0.2 0.8 0.2 0.2 0.8 0.2 0.8 0.8 0.2 0.2 0.8 0.2 0.8 0.2 0.8 0.2 0.8 0.2 0.8 0.2 0.8 0.8 0.2 0.8 0.2 0.8 0.2 0.2 0.8 0.2 0.8 0.8 0.2 0.2 0.8 0.2 0.8 0.2 0.8 0.2 0.8 0.2 0.8 0.2 0.8 0.8 0.2 0.8 0.2 0.8 0.2 0.5 0.5 0.5 0.5 0.5 0.5 0.5 0.5 0.5 0.5 0.5 0.5 0.5 0.5 0.5 0.5 0.5 0.5 0.5 0.5 0.5 0.5 0.5 0.5 0.5 0.5 0.5 0.5 0.5 0.5 0.5 0.5 0.5 0.5 0.5 0.5 0.5 0.5 0.5 0.5 0.5 0.5 0.5 0.5 0.5 0.5 0.5 0.5 0.5 0.5 0.5 0.5 0.5 0.5 0.5 0.5 0.5 0.5 0.5 0.5 0.5 0.5 0.5 0.5 0.5 0.5 0.5 0.5 0.5 0.5 0.5 0.5 0.5 0.5 0.5 0.5 0.5 0.5 0.5 0.5 0.9 0.1 0.8 0.2 0.8 0.2 0.7 0.3 0.7 0.3 0.6 0.4 0.6 0.4 0.5 0.5 0.5 0.5 0.1 0.9 0.1 0.9 0.8 0.2 0.8 0.2 0.7 0.3 0.7 0.3 0.6 0.4 0.6 0.4 0.5 0.5 0.5 0.5 0.1 0.9 0.1 0.9 0.8 0.2 0.8 0.2 0.7 0.3 0.7 0.3 0.6 0.4 0.6 0.4 0.5 0.5 0.5 0.5 0.5 0.5 0.6 0.4 0.7 0.3 0.8 0.2 0.1 0.9 0.5 0.5 0.6 0.4 0.7 0.3 0.8 0.2 0.1 0.9 0.5 0.5 0.6 0.4 0.7 0.3 0.8 0.2 0.9 0.1 0.5 0.5 0.5 0.5 0.6 0.4 0.6 0.4 0.7 0.3 0.7 0.3 0.8 0.2 0.8 0.2 0.1 0.9 0.1 0.9 0.5 0.5 0.5 0.5 0.6 0.4 0.6 0.4 0.7 0.3 0.7 0.3 0.8 0.2 0.8 0.2 0.1 0.9 0.1 0.9 0.5 0.5 0.5 0.5 0.6 0.4 0.6 0.4 0.7 0.3 0.7 0.3 0.8 0.2 0.8 0.2 0.5 0.5 0.1 0.9 0.8 0.2 0.7 0.3 0.6 0.4 0.5 0.5 0.1 0.9 0.8 0.2 0.7 0.3 0.6 0.4 0.5 0.5 0.7 0.3 0.6 0.4 0.7 0.3 0.8 0.2 0.7 0.3 0.7 0.3 0.2 0.8 0.6 0.4 0.7 0.3 0.7 0.3 0.2 0.8 0.6 0.4 0.8 0.2 0.7 0.3 0.6 0.4 0.2 0.8 0.5 0.5 0.7 0.3 0.8 0.2 0.6 0.4 0.7 0.3 0.7 0.3 0.9 0.1 0.9 0.1 0.6 0.4 0.7 0.3 0.7 0.3 0.8 0.2 0.2 0.8 0.5 0.5 0.2 0.8 0.7 0.3 0.6 0.4 0.7 0.3 0.2 0.8 0.5 0.5 0.5 0.5 0.1 0.9 0.1 0.9 0.1 0.9 0.5 0.5 0.5 0.5 0.5 0.5 0.9 0.1 0.9 0.1 0.5 0.5 0.5 0.5 0.9 0.1 0.5 0.5 0.5 0.5 0.9 0.1 0.9 0.1 0.9 0.1 0.9 0.1 0.9 0.1 0.5 0.5 0.5 0.5 0.5 0.5 0.5 0.5 0.5 0.5 0.5 0.5 0.5 0.5 0.5 0.5 0.5 0.5 0.5 0.5 0.5 0.5 0.1 0.9 0.5 0.5 0.9 0.1 0.5 0.5 0.9 0.1 0.5 0.5 0.9 0.1 0.9 0.1 0.5 0.5 0.5 0.5 0.5 0.5 0.5 0.5 0.5 0.5 0.8 0.2 0.8 0.2 0.8 0.2 0.8 0.2 0.8 0.2 0.8 0.2 0.8 0.2 0.4 0.6 0.4 0.6 0.2 0.8 0.2 0.8 0.2 0.8 0.2 0.8 0.2 0.8 0.2 0.8 0.2 0.8 0.2 0.8 0.4 0.6 0.2 0.8 0.2 0.8 0.2 0.8 0.2 0.8 0.2 0.8 0.2 0.8 0.2 0.8 0.2 0.8 0.2 0.8 0.5 0.5 0.5 0.5 0.5 0.5 0.5 0.5 0.5 0.5 0.5 0.5 0.5 0.5 0.5 0.5 0.5 0.5 0.5 0.5 0.5 0.5 0.5 0.5 0.5 0.5 0.5 0.5 0.5 0.5 0.5 0.5 0.5 0.5 0.5 0.5 0.5 0.5 0.5 0.5 0.5 0.5 0.5 0.5 0.5 0.5 0.5 0.5 0.5 0.5 0.5 0.5 0.5 0.5 0.5 0.5 0.5 0.5 0.5 0.5 0.2 0.8 0.8 0.2 0.8 0.2 0.2 0.8 0.2 0.8 0.8 0.2 0.8 0.2 0.2 0.8 0.8 0.2 0.8 0.2 0.2 0.8 0.2 0.8 0.2 0.8 0.2 0.8 0.8 0.2 0.8 0.2 0.2 0.8 0.8 0.2 0.8 0.2 0.2 0.8 0.2 0.8 0.2 0.8 0.2 0.8 0.8 0.2 0.8 0.2 0.2 0.8 0.2 0.8 0.8 0.2 0.8 0.2 0.2 0.8 0.8 0.2 0.8 0.2 0.2 0.8 0.2 0.8 0.2 0.8 0.2 0.8 0.8 0.2 0.8 0.2 0.2 0.8 0.2 0.8 0.8 0.2 0.8 0.2 0.2 0.8 0.8 0.2 0.8 0.2 0.2 0.8 0.2 0.8 0.2 0.8 0.2 0.8 0.8 0.2 0.8 0.2 0.2 0.8 0.2 0.8 0.8 0.2 0.8 0.2 0.2 0.8 0.8 0.2 0.8 0.2 0.2 0.8 0.2 0.8 0.2 0.8 0.2 0.8 0.8 0.2 0.8 0.2 0.2 0.8 0.2 0.8 0.8 0.2 0.8 0.2 0.2 0.8 0.8 0.2 0.8 0.2 0.2 0.8 0.2 0.8 0.2 0.8 0.2 0.8 0.8 0.2 0.8 0.2 0.2 0.8 0.2 0.8 0.8 0.2 0.8 0.2 0.2 0.8 0.8 0.2 0.8 0.2 0.2 0.8 0.2 0.8 0.2 0.8 0.2 0.8 0.8 0.2 0.8 0.2 0.2 0.8 0.2 0.8 0.8 0.2 0.8 0.2 0.2 0.8 0.8 0.2 0.8 0.2 0.2 0.8 0.2 0.8 0.5 0.5 0.5 0.5 0.5 0.5 0.5 0.5 0.5 0.5 0.5 0.5 0.5 0.5 0.5 0.5 0.5 0.5 0.5 0.5 0.5 0.5 0.5 0.5 0.5 0.5 0.5 0.5 0.5 0.5 0.5 0.5 0.5 0.5 0.5 0.5 0.5 0.5 0.5 0.5 0.5 0.5 0.5 0.5 0.5 0.5 0.5 0.5 0.5 0.5 0.5 0.5 0.5 0.5 0.5 0.5 0.5 0.5 0.5 0.5 0.2 0.8 0.8 0.2 0.8 0.2 0.2 0.8 0.2 0.8 0.8 0.2 0.8 0.2 0.2 0.8 0.8 0.2 0.8 0.2 0.2 0.8 0.2 0.8 0.2 0.8 0.2 0.8 0.8 0.2 0.8 0.2 0.2 0.8 0.8 0.2 0.8 0.2 0.2 0.8 0.2 0.8 0.2 0.8 0.2 0.8 0.8 0.2 0.8 0.2 0.2 0.8 0.2 0.8 0.8 0.2 0.8 0.2 0.2 0.8 0.8 0.2 0.8 0.2 0.2 0.8 0.2 0.8 0.2 0.8 0.2 0.8 0.8 0.2 0.8 0.2 0.2 0.8 0.2 0.8 0.8 0.2 0.8 0.2 0.2 0.8 0.8 0.2 0.8 0.2 0.2 0.8 0.2 0.8 0.2 0.8 0.2 0.8 0.8 0.2 0.8 0.2 0.2 0.8 0.2 0.8 0.8 0.2 0.8 0.2 0.2 0.8 0.8 0.2 0.8 0.2 0.2 0.8 0.2 0.8 0.2 0.8 0.2 0.8 0.8 0.2 0.8 0.2 0.2 0.8 0.2 0.8 0.8 0.2 0.8 0.2 0.2 0.8 0.8 0.2 0.8 0.2 0.2 0.8 0.2 0.8 0.2 0.8 0.2 0.8 0.8 0.2 0.8 0.2 0.2 0.8 0.2 0.8 0.8 0.2 0.8 0.2 0.2 0.8 0.8 0.2 0.8 0.2 0.2 0.8 0.2 0.8 0.2 0.8 0.2 0.8 0.8 0.2 0.8 0.2 0.2 0.8 0.2 0.8 0.8 0.2 0.8 0.2 0.2 0.8 0.8 0.2 0.8 0.2 0.2 0.8 0.2 0.8 0.5 0.5 0.5 0.5 0.5 0.5 0.9 0.1 0.5 0.5 0.9 0.1 0.5 0.5 0.5 0.5 0.8 0.2 0.9 0.1 0.9 0.1 0.5 0.5 0.9 0.1 0.8 0.2 0.5 0.5 0.8 0.2 0.5 0.5 0.8 0.2 0.5 0.5 0.7 0.3 0.5 0.5 0.5 0.5 0.8 0.2 0.9 0.1 0.8 0.2 0.8 0.2 0.8 0.2 0.7 0.3 0.7 0.3 0.7 0.3 0.8 0.2 0.7 0.3 0.7 0.3 0.5 0.5 0.9 0.1 0.5 0.5 0.9 0.1 0.5 0.5 0.8 0.2 0.9 0.1 0.9 0.1 0.5 0.5 0.8 0.2 0.9 0.1 0.5 0.5 0.8 0.2 0.5 0.5 0.8 0.2 0.5 0.5 0.5 0.5 0.8 0.2 0.8 0.2 0.8 0.2 0.7 0.3 0.7 0.3 0.7 0.3 0.8 0.2 0.7 0.3 0.9 0.1 0.5 0.5 0.7 0.3 0.7 0.3 0.5 0.5 0.7 0.3 0.7 0.3 0.5 0.5 0.7 0.3 0.5 0.5 0.5 0.5 0.5 0.5 0.5 0.5 0.7 0.3 0.5 0.5 0.7 0.3 0.5 0.5 0.7 0.3 0.5 0.5 0.5 0.5 0.5 0.5 0.5 0.5 0.5 0.5 0.5 0.5 0.5 0.5 0.5 0.5 0.5 0.5 0.5 0.5 0.5 0.5 0.5 0.5 0.5 0.5 0.5 0.5 0.5 0.5 0.5 0.5 0.5 0.5 0.5 0.5 0.5 0.5 0.5 0.5 0.5 0.5 0.5 0.5 0.5 0.5 0.5 0.5 0.5 0.5 0.5 0.5 0.5 0.5 0.5 0.5 0.5 0.5 0.5 0.5 0.5 0.5 0.5 0.5 0.5 0.5 0.5 0.5 0.5 0.5 0.5 0.5 0.5 0.5 0.5 0.5 0.5 0.5 0.5 0.5 0.5 0.5 0.5 0.5 0.5 0.5 0.5 0.5 0.5 0.5 0.5 0.5 0.5 0.5 0.5 0.5 0.5 0.5 0.5 0.5 0.5 0.5 0.5 0.5 0.5 0.5 0.5 0.5 0.5 0.5 0.5 0.5 0.5 0.5 0.5 0.5 0.5 0.5 0.5 0.5 0.2 0.8 0.5 0.5 0.2 0.8 0.5 0.5 0.2 0.8 0.5 0.5 0.2 0.8 0.2 0.8 0.5 0.5 0.2 0.8 0.5 0.5 0.2 0.8 0.5 0.5 0.2 0.8 0.5 0.5 0.2 0.8 0.2 0.8 0.2 0.8 0.2 0.8 0.2 0.8 0.2 0.8 0.5 0.5 0.5 0.5 0.5 0.5 0.5 0.5 0.5 0.5 0.5 0.5 0.5 0.5 0.5 0.5 0.5 0.5 0.5 0.5 0.5 0.5 0.5 0.5 0.5 0.5 0.5 0.5 0.5 0.5 0.5 0.5 0.5 0.5 0.5 0.5 0.5 0.5 0.5 0.5 0.5 0.5 0.5 0.5 0.5 0.5 0.5 0.5 0.5 0.5 0.5 0.5 0.5 0.5 0.5 0.5 0.9 0.1 0.5 0.5 0.9 0.1 0.5 0.5 0.5 0.5 0.8 0.2 0.9 0.1 0.9 0.1 0.5 0.5 0.8 0.2 0.9 0.1 0.5 0.5 0.8 0.2 0.5 0.5 0.8 0.2 0.5 0.5 0.7 0.3 0.5 0.5 0.5 0.5 0.8 0.2 0.8 0.2 0.9 0.1 0.8 0.2 0.8 0.2 0.7 0.3 0.7 0.3 0.7 0.3 0.8 0.2 0.7 0.3 0.7 0.3 0.5 0.5 0.9 0.1 0.5 0.5 0.9 0.1 0.5 0.5 0.8 0.2 0.9 0.1 0.9 0.1 0.5 0.5 0.9 0.1 0.8 0.2 0.5 0.5 0.8 0.2 0.5 0.5 0.8 0.2 0.5 0.5 0.5 0.5 0.8 0.2 0.8 0.2 0.8 0.2 0.7 0.3 0.7 0.3 0.7 0.3 0.8 0.2 0.7 0.3 0.9 0.1 0.5 0.5 0.7 0.3 0.7 0.3 0.5 0.5 0.7 0.3 0.7 0.3 0.5 0.5 0.7 0.3 0.5 0.5 0.5 0.5 0.5 0.5 0.5 0.5 0.7 0.3 0.5 0.5 0.7 0.3 0.5 0.5 0.7 0.3 0.5 0.5 0.5 0.5 0.5 0.5 0.5 0.5 0.5 0.5 0.5 0.5 0.5 0.5 0.5 0.5 0.5 0.5 0.5 0.5 0.5 0.5 0.5 0.5 0.5 0.5 0.5 0.5 0.5 0.5 0.5 0.5 0.5 0.5 0.5 0.5 0.5 0.5 0.5 0.5 0.5 0.5 0.5 0.5 0.5 0.5 0.5 0.5 0.5 0.5 0.5 0.5 0.5 0.5 0.5 0.5 0.5 0.5 0.5 0.5 0.5 0.5 0.5 0.5 0.5 0.5 0.5 0.5 0.5 0.5 0.5 0.5 0.5 0.5 0.5 0.5 0.5 0.5 0.5 0.5 0.5 0.5 0.5 0.5 0.5 0.5 0.5 0.5 0.5 0.5 0.5 0.5 0.5 0.5 0.5 0.5 0.5 0.5 0.5 0.5 0.5 0.5 0.5 0.5 0.5 0.5 0.5 0.5 0.5 0.5 0.5 0.5 0.5 0.5 0.5 0.5 0.5 0.5 0.5 0.5 0.2 0.8 0.2 0.8 0.5 0.5 0.5 0.5 0.2 0.8 0.5 0.5 0.2 0.8 0.2 0.8 0.5 0.5 0.2 0.8 0.5 0.5 0.2 0.8 0.2 0.8 0.2 0.8 0.2 0.8 0.2 0.8 0.2 0.8 0.5 0.5 0.5 0.5 0.5 0.5 0.5 0.5 0.5 0.5 0.5 0.5 0.5 0.5 0.5 0.5 0.5 0.5 0.5 0.5 0.5 0.5 0.5 0.5 0.5 0.5 0.5 0.5 0.5 0.5 0.5 0.5 0.5 0.5 0.5 0.5 0.5 0.5 0.5 0.5 0.5 0.5 0.5 0.5 0.5 0.5 0.5 0.5 0.5 0.5</float_array>
          <technique_common>
            <accessor source="#Controller2-weights-array" count="2235" stride="1">
              <param name="WEIGHT" type="float"/>
            </accessor>
          </technique_common>
        </source>
        <joints>
          <input semantic="JOINT" source="#Controller2-joints"/>
          <input semantic="INV_BIND_MATRIX" source="#Controller2-bind_poses"/>
        </joints>
        <vertex_weights count="7997">
          <input semantic="JOINT" source="#Controller2-joints" offset="0"/>
          <input semantic="WEIGHT" source="#Controller2-weights" offset="1"/>
          <vcount>1 1 1 1 1 1 1 1 1 1 1 1 1 1 1 1 1 1 1 1 1 1 1 1 1 1 1 1 1 1 1 1 1 1 1 1 1 1 1 1 1 1 1 1 1 1 1 1 1 1 1 1 1 1 1 1 1 1 1 1 1 1 1 1 1 1 1 1 1 1 1 1 1 1 1 1 1 1 1 1 1 1 1 1 2 2 1 1 1 2 1 2 1 1 1 1 2 2 1 2 2 1 1 1 2 1 1 1 1 1 1 1 2 1 2 1 1 2 2 1 2 1 2 1 2 1 2 2 1 2 2 2 2 1 2 2 1 2 1 2 1 1 1 2 2 1 2 2 1 2 2 1 1 2 1 2 1 2 2 1 1 2 1 1 1 1 1 2 1 1 2 2 1 2 2 1 2 1 1 1 1 1 1 1 1 1 1 1 1 1 1 1 1 1 1 1 1 1 1 1 1 1 1 1 1 1 1 1 1 1 1 1 1 1 1 1 1 1 1 1 1 1 1 1 2 2 1 1 2 1 2 1 2 1 2 1 2 1 2 1 2 2 1 1 1 1 1 1 1 1 1 1 1 1 1 1 1 1 1 1 1 1 1 2 2 2 2 1 2 1 1 2 2 1 1 1 1 1 1 1 1 1 1 1 1 1 1 1 1 1 1 1 1 1 1 1 1 1 1 1 1 1 1 1 1 1 1 1 1 1 1 1 1 1 1 1 1 1 1 1 1 1 1 1 1 1 1 1 1 1 1 1 1 1 1 1 1 1 1 1 1 1 1 1 1 1 1 1 1 1 1 1 1 1 1 1 1 1 1 1 1 1 1 1 1 1 1 1 1 1 1 1 1 1 1 1 1 1 1 1 1 1 1 1 1 1 1 1 1 1 1 1 1 1 1 1 1 1 1 1 1 1 1 1 1 1 1 1 1 1 1 1 1 1 1 1 1 1 1 1 1 1 1 1 1 1 1 1 1 1 1 1 1 1 1 1 1 1 1 1 1 1 1 1 1 1 1 1 1 1 1 1 1 1 1 1 1 1 1 1 1 1 1 1 1 1 1 1 1 1 1 1 1 1 1 1 1 1 1 1 1 1 1 1 1 1 1 1 1 1 1 1 1 1 1 1 1 1 1 1 1 1 1 1 1 1 1 1 1 1 1 1 1 1 1 1 1 1 1 1 1 1 1 1 1 1 1 1 1 1 1 1 1 1 1 1 1 1 1 1 1 1 1 1 1 1 1 1 1 1 1 1 1 1 1 1 1 1 1 1 1 1 1 1 1 1 1 1 1 1 1 1 1 1 1 1 1 1 1 1 1 1 1 1 1 1 1 1 1 1 1 1 1 1 1 1 1 1 1 1 1 1 1 1 1 1 1 1 1 1 1 1 1 1 1 1 1 1 1 1 1 1 1 1 1 1 1 1 1 1 1 1 1 1 1 1 1 1 1 1 1 1 1 1 1 1 1 1 1 1 1 1 1 1 1 1 1 1 1 1 1 1 1 1 1 1 1 1 1 1 1 1 1 1 1 1 1 1 1 1 1 1 1 1 1 1 1 1 1 1 1 1 1 1 1 1 1 1 1 1 1 1 1 1 1 1 1 1 1 1 1 1 1 1 1 1 1 1 1 1 1 1 1 1 1 1 1 1 1 1 1 1 1 1 1 1 1 1 1 1 1 1 1 1 1 1 1 1 1 1 1 1 1 1 1 1 1 1 1 1 1 1 1 1 1 1 1 1 1 1 1 1 1 1 1 1 1 1 1 1 1 1 1 1 1 1 1 1 1 1 1 1 1 1 1 1 1 1 1 1 1 1 1 1 1 1 1 1 1 1 1 1 1 1 1 1 1 1 1 1 1 1 1 1 1 1 1 1 1 1 1 1 1 1 1 1 1 1 1 1 1 1 1 1 1 1 1 1 1 1 1 1 1 1 1 1 1 1 1 1 1 1 1 1 1 1 1 1 1 1 1 1 1 1 1 1 1 1 1 1 1 1 1 1 1 1 1 1 1 1 1 1 1 1 1 1 1 1 1 1 1 1 1 1 1 1 1 1 1 1 1 1 1 1 1 1 1 1 1 1 1 1 1 1 1 1 1 1 1 1 1 1 1 1 1 1 1 1 1 1 1 1 1 1 1 1 1 1 1 1 1 1 1 1 1 1 1 1 1 1 1 1 1 1 1 1 1 1 1 1 1 1 1 1 1 1 1 1 1 1 1 1 1 1 1 1 1 1 1 1 1 1 1 1 1 1 1 1 1 1 1 1 1 1 1 1 1 1 1 1 1 1 1 1 1 1 1 1 1 1 1 1 1 1 1 1 1 1 1 1 1 1 1 1 1 1 1 1 1 1 1 1 1 1 1 1 1 1 1 1 1 1 1 1 1 1 1 1 1 1 1 1 1 1 1 1 1 1 1 1 1 1 1 1 1 1 1 1 1 1 1 1 1 1 1 1 1 1 1 1 1 1 1 1 1 1 1 1 1 1 1 1 1 1 1 1 1 1 1 1 1 1 1 1 1 1 1 1 1 1 1 1 1 1 1 1 1 1 1 1 1 1 1 1 1 1 1 1 1 1 1 1 1 1 1 1 1 1 1 1 1 1 1 1 1 1 1 1 1 1 1 1 1 1 1 1 1 1 1 1 1 1 1 1 1 1 1 1 1 1 1 1 1 1 1 1 1 1 1 1 1 1 1 1 1 1 1 1 1 1 1 1 1 1 1 1 1 1 1 1 1 1 1 1 1 1 1 1 1 1 1 1 1 1 1 1 1 1 1 1 1 1 1 1 1 1 1 1 1 1 1 1 1 1 1 1 1 1 1 1 1 1 1 1 1 1 1 1 1 1 1 1 1 1 1 1 1 1 1 1 1 1 1 1 1 1 1 1 1 1 1 1 1 1 1 1 1 1 1 1 1 1 1 1 1 1 1 1 1 1 1 1 1 1 1 1 1 1 1 1 1 1 1 1 1 1 1 1 1 1 1 1 1 1 1 1 1 1 1 1 1 1 1 1 1 1 1 1 1 1 1 1 1 1 1 1 1 1 1 1 1 1 1 1 1 1 1 1 1 1 1 1 1 1 1 1 1 1 1 1 1 1 1 1 1 1 1 1 1 1 1 1 1 1 1 1 1 1 1 1 1 1 1 1 1 1 1 1 1 1 1 1 1 1 1 1 1 1 1 1 1 1 1 1 1 1 1 1 1 1 1 1 1 1 1 1 1 1 1 1 1 1 1 1 1 1 1 1 1 1 1 1 1 1 1 1 1 1 1 1 1 1 1 1 1 1 1 1 1 1 1 1 1 1 1 1 1 1 1 1 1 1 1 1 1 1 1 1 1 1 1 1 1 1 1 1 1 1 1 1 1 1 1 1 1 1 1 1 1 1 1 1 1 1 1 1 1 1 1 1 1 1 1 1 1 1 1 1 1 1 1 1 1 1 1 1 1 1 1 1 1 1 1 1 1 1 1 1 1 1 1 1 1 1 1 1 1 1 1 1 1 1 1 1 1 1 1 1 1 1 1 1 1 1 1 1 1 1 1 1 1 1 1 1 1 1 1 1 1 1 1 1 1 1 1 1 1 1 1 1 1 1 1 1 1 1 1 1 1 1 1 1 1 1 1 1 1 1 1 1 1 1 1 1 1 1 1 1 1 1 1 1 1 1 1 1 1 1 1 1 1 1 1 1 1 1 1 1 1 1 1 1 1 1 1 1 1 1 1 1 1 1 1 1 1 1 1 1 1 1 1 1 1 1 1 1 1 1 1 1 1 1 1 1 1 1 1 1 1 1 1 1 1 2 2 2 1 1 2 1 2 2 1 1 1 1 1 1 1 1 1 1 1 1 1 1 1 1 1 1 1 1 1 1 1 1 1 1 1 1 1 1 1 1 1 1 1 1 1 1 1 1 1 1 1 1 1 1 1 1 1 1 1 1 1 1 1 1 1 1 1 1 1 1 1 1 1 1 1 1 1 1 1 1 1 1 1 1 1 1 1 1 1 1 1 1 1 1 1 1 1 1 1 1 1 1 1 1 1 1 1 1 1 1 1 1 1 1 1 1 1 1 1 1 1 1 1 1 1 1 1 1 1 1 1 1 1 1 1 1 1 1 1 1 1 1 1 1 1 1 1 1 1 1 1 1 1 1 1 1 1 1 1 1 1 1 1 1 1 1 1 1 1 1 1 1 1 1 1 1 1 1 1 1 1 1 1 1 1 1 1 1 1 1 1 1 1 1 1 1 1 1 1 1 1 1 1 1 1 1 1 1 1 1 1 1 1 1 1 1 1 1 1 1 1 1 1 1 1 1 1 1 1 1 1 1 1 1 1 1 1 1 1 1 1 1 1 1 1 1 1 1 1 1 1 1 1 1 1 1 1 1 1 1 1 1 1 1 1 1 1 1 1 1 1 1 1 1 1 1 1 1 1 1 1 1 1 1 1 1 1 1 1 1 1 1 1 1 1 1 1 1 1 1 1 1 1 1 1 1 1 1 1 1 1 1 1 1 1 1 1 1 1 1 1 1 1 1 1 1 1 1 1 1 1 1 1 1 1 1 1 1 1 1 1 1 1 1 1 1 1 1 1 1 1 1 1 1 1 1 1 1 1 1 1 1 1 1 1 1 1 1 1 1 1 1 1 1 1 1 1 1 1 1 1 1 1 1 1 1 2 2 1 1 2 1 1 2 2 1 1 2 2 1 1 1 1 1 2 2 1 1 2 2 1 1 2 1 1 1 1 1 1 1 2 1 2 1 2 2 2 1 1 2 1 2 1 2 1 2 1 2 1 1 1 1 2 1 2 1 2 2 1 2 1 1 1 1 1 1 1 1 2 2 1 1 2 2 1 1 2 2 1 1 1 1 1 2 1 1 2 2 1 1 2 2 1 1 2 1 1 1 1 1 1 1 2 1 2 1 2 1 2 1 2 1 2 1 1 1 1 1 2 1 2 1 2 1 2 2 1 2 1 1 1 1 1 1 1 1 2 2 1 1 2 2 1 1 2 2 1 1 1 1 1 2 1 1 2 2 1 1 2 2 1 1 2 1 1 1 1 1 1 1 2 1 2 1 2 1 2 1 2 1 2 1 1 1 1 1 2 1 2 1 2 1 2 2 1 2 1 1 1 1 1 1 1 1 2 2 1 1 2 1 1 2 2 1 1 2 2 1 1 1 1 1 2 2 1 1 2 2 1 1 2 1 1 1 1 1 1 1 2 1 2 1 1 2 1 2 1 2 1 2 1 2 1 1 1 1 2 1 2 1 2 2 1 2 1 1 1 1 1 1 1 1 1 1 1 1 1 1 1 1 1 1 1 1 1 1 1 1 1 1 1 1 1 1 1 1 1 1 1 1 1 1 1 1 1 1 1 1 1 1 1 1 1 1 1 1 1 1 1 1 1 1 1 1 1 1 1 1 1 1 1 1 1 1 1 1 1 1 1 1 1 1 1 1 1 1 1 1 1 1 1 1 1 1 1 1 1 1 1 1 1 1 1 1 1 1 1 1 1 1 1 1 1 1 1 1 1 1 1 1 1 1 1 1 1 1 1 1 1 1 1 1 1 1 1 1 1 1 1 1 1 1 1 1 1 1 1 1 1 1 1 1 1 1 1 1 1 1 1 1 1 1 1 1 1 1 1 1 1 1 1 1 1 1 1 1 1 1 1 1 1 1 1 1 1 1 1 1 1 1 1 1 1 1 1 1 1 1 1 1 1 1 1 1 1 1 1 1 1 1 1 1 1 1 1 1 1 1 1 1 1 1 1 1 1 1 1 1 1 1 1 1 1 1 1 1 1 1 1 1 1 1 1 1 1 1 1 1 1 1 1 1 1 1 1 1 1 1 1 1 1 1 1 1 1 1 1 1 1 1 1 1 1 1 1 1 1 1 1 1 1 1 1 1 1 1 1 1 1 1 1 1 1 1 1 1 1 1 1 1 1 1 1 1 1 1 1 1 1 1 1 1 1 1 1 1 1 1 1 1 1 1 1 1 1 1 1 1 1 1 1 1 1 1 1 1 1 1 1 1 1 1 1 1 1 1 1 1 1 1 1 1 1 1 1 1 1 1 1 1 1 1 1 1 1 1 1 1 1 1 1 1 1 1 1 1 1 1 1 1 1 1 1 1 1 1 1 1 1 1 1 1 1 1 1 1 1 1 1 1 1 1 1 1 1 1 1 1 1 1 1 1 1 1 1 1 1 1 1 1 1 1 1 1 1 1 1 1 1 1 1 1 1 1 1 1 1 1 1 1 1 1 1 1 1 1 1 1 1 1 1 1 1 1 1 1 1 1 1 1 1 1 1 1 1 1 1 1 1 1 1 1 1 1 1 1 1 1 1 1 1 1 1 1 1 1 1 1 1 1 1 1 1 1 1 1 1 1 1 1 1 1 1 1 1 1 1 1 1 1 1 1 1 1 1 1 1 1 1 1 1 1 1 1 1 1 1 1 1 1 1 1 1 1 1 1 1 1 1 1 1 1 1 1 1 1 1 1 1 1 1 1 1 1 1 1 1 1 1 1 1 1 1 1 1 1 1 1 1 1 1 1 1 1 1 1 1 1 1 1 1 1 1 1 1 1 1 1 1 1 1 1 1 1 1 1 1 1 1 1 1 1 1 1 1 1 1 1 1 1 1 1 1 1 1 1 1 1 1 1 1 1 1 1 1 1 1 1 1 1 1 1 1 1 1 1 1 1 1 1 1 1 1 1 1 1 1 1 1 1 1 1 1 1 1 1 1 1 1 1 1 1 1 1 1 1 1 1 1 1 1 1 1 1 1 1 1 1 1 1 1 1 1 1 1 1 1 1 1 1 1 1 1 1 1 1 1 1 1 1 1 1 1 1 1 1 1 1 1 1 1 1 1 1 1 1 1 1 1 1 1 1 1 1 1 1 1 1 1 1 1 1 1 1 1 1 1 1 1 1 1 1 1 1 1 1 1 1 1 1 1 1 1 1 1 1 1 1 1 1 1 1 1 1 1 1 1 1 1 1 1 1 1 1 1 1 1 1 1 1 1 1 1 1 1 1 1 1 1 1 1 1 1 1 1 1 1 1 1 1 1 1 1 1 1 1 1 1 1 1 1 1 1 1 1 1 1 1 1 1 1 1 1 1 1 1 1 1 1 1 1 1 1 1 1 1 1 1 1 1 1 1 1 1 1 1 1 1 1 1 1 1 1 1 1 1 1 1 1 1 1 1 1 1 1 1 1 1 1 1 1 1 1 1 1 1 1 1 1 1 1 1 1 1 1 1 1 1 1 1 1 1 1 1 1 1 1 1 1 1 1 1 1 1 1 1 1 1 1 1 1 1 1 1 1 1 1 1 1 1 1 1 1 1 1 1 1 1 1 1 1 1 1 1 1 1 1 1 1 1 1 1 1 1 1 1 1 1 1 1 1 1 1 1 1 1 1 1 1 1 1 1 1 1 1 1 1 1 1 1 1 1 1 1 1 1 1 1 1 1 1 1 1 1 1 1 1 1 1 1 1 1 1 1 1 1 1 1 1 1 1 1 1 1 1 1 1 1 1 1 1 1 1 1 1 1 1 1 1 1 1 1 1 1 1 1 1 1 1 1 1 1 1 1 1 1 1 1 1 1 1 1 1 1 1 1 2 2 2 1 1 2 1 2 2 1 1 1 1 1 1 1 1 1 1 1 1 1 1 1 1 1 1 1 1 1 1 1 1 1 1 1 1 1 1 1 1 1 1 1 1 1 1 1 1 1 1 1 1 1 1 1 1 1 1 1 1 1 1 1 1 1 1 1 1 1 1 1 1 1 1 1 1 1 1 1 1 1 1 1 1 1 1 1 1 1 1 1 1 1 1 1 1 1 1 1 1 1 1 1 1 1 1 1 1 1 1 1 1 1 1 1 1 1 1 1 1 1 1 1 1 1 1 1 1 1 1 1 1 1 1 1 1 1 1 1 1 1 1 1 1 1 1 1 1 1 1 1 1 1 1 1 1 1 1 1 1 1 1 1 1 1 1 1 1 1 1 1 1 1 1 1 1 1 1 1 1 1 1 1 1 1 1 1 1 1 1 1 1 1 1 1 1 1 1 1 1 1 1 1 1 1 1 1 1 1 1 1 1 1 1 1 1 1 1 1 1 1 1 1 1 1 1 1 1 1 1 1 1 1 1 1 1 1 1 1 1 1 1 1 1 1 1 1 1 1 1 1 1 1 1 1 1 1 1 1 1 1 1 1 1 1 1 1 1 1 1 1 1 1 1 1 1 1 1 1 1 1 1 1 1 1 1 1 1 1 1 1 1 1 1 1 1 1 1 1 1 1 1 1 1 1 1 1 1 1 1 1 1 1 1 1 1 1 1 1 1 1 1 1 1 1 1 1 1 1 1 1 1 1 1 1 1 1 1 1 1 1 1 1 1 1 1 1 1 1 1 1 1 1 1 1 1 1 1 1 1 1 1 1 1 1 1 1 1 1 1 1 1 1 1 1 1 1 1 1 1 1 1 1 1 1 1 2 1 2 1 1 2 1 2 1 2 1 2 1 2 1 1 1 1 2 1 2 1 2 2 1 2 1 1 1 1 1 1 1 1 2 2 1 2 2 1 2 1 2 1 1 2 2 1 1 2 2 1 1 1 1 1 2 2 1 1 2 2 1 1 2 1 1 1 1 1 1 1 2 1 2 1 2 1 2 1 2 1 2 1 1 1 1 1 2 1 2 1 2 1 2 2 1 2 1 1 1 1 1 1 1 1 2 2 1 1 2 2 1 1 2 2 1 1 1 1 1 2 1 1 2 2 1 1 2 2 1 1 2 1 1 1 1 1 1 1 2 1 2 1 2 1 2 1 2 1 2 1 1 1 1 1 2 1 2 1 2 1 2 2 1 2 1 1 1 1 1 1 1 1 2 2 1 1 2 2 1 1 2 2 1 1 1 1 1 2 1 1 2 2 1 1 2 2 1 1 2 1 1 1 1 1 1 1 2 1 2 1 1 2 1 2 1 2 1 2 1 2 1 1 1 1 2 1 2 1 2 2 1 2 1 1 1 1 1 1 1 1 2 2 1 1 2 1 1 2 2 1 1 2 2 1 1 1 1 1 2 2 1 1 2 2 1 1 2 1 1 1 1 1 1 1 1 1 1 1 1 1 1 1 1 1 1 1 1 1 1 1 1 1 1 1 1 1 1 1 1 1 1 1 1 1 1 1 1 1 1 1 1 1 1 1 1 1 1 1 1 1 1 1 1 1 1 1 1 1 1 1 1 1 1 1 1 1 1 1 1 1 1 1 1 1 1 1 1 1 1 1 1 1 1 1 1 1 1 1 1 1 1 1 1 1 1 1 1 1 1 1 1 1 1 1 1 1 1 1 1 1 1 1 1 1 1 1 1 1 1 1 1 1 1 1 1 1 1 1 1 1 1 1 1 1 1 1 1 1 1 1 1 1 1 1 1 1 1 1 1 1 1 1 1 1 1 1 1 1 1 1 1 1 1 1 1 1 1 1 1 1 1 1 1 1 1 1 1 1 1 1 1 1 1 1 1 1 1 1 1 1 1 1 1 1 1 1 1 1 1 1 1 1 1 1 1 1 1 1 1 1 1 1 1 1 1 1 1 1 1 1 1 1 1 1 1 1 1 1 1 1 1 1 1 1 1 1 1 1 1 1 1 1 1 1 1 1 1 1 1 1 1 1 1 1 1 1 1 1 1 1 1 1 1 1 1 1 1 1 1 1 1 1 1 1 1 1 1 1 1 1 1 1 1 1 1 1 1 1 1 1 1 1 1 1 1 1 1 1 1 1 1 1 1 1 1 1 1 1 1 1 1 1 1 1 1 1 1 1 1 1 1 1 1 1 1 1 1 1 1 1 1 1 1 1 1 1 1 1 1 1 1 1 1 1 1 1 1 1 1 1 1 1 1 1 1 1 1 1 1 1 1 1 1 1 1 1 1 1 1 1 1 1 1 1 1 1 1 1 1 1 1 1 1 1 1 1 1 1 1 1 1 1 1 1 1 1 1 1 1 1 1 1 1 1 1 1 1 1 1 1 1 1 1 1 1 1 1 1 1 1 1 1 1 1 1 1 1 1 1 1 1 1 1 1 1 1 1 1 1 1 1 1 1 1 1 1 1 1 1 1 1 1 1 1 1 1 1 1 1 1 1 1 1 1 1 1 1 1 1 1 1 1 1 1 1 1 1 1 1 1 1 1 1 1 1 1 1 1 1 1 1 1 1 1 1 1 1 1 1 1 1 1 1 1 1 1 1 1 1 1 1 1 1 1 1 1 1 1 1 1 1 1 1 1 1 1 1 1 1 1 1 1 1 1 1 1 1 1 1 1 1 1 1 1 1 1 1 1 1 1 1 1 1 1 1 1 1 1 1 1 1 1 2 1 1 1 1 1 1 1 1 1 1 1 1 1 1 1 1 1 1 1 1 1 1 1 1 1 1 1 1 1 1 1 1 1 1 1 1 1 1 1 2 2 1 2 1 2 1 1 1 1 2 1 1 1 1 1 1 1 1 1 1 1 2 2 1 1 1 1 1 1 1 1 1 1 1 1 2 2 1 2 1 1 2 2 1 1 2 1 2 2 1 2 1 2 1 1 1 2 2 1 1 1 1 1 1 1 1 1 1 1 1 1 1 1 1 1 1 1 1 1 1 1 1 1 1 1 1 1 1 1 1 1 1 1 1 1 1 1 1 1 1 1 1 1 1 1 1 1 1 1 1 1 1 1 1 1 1 1 1 1 1 1 1 1 1 1 1 1 1 1 1 1 1 1 1 1 1 1 1 1 1 1 1 1 1 1 1 1 1 1 1 1 1 1 1 1 1 1 1 1 1 1 1 1 1 1 1 1 1 1 1 1 1 1 1 1 1 1 1 1 1 1 1 1 1 1 1 1 1 1 1 1 1 1 1 1 1 1 1 1 1 1 1 1 1 1 1 1 1 1 1 1 1 1 1 1 1 1 1 1 1 1 1 1 1 1 1 1 1 1 1 1 1 1 1 1 1 1 1 1 1 1 1 1 1 1 1 1 1 1 1 1 1 1 1 1 1 1 1 1 1 1 1 1 1 1 1 1 1 1 1 1 1 1 1 1 1 1 1 1 1 1 1 1 1 1 1 1 1 1 1 1 1 1 1 1 1 1 1 1 1 1 1 1 1 1 1 1 1 1 1 1 1 1 1 1 1 1 1 1 1 1 1 1 1 1 1 1 1 1 1 1 1 1 1 1 1 1 1 1 1 1 1 1 1 1 1 1 1 1 1 1 1 1 1 1 1 1 1 1 1 1 1 1 1 1 1 1 1 1 1 1 1 1 1 1 1 1 1 1 1 1 1 1 1 1 1 1 1 1 1 1 1 1 1 1 1 1 1 1 1 1 1 1 1 1 1 1 1 1 1 1 1 1 1 1 1 1 1 1 1 1 1 1 1 1 1 1 1 1 1 1 1 1 1 1 1 1 1 1 1 1 1 1 1 1 1 1 1 1 1 1 1 1 1 1 1 1 1 1 1 1 1 1 1 1 1 1 1 1 1 1 1 1 1 1 1 1 1 1 1 1 1 1 1 1 1 1 1 1 1 1 1 1 1 1 1 1 1 1 1 1 1 1 1 1 1 1 1 1 1 1 1 1 1 1 1 1 1 1 1 1 1 1 1 1 1 1 1 1 1 1 1 1 1 1 1 1 1 1 1 1 1 1 1 1 1 1 1 1 1 1 1 1 1 1 1 1 1 1 1 1 1 1 1 1 1 1 1 1 1 1 1 1 1 1 1 1 1 1 1 1 1 1 1 1 1 1 1 1 1 1 1 1 1 1 1 1 1 1 1 1 1 1 1 1 1 1 1 1 1 1 1 1 1 1 1 1 1 1 1 1 1 1 1 1 1 1 1 1 1 1 1 1 1 1 1 1 1 1 1 1 1 1 1 1 1 1 1 1 1 1 1 1 1 1 1 1 1 1 1 1 1 1 1 1 1 1 1 1 1 1 1 1 1 1 1 1 1 1 1 1 1 1 1 1 1 1 1 1 1 1 1 1 1 1 1 1 1 1 1 1 1 1 1 1 1 1 1 1 1 1 1 1 1 1 1 1 1 1 1 1 1 1 1 1 1 1 1 1 1 1 1 1 1 1 1 1 1 1 1 1 1 1 1 1 1 1 1 1 1 1 1 1 1 1 1 1 1 1 1 1 1 1 1 1 1 1 1 1 1 1 1 1 1 1 1 1 1 1 1 1 1 1 1 1 1 1 1 1 1 1 1 1 1 1 1 1 1 1 1 1 1 1 1 1 1 1 1 1 1 1 1 1 1 1 1 1 1 1 1 1 1 1 1 1 1 1 1 1 1 1 1 1 1 1 1 1 1 1 1 1 1 1 1 1 1 1 1 1 1 1 1 1 1 1 1 1 1 1 1 1 1 1 1 1 1 1 1 1 1 1 1 1 1 1 1 1 1 1 1 1 1 1 1 1 1 1 1 1 1 1 1 1 1 1 1 1 1 1 1 1 1 1 1 1 1 1 1 1 1 1 1 1 1 1 1 1 1 1 1 1 1 1 1 1 1 1 1 1 1 1 1 1 1 1 1 1 1 1 1 1 1 1 1 1 1 1 1 1 1 1 1 1 1 1 1 1 1 1 1 1 1 1 1 1 1 1 1 1 1 1 1 1 1 1 1 1 1 1 1 1 1 1 1 1 1 1 1 1 1 1 1 1 1 1 1 1 1 1 1 1 1 1 1 1 1 1 1 1 1 1 1 1 1 1 1 1 1 1 1 1 1 1 1 1 1 1 1 1 1 1 1 1 1 1 1 1 1 1 1 1 1 1 1 1 1 1 1 1 1 1 1 1 1 1 1 1 1 1 1 1 1 1 1 1 1 1 1 1 1 1 1 1 1 1 1 1 1 1 1 1 1 1 1 1 1 1 1 1 1 1 1 1 1 1 1 1 1 1 1 1 1 1 1 1 1 1 1 1 1 1 1 1 1 1 1 1 1 1 1 1 1 1 1 1 1 1 1 1 1 1 1 1 1 1 1 1 1 1 1 1 1 1 1 1 1 1 1 1 1 1 1 1 1 1 1 1 1 1 1 1 1 1 1 1 1 1 1 1 1 1 1 1 1 1 1 1 1 1 1 1 1 1 1 1 1 1 1 1 1 1 1 1 1 1 1 1 1 1 1 1 1 1 1 2 1 1 1 1 1 1 1 1 1 1 1 1 1 1 1 1 1 1 1 1 1 1 1 1 1 1 1 1 1 1 1 1 1 1 1 1 1 1 1 1 2 2 1 2 1 2 1 1 1 1 1 2 1 1 1 1 1 1 1 1 1 1 2 2 1 1 1 1 1 1 1 1 1 1 1 1 2 2 1 2 1 1 2 1 2 1 2 1 2 2 1 2 1 2 1 1 2 1 2 1 1 1 1 1 1 1 1 1 1 1 1 1 1 1 1 1 1 1 1 1 1 1 1 1 1 1 1 1 1 1 1 1 1 1 1 1 1 1 1 1 1 1 1 1 1 1 1 1 1 1 1 1 1 1 1 1 1 1 1 1 1 1 1 1 1 1 1 1 1 1 1 1 1 1 1 1 1 1 1 1 1 1 1 1 1 1 1 1 1 1 1 1 1 1 1 1 1 1 1 1 1 1 1 1 1 1 1 1 1 1 1 1 1 1 1 1 1 1 1 1 1 1 1 1 1 1 1 1 1 1 1 1 1 1 1 1 1 1 1 1 1 1 1 1 1 1 1 1 1 1 1 1 1 1 1 1 1 1 1 1 1 1 1 1 1 1 1 1 1 1 1 1 1 1 1 1 1 1 1 1 1 1 1 1 1 1 1 1 1 1 1 1 1 1 1 1 1 1 1 1 1 1 1 1 1 1 1 1 1 1 1 1 1 1 1 1 1 1 1 1 1 1 1 1 1 1 1 1 1 1 1 1 1 1 1 1 1 1 1 1 1 1 1 1 1 1 1 1 1 1 1 1 1 1 1 1 1 1 1 1 1 1 1 1 1 1 1 1 1 1 1 1 1 1 1 1 1 1 1 1 1 1 1 1 1 1 1 1 1 1 1 1 1 1 1 1 1 1 1 1 1 1 1 1 1 1 1 1 1 1 1 1 1 1 1 1 1 1 1 1 1 1 1 1 1 1 1 1 1 1 1 1 1 1 1 1 1 1 1 1 1 1 1 1 1 1 1 1 1 1 1 1 1 1 1 1 1 1 1 1 1 1 1 1 1 1 1 1 1 1 1 1 1 1 1 1 1 1 1 1 1 1 1 1 1 1 1 1 1 1 1 1 1 1 1 1 1 1 1 1 1 1 1 1 1 1 1 1 1 1 1 1 1 1 1 1 1 1 1 1 1 1 1 1 1 1 1 1 1 1 1 1 1 1 1 1 1 1 1 1 1 1 1 1 1 1 1 1 1 1 1 1 1 1 1 1 1 1 1 1 1 1 1 1 1 1 1 1 1 1 1 1 1 1 1 1 1 1 1 1 1 1 1 1 1 1 1 1 1 1 1 1 1 1 1 1 1 1 1 1 1 1 1 1 1 1 1 1 1 1 1 1 1 1 1 1 1 1 1 1 1 1 1 1 1 1 1 1 1 1 1 1 1 1 1 1 1 1 1 1 1 1 1 1 1 1 1 1 1 1 1 1 1 1 1 1 1 1 1 1 1 1 1 1 1 1 1 1 1 1 1 1 1 1 1 1 1 1 1 1 1 1 1 1 1 1 1 1 1 1 1 1 1 1 1 1 1 1 1 1 1 1 1 1 1 1 1 1 1 1 1 1 1 1 1 1 1 1 1 1 1 1 1 1 1 1 1 1 1 1 1 1 1 1 1 1 1 1 1 1 1 1 1 1 1 1 1 1 1 1 1 1 1 1 1 1 1 1 1 1 1 1 1 1 1 1 1 1 1 1 1 1 1 1 1 1 1 1 1 1 1 1 1 1 1 1 1 1 1 1 1 1 1 1 1 1 1 1 1 1 1 1 1 1 1 1 1 1 1 1 1 1 1 1 1 1 1 1 1 1 1 1 1 1 1 1 1 1 1 1 1 1 1 1 1 1 1 1 1 1 1 1 1 1 1 1 1 1 1 1 1 1 1 1 1 1 1 1 1 1 1 1 1 1 1 1 1 1 1 1 1 1 1 1 1 1 1 1 1 1 1 1 1 1 1 1 1 1 1 1 1 1 1 1 1 1 1 1 1 1 1 1 1 1 1 1 1 1 1 1 1 1 1 1 1 1 1 1 1 1 1 1 1 1 1 1 1 1 1 1 1 1 1 1 1 1 1 1 1 1 1 1 1 1 1 1 1 1 1 1 1 1 1 1 1 1 1 1 1 1 1 1 1 1 1 1 1 1 1 1 1 1 1 1 1 1 1 1 1 1 1 1 1 1 1 1 1 1 1 1 1 1 1 1 1 1 1 1 1 1 1 1 1 1 1 1 1 1 1 1 1 1 1 1 1 1 1 1 1 1 1 1 1 1 1 1 1 1 1 1 1 1 1 1 1 1 1 1 1 1 1 1 1 1 1 1 1 1 1 1 1 1 1 1 1 1 1 1 1 1 1 1 1 1 1 1 1 1 1 1 1 1 1 1 1 1 1 1 1 1 1 1 1 1 1 1 1 1 1 1 1 1 1 1 1 1 1 1 1 1 1 1 1 1 1 1 1 1 1 1 1 1 1 1 1 1 1 1 1 1 1 1 1 1 1 1 1 1 1 1 1 1 1 1 1 1 1 1 1 1 1 1 1 1 1 1 1 1 1 1 1 1 1 1 1 1 1 1 1 1 1 1 1 1 1 1 1 1 1 1 1 1 1 1 1 1 1 1 1 1 1 1 1 1 1 1 1 1 1 1 1 1 1 1 1 1 1 1 1 1 1 1 1 1 1 1 1 1 1 1 1 1 1 1 1 1 1 1 1 1 1 1 1 1 1 1 1 1 1 1 1 1 1 1 1 1 1 1 1 1 2 2 2 2 2 2 2 2 2 2 2 2 2 2 2 2 2 2 2 2 2 2 2 2 2 2 2 2 2 2 2 2 2 2 2 2 2 2 2 2 2 2 2 2 2 2 2 2 2 2 2 2 2 2 2 2 2 2 2 2 2 2 2 2 2 2 2 2 2 2 2 2 2 2 2 2 2 2 2 2 2 2 2 2 2 2 2 2 2 2 2 2 2 2 2 2 2 2 2 2 2 2 2 2 2 2 2 2 2 2 2 2 2 2 2 2 2 2 2 2 2 2 2 2 2 2 2 2 2 2 2 2 2 2 2 2 2 2 2 2 2 2 2 2 2 2 2 2 2 2 2 2 2 2 2 2 2 2 2 2 2 2 2 2 1 1 2 1 1 2 1 1 2 1 2 1 2 1 2 2 2 2 2 2 2 2 2 2 2 2 2 2 2 2 2 2 2 2 2 2 2 2 2 2 2 2 2 2 2 2 2 1 2 1 1 2 2 1 1 2 1 2 2 2 2 2 2 2 2 2 2 2 2 2 2 1 2 2 2 2 2 2 1 2 2 2 1 2 2 2 2 2 2 1 2 2 2 1 2 2 2 2 2 2 1 2 2 2 2 1 2 2 2 1 2 2 2 2 2 2 1 2 2 2 2 1 2 2 2 1 2 2 2 2 2 2 1 2 2 2 2 1 2 2 2 1 2 2 2 2 2 2 1 2 2 2 2 1 2 2 2 1 2 2 2 2 2 2 2 2 2 2 1 2 2 2 1 2 2 2 2 2 2 2 2 2 2 1 2 2 2 1 2 2 2 2 2 2 2 2 2 2 2 2 2 2 2 1 1 2 2 1 2 1 1 2 1 2 2 2 2 2 2 2 2 2 2 2 2 2 2 1 2 2 2 2 2 2 1 2 2 2 1 2 2 2 2 2 2 1 2 2 2 1 2 2 2 2 2 2 1 2 2 2 2 1 2 2 2 1 2 2 2 2 2 2 1 2 2 2 2 1 2 2 2 1 2 2 2 2 2 2 1 2 2 2 2 1 2 2 2 1 2 2 2 2 2 2 1 2 2 2 2 1 2 2 2 1 2 2 2 2 2 2 2 2 2 2 1 2 2 2 1 2 2 2 2 2 2 2 2 2 2 1 2 2 2 1 2 2 2 1 1 2 2 1 2 1 1 2 2 1 2 1 1 2 2 2 2 2 2 2 2 2 2 2 2 2 2 2 1 2 2 2 2 2 2 2 2 2 2 2 1 2 2 1 2 1 2 1 2 1 2 2 2 2 2 2 2 2 2 2 2 2 1 2 2 2 2 2 2 2 2 2 2 1 2 2 2 2 2 2 2 2 2 2 1 2 2 2 2 2 2 2 1 2 1 2 2 2 2 2 2 2 2 2 1 2 2 2 2 2 2 2 2 2 2 2 2 2 2 2 2 2 2 2 2 2 2 2 2 2 2 2 2 2 2 2 2 2 2 2 2 2 2 2 2 2 2 2 2 2 2 2 2 2 2 2 2 2 2 2 2 2 2 2 2 2 2 2 2 2 2 2 2 2 2 2 2 2 2 2 2 2 2 2 2 2 2 2 2 2 2 2 2 2 2 2 2 2 2 2 2 1 2 1 2 1 2 1 2 1 2 1 2 1 2 1 2 2 2 2 2 2 2 2 2 2 2 2 2 2 1 2 2 2 2 2 2 2 2 2 2 2 1 2 2 1 1 2 2 1 2 1 2 2 2 2 2 2 2 2 2 2 2 2 1 2 2 2 2 2 2 2 2 2 2 1 2 2 2 2 2 2 2 2 2 2 1 2 2 2 2 2 2 2 1 2 2 1 2 2 2 2 2 2 2 1 2 2 2 2 2 2 2 2 2 2 2 2 2 2 2 2 2 2 2 2 2 2 2 2 2 2 2 2 2 2 2 2 2 2 2 2 2 2 2 2 2 2 2 2 2 2 2 2 2 2 2 2 2 2 2 2 2 2 2 2 2 2 2 2 2 2 2 2 2 2 2 2 2 2 2 2 2 2 2 2 2 2 2 2 2 2 2 2 2 2 2 2 </vcount>
          <v>28 0 28 0 28 0 28 0 28 0 28 0 40 0 40 0 28 0 40 0 28 0 40 0 40 0 28 0 40 0 28 0 28 0 28 0 40 0 40 0 40 0 2 0 40 0 2 0 40 0 40 0 2 0 2 0 40 0 40 0 2 0 2 0 2 0 40 0 2 0 40 0 2 0 2 0 2 0 2 0 40 0 2 0 40 0 2 0 2 0 2 0 2 0 2 0 40 0 2 0 40 0 2 0 40 0 40 0 2 0 2 0 2 0 2 0 40 0 40 0 28 0 28 0 40 0 40 0 28 0 28 0 28 0 28 0 40 0 40 0 28 0 28 0 40 0 28 0 40 0 28 0 28 0 40 0 28 0 40 0 12 0 12 0 12 0 3 0 31 1 3 2 31 3 3 4 3 0 3 0 3 0 31 5 3 6 12 0 12 7 27 8 3 0 3 0 3 0 3 0 31 9 3 10 31 11 3 12 12 0 12 13 27 14 12 15 27 16 12 0 12 0 12 0 12 17 27 18 5 0 5 0 5 0 5 0 5 0 5 0 5 0 5 19 19 20 19 0 5 21 19 22 19 0 23 0 19 23 23 24 19 25 23 26 23 0 23 27 8 28 8 0 23 29 8 30 8 0 8 31 3 32 3 0 8 33 3 34 8 35 3 36 8 0 8 37 3 38 23 39 8 40 23 41 8 42 23 43 8 44 23 0 19 45 23 46 19 47 23 48 19 0 5 49 19 50 5 0 5 51 19 52 5 0 5 0 3 0 8 53 3 54 8 55 3 56 8 0 8 57 3 58 8 59 3 60 8 0 23 61 8 62 23 63 8 64 23 0 23 0 19 65 23 66 19 0 19 67 23 68 19 0 5 69 19 70 5 71 19 72 5 0 5 0 5 73 19 74 5 0 5 0 5 0 5 0 5 0 19 75 23 76 19 0 5 0 5 77 19 78 5 79 19 80 23 0 19 81 23 82 23 83 8 84 8 0 8 85 3 86 5 0 3 0 3 0 3 0 3 0 3 0 3 0 3 0 3 0 3 0 3 0 3 0 3 0 3 0 3 0 3 0 3 0 3 0 3 0 3 0 3 0 3 0 3 0 3 0 3 0 3 0 3 0 3 0 3 0 3 0 3 0 3 0 3 0 3 0 3 0 3 0 3 0 3 0 3 0 3 0 3 0 3 0 3 0 3 0 3 0 3 0 40 0 3 87 40 88 3 89 40 90 40 0 40 0 3 91 40 92 40 0 3 93 40 94 40 0 3 95 40 96 40 0 3 97 40 98 40 0 3 99 40 100 40 0 3 101 40 102 3 0 3 103 40 104 3 105 40 106 3 0 3 0 3 0 3 0 3 0 3 0 3 0 3 0 3 0 3 0 3 0 3 0 3 0 3 0 3 0 3 0 3 0 3 0 3 0 3 0 3 0 3 107 40 108 3 109 40 110 3 111 40 112 3 113 40 114 3 0 3 115 40 116 3 0 3 0 3 117 40 118 3 119 40 120 3 0 3 0 3 0 3 0 3 0 3 0 3 0 3 0 3 0 3 0 3 0 3 0 11 0 11 0 11 0 11 0 11 0 11 0 11 0 11 0 11 0 11 0 11 0 11 0 11 0 11 0 11 0 11 0 11 0 11 0 11 0 11 0 11 0 11 0 11 0 11 0 11 0 11 0 11 0 11 0 11 0 11 0 11 0 11 0 11 0 11 0 11 0 11 0 11 0 11 0 11 0 11 0 11 0 11 0 11 0 11 0 11 0 11 0 11 0 11 0 11 0 11 0 11 0 11 0 11 0 11 0 11 0 11 0 11 0 11 0 11 0 11 0 11 0 11 0 11 0 11 0 11 0 11 0 11 0 11 0 11 0 11 0 11 0 11 0 11 0 11 0 11 0 11 0 11 0 11 0 11 0 11 0 11 0 11 0 11 0 11 0 11 0 11 0 11 0 11 0 11 0 11 0 11 0 11 0 11 0 11 0 11 0 11 0 11 0 11 0 11 0 11 0 11 0 11 0 11 0 11 0 11 0 11 0 11 0 11 0 11 0 11 0 11 0 11 0 11 0 11 0 11 0 11 0 11 0 11 0 11 0 11 0 11 0 11 0 11 0 11 0 11 0 11 0 11 0 11 0 11 0 11 0 11 0 11 0 11 0 11 0 11 0 11 0 11 0 11 0 11 0 11 0 11 0 11 0 11 0 11 0 11 0 11 0 11 0 11 0 11 0 11 0 11 0 11 0 11 0 11 0 11 0 11 0 11 0 11 0 11 0 11 0 11 0 11 0 11 0 11 0 11 0 11 0 11 0 11 0 11 0 11 0 11 0 11 0 11 0 11 0 11 0 11 0 11 0 11 0 11 0 11 0 11 0 11 0 11 0 11 0 11 0 11 0 11 0 11 0 11 0 11 0 11 0 11 0 11 0 11 0 11 0 11 0 11 0 11 0 11 0 11 0 11 0 11 0 11 0 11 0 11 0 11 0 11 0 11 0 11 0 11 0 11 0 11 0 11 0 11 0 11 0 11 0 11 0 11 0 11 0 11 0 11 0 11 0 11 0 11 0 11 0 11 0 11 0 11 0 11 0 11 0 11 0 11 0 11 0 11 0 11 0 11 0 11 0 11 0 11 0 11 0 11 0 11 0 11 0 40 0 40 0 40 0 40 0 40 0 40 0 40 0 40 0 40 0 40 0 40 0 40 0 40 0 40 0 40 0 40 0 40 0 40 0 40 0 40 0 40 0 40 0 40 0 40 0 40 0 40 0 40 0 40 0 40 0 40 0 40 0 40 0 40 0 40 0 40 0 40 0 40 0 40 0 40 0 40 0 40 0 40 0 40 0 40 0 40 0 40 0 40 0 40 0 35 0 35 0 35 0 35 0 35 0 35 0 35 0 35 0 35 0 35 0 35 0 35 0 35 0 35 0 35 0 35 0 35 0 35 0 35 0 35 0 35 0 35 0 35 0 35 0 35 0 35 0 35 0 35 0 35 0 35 0 24 0 24 0 24 0 24 0 24 0 24 0 24 0 24 0 24 0 24 0 24 0 24 0 24 0 24 0 24 0 24 0 24 0 24 0 24 0 24 0 24 0 24 0 24 0 24 0 24 0 24 0 24 0 24 0 24 0 24 0 34 0 34 0 34 0 34 0 34 0 34 0 34 0 34 0 34 0 34 0 34 0 34 0 34 0 34 0 34 0 34 0 34 0 34 0 34 0 34 0 34 0 34 0 34 0 34 0 34 0 34 0 34 0 34 0 34 0 34 0 17 0 17 0 17 0 17 0 17 0 17 0 17 0 17 0 17 0 17 0 17 0 17 0 17 0 17 0 17 0 17 0 17 0 17 0 17 0 17 0 17 0 17 0 17 0 17 0 17 0 17 0 17 0 17 0 17 0 17 0 40 0 40 0 40 0 40 0 40 0 40 0 40 0 40 0 40 0 40 0 40 0 40 0 40 0 40 0 40 0 40 0 40 0 40 0 40 0 40 0 40 0 40 0 40 0 40 0 40 0 40 0 40 0 40 0 40 0 40 0 40 0 40 0 40 0 40 0 40 0 40 0 40 0 40 0 40 0 40 0 40 0 40 0 40 0 40 0 40 0 40 0 40 0 40 0 40 0 40 0 40 0 40 0 40 0 40 0 40 0 40 0 40 0 40 0 40 0 40 0 40 0 40 0 40 0 40 0 40 0 40 0 40 0 40 0 40 0 40 0 40 0 40 0 40 0 40 0 40 0 40 0 40 0 40 0 40 0 40 0 40 0 40 0 40 0 40 0 40 0 40 0 40 0 40 0 40 0 40 0 40 0 40 0 40 0 40 0 40 0 40 0 40 0 40 0 40 0 40 0 40 0 40 0 40 0 40 0 40 0 40 0 40 0 40 0 40 0 40 0 40 0 40 0 40 0 40 0 40 0 40 0 40 0 40 0 40 0 40 0 40 0 40 0 40 0 40 0 40 0 40 0 40 0 40 0 40 0 40 0 40 0 40 0 40 0 40 0 40 0 40 0 40 0 40 0 40 0 40 0 40 0 40 0 40 0 40 0 40 0 40 0 40 0 40 0 40 0 40 0 40 0 40 0 40 0 40 0 40 0 40 0 40 0 40 0 40 0 40 0 40 0 40 0 40 0 40 0 40 0 40 0 40 0 40 0 40 0 40 0 40 0 40 0 40 0 40 0 40 0 40 0 40 0 40 0 40 0 40 0 40 0 40 0 40 0 40 0 40 0 40 0 40 0 40 0 40 0 40 0 40 0 40 0 40 0 40 0 40 0 40 0 40 0 40 0 40 0 40 0 40 0 40 0 40 0 40 0 40 0 40 0 40 0 40 0 40 0 40 0 40 0 40 0 40 0 40 0 40 0 40 0 40 0 40 0 40 0 40 0 40 0 40 0 40 0 40 0 40 0 40 0 40 0 40 0 40 0 40 0 40 0 40 0 40 0 40 0 40 0 40 0 40 0 40 0 40 0 40 0 40 0 40 0 40 0 40 0 40 0 40 0 40 0 40 0 40 0 40 0 40 0 40 0 40 0 40 0 40 0 40 0 40 0 40 0 40 0 40 0 40 0 40 0 40 0 40 0 40 0 40 0 40 0 40 0 40 0 40 0 40 0 40 0 40 0 40 0 40 0 40 0 40 0 40 0 40 0 40 0 40 0 40 0 11 0 11 0 11 0 11 0 11 0 11 0 11 0 11 0 11 0 11 0 11 0 11 0 11 0 11 0 11 0 11 0 11 0 11 0 11 0 11 0 11 0 11 0 11 0 11 0 11 0 11 0 11 0 11 0 11 0 11 0 11 0 11 0 11 0 11 0 11 0 11 0 11 0 11 0 11 0 11 0 11 0 11 0 11 0 11 0 11 0 11 0 11 0 11 0 11 0 11 0 11 0 11 0 11 0 11 0 11 0 11 0 11 0 11 0 11 0 11 0 11 0 11 0 11 0 11 0 11 0 11 0 11 0 11 0 11 0 11 0 11 0 11 0 11 0 11 0 11 0 11 0 11 0 11 0 11 0 11 0 11 0 11 0 11 0 11 0 11 0 11 0 11 0 11 0 11 0 11 0 11 0 11 0 11 0 11 0 11 0 11 0 11 0 11 0 11 0 11 0 11 0 11 0 11 0 11 0 11 0 11 0 11 0 11 0 11 0 11 0 11 0 11 0 11 0 11 0 11 0 11 0 11 0 11 0 11 0 11 0 11 0 11 0 11 0 11 0 11 0 11 0 11 0 11 0 11 0 11 0 11 0 11 0 11 0 11 0 11 0 11 0 11 0 11 0 11 0 11 0 21 0 21 0 21 0 21 0 21 0 21 0 21 0 21 0 21 0 21 0 21 0 21 0 21 0 21 0 21 0 21 0 21 0 21 0 21 0 21 0 21 0 21 0 21 0 21 0 21 0 21 0 21 0 21 0 21 0 21 0 21 0 21 0 21 0 21 0 21 0 21 0 21 0 21 0 21 0 21 0 21 0 21 0 21 0 21 0 21 0 21 0 21 0 21 0 21 0 21 0 21 0 21 0 21 0 21 0 21 0 21 0 21 0 21 0 21 0 21 0 21 0 21 0 21 0 21 0 21 0 21 0 21 0 21 0 21 0 21 0 21 0 21 0 21 0 21 0 21 0 21 0 21 0 21 0 21 0 21 0 21 0 21 0 21 0 28 0 28 0 28 0 28 0 28 0 28 0 28 0 28 0 28 0 28 0 28 0 28 0 28 0 28 0 28 0 28 0 28 0 28 0 28 0 28 0 28 0 28 0 28 0 28 0 28 0 28 0 28 0 28 0 28 0 28 0 28 0 28 0 28 0 28 0 28 0 28 0 28 0 28 0 28 0 28 0 28 0 28 0 28 0 28 0 28 0 28 0 28 0 28 0 28 0 28 0 28 0 28 0 28 0 28 0 28 0 28 0 28 0 28 0 28 0 28 0 28 0 28 0 28 0 28 0 28 0 28 0 28 0 28 0 28 0 28 0 28 0 28 0 28 0 28 0 28 0 28 0 28 0 28 0 28 0 28 0 28 0 28 0 28 0 28 0 28 0 28 0 28 0 28 0 28 0 28 0 28 0 28 0 28 0 28 0 28 0 28 0 28 0 28 0 28 0 28 0 28 0 28 0 28 0 28 0 28 0 28 0 28 0 28 0 28 0 28 0 28 0 28 0 28 0 28 0 28 0 28 0 28 0 28 0 28 0 28 0 28 0 28 0 28 0 28 0 28 0 28 0 28 0 28 0 28 0 28 0 28 0 28 0 28 0 28 0 28 0 28 0 28 0 28 0 28 0 28 0 28 0 28 0 28 0 28 0 28 0 28 0 28 0 28 0 28 0 28 0 28 0 28 0 28 0 28 0 28 0 28 0 28 0 28 0 28 0 28 0 28 0 28 0 28 0 28 0 28 0 28 0 28 0 28 0 28 0 28 0 28 0 28 0 28 0 28 0 28 0 28 0 28 0 28 0 28 0 28 0 28 0 28 0 28 0 28 0 28 0 28 0 28 0 28 0 28 0 28 0 28 0 28 0 28 0 28 0 28 0 28 0 28 0 28 0 28 0 28 0 28 0 28 0 28 0 28 0 28 0 28 0 28 0 28 0 28 0 28 0 28 0 28 0 28 0 28 0 28 0 28 0 28 0 28 0 28 0 28 0 28 0 28 0 28 0 28 0 28 0 28 0 28 0 28 0 28 0 28 0 28 0 28 0 28 0 28 0 28 0 28 0 28 0 28 0 28 0 28 0 28 0 28 0 28 0 28 0 28 0 28 0 28 0 28 0 28 0 28 0 28 0 28 0 28 0 28 0 28 0 28 0 28 0 28 0 28 0 28 0 28 0 28 0 28 0 28 0 28 0 28 0 28 0 28 0 28 0 28 0 28 0 28 0 28 0 28 0 28 0 28 0 28 0 28 0 28 0 28 0 28 0 28 0 28 0 28 0 28 0 28 0 28 0 28 0 28 0 28 0 28 0 28 0 28 0 28 0 28 0 28 0 28 0 28 0 28 0 28 0 28 0 28 0 28 0 28 0 28 0 28 0 28 0 28 0 28 0 28 0 28 0 28 0 28 0 28 0 28 0 28 0 28 0 28 0 28 0 28 0 28 0 28 0 28 0 28 0 28 0 28 0 28 0 28 0 28 0 28 0 28 0 28 0 28 0 28 0 28 0 28 0 28 0 28 0 28 0 28 0 28 0 28 0 28 0 28 0 28 0 28 0 28 0 28 0 28 0 28 0 28 0 28 0 28 0 28 0 28 0 28 0 28 0 28 0 28 0 28 0 28 0 28 0 28 0 28 0 28 0 28 0 28 0 28 0 28 0 28 0 28 0 28 0 28 0 28 0 28 0 28 0 28 0 28 0 28 0 28 0 28 0 28 0 28 0 28 0 28 0 28 0 28 0 28 0 28 0 28 0 28 0 28 0 28 0 28 0 28 0 28 0 28 0 28 0 28 0 28 0 28 0 28 0 28 0 28 0 28 0 28 0 28 0 28 0 28 0 28 0 28 0 28 0 28 0 28 0 28 0 28 0 28 0 28 0 28 0 28 0 28 0 28 0 28 0 28 0 28 0 28 0 28 0 28 0 28 0 28 0 28 0 28 0 28 0 28 0 28 0 28 0 28 0 28 0 28 0 28 0 28 0 28 0 28 0 28 0 28 0 28 0 28 0 28 0 28 0 28 0 28 0 28 0 28 0 28 0 28 0 28 0 28 0 28 0 28 0 28 0 28 0 28 0 28 0 28 0 28 0 28 0 28 0 28 0 28 0 28 0 28 0 28 0 28 0 28 0 28 0 28 0 28 0 28 0 28 0 28 0 28 0 28 0 15 121 28 122 15 123 28 124 15 125 28 126 28 0 28 0 15 127 28 128 28 0 15 129 28 130 15 131 28 132 15 0 15 0 15 0 15 0 15 0 15 0 15 0 15 0 15 0 15 0 15 0 15 0 15 0 15 0 15 0 15 0 15 0 15 0 15 0 15 0 15 0 15 0 15 0 15 0 15 0 15 0 15 0 15 0 15 0 15 0 15 0 15 0 15 0 15 0 15 0 15 0 15 0 15 0 15 0 15 0 15 0 15 0 15 0 15 0 15 0 15 0 15 0 15 0 15 0 15 0 15 0 15 0 15 0 15 0 15 0 15 0 15 0 15 0 15 0 15 0 15 0 15 0 15 0 15 0 15 0 15 0 15 0 15 0 15 0 15 0 15 0 15 0 15 0 15 0 15 0 15 0 15 0 15 0 15 0 15 0 15 0 15 0 15 0 15 0 15 0 15 0 15 0 15 0 15 0 15 0 15 0 15 0 15 0 15 0 15 0 15 0 15 0 15 0 15 0 15 0 15 0 15 0 15 0 15 0 15 0 15 0 15 0 15 0 15 0 15 0 15 0 15 0 15 0 15 0 15 0 15 0 15 0 15 0 15 0 15 0 15 0 15 0 15 0 15 0 15 0 15 0 15 0 15 0 15 0 15 0 15 0 15 0 15 0 15 0 15 0 15 0 15 0 15 0 15 0 15 0 15 0 15 0 15 0 15 0 15 0 15 0 15 0 15 0 15 0 15 0 15 0 15 0 15 0 15 0 15 0 15 0 15 0 15 0 15 0 15 0 15 0 15 0 15 0 15 0 15 0 15 0 15 0 15 0 15 0 15 0 15 0 15 0 15 0 15 0 15 0 15 0 15 0 15 0 28 0 28 0 28 0 28 0 28 0 28 0 28 0 28 0 28 0 28 0 28 0 28 0 28 0 28 0 28 0 28 0 28 0 28 0 28 0 28 0 28 0 28 0 28 0 28 0 28 0 28 0 28 0 28 0 28 0 28 0 28 0 28 0 28 0 28 0 28 0 28 0 28 0 28 0 28 0 28 0 28 0 28 0 28 0 28 0 28 0 28 0 28 0 28 0 28 0 28 0 28 0 28 0 28 0 28 0 28 0 28 0 28 0 28 0 28 0 28 0 28 0 28 0 28 0 28 0 28 0 28 0 28 0 28 0 28 0 28 0 28 0 28 0 28 0 28 0 28 0 28 0 28 0 28 0 28 0 28 0 28 0 28 0 28 0 28 0 28 0 28 0 28 0 28 0 28 0 28 0 28 0 28 0 28 0 28 0 28 0 28 0 28 0 28 0 28 0 28 0 28 0 28 0 28 0 28 0 28 0 28 0 28 0 28 0 28 0 28 0 28 0 28 0 28 0 28 0 28 0 25 0 25 0 25 0 25 0 25 0 25 0 25 0 25 0 30 0 30 0 25 0 30 0 25 0 25 0 25 0 25 0 25 0 25 0 25 0 25 0 25 0 25 0 25 0 25 0 25 0 25 0 25 0 25 0 25 0 25 0 25 0 25 0 25 0 25 0 25 0 25 0 25 0 25 0 25 0 25 0 25 0 25 0 25 0 25 0 25 0 25 0 25 0 25 0 25 0 30 0 30 0 30 0 25 0 25 0 25 0 25 0 30 0 30 0 25 0 25 0 25 0 25 0 25 0 25 0 25 0 25 0 15 0 15 0 15 0 15 0 15 0 15 0 15 0 25 0 25 0 25 0 25 0 25 0 25 0 25 0 25 0 25 0 25 0 25 0 25 0 20 133 25 134 20 135 25 136 25 0 20 0 20 137 25 138 20 0 25 0 20 139 25 140 20 141 25 142 25 0 25 0 20 143 25 144 20 145 25 146 25 0 20 0 20 0 20 0 25 0 20 147 25 148 20 149 25 150 25 0 20 0 20 151 25 152 20 153 25 154 20 0 20 0 20 155 25 156 20 0 20 0 20 0 20 0 20 0 20 0 25 0 20 157 25 158 25 0 20 159 25 160 25 0 20 161 25 162 20 163 25 164 20 165 25 166 20 0 20 0 20 167 25 168 25 0 20 169 25 170 25 0 20 171 25 172 25 0 20 173 25 174 25 0 20 175 25 176 20 0 20 0 20 0 25 0 20 177 25 178 25 0 20 179 25 180 20 0 20 181 25 182 20 183 25 184 20 0 20 185 25 186 20 0 20 0 20 0 20 0 20 0 20 0 20 0 25 0 20 187 25 188 20 189 25 190 25 0 25 0 20 191 25 192 20 193 25 194 25 0 25 0 20 195 25 196 20 197 25 198 25 0 20 0 20 0 20 0 20 0 20 199 25 200 20 0 25 0 20 201 25 202 20 203 25 204 25 0 20 0 20 205 25 206 20 207 25 208 20 0 20 0 20 209 25 210 20 0 20 0 20 0 20 0 20 0 20 0 25 0 20 211 25 212 25 0 20 213 25 214 25 0 20 215 25 216 25 0 20 217 25 218 25 0 20 219 25 220 25 0 20 221 25 222 20 0 20 0 20 0 20 0 20 0 20 223 25 224 25 0 20 225 25 226 25 0 20 227 25 228 20 0 20 229 25 230 20 231 25 232 20 0 20 233 25 234 20 0 20 0 20 0 20 0 20 0 20 0 20 0 25 0 20 235 25 236 20 237 25 238 25 0 25 0 20 239 25 240 20 241 25 242 25 0 25 0 20 243 25 244 20 245 25 246 25 0 20 0 20 0 20 0 20 0 20 247 25 248 20 0 25 0 20 249 25 250 20 251 25 252 25 0 20 0 20 253 25 254 20 255 25 256 20 0 20 0 20 257 25 258 20 0 20 0 20 0 20 0 20 0 20 0 25 0 20 259 25 260 25 0 20 261 25 262 25 0 20 263 25 264 25 0 20 265 25 266 25 0 20 267 25 268 25 0 20 269 25 270 20 0 20 0 20 0 20 0 20 0 20 271 25 272 25 0 20 273 25 274 25 0 20 275 25 276 20 0 20 277 25 278 20 279 25 280 20 0 20 281 25 282 20 0 20 0 20 0 20 0 20 0 20 0 20 0 25 0 20 283 25 284 20 285 25 286 25 0 20 0 20 287 25 288 20 0 25 0 20 289 25 290 20 291 25 292 25 0 25 0 20 293 25 294 20 295 25 296 25 0 20 0 20 0 20 0 25 0 20 297 25 298 20 299 25 300 25 0 20 0 20 301 25 302 20 303 25 304 20 0 20 0 20 305 25 306 20 0 20 0 20 0 20 0 20 0 20 0 25 0 20 307 25 308 25 0 20 309 25 310 20 0 20 0 20 311 25 312 25 0 20 313 25 314 25 0 20 315 25 316 25 0 20 317 25 318 25 0 20 319 25 320 20 0 20 0 20 0 25 0 20 321 25 322 25 0 20 323 25 324 20 0 20 325 25 326 20 327 25 328 20 0 20 329 25 330 20 0 20 0 20 0 20 0 20 0 20 0 20 0 30 0 30 0 30 0 30 0 30 0 30 0 30 0 30 0 30 0 30 0 30 0 30 0 30 0 30 0 30 0 30 0 30 0 30 0 30 0 30 0 30 0 30 0 30 0 30 0 30 0 30 0 30 0 30 0 28 0 28 0 28 0 28 0 28 0 28 0 28 0 28 0 28 0 28 0 28 0 28 0 28 0 28 0 28 0 28 0 28 0 28 0 28 0 28 0 28 0 28 0 28 0 28 0 28 0 28 0 28 0 28 0 28 0 28 0 28 0 28 0 28 0 28 0 28 0 28 0 28 0 28 0 28 0 28 0 28 0 28 0 28 0 28 0 28 0 28 0 28 0 28 0 28 0 28 0 28 0 28 0 28 0 28 0 28 0 28 0 28 0 28 0 28 0 28 0 28 0 28 0 28 0 28 0 28 0 28 0 28 0 28 0 28 0 28 0 28 0 28 0 28 0 28 0 28 0 28 0 28 0 28 0 28 0 28 0 28 0 28 0 28 0 28 0 28 0 28 0 28 0 28 0 28 0 28 0 28 0 28 0 28 0 28 0 28 0 28 0 28 0 28 0 28 0 28 0 28 0 28 0 28 0 28 0 28 0 28 0 28 0 28 0 28 0 28 0 28 0 28 0 28 0 28 0 28 0 28 0 28 0 28 0 28 0 28 0 28 0 28 0 28 0 28 0 28 0 28 0 28 0 28 0 28 0 28 0 28 0 28 0 28 0 28 0 28 0 28 0 28 0 28 0 28 0 28 0 28 0 28 0 28 0 28 0 28 0 28 0 28 0 28 0 28 0 28 0 28 0 28 0 28 0 28 0 28 0 28 0 28 0 28 0 28 0 28 0 28 0 28 0 28 0 28 0 28 0 28 0 28 0 28 0 28 0 28 0 28 0 28 0 28 0 28 0 28 0 28 0 28 0 28 0 28 0 28 0 28 0 28 0 28 0 28 0 28 0 28 0 28 0 28 0 28 0 28 0 28 0 28 0 28 0 28 0 28 0 28 0 28 0 28 0 28 0 28 0 28 0 28 0 28 0 28 0 28 0 28 0 28 0 28 0 28 0 28 0 28 0 28 0 28 0 28 0 28 0 28 0 28 0 28 0 28 0 28 0 28 0 28 0 28 0 28 0 28 0 28 0 28 0 28 0 28 0 28 0 28 0 28 0 28 0 28 0 28 0 28 0 28 0 28 0 28 0 28 0 28 0 28 0 28 0 28 0 28 0 28 0 28 0 28 0 28 0 28 0 28 0 28 0 28 0 28 0 28 0 28 0 28 0 28 0 28 0 28 0 28 0 28 0 28 0 28 0 28 0 28 0 28 0 28 0 28 0 28 0 28 0 28 0 28 0 28 0 28 0 28 0 28 0 28 0 28 0 28 0 28 0 28 0 28 0 28 0 28 0 28 0 28 0 28 0 28 0 28 0 28 0 28 0 28 0 28 0 28 0 28 0 28 0 28 0 28 0 28 0 28 0 28 0 28 0 28 0 28 0 28 0 28 0 28 0 28 0 28 0 28 0 28 0 28 0 28 0 28 0 28 0 28 0 28 0 28 0 28 0 28 0 28 0 28 0 28 0 28 0 28 0 28 0 28 0 28 0 28 0 28 0 28 0 28 0 28 0 28 0 28 0 14 0 14 0 14 0 14 0 14 0 14 0 14 0 14 0 14 0 14 0 14 0 14 0 14 0 14 0 14 0 14 0 14 0 14 0 14 0 14 0 14 0 14 0 14 0 14 0 14 0 14 0 14 0 14 0 14 0 14 0 14 0 14 0 14 0 14 0 14 0 14 0 14 0 14 0 14 0 14 0 14 0 14 0 14 0 14 0 14 0 14 0 14 0 14 0 14 0 14 0 14 0 14 0 14 0 14 0 14 0 14 0 14 0 14 0 14 0 14 0 14 0 14 0 14 0 14 0 14 0 14 0 14 0 14 0 14 0 14 0 14 0 14 0 14 0 14 0 14 0 14 0 14 0 14 0 14 0 14 0 14 0 14 0 14 0 14 0 14 0 14 0 14 0 14 0 14 0 14 0 14 0 14 0 14 0 14 0 14 0 14 0 14 0 14 0 14 0 14 0 14 0 14 0 14 0 14 0 14 0 14 0 14 0 14 0 14 0 14 0 14 0 14 0 14 0 14 0 14 0 14 0 14 0 14 0 14 0 14 0 14 0 14 0 14 0 14 0 14 0 14 0 14 0 14 0 14 0 14 0 14 0 14 0 14 0 14 0 14 0 14 0 14 0 14 0 14 0 14 0 14 0 14 0 14 0 14 0 14 0 14 0 14 0 14 0 14 0 14 0 14 0 14 0 14 0 14 0 14 0 14 0 14 0 14 0 14 0 14 0 14 0 14 0 14 0 14 0 14 0 14 0 14 0 14 0 14 0 14 0 14 0 14 0 14 0 14 0 14 0 14 0 14 0 14 0 14 0 14 0 14 0 14 0 14 0 14 0 14 0 14 0 14 0 14 0 14 0 2 0 2 0 2 0 2 0 2 0 2 0 2 0 2 0 2 0 2 0 2 0 2 0 2 0 2 0 2 0 2 0 2 0 2 0 2 0 2 0 2 0 2 0 2 0 2 0 2 0 2 0 2 0 2 0 2 0 2 0 2 0 2 0 2 0 2 0 2 0 2 0 2 0 2 0 2 0 2 0 2 0 2 0 2 0 2 0 2 0 2 0 2 0 2 0 2 0 2 0 2 0 2 0 2 0 2 0 2 0 2 0 2 0 2 0 2 0 2 0 2 0 2 0 2 0 2 0 2 0 2 0 2 0 2 0 2 0 2 0 2 0 2 0 2 0 2 0 2 0 2 0 2 0 2 0 2 0 2 0 2 0 2 0 2 0 2 0 2 0 2 0 2 0 2 0 2 0 2 0 2 0 2 0 2 0 2 0 2 0 2 0 2 0 2 0 2 0 2 0 2 0 2 0 2 0 2 0 2 0 2 0 2 0 2 0 2 0 2 0 2 0 2 0 2 0 2 0 2 0 2 0 2 0 2 0 2 0 2 0 2 0 2 0 2 0 2 0 2 0 2 0 2 0 2 0 2 0 2 0 2 0 2 0 2 0 2 0 2 0 2 0 2 0 2 0 2 0 2 0 2 0 2 0 2 0 2 0 2 0 2 0 2 0 2 0 2 0 2 0 2 0 2 0 2 0 2 0 2 0 2 0 2 0 2 0 2 0 2 0 2 0 2 0 2 0 2 0 2 0 2 0 2 0 2 0 2 0 2 0 2 0 2 0 2 0 2 0 2 0 2 0 2 0 2 0 2 0 2 0 2 0 2 0 2 0 2 0 2 0 2 0 2 0 2 0 2 0 2 0 2 0 2 0 2 0 2 0 2 0 2 0 2 0 2 0 2 0 2 0 2 0 2 0 2 0 2 0 2 0 2 0 2 0 2 0 2 0 2 0 2 0 2 0 2 0 2 0 2 0 2 0 2 0 2 0 2 0 2 0 2 0 2 0 2 0 2 0 2 0 2 0 2 0 2 0 2 0 2 0 2 0 2 0 2 0 2 0 2 0 2 0 2 0 2 0 2 0 2 0 2 0 2 0 2 0 2 0 2 0 2 0 2 0 2 0 2 0 2 0 2 0 2 0 2 0 2 0 2 0 2 0 2 0 2 0 2 0 2 0 2 0 2 0 2 0 2 0 2 0 2 0 2 0 2 0 2 0 2 0 2 0 2 0 2 0 2 0 2 0 2 0 2 0 2 0 2 0 2 0 2 0 2 0 2 0 2 0 2 0 2 0 2 0 2 0 2 0 2 0 2 0 2 0 2 0 2 0 2 0 2 0 2 0 2 0 2 0 2 0 2 0 2 0 2 0 2 0 2 0 2 0 2 0 2 0 2 0 2 0 2 0 2 0 2 0 2 0 2 0 2 0 2 0 2 0 2 0 2 0 2 0 2 0 2 0 2 0 2 0 2 0 2 0 2 0 2 0 2 0 2 0 2 0 2 0 2 0 2 0 2 0 2 0 2 0 2 0 2 0 2 0 2 0 2 0 2 0 2 0 2 0 2 0 2 0 2 0 2 0 2 0 2 0 2 0 2 0 2 0 2 0 2 0 2 0 2 0 2 0 2 0 2 0 2 0 2 0 2 0 2 0 2 0 2 0 2 0 2 0 2 0 2 0 2 0 2 0 2 0 2 0 2 0 2 0 2 0 2 0 2 0 2 0 2 0 2 0 2 0 2 0 2 0 2 0 2 0 2 0 2 0 2 0 2 0 2 0 2 0 2 0 2 0 2 0 2 0 2 0 2 0 2 0 2 0 2 0 2 0 2 0 2 0 2 0 2 0 2 0 2 0 2 0 2 0 2 0 2 0 2 0 2 0 2 0 2 0 2 0 2 0 2 0 2 0 2 0 2 0 2 0 2 0 2 0 2 0 2 0 2 0 2 0 2 0 2 0 2 0 2 0 2 0 2 0 2 0 2 0 2 0 2 0 2 0 2 0 2 0 2 0 2 0 2 0 2 0 2 0 2 0 2 0 2 0 2 0 2 0 2 0 2 0 2 0 2 0 2 0 2 0 2 0 2 0 2 0 2 0 2 0 2 0 2 0 2 0 2 0 2 0 2 0 2 0 2 0 2 0 2 0 2 0 2 0 2 0 2 0 2 0 2 0 10 331 2 332 10 333 2 334 10 335 2 336 2 0 2 0 10 337 2 338 2 0 10 339 2 340 10 341 2 342 10 0 10 0 10 0 10 0 10 0 10 0 10 0 10 0 10 0 10 0 10 0 10 0 10 0 10 0 10 0 10 0 10 0 10 0 10 0 10 0 10 0 10 0 10 0 10 0 10 0 10 0 10 0 10 0 10 0 10 0 10 0 10 0 10 0 10 0 10 0 10 0 10 0 10 0 10 0 10 0 10 0 10 0 10 0 10 0 10 0 10 0 10 0 10 0 10 0 10 0 10 0 10 0 10 0 10 0 10 0 10 0 10 0 10 0 10 0 10 0 10 0 10 0 10 0 10 0 10 0 10 0 10 0 10 0 10 0 10 0 10 0 10 0 10 0 10 0 10 0 10 0 10 0 10 0 10 0 10 0 10 0 10 0 10 0 10 0 10 0 10 0 10 0 10 0 10 0 10 0 10 0 10 0 10 0 10 0 10 0 10 0 10 0 10 0 10 0 10 0 10 0 10 0 10 0 10 0 10 0 10 0 10 0 10 0 10 0 10 0 10 0 10 0 10 0 10 0 10 0 10 0 10 0 10 0 10 0 10 0 10 0 10 0 10 0 10 0 10 0 10 0 10 0 10 0 10 0 10 0 10 0 10 0 10 0 10 0 10 0 10 0 10 0 10 0 10 0 10 0 10 0 10 0 10 0 10 0 10 0 10 0 10 0 10 0 10 0 10 0 10 0 10 0 10 0 10 0 10 0 10 0 10 0 10 0 10 0 10 0 10 0 10 0 10 0 10 0 10 0 10 0 10 0 10 0 10 0 10 0 10 0 10 0 10 0 10 0 10 0 10 0 10 0 10 0 2 0 2 0 2 0 2 0 2 0 2 0 2 0 2 0 2 0 2 0 2 0 2 0 2 0 2 0 2 0 2 0 2 0 2 0 2 0 2 0 2 0 2 0 2 0 2 0 2 0 2 0 2 0 2 0 2 0 2 0 2 0 2 0 2 0 2 0 2 0 2 0 2 0 2 0 2 0 2 0 2 0 2 0 2 0 2 0 2 0 2 0 2 0 2 0 2 0 2 0 2 0 2 0 2 0 2 0 2 0 2 0 2 0 2 0 2 0 2 0 2 0 2 0 2 0 2 0 2 0 2 0 2 0 2 0 2 0 2 0 2 0 2 0 2 0 2 0 2 0 2 0 2 0 2 0 2 0 2 0 2 0 2 0 2 0 2 0 2 0 2 0 2 0 2 0 2 0 2 0 2 0 2 0 2 0 2 0 2 0 2 0 2 0 2 0 2 0 2 0 2 0 2 0 2 0 2 0 2 0 2 0 2 0 2 0 2 0 2 0 2 0 2 0 2 0 2 0 2 0 32 0 32 0 32 0 32 0 32 0 32 0 32 0 32 0 4 0 4 0 32 0 4 0 32 0 32 0 32 0 32 0 32 0 32 0 32 0 32 0 32 0 32 0 32 0 32 0 32 0 32 0 32 0 32 0 32 0 32 0 32 0 32 0 32 0 32 0 32 0 32 0 32 0 32 0 32 0 32 0 32 0 32 0 32 0 32 0 32 0 32 0 32 0 32 0 32 0 4 0 4 0 4 0 32 0 32 0 32 0 32 0 4 0 4 0 32 0 32 0 32 0 32 0 32 0 32 0 32 0 32 0 10 0 10 0 10 0 10 0 10 0 10 0 10 0 32 0 32 0 32 0 32 0 32 0 32 0 32 0 32 0 32 0 32 0 32 0 32 0 7 343 32 344 32 0 7 345 32 346 7 0 7 0 7 347 32 348 32 0 7 349 32 350 32 0 7 351 32 352 32 0 7 353 32 354 32 0 7 355 32 356 7 0 7 0 7 0 32 0 7 357 32 358 32 0 7 359 32 360 7 0 7 361 32 362 7 363 32 364 7 0 7 365 32 366 7 0 7 0 7 0 7 0 7 0 7 0 7 0 32 0 7 367 32 368 7 369 32 370 32 0 7 371 32 372 7 373 32 374 32 0 7 375 32 376 7 0 7 377 32 378 7 0 32 0 7 379 32 380 7 381 32 382 32 0 32 0 7 383 32 384 7 385 32 386 32 0 7 0 7 0 7 0 32 0 7 387 32 388 7 389 32 390 32 0 7 0 7 391 32 392 7 393 32 394 7 0 7 0 7 395 32 396 7 0 7 0 7 0 7 0 7 0 7 0 32 0 7 397 32 398 32 0 7 399 32 400 32 0 7 401 32 402 32 0 7 403 32 404 32 0 7 405 32 406 32 0 7 407 32 408 7 0 7 0 7 0 7 0 7 0 7 409 32 410 32 0 7 411 32 412 32 0 7 413 32 414 7 0 7 415 32 416 7 417 32 418 7 0 7 419 32 420 7 0 7 0 7 0 7 0 7 0 7 0 7 0 32 0 7 421 32 422 7 423 32 424 32 0 32 0 7 425 32 426 7 427 32 428 32 0 32 0 7 429 32 430 7 431 32 432 32 0 7 0 7 0 7 0 7 0 7 433 32 434 7 0 32 0 7 435 32 436 7 437 32 438 32 0 7 0 7 439 32 440 7 441 32 442 7 0 7 0 7 443 32 444 7 0 7 0 7 0 7 0 7 0 7 0 32 0 7 445 32 446 32 0 7 447 32 448 32 0 7 449 32 450 32 0 7 451 32 452 32 0 7 453 32 454 32 0 7 455 32 456 7 0 7 0 7 0 7 0 7 0 7 457 32 458 32 0 7 459 32 460 32 0 7 461 32 462 7 0 7 463 32 464 7 465 32 466 7 0 7 467 32 468 7 0 7 0 7 0 7 0 7 0 7 0 7 0 32 0 7 469 32 470 7 471 32 472 32 0 32 0 7 473 32 474 7 475 32 476 32 0 32 0 7 477 32 478 7 479 32 480 32 0 7 0 7 0 7 0 7 0 7 481 32 482 7 0 32 0 7 483 32 484 7 485 32 486 32 0 7 0 7 487 32 488 7 489 32 490 7 0 7 0 7 491 32 492 7 0 7 0 7 0 7 0 7 0 7 0 32 0 7 493 32 494 32 0 7 495 32 496 7 0 7 0 7 497 32 498 32 0 7 499 32 500 32 0 7 501 32 502 32 0 7 503 32 504 32 0 7 505 32 506 7 0 7 0 7 0 32 0 7 507 32 508 32 0 7 509 32 510 7 0 7 511 32 512 7 513 32 514 7 0 7 515 32 516 7 0 7 0 7 0 7 0 7 0 7 0 7 0 32 0 7 517 32 518 7 519 32 520 32 0 7 0 7 521 32 522 7 0 32 0 7 523 32 524 7 525 32 526 32 0 32 0 7 527 32 528 7 529 32 530 32 0 7 0 7 0 7 0 32 0 7 531 32 532 7 533 32 534 32 0 7 0 7 535 32 536 7 537 32 538 7 0 7 0 7 539 32 540 7 0 7 0 7 0 7 0 7 0 7 0 4 0 4 0 4 0 4 0 4 0 4 0 4 0 4 0 4 0 4 0 4 0 4 0 4 0 4 0 4 0 4 0 4 0 4 0 4 0 4 0 4 0 4 0 4 0 4 0 4 0 4 0 4 0 4 0 2 0 2 0 2 0 2 0 2 0 2 0 2 0 2 0 2 0 2 0 2 0 2 0 2 0 2 0 2 0 2 0 2 0 2 0 2 0 2 0 2 0 2 0 2 0 2 0 2 0 2 0 2 0 2 0 2 0 2 0 2 0 2 0 2 0 2 0 2 0 2 0 2 0 2 0 2 0 2 0 2 0 2 0 2 0 2 0 2 0 2 0 2 0 2 0 2 0 2 0 2 0 2 0 2 0 2 0 2 0 2 0 2 0 2 0 2 0 2 0 2 0 2 0 2 0 2 0 2 0 2 0 2 0 2 0 2 0 2 0 2 0 2 0 2 0 2 0 2 0 2 0 2 0 2 0 2 0 2 0 2 0 2 0 2 0 2 0 2 0 2 0 2 0 2 0 2 0 2 0 2 0 2 0 2 0 2 0 2 0 2 0 2 0 2 0 2 0 2 0 2 0 2 0 2 0 2 0 2 0 2 0 2 0 2 0 2 0 2 0 2 0 2 0 2 0 2 0 2 0 2 0 2 0 2 0 2 0 2 0 2 0 2 0 2 0 2 0 2 0 2 0 2 0 2 0 2 0 2 0 2 0 2 0 2 0 2 0 2 0 2 0 2 0 2 0 2 0 2 0 2 0 2 0 2 0 2 0 2 0 2 0 2 0 2 0 2 0 2 0 2 0 2 0 2 0 2 0 2 0 2 0 2 0 2 0 2 0 2 0 2 0 2 0 2 0 2 0 2 0 2 0 2 0 2 0 2 0 2 0 2 0 2 0 2 0 2 0 2 0 2 0 2 0 2 0 2 0 2 0 2 0 2 0 2 0 2 0 2 0 2 0 2 0 2 0 2 0 2 0 2 0 2 0 2 0 2 0 2 0 2 0 2 0 2 0 2 0 2 0 2 0 2 0 2 0 2 0 2 0 2 0 2 0 2 0 2 0 2 0 2 0 2 0 2 0 2 0 2 0 2 0 2 0 2 0 2 0 2 0 2 0 2 0 2 0 2 0 2 0 2 0 2 0 2 0 2 0 2 0 2 0 2 0 2 0 2 0 2 0 2 0 2 0 2 0 2 0 2 0 2 0 2 0 2 0 2 0 2 0 2 0 2 0 2 0 2 0 2 0 2 0 2 0 2 0 2 0 2 0 2 0 2 0 2 0 2 0 2 0 2 0 2 0 2 0 2 0 2 0 2 0 2 0 2 0 2 0 2 0 2 0 2 0 2 0 2 0 2 0 2 0 2 0 2 0 2 0 2 0 2 0 2 0 2 0 2 0 2 0 2 0 2 0 2 0 2 0 2 0 2 0 2 0 2 0 2 0 2 0 2 0 2 0 2 0 2 0 2 0 2 0 2 0 2 0 2 0 2 0 2 0 2 0 2 0 2 0 2 0 2 0 2 0 2 0 2 0 2 0 2 0 2 0 2 0 2 0 2 0 2 0 2 0 2 0 2 0 2 0 2 0 2 0 2 0 2 0 2 0 2 0 2 0 2 0 2 0 2 0 2 0 1 0 1 0 1 0 1 0 1 0 1 0 1 0 1 0 1 0 1 0 1 0 1 0 1 0 1 0 1 0 1 0 1 0 1 0 1 0 1 0 1 0 1 0 1 0 1 0 1 0 1 0 1 0 1 0 1 0 1 0 1 0 1 0 1 0 1 0 1 0 1 0 1 0 1 0 1 0 1 0 1 0 1 0 1 0 1 0 1 0 1 0 1 0 1 0 1 0 1 0 1 0 1 0 1 0 1 0 1 0 1 0 1 0 1 0 1 0 1 0 1 0 1 0 1 0 1 0 1 0 1 0 1 0 1 0 1 0 1 0 1 0 1 0 1 0 1 0 1 0 1 0 1 0 1 0 1 0 1 0 1 0 1 0 1 0 1 0 1 0 1 0 1 0 1 0 1 0 1 0 1 0 1 0 1 0 1 0 1 0 1 0 1 0 1 0 1 0 1 0 1 0 1 0 1 0 1 0 1 0 1 0 1 0 1 0 1 0 1 0 1 0 1 0 1 0 1 0 1 0 1 0 1 0 1 0 1 0 1 0 1 0 1 0 1 0 1 0 1 0 1 0 1 0 1 0 1 0 1 0 1 0 1 0 1 0 1 0 1 0 1 0 1 0 1 0 1 0 1 0 1 0 1 0 1 0 1 0 1 0 1 0 1 0 1 0 1 0 1 0 1 0 1 0 1 0 1 0 1 0 1 0 1 0 1 0 1 0 1 0 1 0 1 0 1 0 1 0 1 0 1 0 1 0 1 0 1 0 1 0 1 0 1 0 1 0 1 0 1 0 1 0 1 0 1 0 1 0 1 0 1 0 1 0 1 0 1 0 1 0 1 0 1 0 1 0 1 0 26 0 26 0 26 0 26 0 26 0 26 0 26 541 33 542 26 0 26 0 26 0 26 0 26 0 26 0 26 0 26 0 26 0 33 0 33 0 33 0 33 0 26 0 26 0 26 0 26 0 26 0 26 0 26 0 26 0 26 0 26 0 26 0 26 0 26 0 26 0 26 0 26 0 26 0 26 0 26 0 26 0 26 0 26 0 26 0 26 0 26 0 26 0 26 543 33 544 26 545 33 546 26 0 26 547 33 548 26 0 26 549 33 550 26 0 26 0 26 0 26 0 26 551 33 552 26 0 26 0 26 0 26 0 26 0 26 0 26 0 26 0 26 0 26 0 26 0 26 553 33 554 26 555 33 556 26 0 33 0 33 0 26 0 26 0 26 0 26 0 26 0 26 0 26 0 26 0 26 0 26 557 33 558 26 559 33 560 26 0 26 561 33 562 26 0 37 0 33 563 37 564 33 565 37 566 37 0 37 0 33 567 37 568 37 0 33 569 37 570 33 571 37 572 37 0 33 573 37 574 37 0 33 575 37 576 37 0 37 0 37 0 33 577 37 578 33 579 37 580 37 0 37 0 37 0 37 0 37 0 37 0 37 0 37 0 37 0 37 0 37 0 37 0 37 0 37 0 37 0 37 0 37 0 37 0 37 0 37 0 37 0 37 0 37 0 37 0 37 0 37 0 37 0 37 0 37 0 37 0 37 0 37 0 37 0 37 0 37 0 37 0 37 0 37 0 37 0 37 0 37 0 37 0 26 0 26 0 22 0 22 0 22 0 22 0 22 0 22 0 22 0 22 0 22 0 22 0 22 0 22 0 22 0 22 0 22 0 22 0 22 0 22 0 22 0 22 0 22 0 22 0 22 0 22 0 22 0 22 0 22 0 22 0 22 0 22 0 22 0 22 0 22 0 22 0 22 0 22 0 22 0 22 0 22 0 22 0 22 0 22 0 22 0 22 0 22 0 22 0 22 0 22 0 22 0 22 0 22 0 22 0 22 0 22 0 22 0 22 0 22 0 22 0 22 0 22 0 22 0 22 0 22 0 22 0 22 0 22 0 22 0 22 0 22 0 22 0 22 0 22 0 22 0 22 0 22 0 22 0 22 0 22 0 22 0 22 0 22 0 22 0 22 0 22 0 22 0 22 0 22 0 22 0 22 0 22 0 22 0 22 0 22 0 22 0 22 0 22 0 22 0 22 0 22 0 22 0 22 0 22 0 22 0 22 0 22 0 22 0 22 0 22 0 22 0 22 0 22 0 22 0 22 0 22 0 22 0 22 0 22 0 22 0 22 0 22 0 22 0 22 0 22 0 22 0 22 0 22 0 22 0 22 0 22 0 22 0 22 0 22 0 22 0 22 0 22 0 22 0 22 0 22 0 22 0 22 0 22 0 22 0 22 0 22 0 22 0 22 0 22 0 22 0 22 0 22 0 22 0 22 0 22 0 22 0 22 0 22 0 22 0 22 0 22 0 22 0 22 0 22 0 22 0 22 0 22 0 22 0 22 0 22 0 22 0 22 0 22 0 22 0 22 0 22 0 22 0 22 0 22 0 22 0 22 0 22 0 22 0 22 0 22 0 22 0 22 0 22 0 22 0 22 0 22 0 22 0 22 0 22 0 22 0 22 0 22 0 22 0 22 0 22 0 22 0 22 0 22 0 22 0 22 0 22 0 22 0 22 0 22 0 22 0 22 0 21 0 22 0 21 0 22 0 21 0 22 0 21 0 22 0 21 0 22 0 21 0 22 0 21 0 22 0 21 0 22 0 21 0 22 0 21 0 22 0 21 0 22 0 21 0 22 0 22 0 22 0 22 0 22 0 22 0 22 0 22 0 22 0 22 0 22 0 22 0 22 0 22 0 22 0 22 0 22 0 22 0 22 0 22 0 22 0 22 0 22 0 22 0 22 0 22 0 22 0 22 0 22 0 22 0 22 0 22 0 22 0 22 0 22 0 22 0 22 0 22 0 22 0 22 0 22 0 22 0 22 0 22 0 22 0 22 0 22 0 22 0 22 0 22 0 22 0 22 0 22 0 22 0 22 0 22 0 22 0 22 0 22 0 22 0 22 0 22 0 22 0 22 0 22 0 22 0 22 0 22 0 22 0 22 0 22 0 22 0 22 0 22 0 22 0 22 0 22 0 22 0 22 0 22 0 22 0 22 0 22 0 22 0 22 0 22 0 22 0 22 0 22 0 22 0 22 0 22 0 22 0 22 0 22 0 22 0 22 0 37 0 37 0 37 0 37 0 37 0 37 0 37 0 37 0 37 0 37 0 37 0 37 0 22 0 22 0 22 0 22 0 22 0 22 0 22 0 22 0 22 0 22 0 22 0 22 0 22 0 22 0 22 0 22 0 22 0 22 0 37 0 37 0 37 0 37 0 37 0 37 0 37 0 37 0 37 0 37 0 37 0 37 0 37 0 37 0 37 0 37 0 37 0 37 0 37 0 37 0 37 0 37 0 37 0 37 0 37 0 37 0 37 0 37 0 37 0 37 0 37 0 37 0 37 0 37 0 37 0 37 0 37 0 37 0 37 0 37 0 37 0 37 0 37 0 37 0 37 0 37 0 37 0 37 0 37 0 37 0 37 0 37 0 37 0 37 0 37 0 37 0 37 0 37 0 37 0 37 0 37 0 37 0 37 0 37 0 37 0 37 0 37 0 37 0 37 0 37 0 37 0 37 0 37 0 37 0 37 0 37 0 37 0 37 0 37 0 37 0 37 0 37 0 37 0 37 0 37 0 37 0 37 0 37 0 37 0 37 0 37 0 37 0 37 0 37 0 37 0 37 0 37 0 37 0 37 0 37 0 37 0 37 0 37 0 37 0 37 0 37 0 37 0 37 0 37 0 37 0 37 0 37 0 37 0 37 0 37 0 37 0 37 0 37 0 37 0 37 0 37 0 37 0 37 0 37 0 37 0 37 0 37 0 37 0 37 0 37 0 37 0 37 0 37 0 37 0 37 0 37 0 37 0 37 0 37 0 37 0 37 0 37 0 37 0 37 0 37 0 37 0 37 0 37 0 37 0 37 0 37 0 37 0 37 0 37 0 37 0 37 0 37 0 37 0 37 0 37 0 37 0 37 0 37 0 37 0 37 0 37 0 37 0 37 0 37 0 37 0 37 0 37 0 37 0 37 0 37 0 37 0 37 0 37 0 37 0 37 0 37 0 37 0 37 0 37 0 37 0 37 0 37 0 37 0 37 0 37 0 37 0 37 0 37 0 37 0 37 0 37 0 37 0 37 0 37 0 37 0 37 0 37 0 37 0 37 0 37 0 37 0 37 0 37 0 37 0 37 0 37 0 37 0 37 0 37 0 37 0 37 0 37 0 37 0 37 0 37 0 37 0 37 0 37 0 37 0 37 0 37 0 37 0 37 0 37 0 37 0 37 0 37 0 37 0 37 0 37 0 37 0 37 0 37 0 37 0 37 0 37 0 37 0 37 0 37 0 37 0 37 0 37 0 37 0 37 0 37 0 37 0 37 0 37 0 37 0 37 0 37 0 37 0 37 0 37 0 37 0 37 0 37 0 37 0 37 0 37 0 37 0 37 0 37 0 37 0 37 0 37 0 37 0 37 0 37 0 37 0 37 0 37 0 37 0 37 0 37 0 37 0 37 0 37 0 37 0 37 0 37 0 37 0 37 0 37 0 37 0 37 0 37 0 37 0 37 0 37 0 37 0 37 0 37 0 37 0 37 0 37 0 37 0 37 0 37 0 37 0 37 0 37 0 37 0 37 0 37 0 37 0 37 0 37 0 37 0 37 0 37 0 37 0 37 0 37 0 37 0 37 0 37 0 37 0 37 0 37 0 37 0 37 0 37 0 37 0 37 0 37 0 37 0 37 0 37 0 37 0 37 0 37 0 37 0 37 0 37 0 37 0 37 0 37 0 37 0 37 0 37 0 37 0 37 0 37 0 37 0 37 0 37 0 37 0 37 0 37 0 37 0 37 0 37 0 37 0 37 0 37 0 37 0 37 0 37 0 37 0 37 0 37 0 37 0 37 0 37 0 37 0 37 0 37 0 37 0 37 0 37 0 37 0 37 0 37 0 37 0 37 0 37 0 37 0 37 0 37 0 37 0 37 0 37 0 37 0 37 0 37 0 37 0 37 0 37 0 37 0 37 0 37 0 37 0 37 0 37 0 37 0 37 0 37 0 37 0 37 0 37 0 37 0 37 0 37 0 37 0 37 0 37 0 37 0 37 0 37 0 37 0 37 0 37 0 37 0 37 0 37 0 37 0 37 0 37 0 37 0 37 0 37 0 37 0 37 0 37 0 37 0 37 0 37 0 37 0 37 0 37 0 37 0 37 0 37 0 37 0 37 0 37 0 37 0 37 0 37 0 37 0 37 0 37 0 37 0 37 0 37 0 37 0 37 0 37 0 37 0 37 0 37 0 37 0 37 0 37 0 37 0 37 0 37 0 37 0 37 0 37 0 37 0 37 0 37 0 37 0 37 0 37 0 37 0 37 0 37 0 37 0 37 0 37 0 37 0 37 0 37 0 37 0 37 0 37 0 37 0 37 0 37 0 37 0 37 0 37 0 37 0 37 0 37 0 37 0 37 0 37 0 37 0 37 0 37 0 37 0 37 0 37 0 37 0 37 0 37 0 37 0 37 0 37 0 37 0 37 0 37 0 37 0 37 0 37 0 37 0 37 0 37 0 37 0 37 0 37 0 37 0 37 0 37 0 37 0 37 0 37 0 37 0 37 0 37 0 37 0 37 0 37 0 37 0 37 0 37 0 37 0 37 0 37 0 37 0 37 0 37 0 37 0 37 0 37 0 37 0 37 0 37 0 37 0 37 0 37 0 37 0 37 0 37 0 37 0 37 0 37 0 37 0 37 0 37 0 37 0 37 0 37 0 37 0 37 0 37 0 37 0 37 0 37 0 37 0 37 0 37 0 37 0 37 0 37 0 37 0 37 0 37 0 37 0 37 0 37 0 37 0 37 0 37 0 37 0 37 0 37 0 37 0 37 0 37 0 37 0 37 0 37 0 37 0 37 0 37 0 37 0 37 0 37 0 37 0 37 0 37 0 37 0 37 0 37 0 37 0 37 0 37 0 37 0 37 0 37 0 37 0 37 0 37 0 37 0 37 0 37 0 37 0 37 0 37 0 37 0 37 0 37 0 37 0 37 0 37 0 37 0 37 0 37 0 22 0 22 0 22 0 22 0 22 0 22 0 22 0 22 0 22 0 22 0 22 0 22 0 22 0 22 0 22 0 22 0 22 0 22 0 22 0 22 0 22 0 22 0 22 0 22 0 22 0 22 0 22 0 22 0 22 0 22 0 22 0 22 0 22 0 22 0 22 0 22 0 22 0 22 0 22 0 22 0 22 0 22 0 22 0 22 0 22 0 22 0 22 0 22 0 22 0 22 0 22 0 22 0 22 0 22 0 22 0 22 0 22 0 22 0 22 0 22 0 22 0 22 0 22 0 22 0 22 0 22 0 22 0 22 0 22 0 22 0 22 0 22 0 22 0 22 0 22 0 22 0 22 0 22 0 22 0 22 0 22 0 22 0 22 0 22 0 22 0 22 0 22 0 22 0 22 0 22 0 22 0 22 0 22 0 22 0 22 0 22 0 22 0 37 0 37 0 37 0 37 0 37 0 37 0 37 0 37 0 37 0 37 0 37 0 37 0 37 0 39 0 39 0 39 0 39 0 39 0 39 581 13 582 39 0 39 0 39 0 39 0 39 0 39 0 39 0 39 0 39 0 39 0 13 0 13 0 13 0 13 0 39 0 39 0 39 0 39 0 39 0 39 0 39 0 39 0 39 0 39 0 39 0 39 0 39 0 39 0 39 0 39 0 39 0 39 0 39 0 39 0 39 0 39 0 39 0 39 0 39 0 39 0 39 583 13 584 39 585 13 586 39 0 39 587 13 588 39 0 39 589 13 590 39 0 39 0 39 0 39 0 39 0 39 591 13 592 39 0 39 0 39 0 39 0 39 0 39 0 39 0 39 0 39 0 39 0 39 593 13 594 39 595 13 596 39 0 13 0 13 0 39 0 39 0 39 0 39 0 39 0 39 0 39 0 39 0 39 0 39 597 13 598 39 599 13 600 39 0 39 601 13 602 39 0 29 0 13 603 29 604 29 0 13 605 29 606 29 0 13 607 29 608 29 0 13 609 29 610 13 611 29 612 29 0 13 613 29 614 29 0 13 615 29 616 29 0 29 0 13 617 29 618 29 0 13 619 29 620 29 0 29 0 29 0 29 0 29 0 29 0 29 0 29 0 29 0 29 0 29 0 29 0 29 0 29 0 29 0 29 0 29 0 29 0 29 0 29 0 29 0 29 0 29 0 29 0 29 0 29 0 29 0 29 0 29 0 29 0 29 0 29 0 29 0 29 0 29 0 29 0 29 0 29 0 29 0 29 0 29 0 29 0 39 0 39 0 9 0 9 0 9 0 9 0 9 0 9 0 9 0 9 0 9 0 9 0 9 0 9 0 9 0 9 0 9 0 9 0 9 0 9 0 9 0 9 0 9 0 9 0 9 0 9 0 9 0 9 0 9 0 9 0 9 0 9 0 9 0 9 0 9 0 9 0 9 0 9 0 9 0 9 0 9 0 9 0 9 0 9 0 9 0 9 0 9 0 9 0 9 0 9 0 9 0 9 0 9 0 9 0 9 0 9 0 9 0 9 0 9 0 9 0 9 0 9 0 9 0 9 0 9 0 9 0 9 0 9 0 9 0 9 0 9 0 9 0 9 0 9 0 9 0 9 0 9 0 9 0 9 0 9 0 9 0 9 0 9 0 9 0 9 0 9 0 9 0 9 0 9 0 9 0 9 0 9 0 9 0 9 0 9 0 9 0 9 0 9 0 9 0 9 0 9 0 9 0 9 0 9 0 9 0 9 0 9 0 9 0 9 0 9 0 9 0 9 0 9 0 9 0 9 0 9 0 9 0 9 0 9 0 9 0 9 0 9 0 9 0 9 0 9 0 9 0 9 0 9 0 9 0 9 0 9 0 9 0 9 0 9 0 9 0 9 0 9 0 9 0 9 0 9 0 9 0 9 0 9 0 9 0 9 0 9 0 9 0 9 0 9 0 9 0 9 0 9 0 9 0 9 0 9 0 9 0 9 0 9 0 9 0 9 0 9 0 9 0 9 0 9 0 9 0 9 0 9 0 9 0 9 0 9 0 9 0 9 0 9 0 9 0 9 0 9 0 9 0 9 0 9 0 9 0 9 0 9 0 9 0 9 0 9 0 9 0 9 0 9 0 9 0 9 0 9 0 9 0 9 0 9 0 9 0 9 0 9 0 9 0 9 0 9 0 9 0 9 0 9 0 9 0 9 0 9 0 9 0 9 0 9 0 9 0 9 0 21 0 9 0 9 0 21 0 21 0 9 0 9 0 21 0 21 0 9 0 9 0 21 0 21 0 9 0 9 0 21 0 21 0 9 0 9 0 21 0 21 0 9 0 9 0 21 0 9 0 9 0 9 0 9 0 9 0 9 0 9 0 9 0 9 0 9 0 9 0 9 0 9 0 9 0 9 0 9 0 9 0 9 0 9 0 9 0 9 0 9 0 9 0 9 0 9 0 9 0 9 0 9 0 9 0 9 0 9 0 9 0 9 0 9 0 9 0 9 0 9 0 9 0 9 0 9 0 9 0 9 0 9 0 9 0 9 0 9 0 9 0 9 0 9 0 9 0 9 0 9 0 9 0 9 0 9 0 9 0 9 0 9 0 9 0 9 0 9 0 9 0 9 0 9 0 9 0 9 0 9 0 9 0 9 0 9 0 9 0 9 0 9 0 9 0 9 0 9 0 9 0 9 0 9 0 9 0 9 0 9 0 9 0 9 0 9 0 9 0 9 0 9 0 9 0 9 0 9 0 9 0 9 0 9 0 9 0 9 0 29 0 29 0 29 0 29 0 29 0 29 0 29 0 29 0 29 0 29 0 29 0 29 0 9 0 9 0 9 0 9 0 9 0 9 0 9 0 9 0 9 0 9 0 9 0 9 0 9 0 9 0 9 0 9 0 9 0 9 0 29 0 29 0 29 0 29 0 29 0 29 0 29 0 29 0 29 0 29 0 29 0 29 0 29 0 29 0 29 0 29 0 29 0 29 0 29 0 29 0 29 0 29 0 29 0 29 0 29 0 29 0 29 0 29 0 29 0 29 0 29 0 29 0 29 0 29 0 29 0 29 0 29 0 29 0 29 0 29 0 29 0 29 0 29 0 29 0 29 0 29 0 29 0 29 0 29 0 29 0 29 0 29 0 29 0 29 0 29 0 29 0 29 0 29 0 29 0 29 0 29 0 29 0 29 0 29 0 29 0 29 0 29 0 29 0 29 0 29 0 29 0 29 0 29 0 29 0 29 0 29 0 29 0 29 0 29 0 29 0 29 0 29 0 29 0 29 0 29 0 29 0 29 0 29 0 29 0 29 0 29 0 29 0 29 0 29 0 29 0 29 0 29 0 29 0 29 0 29 0 29 0 29 0 29 0 29 0 29 0 29 0 29 0 29 0 29 0 29 0 29 0 29 0 29 0 29 0 29 0 29 0 29 0 29 0 29 0 29 0 29 0 29 0 29 0 29 0 29 0 29 0 29 0 29 0 29 0 29 0 29 0 29 0 29 0 29 0 29 0 29 0 29 0 29 0 29 0 29 0 29 0 29 0 29 0 29 0 29 0 29 0 29 0 29 0 29 0 29 0 29 0 29 0 29 0 29 0 29 0 29 0 29 0 29 0 29 0 29 0 29 0 29 0 29 0 29 0 29 0 29 0 29 0 29 0 29 0 29 0 29 0 29 0 29 0 29 0 29 0 29 0 29 0 29 0 29 0 29 0 29 0 29 0 29 0 29 0 29 0 29 0 29 0 29 0 29 0 29 0 29 0 29 0 29 0 29 0 29 0 29 0 29 0 29 0 29 0 29 0 29 0 29 0 29 0 29 0 29 0 29 0 29 0 29 0 29 0 29 0 29 0 29 0 29 0 29 0 29 0 29 0 29 0 29 0 29 0 29 0 29 0 29 0 29 0 29 0 29 0 29 0 29 0 29 0 29 0 29 0 29 0 29 0 29 0 29 0 29 0 29 0 29 0 29 0 29 0 29 0 29 0 29 0 29 0 29 0 29 0 29 0 29 0 29 0 29 0 29 0 29 0 29 0 29 0 29 0 29 0 29 0 29 0 29 0 29 0 29 0 29 0 29 0 29 0 29 0 29 0 29 0 29 0 29 0 29 0 29 0 29 0 29 0 29 0 29 0 29 0 29 0 29 0 29 0 29 0 29 0 29 0 29 0 29 0 29 0 29 0 29 0 29 0 29 0 29 0 29 0 29 0 29 0 29 0 29 0 29 0 29 0 29 0 29 0 29 0 29 0 29 0 29 0 29 0 29 0 29 0 29 0 29 0 29 0 29 0 29 0 29 0 29 0 29 0 29 0 29 0 29 0 29 0 29 0 29 0 29 0 29 0 29 0 29 0 29 0 29 0 29 0 29 0 29 0 29 0 29 0 29 0 29 0 29 0 29 0 29 0 29 0 29 0 29 0 29 0 29 0 29 0 29 0 29 0 29 0 29 0 29 0 29 0 29 0 29 0 29 0 29 0 29 0 29 0 29 0 29 0 29 0 29 0 29 0 29 0 29 0 29 0 29 0 29 0 29 0 29 0 29 0 29 0 29 0 29 0 29 0 29 0 29 0 29 0 29 0 29 0 29 0 29 0 29 0 29 0 29 0 29 0 29 0 29 0 29 0 29 0 29 0 29 0 29 0 29 0 29 0 29 0 29 0 29 0 29 0 29 0 29 0 29 0 29 0 29 0 29 0 29 0 29 0 29 0 29 0 29 0 29 0 29 0 29 0 29 0 29 0 29 0 29 0 29 0 29 0 29 0 29 0 29 0 29 0 29 0 29 0 29 0 29 0 29 0 29 0 29 0 29 0 29 0 29 0 29 0 29 0 29 0 29 0 29 0 29 0 29 0 29 0 29 0 29 0 29 0 29 0 29 0 29 0 29 0 29 0 29 0 29 0 29 0 29 0 29 0 29 0 29 0 29 0 29 0 29 0 29 0 29 0 29 0 29 0 29 0 29 0 29 0 29 0 29 0 29 0 29 0 29 0 29 0 29 0 29 0 29 0 29 0 29 0 29 0 29 0 29 0 29 0 29 0 29 0 29 0 29 0 29 0 29 0 29 0 29 0 29 0 29 0 29 0 29 0 29 0 29 0 29 0 29 0 29 0 29 0 29 0 29 0 29 0 29 0 29 0 29 0 29 0 29 0 29 0 29 0 29 0 29 0 29 0 29 0 29 0 29 0 29 0 29 0 29 0 29 0 29 0 29 0 29 0 29 0 29 0 29 0 29 0 29 0 29 0 29 0 29 0 29 0 29 0 29 0 29 0 29 0 29 0 29 0 29 0 29 0 29 0 29 0 29 0 29 0 29 0 29 0 29 0 29 0 29 0 29 0 29 0 29 0 29 0 29 0 29 0 29 0 29 0 29 0 29 0 29 0 29 0 29 0 29 0 29 0 29 0 29 0 29 0 29 0 29 0 29 0 29 0 29 0 29 0 29 0 29 0 29 0 29 0 29 0 29 0 29 0 29 0 29 0 29 0 29 0 29 0 29 0 29 0 29 0 29 0 29 0 29 0 29 0 29 0 29 0 29 0 29 0 29 0 29 0 29 0 29 0 29 0 29 0 29 0 29 0 29 0 29 0 29 0 29 0 29 0 29 0 29 0 29 0 29 0 29 0 29 0 29 0 29 0 29 0 29 0 29 0 29 0 29 0 29 0 29 0 29 0 29 0 29 0 29 0 29 0 29 0 29 0 29 0 29 0 29 0 9 0 9 0 9 0 9 0 9 0 9 0 9 0 9 0 9 0 9 0 9 0 9 0 9 0 9 0 9 0 9 0 9 0 9 0 9 0 9 0 9 0 9 0 9 0 9 0 9 0 9 0 9 0 9 0 9 0 9 0 9 0 9 0 9 0 9 0 9 0 9 0 9 0 9 0 9 0 9 0 9 0 9 0 9 0 9 0 9 0 9 0 9 0 9 0 9 0 9 0 9 0 9 0 9 0 9 0 9 0 9 0 9 0 9 0 9 0 9 0 9 0 9 0 9 0 9 0 9 0 9 0 9 0 9 0 9 0 9 0 9 0 9 0 9 0 9 0 9 0 9 0 9 0 9 0 9 0 9 0 9 0 9 0 9 0 9 0 9 0 9 0 9 0 9 0 9 0 9 0 9 0 9 0 9 0 9 0 9 0 9 0 9 0 29 0 29 0 29 0 29 0 29 0 29 0 29 0 29 0 29 0 29 0 29 0 29 0 29 0 12 621 27 622 12 623 27 624 12 625 27 626 12 627 27 628 12 629 27 630 12 631 27 632 12 633 27 634 12 635 27 636 12 637 27 638 12 639 27 640 12 641 27 642 27 643 38 644 27 645 38 646 27 647 38 648 27 649 38 650 27 651 38 652 27 653 38 654 27 655 38 656 27 657 38 658 27 659 38 660 27 661 38 662 38 663 31 664 38 665 31 666 38 667 31 668 38 669 31 670 38 671 31 672 38 673 31 674 38 675 31 676 38 677 31 678 38 679 31 680 38 681 31 682 38 683 31 684 38 685 31 686 27 687 38 688 27 689 38 690 27 691 38 692 27 693 38 694 27 695 38 696 12 697 27 698 12 699 27 700 12 701 27 702 12 703 27 704 12 705 27 706 12 707 27 708 38 709 31 710 38 711 31 712 38 713 31 714 38 715 31 716 38 717 31 718 38 719 31 720 38 721 31 722 38 723 31 724 27 725 38 726 27 727 38 728 27 729 38 730 27 731 38 732 27 733 38 734 27 735 38 736 27 737 38 738 27 739 38 740 27 741 38 742 27 743 38 744 12 745 27 746 12 747 27 748 12 749 27 750 12 751 27 752 12 753 27 754 12 755 27 756 12 757 27 758 12 759 27 760 12 761 27 762 12 763 27 764 12 765 27 766 12 767 27 768 27 769 38 770 27 771 38 772 27 773 38 774 27 775 38 776 27 777 38 778 38 779 31 780 38 781 31 782 38 783 31 784 38 785 31 786 31 787 3 788 12 789 27 790 12 791 27 792 12 793 27 794 5 795 19 796 5 797 19 798 5 799 19 800 19 801 23 802 23 803 8 804 23 805 8 806 23 807 8 808 8 809 3 810 8 811 3 812 23 813 8 814 23 815 8 816 19 817 23 818 19 819 23 820 5 821 19 822 5 823 19 824 8 825 3 826 23 827 8 828 23 829 8 830 23 831 8 832 23 833 8 834 19 835 23 836 5 837 19 838 5 839 19 840 5 841 19 842 5 843 19 844 19 845 23 846 19 847 23 848 5 849 19 850 23 851 8 852 23 853 8 854 23 855 8 856 40 857 21 858 40 859 21 860 40 861 21 862 40 863 21 864 40 865 21 866 40 867 21 868 40 869 21 870 40 871 21 872 40 873 21 874 40 875 21 876 40 877 21 878 40 879 21 880 40 881 21 882 40 883 21 884 40 885 21 886 40 887 21 888 40 889 21 890 40 891 21 892 40 893 21 894 40 895 21 896 40 897 21 898 40 899 21 900 40 901 21 902 40 903 21 904 40 905 21 906 40 907 21 908 40 909 21 910 40 911 21 912 40 913 21 914 40 915 21 916 40 917 21 918 40 919 21 920 40 921 21 922 40 923 21 924 40 925 21 926 40 927 21 928 40 929 21 930 40 931 21 932 40 933 21 934 40 935 21 936 40 937 21 938 40 939 21 940 40 941 21 942 40 943 21 944 3 945 40 946 3 947 40 948 11 0 11 0 3 949 40 950 11 0 11 0 3 951 40 952 11 0 3 0 3 953 40 954 11 0 3 955 40 956 11 0 3 957 40 958 11 0 3 959 40 960 3 961 40 962 3 963 40 964 3 965 40 966 3 967 40 968 3 969 40 970 3 971 40 972 3 973 40 974 3 975 40 976 3 977 40 978 3 979 40 980 3 981 40 982 3 983 40 984 3 985 40 986 3 987 40 988 3 989 40 990 3 991 40 992 3 993 40 994 3 995 40 996 3 997 40 998 15 999 28 1000 15 1001 28 1002 15 1003 28 1004 15 1005 28 1006 15 1007 28 1008 15 1009 28 1010 15 1011 28 1012 15 1013 28 1014 15 1015 28 1016 15 1017 28 1018 15 1019 28 1020 15 1021 28 1022 15 1023 28 1024 15 0 15 1025 28 1026 15 0 15 0 15 1027 28 1028 15 1029 28 1030 15 0 15 0 15 1031 28 1032 15 0 15 1033 28 1034 15 1035 28 1036 15 1037 28 1038 15 1039 28 1040 15 1041 28 1042 15 1043 28 1044 15 1045 28 1046 15 1047 28 1048 15 1049 28 1050 15 1051 28 1052 15 1053 28 1054 15 1055 28 1056 15 1057 28 1058 20 1059 25 1060 25 0 20 1061 25 1062 20 1063 25 1064 20 1065 25 1066 20 1067 25 1068 20 1069 25 1070 20 1071 25 1072 20 0 20 1073 25 1074 20 1075 25 1076 20 1077 25 1078 20 0 20 1079 25 1080 20 1081 25 1082 20 1083 25 1084 20 1085 25 1086 20 1087 25 1088 20 1089 25 1090 20 0 20 1091 25 1092 20 1093 25 1094 20 1095 25 1096 20 0 20 1097 25 1098 20 1099 25 1100 20 1101 25 1102 20 1103 25 1104 20 1105 25 1106 20 1107 25 1108 20 0 20 1109 25 1110 20 1111 25 1112 20 1113 25 1114 20 1115 25 1116 20 0 20 1117 25 1118 20 1119 25 1120 20 1121 25 1122 20 0 20 1123 25 1124 20 1125 25 1126 20 1127 25 1128 20 1129 25 1130 20 1131 25 1132 20 1133 25 1134 20 0 20 1135 25 1136 20 1137 25 1138 20 1139 25 1140 20 1141 25 1142 20 0 20 1143 25 1144 20 1145 25 1146 20 1147 25 1148 20 0 20 1149 25 1150 20 1151 25 1152 20 1153 25 1154 20 1155 25 1156 20 1157 25 1158 20 1159 25 1160 20 0 20 1161 25 1162 20 1163 25 1164 20 1165 25 1166 20 1167 25 1168 20 0 20 1169 25 1170 20 1171 25 1172 20 1173 25 1174 20 0 20 1175 25 1176 20 1177 25 1178 20 1179 25 1180 20 1181 25 1182 20 1183 25 1184 20 1185 25 1186 20 0 20 1187 25 1188 20 1189 25 1190 20 1191 25 1192 20 1193 25 1194 20 0 20 1195 25 1196 20 1197 25 1198 20 1199 25 1200 20 0 20 1201 25 1202 20 1203 25 1204 20 1205 25 1206 20 1207 25 1208 20 1209 25 1210 20 1211 25 1212 20 1213 25 1214 20 1215 25 1216 20 1217 25 1218 20 1219 25 1220 20 0 20 1221 25 1222 20 1223 25 1224 20 1225 25 1226 20 0 20 1227 25 1228 20 1229 25 1230 20 1231 25 1232 20 1233 25 1234 20 1235 25 1236 20 1237 25 1238 20 1239 25 1240 20 1241 25 1242 20 1243 25 1244 20 1245 25 1246 20 0 20 1247 25 1248 20 1249 25 1250 20 1251 25 1252 20 0 20 1253 25 1254 20 1255 25 1256 10 1257 2 1258 10 1259 2 1260 10 1261 2 1262 10 1263 2 1264 10 1265 2 1266 10 1267 2 1268 10 1269 2 1270 10 1271 2 1272 10 1273 2 1274 10 1275 2 1276 10 1277 2 1278 10 1279 2 1280 10 1281 2 1282 10 0 10 0 10 1283 2 1284 10 1285 2 1286 10 0 10 1287 2 1288 10 0 10 0 10 1289 2 1290 10 0 10 1291 2 1292 10 1293 2 1294 10 1295 2 1296 10 1297 2 1298 10 1299 2 1300 10 1301 2 1302 10 1303 2 1304 10 1305 2 1306 10 1307 2 1308 10 1309 2 1310 10 1311 2 1312 10 1313 2 1314 10 1315 2 1316 7 1317 32 1318 32 0 7 1319 32 1320 7 1321 32 1322 7 1323 32 1324 7 1325 32 1326 7 1327 32 1328 7 1329 32 1330 7 0 7 1331 32 1332 7 1333 32 1334 7 1335 32 1336 7 0 7 1337 32 1338 7 1339 32 1340 7 1341 32 1342 7 1343 32 1344 7 1345 32 1346 7 1347 32 1348 7 0 7 1349 32 1350 7 1351 32 1352 7 1353 32 1354 7 0 7 1355 32 1356 7 1357 32 1358 7 1359 32 1360 7 1361 32 1362 7 1363 32 1364 7 1365 32 1366 7 0 7 1367 32 1368 7 1369 32 1370 7 1371 32 1372 7 1373 32 1374 7 0 7 1375 32 1376 7 1377 32 1378 7 1379 32 1380 7 0 7 1381 32 1382 7 1383 32 1384 7 1385 32 1386 7 1387 32 1388 7 1389 32 1390 7 1391 32 1392 7 0 7 1393 32 1394 7 1395 32 1396 7 1397 32 1398 7 1399 32 1400 7 0 7 1401 32 1402 7 1403 32 1404 7 1405 32 1406 7 0 7 1407 32 1408 7 1409 32 1410 7 1411 32 1412 7 1413 32 1414 7 1415 32 1416 7 1417 32 1418 7 0 7 1419 32 1420 7 1421 32 1422 7 1423 32 1424 7 1425 32 1426 7 0 7 1427 32 1428 7 1429 32 1430 7 1431 32 1432 7 0 7 1433 32 1434 7 1435 32 1436 7 1437 32 1438 7 1439 32 1440 7 1441 32 1442 7 1443 32 1444 7 0 7 1445 32 1446 7 1447 32 1448 7 1449 32 1450 7 1451 32 1452 7 0 7 1453 32 1454 7 1455 32 1456 7 1457 32 1458 7 0 7 1459 32 1460 7 1461 32 1462 7 1463 32 1464 7 1465 32 1466 7 1467 32 1468 7 1469 32 1470 7 1471 32 1472 7 1473 32 1474 7 1475 32 1476 7 1477 32 1478 7 0 7 1479 32 1480 7 1481 32 1482 7 1483 32 1484 7 0 7 1485 32 1486 7 1487 32 1488 7 1489 32 1490 7 1491 32 1492 7 1493 32 1494 7 1495 32 1496 7 1497 32 1498 7 1499 32 1500 7 1501 32 1502 7 1503 32 1504 7 0 7 1505 32 1506 7 1507 32 1508 7 1509 32 1510 7 0 7 1511 32 1512 7 1513 32 1514 26 1515 33 1516 26 0 26 0 26 1517 33 1518 26 1519 33 1520 26 0 33 1521 37 1522 33 0 33 0 26 1523 33 1524 33 1525 37 1526 33 0 26 1527 33 1528 33 0 33 0 26 1529 33 1530 33 1531 37 1532 33 1533 37 1534 33 1535 37 1536 26 1537 33 1538 33 1539 37 1540 33 1541 37 1542 26 1543 33 1544 33 1545 37 1546 26 1547 33 1548 33 1549 37 1550 26 1551 33 1552 33 1553 37 1554 26 1555 33 1556 26 1557 33 1558 26 0 33 1559 37 1560 33 1561 37 1562 33 1563 37 1564 33 1565 37 1566 33 1567 37 1568 33 1569 37 1570 33 1571 37 1572 33 1573 37 1574 33 1575 37 1576 33 1577 37 1578 33 1579 37 1580 26 0 26 1581 33 1582 33 1583 37 1584 33 0 26 1585 33 1586 33 0 33 1587 37 1588 33 0 26 1589 33 1590 33 0 33 1591 37 1592 33 1593 37 1594 33 1595 37 1596 26 1597 33 1598 33 1599 37 1600 33 1601 37 1602 26 1603 33 1604 33 1605 37 1606 26 1607 33 1608 33 1609 37 1610 26 1611 33 1612 26 1613 33 1614 26 0 33 1615 37 1616 33 1617 37 1618 33 1619 37 1620 33 1621 37 1622 33 1623 37 1624 33 1625 37 1626 33 1627 37 1628 33 1629 37 1630 33 1631 37 1632 33 1633 37 1634 37 0 33 1635 37 1636 33 1637 37 1638 33 1639 37 1640 33 1641 37 1642 33 1643 37 1644 33 1645 37 1646 33 1647 37 1648 33 1649 37 1650 33 1651 37 1652 33 1653 37 1654 37 0 33 1655 37 1656 33 1657 37 1658 33 1659 37 1660 33 1661 37 1662 33 1663 37 1664 33 1665 37 1666 33 1667 37 1668 37 0 33 1669 37 1670 37 0 33 1671 37 1672 33 1673 37 1674 33 1675 37 1676 33 1677 37 1678 33 1679 37 1680 33 1681 37 1682 33 1683 37 1684 33 1685 37 1686 33 1687 37 1688 37 0 37 1689 22 1690 37 1691 22 1692 37 1693 22 1694 37 1695 22 1696 37 1697 22 1698 37 1699 22 1700 37 1701 22 1702 37 1703 22 1704 37 1705 22 1706 37 1707 22 1708 37 1709 22 1710 37 1711 22 1712 37 1713 22 1714 37 1715 22 1716 37 1717 22 1718 37 1719 22 1720 37 1721 22 1722 37 1723 22 1724 37 1725 22 1726 37 1727 22 1728 37 1729 22 1730 37 1731 22 1732 37 1733 22 1734 37 1735 22 1736 37 1737 22 1738 37 1739 22 1740 37 1741 22 1742 37 1743 22 1744 37 1745 22 1746 37 1747 22 1748 37 1749 22 1750 37 1751 22 1752 37 1753 22 1754 37 1755 22 1756 37 1757 22 1758 37 1759 22 1760 37 1761 22 1762 37 1763 22 1764 37 1765 22 1766 37 1767 22 1768 37 1769 22 1770 37 1771 22 1772 37 1773 22 1774 37 1775 22 1776 37 1777 22 1778 37 1779 22 1780 37 1781 22 1782 37 1783 22 1784 37 1785 22 1786 37 1787 22 1788 37 1789 22 1790 37 1791 22 1792 37 1793 22 1794 37 1795 22 1796 37 1797 22 1798 37 1799 22 1800 37 1801 22 1802 37 1803 22 1804 37 1805 22 1806 37 1807 22 1808 37 1809 22 1810 37 1811 22 1812 37 1813 22 1814 37 1815 22 1816 37 1817 22 1818 37 1819 22 1820 37 1821 22 1822 37 1823 22 1824 37 1825 22 1826 37 1827 22 1828 37 1829 22 1830 37 1831 22 1832 37 1833 22 1834 37 1835 22 1836 37 1837 22 1838 37 1839 22 1840 37 1841 22 1842 37 1843 22 1844 37 1845 22 1846 37 1847 22 1848 37 1849 22 1850 37 1851 22 1852 37 1853 22 1854 37 1855 22 1856 37 1857 22 1858 37 1859 22 1860 37 1861 22 1862 37 1863 22 1864 37 1865 22 1866 37 1867 22 1868 37 1869 22 1870 37 1871 22 1872 37 1873 22 1874 37 1875 22 1876 37 1877 22 1878 39 1879 13 1880 39 0 39 1881 13 1882 39 0 39 1883 13 1884 39 0 13 1885 29 1886 13 0 39 1887 13 1888 13 0 13 1889 29 1890 13 0 39 1891 13 1892 13 0 39 1893 13 1894 13 0 13 1895 29 1896 13 1897 29 1898 13 1899 29 1900 39 1901 13 1902 13 1903 29 1904 13 1905 29 1906 39 1907 13 1908 13 1909 29 1910 39 1911 13 1912 13 1913 29 1914 39 1915 13 1916 13 1917 29 1918 39 1919 13 1920 39 1921 13 1922 39 0 13 1923 29 1924 13 1925 29 1926 13 1927 29 1928 13 1929 29 1930 13 1931 29 1932 13 1933 29 1934 13 1935 29 1936 13 1937 29 1938 13 1939 29 1940 13 1941 29 1942 13 1943 29 1944 39 0 39 1945 13 1946 13 1947 29 1948 13 0 13 0 39 1949 13 1950 13 1951 29 1952 13 0 39 1953 13 1954 13 0 13 1955 29 1956 13 1957 29 1958 13 1959 29 1960 39 1961 13 1962 13 1963 29 1964 13 1965 29 1966 39 1967 13 1968 13 1969 29 1970 39 1971 13 1972 13 1973 29 1974 39 1975 13 1976 39 1977 13 1978 39 0 13 1979 29 1980 13 1981 29 1982 13 1983 29 1984 13 1985 29 1986 13 1987 29 1988 13 1989 29 1990 13 1991 29 1992 13 1993 29 1994 13 1995 29 1996 13 1997 29 1998 29 0 13 1999 29 2000 13 2001 29 2002 13 2003 29 2004 13 2005 29 2006 13 2007 29 2008 13 2009 29 2010 13 2011 29 2012 13 2013 29 2014 13 2015 29 2016 13 2017 29 2018 29 0 13 2019 29 2020 13 2021 29 2022 13 2023 29 2024 13 2025 29 2026 13 2027 29 2028 13 2029 29 2030 13 2031 29 2032 29 0 13 2033 29 2034 13 2035 29 2036 29 0 13 2037 29 2038 13 2039 29 2040 13 2041 29 2042 13 2043 29 2044 13 2045 29 2046 13 2047 29 2048 13 2049 29 2050 29 0 13 2051 29 2052 29 2053 9 2054 29 2055 9 2056 29 2057 9 2058 29 2059 9 2060 29 2061 9 2062 29 2063 9 2064 29 2065 9 2066 29 2067 9 2068 29 2069 9 2070 29 2071 9 2072 29 2073 9 2074 29 2075 9 2076 29 2077 9 2078 29 2079 9 2080 29 2081 9 2082 29 2083 9 2084 29 2085 9 2086 29 2087 9 2088 29 2089 9 2090 29 2091 9 2092 29 2093 9 2094 29 2095 9 2096 29 2097 9 2098 29 2099 9 2100 29 2101 9 2102 29 2103 9 2104 29 2105 9 2106 29 2107 9 2108 29 2109 9 2110 29 2111 9 2112 29 2113 9 2114 29 2115 9 2116 29 2117 9 2118 29 2119 9 2120 29 2121 9 2122 29 2123 9 2124 29 2125 9 2126 29 2127 9 2128 29 2129 9 2130 29 2131 9 2132 29 2133 9 2134 29 2135 9 2136 29 2137 9 2138 29 2139 9 2140 29 2141 9 2142 29 2143 9 2144 29 2145 9 2146 29 2147 9 2148 29 2149 9 2150 29 2151 9 2152 29 2153 9 2154 29 2155 9 2156 29 2157 9 2158 29 2159 9 2160 29 2161 9 2162 29 2163 9 2164 29 2165 9 2166 29 2167 9 2168 29 2169 9 2170 29 2171 9 2172 29 2173 9 2174 29 2175 9 2176 29 2177 9 2178 29 2179 9 2180 29 2181 9 2182 29 2183 9 2184 29 2185 9 2186 29 2187 9 2188 29 2189 9 2190 29 2191 9 2192 29 2193 9 2194 29 2195 9 2196 29 2197 9 2198 29 2199 9 2200 29 2201 9 2202 29 2203 9 2204 29 2205 9 2206 29 2207 9 2208 29 2209 9 2210 29 2211 9 2212 29 2213 9 2214 29 2215 9 2216 29 2217 9 2218 29 2219 9 2220 29 2221 9 2222 29 2223 9 2224 29 2225 9 2226 29 2227 9 2228 29 2229 9 2230 29 2231 9 2232 29 2233 9 2234</v>
        </vertex_weights>
      </skin>
      <extra>
        <technique profile="FCOLLADA">
          <user_properties>SkinController</user_properties>
        </technique>
      </extra>
    </controller>
  </library_controllers>
  <library_visual_scenes>
    <visual_scene id="VisualSceneNode" name="rdmscene">
      <node id="VisualSceneNode1" name="chr745" sid="chr745" type="JOINT">
        <matrix>1 0 0 0 0 1 0 0 0 0 1 0 0 0 0 1</matrix>
        <node id="VisualSceneNode2" name="GRP_joint" sid="GRP_joint" type="JOINT">
          <matrix>0.393701 0 0 0 0 0.393701 0 0 0 0 0.393701 0 0 0 0 1</matrix>
          <node id="VisualSceneNode3" name="J_root" sid="J_root" type="JOINT">
            <matrix>1 0 0 0 0 1 0 0 0 0 1 0 0 0 0 1</matrix>
            <node id="VisualSceneNode4" name="J_center" sid="J_center" type="JOINT">
              <matrix>1 0 0 0 0 1 0 3.30899 0 0 1 0 0 0 0 1</matrix>
              <node id="VisualSceneNode5" name="J_spine01" sid="J_spine01" type="JOINT">
                <matrix>1 0 0 0 0 1 0 0 0 0 1 0 0 0 0 1</matrix>
                <node id="VisualSceneNode6" name="CharacterCenterTarget" sid="CharacterCenterTarget" type="JOINT">
                  <matrix>5.29229 0 0 0 0 5.29229 0 -0.396922 0 0 5.29229 0 0 0 0 1</matrix>
                </node>
                <node id="VisualSceneNode7" name="J_arm01_l" sid="J_arm01_l" type="JOINT">
                  <matrix>0.67559 0.737277 0 0.364637 -0.737277 0.67559 0 0.617827 0 0 1 -0.087078 0 0 0 1</matrix>
                  <node id="VisualSceneNode8" name="J_arm02_l" sid="J_arm02_l" type="JOINT">
                    <matrix>1 0 0 0.90162 0 1 0 0 0 0 1 -0.027696 0 0 0 1</matrix>
                    <node id="VisualSceneNode9" name="J_arm03_l" sid="J_arm03_l" type="JOINT">
                      <matrix>1 0 0 1.04157 0 1 0 0.00114 0 0 1 0.016433 0 0 0 1</matrix>
                      <node id="VisualSceneNode10" name="J_weapon_l" sid="J_weapon_l" type="JOINT">
                        <matrix>0.947792 0.054995 0.314112 0.285564 -0.083263 0.993526 0.077287 -0.060831 -0.307828 -0.099406 0.946235 0.145356 0 0 0 1</matrix>
                      </node>
                      <node id="VisualSceneNode11" name="J_finger02_l" sid="J_finger02_l" type="JOINT">
                        <matrix>1 0 0 0.185519 0 1 0 -0.101253 0 0 1 0.168857 0 0 0 1</matrix>
                      </node>
                      <node id="VisualSceneNode12" name="J_finger01_l" sid="J_finger01_l" type="JOINT">
                        <matrix>1 0 0 0.355769 0 1 0 -0.03016 0 0 1 0 0 0 0 1</matrix>
                      </node>
                    </node>
                  </node>
                </node>
                <node id="VisualSceneNode13" name="J_neck" sid="J_neck" type="JOINT">
                  <matrix>1 0 0 0 0 1 0 0.766096 0 0 1 -0.077014 0 0 0 1</matrix>
                  <node id="VisualSceneNode14" name="J_mahura_b01" sid="J_mahura_b01" type="JOINT">
                    <matrix>1 0 0 0.000953 0 0.996195 0.087155 0.171293 0 -0.087155 0.996195 -0.180281 0 0 0 1</matrix>
                    <node id="VisualSceneNode15" name="J_mahura_b02" sid="J_mahura_b02" type="JOINT">
                      <matrix>1 0 0 0 0 1 0 0 0 0 1 -0.745124 0 0 0 1</matrix>
                      <node id="VisualSceneNode16" name="J_mahura_b03" sid="J_mahura_b03" type="JOINT">
                        <matrix>1 0 0 0 0 1 0 0.000000 0 0 1 -0.721134 0 0 0 1</matrix>
                        <node id="VisualSceneNode17" name="J_mahura_b04" sid="J_mahura_b04" type="JOINT">
                          <matrix>1 0 0 0 0 1 0 0 0 0 1 -0.614438 0 0 0 1</matrix>
                        </node>
                      </node>
                    </node>
                  </node>
                  <node id="VisualSceneNode18" name="J_head" sid="J_head" type="JOINT">
                    <matrix>1 0 0 0 0 1 0 0.197283 0 0 1 0.051299 0 0 0 1</matrix>
                    <node id="VisualSceneNode19" name="CharacterFaceCenterTarget" sid="CharacterFaceCenterTarget" type="JOINT">
                      <matrix>2.54 0 0 0 0 2.54 0 0.111138 0 0 2.54 -0.031753 0 0 0 1</matrix>
                    </node>
                    <node id="VisualSceneNode20" name="HUDTarget" sid="HUDTarget" type="JOINT">
                      <matrix>2.54 0 0 0 0 2.54 0 0.373636 0 0 2.54 0 0 0 0 1</matrix>
                    </node>
                  </node>
                  <node id="VisualSceneNode21" name="J_mahura_a01" sid="J_mahura_a01" type="JOINT">
                    <matrix>1 0 0 0.000225 0 0.996195 -0.087155 0.162447 0 0.087155 0.996195 -0.170901 0 0 0 1</matrix>
                    <node id="VisualSceneNode22" name="J_mahura_a02" sid="J_mahura_a02" type="JOINT">
                      <matrix>1 0 0 0 0 1 0 0 0 0 1 -0.754867 0 0 0 1</matrix>
                      <node id="VisualSceneNode23" name="J_mahura_a03" sid="J_mahura_a03" type="JOINT">
                        <matrix>1 0 0 0 0 1 0 -0.000000 0 0 1 -0.723277 0 0 0 1</matrix>
                        <node id="VisualSceneNode24" name="J_mahura_a04" sid="J_mahura_a04" type="JOINT">
                          <matrix>1 0 0 0 0 1 0 -0.000000 0 0 1 -0.614736 0 0 0 1</matrix>
                        </node>
                      </node>
                    </node>
                  </node>
                </node>
                <node id="VisualSceneNode25" name="J_arm01_r" sid="J_arm01_r" type="JOINT">
                  <matrix>0.67559 0.737277 0 -0.364636 0.737277 -0.67559 0 0.617821 0 0 -1 -0.087078 0 0 0 1</matrix>
                  <node id="VisualSceneNode26" name="J_arm02_r" sid="J_arm02_r" type="JOINT">
                    <matrix>1 0 0 -0.901618 0 1 0 -0.000003 0 0 1 0.027696 0 0 0 1</matrix>
                    <node id="VisualSceneNode27" name="J_arm03_r" sid="J_arm03_r" type="JOINT">
                      <matrix>1 0 0 -1.04158 0 1 0 -0.001143 0 0 1 -0.016433 0 0 0 1</matrix>
                      <node id="VisualSceneNode28" name="J_weapon_r" sid="J_weapon_r" type="JOINT">
                        <matrix>-0.947792 0.054994 -0.314112 -0.285563 0.083262 0.993526 -0.077287 0.060839 0.307828 -0.099406 -0.946235 -0.145356 0 0 0 1</matrix>
                      </node>
                      <node id="VisualSceneNode29" name="J_finger01_r" sid="J_finger01_r" type="JOINT">
                        <matrix>1 0 0 -0.355771 0 1 0 0.030163 0 0 1 0 0 0 0 1</matrix>
                      </node>
                      <node id="VisualSceneNode30" name="J_finger02_r" sid="J_finger02_r" type="JOINT">
                        <matrix>1 0 0 -0.185516 0 1 0 0.101257 0 0 1 -0.168857 0 0 0 1</matrix>
                      </node>
                    </node>
                  </node>
                </node>
                <node id="VisualSceneNode31" name="J_wing01_l" sid="J_wing01_l" type="JOINT">
                  <matrix>0.807095 0.115263 -0.579061 0.069325 0.335255 0.717845 0.610166 0.666165 0.486005 -0.686595 0.540727 -0.325119 0 0 0 1</matrix>
                </node>
                <node id="VisualSceneNode32" name="J_wing01_r" sid="J_wing01_r" type="JOINT">
                  <matrix>0.807095 0.115263 -0.579061 -0.069324 -0.335255 -0.717845 -0.610167 0.666168 -0.486005 0.686596 -0.540726 -0.32512 0 0 0 1</matrix>
                </node>
                <node id="VisualSceneNode33" name="J_wing02_l" sid="J_wing02_l" type="JOINT">
                  <matrix>0.941048 0.036772 -0.336268 0.124146 0.279071 0.477408 0.833187 0.529171 0.191175 -0.877912 0.439002 -0.371737 0 0 0 1</matrix>
                </node>
                <node id="VisualSceneNode34" name="J_wing02_r" sid="J_wing02_r" type="JOINT">
                  <matrix>0.941048 0.036772 -0.336268 -0.124146 -0.279071 -0.477407 -0.833188 0.529176 -0.191175 0.877912 -0.439001 -0.371738 0 0 0 1</matrix>
                </node>
              </node>
              <node id="VisualSceneNode35" name="J_leg01_l" sid="J_leg01_l" type="JOINT">
                <matrix>1 0 0 0.393812 0 1 0 -0.395683 0 0 1 -0.013413 0 0 0 1</matrix>
                <node id="VisualSceneNode36" name="J_leg02_l" sid="J_leg02_l" type="JOINT">
                  <matrix>1 0 0 0 0 1 0 -0.869333 0 0 1 0 0 0 0 1</matrix>
                  <node id="VisualSceneNode37" name="J_leg03_l" sid="J_leg03_l" type="JOINT">
                    <matrix>1 0 0 0 0 1 0 -1.49933 0 0 1 -0.002009 0 0 0 1</matrix>
                    <node id="VisualSceneNode38" name="J_leg04_l" sid="J_leg04_l" type="JOINT">
                      <matrix>1 0 0 0 0 1 0 -0.22144 0 0 1 0.208321 0 0 0 1</matrix>
                    </node>
                  </node>
                </node>
              </node>
              <node id="VisualSceneNode39" name="J_leg01_r" sid="J_leg01_r" type="JOINT">
                <matrix>1 0 0 -0.393812 0 1 0 -0.395687 0 0 1 -0.013413 0 0 0 1</matrix>
                <node id="VisualSceneNode40" name="J_leg02_r" sid="J_leg02_r" type="JOINT">
                  <matrix>1 0 0 0 0 1 0 -0.869334 0 0 1 0 0 0 0 1</matrix>
                  <node id="VisualSceneNode41" name="J_leg03_r" sid="J_leg03_r" type="JOINT">
                    <matrix>1 0 0 0 0 1 0 -1.49933 0 0 1 -0.002009 0 0 0 1</matrix>
                    <node id="VisualSceneNode42" name="J_leg04_r" sid="J_leg04_r" type="JOINT">
                      <matrix>1 0 0 0 0 1 0 -0.221439 0 0 1 0.208321 0 0 0 1</matrix>
                    </node>
                  </node>
                </node>
              </node>
            </node>
          </node>
        </node>
      </node>
      <node id="VisualSceneNode43" name="sw_ef_r" type="NODE">
        <matrix>1 0 0 0 0 1 0 0 0 0 1 0 0 0 0 1</matrix>
        <instance_controller url="#Controller">
          <skeleton>#VisualSceneNode1</skeleton>
          <bind_material>
            <technique_common>
              <instance_material symbol="VisualMaterial0" target="#VisualMaterial"/>
            </technique_common>
          </bind_material>
        </instance_controller>
      </node>
      <node id="VisualSceneNode44" name="sw_ef_l" type="NODE">
        <matrix>1 0 0 0 0 1 0 0 0 0 1 0 0 0 0 1</matrix>
        <instance_controller url="#Controller1">
          <skeleton>#VisualSceneNode1</skeleton>
          <bind_material>
            <technique_common>
              <instance_material symbol="VisualMaterial0" target="#VisualMaterial"/>
            </technique_common>
          </bind_material>
        </instance_controller>
      </node>
      <node id="VisualSceneNode45" name="chr745" type="NODE">
        <matrix>1 0 0 0 0 1 0 0 0 0 1 0 0 0 0 1</matrix>
        <instance_controller url="#Controller2">
          <skeleton>#VisualSceneNode1</skeleton>
          <bind_material>
            <technique_common>
              <instance_material symbol="VisualMaterial10" target="#VisualMaterial1"/>
            </technique_common>
          </bind_material>
        </instance_controller>
      </node>
    </visual_scene>
  </library_visual_scenes>
  <scene>
    <instance_visual_scene url="#VisualSceneNode"/>
  </scene>
</COLLADA>
