<?xml version="1.0" encoding="utf-8"?>
<COLLADA xmlns="http://www.collada.org/2005/11/COLLADASchema" version="1.4.1">
  <asset>
    <created>2021-11-08T08:31:19Z</created>
    <modified>2021-11-08T08:31:19Z</modified>
  </asset>
  <library_images>
    <image id="Image">
      <init_from>chr121a01.png</init_from>
    </image>
  </library_images>
  <library_materials>
    <material id="VisualMaterial" name="chr121a01">
      <instance_effect url="#Effect"/>
      <extra>
        <technique profile="FCOLLADA">
          <user_properties>chr121a01</user_properties>
        </technique>
      </extra>
    </material>
  </library_materials>
  <library_effects>
    <effect id="Effect" name="chr121a01_png">
      <profile_COMMON>
        <newparam sid="Image-surface">
          <surface type="2D">
            <init_from>Image</init_from>
            <format>A8R8G8B8</format>
          </surface>
        </newparam>
        <newparam sid="Image-sampler">
          <sampler2D>
            <source>Image-surface</source>
            <wrap_s>WRAP</wrap_s>
            <wrap_t>WRAP</wrap_t>
            <minfilter>NONE</minfilter>
            <magfilter>NONE</magfilter>
            <mipfilter>NONE</mipfilter>
          </sampler2D>
        </newparam>
        <technique sid="common">
          <phong>
            <emission>
              <color>0 0 0 1</color>
            </emission>
            <ambient>
              <color>0 0 0 1</color>
            </ambient>
            <diffuse>
              <texture texture="Image-sampler" texcoord=""/>
            </diffuse>
            <specular>
              <color>1 1 1 1</color>
            </specular>
            <shininess>
              <float>0</float>
            </shininess>
            <transparent opaque="A_ONE">
              <color>0 0 0 1</color>
            </transparent>
            <transparency>
              <float>1</float>
            </transparency>
            <index_of_refraction>
              <float>1.55</float>
            </index_of_refraction>
          </phong>
          <extra>
            <technique profile="FCOLLADA">
              <spec_level>
                <float>0</float>
              </spec_level>
            </technique>
          </extra>
        </technique>
      </profile_COMMON>
      <extra>
        <technique profile="FCOLLADA">
          <user_properties>chr121a01.png</user_properties>
        </technique>
      </extra>
    </effect>
  </library_effects>
  <library_geometries>
    <geometry id="Geometry" name="chr121">
      <mesh>
        <source id="GeometrySource" name="chr121Pos">
          <float_array id="GeometrySource-array" count="18510">-0.179251 0.805471 0.414364 -0.160276 0.795015 0.38794 -0.155745 0.769088 0.410289 -0.176355 0.788944 0.428649 -0.180312 0.827127 0.410107 -0.161935 0.828933 0.381292 -0.179251 0.848082 0.417035 -0.160276 0.861756 0.392124 -0.176355 0.862695 0.433272 -0.155745 0.884688 0.417534 -0.172406 0.867055 0.454438 -0.149555 0.891585 0.450715 -0.168464 0.860021 0.474853 -0.143364 0.880599 0.482775 -0.165582 0.8435 0.489062 -0.138833 0.854673 0.505124 -0.164528 0.821913 0.493284 -0.137174 0.820754 0.511772 -0.165582 0.801023 0.486399 -0.138833 0.787932 0.50094 -0.168464 0.786404 0.470238 -0.143364 0.764999 0.475529 -0.172406 0.781975 0.449106 -0.149555 0.758102 0.442348 -0.177178 0.794507 0.433014 -0.179613 0.80844 0.421003 -0.180505 0.826668 0.417431 -0.179613 0.844306 0.423252 -0.177178 0.85663 0.436908 -0.173851 0.860337 0.454739 -0.173851 0.788604 0.450243 -0.170525 0.79231 0.468074 -0.16809 0.804634 0.48173 -0.167198 0.822273 0.487551 -0.16809 0.8405 0.483978 -0.170525 0.854433 0.471968 -0.149555 0.824844 0.446532 -0.155745 0.769088 0.410289 -0.160276 0.795015 0.38794 -0.161935 0.828933 0.381292 -0.160276 0.861756 0.392124 -0.155745 0.884688 0.417534 -0.149555 0.891585 0.450715 -0.143364 0.880599 0.482775 -0.138833 0.854673 0.505124 -0.137174 0.820754 0.511772 -0.138833 0.787932 0.50094 -0.143364 0.764999 0.475529 -0.149555 0.758102 0.442348 -0.173851 0.82447 0.452491 -0.179613 0.80844 0.421003 -0.177178 0.794507 0.433014 -0.180505 0.826668 0.417431 -0.179613 0.844306 0.423252 -0.177178 0.85663 0.436908 -0.173851 0.860337 0.454739 -0.170525 0.854433 0.471968 -0.16809 0.8405 0.483978 -0.167198 0.822273 0.487551 -0.16809 0.804634 0.48173 -0.170525 0.79231 0.468074 -0.173851 0.788604 0.450243 0.111829 0.780874 0.541336 0.093323 0.743891 0.553051 0.082991 0.704244 0.522815 0.099558 0.72165 0.495504 0.115056 0.748712 0.453254 0.12452 0.790013 0.485999 0.129956 0.7946 0.417478 0.142173 0.854885 0.433289 0.066262 0.68841 0.550309 0.074818 0.716626 0.575339 0.038139 0.669045 0.598555 0.037807 0.697441 0.641294 0 0.638432 0.640244 0 0.674118 0.670122 0 0.595557 0.58055 0.029562 0.646649 0.558 0.048797 0.666144 0.527445 0.06375 0.672071 0.4953 0.07838 0.662426 0.449672 0.096685 0.707411 0.420509 0.108831 0.730499 0.401667 0 0.69453 0.681039 0 0.595557 0.58055 0.017896 0.648625 0.557781 0.029562 0.646649 0.558 0.048797 0.666144 0.527445 0.032623 0.669601 0.527035 0 0.649308 0.557531 0 0.595557 0.58055 0 0.669546 0.526352 0.06375 0.672071 0.4953 0.041176 0.678712 0.495642 0.07838 0.662426 0.449672 0.053029 0.674091 0.451568 0 0.68275 0.49579 0 0.6798 0.451492 0 0.72182 0.426091 0.063972 0.714761 0.424582 0 0.736395 0.413514 0.070019 0.739271 0.407266 0.096685 0.707411 0.420509 0.108831 0.730499 0.401667 -0.053029 0.674091 0.451568 -0.041176 0.678712 0.495642 -0.063972 0.714761 0.424582 -0.070019 0.739271 0.407266 -0.096685 0.707411 0.420509 -0.108831 0.730499 0.401667 -0.07838 0.662426 0.449672 -0.06375 0.672071 0.4953 -0.032623 0.669601 0.527035 -0.048797 0.666144 0.527445 -0.017896 0.648625 0.557781 -0.029562 0.646649 0.558 0 0.595557 0.58055 0.056939 0.716626 0.575339 0.028742 0.70179 0.629346 0.037807 0.697441 0.641294 0.074818 0.716626 0.575339 0 0.69453 0.681039 0 0.695543 0.659583 0.075444 0.743891 0.553051 0.093323 0.743891 0.553051 0.093949 0.780874 0.541336 0.111829 0.780874 0.541336 -0.028742 0.70179 0.629346 -0.037807 0.697441 0.641294 -0.056939 0.716626 0.575339 -0.074818 0.716626 0.575339 -0.075444 0.743891 0.553051 -0.093323 0.743891 0.553051 -0.093949 0.780874 0.541336 -0.111829 0.780874 0.541336 0.111981 0.793699 0.486699 0.093949 0.780874 0.541336 0.111829 0.780874 0.541336 0.12452 0.790013 0.485999 0.142173 0.854885 0.433289 0.111981 0.793699 0.486699 0.12452 0.790013 0.485999 0.032456 0.697923 0.560538 0.022385 0.688949 0.581373 0.028742 0.70179 0.629346 0.056939 0.716626 0.575339 0 0.695543 0.659583 0 0.67409 0.625853 0.044268 0.715523 0.536942 0.075444 0.743891 0.553051 0.05189 0.728645 0.521405 0.093949 0.780874 0.541336 0.063947 0.756737 0.490228 0.111981 0.793699 0.486699 0.072964 0.808097 0.480424 0.074589 0.878985 0.467324 0.119 0.886026 0.461351 0.142173 0.854885 0.433289 -0.022385 0.688949 0.581373 -0.028742 0.70179 0.629346 -0.032456 0.697923 0.560538 -0.056939 0.716626 0.575339 -0.044268 0.715523 0.536942 -0.075444 0.743891 0.553051 -0.05189 0.728645 0.521405 -0.093949 0.780874 0.541336 -0.063947 0.756737 0.490228 -0.111981 0.793699 0.486699 -0.072964 0.808097 0.480424 -0.074589 0.878985 0.467324 -0.119 0.886026 0.461351 -0.142173 0.854885 0.433289 0 0.697923 0.560538 0 0.688949 0.581373 0.022385 0.688949 0.581373 0.032456 0.697923 0.560538 0 0.67409 0.625853 0 0.715523 0.536942 0.044268 0.715523 0.536942 0 0.728645 0.521405 0.05189 0.728645 0.521405 0 0.756721 0.489558 0.063947 0.756737 0.490228 0 0.814361 0.482839 0.072964 0.808097 0.480424 -0.022385 0.688949 0.581373 -0.032456 0.697923 0.560538 -0.044268 0.715523 0.536942 -0.05189 0.728645 0.521405 -0.063947 0.756737 0.490228 -0.072964 0.808097 0.480424 0.074589 0.878985 0.467324 0 0.886011 0.473904 0.072964 0.808097 0.480424 -0.074589 0.878985 0.467324 -0.072964 0.808097 0.480424 0.100002 0.726216 0.4526 0.143229 0.669989 0.412779 0.102507 0.734491 0.403921 0.085024 0.682751 0.438475 0.143229 0.669989 0.412779 0.100002 0.726216 0.4526 0.102507 0.734491 0.403921 0.143229 0.669989 0.412779 0.085024 0.682751 0.438475 0 0.909319 0.413083 0.070019 0.90577 0.404911 0.070019 0.82252 0.407696 0 0.826069 0.415868 0.129956 0.7946 0.417478 0.142173 0.854885 0.433289 0.108831 0.730499 0.401667 0.070019 0.739271 0.407266 0 0.736395 0.413514 -0.070019 0.82252 0.407696 -0.070019 0.90577 0.404911 -0.129956 0.7946 0.417478 -0.142173 0.854885 0.433289 -0.108831 0.730499 0.401667 -0.070019 0.739271 0.407266 -0.111829 0.780874 0.541336 -0.099558 0.72165 0.495504 -0.082991 0.704244 0.522815 -0.093323 0.743891 0.553051 -0.115056 0.748712 0.453254 -0.12452 0.790013 0.485999 -0.129956 0.7946 0.417478 -0.142173 0.854885 0.433289 -0.066262 0.68841 0.550309 -0.074818 0.716626 0.575339 -0.038139 0.669045 0.598555 -0.037807 0.697441 0.641294 0 0.638432 0.640244 0 0.674118 0.670122 0 0.595557 0.58055 -0.029562 0.646649 0.558 -0.048797 0.666144 0.527445 -0.06375 0.672071 0.4953 -0.07838 0.662426 0.449672 -0.096685 0.707411 0.420509 -0.108831 0.730499 0.401667 0 0.69453 0.681039 -0.111981 0.793699 0.486699 -0.12452 0.790013 0.485999 -0.111829 0.780874 0.541336 -0.093949 0.780874 0.541336 -0.111981 0.793699 0.486699 -0.142173 0.854885 0.433289 -0.12452 0.790013 0.485999 -0.143229 0.669989 0.412779 -0.100002 0.726216 0.4526 -0.102507 0.734491 0.403921 -0.143229 0.669989 0.412779 -0.085024 0.682751 0.438475 -0.100002 0.726216 0.4526 -0.143229 0.669989 0.412779 -0.102507 0.734491 0.403921 -0.085024 0.682751 0.438475 0.012378 0.796498 -0.101766 0.02144 0.80553 -0.102505 0.031506 0.803179 -0.059969 0.01819 0.789907 -0.058883 0 0.793193 -0.101495 0 0.785049 -0.058486 0.036381 0.821309 -0.061453 0.024757 0.817868 -0.103514 0.031506 0.839439 -0.062936 0.02144 0.830205 -0.104524 0.01819 0.852711 -0.064022 0.012378 0.839236 -0.105263 0 0.857569 -0.06442 0 0.842542 -0.105533 0.00733 0.805757 -0.091451 0 0.817513 -0.110711 0.012696 0.811106 -0.091889 0 0.8038 -0.091291 0.01466 0.818412 -0.092487 0.012696 0.825717 -0.093084 0.00733 0.831066 -0.093522 0 0.833023 -0.093682 0.010997 0.798882 -0.101961 0.019048 0.806906 -0.102618 0.02144 0.80553 -0.102505 0.012378 0.796498 -0.101766 0 0.795945 -0.101721 0 0.793193 -0.101495 0.024757 0.817868 -0.103514 0.021995 0.817868 -0.103514 0.02144 0.830205 -0.104524 0.019048 0.828829 -0.104411 0.012378 0.839236 -0.105263 0.010997 0.836853 -0.105068 0 0.842542 -0.105533 0 0.83979 -0.105308 0.00733 0.805757 -0.091451 0.012696 0.811106 -0.091889 0.019048 0.806906 -0.102618 0.010997 0.798882 -0.101961 0 0.8038 -0.091291 0 0.795945 -0.101721 0.021995 0.817868 -0.103514 0.01466 0.818412 -0.092487 0.019048 0.828829 -0.104411 0.012696 0.825717 -0.093084 0.010997 0.836853 -0.105068 0.00733 0.831066 -0.093522 0 0.83979 -0.105308 0 0.833023 -0.093682 -0.012378 0.796498 -0.101766 -0.01819 0.789907 -0.058883 -0.031506 0.803179 -0.059969 -0.02144 0.80553 -0.102505 0 0.793193 -0.101495 0 0.785049 -0.058486 -0.036381 0.821309 -0.061453 -0.024757 0.817868 -0.103514 -0.031506 0.839439 -0.062936 -0.02144 0.830205 -0.104524 -0.01819 0.852711 -0.064022 -0.012378 0.839236 -0.105263 0 0.857569 -0.06442 0 0.842542 -0.105533 0 0.817513 -0.110711 -0.00733 0.805757 -0.091451 -0.012696 0.811106 -0.091889 0 0.8038 -0.091291 -0.01466 0.818412 -0.092487 -0.012696 0.825717 -0.093084 -0.00733 0.831066 -0.093522 0 0.833023 -0.093682 -0.010997 0.798882 -0.101961 -0.012378 0.796498 -0.101766 -0.02144 0.80553 -0.102505 -0.019048 0.806906 -0.102618 0 0.795945 -0.101721 0 0.793193 -0.101495 -0.024757 0.817868 -0.103514 -0.021995 0.817868 -0.103514 -0.02144 0.830205 -0.104524 -0.019048 0.828829 -0.104411 -0.012378 0.839236 -0.105263 -0.010997 0.836853 -0.105068 0 0.842542 -0.105533 0 0.83979 -0.105308 -0.00733 0.805757 -0.091451 -0.010997 0.798882 -0.101961 -0.019048 0.806906 -0.102618 -0.012696 0.811106 -0.091889 0 0.8038 -0.091291 0 0.795945 -0.101721 -0.021995 0.817868 -0.103514 -0.01466 0.818412 -0.092487 -0.019048 0.828829 -0.104411 -0.012696 0.825717 -0.093084 -0.010997 0.836853 -0.105068 -0.00733 0.831066 -0.093522 0 0.83979 -0.105308 0 0.833023 -0.093682 0.040165 0.413468 0.21772 0.054819 0.432628 0.166734 0.052479 0.428386 0.228539 0.021737 0.4035 0.210492 0.029668 0.419023 0.156868 0 0.4 0.207953 0 0.414246 0.153404 0.071624 0.452988 0.1815 0.056803 0.445983 0.241301 0.077526 0.477005 0.198918 0.052479 0.463581 0.254063 0.071624 0.501022 0.216335 0.040165 0.478499 0.264882 0.054819 0.521383 0.231101 0.021737 0.488467 0.272111 0.029667 0.534988 0.240967 0 0.491967 0.274649 0 0.539765 0.244432 -0.021737 0.488467 0.272111 -0.029667 0.534988 0.240967 -0.040165 0.478499 0.264882 -0.054819 0.521383 0.231101 -0.052479 0.463581 0.254063 -0.071624 0.501022 0.216335 -0.056803 0.445983 0.241301 -0.077526 0.477005 0.198918 -0.052479 0.428386 0.228539 -0.071624 0.452988 0.1815 -0.040165 0.413468 0.21772 -0.054819 0.432628 0.166734 -0.021737 0.4035 0.210491 -0.029667 0.419023 0.156868 0 0.4 0.207953 0 0.404152 0.216128 -0.018614 0.40715 0.218302 -0.034395 0.415686 0.224492 -0.044939 0.42846 0.233757 -0.048642 0.44353 0.244685 -0.044939 0.458599 0.255613 -0.034395 0.471373 0.264878 -0.018614 0.479909 0.271068 -0.018614 0.479909 0.271068 0 0.482907 0.273242 0.018614 0.479909 0.271068 0.034395 0.471373 0.264878 0.044939 0.458599 0.255613 0.048642 0.44353 0.244685 0.044939 0.428461 0.233757 0.034395 0.415686 0.224492 0.018614 0.40715 0.218302 0 0.404152 0.216128 0.044939 0.432862 0.227688 0 0.448117 0.238752 0.034395 0.420087 0.218424 0.018614 0.411551 0.212233 0 0.408553 0.210059 -0.018614 0.411551 0.212233 -0.034395 0.420087 0.218424 -0.044939 0.432861 0.227688 -0.048642 0.447931 0.238616 -0.044939 0.463 0.249545 -0.034395 0.475774 0.258809 -0.018614 0.48431 0.264999 0 0.487308 0.267173 0.018614 0.48431 0.264999 0.034395 0.475774 0.258809 0.044939 0.463 0.249545 0.048642 0.447931 0.238616 0.044939 0.432862 0.227688 0.034395 0.420087 0.218424 0.034395 0.415686 0.224492 0.044939 0.428461 0.233757 0.018614 0.40715 0.218302 0.018614 0.411551 0.212233 0 0.404152 0.216128 0 0.408553 0.210059 0.048642 0.447931 0.238616 0.048642 0.44353 0.244685 0.044939 0.463 0.249545 0.044939 0.458599 0.255613 0.034395 0.475774 0.258809 0.034395 0.471373 0.264878 0.018614 0.48431 0.264999 0.018614 0.479909 0.271068 0 0.487308 0.267173 0 0.482907 0.273242 -0.018614 0.48431 0.264999 -0.018614 0.479909 0.271068 -0.034395 0.475774 0.258809 -0.034395 0.471373 0.264878 -0.044939 0.463 0.249545 -0.044939 0.458599 0.255613 -0.048642 0.447931 0.238616 -0.048642 0.44353 0.244685 -0.044939 0.432861 0.227688 -0.044939 0.42846 0.233757 -0.034395 0.420087 0.218424 -0.034395 0.415686 0.224492 -0.018614 0.411551 0.212233 -0.018614 0.40715 0.218302 0 0.408553 0.210059 0 0.404152 0.216128 0.392174 0.807795 0.115586 0.392174 0.804381 0.090359 0.292161 0.808643 0.077982 0.295585 0.81332 0.106789 0.388315 0.804168 0.136167 0.298779 0.808399 0.133649 0.377257 0.792022 0.169701 0.303624 0.794465 0.1744 0.372217 0.77543 0.181975 0.305398 0.77543 0.189316 0.377257 0.758838 0.169701 0.303624 0.756395 0.1744 0.388315 0.746692 0.136167 0.298779 0.742461 0.133649 0.392174 0.743065 0.115586 0.295585 0.73754 0.106789 0.392174 0.746479 0.090359 0.292161 0.742217 0.077982 0.517084 0.802882 0.139872 0.511376 0.801235 0.152262 0.517084 0.801426 0.11778 0.517084 0.749434 0.11778 0.517084 0.747979 0.139872 0.511376 0.749625 0.152262 0.478201 0.760531 0.177504 0.463082 0.77543 0.186744 0.478201 0.790329 0.177504 0.517084 0.802882 0.139872 0.521588 0.77543 0.11778 0.521588 0.77543 0.131791 0.517084 0.747979 0.139872 0.517084 0.749434 0.11778 0.292161 0.808643 0.077982 0.292161 0.77543 0.077982 0.298779 0.808399 0.133649 0.295585 0.81332 0.106789 0.303624 0.794465 0.1744 0.305398 0.77543 0.189316 0.303624 0.756395 0.1744 0.298779 0.742461 0.133649 0.292161 0.742217 0.077982 0.295585 0.73754 0.106789 0.292161 0.77543 0.077982 0.292161 0.808643 0.077982 0.392174 0.804381 0.090359 0.395454 0.77543 0.090359 0.392174 0.746479 0.090359 0.292161 0.742217 0.077982 0.517084 0.801426 0.11778 0.521588 0.77543 0.11778 0.517084 0.749434 0.11778 0.521588 0.77543 0.11778 0.511376 0.801235 0.152262 0.478201 0.790329 0.177504 0.474599 0.77543 0.171223 0.497437 0.77543 0.144171 0.511376 0.749625 0.152262 0.478201 0.760531 0.177504 0.463082 0.77543 0.186744 0.521588 0.77543 0.131791 0.517084 0.802882 0.139872 0.517084 0.747979 0.139872 0.607253 0.793809 0.277318 0.61796 0.792066 0.265828 0.534014 0.796686 0.149393 0.51975 0.799679 0.156333 0.602422 0.791944 0.290307 0.509694 0.796529 0.165156 0.596654 0.784964 0.315663 0.500647 0.787612 0.186778 0.590842 0.77543 0.320035 0.498567 0.77543 0.196326 0.596654 0.765896 0.315663 0.500647 0.763248 0.186778 0.602422 0.758916 0.290307 0.509694 0.754331 0.165156 0.607253 0.757051 0.277318 0.51975 0.751181 0.156333 0.61796 0.758794 0.265828 0.534014 0.754174 0.149393 0.534014 0.796686 0.149393 0.534014 0.77543 0.149393 0.51975 0.77543 0.156333 0.51975 0.799679 0.156333 0.534014 0.754174 0.149393 0.51975 0.751181 0.156333 0.509694 0.796529 0.165156 0.509694 0.77543 0.165156 0.500647 0.787612 0.186778 0.500647 0.77543 0.186778 0.500647 0.763248 0.186778 0.509694 0.754331 0.165156 0.498567 0.77543 0.196326 0.534014 0.77543 0.149393 0.534014 0.796686 0.149393 0.61796 0.792066 0.265828 0.617962 0.77543 0.265832 0.61796 0.758794 0.265828 0.534014 0.754174 0.149393 0.61796 0.792066 0.265828 0.607253 0.793809 0.277318 0.607253 0.77543 0.277318 0.61796 0.775425 0.265828 0.602422 0.77543 0.290307 0.602422 0.791944 0.290307 0.596654 0.77543 0.315663 0.596654 0.784964 0.315663 0.590842 0.77543 0.320035 0.596654 0.765896 0.315663 0.602422 0.758916 0.290307 0.607253 0.757051 0.277318 0.61796 0.758794 0.265828 0.841376 0.801559 0.275304 0.834521 0.798675 0.250864 0.707769 0.8003 0.262502 0.727795 0.803803 0.29025 0.847171 0.798504 0.295974 0.737314 0.800118 0.322867 0.856424 0.788752 0.328998 0.727266 0.789683 0.364762 0.859811 0.77543 0.341086 0.707338 0.77543 0.389766 0.856424 0.762108 0.328998 0.727266 0.761177 0.364762 0.847171 0.752356 0.295974 0.737314 0.750742 0.322867 0.841376 0.749301 0.275304 0.727795 0.747057 0.29025 0.834521 0.752185 0.250864 0.707769 0.750559 0.262502 0.955578 0.785912 0.280054 0.94847 0.793586 0.254675 0.944061 0.795932 0.238944 0.938751 0.793721 0.22001 0.938751 0.757139 0.22001 0.944061 0.754928 0.238944 0.94847 0.757274 0.254675 0.955578 0.764947 0.280054 0.958179 0.77543 0.289344 1.03995 0.787433 0.205101 1.03723 0.788909 0.195378 1.16417 0.77543 0.128637 1.03382 0.787522 0.183238 1.04443 0.78236 0.221107 1.04607 0.77543 0.226966 1.04443 0.7685 0.221107 1.03995 0.763427 0.205101 1.03723 0.76195 0.195378 1.03382 0.763338 0.183238 0.707769 0.8003 0.262502 0.707769 0.77543 0.262502 0.727795 0.77543 0.29025 0.727795 0.803803 0.29025 0.707769 0.750559 0.262502 0.727795 0.747057 0.29025 0.737314 0.800118 0.322867 0.737314 0.77543 0.322867 0.727266 0.789683 0.364762 0.727266 0.77543 0.364762 0.707338 0.77543 0.389766 0.727266 0.761177 0.364762 0.737314 0.750742 0.322867 0.707769 0.77543 0.262502 0.707769 0.8003 0.262502 0.834521 0.798675 0.250864 0.834524 0.77543 0.250863 0.834521 0.752185 0.250864 0.707769 0.750559 0.262502 0.938751 0.793721 0.22001 0.938753 0.77543 0.220009 0.938751 0.757139 0.22001 1.03382 0.787522 0.183238 1.03383 0.77543 0.183237 1.16417 0.77543 0.128637 1.03382 0.763338 0.183238 0.665506 0.759201 0.32438 0.680741 0.759201 0.297992 0.691894 0.759201 0.309145 0.665506 0.759201 0.293909 0.65027 0.759201 0.297992 0.639117 0.759201 0.309145 0.635035 0.759201 0.32438 0.639117 0.759201 0.339615 0.65027 0.759201 0.350768 0.665506 0.759201 0.354851 0.680741 0.759201 0.350768 0.691894 0.759201 0.339615 0.695976 0.759201 0.32438 0.665506 0.743839 0.357234 0.681933 0.743839 0.352833 0.69607 0.762022 0.377319 0.665506 0.762022 0.385509 0.649078 0.743839 0.352833 0.634941 0.762022 0.377319 0.637053 0.743839 0.340807 0.612567 0.762022 0.354944 0.632651 0.743839 0.32438 0.604377 0.762022 0.32438 0.637053 0.743839 0.307953 0.612567 0.762022 0.293816 0.649078 0.743839 0.295927 0.634941 0.762022 0.271441 0.665506 0.743839 0.291526 0.665506 0.762022 0.263251 0.681933 0.743839 0.295927 0.69607 0.762022 0.271441 0.693959 0.743839 0.307953 0.718445 0.762022 0.293816 0.69836 0.743839 0.32438 0.726634 0.762022 0.32438 0.693959 0.743839 0.340807 0.718445 0.762022 0.354944 0.680741 0.743839 0.297992 0.691894 0.743839 0.309145 0.665506 0.743839 0.293909 0.65027 0.743839 0.297992 0.639117 0.743839 0.309145 0.635035 0.743839 0.32438 0.639117 0.743839 0.339615 0.65027 0.743839 0.350768 0.665506 0.743839 0.354851 0.680741 0.743839 0.350768 0.691894 0.743839 0.339615 0.695976 0.743839 0.32438 0.680741 0.759201 0.297992 0.680741 0.743839 0.297992 0.691894 0.743839 0.309145 0.691894 0.759201 0.309145 0.665506 0.759201 0.293909 0.665506 0.743839 0.293909 0.695976 0.743839 0.32438 0.695976 0.759201 0.32438 0.691894 0.743839 0.339615 0.691894 0.759201 0.339615 0.680741 0.743839 0.350768 0.680741 0.759201 0.350768 0.665506 0.743839 0.354851 0.665506 0.759201 0.354851 0.65027 0.743839 0.350768 0.65027 0.759201 0.350768 0.639117 0.743839 0.339615 0.639117 0.759201 0.339615 0.635035 0.743839 0.32438 0.635035 0.759201 0.32438 0.639117 0.743839 0.309145 0.639117 0.759201 0.309145 0.65027 0.743839 0.297992 0.65027 0.759201 0.297992 0.665506 0.743839 0.293909 0.665506 0.759201 0.293909 0.680741 0.791659 0.297992 0.665506 0.791659 0.32438 0.691894 0.791659 0.309145 0.665506 0.791659 0.293909 0.65027 0.791659 0.297992 0.639117 0.791659 0.309145 0.635035 0.791659 0.32438 0.639117 0.791659 0.339615 0.65027 0.791659 0.350768 0.665506 0.791659 0.354851 0.680741 0.791659 0.350768 0.691894 0.791659 0.339615 0.695976 0.791659 0.32438 0.681933 0.807021 0.352833 0.665506 0.807021 0.357234 0.665506 0.788838 0.385509 0.69607 0.788838 0.377319 0.634941 0.788838 0.377319 0.649078 0.807021 0.352833 0.612567 0.788838 0.354944 0.637053 0.807021 0.340807 0.604377 0.788838 0.32438 0.632651 0.807021 0.32438 0.612567 0.788838 0.293816 0.637053 0.807021 0.307953 0.634941 0.788838 0.271441 0.649078 0.807021 0.295927 0.665506 0.788838 0.263251 0.665506 0.807021 0.291526 0.69607 0.788838 0.271441 0.681933 0.807021 0.295927 0.718445 0.788838 0.293816 0.693959 0.807021 0.307953 0.726634 0.788838 0.32438 0.69836 0.807021 0.32438 0.718445 0.788838 0.354944 0.693959 0.807021 0.340807 0.680741 0.807021 0.297992 0.691894 0.807021 0.309145 0.665506 0.807021 0.293909 0.65027 0.807021 0.297992 0.639117 0.807021 0.309145 0.635035 0.807021 0.32438 0.639117 0.807021 0.339615 0.65027 0.807021 0.350768 0.665506 0.807021 0.354851 0.680741 0.807021 0.350768 0.691894 0.807021 0.339615 0.695976 0.807021 0.32438 0.680741 0.791659 0.297992 0.691894 0.791659 0.309145 0.691894 0.807021 0.309145 0.680741 0.807021 0.297992 0.665506 0.791659 0.293909 0.665506 0.807021 0.293909 0.695976 0.807021 0.32438 0.695976 0.791659 0.32438 0.691894 0.807021 0.339615 0.691894 0.791659 0.339615 0.680741 0.807021 0.350768 0.680741 0.791659 0.350768 0.665506 0.807021 0.354851 0.665506 0.791659 0.354851 0.65027 0.807021 0.350768 0.65027 0.791659 0.350768 0.639117 0.807021 0.339615 0.639117 0.791659 0.339615 0.635035 0.807021 0.32438 0.635035 0.791659 0.32438 0.639117 0.807021 0.309145 0.639117 0.791659 0.309145 0.65027 0.807021 0.297992 0.65027 0.791659 0.297992 0.665506 0.807021 0.293909 0.665506 0.791659 0.293909 0.314758 0.791298 0.144017 0.314758 0.791298 0.113326 0.273684 0.791298 0.113326 0.273684 0.791298 0.144017 0.314758 0.77543 0.159363 0.273684 0.77543 0.159363 0.314758 0.759562 0.144017 0.273684 0.759562 0.144017 0.314758 0.759562 0.113326 0.273684 0.759562 0.113326 0.314758 0.77543 0.09798 0.273684 0.77543 0.09798 0.273684 0.77543 0.09798 0.314758 0.77543 0.09798 0.514798 0.789955 0.191314 0.534247 0.789955 0.176276 0.504623 0.789955 0.137964 0.485174 0.789955 0.153002 0.505073 0.77543 0.198833 0.47545 0.77543 0.160521 0.514798 0.760905 0.191314 0.485174 0.760905 0.153002 0.534247 0.760905 0.176276 0.504623 0.760905 0.137964 0.543971 0.77543 0.168756 0.514348 0.77543 0.130445 0.514348 0.77543 0.130445 0.543971 0.77543 0.168756 0.625618 0.786774 0.330851 0.642054 0.786774 0.317117 0.602975 0.786774 0.270352 0.586539 0.786774 0.284086 0.6174 0.77543 0.337718 0.578321 0.77543 0.290954 0.625618 0.764086 0.330851 0.586539 0.764086 0.284086 0.642054 0.764086 0.317117 0.602975 0.764086 0.270352 0.650272 0.77543 0.310249 0.611193 0.77543 0.263485 0.611193 0.77543 0.263485 0.650272 0.77543 0.310249 0.75097 0.787448 0.334695 0.745932 0.787448 0.302198 0.699929 0.789375 0.30666 0.705774 0.789375 0.34437 0.753488 0.77543 0.350944 0.708697 0.77543 0.363224 0.75097 0.763412 0.334695 0.705774 0.761485 0.34437 0.745932 0.763412 0.302198 0.699929 0.761485 0.30666 0.743414 0.77543 0.28595 0.697007 0.77543 0.287806 0.697007 0.77543 0.287806 0.743414 0.77543 0.28595 0.665506 0.788838 0.385509 0.665506 0.762022 0.385509 0.69607 0.762022 0.377319 0.69607 0.788838 0.377319 0.718445 0.762022 0.354944 0.718445 0.788838 0.354944 0.634941 0.788838 0.377319 0.634941 0.762022 0.377319 0.612567 0.788838 0.354944 0.612567 0.762022 0.354944 0.604377 0.788838 0.32438 0.604377 0.762022 0.32438 0.612567 0.788838 0.293816 0.612567 0.762022 0.293816 0.634941 0.788838 0.271441 0.634941 0.762022 0.271441 0.665506 0.788838 0.263251 0.665506 0.762022 0.263251 0.726634 0.762022 0.32438 0.726634 0.788838 0.32438 0.718445 0.762022 0.293816 0.718445 0.788838 0.293816 0.69607 0.762022 0.271441 0.69607 0.788838 0.271441 0.665506 0.762022 0.263251 0.665506 0.788838 0.263251 -0.392174 0.807795 0.115586 -0.295585 0.81332 0.106789 -0.292161 0.808643 0.077982 -0.392174 0.804381 0.090359 -0.388315 0.804168 0.136167 -0.298779 0.808399 0.133649 -0.377257 0.792022 0.169701 -0.303624 0.794465 0.1744 -0.372217 0.77543 0.181975 -0.305398 0.77543 0.189316 -0.377257 0.758838 0.169701 -0.303624 0.756395 0.1744 -0.388315 0.746692 0.136167 -0.298779 0.742461 0.133649 -0.392174 0.743065 0.115586 -0.295585 0.73754 0.106789 -0.392174 0.746479 0.090359 -0.292161 0.742217 0.077982 -0.517084 0.802882 0.139872 -0.511376 0.801235 0.152262 -0.517084 0.801426 0.11778 -0.517084 0.749434 0.11778 -0.517084 0.747978 0.139872 -0.511376 0.749625 0.152262 -0.478201 0.760531 0.177504 -0.463082 0.77543 0.186744 -0.478201 0.790329 0.177504 -0.517084 0.802882 0.139872 -0.521588 0.77543 0.11778 -0.521588 0.77543 0.131791 -0.517084 0.747978 0.139872 -0.517084 0.749434 0.11778 -0.292161 0.808643 0.077982 -0.295585 0.81332 0.106789 -0.298779 0.808399 0.133649 -0.292161 0.77543 0.077982 -0.303624 0.794465 0.1744 -0.305398 0.77543 0.189316 -0.303624 0.756395 0.1744 -0.298779 0.742461 0.133649 -0.292161 0.742217 0.077982 -0.295585 0.73754 0.106789 -0.292161 0.77543 0.077982 -0.395454 0.77543 0.090359 -0.392174 0.804381 0.090359 -0.292161 0.808643 0.077982 -0.392174 0.746479 0.090359 -0.292161 0.742217 0.077982 -0.517084 0.801426 0.11778 -0.521588 0.77543 0.11778 -0.517084 0.749434 0.11778 -0.521588 0.77543 0.11778 -0.478201 0.790329 0.177504 -0.511376 0.801235 0.152262 -0.474599 0.77543 0.171223 -0.497437 0.77543 0.144171 -0.511376 0.749625 0.152262 -0.478201 0.760531 0.177504 -0.463082 0.77543 0.186744 -0.521588 0.77543 0.131791 -0.517084 0.802882 0.139872 -0.517084 0.747978 0.139872 -0.607253 0.793809 0.277318 -0.51975 0.799679 0.156333 -0.534014 0.796686 0.149393 -0.61796 0.792066 0.265828 -0.602422 0.791944 0.290307 -0.509694 0.796529 0.165156 -0.596654 0.784964 0.315663 -0.500647 0.787612 0.186778 -0.590842 0.77543 0.320035 -0.498567 0.77543 0.196326 -0.596654 0.765896 0.315663 -0.500647 0.763248 0.186778 -0.602422 0.758916 0.290307 -0.509694 0.754331 0.165156 -0.607253 0.757051 0.277318 -0.51975 0.751181 0.156333 -0.61796 0.758794 0.265828 -0.534014 0.754174 0.149393 -0.534014 0.796686 0.149393 -0.51975 0.799679 0.156333 -0.51975 0.77543 0.156333 -0.534014 0.77543 0.149393 -0.534014 0.754174 0.149393 -0.51975 0.751181 0.156333 -0.509694 0.796529 0.165156 -0.509694 0.77543 0.165156 -0.500647 0.787612 0.186778 -0.500647 0.77543 0.186778 -0.500647 0.763248 0.186778 -0.509694 0.754331 0.165156 -0.498567 0.77543 0.196326 -0.534014 0.77543 0.149393 -0.617962 0.77543 0.265832 -0.61796 0.792066 0.265828 -0.534014 0.796686 0.149393 -0.61796 0.758794 0.265828 -0.534014 0.754174 0.149393 -0.61796 0.792066 0.265828 -0.61796 0.775425 0.265828 -0.607253 0.77543 0.277318 -0.607253 0.793809 0.277318 -0.602422 0.77543 0.290307 -0.602422 0.791944 0.290307 -0.596654 0.77543 0.315663 -0.596654 0.784964 0.315663 -0.590842 0.77543 0.320035 -0.596654 0.765896 0.315663 -0.602422 0.758916 0.290307 -0.607253 0.757051 0.277318 -0.61796 0.758794 0.265828 -0.841376 0.801559 0.275304 -0.727795 0.803803 0.29025 -0.707769 0.8003 0.262502 -0.834521 0.798675 0.250864 -0.847171 0.798504 0.295974 -0.737314 0.800118 0.322867 -0.856424 0.788752 0.328998 -0.727266 0.789683 0.364762 -0.859811 0.77543 0.341086 -0.707338 0.77543 0.389766 -0.856424 0.762108 0.328998 -0.727266 0.761177 0.364762 -0.847171 0.752356 0.295974 -0.737314 0.750742 0.322867 -0.841376 0.749301 0.275304 -0.727795 0.747057 0.29025 -0.834521 0.752185 0.250864 -0.707769 0.750559 0.262502 -0.955578 0.785912 0.280054 -0.94847 0.793586 0.254675 -0.944061 0.795932 0.238944 -0.938751 0.793721 0.22001 -0.938751 0.757139 0.22001 -0.944061 0.754928 0.238944 -0.94847 0.757274 0.254675 -0.955578 0.764947 0.280054 -0.958179 0.77543 0.289344 -1.03995 0.787433 0.205101 -1.03723 0.788909 0.195378 -1.16417 0.77543 0.128637 -1.03382 0.787522 0.183238 -1.04443 0.78236 0.221107 -1.04607 0.77543 0.226966 -1.04443 0.7685 0.221107 -1.03995 0.763427 0.205101 -1.03723 0.76195 0.195378 -1.03382 0.763338 0.183238 -0.707769 0.8003 0.262502 -0.727795 0.803803 0.29025 -0.727795 0.77543 0.29025 -0.707769 0.77543 0.262502 -0.707769 0.750559 0.262502 -0.727795 0.747057 0.29025 -0.737314 0.800118 0.322867 -0.737314 0.77543 0.322867 -0.727266 0.789683 0.364762 -0.727266 0.77543 0.364762 -0.707338 0.77543 0.389766 -0.727266 0.761177 0.364762 -0.737314 0.750742 0.322867 -0.707769 0.77543 0.262502 -0.834524 0.77543 0.250863 -0.834521 0.798675 0.250864 -0.707769 0.8003 0.262502 -0.834521 0.752185 0.250864 -0.707769 0.750559 0.262502 -0.938751 0.793721 0.22001 -0.938753 0.77543 0.220009 -0.938751 0.757139 0.22001 -1.03382 0.787522 0.183238 -1.03383 0.77543 0.183237 -1.16417 0.77543 0.128637 -1.03382 0.763338 0.183238 -0.680741 0.759201 0.297992 -0.665506 0.759201 0.32438 -0.691894 0.759201 0.309145 -0.665506 0.759201 0.293909 -0.65027 0.759201 0.297992 -0.639117 0.759201 0.309145 -0.635035 0.759201 0.32438 -0.639117 0.759201 0.339615 -0.65027 0.759201 0.350768 -0.665506 0.759201 0.354851 -0.680741 0.759201 0.350768 -0.691894 0.759201 0.339615 -0.695976 0.759201 0.32438 -0.665506 0.743839 0.357234 -0.665506 0.762022 0.385509 -0.69607 0.762022 0.377319 -0.681933 0.743839 0.352833 -0.649078 0.743839 0.352833 -0.634941 0.762022 0.377319 -0.637053 0.743839 0.340807 -0.612567 0.762022 0.354944 -0.632651 0.743839 0.32438 -0.604377 0.762022 0.32438 -0.637053 0.743839 0.307953 -0.612567 0.762022 0.293816 -0.649078 0.743839 0.295927 -0.634941 0.762022 0.271441 -0.665506 0.743839 0.291526 -0.665506 0.762022 0.263251 -0.681933 0.743839 0.295927 -0.69607 0.762022 0.271441 -0.693959 0.743839 0.307953 -0.718445 0.762022 0.293816 -0.69836 0.743839 0.32438 -0.726634 0.762022 0.32438 -0.693959 0.743839 0.340807 -0.718445 0.762022 0.354944 -0.680741 0.743839 0.297992 -0.691894 0.743839 0.309145 -0.665506 0.743839 0.293909 -0.65027 0.743839 0.297992 -0.639117 0.743839 0.309145 -0.635035 0.743839 0.32438 -0.639117 0.743839 0.339615 -0.65027 0.743839 0.350768 -0.665506 0.743839 0.354851 -0.680741 0.743839 0.350768 -0.691894 0.743839 0.339615 -0.695976 0.743839 0.32438 -0.680741 0.759201 0.297992 -0.691894 0.759201 0.309145 -0.691894 0.743839 0.309145 -0.680741 0.743839 0.297992 -0.665506 0.759201 0.293909 -0.665506 0.743839 0.293909 -0.695976 0.743839 0.32438 -0.695976 0.759201 0.32438 -0.691894 0.743839 0.339615 -0.691894 0.759201 0.339615 -0.680741 0.743839 0.350768 -0.680741 0.759201 0.350768 -0.665506 0.743839 0.354851 -0.665506 0.759201 0.354851 -0.65027 0.743839 0.350768 -0.65027 0.759201 0.350768 -0.639117 0.743839 0.339615 -0.639117 0.759201 0.339615 -0.635035 0.743839 0.32438 -0.635035 0.759201 0.32438 -0.639117 0.743839 0.309145 -0.639117 0.759201 0.309145 -0.65027 0.743839 0.297992 -0.65027 0.759201 0.297992 -0.665506 0.743839 0.293909 -0.665506 0.759201 0.293909 -0.665506 0.791659 0.32438 -0.680741 0.791659 0.297992 -0.691894 0.791659 0.309145 -0.665506 0.791659 0.293909 -0.65027 0.791659 0.297992 -0.639117 0.791659 0.309145 -0.635035 0.791659 0.32438 -0.639117 0.791659 0.339615 -0.65027 0.791659 0.350768 -0.665506 0.791659 0.354851 -0.680741 0.791659 0.350768 -0.691894 0.791659 0.339615 -0.695976 0.791659 0.32438 -0.681933 0.807021 0.352833 -0.69607 0.788838 0.377319 -0.665506 0.788838 0.385509 -0.665506 0.807021 0.357234 -0.634941 0.788838 0.377319 -0.649078 0.807021 0.352833 -0.612567 0.788838 0.354944 -0.637053 0.807021 0.340807 -0.604377 0.788838 0.32438 -0.632651 0.807021 0.32438 -0.612567 0.788838 0.293816 -0.637053 0.807021 0.307953 -0.634941 0.788838 0.271441 -0.649078 0.807021 0.295927 -0.665506 0.788838 0.263251 -0.665506 0.807021 0.291526 -0.69607 0.788838 0.271441 -0.681933 0.807021 0.295927 -0.718445 0.788838 0.293816 -0.693959 0.807021 0.307953 -0.726634 0.788838 0.32438 -0.69836 0.807021 0.32438 -0.718445 0.788838 0.354944 -0.693959 0.807021 0.340807 -0.680741 0.807021 0.297992 -0.691894 0.807021 0.309145 -0.665506 0.807021 0.293909 -0.65027 0.807021 0.297992 -0.691894 0.807021 0.339615 -0.680741 0.807021 0.350768 -0.665506 0.807021 0.354851 -0.65027 0.807021 0.350768 -0.639117 0.807021 0.339615 -0.635035 0.807021 0.32438 -0.639117 0.807021 0.309145 -0.695976 0.807021 0.32438 -0.680741 0.791659 0.297992 -0.680741 0.807021 0.297992 -0.691894 0.807021 0.309145 -0.691894 0.791659 0.309145 -0.665506 0.791659 0.293909 -0.665506 0.807021 0.293909 -0.695976 0.807021 0.32438 -0.695976 0.791659 0.32438 -0.691894 0.807021 0.339615 -0.691894 0.791659 0.339615 -0.680741 0.807021 0.350768 -0.680741 0.791659 0.350768 -0.665506 0.807021 0.354851 -0.665506 0.791659 0.354851 -0.65027 0.807021 0.350768 -0.65027 0.791659 0.350768 -0.639117 0.807021 0.339615 -0.639117 0.791659 0.339615 -0.635035 0.807021 0.32438 -0.635035 0.791659 0.32438 -0.639117 0.807021 0.309145 -0.639117 0.791659 0.309145 -0.65027 0.807021 0.297992 -0.65027 0.791659 0.297992 -0.665506 0.807021 0.293909 -0.665506 0.791659 0.293909 -0.314758 0.791298 0.144017 -0.273684 0.791298 0.144017 -0.273684 0.791298 0.113326 -0.314758 0.791298 0.113326 -0.314758 0.77543 0.159363 -0.273684 0.77543 0.159363 -0.314758 0.759562 0.144017 -0.273684 0.759562 0.144017 -0.314758 0.759562 0.113326 -0.273684 0.759562 0.113326 -0.314758 0.77543 0.09798 -0.273684 0.77543 0.09798 -0.273684 0.77543 0.09798 -0.314758 0.77543 0.09798 -0.514798 0.789955 0.191314 -0.485174 0.789955 0.153002 -0.504623 0.789955 0.137964 -0.534247 0.789955 0.176276 -0.505073 0.77543 0.198833 -0.47545 0.77543 0.160521 -0.514798 0.760905 0.191314 -0.485174 0.760905 0.153002 -0.534247 0.760905 0.176276 -0.504623 0.760905 0.137964 -0.543971 0.77543 0.168756 -0.514348 0.77543 0.130445 -0.514348 0.77543 0.130445 -0.543971 0.77543 0.168756 -0.625618 0.786774 0.330851 -0.586539 0.786774 0.284086 -0.602975 0.786774 0.270352 -0.642054 0.786774 0.317117 -0.6174 0.77543 0.337718 -0.578321 0.77543 0.290954 -0.625618 0.764086 0.330851 -0.586539 0.764086 0.284086 -0.642054 0.764086 0.317117 -0.602975 0.764086 0.270352 -0.650272 0.77543 0.310249 -0.611193 0.77543 0.263485 -0.611193 0.77543 0.263485 -0.650272 0.77543 0.310249 -0.75097 0.787448 0.334695 -0.705774 0.789375 0.34437 -0.699929 0.789375 0.30666 -0.745933 0.787448 0.302198 -0.753488 0.77543 0.350944 -0.708697 0.77543 0.363224 -0.75097 0.763412 0.334695 -0.705774 0.761485 0.34437 -0.745933 0.763412 0.302198 -0.699929 0.761485 0.30666 -0.743414 0.77543 0.28595 -0.697007 0.77543 0.287806 -0.697007 0.77543 0.287806 -0.743414 0.77543 0.28595 -0.665506 0.788838 0.385509 -0.69607 0.788838 0.377319 -0.69607 0.762022 0.377319 -0.665506 0.762022 0.385509 -0.718445 0.762022 0.354944 -0.718445 0.788838 0.354944 -0.634941 0.788838 0.377319 -0.634941 0.762022 0.377319 -0.612567 0.788838 0.354944 -0.612567 0.762022 0.354944 -0.604377 0.788838 0.32438 -0.604377 0.762022 0.32438 -0.612567 0.788838 0.293816 -0.612567 0.762022 0.293816 -0.634941 0.788838 0.271441 -0.634941 0.762022 0.271441 -0.665506 0.788838 0.263251 -0.665506 0.762022 0.263251 -0.726634 0.762022 0.32438 -0.726634 0.788838 0.32438 -0.718445 0.762022 0.293816 -0.718445 0.788838 0.293816 -0.69607 0.762022 0.271441 -0.69607 0.788838 0.271441 -0.665506 0.762022 0.263251 -0.665506 0.788838 0.263251 0.161867 0.375293 -0.104464 0.166705 0.352246 -0.093987 0.1209 0.370726 -0.091365 0.165672 0.4108 -0.072952 0.161439 0.399547 -0.095751 0.136569 0.415616 -0.088614 0.13516 0.425106 -0.064692 0.172086 0.40246 -0.049422 0.127261 0.416003 -0.041909 0.176924 0.379413 -0.038946 0.117498 0.393639 -0.033611 0.177352 0.355159 -0.047659 0.111591 0.371114 -0.044659 0.173119 0.343907 -0.070457 0.113 0.361623 -0.068582 0.113 0.361623 -0.068582 0.235509 0.330203 -0.03848 0.241416 0.352728 -0.027432 0.251179 0.375093 -0.03573 0.259079 0.384196 -0.058513 0.260488 0.374705 -0.082435 0.254581 0.35218 -0.093483 0.173119 0.343907 -0.070457 0.244818 0.329816 -0.085185 0.236918 0.320713 -0.062403 0.236918 0.320713 -0.062403 -0.161867 0.375293 -0.104464 -0.130662 0.393091 -0.099662 -0.1209 0.370726 -0.091365 -0.166705 0.352246 -0.093987 -0.161439 0.399547 -0.095751 -0.165672 0.4108 -0.072952 -0.13516 0.425106 -0.064692 -0.136569 0.415616 -0.088614 -0.172086 0.40246 -0.049422 -0.127261 0.416003 -0.041909 -0.176924 0.379413 -0.038946 -0.117498 0.393639 -0.033611 -0.177352 0.355159 -0.047659 -0.111591 0.371114 -0.044659 -0.173119 0.343907 -0.070457 -0.113 0.361623 -0.068582 -0.113 0.361623 -0.068582 -0.173119 0.343907 -0.070457 -0.236918 0.320713 -0.062403 -0.235509 0.330203 -0.03848 -0.259079 0.384196 -0.058512 -0.260488 0.374705 -0.082435 -0.251179 0.375093 -0.03573 -0.241416 0.352728 -0.027432 -0.236918 0.320713 -0.062403 -0.244818 0.329816 -0.085185 -0.254581 0.35218 -0.093483 0.282888 0.25961 0.012323 0.306716 0.267279 0.019442 0.294839 0.240951 0.102361 0.279303 0.227749 0.094804 0.258081 0.257394 0.008809 0.258081 0.222186 0.09162 0.233273 0.25961 0.012323 0.236858 0.227748 0.094804 0.209446 0.267279 0.019442 0.221322 0.240951 0.102361 0.207782 0.279813 -0.007752 0.229577 0.268233 -0.037 0.258081 0.262924 -0.049079 0.286585 0.268233 -0.037 0.308379 0.279813 -0.007752 0.197251 0.330473 0.076021 0.191165 0.286156 0.034955 0.201618 0.255804 0.110863 0.20848 0.293188 0.13522 0.211115 0.239495 0.098338 0.201247 0.262283 0.027445 0.191462 0.339438 0.063607 0.187194 0.291302 0.012942 0.18455 0.378935 -0.003386 0.183245 0.321862 -0.036455 0.166611 0.414807 -0.066698 0.164987 0.357119 -0.099478 0.17526 0.439886 -0.114126 0.17379 0.385777 -0.144765 0.216047 0.408886 -0.189042 0.217507 0.46108 -0.162707 0.258081 0.466501 -0.172179 0.258081 0.415967 -0.201413 0.300115 0.408886 -0.189042 0.298655 0.46108 -0.162707 0.340901 0.439886 -0.114126 0.342371 0.385777 -0.144765 0.34955 0.414807 -0.066698 0.351174 0.357119 -0.099478 0.331611 0.378935 -0.003386 0.332916 0.321862 -0.036455 0.32176 0.282399 -0.064857 0.337296 0.314702 -0.123757 0.300812 0.276221 -0.145783 0.299491 0.31892 -0.183032 0.258081 0.307638 -0.18949 0.258081 0.374752 -0.211908 0.298655 0.366012 -0.196638 0.329805 0.344963 -0.166977 0.217507 0.366012 -0.196638 0.21667 0.31892 -0.183032 0.186356 0.349745 -0.165389 0.21535 0.276221 -0.145783 0.178866 0.314702 -0.123757 0.258081 0.264338 -0.152584 0.22373 0.265175 -0.078333 0.194401 0.282399 -0.064857 0.258081 0.253622 -0.084945 0.292431 0.265175 -0.078333 0.199303 0.266484 -0.010349 0.224771 0.255986 -0.051563 0.258081 0.249642 -0.065434 0.29139 0.255986 -0.051563 0.316859 0.266484 -0.010349 0.328967 0.291302 0.012942 0.324699 0.339437 0.063607 0.324996 0.286156 0.034955 0.314915 0.262283 0.027445 0.314543 0.255804 0.110863 0.307681 0.293188 0.13522 0.31891 0.330473 0.076021 0.305046 0.239495 0.098338 0.197361 0.403442 0.008471 0.187967 0.373399 -0.008323 0.196431 0.337743 0.061096 0.204691 0.363981 0.062149 0.222052 0.434432 0.026209 0.227256 0.39019 0.069095 0.258081 0.445984 0.032821 0.258081 0.399783 0.071637 0.294109 0.434432 0.026209 0.288905 0.39019 0.069095 0.318801 0.403442 0.008471 0.311471 0.363981 0.062149 0.328194 0.373399 -0.008323 0.31973 0.337743 0.061096 0.182547 0.4369 -0.047131 0.170862 0.405628 -0.06527 0.188326 0.46075 -0.099073 0.214535 0.491574 -0.081429 0.219392 0.478549 -0.130169 0.258081 0.502857 -0.074971 0.258081 0.486824 -0.144627 0.296769 0.478549 -0.130169 0.301626 0.491574 -0.081429 0.327836 0.46075 -0.099073 0.219392 0.454566 -0.160404 0.177535 0.431448 -0.116177 0.258081 0.45934 -0.172555 0.296769 0.454566 -0.160404 0.338627 0.431448 -0.116178 0.302899 0.470917 -0.02766 0.333614 0.4369 -0.047131 0.258081 0.482799 -0.020859 0.213263 0.470917 -0.02766 0.3453 0.405628 -0.06527 0.196431 0.337743 0.061096 0.258081 0.337743 0.061096 0.204691 0.363981 0.062149 0.227256 0.39019 0.069095 0.258081 0.399783 0.071637 0.288905 0.39019 0.069095 0.311471 0.363981 0.062149 0.31973 0.337743 0.061096 0.258081 0.291503 0.137558 0.258081 0.33499 0.065885 0.197251 0.330473 0.076021 0.20848 0.293188 0.13522 0.307681 0.293188 0.13522 0.31891 0.330473 0.076021 0.191462 0.339438 0.063607 0.258081 0.346066 0.049699 0.18455 0.378935 -0.003386 0.258081 0.38189 -0.010309 0.166611 0.414807 -0.066698 0.258081 0.412477 -0.064477 0.17526 0.439886 -0.114126 0.258081 0.430171 -0.098306 0.217507 0.46108 -0.162707 0.258081 0.451008 -0.146858 0.258081 0.466501 -0.172179 0.34955 0.414807 -0.066698 0.340901 0.439886 -0.114126 0.258081 0.451008 -0.146858 0.298655 0.46108 -0.162707 0.331611 0.378935 -0.003386 0.324699 0.339437 0.063607 0.294839 0.240951 0.102361 0.306716 0.267279 0.019442 0.314915 0.262283 0.027445 0.305046 0.239495 0.098338 0.316859 0.266484 -0.010349 0.308379 0.279813 -0.007752 0.29139 0.255986 -0.051563 0.286585 0.268233 -0.037 0.258081 0.249642 -0.065434 0.258081 0.262924 -0.049079 0.224771 0.255986 -0.051563 0.229577 0.268233 -0.037 0.199303 0.266484 -0.010349 0.207782 0.279813 -0.007752 0.201247 0.262283 0.027445 0.209446 0.267279 0.019442 0.209446 0.267279 0.019442 0.221322 0.240951 0.102361 0.211115 0.239495 0.098338 0.201247 0.262283 0.027445 0.288901 0.286326 0.167254 0.298349 0.274054 0.16023 0.322997 0.299904 0.136105 0.307765 0.319688 0.147429 0.27476 0.294526 0.171948 0.28497 0.332907 0.154995 0.258081 0.297405 0.173596 0.258081 0.337549 0.157652 0.241401 0.294526 0.171948 0.231192 0.332907 0.154995 0.227261 0.286326 0.167254 0.208396 0.319688 0.147429 0.217813 0.274054 0.16023 0.193165 0.299904 0.136105 0.214495 0.259577 0.151944 0.187816 0.276567 0.122747 0.217812 0.245101 0.143658 0.193165 0.253231 0.10939 0.227261 0.232829 0.136634 0.208396 0.233447 0.098065 0.241401 0.224629 0.13194 0.231191 0.220227 0.090499 0.258081 0.22175 0.130292 0.258081 0.215585 0.087842 0.27476 0.224629 0.13194 0.28497 0.220227 0.090499 0.288901 0.232829 0.136634 0.307765 0.233447 0.098065 0.298349 0.245101 0.143658 0.322997 0.25323 0.10939 0.301667 0.259577 0.151944 0.328345 0.276567 0.122747 0.243756 0.229563 0.134765 0.258081 0.22709 0.133349 0.272405 0.229563 0.134765 0.284549 0.236606 0.138796 0.292664 0.247145 0.144828 0.295513 0.259578 0.151944 0.292664 0.272009 0.15906 0.284549 0.282549 0.165093 0.272405 0.289592 0.169124 0.258081 0.292064 0.170539 0.243756 0.289592 0.169124 0.231612 0.282549 0.165093 0.223498 0.27201 0.15906 0.220648 0.259577 0.151944 0.223498 0.247145 0.144828 0.231612 0.236606 0.138796 0.322997 0.299904 0.136105 0.258081 0.276567 0.122747 0.307765 0.319688 0.147429 0.28497 0.332907 0.154995 0.258081 0.337549 0.157652 0.231192 0.332907 0.154995 0.208396 0.319688 0.147429 0.193165 0.299904 0.136105 0.187816 0.276567 0.122747 0.193165 0.253231 0.10939 0.208396 0.233447 0.098065 0.231191 0.220227 0.090499 0.258081 0.215585 0.087842 0.28497 0.220227 0.090499 0.307765 0.233447 0.098065 0.322997 0.25323 0.10939 0.328345 0.276567 0.122747 0.283969 0.290843 0.149435 0.258081 0.269389 0.135289 0.291906 0.280535 0.143535 0.272092 0.297731 0.153378 0.258081 0.30015 0.154762 0.24407 0.297731 0.153378 0.232192 0.290843 0.149435 0.224255 0.280535 0.143535 0.221468 0.268375 0.136575 0.224255 0.256215 0.129615 0.232192 0.245906 0.123714 0.24407 0.239018 0.119772 0.258081 0.236599 0.118387 0.272092 0.239018 0.119772 0.28397 0.245906 0.123714 0.291906 0.256215 0.129615 0.294693 0.268375 0.136575 0.283969 0.290843 0.149435 0.291906 0.280535 0.143535 0.292664 0.272009 0.15906 0.284549 0.282549 0.165093 0.272092 0.297731 0.153378 0.272405 0.289592 0.169124 0.258081 0.30015 0.154762 0.258081 0.292064 0.170539 0.295513 0.259578 0.151944 0.294693 0.268375 0.136575 0.292664 0.247145 0.144828 0.291906 0.256215 0.129615 0.284549 0.236606 0.138796 0.28397 0.245906 0.123714 0.272405 0.229563 0.134765 0.272092 0.239018 0.119772 0.258081 0.22709 0.133349 0.258081 0.236599 0.118387 0.243756 0.229563 0.134765 0.24407 0.239018 0.119772 0.231612 0.236606 0.138796 0.232192 0.245906 0.123714 0.223498 0.247145 0.144828 0.224255 0.256215 0.129615 0.220648 0.259577 0.151944 0.221468 0.268375 0.136575 0.223498 0.27201 0.15906 0.224255 0.280535 0.143535 0.231612 0.282549 0.165093 0.232192 0.290843 0.149435 0.243756 0.289592 0.169124 0.24407 0.297731 0.153378 0.258081 0.292064 0.170539 0.258081 0.30015 0.154762 0.219776 0.356134 0.044976 0.21385 0.345435 0.041812 0.21385 0.290832 0.133872 0.219776 0.301531 0.137036 0.235965 0.373256 0.054776 0.235965 0.318654 0.146837 0.258081 0.379524 0.058364 0.258081 0.324921 0.150424 0.280196 0.373256 0.054776 0.280196 0.318654 0.146837 0.296386 0.356134 0.044976 0.296386 0.301531 0.137036 0.302312 0.345435 0.041812 0.302312 0.290832 0.133872 0.283736 0.111956 0.071474 0.258081 0.108847 0.079785 0.258081 0.077481 0.075089 0.284508 0.074817 0.064333 0.299583 0.110879 0.03916 0.310228 0.062728 0.034114 0.304017 0.143837 0.045839 0.286183 0.144478 0.081928 0.317619 0.187759 0.067167 0.294162 0.181947 0.093512 0.258081 0.14137 0.09413 0.258081 0.178667 0.107376 0.294162 0.204115 0.098854 0.317619 0.213573 0.071629 0.303352 0.236206 0.07988 0.287818 0.215145 0.102572 0.258081 0.198876 0.112752 0.258081 0.206745 0.115281 0.332097 0.200807 0.016126 0.332097 0.225801 0.016847 0.308605 0.244735 0.057582 0.221999 0.181947 0.093512 0.229978 0.144478 0.081928 0.198542 0.187759 0.067167 0.212144 0.143837 0.045839 0.232425 0.111956 0.071474 0.216578 0.110879 0.03916 0.231653 0.074817 0.064333 0.205933 0.062728 0.034114 0.228344 0.215145 0.102572 0.222 0.204115 0.098854 0.212809 0.236206 0.07988 0.198542 0.213573 0.071629 0.184064 0.200807 0.016126 0.184064 0.225801 0.016847 0.207556 0.244735 0.057581 0.303676 0.110906 0.012582 0.299583 0.110879 0.03916 0.310228 0.062728 0.034114 0.315391 0.062728 0.009825 0.303804 0.143837 0.011642 0.304017 0.143837 0.045839 0.332097 0.200807 0.016126 0.321803 0.202814 -0.021934 0.301511 0.166537 -0.00715 0.294731 0.201852 -0.051644 0.288404 0.173426 -0.029484 0.258081 0.20161 -0.063962 0.258081 0.171699 -0.039951 0.321803 0.233989 -0.016939 0.294731 0.236894 -0.041893 0.284218 0.255656 -0.01982 0.258081 0.255656 -0.030032 0.258081 0.237136 -0.054211 0.303352 0.255656 0.00808 0.332097 0.225801 0.016847 0.308605 0.244735 0.057582 0.227757 0.173426 -0.029484 0.22143 0.201852 -0.051644 0.214651 0.166537 -0.00715 0.194358 0.202814 -0.021934 0.212358 0.143837 0.011642 0.184064 0.200807 0.016126 0.212144 0.143837 0.045839 0.216578 0.110879 0.03916 0.212485 0.110906 0.012582 0.205933 0.062728 0.034114 0.20077 0.062728 0.009825 0.22143 0.236894 -0.046193 0.231943 0.255656 -0.01982 0.194358 0.233989 -0.016939 0.212809 0.255656 0.00808 0.184064 0.225801 0.016847 0.207556 0.244735 0.057581 0.258081 0.071017 0.009939 0.258081 0.110906 0.012582 0.303676 0.110906 0.012582 0.315391 0.062728 0.009825 0.303804 0.143837 0.011642 0.258081 0.154371 0.018472 0.301511 0.166537 -0.00715 0.258081 0.170076 0.002287 0.288404 0.173426 -0.029484 0.258081 0.171699 -0.039951 0.20077 0.062728 0.009825 0.212485 0.110906 0.012582 0.214651 0.166537 -0.00715 0.227757 0.173426 -0.029484 0.212358 0.143837 0.011642 0.284218 0.255656 -0.01982 0.258081 0.233345 0.045573 0.303352 0.255656 0.00808 0.258081 0.255656 -0.030032 0.308605 0.244735 0.057582 0.303352 0.236206 0.07988 0.287818 0.215145 0.102572 0.258081 0.206745 0.115281 0.231943 0.255656 -0.01982 0.212809 0.255656 0.00808 0.228344 0.215145 0.102572 0.212809 0.236206 0.07988 0.207556 0.244735 0.057581 0.258081 0.077481 0.075089 0.258081 0.085881 0.039181 0.284508 0.074817 0.064333 0.310228 0.062728 0.034114 0.315391 0.062728 0.009825 0.231653 0.074817 0.064333 0.205933 0.062728 0.034114 0.20077 0.062728 0.009825 0.258081 0.071017 0.009939 0.279506 0.177913 -0.026538 0.29519 0.177913 -0.008051 0.29519 0.080085 0.001475 0.279506 0.080085 -0.017012 0.258081 0.177913 -0.033305 0.258081 0.080085 -0.023778 0.236655 0.177913 -0.026538 0.236655 0.080085 -0.017012 0.220971 0.177913 -0.008051 0.220971 0.080085 0.001474 0.21523 0.177913 0.017202 0.21523 0.080085 0.026729 0.300931 0.080085 0.026729 0.300931 0.177913 0.017202 0.248514 0.210233 -0.045944 0.267647 0.210233 -0.045944 0.267647 0.181933 -0.090605 0.248514 0.181933 -0.090605 0.238948 0.196237 -0.037075 0.238948 0.167937 -0.081736 0.277213 0.167937 -0.081736 0.277213 0.196237 -0.037075 0.267647 0.153942 -0.072868 0.267647 0.182242 -0.028206 0.248514 0.153942 -0.072868 0.248514 0.182242 -0.028206 0.238948 0.167937 -0.081736 0.238948 0.196237 -0.037075 0.238948 0.167937 -0.081736 0.248514 0.181933 -0.090605 0.248514 0.153942 -0.072868 0.267647 0.153942 -0.072868 0.277213 0.167937 -0.081736 0.267647 0.181933 -0.090605 0.163768 0.101848 0.021281 0.163768 0.086239 0.036889 0.352393 0.086239 0.03689 0.352393 0.101848 0.021281 0.163768 0.107561 -0.000039 0.352393 0.107561 -0.000039 0.163768 0.101848 -0.02136 0.352393 0.101848 -0.02136 0.163768 0.086239 -0.036969 0.352393 0.086239 -0.036969 0.163768 0.064918 -0.042682 0.352393 0.064918 -0.042682 0.163768 0.043597 -0.036969 0.352393 0.043597 -0.036969 0.163769 0.027988 -0.02136 0.352393 0.027988 -0.02136 0.163768 0.022275 -0.000039 0.352393 0.022275 -0.000039 0.163768 0.027988 0.021281 0.163768 0.022275 -0.000039 0.352393 0.022275 -0.000039 0.352393 0.027988 0.021281 0.163768 0.043596 0.03689 0.352393 0.043597 0.03689 0.163769 0.064918 0.042603 0.352393 0.064918 0.042603 0.351291 0.076177 0.019462 0.351291 0.064918 -0.000039 0.351291 0.08442 0.011219 0.351291 0.087437 -0.000039 0.351291 0.08442 -0.011298 0.351291 0.076177 -0.01954 0.351291 0.064918 -0.022558 0.351291 0.053659 -0.019541 0.351291 0.045416 -0.011298 0.351291 0.0424 -0.000039 0.351291 0.045416 0.011219 0.351291 0.053659 0.019461 0.351291 0.064918 0.022479 0.360066 0.078309 0.023154 0.360066 0.088112 0.013351 0.352393 0.101848 0.021281 0.352393 0.086239 0.03689 0.352393 0.107561 -0.000039 0.360066 0.0917 -0.000039 0.352393 0.101848 -0.02136 0.360066 0.088112 -0.01343 0.352393 0.086239 -0.036969 0.360066 0.078309 -0.023233 0.352393 0.064918 -0.042682 0.360066 0.064918 -0.026821 0.352393 0.043597 -0.036969 0.360066 0.051527 -0.023233 0.352393 0.027988 -0.02136 0.360066 0.041724 -0.01343 0.352393 0.022275 -0.000039 0.360066 0.038136 -0.000039 0.352393 0.027988 0.021281 0.360066 0.041724 0.013351 0.352393 0.043597 0.03689 0.360066 0.051527 0.023154 0.352393 0.064918 0.042603 0.360066 0.064918 0.026742 0.351291 0.076177 0.019462 0.351291 0.08442 0.011219 0.360066 0.088112 0.013351 0.360066 0.078309 0.023154 0.360066 0.0917 -0.000039 0.351291 0.087437 -0.000039 0.360066 0.088112 -0.01343 0.351291 0.08442 -0.011298 0.360066 0.078309 -0.023233 0.351291 0.076177 -0.01954 0.360066 0.064918 -0.026821 0.351291 0.064918 -0.022558 0.360066 0.051527 -0.023233 0.351291 0.053659 -0.019541 0.360066 0.041724 -0.01343 0.351291 0.045416 -0.011298 0.360066 0.038136 -0.000039 0.351291 0.0424 -0.000039 0.360066 0.041724 0.013351 0.351291 0.045416 0.011219 0.360066 0.051527 0.023154 0.351291 0.053659 0.019461 0.360066 0.064918 0.026742 0.351291 0.064918 0.022479 0.16487 0.064918 -0.000039 0.16487 0.076177 0.019462 0.16487 0.08442 0.011219 0.16487 0.087437 -0.000039 0.16487 0.08442 -0.011298 0.16487 0.076177 -0.019541 0.16487 0.064918 -0.022558 0.16487 0.053659 -0.019541 0.16487 0.045416 -0.011298 0.16487 0.0424 -0.000039 0.16487 0.045416 0.011219 0.16487 0.053659 0.019461 0.16487 0.064918 0.022479 0.156095 0.078309 0.023154 0.163768 0.086239 0.036889 0.163768 0.101848 0.021281 0.156095 0.088112 0.013351 0.163768 0.107561 -0.000039 0.156095 0.0917 -0.000039 0.163768 0.101848 -0.02136 0.156095 0.088112 -0.01343 0.163768 0.086239 -0.036969 0.156095 0.078309 -0.023233 0.163768 0.064918 -0.042682 0.156095 0.064918 -0.026821 0.163768 0.043597 -0.036969 0.156095 0.051527 -0.023233 0.163769 0.027988 -0.02136 0.156095 0.041724 -0.01343 0.163768 0.022275 -0.000039 0.156095 0.038136 -0.000039 0.163768 0.027988 0.021281 0.156095 0.041724 0.013351 0.163768 0.043596 0.03689 0.156095 0.051527 0.023154 0.163769 0.064918 0.042603 0.156095 0.064918 0.026742 0.16487 0.076177 0.019462 0.156095 0.078309 0.023154 0.156095 0.088112 0.013351 0.16487 0.08442 0.011219 0.156095 0.0917 -0.000039 0.16487 0.087437 -0.000039 0.156095 0.088112 -0.01343 0.16487 0.08442 -0.011298 0.156095 0.078309 -0.023233 0.16487 0.076177 -0.019541 0.156095 0.064918 -0.026821 0.16487 0.064918 -0.022558 0.156095 0.051527 -0.023233 0.16487 0.053659 -0.019541 0.156095 0.041724 -0.01343 0.16487 0.045416 -0.011298 0.156095 0.038136 -0.000039 0.16487 0.0424 -0.000039 0.156095 0.041724 0.013351 0.16487 0.045416 0.011219 0.156095 0.051527 0.023154 0.16487 0.053659 0.019461 0.156095 0.064918 0.026742 0.16487 0.064918 0.022479 0.2319 -0.000000 0.22433 0.217088 0 0.147731 0.299073 0 0.147731 0.284261 0 0.22433 0.258081 0.000000 0.300928 0.217088 0 0.147731 0.229406 0.047253 0.147731 0.286756 0.047253 0.147731 0.299073 0 0.147731 0.25808 0.077939 0.147731 0.239767 0.03087 0.22433 0.229406 0.047253 0.147731 0.217088 0 0.147731 0.2319 -0.000000 0.22433 0.258081 0.050806 0.22433 0.258081 0.000000 0.300928 0.25808 0.077939 0.147731 0.276395 0.030871 0.22433 0.286756 0.047253 0.147731 0.284261 0 0.22433 0.299073 0 0.147731 0.231529 0.001968 0.161468 0.230458 0.001969 0.146502 0.285703 0.001969 0.146502 0.284632 0.001968 0.161468 0.288915 0.001969 0.101605 0.227247 0.001969 0.101605 0.227247 0.001969 0.101605 0.236511 0.043915 0.101605 0.27965 0.043915 0.101605 0.288915 0.001969 0.101605 0.258081 0.066996 0.101605 0.239507 0.03939 0.161468 0.238758 0.040521 0.146502 0.230458 0.001969 0.146502 0.231529 0.001968 0.161468 0.258081 0.059609 0.161468 0.258081 0.061455 0.146502 0.276654 0.03939 0.161468 0.277403 0.040521 0.146502 0.284632 0.001968 0.161468 0.285703 0.001969 0.146502 0.236511 0.043915 0.101605 0.258081 0.066996 0.101605 0.227247 0.001969 0.101605 0.27965 0.043915 0.101605 0.288915 0.001969 0.101605 0.239437 0.010344 0.110467 0.23518 0.010344 0.080336 0.280982 0.010344 0.080336 0.276724 0.010344 0.110467 0.2834 0.026069 0.053432 0.232761 0.026069 0.053432 0.284311 0.029537 0.018921 0.231851 0.029537 0.018921 0.245039 0.038126 0.110467 0.242061 0.038877 0.087674 0.23518 0.010344 0.080336 0.239437 0.010344 0.110467 0.258081 0.053136 0.110467 0.258081 0.054443 0.091677 0.271122 0.038126 0.110467 0.2741 0.038877 0.087674 0.276724 0.010344 0.110467 0.280982 0.010344 0.080336 0.258081 0.071319 0.065788 0.275792 0.055301 0.061414 0.240369 0.055301 0.061414 0.232761 0.026069 0.053432 0.2834 0.026069 0.053432 0.258081 0.074346 0.031665 0.276429 0.057211 0.039103 0.239732 0.057211 0.039103 0.231851 0.029537 0.018921 0.284311 0.029537 0.018921 0.324982 -0.000000 0.217854 0.299049 0 0.144272 0.380139 0.000000 0.132195 0.376773 0 0.21014 0.362161 0 0.289759 0.299049 0 0.144272 0.311232 0.047253 0.142458 0.367956 0.047253 0.13401 0.380139 0.000000 0.132195 0.339594 0.077939 0.138234 0.332763 0.030871 0.216695 0.311232 0.047253 0.142458 0.299049 0 0.144272 0.324982 -0.000000 0.217854 0.350877 0.050806 0.213997 0.362161 0 0.289759 0.339594 0.077939 0.138234 0.368992 0.03087 0.211299 0.367956 0.047253 0.13401 0.376773 0 0.21014 0.380139 0.000000 0.132195 0.315356 0.001969 0.155732 0.312092 0.001969 0.141087 0.366733 0.001969 0.132949 0.367879 0.001969 0.147909 0.363297 0.001969 0.088068 0.302301 0.001968 0.097153 0.302301 0.001968 0.097153 0.311465 0.043915 0.095787 0.354133 0.043915 0.089433 0.363297 0.001969 0.088068 0.332799 0.066996 0.09261 0.323247 0.03939 0.154557 0.320301 0.040521 0.139864 0.312092 0.001969 0.141087 0.315356 0.001969 0.155732 0.341617 0.059609 0.15182 0.339413 0.061455 0.137018 0.359988 0.03939 0.149084 0.358524 0.040521 0.134172 0.367879 0.001969 0.147909 0.366733 0.001969 0.132949 0.311465 0.043915 0.095787 0.332799 0.066996 0.09261 0.302301 0.001968 0.097153 0.354133 0.043915 0.089433 0.363297 0.001969 0.088068 0.315664 0.010344 0.104122 0.307015 0.010344 0.074947 0.352317 0.010344 0.0682 0.352544 0.010344 0.098629 0.350746 0.026069 0.041233 0.30066 0.026069 0.048692 0.345669 0.029537 0.007031 0.293782 0.029537 0.014759 0.321205 0.038126 0.103297 0.314902 0.038877 0.081191 0.307015 0.010344 0.074947 0.315664 0.010344 0.104122 0.334104 0.053136 0.101376 0.331337 0.054444 0.082791 0.347003 0.038126 0.099454 0.346592 0.038877 0.076472 0.352544 0.010344 0.098629 0.352317 0.010344 0.0682 0.327523 0.071319 0.057184 0.344397 0.055301 0.050249 0.30936 0.055301 0.055467 0.30066 0.026069 0.048692 0.350746 0.026069 0.041233 0.322496 0.074347 0.023434 0.340535 0.057211 0.028177 0.304239 0.057211 0.033583 0.293782 0.029537 0.014759 0.345669 0.029537 0.007031 0.141236 0 0.212427 0.135354 0 0.134632 0.216792 0 0.144084 0.193249 0.000000 0.218464 0.158412 0 0.291534 0.135354 0 0.134632 0.147589 0.047253 0.136052 0.204557 0.047253 0.142664 0.216792 0 0.144084 0.176073 0.077939 0.139358 0.14905 0.03087 0.213334 0.147589 0.047253 0.136052 0.135354 0 0.134632 0.141236 0 0.212427 0.167242 0.050807 0.215446 0.158412 0 0.291534 0.176073 0.077939 0.139358 0.185434 0.03087 0.217557 0.204557 0.047253 0.142664 0.193249 0.000000 0.218464 0.216792 0 0.144084 0.148115 0.001969 0.149941 0.148777 0.001969 0.134952 0.203653 0.001968 0.141321 0.200864 0.001968 0.156064 0.212019 0.001969 0.097093 0.150762 0.001969 0.089984 0.150762 0.001969 0.089984 0.159966 0.043915 0.091052 0.202816 0.043915 0.096025 0.212019 0.001969 0.097093 0.181391 0.066996 0.093539 0.15604 0.03939 0.150861 0.157021 0.040521 0.135909 0.148777 0.001969 0.134952 0.148115 0.001969 0.149941 0.17449 0.059608 0.153003 0.176215 0.061455 0.138137 0.192939 0.03939 0.155144 0.195408 0.040522 0.140364 0.200864 0.001968 0.156064 0.203653 0.001968 0.141321 0.159966 0.043915 0.091052 0.181391 0.066996 0.093539 0.150762 0.001969 0.089984 0.202816 0.043915 0.096025 0.212019 0.001969 0.097093 0.16185 0.010344 0.100193 0.161094 0.010344 0.069772 0.206591 0.010344 0.075052 0.198888 0.010344 0.104491 0.212095 0.02607 0.048606 0.161794 0.026069 0.042768 0.217677 0.029537 0.014471 0.165567 0.029537 0.008423 0.167415 0.038126 0.100839 0.167084 0.038877 0.077854 0.161094 0.010344 0.069772 0.16185 0.010344 0.100193 0.180369 0.053136 0.102342 0.182535 0.054444 0.083677 0.193324 0.038126 0.103845 0.19891 0.038877 0.081547 0.198888 0.010344 0.104491 0.206591 0.010344 0.075052 0.18552 0.071319 0.05796 0.203618 0.0553 0.055658 0.168431 0.055301 0.051574 0.161794 0.026069 0.042768 0.212095 0.02607 0.048606 0.189454 0.074347 0.024065 0.207766 0.057211 0.033624 0.171313 0.057211 0.029393 0.165567 0.029537 0.008423 0.217677 0.029537 0.014471 0.284261 0 -0.156645 0.299073 0 -0.080046 0.217088 0 -0.080046 0.2319 0 -0.156645 0.258081 0.000000 -0.233244 0.299073 0 -0.080046 0.286756 0.047253 -0.080046 0.229405 0.047253 -0.080046 0.217088 0 -0.080046 0.258081 0.077939 -0.080046 0.276395 0.030871 -0.156645 0.286756 0.047253 -0.080046 0.299073 0 -0.080046 0.284261 0 -0.156645 0.258081 0.050807 -0.156646 0.258081 0.000000 -0.233244 0.258081 0.077939 -0.080046 0.239766 0.030871 -0.156645 0.229405 0.047253 -0.080046 0.2319 0 -0.156645 0.217088 0 -0.080046 0.276724 0.010344 -0.107874 0.280982 0.010344 -0.077743 0.23518 0.010344 -0.077743 0.239437 0.010344 -0.107874 0.232761 0.026069 -0.050839 0.2834 0.026069 -0.050839 0.231851 0.026069 -0.010263 0.284311 0.026069 -0.010263 0.271122 0.038126 -0.107874 0.2741 0.038877 -0.085081 0.280982 0.010344 -0.077743 0.276724 0.010344 -0.107874 0.258081 0.053136 -0.107874 0.258081 0.054444 -0.089085 0.245039 0.038126 -0.107874 0.242061 0.038877 -0.085081 0.239437 0.010344 -0.107874 0.23518 0.010344 -0.077743 0.258081 0.071319 -0.063195 0.240369 0.055301 -0.058821 0.275792 0.055301 -0.058821 0.2834 0.026069 -0.050839 0.232761 0.026069 -0.050839 0.258081 0.074347 -0.029072 0.239732 0.057211 -0.02833 0.276429 0.057211 -0.02833 0.284311 0.026069 -0.010263 0.231851 0.026069 -0.010263 0.251427 0.239735 0.004101 0.251427 0.262964 0.004777 0.275347 0.236452 0.013449 0.28034 0.258995 0.016076 0.285255 0.228524 0.036018 0.292316 0.249412 0.043355 0.275347 0.220596 0.058586 0.28034 0.23983 0.070635 0.251427 0.217312 0.067934 0.251427 0.23586 0.081934 0.227506 0.220596 0.058586 0.217598 0.228524 0.036018 0.210537 0.249412 0.043355 0.227506 0.236452 0.013449 0.275347 0.278228 0.028125 0.285255 0.270301 0.050693 0.275347 0.262373 0.073261 0.251427 0.259089 0.08261 0.227506 0.262373 0.073261 0.222513 0.23983 0.070635 0.217598 0.270301 0.050693 0.227506 0.278228 0.028125 0.222513 0.258995 0.016076 0.251427 0.281512 0.018776 0.251427 0.262964 0.004777 0.251427 0.281512 0.018776 0.351815 0.33921 -0.126812 0.350385 0.32742 -0.114935 0.336995 0.313199 -0.123918 0.339236 0.331684 -0.142541 0.354006 0.355284 -0.131163 0.342672 0.356887 -0.149362 0.356371 0.371336 -0.126821 0.346381 0.382055 -0.142555 0.358278 0.383064 -0.11495 0.34937 0.400444 -0.123942 0.359214 0.387327 -0.09873 0.350838 0.407127 -0.098511 0.35893 0.382981 -0.082509 0.350392 0.400313 -0.073077 0.3575 0.371191 -0.070631 0.348151 0.381828 -0.054454 0.35531 0.355117 -0.066281 0.344716 0.356624 -0.047632 0.352944 0.339065 -0.070622 0.341007 0.331457 -0.05444 0.351037 0.327337 -0.082493 0.338017 0.313067 -0.073053 0.350101 0.323075 -0.098713 0.336549 0.306385 -0.098483 0.34204 0.407243 -0.098334 0.340572 0.40056 -0.123765 0.341594 0.400429 -0.072899 0.339353 0.381944 -0.054277 0.335918 0.356741 -0.047455 0.332209 0.331573 -0.054263 0.32922 0.313184 -0.072876 0.327752 0.306501 -0.098306 0.328198 0.313315 -0.123741 0.330439 0.3318 -0.142364 0.333874 0.357003 -0.149185 0.337583 0.382171 -0.142378 0.351815 0.33921 -0.126812 0.354658 0.355201 -0.098721 0.350385 0.32742 -0.114935 0.354006 0.355284 -0.131163 0.356371 0.371336 -0.126821 0.358278 0.383064 -0.11495 0.359214 0.387327 -0.09873 0.35893 0.382981 -0.082509 0.3575 0.371191 -0.070631 0.35531 0.355117 -0.066281 0.352944 0.339065 -0.070622 0.351037 0.327337 -0.082493 0.350101 0.323075 -0.098713 -0.282888 0.25961 0.012323 -0.279303 0.227749 0.094804 -0.294839 0.240951 0.102361 -0.306716 0.267279 0.019442 -0.258081 0.257394 0.008809 -0.258081 0.222186 0.09162 -0.233273 0.25961 0.012323 -0.236858 0.227748 0.094804 -0.209446 0.267279 0.019442 -0.221322 0.240951 0.102361 -0.207782 0.279813 -0.007752 -0.229577 0.268233 -0.037 -0.258081 0.262924 -0.049079 -0.286585 0.268233 -0.037 -0.308379 0.279813 -0.007752 -0.197251 0.330473 0.076021 -0.20848 0.293188 0.13522 -0.201618 0.255804 0.110863 -0.191165 0.286156 0.034955 -0.211115 0.239495 0.098338 -0.201247 0.262283 0.027445 -0.191462 0.339438 0.063607 -0.187194 0.291302 0.012942 -0.18455 0.378935 -0.003386 -0.183245 0.321862 -0.036455 -0.166611 0.414807 -0.066698 -0.164987 0.357119 -0.099478 -0.17526 0.439886 -0.114126 -0.17379 0.385777 -0.144765 -0.216047 0.408886 -0.189042 -0.217507 0.46108 -0.162707 -0.258081 0.466501 -0.172179 -0.258081 0.415967 -0.201413 -0.300115 0.408886 -0.189042 -0.298655 0.46108 -0.162707 -0.340901 0.439886 -0.114126 -0.342371 0.385777 -0.144765 -0.34955 0.414807 -0.066698 -0.351174 0.357119 -0.099478 -0.331611 0.378935 -0.003386 -0.332916 0.321862 -0.036455 -0.32176 0.282399 -0.064857 -0.337296 0.314702 -0.123757 -0.300812 0.276221 -0.145783 -0.299491 0.31892 -0.183032 -0.258081 0.307638 -0.18949 -0.258081 0.374752 -0.211908 -0.298655 0.366012 -0.196638 -0.329805 0.344963 -0.166977 -0.217507 0.366012 -0.196638 -0.21667 0.31892 -0.183032 -0.186356 0.349745 -0.165389 -0.21535 0.276221 -0.145783 -0.178866 0.314702 -0.123757 -0.258081 0.264338 -0.152584 -0.22373 0.265175 -0.078333 -0.194401 0.282399 -0.064857 -0.258081 0.253622 -0.084945 -0.292431 0.265175 -0.078333 -0.199303 0.266484 -0.010349 -0.224771 0.255986 -0.051563 -0.258081 0.249642 -0.065434 -0.29139 0.255986 -0.051563 -0.316859 0.266484 -0.010349 -0.328967 0.291302 0.012942 -0.324699 0.339437 0.063607 -0.324996 0.286156 0.034955 -0.314915 0.262283 0.027445 -0.314543 0.255804 0.110863 -0.307681 0.293188 0.13522 -0.31891 0.330473 0.076021 -0.305046 0.239495 0.098338 -0.197361 0.403442 0.008471 -0.204691 0.363981 0.062149 -0.196431 0.337743 0.061096 -0.187967 0.373399 -0.008323 -0.222052 0.434432 0.026209 -0.227256 0.39019 0.069095 -0.258081 0.445984 0.032821 -0.258081 0.399783 0.071637 -0.294109 0.434432 0.026209 -0.288905 0.39019 0.069095 -0.318801 0.403442 0.008471 -0.311471 0.363981 0.062149 -0.328194 0.373399 -0.008323 -0.31973 0.337743 0.061096 -0.182547 0.4369 -0.047131 -0.170862 0.405628 -0.06527 -0.188326 0.46075 -0.099073 -0.214535 0.491574 -0.081429 -0.219392 0.478549 -0.130169 -0.258081 0.502857 -0.074971 -0.258081 0.486824 -0.144627 -0.296769 0.478549 -0.130169 -0.301626 0.491574 -0.081429 -0.327836 0.46075 -0.099073 -0.219392 0.454566 -0.160404 -0.177535 0.431448 -0.116177 -0.258081 0.45934 -0.172555 -0.296769 0.454566 -0.160404 -0.338627 0.431448 -0.116178 -0.302899 0.470917 -0.02766 -0.333614 0.4369 -0.047131 -0.258081 0.482799 -0.020859 -0.213263 0.470917 -0.02766 -0.3453 0.405628 -0.06527 -0.258081 0.337743 0.061096 -0.196431 0.337743 0.061096 -0.204691 0.363981 0.062149 -0.227256 0.39019 0.069095 -0.258081 0.399783 0.071637 -0.288905 0.39019 0.069095 -0.311471 0.363981 0.062149 -0.31973 0.337743 0.061096 -0.258081 0.291503 0.137558 -0.20848 0.293188 0.13522 -0.197251 0.330473 0.076021 -0.258081 0.33499 0.065885 -0.307681 0.293188 0.13522 -0.31891 0.330473 0.076021 -0.191462 0.339438 0.063607 -0.258081 0.346066 0.049699 -0.18455 0.378935 -0.003386 -0.258081 0.38189 -0.010309 -0.166611 0.414807 -0.066698 -0.258081 0.412477 -0.064477 -0.17526 0.439886 -0.114126 -0.258081 0.430171 -0.098306 -0.217507 0.46108 -0.162707 -0.258081 0.451008 -0.146858 -0.258081 0.466501 -0.172179 -0.298655 0.46108 -0.162707 -0.340901 0.439886 -0.114126 -0.34955 0.414807 -0.066698 -0.331611 0.378935 -0.003386 -0.324699 0.339437 0.063607 -0.294839 0.240951 0.102361 -0.305046 0.239495 0.098338 -0.314915 0.262283 0.027445 -0.306716 0.267279 0.019442 -0.209446 0.267279 0.019442 -0.201247 0.262283 0.027445 -0.211115 0.239495 0.098338 -0.221322 0.240951 0.102361 -0.207782 0.279813 -0.007752 -0.199303 0.266484 -0.010349 -0.201247 0.262283 0.027445 -0.209446 0.267279 0.019442 -0.229577 0.268233 -0.037 -0.224771 0.255986 -0.051563 -0.199303 0.266484 -0.010349 -0.207782 0.279813 -0.007752 -0.258081 0.262924 -0.049079 -0.258081 0.249642 -0.065434 -0.224771 0.255986 -0.051563 -0.229577 0.268233 -0.037 -0.286585 0.268233 -0.037 -0.29139 0.255986 -0.051563 -0.258081 0.249642 -0.065434 -0.258081 0.262924 -0.049079 -0.308379 0.279813 -0.007752 -0.316859 0.266484 -0.010349 -0.29139 0.255986 -0.051563 -0.286585 0.268233 -0.037 -0.306716 0.267279 0.019442 -0.314915 0.262283 0.027445 -0.316859 0.266484 -0.010349 -0.308379 0.279813 -0.007752 -0.288901 0.286326 0.167254 -0.307765 0.319688 0.147429 -0.322997 0.299904 0.136105 -0.298349 0.274054 0.16023 -0.27476 0.294526 0.171948 -0.28497 0.332907 0.154995 -0.258081 0.297405 0.173596 -0.258081 0.337549 0.157652 -0.241401 0.294526 0.171948 -0.231192 0.332907 0.154995 -0.227261 0.286326 0.167254 -0.208396 0.319688 0.147429 -0.217813 0.274054 0.16023 -0.193165 0.299904 0.136105 -0.214495 0.259577 0.151944 -0.187816 0.276567 0.122747 -0.217812 0.245101 0.143658 -0.193165 0.253231 0.10939 -0.227261 0.232829 0.136634 -0.208396 0.233447 0.098065 -0.241401 0.224629 0.13194 -0.231191 0.220227 0.090499 -0.258081 0.22175 0.130292 -0.258081 0.215585 0.087842 -0.27476 0.224629 0.13194 -0.28497 0.220227 0.090499 -0.288901 0.232829 0.136634 -0.307765 0.233447 0.098065 -0.298349 0.245101 0.143658 -0.322997 0.25323 0.10939 -0.301667 0.259577 0.151944 -0.328345 0.276567 0.122747 -0.243756 0.229563 0.134765 -0.258081 0.22709 0.133349 -0.272405 0.229563 0.134765 -0.284549 0.236606 0.138796 -0.292664 0.247145 0.144828 -0.295513 0.259578 0.151944 -0.292664 0.272009 0.15906 -0.284549 0.282549 0.165093 -0.272405 0.289592 0.169124 -0.258081 0.292064 0.170539 -0.243756 0.289592 0.169124 -0.231612 0.282549 0.165093 -0.223498 0.27201 0.15906 -0.220648 0.259577 0.151944 -0.223498 0.247145 0.144828 -0.231612 0.236606 0.138796 -0.258081 0.276567 0.122747 -0.322997 0.299904 0.136105 -0.307765 0.319688 0.147429 -0.28497 0.332907 0.154995 -0.258081 0.337549 0.157652 -0.231192 0.332907 0.154995 -0.208396 0.319688 0.147429 -0.193165 0.299904 0.136105 -0.187816 0.276567 0.122747 -0.193165 0.253231 0.10939 -0.208396 0.233447 0.098065 -0.231191 0.220227 0.090499 -0.258081 0.215585 0.087842 -0.28497 0.220227 0.090499 -0.307765 0.233447 0.098065 -0.322997 0.25323 0.10939 -0.328345 0.276567 0.122747 -0.258081 0.269389 0.135289 -0.283969 0.290843 0.149435 -0.291906 0.280535 0.143535 -0.272092 0.297731 0.153378 -0.258081 0.30015 0.154762 -0.24407 0.297731 0.153378 -0.232192 0.290843 0.149435 -0.224255 0.280535 0.143535 -0.221468 0.268375 0.136575 -0.224255 0.256215 0.129615 -0.232192 0.245906 0.123714 -0.24407 0.239018 0.119772 -0.258081 0.236599 0.118387 -0.272092 0.239018 0.119772 -0.28397 0.245906 0.123714 -0.291906 0.256215 0.129615 -0.294693 0.268375 0.136575 -0.283969 0.290843 0.149435 -0.284549 0.282549 0.165093 -0.292664 0.272009 0.15906 -0.291906 0.280535 0.143535 -0.272092 0.297731 0.153378 -0.272405 0.289592 0.169124 -0.258081 0.30015 0.154762 -0.258081 0.292064 0.170539 -0.295513 0.259578 0.151944 -0.294693 0.268375 0.136575 -0.292664 0.247145 0.144828 -0.291906 0.256215 0.129615 -0.284549 0.236606 0.138796 -0.28397 0.245906 0.123714 -0.272405 0.229563 0.134765 -0.272092 0.239018 0.119772 -0.258081 0.22709 0.133349 -0.258081 0.236599 0.118387 -0.243756 0.229563 0.134765 -0.24407 0.239018 0.119772 -0.231612 0.236606 0.138796 -0.232192 0.245906 0.123714 -0.223498 0.247145 0.144828 -0.224255 0.256215 0.129615 -0.220648 0.259577 0.151944 -0.221468 0.268375 0.136575 -0.223498 0.27201 0.15906 -0.224255 0.280535 0.143535 -0.231612 0.282549 0.165093 -0.232192 0.290843 0.149435 -0.243756 0.289592 0.169124 -0.24407 0.297731 0.153378 -0.258081 0.292064 0.170539 -0.258081 0.30015 0.154762 -0.219776 0.356134 0.044976 -0.219776 0.301531 0.137036 -0.21385 0.290832 0.133872 -0.21385 0.345435 0.041812 -0.235965 0.373256 0.054776 -0.235965 0.318654 0.146837 -0.258081 0.379524 0.058364 -0.258081 0.324921 0.150424 -0.280196 0.373256 0.054776 -0.280196 0.318654 0.146837 -0.296386 0.356134 0.044976 -0.296386 0.301531 0.137036 -0.302312 0.345435 0.041812 -0.302312 0.290832 0.133872 -0.283736 0.111956 0.071474 -0.284508 0.074817 0.064333 -0.258081 0.077481 0.075089 -0.258081 0.108847 0.079785 -0.299583 0.110879 0.03916 -0.310228 0.062728 0.034114 -0.304017 0.143837 0.045839 -0.286183 0.144478 0.081928 -0.317619 0.187759 0.067167 -0.294162 0.181947 0.093512 -0.258081 0.14137 0.09413 -0.258081 0.178667 0.107376 -0.294162 0.204115 0.098854 -0.317619 0.213573 0.071629 -0.303352 0.236206 0.07988 -0.287818 0.215145 0.102572 -0.258081 0.198876 0.112752 -0.258081 0.206745 0.115281 -0.332097 0.200807 0.016126 -0.332097 0.225801 0.016847 -0.308605 0.244735 0.057582 -0.221999 0.181947 0.093512 -0.229978 0.144478 0.081928 -0.198542 0.187759 0.067167 -0.212144 0.143837 0.045839 -0.232425 0.111956 0.071474 -0.216578 0.110879 0.03916 -0.231653 0.074817 0.064333 -0.205933 0.062728 0.034114 -0.228344 0.215145 0.102572 -0.222 0.204115 0.098854 -0.212809 0.236206 0.07988 -0.198542 0.213573 0.071629 -0.184064 0.200807 0.016126 -0.184064 0.225801 0.016847 -0.207556 0.244735 0.057581 -0.303676 0.110906 0.012582 -0.315391 0.062728 0.009825 -0.310228 0.062728 0.034114 -0.299583 0.110879 0.03916 -0.303804 0.143837 0.011642 -0.304017 0.143837 0.045839 -0.332097 0.200807 0.016126 -0.321803 0.202814 -0.021934 -0.301511 0.166537 -0.00715 -0.294731 0.201852 -0.051644 -0.288404 0.173426 -0.029484 -0.258081 0.20161 -0.063962 -0.258081 0.171699 -0.039951 -0.321803 0.233989 -0.016939 -0.294731 0.236894 -0.041893 -0.284218 0.255656 -0.01982 -0.258081 0.255656 -0.030032 -0.258081 0.237136 -0.054211 -0.303352 0.255656 0.00808 -0.332097 0.225801 0.016847 -0.308605 0.244735 0.057582 -0.227757 0.173426 -0.029484 -0.22143 0.201852 -0.051644 -0.214651 0.166537 -0.00715 -0.194358 0.202814 -0.021934 -0.212358 0.143837 0.011642 -0.184064 0.200807 0.016126 -0.212144 0.143837 0.045839 -0.216578 0.110879 0.03916 -0.212485 0.110906 0.012582 -0.205933 0.062728 0.034114 -0.20077 0.062728 0.009825 -0.22143 0.236894 -0.046193 -0.231943 0.255656 -0.01982 -0.194358 0.233989 -0.016939 -0.212809 0.255656 0.00808 -0.184064 0.225801 0.016847 -0.207556 0.244735 0.057581 -0.258081 0.071017 0.009939 -0.315391 0.062728 0.009825 -0.303676 0.110906 0.012582 -0.258081 0.110906 0.012582 -0.303804 0.143837 0.011642 -0.258081 0.154371 0.018472 -0.301511 0.166537 -0.00715 -0.258081 0.170076 0.002287 -0.288404 0.173426 -0.029484 -0.258081 0.171699 -0.039951 -0.20077 0.062728 0.009825 -0.212485 0.110906 0.012582 -0.214651 0.166537 -0.00715 -0.227757 0.173426 -0.029484 -0.212358 0.143837 0.011642 -0.258081 0.085881 0.039181 -0.258081 0.077481 0.075089 -0.284508 0.074817 0.064333 -0.310228 0.062728 0.034114 -0.315391 0.062728 0.009825 -0.231653 0.074817 0.064333 -0.205933 0.062728 0.034114 -0.20077 0.062728 0.009825 -0.258081 0.071017 0.009939 -0.279506 0.177913 -0.026538 -0.279506 0.080085 -0.017012 -0.29519 0.080085 0.001475 -0.29519 0.177913 -0.008051 -0.258081 0.177913 -0.033305 -0.258081 0.080085 -0.023778 -0.236655 0.177913 -0.026538 -0.236655 0.080085 -0.017012 -0.220971 0.177913 -0.008051 -0.220971 0.080085 0.001474 -0.21523 0.177913 0.017202 -0.21523 0.080085 0.026729 -0.300931 0.080085 0.026729 -0.300931 0.177913 0.017202 -0.248514 0.210233 -0.045944 -0.248514 0.181933 -0.090605 -0.267647 0.181933 -0.090605 -0.267647 0.210233 -0.045944 -0.238948 0.196237 -0.037075 -0.238948 0.167937 -0.081736 -0.277213 0.167937 -0.081736 -0.277213 0.196237 -0.037075 -0.267647 0.153942 -0.072868 -0.267647 0.182242 -0.028206 -0.248514 0.153942 -0.072868 -0.248514 0.182242 -0.028206 -0.238948 0.167937 -0.081736 -0.238948 0.196237 -0.037075 -0.248514 0.181933 -0.090605 -0.238948 0.167937 -0.081736 -0.248514 0.153942 -0.072868 -0.267647 0.153942 -0.072868 -0.277213 0.167937 -0.081736 -0.267647 0.181933 -0.090605 -0.163768 0.101848 0.021281 -0.352393 0.101848 0.021281 -0.352393 0.086239 0.03689 -0.163768 0.086239 0.036889 -0.163768 0.107561 -0.000039 -0.352393 0.107561 -0.000039 -0.163768 0.101848 -0.02136 -0.352393 0.101848 -0.02136 -0.163768 0.086239 -0.036969 -0.352393 0.086239 -0.036969 -0.163768 0.064918 -0.042682 -0.352393 0.064918 -0.042682 -0.163768 0.043597 -0.036969 -0.352393 0.043597 -0.036969 -0.163769 0.027988 -0.02136 -0.352393 0.027988 -0.02136 -0.163768 0.022275 -0.000039 -0.352393 0.022275 -0.000039 -0.352393 0.064918 0.042603 -0.163769 0.064918 0.042603 -0.352393 0.043597 0.03689 -0.163768 0.043597 0.03689 -0.352393 0.027988 0.021281 -0.163768 0.027988 0.021281 -0.352393 0.022275 -0.000039 -0.163768 0.022275 -0.000039 -0.351291 0.064918 -0.000039 -0.351291 0.076177 0.019462 -0.351291 0.08442 0.011219 -0.351291 0.087437 -0.000039 -0.351291 0.08442 -0.011298 -0.351291 0.076177 -0.01954 -0.351291 0.064918 -0.022558 -0.351291 0.053659 -0.019541 -0.351291 0.045416 -0.011298 -0.351291 0.0424 -0.000039 -0.351291 0.045416 0.011219 -0.351291 0.053659 0.019461 -0.351291 0.064918 0.022479 -0.360066 0.078309 0.023154 -0.352393 0.086239 0.03689 -0.352393 0.101848 0.021281 -0.360066 0.088112 0.013351 -0.352393 0.107561 -0.000039 -0.360066 0.0917 -0.000039 -0.352393 0.101848 -0.02136 -0.360066 0.088112 -0.01343 -0.352393 0.086239 -0.036969 -0.360066 0.078309 -0.023233 -0.352393 0.064918 -0.042682 -0.360066 0.064918 -0.026821 -0.352393 0.043597 -0.036969 -0.360066 0.051527 -0.023233 -0.352393 0.027988 -0.02136 -0.360066 0.041724 -0.01343 -0.352393 0.022275 -0.000039 -0.360066 0.038136 -0.000039 -0.352393 0.027988 0.021281 -0.360066 0.041724 0.013351 -0.352393 0.043597 0.03689 -0.360066 0.051527 0.023154 -0.352393 0.064918 0.042603 -0.360066 0.064918 0.026742 -0.351291 0.076177 0.019462 -0.360066 0.078309 0.023154 -0.360066 0.088112 0.013351 -0.351291 0.08442 0.011219 -0.360066 0.0917 -0.000039 -0.351291 0.087437 -0.000039 -0.360066 0.088112 -0.01343 -0.351291 0.08442 -0.011298 -0.360066 0.078309 -0.023233 -0.351291 0.076177 -0.01954 -0.360066 0.064918 -0.026821 -0.351291 0.064918 -0.022558 -0.360066 0.051527 -0.023233 -0.351291 0.053659 -0.019541 -0.360066 0.041724 -0.01343 -0.351291 0.045416 -0.011298 -0.360066 0.038136 -0.000039 -0.351291 0.0424 -0.000039 -0.360066 0.041724 0.013351 -0.351291 0.045416 0.011219 -0.360066 0.051527 0.023154 -0.351291 0.053659 0.019461 -0.360066 0.064918 0.026742 -0.351291 0.064918 0.022479 -0.16487 0.076177 0.019462 -0.16487 0.064918 -0.000039 -0.16487 0.08442 0.011219 -0.16487 0.087437 -0.000039 -0.16487 0.08442 -0.011298 -0.16487 0.076177 -0.019541 -0.16487 0.064918 -0.022558 -0.16487 0.053659 -0.019541 -0.16487 0.045416 -0.011298 -0.16487 0.0424 -0.000039 -0.16487 0.045416 0.011219 -0.16487 0.053659 0.019462 -0.16487 0.064918 0.022479 -0.156095 0.078309 0.023154 -0.156095 0.088112 0.013351 -0.163768 0.101848 0.021281 -0.163768 0.086239 0.036889 -0.163768 0.107561 -0.000039 -0.156095 0.0917 -0.000039 -0.163768 0.101848 -0.02136 -0.156095 0.088112 -0.01343 -0.163768 0.086239 -0.036969 -0.156095 0.078309 -0.023233 -0.163768 0.064918 -0.042682 -0.156095 0.064918 -0.026821 -0.163768 0.043597 -0.036969 -0.156095 0.051527 -0.023233 -0.163769 0.027988 -0.02136 -0.156095 0.041724 -0.01343 -0.163768 0.022275 -0.000039 -0.156095 0.038136 -0.000039 -0.163768 0.027988 0.021281 -0.156095 0.041724 0.013351 -0.163768 0.043597 0.03689 -0.156095 0.051527 0.023154 -0.163769 0.064918 0.042603 -0.156095 0.064918 0.026742 -0.16487 0.076177 0.019462 -0.16487 0.08442 0.011219 -0.156095 0.088112 0.013351 -0.156095 0.078309 0.023154 -0.156095 0.0917 -0.000039 -0.16487 0.087437 -0.000039 -0.156095 0.088112 -0.01343 -0.16487 0.08442 -0.011298 -0.156095 0.078309 -0.023233 -0.16487 0.076177 -0.019541 -0.156095 0.064918 -0.026821 -0.16487 0.064918 -0.022558 -0.156095 0.051527 -0.023233 -0.16487 0.053659 -0.019541 -0.156095 0.041724 -0.01343 -0.16487 0.045416 -0.011298 -0.156095 0.038136 -0.000039 -0.16487 0.0424 -0.000039 -0.156095 0.041724 0.013351 -0.16487 0.045416 0.011219 -0.156095 0.051527 0.023154 -0.16487 0.053659 0.019462 -0.156095 0.064918 0.026742 -0.16487 0.064918 0.022479 -0.2319 -0.000000 0.22433 -0.284261 0 0.22433 -0.299073 0 0.147731 -0.217088 0 0.147731 -0.258081 0.000000 0.300928 -0.217088 0 0.147731 -0.299073 0 0.147731 -0.286756 0.047253 0.147731 -0.229406 0.047253 0.147731 -0.25808 0.077939 0.147731 -0.239767 0.03087 0.22433 -0.2319 -0.000000 0.22433 -0.217088 0 0.147731 -0.229406 0.047253 0.147731 -0.258081 0.050806 0.22433 -0.258081 0.000000 0.300928 -0.25808 0.077939 0.147731 -0.276395 0.030871 0.22433 -0.286756 0.047253 0.147731 -0.284261 0 0.22433 -0.299073 0 0.147731 -0.231529 0.001969 0.161468 -0.284632 0.001969 0.161468 -0.285703 0.001969 0.146502 -0.230458 0.001969 0.146502 -0.288915 0.001969 0.101605 -0.227247 0.001969 0.101605 -0.227247 0.001969 0.101605 -0.288915 0.001969 0.101605 -0.27965 0.043915 0.101605 -0.236511 0.043915 0.101605 -0.258081 0.066996 0.101605 -0.239507 0.03939 0.161468 -0.231529 0.001969 0.161468 -0.230458 0.001969 0.146502 -0.238758 0.040521 0.146502 -0.258081 0.059609 0.161468 -0.258081 0.061455 0.146502 -0.276654 0.03939 0.161468 -0.277403 0.040521 0.146502 -0.284632 0.001969 0.161468 -0.285703 0.001969 0.146502 -0.236511 0.043915 0.101605 -0.258081 0.066996 0.101605 -0.227247 0.001969 0.101605 -0.27965 0.043915 0.101605 -0.288915 0.001969 0.101605 -0.239437 0.010344 0.110467 -0.276724 0.010344 0.110467 -0.280982 0.010344 0.080336 -0.23518 0.010344 0.080336 -0.2834 0.026069 0.053432 -0.232761 0.026069 0.053432 -0.284311 0.029537 0.018921 -0.231851 0.029537 0.018921 -0.245039 0.038126 0.110467 -0.239437 0.010344 0.110467 -0.23518 0.010344 0.080336 -0.242061 0.038877 0.087674 -0.258081 0.053136 0.110467 -0.258081 0.054443 0.091677 -0.271122 0.038126 0.110467 -0.2741 0.038877 0.087674 -0.276724 0.010344 0.110467 -0.280982 0.010344 0.080336 -0.258081 0.071319 0.065788 -0.275792 0.055301 0.061414 -0.240369 0.055301 0.061414 -0.232761 0.026069 0.053432 -0.2834 0.026069 0.053432 -0.258081 0.074346 0.031665 -0.276429 0.057211 0.039103 -0.239732 0.057211 0.039103 -0.231851 0.029537 0.018921 -0.284311 0.029537 0.018921 -0.324982 0 0.217854 -0.376773 0 0.21014 -0.380139 0.000000 0.132195 -0.299049 0 0.144272 -0.362161 0 0.289759 -0.299049 0 0.144272 -0.380139 0.000000 0.132195 -0.367956 0.047253 0.13401 -0.311232 0.047254 0.142458 -0.339594 0.077939 0.138234 -0.332763 0.030871 0.216695 -0.324982 0 0.217854 -0.299049 0 0.144272 -0.311232 0.047254 0.142458 -0.350877 0.050807 0.213997 -0.362161 0 0.289759 -0.339594 0.077939 0.138234 -0.368992 0.03087 0.211299 -0.367956 0.047253 0.13401 -0.376773 0 0.21014 -0.380139 0.000000 0.132195 -0.315356 0.001969 0.155732 -0.367879 0.001969 0.147909 -0.366733 0.001969 0.132949 -0.312092 0.001969 0.141087 -0.363297 0.001969 0.088068 -0.302301 0.001968 0.097153 -0.302301 0.001968 0.097153 -0.363297 0.001969 0.088068 -0.354133 0.043915 0.089433 -0.311465 0.043915 0.095787 -0.332799 0.066996 0.09261 -0.323247 0.03939 0.154557 -0.315356 0.001969 0.155732 -0.312092 0.001969 0.141087 -0.320301 0.040521 0.139864 -0.341617 0.059609 0.15182 -0.339413 0.061455 0.137018 -0.359988 0.03939 0.149084 -0.358524 0.040521 0.134172 -0.367879 0.001969 0.147909 -0.366733 0.001969 0.132949 -0.311465 0.043915 0.095787 -0.332799 0.066996 0.09261 -0.302301 0.001968 0.097153 -0.354133 0.043915 0.089433 -0.363297 0.001969 0.088068 -0.315664 0.010344 0.104122 -0.352544 0.010344 0.098629 -0.352317 0.010344 0.0682 -0.307015 0.010344 0.074947 -0.350746 0.026069 0.041233 -0.30066 0.026069 0.048692 -0.345669 0.029537 0.007031 -0.293782 0.029537 0.014759 -0.321205 0.038126 0.103297 -0.315664 0.010344 0.104122 -0.307015 0.010344 0.074947 -0.314902 0.038877 0.081191 -0.334104 0.053136 0.101376 -0.331336 0.054444 0.082791 -0.347003 0.038126 0.099454 -0.346592 0.038877 0.076472 -0.352544 0.010344 0.098629 -0.352317 0.010344 0.0682 -0.327523 0.071319 0.057184 -0.344397 0.055301 0.050249 -0.30936 0.055301 0.055467 -0.30066 0.026069 0.048692 -0.350746 0.026069 0.041233 -0.322496 0.074347 0.023434 -0.340535 0.057211 0.028177 -0.304239 0.057211 0.033583 -0.293782 0.029537 0.014759 -0.345669 0.029537 0.007031 -0.141236 0 0.212427 -0.193249 0.000000 0.218464 -0.216792 0 0.144084 -0.135354 0 0.134632 -0.158412 0 0.291534 -0.135354 0 0.134632 -0.216792 0 0.144084 -0.204557 0.047253 0.142664 -0.147589 0.047253 0.136052 -0.176073 0.077939 0.139358 -0.14905 0.03087 0.213334 -0.141236 0 0.212427 -0.135354 0 0.134632 -0.147589 0.047253 0.136052 -0.167242 0.050807 0.215446 -0.158412 0 0.291534 -0.176073 0.077939 0.139358 -0.185434 0.03087 0.217557 -0.204557 0.047253 0.142664 -0.193249 0.000000 0.218464 -0.216792 0 0.144084 -0.148115 0.001969 0.149941 -0.200864 0.001968 0.156064 -0.203653 0.001968 0.141321 -0.148777 0.001969 0.134952 -0.212019 0.001969 0.097093 -0.150762 0.001969 0.089984 -0.150762 0.001969 0.089984 -0.212019 0.001969 0.097093 -0.202816 0.043915 0.096025 -0.159966 0.043915 0.091052 -0.181391 0.066996 0.093539 -0.15604 0.03939 0.150861 -0.148115 0.001969 0.149941 -0.148777 0.001969 0.134952 -0.157021 0.040521 0.135909 -0.17449 0.059608 0.153003 -0.176215 0.061455 0.138137 -0.192939 0.03939 0.155144 -0.195408 0.040522 0.140364 -0.200864 0.001968 0.156064 -0.203653 0.001968 0.141321 -0.159966 0.043915 0.091052 -0.181391 0.066996 0.093539 -0.150762 0.001969 0.089984 -0.202816 0.043915 0.096025 -0.212019 0.001969 0.097093 -0.16185 0.010344 0.100193 -0.198888 0.010344 0.104491 -0.206591 0.010344 0.075052 -0.161094 0.010344 0.069772 -0.212095 0.02607 0.048606 -0.161794 0.026069 0.042768 -0.217677 0.029537 0.014471 -0.165567 0.029537 0.008423 -0.167415 0.038126 0.100839 -0.16185 0.010344 0.100193 -0.161094 0.010344 0.069772 -0.167084 0.038878 0.077854 -0.180369 0.053136 0.102342 -0.182535 0.054444 0.083677 -0.193324 0.038126 0.103845 -0.19891 0.038877 0.081547 -0.198888 0.010344 0.104491 -0.206591 0.010344 0.075052 -0.18552 0.071319 0.05796 -0.203618 0.0553 0.055658 -0.168431 0.055301 0.051574 -0.161794 0.026069 0.042768 -0.212095 0.02607 0.048606 -0.189454 0.074347 0.024065 -0.207766 0.057211 0.033624 -0.171313 0.057211 0.029393 -0.165567 0.029537 0.008423 -0.217677 0.029537 0.014471 -0.284261 0 -0.156645 -0.2319 0 -0.156645 -0.217088 0 -0.080046 -0.299073 0 -0.080046 -0.258081 0.000000 -0.233244 -0.299073 0 -0.080046 -0.217088 0 -0.080046 -0.229405 0.047253 -0.080046 -0.286756 0.047253 -0.080046 -0.258081 0.077939 -0.080046 -0.276395 0.030871 -0.156645 -0.284261 0 -0.156645 -0.299073 0 -0.080046 -0.286756 0.047253 -0.080046 -0.258081 0.050807 -0.156646 -0.258081 0.000000 -0.233244 -0.258081 0.077939 -0.080046 -0.239766 0.030871 -0.156645 -0.229405 0.047253 -0.080046 -0.2319 0 -0.156645 -0.217088 0 -0.080046 -0.276724 0.010344 -0.107874 -0.239437 0.010344 -0.107874 -0.23518 0.010344 -0.077743 -0.280982 0.010344 -0.077743 -0.232761 0.026069 -0.050839 -0.2834 0.026069 -0.050839 -0.231851 0.026069 -0.010263 -0.284311 0.02607 -0.010263 -0.271122 0.038126 -0.107874 -0.276724 0.010344 -0.107874 -0.280982 0.010344 -0.077743 -0.2741 0.038877 -0.085081 -0.258081 0.053136 -0.107874 -0.258081 0.054444 -0.089084 -0.245039 0.038126 -0.107874 -0.242061 0.038877 -0.085081 -0.239437 0.010344 -0.107874 -0.23518 0.010344 -0.077743 -0.258081 0.071319 -0.063195 -0.240369 0.055301 -0.058821 -0.275792 0.055301 -0.058821 -0.2834 0.026069 -0.050839 -0.232761 0.026069 -0.050839 -0.258081 0.074347 -0.029072 -0.239732 0.057211 -0.02833 -0.276429 0.057211 -0.02833 -0.284311 0.02607 -0.010263 -0.231851 0.026069 -0.010263 -0.275347 0.278228 0.028125 -0.28034 0.258995 0.016076 -0.292316 0.249412 0.043355 -0.285255 0.270301 0.050693 -0.28034 0.23983 0.070635 -0.275347 0.262373 0.073261 -0.251427 0.23586 0.081934 -0.251427 0.259089 0.08261 -0.222513 0.23983 0.070635 -0.227506 0.262373 0.073261 -0.210537 0.249412 0.043355 -0.217598 0.270301 0.050693 -0.222513 0.258995 0.016076 -0.227506 0.278228 0.028125 -0.251427 0.262964 0.004777 -0.251427 0.281512 0.018776 -0.251427 0.281512 0.018776 -0.251427 0.262964 0.004777 -0.351815 0.33921 -0.126812 -0.339236 0.331684 -0.142541 -0.336995 0.313199 -0.123918 -0.350385 0.32742 -0.114935 -0.354006 0.355284 -0.131163 -0.342672 0.356887 -0.149362 -0.356371 0.371336 -0.126821 -0.346381 0.382055 -0.142555 -0.358278 0.383064 -0.11495 -0.34937 0.400444 -0.123942 -0.359214 0.387327 -0.09873 -0.350838 0.407127 -0.098511 -0.35893 0.382981 -0.082509 -0.350392 0.400313 -0.073077 -0.3575 0.371191 -0.070631 -0.348151 0.381828 -0.054454 -0.35531 0.355117 -0.066281 -0.344716 0.356624 -0.047632 -0.352944 0.339065 -0.070622 -0.341007 0.331457 -0.05444 -0.351037 0.327337 -0.082493 -0.338017 0.313067 -0.073053 -0.350101 0.323075 -0.098713 -0.336549 0.306385 -0.098483 -0.34204 0.407243 -0.098334 -0.340572 0.40056 -0.123765 -0.341594 0.400429 -0.072899 -0.339353 0.381944 -0.054277 -0.335918 0.356741 -0.047455 -0.332209 0.331573 -0.054263 -0.32922 0.313184 -0.072876 -0.327752 0.306501 -0.098306 -0.328198 0.313315 -0.123741 -0.330439 0.3318 -0.142364 -0.333874 0.357003 -0.149185 -0.337583 0.382171 -0.142378 -0.354658 0.355201 -0.098721 -0.351815 0.33921 -0.126812 -0.350385 0.32742 -0.114935 -0.354006 0.355284 -0.131163 -0.356371 0.371336 -0.126821 -0.358278 0.383064 -0.11495 -0.359214 0.387327 -0.09873 -0.35893 0.382981 -0.082509 -0.3575 0.371191 -0.070631 -0.35531 0.355117 -0.066281 -0.352944 0.339065 -0.070622 -0.351037 0.327337 -0.082493 -0.350101 0.323075 -0.098713 0.172267 0.739795 0.20208 0.152653 0.757666 0.242028 0.110966 0.708264 0.272763 0.055659 0.921317 0.301575 0.091643 0.863932 0.344155 0.113219 0.837783 0.272361 0 0.947819 0.27528 0.074243 0.901731 0.215909 0 0.937345 0.387097 0.041432 0.92659 0.394904 0 0.937149 0.174784 -0.074243 0.901731 0.215909 -0.055659 0.921317 0.301575 -0.113219 0.837783 0.272361 -0.091643 0.863932 0.344155 0.091643 0.863932 0.344155 0.123211 0.820979 0.365551 0.148674 0.783047 0.294709 0.105531 0.733687 0.319155 0.065695 0.89008 0.415948 0.099805 0.857369 0.433512 0.095403 0.774311 0.387082 -0.148674 0.783047 0.294709 -0.160642 0.764978 0.260963 -0.105531 0.733687 0.319155 -0.123211 0.820979 0.365551 -0.091643 0.863932 0.344155 -0.095403 0.774311 0.387082 0 0.648495 0.205965 0.110155 0.655832 0.210599 0.110966 0.708264 0.272763 0 0.701831 0.268662 -0.110966 0.708264 0.272763 -0.110155 0.655832 0.210599 0 0.774311 0.387082 0 0.733687 0.319155 0.105531 0.733687 0.319155 0.095403 0.774311 0.387082 -0.095403 0.774311 0.387082 -0.105531 0.733687 0.319155 0 0.819295 0.45521 0.142504 0.735564 0.198954 0.102534 0.791322 0.204635 0.117144 0.80152 0.204635 0.172267 0.739795 0.20208 0.043122 0.620256 0.254102 0.042541 0.652777 0.27831 0 0.571931 0.268549 0.08006 0.64803 0.218808 0.078854 0.673586 0.24906 0.102856 0.710329 0.23619 -0.102856 0.710329 0.23619 -0.108124 0.68963 0.202442 -0.08006 0.64803 0.218808 0.076283 0.814749 0.406437 0.072221 0.785799 0.415348 0.079464 0.758227 0.38603 0.089087 0.78963 0.376675 -0.076283 0.814749 0.406437 -0.089087 0.78963 0.376675 -0.079464 0.758227 0.38603 0.081598 0.793864 0.372385 0.073579 0.764327 0.381296 0.080935 0.736755 0.351979 0.045397 0.720123 0.369416 0.039751 0.748389 0.398241 0 0.682645 0.356551 -0.081598 0.793864 0.372385 -0.094528 0.768766 0.342623 -0.080935 0.736755 0.351979 0.074937 0.742854 0.347244 0.040491 0.726916 0.364189 0.046179 0.698717 0.335523 0 0.689599 0.351264 0 0.661253 0.333928 -0.040491 0.726916 0.364189 -0.046179 0.698717 0.335523 -0.074937 0.742854 0.347244 -0.082408 0.715343 0.318014 -0.086913 0.772978 0.338332 0.080935 0.736755 0.351979 0.074937 0.742854 0.347244 0.086913 0.772978 0.338332 0.045397 0.720123 0.369416 0.040491 0.726916 0.364189 0 0.682645 0.356551 0 0.689599 0.351264 -0.040491 0.726916 0.364189 -0.045397 0.720123 0.369416 -0.074937 0.742854 0.347244 -0.080935 0.736755 0.351979 -0.086913 0.772978 0.338332 -0.094528 0.768766 0.342623 0.089087 0.78963 0.376675 0.079464 0.758227 0.38603 0.081598 0.793864 0.372385 0.114932 0.677888 0.191595 0.115773 0.710341 0.24366 0.110966 0.708264 0.272763 0.110155 0.655832 0.210599 -0.142504 0.735564 0.198954 -0.115773 0.710341 0.24366 -0.170546 0.739795 0.20208 -0.142504 0.735564 0.198954 -0.170546 0.739795 0.20208 -0.117144 0.80152 0.204635 -0.114932 0.677888 0.191595 -0.110155 0.655832 0.210599 -0.110966 0.708264 0.272763 -0.114932 0.677888 0.191595 -0.115773 0.710341 0.24366 -0.142504 0.735564 0.198954 -0.045031 0.781849 0.68767 -0.048249 0.767464 0.666006 0 0.722381 0.705616 -0.077001 0.813573 0.637205 -0.085057 0.784909 0.614949 -0.103637 0.844689 0.579344 -0.112958 0.807341 0.553017 -0.088268 0.752944 0.595199 -0.129125 0.873871 0.515792 -0.136999 0.832222 0.485327 -0.152801 0.854377 0.415513 -0.144102 0.903782 0.449797 -0.154108 0.883612 0.349624 -0.14493 0.934307 0.383392 -0.147582 0.912848 0.283735 -0.132937 0.965405 0.319139 -0.109298 0.969806 0.179061 -0.102157 1.00709 0.244159 -0.050675 1.01558 0.098461 -0.051953 1.03901 0.18931 0 1.05721 0.170171 0 1.03566 0.0639 -0.126157 0.948593 0.480185 -0.111692 0.916886 0.54464 -0.086326 0.958799 0.571818 -0.096171 0.990135 0.505644 -0.072095 0.922875 0.632746 -0.089623 0.887941 0.606009 -0.04975 0.87864 0.685131 -0.064217 0.844926 0.66113 -0.126203 0.977888 0.415498 -0.096116 1.01603 0.441391 -0.11527 1.00537 0.35462 -0.090425 1.03594 0.38133 -0.092445 1.03242 0.304424 -0.080624 1.04735 0.336196 -0.039827 0.95549 0.654555 -0.029879 0.911867 0.708086 0 0.967136 0.672686 0 0.933472 0.727602 0 1.00582 0.605168 -0.051161 0.993606 0.59165 0 1.04379 0.530068 -0.053653 1.02259 0.523576 0 1.06192 0.467793 -0.053342 1.046 0.457513 0 1.07225 0.402361 -0.050647 1.06073 0.391265 0 1.07509 0.320864 -0.048832 1.06491 0.324846 -0.050946 1.05746 0.272708 0 1.07065 0.252492 0.050675 1.01558 0.098461 0.051953 1.03901 0.18931 0.102157 1.00709 0.244159 0.109298 0.969806 0.179061 0.132937 0.965405 0.319139 0.147582 0.912848 0.283735 0.14493 0.934307 0.383392 0.154108 0.883612 0.349624 0.144102 0.903782 0.449797 0.152801 0.854377 0.415513 0.129125 0.873871 0.515792 0.136999 0.832222 0.485327 0.112958 0.807341 0.553017 0.103637 0.844689 0.579344 0.085057 0.784909 0.614949 0.077001 0.813573 0.637205 0.048249 0.767464 0.666006 0.045031 0.781849 0.68767 0 0.722381 0.705616 0.088268 0.752944 0.595199 0.064217 0.844926 0.66113 0.089623 0.887941 0.606009 0.04975 0.87864 0.685131 0.072095 0.922875 0.632746 0.111692 0.916886 0.54464 0.086326 0.958799 0.571818 0.126157 0.948593 0.480185 0.096171 0.990135 0.505644 0.126203 0.977888 0.415498 0.096116 1.01603 0.441391 0.11527 1.00537 0.35462 0.090425 1.03594 0.38133 0.092445 1.03242 0.304424 0.080624 1.04735 0.336196 0.039827 0.95549 0.654555 0.029879 0.911867 0.708086 0.051161 0.993606 0.59165 0.053653 1.02259 0.523576 0.053342 1.046 0.457513 0.050647 1.06073 0.391265 0.048832 1.06491 0.324846 0.050946 1.05746 0.272708 -0.142364 0.774997 0.450774 -0.112958 0.807341 0.553017 -0.136999 0.832222 0.485327 -0.152801 0.854377 0.415513 -0.128735 0.908527 0.296636 -0.147582 0.912848 0.283735 -0.109298 0.969806 0.179061 -0.095339 0.964513 0.189282 -0.134428 0.883026 0.354111 -0.154108 0.883612 0.349624 -0.13694 0.853934 0.410265 -0.152801 0.854377 0.415513 -0.050675 1.01558 0.098461 -0.044203 1.00788 0.111763 0 1.03566 0.0639 0 1.0255 0.084402 0.044203 1.00788 0.111763 0.050675 1.01558 0.098461 0.095339 0.964512 0.189282 0.109298 0.969806 0.179061 0.128735 0.908527 0.296636 0.147582 0.912848 0.283735 0.134428 0.883026 0.354111 0.154108 0.883612 0.349624 0.13694 0.853934 0.410265 0.152801 0.854377 0.415513 -0.137899 0.776086 0.448821 -0.142364 0.774997 0.450774 -0.152801 0.854377 0.415513 -0.13694 0.853934 0.410265 -0.085194 0.752944 0.595199 -0.088268 0.752944 0.595199 -0.112958 0.807341 0.553017 -0.10106 0.808158 0.550394 0 0.742384 0.687102 0 0.722381 0.705616 -0.048249 0.767464 0.666006 -0.042804 0.764807 0.662048 0.048249 0.767464 0.666006 0.042804 0.764807 0.662048 -0.042804 0.764807 0.662048 -0.048249 0.767464 0.666006 -0.088268 0.752944 0.595199 -0.085194 0.752944 0.595199 -0.10106 0.808158 0.550394 -0.112958 0.807341 0.553017 -0.142364 0.774997 0.450774 -0.137899 0.776086 0.448821 -0.119 0.83178 0.48033 -0.137899 0.776086 0.448821 -0.13694 0.853934 0.410265 -0.070699 0.850514 0.528085 -0.10106 0.808158 0.550394 -0.070699 0.850514 0.528085 -0.065352 0.840701 0.569348 -0.027435 0.797018 0.64959 -0.042804 0.764807 0.662048 -0.085194 0.752944 0.595199 0 0.785647 0.670801 0 0.742384 0.687102 0.042804 0.764807 0.662048 0.027435 0.797018 0.64959 0.10106 0.808158 0.550394 0.085194 0.752944 0.595199 0.065352 0.840701 0.569348 0.070699 0.850514 0.528085 0.119 0.83178 0.48033 0.137899 0.776086 0.448821 0.13694 0.853934 0.410265 0.070699 0.850514 0.528085 0 0.840701 0.569348 -0.065352 0.840701 0.569348 -0.070699 0.850514 0.528085 0 0.850514 0.528085 0 0.785647 0.670801 -0.027435 0.797018 0.64959 0.070699 0.850514 0.528085 0.065352 0.840701 0.569348 0.027435 0.797018 0.64959 -0.13694 0.853934 0.410265 -0.070699 0.828324 0.50145 -0.070699 0.850514 0.528085 0 0.779177 0.483211 0 0.823352 0.50364 -0.070352 0.779177 0.483211 0 0.850514 0.528085 0.070699 0.850514 0.528085 0.070352 0.779177 0.483211 0.070699 0.828324 0.50145 0.13694 0.853934 0.410265 0.070352 0.779177 0.483211 -0.087127 0.939461 0.309935 -0.128735 0.908527 0.296636 -0.095339 0.964513 0.189282 -0.058561 0.986777 0.226671 -0.095255 0.895432 0.357296 -0.134428 0.883026 0.354111 -0.096091 0.860717 0.386551 -0.13694 0.853934 0.410265 -0.044203 1.00788 0.111763 -0.032993 1.02025 0.160246 0 1.0255 0.084402 0 1.02906 0.146565 0 0.8682 0.380486 0 0.895432 0.360481 0 0.970395 0.323233 0 1.00904 0.26406 0 1.03262 0.208728 0.032993 1.02025 0.160246 0.044203 1.00788 0.111763 0.058561 0.986777 0.226671 0.095339 0.964512 0.189282 0.087127 0.939461 0.309935 0.128735 0.908527 0.296636 0.095255 0.895432 0.357296 0.134428 0.883026 0.354111 0.096091 0.860717 0.386551 0.13694 0.853934 0.410265 -0.072223 0.799471 0.385373 -0.070352 0.779177 0.483211 -0.13694 0.853934 0.410265 -0.096091 0.860717 0.386551 0 0.799471 0.385373 0 0.779177 0.483211 0.070352 0.779177 0.483211 0.072223 0.799471 0.385373 0.13694 0.853934 0.410265 0.096091 0.860717 0.386551 -0.096091 0.860717 0.386551 0 0.8682 0.380486 0 0.799471 0.385373 0.096091 0.860717 0.386551 0.112958 0.807341 0.553017 0.142364 0.774997 0.450774 0.136999 0.832222 0.485327 0.152801 0.854377 0.415513 0.137899 0.776086 0.448821 0.13694 0.853934 0.410265 0.152801 0.854377 0.415513 0.142364 0.774997 0.450774 0.085194 0.752944 0.595199 0.10106 0.808158 0.550394 0.112958 0.807341 0.553017 0.088268 0.752944 0.595199 0.042804 0.764807 0.662048 0.085194 0.752944 0.595199 0.088268 0.752944 0.595199 0.048249 0.767464 0.666006 0.10106 0.808158 0.550394 0.137899 0.776086 0.448821 0.142364 0.774997 0.450774 0.112958 0.807341 0.553017 -0.106671 0.83809 0.59989 -0.091091 0.829015 0.604882 -0.078391 0.838061 0.631369 -0.096636 0.841497 0.621457 -0.115097 0.836996 0.578323 -0.103792 0.827814 0.578394 -0.124185 0.838614 0.552297 -0.11632 0.829611 0.548321 -0.133552 0.842945 0.52627 -0.128848 0.836987 0.518248 -0.139063 0.863882 0.506374 -0.136857 0.856965 0.491313 -0.128848 0.836987 0.518248 -0.133552 0.842945 0.52627 -0.143224 0.890353 0.490281 -0.141628 0.881366 0.468183 -0.142504 0.913526 0.484411 -0.141258 0.917481 0.4523 -0.138973 0.936699 0.485084 -0.138077 0.953597 0.442961 -0.125638 0.950756 0.508965 -0.115111 0.978081 0.478107 -0.138077 0.953597 0.442961 -0.138973 0.936699 0.485084 -0.113802 0.956174 0.5379 -0.095484 0.987925 0.518898 -0.099943 0.86866 0.611953 -0.08263 0.866058 0.622721 -0.086903 0.894056 0.609695 -0.103285 0.895822 0.598072 -0.096636 0.841497 0.621457 -0.078391 0.838061 0.631369 -0.09146 0.926467 0.588151 -0.107821 0.920716 0.581185 -0.093997 0.954421 0.563317 -0.110339 0.941153 0.561008 -0.095484 0.987925 0.518898 -0.113802 0.956174 0.5379 -0.105031 0.840363 0.596464 -0.106671 0.83809 0.59989 -0.096636 0.841497 0.621457 -0.095424 0.843697 0.616845 -0.115097 0.836996 0.578323 -0.113028 0.839343 0.576082 -0.121633 0.84082 0.550665 -0.124185 0.838614 0.552297 -0.133552 0.842945 0.52627 -0.130518 0.845011 0.525248 -0.134952 0.864785 0.506687 -0.139063 0.863882 0.506374 -0.133552 0.842945 0.52627 -0.130518 0.845011 0.525248 -0.143224 0.890353 0.490281 -0.138036 0.890092 0.491929 -0.137246 0.912248 0.486615 -0.142504 0.913526 0.484411 -0.138973 0.936699 0.485084 -0.133646 0.934404 0.487844 -0.120981 0.947707 0.510444 -0.125638 0.950756 0.508965 -0.138973 0.936699 0.485084 -0.133646 0.934404 0.487844 -0.109705 0.952834 0.537827 -0.113802 0.956174 0.5379 -0.106732 0.939066 0.559696 -0.110339 0.941153 0.561008 -0.113802 0.956174 0.5379 -0.109705 0.952834 0.537827 -0.107821 0.920716 0.581185 -0.10446 0.920477 0.57823 -0.103285 0.895822 0.598072 -0.100169 0.897429 0.593474 -0.097779 0.870563 0.607348 -0.099943 0.86866 0.611953 -0.096636 0.841497 0.621457 -0.095424 0.843697 0.616845 -0.127356 0.892071 0.552191 -0.119721 0.867856 0.574368 -0.116136 0.871591 0.581722 -0.095424 0.843697 0.616845 -0.105031 0.840363 0.596464 -0.113028 0.839343 0.576082 -0.123685 0.866746 0.564516 -0.127825 0.867436 0.552647 -0.121633 0.84082 0.550665 -0.130518 0.845011 0.525248 -0.131718 0.871208 0.541087 -0.134178 0.879922 0.531824 -0.134952 0.864785 0.506687 -0.138036 0.890092 0.491929 -0.135473 0.891345 0.525146 -0.135126 0.902951 0.52256 -0.137246 0.912248 0.486615 -0.133646 0.934404 0.487844 -0.1329 0.914396 0.523143 -0.127627 0.922417 0.531385 -0.122835 0.922223 0.545036 -0.120484 0.915702 0.556695 -0.118908 0.90619 0.566088 -0.120981 0.947707 0.510444 -0.109705 0.952834 0.537827 -0.106732 0.939066 0.559696 -0.10446 0.920477 0.57823 -0.100169 0.897429 0.593474 -0.116789 0.895252 0.574493 -0.115763 0.882795 0.580158 -0.097779 0.870563 0.607348 -0.107275 0.906095 0.532679 -0.091091 0.829015 0.604882 -0.103792 0.827814 0.578394 -0.11632 0.829611 0.548321 -0.078391 0.838061 0.631369 -0.08263 0.866058 0.622721 -0.086903 0.894056 0.609695 -0.09146 0.926467 0.588151 -0.107275 0.906095 0.532679 -0.128848 0.836987 0.518248 -0.136857 0.856965 0.491313 -0.141628 0.881366 0.468183 -0.141258 0.917481 0.4523 -0.107275 0.906095 0.532679 -0.138077 0.953597 0.442961 -0.115111 0.978081 0.478107 -0.095484 0.987925 0.518898 -0.093997 0.954421 0.563317 -0.09146 0.926467 0.588151 0.149078 0.876691 0.460921 0.153469 0.838103 0.446872 0.175615 0.869809 0.317395 0.16882 0.904717 0.346521 0.173371 0.906467 0.277798 0.167219 0.934593 0.312489 0.159253 0.950983 0.231891 0.153744 0.972328 0.272147 0.13679 0.997225 0.180655 0.130574 1.01311 0.225987 0.107695 1.03846 0.137564 0.100771 1.04887 0.187973 0.06431 1.08319 0.145073 0.067772 1.07971 0.091873 0 1.12608 0.094855 0 1.12954 0.038864 -0.067772 1.07971 0.091873 -0.06431 1.08319 0.145073 -0.107695 1.03846 0.137564 -0.100771 1.04887 0.187973 -0.130574 1.01311 0.225987 -0.13679 0.997225 0.180655 -0.153744 0.972328 0.272147 -0.159253 0.950983 0.231891 -0.167219 0.934593 0.312489 -0.173371 0.906467 0.277798 -0.16882 0.904717 0.346521 -0.175615 0.869809 0.317395 -0.149078 0.876691 0.460921 -0.153469 0.838103 0.446872 0.142805 0.845448 0.484541 0.144568 0.823149 0.478856 0.153469 0.838103 0.446872 0.149078 0.876691 0.460921 0.131228 0.827633 0.538139 0.132553 0.811362 0.533922 0.144568 0.823149 0.478856 0.142805 0.845448 0.484541 0.161267 0.749945 0.361115 0.166872 0.777662 0.339453 0.153469 0.838103 0.446872 0.144568 0.823149 0.478856 0.142656 0.876511 0.459426 0.16231 0.904132 0.345699 0.169105 0.869224 0.316573 0.147001 0.838195 0.445597 0.16694 0.905094 0.277693 0.160789 0.93322 0.312384 0.153087 0.948682 0.232198 0.147578 0.970028 0.272454 0.131094 0.993956 0.180991 0.124878 1.00984 0.226323 0.102634 1.03425 0.137788 0.09571 1.04466 0.188197 0.060083 1.07816 0.145087 0.063545 1.07468 0.091886 0 1.11801 0.094738 0 1.12147 0.038746 -0.063545 1.07468 0.091886 -0.060083 1.07816 0.145087 -0.102634 1.03425 0.137788 -0.09571 1.04466 0.188197 -0.124878 1.00984 0.226323 -0.131094 0.993956 0.180991 -0.147578 0.970028 0.272454 -0.153087 0.948682 0.232198 -0.160789 0.93322 0.312384 -0.16694 0.905094 0.277693 -0.16231 0.904132 0.345699 -0.169105 0.869224 0.316573 -0.142656 0.876511 0.459426 -0.147001 0.838195 0.445597 0.136407 0.845307 0.482922 0.142656 0.876511 0.459426 0.147001 0.838195 0.445597 0.138124 0.823281 0.477455 0.124784 0.827421 0.536703 0.136407 0.845307 0.482922 0.138124 0.823281 0.477455 0.126109 0.81115 0.532486 0.154822 0.750421 0.35975 0.138124 0.823281 0.477455 0.147001 0.838195 0.445597 0.160427 0.778138 0.338089 0.149078 0.876691 0.460921 0.16882 0.904717 0.346521 0.16231 0.904132 0.345699 0.142656 0.876511 0.459426 0.160789 0.93322 0.312384 0.167219 0.934593 0.312489 0.147578 0.970028 0.272454 0.153744 0.972328 0.272147 0.124878 1.00984 0.226323 0.130574 1.01311 0.225987 0.09571 1.04466 0.188197 0.100771 1.04887 0.187973 0.060083 1.07816 0.145087 0.06431 1.08319 0.145073 0 1.11801 0.094738 0 1.12608 0.094855 -0.06431 1.08319 0.145073 -0.060083 1.07816 0.145087 -0.100771 1.04887 0.187973 -0.09571 1.04466 0.188197 -0.130574 1.01311 0.225987 -0.124878 1.00984 0.226323 -0.153744 0.972328 0.272147 -0.147578 0.970028 0.272454 -0.167219 0.934593 0.312489 -0.160789 0.93322 0.312384 -0.16882 0.904717 0.346521 -0.16231 0.904132 0.345699 -0.149078 0.876691 0.460921 -0.142656 0.876511 0.459426 0.175615 0.869809 0.317395 0.153469 0.838103 0.446872 0.147001 0.838195 0.445597 0.169105 0.869224 0.316573 0.067772 1.07971 0.091873 0.107695 1.03846 0.137564 0.102634 1.03425 0.137788 0.063545 1.07468 0.091886 0 1.12954 0.038864 0 1.12147 0.038746 0.131094 0.993956 0.180991 0.13679 0.997225 0.180655 0.153087 0.948682 0.232198 0.159253 0.950983 0.231891 0.16694 0.905094 0.277693 0.173371 0.906467 0.277798 0.169105 0.869224 0.316573 0.175615 0.869809 0.317395 -0.063545 1.07468 0.091886 -0.067772 1.07971 0.091873 -0.102634 1.03425 0.137788 -0.107695 1.03846 0.137564 -0.131094 0.993956 0.180991 -0.13679 0.997225 0.180655 -0.153087 0.948682 0.232198 -0.159253 0.950983 0.231891 -0.16694 0.905094 0.277693 -0.173371 0.906467 0.277798 -0.169105 0.869224 0.316573 -0.175615 0.869809 0.317395 0.142805 0.845448 0.484541 0.149078 0.876691 0.460921 0.142656 0.876511 0.459426 0.136407 0.845307 0.482922 0.131228 0.827633 0.538139 0.142805 0.845448 0.484541 0.136407 0.845307 0.482922 0.124784 0.827421 0.536703 0.132553 0.811362 0.533922 0.131228 0.827633 0.538139 0.124784 0.827421 0.536703 0.126109 0.81115 0.532486 0.144568 0.823149 0.478856 0.132553 0.811362 0.533922 0.126109 0.81115 0.532486 0.138124 0.823281 0.477455 0.161267 0.749945 0.361115 0.144568 0.823149 0.478856 0.138124 0.823281 0.477455 0.154822 0.750421 0.35975 0.166872 0.777662 0.339453 0.161267 0.749945 0.361115 0.154822 0.750421 0.35975 0.160427 0.778138 0.338089 0.153469 0.838103 0.446872 0.166872 0.777662 0.339453 0.160427 0.778138 0.338089 0.147001 0.838195 0.445597 -0.142805 0.845448 0.484541 -0.149078 0.876691 0.460921 -0.153469 0.838103 0.446872 -0.144568 0.823149 0.478856 -0.131228 0.827633 0.538139 -0.142805 0.845448 0.484541 -0.144568 0.823149 0.478856 -0.132553 0.811362 0.533922 -0.161267 0.749945 0.361115 -0.144568 0.823149 0.478856 -0.153469 0.838103 0.446872 -0.166872 0.777662 0.339453 -0.136407 0.845307 0.482922 -0.138124 0.823281 0.477455 -0.147001 0.838195 0.445597 -0.142656 0.876511 0.459426 -0.124784 0.827421 0.536703 -0.126109 0.81115 0.532486 -0.138124 0.823281 0.477455 -0.136407 0.845307 0.482922 -0.154822 0.750421 0.35975 -0.160427 0.778138 0.338089 -0.147001 0.838195 0.445597 -0.138124 0.823281 0.477455 -0.175615 0.869809 0.317395 -0.169105 0.869224 0.316573 -0.147001 0.838195 0.445597 -0.153469 0.838103 0.446872 -0.142805 0.845448 0.484541 -0.136407 0.845307 0.482922 -0.142656 0.876511 0.459426 -0.149078 0.876691 0.460921 -0.131228 0.827633 0.538139 -0.124784 0.827421 0.536703 -0.136407 0.845307 0.482922 -0.142805 0.845448 0.484541 -0.132553 0.811362 0.533922 -0.126109 0.81115 0.532486 -0.124784 0.827421 0.536703 -0.131228 0.827633 0.538139 -0.144568 0.823149 0.478856 -0.138124 0.823281 0.477455 -0.126109 0.81115 0.532486 -0.132553 0.811362 0.533922 -0.161267 0.749945 0.361115 -0.154822 0.750421 0.35975 -0.138124 0.823281 0.477455 -0.144568 0.823149 0.478856 -0.166872 0.777662 0.339453 -0.160427 0.778138 0.338089 -0.154822 0.750421 0.35975 -0.161267 0.749945 0.361115 -0.153469 0.838103 0.446872 -0.147001 0.838195 0.445597 -0.160427 0.778138 0.338089 -0.166872 0.777662 0.339453 0.106671 0.83809 0.59989 0.096636 0.841497 0.621457 0.078391 0.838061 0.631369 0.091091 0.829015 0.604882 0.115097 0.836996 0.578323 0.103792 0.827814 0.578394 0.124185 0.838614 0.552297 0.11632 0.829611 0.548321 0.133552 0.842945 0.52627 0.128848 0.836987 0.518248 0.139063 0.863882 0.506374 0.133552 0.842945 0.52627 0.128848 0.836987 0.518248 0.136857 0.856965 0.491313 0.143224 0.890353 0.490281 0.141628 0.881366 0.468183 0.142504 0.913526 0.484411 0.141258 0.917481 0.4523 0.138973 0.936699 0.485084 0.138077 0.953597 0.442961 0.125638 0.950756 0.508965 0.138973 0.936699 0.485084 0.138077 0.953597 0.442961 0.115111 0.978081 0.478107 0.113802 0.956174 0.5379 0.095484 0.987925 0.518898 0.099943 0.86866 0.611953 0.103285 0.895822 0.598072 0.086903 0.894056 0.609695 0.08263 0.866058 0.622721 0.096636 0.841497 0.621457 0.078391 0.838061 0.631369 0.09146 0.926467 0.588151 0.107821 0.920716 0.581185 0.093997 0.954421 0.563317 0.110339 0.941153 0.561008 0.095484 0.987925 0.518898 0.113802 0.956174 0.5379 0.105031 0.840363 0.596464 0.095424 0.843697 0.616845 0.096636 0.841497 0.621457 0.106671 0.83809 0.59989 0.115097 0.836996 0.578323 0.113028 0.839343 0.576082 0.121633 0.84082 0.550665 0.124185 0.838614 0.552297 0.133552 0.842945 0.52627 0.130518 0.845011 0.525248 0.134952 0.864785 0.506687 0.130518 0.845011 0.525248 0.133552 0.842945 0.52627 0.139063 0.863882 0.506374 0.143224 0.890353 0.490281 0.138036 0.890092 0.491929 0.137246 0.912248 0.486615 0.142504 0.913526 0.484411 0.138973 0.936699 0.485084 0.133646 0.934404 0.487844 0.120981 0.947707 0.510444 0.133646 0.934404 0.487844 0.138973 0.936699 0.485084 0.125638 0.950756 0.508965 0.109705 0.952834 0.537827 0.113802 0.956174 0.5379 0.106732 0.939066 0.559696 0.109705 0.952834 0.537827 0.113802 0.956174 0.5379 0.110339 0.941153 0.561008 0.107821 0.920716 0.581185 0.10446 0.920477 0.57823 0.103285 0.895822 0.598072 0.100169 0.897429 0.593474 0.097779 0.870563 0.607348 0.099943 0.86866 0.611953 0.096636 0.841497 0.621457 0.095424 0.843697 0.616845 0.119721 0.867856 0.574368 0.127356 0.892071 0.552191 0.116136 0.871591 0.581722 0.095424 0.843697 0.616845 0.105031 0.840363 0.596464 0.113028 0.839343 0.576082 0.123685 0.866746 0.564516 0.127825 0.867436 0.552647 0.121633 0.84082 0.550665 0.130518 0.845011 0.525248 0.131718 0.871208 0.541087 0.134178 0.879922 0.531824 0.134952 0.864785 0.506687 0.138036 0.890092 0.491929 0.135473 0.891345 0.525146 0.135126 0.902951 0.52256 0.137246 0.912248 0.486615 0.133646 0.934404 0.487844 0.1329 0.914396 0.523143 0.127627 0.922417 0.531385 0.122835 0.922223 0.545036 0.120484 0.915702 0.556695 0.118908 0.90619 0.566088 0.120981 0.947707 0.510444 0.109705 0.952834 0.537827 0.106732 0.939066 0.559696 0.10446 0.920477 0.57823 0.100169 0.897429 0.593474 0.116789 0.895252 0.574493 0.115763 0.882795 0.580158 0.097779 0.870563 0.607348 0.091091 0.829015 0.604882 0.107275 0.906095 0.532679 0.103792 0.827814 0.578394 0.11632 0.829611 0.548321 0.078391 0.838061 0.631369 0.08263 0.866058 0.622721 0.086903 0.894056 0.609695 0.09146 0.926467 0.588151 0.107275 0.906095 0.532679 0.128848 0.836987 0.518248 0.136857 0.856965 0.491313 0.141628 0.881366 0.468183 0.141258 0.917481 0.4523 0.107275 0.906095 0.532679 0.138077 0.953597 0.442961 0.115111 0.978081 0.478107 0.095484 0.987925 0.518898 0.093997 0.954421 0.563317 0.09146 0.926467 0.588151 0.066814 0.951125 0.573248 0.157903 1.17035 0.341708 0.040795 1.02588 0.402095 0.119637 0.97768 0.399073 0.157903 1.17035 0.341708 0.066814 0.951125 0.573248 0.040795 1.02588 0.402095 0.157903 1.17035 0.341708 0.119637 0.97768 0.399073 0 1.16388 0.433007 0 1.13846 0.479651 0.006648 1.11886 0.480243 0.044497 1.04119 0.476712 0.033219 1.00793 0.57581 0.006499 1.06723 0.556615 0 0.936362 0.728712 0 1.07732 0.570569 0.049635 1.04863 0.440006 0 1.04863 0.440006 0 1.16388 0.433007 0.049635 1.04863 0.440006 -0.049635 1.04863 0.440006 0 1.13031 0.482025 0 1.07554 0.566465 0.003331 1.06971 0.55804 0.00452 1.11983 0.482025 0.00452 1.11983 0.482025 0.003331 1.06971 0.55804 0.006499 1.06723 0.556615 0.006648 1.11886 0.480243 0 1.13031 0.482025 0.00452 1.11983 0.482025 0.006648 1.11886 0.480243 0 1.13846 0.479651 0.003331 1.06971 0.55804 0 1.07554 0.566465 0 1.07732 0.570569 0.006499 1.06723 0.556615 0 1.13846 0.479651 0 1.16388 0.433007 -0.006648 1.11886 0.480243 -0.044497 1.04119 0.476712 -0.033219 1.00793 0.57581 -0.006499 1.06723 0.556615 0 0.936362 0.728712 0 1.07732 0.570569 -0.049635 1.04863 0.440006 0 1.13031 0.482025 -0.00452 1.11983 0.482025 -0.003331 1.06971 0.55804 0 1.07554 0.566465 -0.00452 1.11983 0.482025 -0.006648 1.11886 0.480243 -0.006499 1.06723 0.556615 -0.003331 1.06971 0.55804 0 1.13031 0.482025 0 1.13846 0.479651 -0.006648 1.11886 0.480243 -0.00452 1.11983 0.482025 -0.003331 1.06971 0.55804 -0.006499 1.06723 0.556615 0 1.07732 0.570569 0 1.07554 0.566465 -0.157903 1.17035 0.341708 -0.066814 0.951125 0.573248 -0.040795 1.02588 0.402095 -0.157903 1.17035 0.341708 -0.119637 0.97768 0.399073 -0.066814 0.951125 0.573248 -0.157903 1.17035 0.341708 -0.040795 1.02588 0.402095 -0.119637 0.97768 0.399073 0.207169 1.05017 0.466416 0.078726 0.960855 0.63764 0.086656 0.934823 0.674695 0.090542 0.899822 0.692607 0.089782 0.842003 0.691065 0.086833 0.825669 0.66133 0.050698 0.790538 0.73125 0.057652 0.778979 0.679219 0.017462 0.728159 0.697928 0.082019 0.784976 0.62899 0.044102 0.825341 0.760857 0.015889 0.807074 0.783424 0.016484 0.765317 0.746061 0 0.800714 0.789993 0 0.849733 0.811633 0.013844 0.84947 0.799908 0 0.910472 0.789072 0.013663 0.908871 0.77674 0 0.954217 0.76452 0.013632 0.951387 0.753763 0 0.996435 0.736714 0.01365 0.99434 0.724533 0.037598 0.900995 0.752655 0.037374 0.942824 0.732488 0.03559 0.984955 0.709948 0 0.756199 0.749873 0 0.708351 0.696397 0.04096 0.859295 0.770605 0.009629 1.07473 0.664174 0.020318 1.07004 0.65271 0.05688 0.894135 0.734135 0.069875 0.926979 0.693773 0.078726 0.960855 0.63764 0.039363 1.05799 0.619514 0 1.15512 0.60382 0 1.08279 0.670876 -0.017462 0.728159 0.697928 -0.009629 1.07473 0.664174 -0.020318 1.07004 0.65271 -0.03559 0.984955 0.709948 -0.01365 0.99434 0.724533 -0.037374 0.942824 0.732488 -0.013632 0.951387 0.753763 -0.013663 0.908871 0.77674 -0.013844 0.84947 0.799908 -0.015889 0.807074 0.783424 -0.037598 0.900995 0.752655 -0.016484 0.765317 0.746061 -0.050698 0.790538 0.73125 -0.044102 0.825341 0.760857 -0.04096 0.859295 0.770605 -0.089782 0.842003 0.691065 -0.086833 0.825669 0.66133 -0.207169 1.05017 0.466416 -0.090542 0.899822 0.692607 -0.086656 0.934823 0.674695 -0.078726 0.960855 0.63764 -0.057652 0.778979 0.679219 -0.082019 0.784976 0.62899 -0.05688 0.894135 0.734135 -0.069875 0.926979 0.693773 -0.05688 0.894135 0.734135 -0.069875 0.926979 0.693773 -0.078726 0.960855 0.63764 -0.039363 1.05799 0.619514 0.010834 0.99214 0.720238 0.007706 1.07253 0.663998 0 1.07801 0.666581 0 0.994235 0.732419 -0.010834 0.99214 0.720238 -0.007706 1.07253 0.663998 0.039363 1.05799 0.619514 0 1.05799 0.644045 0 1.15512 0.60382 0.078726 0.960855 0.63764 0 0.960855 0.68427 0.066175 0.825669 0.66133 0.207169 1.05017 0.466416 0.086833 0.825669 0.66133 0 0.89567 0.700528 0 0.84898 0.707205 0.039942 0.778979 0.674419 0.082019 0.784976 0.62899 0 0.780064 0.709043 0 0.738366 0.69203 -0.039363 1.05799 0.619514 -0.039942 0.778979 0.674419 -0.066175 0.825669 0.66133 -0.082019 0.784976 0.62899 -0.078726 0.960855 0.63764 -0.207169 1.05017 0.466416 -0.086833 0.825669 0.66133 0 0.708351 0.696397 0 0.738366 0.69203 0.017462 0.728159 0.697928 -0.017462 0.728159 0.697928 0 0.738366 0.69203 0.039942 0.778979 0.674419 0.057652 0.778979 0.679219 0.017462 0.728159 0.697928 0.057652 0.778979 0.679219 0.039942 0.778979 0.674419 0.082019 0.784976 0.62899 0.082019 0.784976 0.62899 0.066175 0.825669 0.66133 0.086833 0.825669 0.66133 0.010834 0.99214 0.720238 0 0.994235 0.732419 0 0.996435 0.736714 0.01365 0.99434 0.724533 -0.010834 0.99214 0.720238 -0.01365 0.99434 0.724533 0.007706 1.07253 0.663998 0.010834 0.99214 0.720238 0.01365 0.99434 0.724533 0.009629 1.07473 0.664174 0 1.07801 0.666581 0.007706 1.07253 0.663998 0.009629 1.07473 0.664174 0 1.08279 0.670876 -0.009629 1.07473 0.664174 -0.007706 1.07253 0.663998 0.069875 0.926979 0.693773 0.05688 0.894135 0.734135 0 0.738366 0.69203 -0.017462 0.728159 0.697928 -0.057652 0.778979 0.679219 -0.039942 0.778979 0.674419 -0.039942 0.778979 0.674419 -0.057652 0.778979 0.679219 -0.082019 0.784976 0.62899 -0.066175 0.825669 0.66133 -0.082019 0.784976 0.62899 -0.086833 0.825669 0.66133 -0.007706 1.07253 0.663998 -0.009629 1.07473 0.664174 -0.01365 0.99434 0.724533 -0.010834 0.99214 0.720238 0.022692 0.365378 -0.689107 0.022692 0.392919 -0.689071 0.022692 0.392919 -0.611197 0.022692 0.365226 -0.636434 0.022692 0.382087 -0.829127 0.022692 0.365226 -0.828603 0.022692 0.375235 -0.956299 0.022692 0.361388 -0.964618 0.022692 0.423798 -0.752415 0.022692 0.332223 -0.828524 0.022692 0.336327 -0.964646 0.022692 0.309167 -0.828 0.022692 0.32239 -0.956381 0.022692 0.309167 -0.68918 0.022692 0.268318 -0.75235 0.022692 0.33225 -0.689143 0.022692 0.309167 -0.596106 0.022692 0.332182 -0.636388 0.022692 0.423798 -0.752415 0 0.451807 -0.752146 0 0.409802 -0.683518 0.022692 0.392919 -0.689071 0.022692 0.392919 -0.689071 0 0.409802 -0.683518 0 0.409802 -0.611197 0.022692 0.392919 -0.611197 0.022692 0.309167 -0.596106 0 0.283051 -0.587821 0 0.283051 -0.683636 0.022692 0.309167 -0.68918 0.022692 0.309167 -0.68918 0 0.283051 -0.683636 0 0.24031 -0.752076 0.022692 0.268318 -0.75235 0.022692 0.268318 -0.75235 0 0.24031 -0.752076 0 0.283051 -0.835257 0.022692 0.309167 -0.828 0.022692 0.309167 -0.828 0 0.283051 -0.835257 0 0.311063 -0.980603 0.022692 0.32239 -0.956381 0.022692 0.361388 -0.964618 0 0.365523 -0.988835 0 0.394232 -0.975702 0.022692 0.375235 -0.956299 0.022692 0.375235 -0.956299 0 0.394232 -0.975702 0 0.407592 -0.835257 0.022692 0.382087 -0.829127 0.022692 0.382087 -0.829127 0 0.407592 -0.835257 0 0.451807 -0.752146 0.022692 0.423798 -0.752415 0.022692 0.32239 -0.956381 0 0.311063 -0.980603 0 0.333782 -0.988865 0.022692 0.336327 -0.964646 0.018671 0.338517 -0.965517 0 0.33681 -0.98572 0 0.362494 -0.985697 0.018671 0.358776 -0.965496 0.01467 0.361605 -0.824062 0.01467 0.361724 -0.691157 0.01467 0.33589 -0.691191 0.01467 0.335869 -0.823987 0.01467 0.361605 -0.640972 0.01467 0.335837 -0.640928 0.01467 0.361605 -0.824062 0.022692 0.365226 -0.828603 0.022692 0.365378 -0.689107 0.01467 0.361724 -0.691157 0.022692 0.365226 -0.636434 0.01467 0.361605 -0.640972 0.01467 0.335869 -0.823987 0.022692 0.332223 -0.828524 0.022692 0.365226 -0.828603 0.01467 0.361605 -0.824062 0.01467 0.33589 -0.691191 0.022692 0.33225 -0.689143 0.022692 0.332223 -0.828524 0.01467 0.335869 -0.823987 0.01467 0.335837 -0.640928 0.022692 0.332182 -0.636388 0.01467 0.361605 -0.640972 0.022692 0.365226 -0.636434 0.022692 0.332182 -0.636388 0.01467 0.335837 -0.640928 0 0.283051 -0.587821 0.022692 0.309167 -0.596106 0.022692 0.392919 -0.611197 0 0.409802 -0.611197 0.018671 0.338517 -0.965517 0.022692 0.336327 -0.964646 0 0.333782 -0.988865 0 0.33681 -0.98572 0.018671 0.358776 -0.965496 0.022692 0.361388 -0.964618 0.022692 0.336327 -0.964646 0.018671 0.338517 -0.965517 0 0.362494 -0.985697 0 0.365523 -0.988835 0.022692 0.361388 -0.964618 0.018671 0.358776 -0.965496 -0.022692 0.365378 -0.689107 -0.022692 0.365226 -0.636434 -0.022692 0.392919 -0.611197 -0.022692 0.392919 -0.689071 -0.022692 0.382087 -0.829127 -0.022692 0.365226 -0.828603 -0.022692 0.375235 -0.956299 -0.022692 0.361388 -0.964618 -0.022692 0.423798 -0.752415 -0.022692 0.332223 -0.828524 -0.022692 0.336327 -0.964646 -0.022692 0.309167 -0.828 -0.022692 0.32239 -0.956381 -0.022692 0.309167 -0.68918 -0.022692 0.268318 -0.75235 -0.022692 0.33225 -0.689143 -0.022692 0.309167 -0.596106 -0.022692 0.332182 -0.636388 -0.022692 0.423798 -0.752415 -0.022692 0.392919 -0.689071 0 0.409802 -0.683518 0 0.451807 -0.752146 -0.022692 0.392919 -0.689071 -0.022692 0.392919 -0.611197 0 0.409802 -0.611197 0 0.409802 -0.683518 -0.022692 0.309167 -0.596106 -0.022692 0.309167 -0.68918 0 0.283051 -0.683636 0 0.283051 -0.587821 -0.022692 0.309167 -0.68918 -0.022692 0.268318 -0.75235 0 0.24031 -0.752076 0 0.283051 -0.683636 -0.022692 0.268318 -0.75235 -0.022692 0.309167 -0.828 0 0.283051 -0.835257 0 0.24031 -0.752076 -0.022692 0.309167 -0.828 -0.022692 0.32239 -0.956381 0 0.311063 -0.980603 0 0.283051 -0.835257 -0.022692 0.361388 -0.964618 -0.022692 0.375235 -0.956299 0 0.394232 -0.975702 0 0.365523 -0.988835 -0.022692 0.375235 -0.956299 -0.022692 0.382087 -0.829127 0 0.407592 -0.835257 0 0.394232 -0.975702 -0.022692 0.382087 -0.829127 -0.022692 0.423798 -0.752415 0 0.451807 -0.752146 0 0.407592 -0.835257 -0.022692 0.32239 -0.956381 -0.022692 0.336327 -0.964646 0 0.333782 -0.988865 0 0.311063 -0.980603 -0.018671 0.338517 -0.965517 -0.018671 0.358776 -0.965496 0 0.362494 -0.985697 0 0.33681 -0.98572 -0.01467 0.361605 -0.824062 -0.01467 0.335869 -0.823987 -0.01467 0.33589 -0.691191 -0.01467 0.361724 -0.691157 -0.01467 0.361605 -0.640972 -0.01467 0.335837 -0.640928 -0.01467 0.361605 -0.824062 -0.01467 0.361724 -0.691157 -0.022692 0.365378 -0.689107 -0.022692 0.365226 -0.828603 -0.022692 0.365226 -0.636434 -0.01467 0.361605 -0.640972 -0.01467 0.335869 -0.823987 -0.01467 0.361605 -0.824062 -0.022692 0.365226 -0.828603 -0.022692 0.332223 -0.828524 -0.01467 0.33589 -0.691191 -0.01467 0.335869 -0.823987 -0.022692 0.332223 -0.828524 -0.022692 0.33225 -0.689143 -0.01467 0.335837 -0.640928 -0.022692 0.332182 -0.636388 -0.01467 0.361605 -0.640972 -0.01467 0.335837 -0.640928 -0.022692 0.332182 -0.636388 -0.022692 0.365226 -0.636434 0 0.283051 -0.587821 0 0.409802 -0.611197 -0.022692 0.392919 -0.611197 -0.022692 0.309167 -0.596106 -0.018671 0.338517 -0.965517 0 0.33681 -0.98572 0 0.333782 -0.988865 -0.022692 0.336327 -0.964646 -0.018671 0.358776 -0.965496 -0.018671 0.338517 -0.965517 -0.022692 0.336327 -0.964646 -0.022692 0.361388 -0.964618 0 0.362494 -0.985697 -0.018671 0.358776 -0.965496 -0.022692 0.361388 -0.964618 0 0.365523 -0.988835 0.077641 0.280253 -0.086861 0.03788 0.26336 -0.094419 0.034147 0.248 -0.155661 0.075288 0.274996 -0.115658 0.13134 0.36793 -0.027953 0.126595 0.336394 -0.06819 0 0.245609 -0.166114 0 0.256419 -0.103139 0 0.238363 -0.212077 0.030414 0.242414 -0.202976 0.070849 0.254824 -0.188039 0.12314 0.319911 -0.101963 -0.03788 0.26336 -0.094419 -0.034147 0.248 -0.155661 -0.077641 0.280253 -0.086861 -0.075288 0.274996 -0.115658 -0.13134 0.36793 -0.027953 -0.126595 0.336394 -0.06819 -0.030414 0.242414 -0.202976 -0.070849 0.254824 -0.188039 -0.12314 0.319911 -0.101963 0 0.238363 -0.212077 0 0.267372 -0.232249 0.030414 0.242414 -0.202976 0.030414 0.258266 -0.218394 0.070849 0.254824 -0.188039 0.068248 0.269916 -0.207243 0.12314 0.319911 -0.101963 0.12271 0.337933 -0.108823 -0.068248 0.269916 -0.207243 -0.030414 0.258266 -0.218394 -0.070849 0.254824 -0.188039 -0.12314 0.319911 -0.101963 -0.12271 0.337933 -0.108823 0.135694 0.359749 -0.021304 0.135118 0.395063 0.019501 0.078427 0.274055 -0.087681 0.082695 0.311566 -0.01776 0.038426 0.256235 -0.098628 0.042159 0.273676 -0.054438 0 0.251731 -0.109303 0.169684 0.419435 -0.040438 0.176822 0.445099 -0.032521 0 0.264362 -0.131059 0.038426 0.271122 -0.120383 0.038426 0.256235 -0.098628 0 0.251731 -0.109303 0.078427 0.274055 -0.087681 0.075826 0.287715 -0.108393 0.135694 0.359749 -0.021304 0.127346 0.372163 -0.041164 -0.038426 0.256235 -0.098628 -0.038426 0.271122 -0.120383 -0.078427 0.274055 -0.087681 -0.075826 0.287715 -0.108393 -0.135694 0.359749 -0.021304 -0.127346 0.372163 -0.041164 0.127346 0.372163 -0.041164 0.159174 0.430684 -0.058435 0.169684 0.419435 -0.040438 0.135694 0.359749 -0.021304 0.159174 0.430684 -0.058435 0.158504 0.45147 -0.042237 0.176822 0.445099 -0.032521 0.169684 0.419435 -0.040438 0.185598 0.632067 0.134327 0.152203 0.582746 0.180378 0.14915 0.546999 0.174616 0.192572 0.617989 0.106814 0.194934 0.598262 0.087575 0.153816 0.482833 0.12061 0.101379 0.491685 0.196819 0.099923 0.416719 0.159132 0.068583 0.460937 0.210999 0.063134 0.401847 0.173654 0 0.438678 0.207715 0 0.393628 0.168108 -0.068583 0.460937 0.210999 -0.063134 0.401847 0.173654 -0.101379 0.491685 0.196819 -0.14915 0.546999 0.174616 -0.099923 0.416719 0.159132 -0.153816 0.482833 0.12061 -0.194934 0.598262 0.087575 -0.192497 0.570066 0.075479 -0.192572 0.617989 0.106814 -0.185598 0.632067 0.134327 -0.152203 0.582746 0.180378 0.194934 0.598262 0.087575 0.175273 0.603326 0.079951 0.192572 0.617989 0.106814 0.173116 0.623199 0.098954 0.185598 0.632067 0.134327 0.169882 0.639634 0.123165 0.164565 0.7264 0.20917 0.126762 0.695253 0.259711 0.15102 0.629914 0.230858 0.188824 0.701709 0.182212 0.105391 0.577909 0.256992 0.083466 0.642457 0.285835 0.060491 0.534406 0.267708 0.045605 0.606167 0.301204 0 0.503359 0.26788 0 0.589598 0.307071 0 0.428464 0.215134 0.068914 0.454819 0.220235 0.106657 0.521922 0.229987 0.156004 0.575772 0.188954 0.200458 0.676099 0.15531 0.201964 0.643543 0.128446 0.039677 0.622634 0.295605 0 0.60623 0.300383 0.076463 0.656016 0.282294 0.119751 0.709469 0.256322 0.122835 0.741344 0.204327 0.000000 0.680266 0.20226 -0.000000 0.643669 0.226987 0.000000 0.719094 0.173057 0.000000 0.680266 0.20226 -0.076463 0.656016 0.282294 -0.119751 0.709469 0.256322 -0.083466 0.642457 0.285835 -0.126762 0.695253 0.259711 -0.105391 0.577909 0.256992 -0.060491 0.534406 0.267708 -0.045605 0.606167 0.301204 -0.15102 0.629914 0.230858 -0.164565 0.7264 0.20917 -0.188824 0.701709 0.182212 -0.068914 0.454819 0.220235 -0.106657 0.521922 0.229987 -0.156004 0.575772 0.188954 -0.200458 0.676099 0.15531 -0.201964 0.643543 0.128446 -0.039677 0.622634 0.295605 -0.122835 0.741344 0.204327 0.156004 0.575772 0.188954 0.148491 0.586035 0.16082 0.187196 0.651993 0.118989 0.201964 0.643543 0.128446 0.106657 0.521922 0.229987 0.101768 0.53142 0.207025 0.068914 0.454819 0.220235 0.079237 0.479488 0.195457 0 0.428464 0.215134 0 0.438509 0.18502 -0.079237 0.479488 0.195457 -0.068914 0.454819 0.220235 -0.101768 0.53142 0.207025 -0.106657 0.521922 0.229987 -0.148491 0.586035 0.16082 -0.156004 0.575772 0.188954 -0.187196 0.651993 0.118989 -0.201964 0.643543 0.128446 0.187196 0.651993 0.118989 0.185186 0.67649 0.14039 0.200458 0.676099 0.15531 0.201964 0.643543 0.128446 0.188824 0.701709 0.182212 0.17642 0.705569 0.173726 0.164565 0.7264 0.20917 0.122835 0.741344 0.204327 0.131359 0.82669 0.012155 0.1727 0.806662 0.036487 0.198047 0.752421 0.008076 0.154913 0.780133 -0.038582 0.103606 0.790264 -0.062225 0.09066 0.834548 -0.013516 0.105496 0.861841 0.077409 0.065938 0.870277 0.067795 0.063311 0.853827 0.167272 0.141198 0.84361 0.086856 0.048551 0.860043 0.159874 0 0.892156 0.064439 0 0.887609 0.128407 0.065938 0.870277 0.067795 0.09066 0.834548 -0.013516 0 0.893735 -0.023503 0.103606 0.790264 -0.062225 0 0.891189 -0.081143 0 0.78494 -0.062801 0 0.74808 -0.194947 -0.088592 0.783015 -0.061846 -0.107964 0.721293 -0.121654 0.144841 0.774398 -0.036931 0.188869 0.746743 0.005808 0.200119 0.673782 -0.067992 0 0.627377 -0.325737 0 0.689812 -0.204522 0.095739 0.606504 -0.23262 0.289948 0.773477 0.137411 0.290085 0.731058 0.11516 0.284636 0.742826 0.089718 0.295481 0.736185 0.149529 0.298764 0.755867 0.184385 0.29868 0.781665 0.193033 0.29526 0.804276 0.180442 0.289811 0.815259 0.143074 0.284415 0.810419 0.108675 0.281132 0.791605 0.085738 0.281216 0.765954 0.081721 0.210357 0.706703 0.012122 0.211459 0.673117 0.051545 0.200119 0.673782 -0.067992 0.226032 0.602341 -0.01001 0.186793 0.655087 0.100765 0.170244 0.633313 0.130414 0.178457 0.566601 0.074566 0.103606 0.790264 -0.062225 0.088592 0.783015 -0.061846 0 0.868276 -0.076333 0 0.891189 -0.081143 0.154913 0.780133 -0.038582 0.144841 0.774398 -0.036931 0.198047 0.752421 0.008076 0.188869 0.746743 0.005808 -0.103606 0.790264 -0.062225 -0.088592 0.783015 -0.061846 -0.154913 0.780133 -0.038582 -0.144841 0.774398 -0.036931 -0.198047 0.752421 0.008076 -0.188869 0.746743 0.005808 0.088592 0.783015 -0.061846 0 0.78494 -0.062801 -0.088592 0.783015 -0.061846 0.221763 0.675528 0.053597 0.211459 0.673117 0.051545 0.210357 0.706703 0.012122 0.217448 0.707996 0.013917 0.188869 0.746743 0.005808 0.198047 0.752421 0.008076 0 0.627377 -0.325737 0.095739 0.606504 -0.23262 0 0.624403 -0.276762 0.16445 0.42566 -0.048933 0.159174 0.430684 -0.058435 0.199982 0.46873 -0.150774 0.221763 0.675528 0.053597 0.185186 0.67649 0.14039 0.196114 0.655896 0.103428 0.179945 0.633457 0.132589 0.1727 0.806662 0.036487 0.141198 0.84361 0.086856 0.190815 0.834202 0.091781 0.113071 0.835294 0.163316 0.173594 0.831112 0.15407 0.221763 0.675528 0.053597 0.217448 0.707996 0.013917 0.22894 0.721553 0.037311 0.198047 0.752421 0.008076 0.206565 0.804414 0.047405 0.219239 0.760606 0.026393 0.110844 0.801392 0.205686 0.175638 0.804432 0.194964 0.122835 0.741344 0.204327 0.181633 0.757262 0.202247 0.17642 0.705569 0.173726 0.194893 0.714824 0.175463 0.185186 0.67649 0.14039 0.205471 0.689101 0.14304 0.196114 0.655896 0.103428 0.186793 0.655087 0.100765 0.211459 0.673117 0.051545 0.221763 0.675528 0.053597 0.179945 0.633457 0.132589 0.170244 0.633313 0.130414 0.128074 0.350865 -0.081152 0.132017 0.381412 -0.042241 0.13134 0.36793 -0.027953 0.126595 0.336394 -0.06819 0.12271 0.337933 -0.108823 0.12314 0.319911 -0.101963 0.169141 0.358009 -0.1663 0.171184 0.373742 -0.146459 0.112513 0.306037 -0.169605 0.120557 0.326399 -0.109045 0.070516 0.258529 -0.207741 0.068477 0.264033 -0.178946 0.034147 0.242327 -0.249306 0.03316 0.256372 -0.188064 0 0.250975 -0.196784 0 0.235861 -0.259759 0.030414 0.234287 -0.295849 0.070849 0.245077 -0.281684 0.165574 0.342205 -0.195593 0.107099 0.296028 -0.229353 -0.03316 0.256372 -0.188064 -0.034147 0.242327 -0.249306 -0.068477 0.264033 -0.178946 -0.070516 0.258529 -0.207741 -0.120557 0.326399 -0.109045 -0.112513 0.306037 -0.169605 -0.171184 0.373742 -0.146459 -0.070849 0.245077 -0.281684 -0.030414 0.234287 -0.295849 -0.107099 0.296028 -0.229353 -0.165574 0.342205 -0.195593 -0.169141 0.358009 -0.1663 -0.159825 0.330325 -0.224238 0.165574 0.342205 -0.195593 0.15417 0.346413 -0.205311 0.169141 0.358009 -0.1663 0.155539 0.360424 -0.177028 0.171184 0.373742 -0.146459 0.160048 0.377132 -0.140231 0.284636 0.742826 0.089718 0.290085 0.731058 0.11516 0.233527 0.714863 0.097234 0.295481 0.736185 0.149529 0.233527 0.712886 0.141949 0.281216 0.765954 0.081721 0.233527 0.73729 0.060334 0.281132 0.791605 0.085738 0.233527 0.76856 0.045424 0.284415 0.810419 0.108675 0.233527 0.799369 0.057946 0.289811 0.815259 0.143074 0.233527 0.820181 0.093471 0.29526 0.804276 0.180442 0.233527 0.822179 0.138129 0.29868 0.781665 0.193033 0.233527 0.803821 0.174618 0.298764 0.755867 0.184385 0.233527 0.771457 0.189412 0.295481 0.736185 0.149529 0.233527 0.736009 0.177006 0.147752 0.584101 0.179002 0.102382 0.53585 0.211643 0.101742 0.498742 0.193413 0.143891 0.547202 0.171817 0.066786 0.465374 0.206037 0.143891 0.547202 0.171817 0.101742 0.498742 0.193413 0.101379 0.491685 0.196819 0.14915 0.546999 0.174616 0.068583 0.460937 0.210999 0.066786 0.465374 0.206037 0.147752 0.584101 0.179002 0.143891 0.547202 0.171817 0.14915 0.546999 0.174616 0.152203 0.582746 0.180378 0.128074 0.350865 -0.081152 0.163118 0.39939 -0.108372 0.132017 0.381412 -0.042241 0.12271 0.337933 -0.108823 0.160048 0.377132 -0.140231 0.159174 0.430684 -0.058435 0.160048 0.377132 -0.140231 0.171184 0.373742 -0.146459 0.110844 0.801392 0.205686 0.097724 0.80753 0.235059 0.122835 0.741344 0.204327 -0.127346 0.372163 -0.041164 -0.135694 0.359749 -0.021304 -0.169684 0.419435 -0.040438 -0.159174 0.430684 -0.058435 -0.159174 0.430684 -0.058435 -0.169684 0.419435 -0.040438 -0.176822 0.445099 -0.032521 -0.094594 0.428459 0.149711 -0.145366 0.494755 0.110489 -0.089845 0.392776 0.118561 -0.051381 0.363029 0.120044 -0.175273 0.603326 0.079951 -0.173043 0.575349 0.067504 -0.194934 0.598262 0.087575 -0.192572 0.617989 0.106814 -0.173116 0.623199 0.098954 -0.185598 0.632067 0.134327 -0.169882 0.639634 0.123165 -0.187196 0.651993 0.118989 -0.201964 0.643543 0.128446 -0.200458 0.676099 0.15531 -0.185186 0.67649 0.14039 -0.188824 0.701709 0.182212 -0.17642 0.705569 0.173726 -0.164565 0.7264 0.20917 -0.122835 0.741344 0.204327 -0.131359 0.82669 0.012155 -0.154913 0.780133 -0.038582 -0.198047 0.752421 0.008076 -0.1727 0.806662 0.036487 -0.103606 0.790264 -0.062225 -0.09066 0.834548 -0.013516 -0.105496 0.861841 0.077409 -0.065938 0.870277 0.067795 -0.063311 0.853827 0.167272 -0.141198 0.84361 0.086856 -0.113071 0.835294 0.163316 -0.110844 0.801392 0.205686 -0.065938 0.870277 0.067795 0 0.892156 0.064439 -0.09066 0.834548 -0.013516 0 0.893735 -0.023503 -0.103606 0.790264 -0.062225 0 0.891189 -0.081143 -0.144841 0.774398 -0.036931 -0.159421 0.707244 -0.106901 -0.200119 0.673782 -0.067992 -0.188869 0.746743 0.005808 -0.088592 0.783015 -0.061846 -0.107964 0.721293 -0.121654 -0.290085 0.731058 0.11516 -0.289948 0.773477 0.137411 -0.284636 0.742826 0.089718 -0.295481 0.736185 0.149529 -0.298764 0.755867 0.184385 -0.29868 0.781665 0.193033 -0.29526 0.804276 0.180442 -0.289811 0.815259 0.143074 -0.284415 0.810419 0.108675 -0.281132 0.791605 0.085738 -0.281216 0.765955 0.081721 -0.188869 0.746743 0.005808 -0.200119 0.673782 -0.067992 -0.210357 0.706703 0.012122 -0.211459 0.673117 0.051545 -0.226032 0.602341 -0.01001 -0.186793 0.655087 0.100765 -0.178457 0.566601 0.074566 -0.170244 0.633313 0.130414 -0.159174 0.430684 -0.058435 -0.199982 0.46873 -0.150774 -0.171184 0.373742 -0.146459 -0.221763 0.675528 0.053597 -0.217448 0.707996 0.013917 -0.210357 0.706703 0.012122 -0.211459 0.673117 0.051545 -0.188869 0.746743 0.005808 -0.198047 0.752421 0.008076 -0.16445 0.42566 -0.048933 -0.214169 0.465675 -0.153766 -0.199982 0.46873 -0.150774 -0.159174 0.430684 -0.058435 -0.185186 0.67649 0.14039 -0.221763 0.675528 0.053597 -0.196114 0.655896 0.103428 -0.179945 0.633457 0.132589 -0.198047 0.752421 0.008076 -0.219239 0.760606 0.026393 -0.206565 0.804414 0.047405 -0.1727 0.806662 0.036487 -0.217448 0.707996 0.013917 -0.22894 0.721553 0.037311 -0.221763 0.675528 0.053597 -0.231097 0.693325 0.077088 -0.185186 0.67649 0.14039 -0.205471 0.689101 0.14304 -0.141198 0.84361 0.086856 -0.113071 0.835294 0.163316 -0.190815 0.834202 0.091781 -0.110844 0.801392 0.205686 -0.173594 0.831112 0.15407 -0.122835 0.741344 0.204327 -0.175638 0.804432 0.194964 -0.17642 0.705569 0.173726 -0.181633 0.757262 0.202247 -0.185186 0.67649 0.14039 -0.194892 0.714824 0.175463 -0.196114 0.655896 0.103428 -0.221763 0.675528 0.053597 -0.211459 0.673117 0.051545 -0.186793 0.655087 0.100765 -0.179945 0.633457 0.132589 -0.170244 0.633313 0.130414 -0.128074 0.350865 -0.081152 -0.126595 0.336394 -0.06819 -0.13134 0.36793 -0.027953 -0.132017 0.381412 -0.042241 -0.12271 0.337933 -0.108823 -0.12314 0.319911 -0.101963 -0.15417 0.346413 -0.205311 -0.148365 0.33477 -0.22784 -0.165574 0.342205 -0.195593 -0.169141 0.358009 -0.1663 -0.155539 0.360424 -0.177028 -0.171184 0.373742 -0.146459 -0.284636 0.742826 0.089718 -0.233527 0.73729 0.060334 -0.233527 0.714863 0.097234 -0.290085 0.731058 0.11516 -0.233527 0.712886 0.141949 -0.295481 0.736185 0.149529 -0.281216 0.765955 0.081721 -0.233527 0.76856 0.045424 -0.281132 0.791605 0.085738 -0.233527 0.799369 0.057946 -0.284415 0.810419 0.108675 -0.233527 0.820181 0.093471 -0.289811 0.815259 0.143074 -0.233527 0.822179 0.138129 -0.29526 0.804276 0.180442 -0.233527 0.803821 0.174618 -0.29868 0.781665 0.193033 -0.233527 0.771457 0.189412 -0.298764 0.755867 0.184385 -0.233527 0.736009 0.177006 -0.295481 0.736185 0.149529 -0.233527 0.712886 0.141949 -0.147752 0.584101 0.179002 -0.143891 0.547202 0.171817 -0.101742 0.498742 0.193413 -0.102382 0.53585 0.211643 -0.066786 0.465374 0.206037 -0.143891 0.547202 0.171817 -0.14915 0.546999 0.174616 -0.101379 0.491685 0.196819 -0.101742 0.498742 0.193413 -0.068583 0.460937 0.210999 -0.066786 0.465374 0.206037 -0.147752 0.584101 0.179002 -0.152203 0.582746 0.180378 -0.14915 0.546999 0.174616 -0.143891 0.547202 0.171817 -0.159174 0.430684 -0.058435 -0.163118 0.39939 -0.108372 -0.132017 0.381412 -0.042241 -0.12271 0.337933 -0.108823 -0.160048 0.377132 -0.140231 -0.120557 0.326399 -0.109045 0.019908 0.36987 -0.627603 0.019908 0.36987 -0.515265 0.019908 0.31979 -0.611964 0 0.39491 -0.634012 0 0.39491 -0.515265 0.019908 0.31979 -0.515265 0 0.294751 -0.604147 -0.305682 0.77543 0.102256 -0.308457 0.77543 0.013883 -0.383816 0.785209 0.112284 -0.410897 0.77543 -0.025947 -0.308457 0.77543 0.013883 -0.305682 0.77543 0.102256 -0.383816 0.765651 0.112284 -0.383816 0.785209 0.112284 -0.410897 0.77543 -0.025947 -0.383816 0.765651 0.112284 -0.36792 0.77543 0.102256 -0.377013 0.77543 0.012303 -0.446054 0.785209 0.117812 -0.492878 0.77543 -0.027526 -0.377013 0.77543 0.012303 -0.36792 0.77543 0.102256 -0.446054 0.765651 0.117812 -0.446054 0.785209 0.117812 -0.492878 0.77543 -0.027526 -0.446054 0.765651 0.117812 -0.439787 0.77543 0.113312 -0.458357 0.77543 0.009934 -0.517921 0.785209 0.128869 -0.557542 0.77543 0.214526 -0.662368 0.77543 0.032144 -0.604264 0.785209 0.294098 -0.604264 0.785209 0.294098 -0.957763 0.77543 0.031962 -0.604264 0.765651 0.294098 -0.587794 0.77543 0.280873 -0.805241 0.77543 0.050249 -0.704209 0.785209 0.329056 -1.05651 0.77543 0.186416 -0.805241 0.77543 0.050249 -0.704209 0.765651 0.329056 -0.487559 0.77543 0.141681 -0.51688 0.77543 0.026754 -0.554267 0.785209 0.221253 -0.554267 0.785209 0.221253 -0.748784 0.77543 -0.005561 -0.554267 0.765651 0.221253 0.308457 0.77543 0.013883 0.305682 0.77543 0.102256 0.383816 0.785209 0.112284 0.308457 0.77543 0.013883 0.410897 0.77543 -0.025947 0.383816 0.765651 0.112284 0.305682 0.77543 0.102256 0.377013 0.77543 0.012303 0.36792 0.77543 0.102256 0.446054 0.785209 0.117812 0.36792 0.77543 0.102256 0.377013 0.77543 0.012303 0.446054 0.765651 0.117812 0.492878 0.77543 -0.027526 0.439787 0.77543 0.113312 0.458357 0.77543 0.009934 0.517921 0.765651 0.128869 0.557542 0.77543 0.214526 0.662368 0.77543 0.032144 0.604264 0.765651 0.294098 1.05651 0.77543 0.186416 0.805241 0.77543 0.050249 0.704209 0.785209 0.329056 0.587794 0.77543 0.280873 0.805241 0.77543 0.050249 0.704209 0.765651 0.329056 0.487559 0.77543 0.141681 0.51688 0.77543 0.026754 0.554267 0.765651 0.221253 0.179251 0.805471 0.414364 0.176355 0.788944 0.428649 0.155745 0.769088 0.410289 0.160276 0.795015 0.38794 0.180312 0.827127 0.410107 0.161935 0.828933 0.381292 0.179251 0.848082 0.417035 0.160276 0.861756 0.392124 0.176355 0.862695 0.433272 0.155745 0.884688 0.417534 0.172406 0.867055 0.454438 0.149555 0.891585 0.450716 0.168464 0.860021 0.474853 0.143364 0.880599 0.482775 0.165582 0.8435 0.489062 0.138833 0.854673 0.505124 0.164528 0.821913 0.493284 0.137174 0.820754 0.511772 0.165582 0.801023 0.486399 0.138833 0.787932 0.50094 0.168464 0.786404 0.470238 0.143364 0.764999 0.475529 0.172406 0.781975 0.449106 0.149555 0.758102 0.442348 0.177178 0.794507 0.433014 0.179613 0.80844 0.421003 0.180505 0.826668 0.417431 0.179613 0.844306 0.423252 0.177178 0.85663 0.436908 0.173851 0.860337 0.454739 0.173851 0.788604 0.450243 0.170525 0.79231 0.468074 0.16809 0.804634 0.48173 0.167198 0.822273 0.487551 0.16809 0.8405 0.483978 0.170525 0.854433 0.471968 0.155745 0.769088 0.410289 0.149555 0.824844 0.446532 0.160276 0.795015 0.38794 0.161935 0.828933 0.381292 0.160276 0.861756 0.392124 0.155745 0.884688 0.417534 0.149555 0.891585 0.450716 0.143364 0.880599 0.482775 0.138833 0.854673 0.505124 0.137174 0.820754 0.511772 0.138833 0.787932 0.50094 0.143364 0.764999 0.475529 0.149555 0.758102 0.442348 0.179613 0.80844 0.421003 0.173851 0.82447 0.452491 0.177178 0.794507 0.433014 0.180505 0.826668 0.417431 0.179613 0.844306 0.423252 0.177178 0.85663 0.436908 0.173851 0.860337 0.454739 0.170525 0.854433 0.471968 0.16809 0.8405 0.483978 0.167198 0.822273 0.487551 0.16809 0.804634 0.48173 0.170525 0.79231 0.468074 0.173851 0.788604 0.450243 0 0.414246 0.153404 0.130662 0.393091 -0.099662 0.251427 0.239735 0.004101 -0.258081 0.233345 0.045573 -0.284218 0.255656 -0.01982 -0.303352 0.255656 0.00808 -0.258081 0.255656 -0.030032 -0.308605 0.244735 0.057582 -0.303352 0.236206 0.07988 -0.287818 0.215145 0.102572 -0.258081 0.206745 0.115281 -0.231943 0.255656 -0.01982 -0.212809 0.255656 0.00808 -0.228344 0.215145 0.102572 -0.212809 0.236206 0.07988 -0.207556 0.244735 0.057581 -0.251427 0.239735 0.004101 -0.275347 0.236452 0.013449 -0.285255 0.228524 0.036018 -0.275347 0.220596 0.058586 -0.251427 0.217312 0.067934 -0.227506 0.220596 0.058586 -0.217598 0.228524 0.036018 -0.227506 0.236452 0.013449 -0.251427 0.239735 0.004101 0.068634 0.876907 0.254506 0.094265 0.832405 0.288952 0.117144 0.80152 0.204635 0.076745 0.865467 0.148183 0 0.903409 0.228212 0 0.900885 0.107058 -0.076745 0.865467 0.148183 -0.068634 0.876907 0.254506 -0.117144 0.80152 0.204635 -0.094265 0.832405 0.288952 0.117144 0.80152 0.204635 0.094265 0.832405 0.288952 0.136587 0.774458 0.282211 0.105531 0.733687 0.319155 0.065695 0.89008 0.415948 -0.041432 0.92659 0.394904 -0.065695 0.89008 0.415948 0.160642 0.764978 0.260963 0.078939 0.819295 0.45521 -0.065695 0.89008 0.415948 -0.099805 0.857369 0.433512 -0.078939 0.819295 0.45521 0 0.937149 0.174784 0.074243 0.901731 0.215909 0.068634 0.876907 0.254506 0 0.903409 0.228212 0.094265 0.832405 0.288952 0.113219 0.837783 0.272361 -0.068634 0.876907 0.254506 -0.074243 0.901731 0.215909 -0.094265 0.832405 0.288952 -0.113219 0.837783 0.272361 0.113219 0.837783 0.272361 0.160642 0.764978 0.260963 0.136587 0.774458 0.282211 0.094265 0.832405 0.288952 0.105531 0.733687 0.319155 0 0.733687 0.319155 0.105531 0.733687 0.319155 -0.105531 0.733687 0.319155 0.078939 0.819295 0.45521 -0.078939 0.819295 0.45521 0.102534 0.791322 0.204635 0 0.845428 0.165084 0.076745 0.865467 0.148183 0.117144 0.80152 0.204635 0 0.900885 0.107058 -0.076745 0.865467 0.148183 0.115773 0.710341 0.24366 0.142504 0.735564 0.198954 0.172267 0.739795 0.20208 0.110966 0.708264 0.272763 0 0.60828 0.290104 0.108124 0.68963 0.202442 -0.042541 0.652777 0.27831 -0.043122 0.620256 0.254102 -0.078854 0.673586 0.24906 0.070918 0.83583 0.440806 0.07085 0.807472 0.449717 0.077994 0.779699 0.420082 0.083646 0.810495 0.410727 0.043731 0.763068 0.437519 0.038262 0.791546 0.466682 0 0.72559 0.424536 0 0.754217 0.453634 -0.038262 0.791546 0.466682 -0.043731 0.763068 0.437519 -0.07085 0.807472 0.449717 -0.077994 0.779699 0.420082 -0.070918 0.83583 0.440806 -0.083646 0.810495 0.410727 0.044564 0.741595 0.403467 0.03901 0.769862 0.432293 0 0.704117 0.390484 0 0.732544 0.419264 -0.03901 0.769862 0.432293 -0.044564 0.741595 0.403467 -0.072221 0.785799 0.415348 0.094528 0.768766 0.342623 0 0.711072 0.385212 -0.039751 0.748389 0.398241 -0.045397 0.720123 0.369416 -0.073579 0.764327 0.381296 0.086913 0.772978 0.338332 0.082408 0.715343 0.318014 0.099963 0.747922 0.308607 -0.099963 0.747922 0.308607 0.092227 0.752096 0.304287 0.076295 0.721368 0.313208 0.084004 0.692569 0.285582 0.105536 0.72734 0.274589 0.046767 0.674278 0.308768 0.041231 0.705407 0.330161 0 0.63672 0.312985 0 0.668098 0.328037 -0.041231 0.705407 0.330161 -0.046767 0.674278 0.308768 -0.076295 0.721368 0.313208 -0.084004 0.692569 0.285582 -0.092227 0.752096 0.304287 -0.105536 0.72734 0.274589 0.097541 0.731213 0.270239 0.077597 0.698187 0.280555 0.085778 0.668504 0.254106 0.111259 0.706939 0.240421 0.047433 0.647038 0.284029 0.041911 0.680512 0.303273 0 0.602571 0.295206 0 0.643173 0.306598 -0.041911 0.680512 0.303273 -0.047433 0.647038 0.284029 -0.077597 0.698187 0.280555 -0.085778 0.668504 0.254106 -0.097541 0.731213 0.270239 -0.111259 0.706939 0.240421 0.082408 0.715343 0.318014 0.076295 0.721368 0.313208 0.092227 0.752096 0.304287 0.099963 0.747922 0.308607 0.046179 0.698717 0.335523 0.041231 0.705407 0.330161 0 0.661253 0.333928 0 0.668098 0.328037 -0.041231 0.705407 0.330161 -0.046179 0.698717 0.335523 -0.076295 0.721368 0.313208 -0.082408 0.715343 0.318014 -0.092227 0.752096 0.304287 -0.099963 0.747922 0.308607 0.084004 0.692569 0.285582 0.077597 0.698187 0.280555 0.097541 0.731213 0.270239 0.105536 0.72734 0.274589 0.046767 0.674278 0.308768 0.041911 0.680512 0.303273 0 0.63672 0.312985 0 0.643173 0.306598 -0.041911 0.680512 0.303273 -0.046767 0.674278 0.308768 -0.077597 0.698187 0.280555 -0.084004 0.692569 0.285582 -0.097541 0.731213 0.270239 -0.105536 0.72734 0.274589 0.085778 0.668504 0.254106 0.078854 0.673586 0.24906 0.102856 0.710329 0.23619 0.111259 0.706939 0.240421 0.047433 0.647038 0.284029 0.042541 0.652777 0.27831 0 0.602571 0.295206 0 0.60828 0.290104 -0.042541 0.652777 0.27831 -0.047433 0.647038 0.284029 -0.078854 0.673586 0.24906 -0.085778 0.668504 0.254106 -0.102856 0.710329 0.23619 -0.111259 0.706939 0.240421 0.094528 0.768766 0.342623 0.073579 0.764327 0.381296 0.044564 0.741595 0.403467 0.039751 0.748389 0.398241 0 0.704117 0.390484 0 0.711072 0.385212 -0.039751 0.748389 0.398241 -0.044564 0.741595 0.403467 -0.073579 0.764327 0.381296 -0.079464 0.758227 0.38603 -0.081598 0.793864 0.372385 -0.089087 0.78963 0.376675 0.077994 0.779699 0.420082 0.072221 0.785799 0.415348 0.076283 0.814749 0.406437 0.083646 0.810495 0.410727 0.043731 0.763068 0.437519 0.03901 0.769862 0.432293 0 0.72559 0.424536 0 0.732544 0.419264 -0.03901 0.769862 0.432293 -0.043731 0.763068 0.437519 -0.072221 0.785799 0.415348 -0.077994 0.779699 0.420082 -0.076283 0.814749 0.406437 -0.083646 0.810495 0.410727 0.115773 0.710341 0.24366 0.114932 0.677888 0.191595 0.142504 0.735564 0.198954 -0.152653 0.757666 0.242028 -0.170546 0.739795 0.20208 -0.110966 0.708264 0.272763 -0.117144 0.80152 0.204635 -0.094265 0.832405 0.288952 -0.136587 0.774458 0.282211 -0.105531 0.733687 0.319155 -0.113219 0.837783 0.272361 -0.094265 0.832405 0.288952 -0.136587 0.774458 0.282211 -0.160642 0.764978 0.260963 -0.105531 0.733687 0.319155 -0.102534 0.791322 0.204635 -0.117144 0.80152 0.204635 -0.076745 0.865467 0.148183 0 0.845428 0.165084 -0.110966 0.708264 0.272763 -0.102534 0.791322 0.204635 -0.115773 0.710341 0.24366 -0.070352 0.779177 0.483211 -0.030414 0.242414 -0.202976 0.175702 0.491493 0.006671 0.139432 0.4183 0.039373 0.178899 0.467177 -0.018864 0.085012 0.335815 0.02129 0.045892 0.299641 0.006506 0 0.267068 -0.064381 0 0.287712 -0.013696 -0.045892 0.299641 0.006506 -0.042159 0.273676 -0.054438 -0.085012 0.335815 0.02129 -0.082695 0.311566 -0.01776 -0.135118 0.395063 0.019501 -0.038426 0.256235 -0.098628 -0.078427 0.274055 -0.087681 -0.135694 0.359749 -0.021304 -0.176822 0.445099 -0.032521 -0.169684 0.419435 -0.040438 -0.178899 0.467177 -0.018864 -0.175702 0.491493 0.006671 -0.139432 0.4183 0.039373 0.178899 0.467177 -0.018864 0.160901 0.473239 -0.028086 0.175702 0.491493 0.006671 0.158329 0.497552 -0.002545 0.182212 0.570824 0.08245 0.149525 0.492007 0.113157 0.140158 0.454486 0.101313 0.192097 0.550086 0.03897 0.193787 0.524394 0.014498 0.142183 0.40935 0.040836 0.088617 0.346999 0.064605 0.093164 0.389554 0.121474 0.053106 0.293319 0.006833 0.04989 0.317617 0.061858 0.053782 0.358946 0.123428 0 0.298606 0.042719 0 0.335063 0.100148 0 0.280374 -0.013485 0.18412 0.491984 0.001233 -0.053782 0.358946 0.123428 -0.04989 0.317617 0.061858 -0.093164 0.389554 0.121474 -0.053106 0.293319 0.006833 -0.088617 0.346999 0.064605 -0.140158 0.454486 0.101313 -0.142183 0.40935 0.040836 -0.193787 0.524394 0.014498 -0.18412 0.491984 0.001233 -0.192097 0.550086 0.03897 -0.182212 0.570824 0.08245 -0.149525 0.492007 0.113157 0.145366 0.494755 0.110489 0.094594 0.428459 0.149711 0.089845 0.392776 0.118561 0.135958 0.457173 0.09868 0.051381 0.363029 0.120044 0.142183 0.40935 0.040836 0.132841 0.421334 0.018681 0.165873 0.49727 -0.006747 0.18412 0.491984 0.001233 0.088617 0.346999 0.064605 0.084872 0.362214 0.038678 0.053106 0.293319 0.006833 0.045892 0.306971 -0.01749 0 0.280374 -0.013485 0 0.294903 -0.03731 -0.045892 0.306971 -0.01749 -0.053106 0.293319 0.006833 -0.084872 0.362214 0.038678 -0.088617 0.346999 0.064605 -0.132841 0.421334 0.018681 -0.142183 0.40935 0.040836 -0.165873 0.49727 -0.006747 -0.18412 0.491984 0.001233 0.165873 0.49727 -0.006747 0.17421 0.529459 0.00687 0.193787 0.524394 0.014498 0.18412 0.491984 0.001233 0.192097 0.550086 0.03897 0.172634 0.555359 0.03101 0.182212 0.570824 0.08245 0.163348 0.576733 0.073473 0 0.325849 0.106503 0.053917 0.345817 0.124659 0.192497 0.570066 0.075479 -0.053917 0.345817 0.124659 0.153816 0.482833 0.12061 0.145045 0.494168 0.098059 0.173043 0.575349 0.067504 0.192497 0.570066 0.075479 0.099923 0.416719 0.159132 0.095816 0.426774 0.135532 0.053917 0.345817 0.124659 0.053764 0.35652 0.098579 0 0.325849 0.106503 0 0.337346 0.081937 -0.053764 0.35652 0.098579 -0.053917 0.345817 0.124659 -0.095816 0.426774 0.135532 -0.099923 0.416719 0.159132 -0.145045 0.494168 0.098059 -0.153816 0.482833 0.12061 -0.173043 0.575349 0.067504 -0.192497 0.570066 0.075479 0.173043 0.575349 0.067504 0.192497 0.570066 0.075479 0 0.624403 -0.276762 0.079927 0.603302 -0.227942 0.07811 0.543399 -0.299187 0 0.555882 -0.388266 0.136896 0.584215 -0.204195 0.185115 0.541063 -0.170258 0.17928 0.478772 -0.247179 0.145162 0.520925 -0.283181 0.07811 0.543399 -0.299187 0.079927 0.603302 -0.227942 0.113071 0.835294 0.163316 0.110844 0.801392 0.205686 0.043768 0.859947 0.193038 0 0.883321 0.165352 0.058528 0.847596 0.204963 0.097724 0.80753 0.235059 0 0.74808 -0.194947 0.088592 0.783015 -0.061846 0.107964 0.721293 -0.121654 0.159421 0.707244 -0.106901 0.107964 0.721293 -0.121654 0.088592 0.783015 -0.061846 0 0.737547 -0.162676 0.086111 0.718255 -0.115996 0.103746 0.672435 -0.18798 0 0.685775 -0.261602 0.1526 0.696436 -0.094544 0.186864 0.669016 -0.065058 0.201052 0.605479 -0.122817 0.157881 0.644589 -0.163625 0.103746 0.672435 -0.18798 0.086111 0.718255 -0.115996 0.088706 0.668975 -0.178719 0.150777 0.638157 -0.154876 0.187661 0.60314 -0.11737 0.197801 0.540716 -0.176291 0.148413 0.587616 -0.214868 0.095739 0.606504 -0.23262 0.088706 0.668975 -0.178719 0.188869 0.746743 0.005808 0.212068 0.601124 -0.010879 0.169292 0.568986 0.072108 0.167245 0.486111 0.004433 0.221248 0.528074 -0.087591 0.201052 0.605479 -0.122817 0.186864 0.669016 -0.065058 0.207801 0.529421 -0.086292 0.158615 0.486135 0.002135 0.16445 0.42566 -0.048933 0.214169 0.465675 -0.153766 0.197801 0.540716 -0.176291 0.187661 0.60314 -0.11737 0.199982 0.46873 -0.150774 0.159174 0.430684 -0.058435 0.171184 0.373742 -0.146459 0.194252 0.416876 -0.219665 0.17928 0.478772 -0.247179 0.185115 0.541063 -0.170258 0.07036 0.494333 -0.398349 0 0.504608 -0.478265 0 0.550564 -0.339389 0.070633 0.542418 -0.292013 0.156132 0.331355 -0.222659 0.160459 0.370251 -0.322295 0.178786 0.41436 -0.209953 0.160048 0.377132 -0.140231 0.164612 0.474052 -0.235825 0.150866 0.417547 -0.331272 0.150866 0.417547 -0.331272 0.125208 0.459822 -0.368189 0.129469 0.516748 -0.274805 0.164612 0.474052 -0.235825 0.070633 0.542418 -0.292013 0.07036 0.494333 -0.398349 0.055074 0.462229 -0.453164 0 0.476856 -0.485225 0 0.492744 -0.437554 0.062096 0.483992 -0.382951 0.048052 0.448508 -0.523377 0 0.467661 -0.532896 0.062703 0.247014 -0.347417 0.093195 0.285028 -0.361513 0.103192 0.292254 -0.296251 0.071688 0.251289 -0.273818 0 0.234861 -0.35546 0 0.232368 -0.292105 0.133407 0.32703 -0.303113 0.118019 0.323295 -0.367798 0.148519 0.367866 -0.311176 0.128184 0.363245 -0.375613 0.139483 0.418167 -0.31968 0.122248 0.401907 -0.382928 0.148365 0.33477 -0.22784 0.10618 0.304526 -0.228357 -0.071688 0.251289 -0.273818 -0.062703 0.247014 -0.347417 -0.103192 0.292254 -0.296251 -0.093195 0.285028 -0.361513 -0.133407 0.32703 -0.303113 -0.118019 0.323295 -0.367798 -0.148519 0.367866 -0.311176 -0.128184 0.363245 -0.375613 -0.139483 0.418167 -0.31968 -0.122248 0.401907 -0.382928 -0.148365 0.33477 -0.22784 -0.10618 0.304526 -0.228357 -0.105013 0.385647 -0.446175 -0.107849 0.358625 -0.44005 -0.10263 0.319561 -0.432482 -0.083199 0.282493 -0.426775 -0.053718 0.25341 -0.421017 0 0.248025 -0.418814 0.053718 0.25341 -0.421017 0.083199 0.282493 -0.426775 0.10263 0.319561 -0.432482 0.107849 0.358625 -0.44005 0.105013 0.385647 -0.446175 0.122248 0.401907 -0.382928 0.097237 0.436705 -0.405763 0.112103 0.454394 -0.355221 0.139483 0.418167 -0.31968 0.062096 0.483992 -0.382951 0.055074 0.462229 -0.453164 0.105013 0.385647 -0.446175 0.082371 0.419017 -0.456305 0.048052 0.448508 -0.523377 0.021054 0.430311 -0.638005 0 0.445183 -0.646291 0 0.447116 -0.586904 0.027979 0.432398 -0.578096 0 0.449049 -0.527517 0.034904 0.434485 -0.518188 0.024679 0.274397 -0.570978 0.04193 0.291234 -0.570989 0.05613 0.293412 -0.500263 0.03652 0.272878 -0.497765 0.06842 0.312275 -0.502237 0.052539 0.311853 -0.570992 0.07107 0.349614 -0.505599 0.05651 0.346362 -0.570996 0 0.271207 -0.496743 0 0.276258 -0.570977 0.070734 0.376172 -0.508587 0.05672 0.370357 -0.570999 -0.024679 0.274397 -0.570978 -0.03652 0.272878 -0.497765 -0.05613 0.293412 -0.500263 -0.04193 0.291234 -0.570989 -0.06842 0.312275 -0.502237 -0.052539 0.311853 -0.570992 -0.07107 0.349614 -0.505599 -0.05651 0.346362 -0.570996 -0.070734 0.376172 -0.508587 -0.05672 0.370357 -0.570999 0.084748 0.381986 -0.446175 0.08563 0.352865 -0.440202 0.084301 0.312696 -0.433483 0.070331 0.295591 -0.429537 0.04836 0.271359 -0.424552 0 0.266157 -0.422509 -0.04836 0.271359 -0.424552 -0.070331 0.295591 -0.429537 -0.084301 0.312696 -0.433483 -0.08563 0.352865 -0.440202 -0.084748 0.381986 -0.446175 0.05672 0.370357 -0.570999 0.048953 0.390067 -0.571026 0.05714 0.400775 -0.513666 0.070734 0.376172 -0.508587 0.027979 0.432398 -0.578096 0.021054 0.430311 -0.638005 0.065328 0.411484 -0.456305 0.084748 0.381986 -0.446175 0.034904 0.434485 -0.518188 0.107964 0.721293 -0.121654 0.086111 0.718255 -0.115996 0 0.737547 -0.162676 0 0.74808 -0.194947 -0.107964 0.721293 -0.121654 -0.086111 0.718255 -0.115996 0.200119 0.673782 -0.067992 0.186864 0.669016 -0.065058 0.1526 0.696436 -0.094544 0.159421 0.707244 -0.106901 0.086111 0.718255 -0.115996 0.107964 0.721293 -0.121654 0.178457 0.566601 0.074566 0.169292 0.568986 0.072108 0.212068 0.601124 -0.010879 0.226032 0.602341 -0.01001 0.186864 0.669016 -0.065058 0.200119 0.673782 -0.067992 0.103746 0.672435 -0.18798 0.088706 0.668975 -0.178719 0 0.689812 -0.204522 0 0.685775 -0.261602 0.201052 0.605479 -0.122817 0.187661 0.60314 -0.11737 0.150777 0.638157 -0.154876 0.157881 0.644589 -0.163625 0.088706 0.668975 -0.178719 0.103746 0.672435 -0.18798 0.167245 0.486111 0.004433 0.158615 0.486135 0.002135 0.207801 0.529421 -0.086292 0.221248 0.528074 -0.087591 0.187661 0.60314 -0.11737 0.201052 0.605479 -0.122817 0.079927 0.603302 -0.227942 0.197801 0.540716 -0.176291 0.185115 0.541063 -0.170258 0.136896 0.584215 -0.204195 0.148413 0.587616 -0.214868 0.079927 0.603302 -0.227942 0.095739 0.606504 -0.23262 0.214169 0.465675 -0.153766 0.185115 0.541063 -0.170258 0.197801 0.540716 -0.176291 0 0.550564 -0.339389 0 0.555882 -0.388266 0.07811 0.543399 -0.299187 0.070633 0.542418 -0.292013 0.17928 0.478772 -0.247179 0.164612 0.474052 -0.235825 0.129469 0.516748 -0.274805 0.145162 0.520925 -0.283181 0.070633 0.542418 -0.292013 0.07811 0.543399 -0.299187 0.178786 0.41436 -0.209953 0.194252 0.416876 -0.219665 0.171184 0.373742 -0.146459 0.160048 0.377132 -0.140231 0.164612 0.474052 -0.235825 0.17928 0.478772 -0.247179 0.150866 0.417547 -0.331272 0.139483 0.418167 -0.31968 0.112103 0.454394 -0.355221 0.125208 0.459822 -0.368189 0.062096 0.483992 -0.382951 0.07036 0.494333 -0.398349 0 0.492744 -0.437554 0 0.504608 -0.478265 0.07036 0.494333 -0.398349 0.062096 0.483992 -0.382951 0.148519 0.367866 -0.311176 0.160459 0.370251 -0.322295 0.156132 0.331355 -0.222659 0.148365 0.33477 -0.22784 0.139483 0.418167 -0.31968 0.150866 0.417547 -0.331272 0.105013 0.385647 -0.446175 0.084748 0.381986 -0.446175 0.065328 0.411484 -0.456305 0.082371 0.419017 -0.456305 0.034904 0.434485 -0.518188 0.048052 0.448508 -0.523377 0 0.449049 -0.527517 0 0.467661 -0.532896 0.048052 0.448508 -0.523377 0.034904 0.434485 -0.518188 0.04836 0.271359 -0.424552 0.053718 0.25341 -0.421017 0 0.248025 -0.418814 0 0.266157 -0.422509 0.070331 0.295591 -0.429537 0.083199 0.282493 -0.426775 0.084301 0.312696 -0.433483 0.10263 0.319561 -0.432482 0.08563 0.352865 -0.440202 0.107849 0.358625 -0.44005 0.084748 0.381986 -0.446175 0.105013 0.385647 -0.446175 -0.04836 0.271359 -0.424552 -0.053718 0.25341 -0.421017 -0.070331 0.295591 -0.429537 -0.083199 0.282493 -0.426775 -0.084301 0.312696 -0.433483 -0.10263 0.319561 -0.432482 -0.08563 0.352865 -0.440202 -0.107849 0.358625 -0.44005 -0.084748 0.381986 -0.446175 -0.105013 0.385647 -0.446175 0.240431 0.735303 0.186706 0.240431 0.773181 0.200167 0.240431 0.709753 0.148854 0.240431 0.807472 0.184241 0.240431 0.82693 0.144825 0.240431 0.824794 0.096706 0.240431 0.802165 0.058324 0.240431 0.768791 0.04471 0.240431 0.735109 0.060706 0.231097 0.693325 0.077088 0.240431 0.711122 0.10058 0.240431 0.709753 0.148854 0.205471 0.689101 0.14304 0.185186 0.67649 0.14039 0.015294 0.413734 -0.638005 0 0.42546 -0.646291 0 0.445183 -0.646291 0.021054 0.430311 -0.638005 0 0.295588 -0.572276 0.017927 0.294121 -0.572277 0.024679 0.274397 -0.570978 0 0.276258 -0.570977 0.04193 0.291234 -0.570989 0.030458 0.305978 -0.572285 0.052539 0.311853 -0.570992 0.038165 0.321233 -0.572287 0.05651 0.346362 -0.570996 0.04105 0.348438 -0.572289 0.05672 0.370357 -0.570999 0.041203 0.367241 -0.572292 0.048953 0.390067 -0.571026 0.03556 0.382008 -0.57231 -0.024679 0.274397 -0.570978 -0.017927 0.294121 -0.572277 -0.04193 0.291234 -0.570989 -0.030458 0.305978 -0.572285 -0.052539 0.311853 -0.570992 -0.038165 0.321233 -0.572287 -0.05651 0.346362 -0.570996 -0.04105 0.348438 -0.572289 -0.05672 0.370357 -0.570999 -0.041203 0.367241 -0.572292 -0.048953 0.390067 -0.571026 -0.03556 0.382008 -0.57231 0.03556 0.382008 -0.57231 0.015294 0.413734 -0.638005 0.021054 0.430311 -0.638005 0.048953 0.390067 -0.571026 0.015294 0.413734 -0.638005 0 0.394136 -0.553237 0 0.42546 -0.646291 0.03556 0.382008 -0.57231 0 0.344257 -0.54698 0.041203 0.367241 -0.572292 0.04105 0.348438 -0.572289 0.038165 0.321233 -0.572287 0.030458 0.305978 -0.572285 0.017927 0.294121 -0.572277 0 0.295588 -0.572276 -0.017927 0.294121 -0.572277 -0.030458 0.305978 -0.572285 -0.038165 0.321233 -0.572287 -0.04105 0.348438 -0.572289 -0.041203 0.367241 -0.572292 -0.03556 0.382008 -0.57231 -0.015294 0.413734 -0.638005 0 0.42546 -0.646291 0 0.228615 -0.305722 0.159825 0.330325 -0.224238 0 0.242024 -0.325894 0.030414 0.248519 -0.31495 0.030414 0.234287 -0.295849 0 0.228615 -0.305722 0.070849 0.245077 -0.281684 0.068248 0.260169 -0.300888 0.107099 0.296028 -0.229353 0.104514 0.31415 -0.242807 -0.030414 0.234287 -0.295849 -0.030414 0.248519 -0.31495 -0.070849 0.245077 -0.281684 -0.068248 0.260169 -0.300888 -0.107099 0.296028 -0.229353 -0.104514 0.31415 -0.242807 0.104514 0.31415 -0.242807 0.148365 0.33477 -0.22784 0.159825 0.330325 -0.224238 0.107099 0.296028 -0.229353 0.148365 0.33477 -0.22784 0.159825 0.330325 -0.224238 0.233527 0.712886 0.141949 0.240431 0.735303 0.186706 0.240431 0.76839 0.122767 0.240431 0.773181 0.200167 0.240431 0.709753 0.148854 0.240431 0.711122 0.10058 0.240431 0.735109 0.060706 0.240431 0.768791 0.04471 0.240431 0.802165 0.058324 0.240431 0.824794 0.096706 0.240431 0.82693 0.144825 0.240431 0.807472 0.184241 0.135958 0.457173 0.09868 0.089845 0.392776 0.118561 0.093164 0.389554 0.121474 0.140158 0.454486 0.101313 0.053782 0.358946 0.123428 0.051381 0.363029 0.120044 0.145366 0.494755 0.110489 0.135958 0.457173 0.09868 0.140158 0.454486 0.101313 0.149525 0.492007 0.113157 0.135801 0.421933 0.036557 0.084294 0.360022 0.059913 0.081986 0.339464 0.018514 0.131002 0.398687 0.016689 0.043723 0.303818 0.003553 0.131002 0.398687 0.016689 0.081986 0.339464 0.018514 0.085012 0.335815 0.02129 0.135118 0.395063 0.019501 0.045892 0.299641 0.006506 0.043723 0.303818 0.003553 0.135801 0.421933 0.036557 0.131002 0.398687 0.016689 0.135118 0.395063 0.019501 0.139432 0.4183 0.039373 0.159174 0.430684 -0.058435 0.160048 0.377132 -0.140231 0.12271 0.337933 -0.108823 0.120557 0.326399 -0.109045 0.171184 0.373742 -0.146459 0.111831 0.747482 0.2337 -0.158504 0.45147 -0.042237 -0.178899 0.467177 -0.018864 -0.160901 0.473239 -0.028086 -0.175702 0.491493 0.006671 -0.158329 0.497552 -0.002545 -0.135958 0.457172 0.09868 -0.165873 0.49727 -0.006747 -0.18412 0.491984 0.001233 -0.193787 0.524394 0.014498 -0.17421 0.52946 0.00687 -0.192097 0.550086 0.03897 -0.172634 0.555359 0.03101 -0.182212 0.570824 0.08245 -0.163348 0.576733 0.073473 -0.192497 0.570066 0.075479 0 0.624403 -0.276762 0 0.555882 -0.388266 -0.07811 0.543399 -0.299187 -0.079927 0.603302 -0.227942 -0.136896 0.584215 -0.204195 -0.145162 0.520925 -0.283181 -0.17928 0.478772 -0.247179 -0.185115 0.541063 -0.170258 -0.07811 0.543399 -0.299187 -0.079927 0.603302 -0.227942 -0.048551 0.860043 0.159874 -0.043768 0.859947 0.193038 0 0.883321 0.165352 0 0.887609 0.128407 -0.058528 0.847596 0.204963 -0.097724 0.80753 0.235059 0 0.737547 -0.162676 0 0.685775 -0.261602 -0.103746 0.672435 -0.18798 -0.086111 0.718255 -0.115996 -0.1526 0.696436 -0.094544 -0.157881 0.644589 -0.163625 -0.201052 0.605479 -0.122817 -0.186864 0.669016 -0.065058 -0.103746 0.672435 -0.18798 -0.086111 0.718255 -0.115996 0 0.689812 -0.204522 0 0.627377 -0.325737 -0.095739 0.606504 -0.23262 -0.088706 0.668975 -0.178719 -0.150777 0.638157 -0.154876 -0.148413 0.587616 -0.214868 -0.197801 0.540716 -0.176291 -0.187661 0.60314 -0.11737 -0.095739 0.606504 -0.23262 -0.088706 0.668975 -0.178719 -0.212068 0.601124 -0.010879 -0.221248 0.528074 -0.087591 -0.167245 0.486111 0.004433 -0.169292 0.568986 0.072108 -0.201052 0.605479 -0.122817 -0.186864 0.669016 -0.065058 -0.207801 0.529421 -0.086292 -0.214169 0.465675 -0.153766 -0.16445 0.42566 -0.048933 -0.158615 0.486135 0.002135 -0.197801 0.540716 -0.176291 -0.187661 0.60314 -0.11737 -0.194252 0.416876 -0.219665 -0.17928 0.478772 -0.247179 -0.185115 0.541063 -0.170258 -0.07036 0.494333 -0.398349 -0.070633 0.542418 -0.292013 0 0.550564 -0.339389 0 0.504608 -0.478265 -0.156132 0.331355 -0.222659 -0.160048 0.377132 -0.140231 -0.178786 0.41436 -0.209953 -0.160459 0.370251 -0.322295 -0.164612 0.474052 -0.235825 -0.150866 0.417547 -0.331272 -0.150866 0.417547 -0.331272 -0.164612 0.474052 -0.235825 -0.129469 0.516748 -0.274805 -0.125208 0.459822 -0.368189 -0.070633 0.542418 -0.292013 -0.07036 0.494333 -0.398349 -0.055074 0.462229 -0.453164 -0.062096 0.483992 -0.382951 0 0.492744 -0.437554 0 0.476856 -0.485225 0 0.467661 -0.532896 -0.048052 0.448508 -0.523377 -0.122248 0.401907 -0.382928 -0.139483 0.418167 -0.31968 -0.112103 0.454394 -0.355221 -0.097237 0.436705 -0.405763 -0.062096 0.483992 -0.382951 -0.055074 0.462229 -0.453164 -0.048052 0.448508 -0.523377 -0.082371 0.419017 -0.456305 -0.105013 0.385647 -0.446175 -0.021054 0.430311 -0.638005 -0.027979 0.432398 -0.578096 0 0.447116 -0.586904 0 0.445183 -0.646291 0 0.449049 -0.527517 -0.034904 0.434485 -0.518188 -0.05672 0.370357 -0.570999 -0.070734 0.376172 -0.508587 -0.05714 0.400775 -0.513666 -0.048953 0.390067 -0.571026 -0.027979 0.432398 -0.578096 -0.021054 0.430311 -0.638005 -0.065328 0.411484 -0.456305 -0.084748 0.381986 -0.446175 -0.034904 0.434485 -0.518188 -0.200119 0.673782 -0.067992 -0.159421 0.707244 -0.106901 -0.1526 0.696436 -0.094544 -0.186864 0.669016 -0.065058 -0.086111 0.718255 -0.115996 -0.107964 0.721293 -0.121654 -0.178457 0.566601 0.074566 -0.226032 0.602341 -0.01001 -0.212068 0.601124 -0.010879 -0.169292 0.568986 0.072108 -0.186864 0.669016 -0.065058 -0.200119 0.673782 -0.067992 -0.103746 0.672435 -0.18798 0 0.685775 -0.261602 0 0.689812 -0.204522 -0.088706 0.668975 -0.178719 -0.201052 0.605479 -0.122817 -0.157881 0.644589 -0.163625 -0.150777 0.638157 -0.154876 -0.187661 0.60314 -0.11737 -0.088706 0.668975 -0.178719 -0.103746 0.672435 -0.18798 -0.167245 0.486111 0.004433 -0.221248 0.528074 -0.087591 -0.207801 0.529421 -0.086292 -0.158615 0.486135 0.002135 -0.187661 0.60314 -0.11737 -0.201052 0.605479 -0.122817 -0.095739 0.606504 -0.23262 0 0.627377 -0.325737 0 0.624403 -0.276762 -0.079927 0.603302 -0.227942 -0.197801 0.540716 -0.176291 -0.148413 0.587616 -0.214868 -0.136896 0.584215 -0.204195 -0.185115 0.541063 -0.170258 -0.079927 0.603302 -0.227942 -0.095739 0.606504 -0.23262 -0.185115 0.541063 -0.170258 -0.197801 0.540716 -0.176291 0 0.550564 -0.339389 -0.070633 0.542418 -0.292013 -0.07811 0.543399 -0.299187 0 0.555882 -0.388266 -0.17928 0.478772 -0.247179 -0.145162 0.520925 -0.283181 -0.129469 0.516748 -0.274805 -0.164612 0.474052 -0.235825 -0.070633 0.542418 -0.292013 -0.07811 0.543399 -0.299187 -0.178786 0.41436 -0.209953 -0.160048 0.377132 -0.140231 -0.171184 0.373742 -0.146459 -0.194252 0.416876 -0.219665 -0.164612 0.474052 -0.235825 -0.17928 0.478772 -0.247179 -0.150866 0.417547 -0.331272 -0.125208 0.459822 -0.368189 -0.112103 0.454394 -0.355221 -0.139483 0.418167 -0.31968 -0.062096 0.483992 -0.382951 -0.07036 0.494333 -0.398349 0 0.492744 -0.437554 -0.062096 0.483992 -0.382951 -0.07036 0.494333 -0.398349 0 0.504608 -0.478265 -0.148519 0.367866 -0.311176 -0.148365 0.33477 -0.22784 -0.156132 0.331355 -0.222659 -0.160459 0.370251 -0.322295 -0.139483 0.418167 -0.31968 -0.150866 0.417547 -0.331272 -0.105013 0.385647 -0.446175 -0.082371 0.419017 -0.456305 -0.065328 0.411484 -0.456305 -0.084748 0.381986 -0.446175 -0.034904 0.434485 -0.518188 -0.048052 0.448508 -0.523377 0 0.449049 -0.527517 -0.034904 0.434485 -0.518188 -0.048052 0.448508 -0.523377 0 0.467661 -0.532896 -0.240431 0.773181 0.200167 -0.240431 0.735303 0.186706 -0.240431 0.709753 0.148854 -0.205471 0.689101 0.14304 -0.240431 0.807472 0.184241 -0.240431 0.82693 0.144824 -0.240431 0.824794 0.096706 -0.240431 0.802165 0.058324 -0.240431 0.768791 0.04471 -0.240431 0.735109 0.060706 -0.240431 0.711122 0.10058 -0.240431 0.709753 0.148854 -0.015294 0.413734 -0.638005 -0.021054 0.430311 -0.638005 0 0.445183 -0.646291 0 0.42546 -0.646291 -0.03556 0.382008 -0.57231 -0.048953 0.390067 -0.571026 -0.021054 0.430311 -0.638005 -0.015294 0.413734 -0.638005 -0.104514 0.31415 -0.242807 -0.107099 0.296028 -0.229353 -0.159825 0.330325 -0.224238 -0.148365 0.33477 -0.22784 -0.159825 0.330325 -0.224238 -0.160048 0.377132 -0.140231 -0.240431 0.76839 0.122767 -0.240431 0.735303 0.186706 -0.240431 0.773181 0.200167 -0.240431 0.709753 0.148854 -0.240431 0.711122 0.10058 -0.240431 0.735109 0.060706 -0.240431 0.768791 0.04471 -0.240431 0.802165 0.058324 -0.240431 0.824794 0.096706 -0.240431 0.82693 0.144824 -0.240431 0.807472 0.184241 -0.135958 0.457172 0.09868 -0.140158 0.454486 0.101313 -0.093164 0.389554 0.121474 -0.089845 0.392776 0.118561 -0.053782 0.358946 0.123428 -0.051381 0.363029 0.120044 -0.145366 0.494755 0.110489 -0.149525 0.492007 0.113157 -0.140158 0.454486 0.101313 -0.135958 0.457172 0.09868 -0.135801 0.421933 0.036557 -0.131002 0.398687 0.016689 -0.081986 0.339464 0.018514 -0.084294 0.360022 0.059913 -0.043723 0.303818 0.003553 -0.131002 0.398687 0.016689 -0.135118 0.395063 0.019501 -0.085012 0.335815 0.02129 -0.081986 0.339464 0.018514 -0.045892 0.299641 0.006506 -0.043723 0.303818 0.003553 -0.135801 0.421933 0.036557 -0.139432 0.4183 0.039373 -0.135118 0.395063 0.019501 -0.131002 0.398687 0.016689 -0.128074 0.350865 -0.081152 -0.160048 0.377132 -0.140231 -0.12271 0.337933 -0.108823 -0.171184 0.373742 -0.146459 -0.160048 0.377132 -0.140231 -0.159174 0.430684 -0.058435 -0.171184 0.373742 -0.146459 -0.097724 0.80753 0.235059 -0.110844 0.801392 0.205686 -0.122835 0.741344 0.204327 -0.111831 0.747482 0.2337 0 0.294751 -0.515265 -0.019908 0.36987 -0.627603 -0.019908 0.36987 -0.515265 -0.019908 0.31979 -0.611964 -0.019908 0.31979 -0.515265 -0.410897 0.77543 -0.025947 -0.492878 0.77543 -0.027526 -0.593176 0.77543 -0.014101 -0.593176 0.77543 -0.014101 -0.458357 0.77543 0.009934 -0.517921 0.765651 0.128869 -0.439787 0.77543 0.113312 -0.517921 0.785209 0.128869 -0.593176 0.77543 -0.014101 -0.517921 0.765651 0.128869 -0.957763 0.77543 0.031962 -0.957763 0.77543 0.031962 -0.662368 0.77543 0.032144 -0.604264 0.765651 0.294098 -0.557542 0.77543 0.214526 -1.05651 0.77543 0.186416 -0.587794 0.77543 0.280873 -0.748784 0.77543 -0.005561 -0.748784 0.77543 -0.005561 -0.51688 0.77543 0.026754 -0.554267 0.765651 0.221253 -0.487559 0.77543 0.141681 0.410897 0.77543 -0.025947 0.410897 0.77543 -0.025947 0.383816 0.785209 0.112284 0.383816 0.765651 0.112284 0.492878 0.77543 -0.027526 0.492878 0.77543 -0.027526 0.446054 0.785209 0.117812 0.446054 0.765651 0.117812 0.593176 0.77543 -0.0141 0.458357 0.77543 0.009934 0.517921 0.785209 0.128869 0.439787 0.77543 0.113312 0.593176 0.77543 -0.0141 0.593176 0.77543 -0.0141 0.517921 0.785209 0.128869 0.517921 0.765651 0.128869 0.957763 0.77543 0.031962 0.662368 0.77543 0.032144 0.604264 0.785209 0.294098 0.557542 0.77543 0.214526 0.957763 0.77543 0.031962 0.957763 0.77543 0.031962 0.604264 0.785209 0.294098 0.604264 0.765651 0.294098 0.587794 0.77543 0.280873 1.05651 0.77543 0.186416 0.748784 0.77543 -0.005561 0.51688 0.77543 0.026754 0.554267 0.785209 0.221253 0.487559 0.77543 0.141681 0.748784 0.77543 -0.005561 0.748784 0.77543 -0.005561 0.554267 0.785209 0.221253 0.554267 0.765651 0.221253</float_array>
          <technique_common>
            <accessor source="#GeometrySource-array" count="6170" stride="3">
              <param name="X" type="float"/>
              <param name="Y" type="float"/>
              <param name="Z" type="float"/>
            </accessor>
          </technique_common>
        </source>
        <source id="GeometrySource1" name="chr121Nrm">
          <float_array id="GeometrySource1-array" count="18510">-0.854303 -0.296481 -0.426926 -0.825989 -0.311753 -0.46963 -0.776721 -0.580778 -0.243725 -0.806901 -0.551207 -0.212325 -0.871322 0.030699 -0.489751 -0.843684 0.033584 -0.535788 -0.854303 0.347473 -0.38656 -0.825989 0.367959 -0.427023 -0.806899 0.573408 -0.141832 -0.776719 0.606669 -0.169294 -0.74012 0.646858 0.18384 -0.707218 0.685262 0.17395 -0.671217 0.543362 0.504208 -0.635185 0.577391 0.512992 -0.619578 0.287868 0.730243 -0.580851 0.307394 0.753738 -0.60045 -0.050023 0.798096 -0.56063 -0.051802 0.826445 -0.619579 -0.376806 0.688578 -0.580852 -0.399113 0.70945 -0.671215 -0.602073 0.43241 -0.635183 -0.636931 0.436877 -0.740121 -0.66475 0.101629 -0.707219 -0.701619 0.087018 -0.978881 -0.194434 0.063148 -0.994235 -0.107022 -0.006508 -0.999653 0.001651 -0.026305 -0.994235 0.106998 0.006906 -0.978882 0.185025 0.086929 -0.956549 0.214641 0.19734 -0.956549 -0.237604 0.168994 -0.932577 -0.220719 0.285627 -0.913952 -0.143533 0.379591 -0.906904 -0.026355 0.420513 -0.913953 0.095009 0.394542 -0.932577 0.183325 0.310953 0.982533 0.011641 -0.185722 0.982533 0.011641 -0.185723 0.982533 0.011641 -0.185723 0.982533 0.011641 -0.185723 0.982533 0.01164 -0.185723 0.982533 0.01164 -0.185722 0.982534 0.011641 -0.185721 0.982533 0.011642 -0.185722 0.982533 0.011643 -0.185723 0.982533 0.01164 -0.185723 0.982533 0.01164 -0.185722 0.982534 0.011641 -0.185721 0.982533 0.011641 -0.185722 -0.982533 -0.011641 0.185722 -0.982533 -0.011639 0.185722 -0.982534 -0.011638 0.185722 -0.982533 -0.011642 0.185722 -0.982533 -0.011643 0.185724 -0.982533 -0.011642 0.185723 -0.982534 -0.011643 0.185722 -0.982534 -0.011642 0.185721 -0.982534 -0.011643 0.185721 -0.982533 -0.011639 0.185722 -0.982534 -0.011639 0.185719 -0.982534 -0.011642 0.18572 -0.982533 -0.011639 0.185723 0.919064 -0.347249 0.186383 0.880562 -0.405741 0.244918 0.828439 -0.506481 0.239093 0.898377 -0.408395 0.161653 0.941908 -0.328981 0.067682 0.954322 -0.279095 0.106654 0.963999 -0.260884 0.051441 0.969782 -0.23619 0.061133 0.805653 -0.550418 0.219005 0.839144 -0.466279 0.280039 0.808819 -0.510011 0.292747 0.777297 -0.485344 0.400313 0.799101 -0.4948 0.341483 0.747344 -0.467741 0.471905 0.832968 -0.493576 0.250095 0.808412 -0.549803 0.210209 0.750955 -0.643502 0.148229 0.771248 -0.588716 0.242053 0.881956 -0.455797 0.120013 0.923948 -0.381243 0.031192 0.934358 -0.3561 0.012966 0.69377 -0.339678 0.635061 -0.047072 -0.380425 -0.923613 -0.035604 -0.699765 -0.713486 -0.116533 -0.689657 -0.714698 -0.208287 -0.887205 -0.411685 -0.090172 -0.895317 -0.436206 0.000000 -0.707189 -0.707025 0 -0.393681 -0.919247 0 -0.899022 -0.437904 -0.328365 -0.943203 -0.050441 -0.160197 -0.984341 -0.073549 -0.318397 -0.714281 -0.623238 -0.189258 -0.797622 -0.572697 0 -0.996629 -0.082039 0 -0.834455 -0.551076 0 -0.557136 -0.830422 -0.133696 -0.535279 -0.834028 -0.000000 -0.601142 -0.799142 -0.143204 -0.56995 -0.809104 -0.236303 -0.501542 -0.832236 -0.230034 -0.531422 -0.815276 0.189258 -0.797622 -0.572696 0.160197 -0.984341 -0.073549 0.133696 -0.535279 -0.834028 0.143204 -0.56995 -0.809104 0.236304 -0.501542 -0.832236 0.230035 -0.531421 -0.815276 0.318398 -0.714281 -0.623238 0.328365 -0.943203 -0.050441 0.090173 -0.895317 -0.436207 0.208287 -0.887205 -0.411685 0.035604 -0.699764 -0.713486 0.116533 -0.689656 -0.714699 0.04707 -0.380425 -0.923613 0.021515 0.907984 0.418452 0.026434 0.969284 0.244521 0.025722 0.97576 0.217328 0.013393 0.820018 0.572181 0.02395 0.988076 0.15209 0.02395 0.988076 0.15209 0 0.517006 0.855982 0 0.417295 0.908771 0 0.301979 0.953315 0 0.301979 0.953315 -0.026434 0.969284 0.244521 -0.025721 0.97576 0.217328 -0.021514 0.907984 0.418453 -0.013393 0.820018 0.572182 0 0.517006 0.855982 0 0.417295 0.908771 0 0.301979 0.953315 0 0.301979 0.953315 0.122304 0.966156 0.227121 0.122304 0.966156 0.227121 0.122304 0.966156 0.227121 0.122304 0.966156 0.227121 0.214412 0.580128 0.785798 0.214412 0.580128 0.785798 0.214412 0.580128 0.785798 -0.664696 0.746238 0.036172 -0.640431 0.757861 -0.12448 -0.652196 0.729669 -0.205483 -0.674334 0.734376 0.077239 -0.000000 0.944435 -0.328699 -0.000000 0.944435 -0.328699 -0.727268 0.640696 0.246148 -0.750433 0.600839 0.275396 -0.742102 0.644673 0.183528 -0.720106 0.684139 0.115767 -0.690567 0.696163 0.19615 -0.199429 0.491283 0.847862 -0.001428 0.2236 0.97468 0.016618 0.22842 0.973421 0.314527 0.203023 0.927283 0.816496 0.094306 0.569597 0.640431 0.757861 -0.12448 0.652196 0.729669 -0.205483 0.664696 0.746238 0.036172 0.674334 0.734376 0.077239 0.727268 0.640696 0.246149 0.750433 0.600839 0.275396 0.742102 0.644672 0.183527 0.720106 0.684139 0.115767 0.690567 0.696163 0.19615 0.199429 0.491283 0.847861 0.001428 0.2236 0.97468 -0.016618 0.22842 0.973421 -0.314527 0.203023 0.927283 -0.816496 0.094306 0.569597 0 0.848395 0.529364 0 0.933007 0.359859 0 0.928867 0.370413 0 0.834478 0.551041 0 0.948477 0.316846 0 0.784489 0.620143 0 0.779969 0.625819 0 0.751848 0.659336 -0.003124 0.7505 0.660863 0.000000 0.405478 0.914105 0.012439 0.361921 0.932126 0.000000 0.148311 0.988941 0.019373 0.148283 0.988755 0 0.928867 0.370414 0 0.834478 0.551041 0 0.779968 0.625819 0.003124 0.7505 0.660863 -0.012439 0.361921 0.932126 -0.019373 0.148283 0.988755 0.073739 0.151531 0.985698 0 0.151945 0.988389 0.073739 0.151531 0.985698 -0.073739 0.151531 0.985698 -0.073739 0.151531 0.985698 0.829399 0.542141 0.134834 0.829399 0.542141 0.134834 0.829399 0.542141 0.134834 0.300141 -0.386787 0.871958 0.300141 -0.386787 0.871958 0.300141 -0.386787 0.871958 -0.442114 -0.390042 -0.807714 -0.442114 -0.390042 -0.807714 -0.442114 -0.390042 -0.807714 0 -0.033441 -0.999441 0.03314 -0.000608 -0.999451 0.04669 0.027848 -0.998521 0.000000 -0.008997 -0.99996 0.203033 0.078242 -0.976041 0.30978 0.059747 -0.948929 0.078467 0.098102 -0.992078 -0.02768 0.050214 -0.998355 0.000000 0.016101 -0.99987 -0.046689 0.027848 -0.998521 -0.033139 -0.000608 -0.999451 -0.203033 0.078242 -0.976041 -0.30978 0.059747 -0.948929 -0.078467 0.098102 -0.992078 0.02768 0.050214 -0.998355 -0.919064 -0.347249 0.186383 -0.898377 -0.408395 0.161653 -0.828439 -0.506481 0.239093 -0.880562 -0.405742 0.244917 -0.941908 -0.328981 0.067682 -0.954322 -0.279095 0.106654 -0.963999 -0.260884 0.051441 -0.969782 -0.23619 0.061133 -0.805653 -0.550418 0.219005 -0.839144 -0.466279 0.280038 -0.808819 -0.510011 0.292748 -0.777297 -0.485344 0.400313 -0.799101 -0.4948 0.341483 -0.747344 -0.467742 0.471905 -0.832968 -0.493576 0.250095 -0.808412 -0.549802 0.210209 -0.750955 -0.643502 0.148229 -0.771248 -0.588716 0.242053 -0.881956 -0.455797 0.120013 -0.923948 -0.381244 0.031192 -0.934358 -0.3561 0.012966 -0.69377 -0.339678 0.635061 -0.122304 0.966156 0.227121 -0.122304 0.966156 0.227121 -0.122304 0.966156 0.227121 -0.122304 0.966156 0.227121 -0.214411 0.580129 0.785798 -0.214411 0.580129 0.785798 -0.214411 0.580129 0.785798 -0.829399 0.542141 0.134834 -0.829399 0.542141 0.134834 -0.829399 0.542141 0.134834 -0.300141 -0.386788 0.871958 -0.300141 -0.386787 0.871958 -0.300141 -0.386787 0.871958 0.442114 -0.390042 -0.807714 0.442114 -0.390042 -0.807714 0.442114 -0.390042 -0.807714 0.482051 -0.853807 -0.196571 0.834935 -0.502098 -0.225349 0.834934 -0.502099 -0.225348 0.482051 -0.853807 -0.196571 0.250119 -0.951313 -0.180123 0.250119 -0.951313 -0.180123 0.964098 -0.021655 -0.264661 0.964098 -0.021655 -0.264661 0.834933 0.458788 -0.303974 0.834934 0.458787 -0.303974 0.48205 0.810496 -0.332751 0.48205 0.810496 -0.332751 0.250121 0.909378 -0.332372 0.250121 0.909378 -0.332372 0.382809 -0.716571 -0.583081 0.638399 -0.055159 -0.767727 0.668031 -0.43972 -0.600317 0.201324 -0.800142 -0.565015 0.779312 -0.054752 -0.62424 0.681869 0.338197 -0.648597 0.396662 0.631001 -0.666706 0.207533 0.723184 -0.658738 -0.000006 -0.08155 -0.996669 -0.000006 -0.08155 -0.996669 -0.000006 -0.08155 -0.996669 -0.000006 -0.08155 -0.996669 0.000000 -0.081549 -0.996669 0.000000 -0.081549 -0.996669 -0.000000 -0.081552 -0.996669 -0.000000 -0.081552 -0.996669 -0.000008 -0.081559 -0.996669 -0.000008 -0.081559 -0.996669 -0.000003 -0.081563 -0.996668 -0.000003 -0.081563 -0.996668 -0.000003 -0.081563 -0.996668 -0.000003 -0.081563 -0.996668 -0.420244 0.685185 -0.594909 -0.725125 0.376351 -0.576675 -0.72836 0.370583 -0.576333 -0.423575 0.683232 -0.594793 -0.220857 0.779071 -0.586746 -0.220857 0.779071 -0.586746 -0.832731 -0.049249 -0.551483 -0.832845 -0.041727 -0.551931 -0.714039 -0.460828 -0.527055 -0.71733 -0.455306 -0.527384 -0.409264 -0.75695 -0.509441 -0.412462 -0.755139 -0.509549 -0.214683 -0.844107 -0.491319 -0.214683 -0.844107 -0.491319 -0.48205 -0.853808 -0.19657 -0.482051 -0.853808 -0.19657 -0.834934 -0.502099 -0.225347 -0.834935 -0.502098 -0.225347 -0.250117 -0.951313 -0.180124 -0.250117 -0.951313 -0.180124 -0.964099 -0.021655 -0.26466 -0.964099 -0.021655 -0.26466 -0.834934 0.458788 -0.303973 -0.834934 0.458787 -0.303973 -0.48205 0.810496 -0.332752 -0.48205 0.810496 -0.332752 -0.250121 0.909377 -0.332374 -0.250121 0.909377 -0.332374 -0.638398 -0.055159 -0.767728 -0.38281 -0.716571 -0.58308 -0.668031 -0.439721 -0.600317 -0.201325 -0.800142 -0.565015 -0.779309 -0.054752 -0.624243 -0.681868 0.338198 -0.648597 -0.396664 0.631 -0.666706 -0.207538 0.72318 -0.65874 0.000006 -0.08155 -0.996669 0.000006 -0.08155 -0.996669 0.000006 -0.08155 -0.996669 0.000006 -0.08155 -0.996669 0 -0.081549 -0.996669 0 -0.081549 -0.996669 0 -0.081552 -0.996669 0 -0.081552 -0.996669 0.000008 -0.081559 -0.996669 0.000008 -0.081559 -0.996669 0.000001 -0.081561 -0.996668 0.000001 -0.081561 -0.996668 0.000001 -0.081561 -0.996668 0.000001 -0.081561 -0.996668 0.420244 0.685185 -0.594909 0.423575 0.683232 -0.594793 0.728359 0.370583 -0.576334 0.725124 0.37635 -0.576676 0.220857 0.779071 -0.586746 0.220857 0.779071 -0.586746 0.83273 -0.04925 -0.551485 0.832844 -0.041727 -0.551932 0.714038 -0.460829 -0.527055 0.71733 -0.455307 -0.527384 0.409265 -0.756949 -0.509441 0.412464 -0.755138 -0.509549 0.214686 -0.844107 -0.491318 0.214686 -0.844107 -0.491318 0.639695 -0.767989 -0.031345 0.658706 -0.746836 -0.091336 0.835494 -0.530879 0.141838 0.346285 -0.926519 -0.147134 0.356646 -0.910162 -0.210734 -0.000000 -0.982206 -0.187807 -0.000000 -0.967549 -0.252685 0.860073 -0.502671 0.087155 0.903939 -0.25141 0.345959 0.930214 -0.215068 0.297402 0.834767 0.027816 0.549901 0.858737 0.072088 0.50732 0.638665 0.264342 0.722655 0.656814 0.315178 0.685024 0.345558 0.422285 0.838013 0.355309 0.477426 0.803629 0 0.477729 0.878507 0 0.534366 0.845253 -0.345558 0.422285 0.838013 -0.355309 0.477426 0.803629 -0.638665 0.264342 0.722655 -0.656814 0.315178 0.685024 -0.834767 0.027816 0.549901 -0.858737 0.072088 0.50732 -0.903939 -0.25141 0.345958 -0.930214 -0.215068 0.297402 -0.835493 -0.53088 0.141837 -0.860073 -0.502671 0.087155 -0.639693 -0.767991 -0.031346 -0.658705 -0.746837 -0.091338 -0.346285 -0.92652 -0.147134 -0.356645 -0.910162 -0.210734 -0.000000 -0.982206 -0.187807 -0.000002 -0.891568 0.452887 -0.174454 -0.863476 0.47326 -0.322344 -0.783481 0.531273 -0.421163 -0.663756 0.618101 -0.455867 -0.522528 0.72052 -0.421169 -0.381304 0.822936 -0.322349 -0.26158 0.909762 -0.257173 -0.208818 0.943534 -0.090308 -0.152866 0.984112 -0.000000 -0.153494 0.98815 0.174454 -0.181586 0.967777 0.322349 -0.261581 0.909762 0.421169 -0.381305 0.822936 0.455868 -0.52253 0.720519 0.421167 -0.663755 0.6181 0.322348 -0.783478 0.531276 0.174453 -0.863476 0.47326 -0.000002 -0.891568 0.452887 0.000000 -0.587081 0.809528 0 -0.587082 0.809528 0.000001 -0.58708 0.809529 0.000001 -0.58708 0.809529 -0.000003 -0.58708 0.809529 -0.000001 -0.587083 0.809527 0.000002 -0.587084 0.809526 0.000000 -0.587081 0.809528 -0.000000 -0.58708 0.809529 -0.000000 -0.587083 0.809527 0.000000 -0.587082 0.809528 -0.000001 -0.587081 0.809528 0 -0.587082 0.809527 0.000001 -0.587081 0.809528 -0.000000 -0.587081 0.809528 0.000000 -0.587084 0.809526 0.000000 -0.587083 0.809527 -0.92388 0.309792 0.224666 -0.707109 0.572421 0.415128 -0.707109 0.572421 0.415128 -0.92388 0.309792 0.224666 -0.382685 0.747906 0.542392 -0.382685 0.747906 0.542392 0 0.809527 0.587083 0.000000 0.809527 0.587083 -1 0 0 -1 0.000000 0 -0.923879 -0.309793 -0.224668 -0.923879 -0.309792 -0.224668 -0.707105 -0.572422 -0.415133 -0.707105 -0.572422 -0.415133 -0.382682 -0.747905 -0.542395 -0.382683 -0.747905 -0.542395 -0.000001 -0.80953 -0.587079 -0.000001 -0.80953 -0.587079 0.382683 -0.747908 -0.54239 0.382683 -0.747908 -0.54239 0.707106 -0.572423 -0.415129 0.707106 -0.572423 -0.415129 0.92388 -0.309793 -0.224666 0.92388 -0.309792 -0.224666 1 0.000000 0 1 0.000000 0.000000 0.923879 0.309792 0.224667 0.923879 0.309793 0.224668 0.707105 0.572422 0.415133 0.707105 0.572422 0.415133 0.382685 0.747903 0.542396 0.382684 0.747903 0.542396 0.000000 0.809527 0.587083 0 0.809527 0.587083 0.043709 0.999044 -0.000371 0.059321 0.989944 -0.128424 0.06545 0.986237 -0.151829 0.056508 0.998137 -0.023025 0.01309 0.960844 0.27678 0.042085 0.963839 0.263142 0.011073 0.859549 0.510934 0.056138 0.866461 0.496079 0.024814 -0.000000 0.999692 0.098363 0 0.995151 0.011073 -0.859549 0.510934 0.056138 -0.866461 0.496079 0.013091 -0.960845 0.276779 0.042084 -0.963839 0.263142 0.043709 -0.999044 -0.000368 0.056507 -0.998137 -0.023025 0.05932 -0.989944 -0.12842 0.065449 -0.986237 -0.151829 0.115216 0.993326 0.005383 -0.005037 0.969518 0.244969 0.191886 0.976413 -0.098984 0.191883 -0.976414 -0.098974 0.115217 -0.993326 0.005385 -0.005036 -0.969519 0.244965 -0.023616 -0.899631 0.436012 -0.059077 -0.000001 0.998253 -0.023616 0.899631 0.436012 0.115216 0.993326 0.005383 0.999977 0 -0.006837 0.999977 0 -0.006837 0.115217 -0.993326 0.005385 0.191883 -0.976414 -0.098974 -0.993006 -0.000001 0.118066 -0.993006 0 0.118066 -0.993006 0.000001 0.118065 -0.993006 -0.000001 0.118066 -0.993006 -0.000002 0.118066 -0.993006 0 0.118066 -0.993006 0.000003 0.118066 -0.993006 -0.000000 0.118065 -0.993006 0.000001 0.118066 -0.993006 0.000001 0.118066 0.120985 0.006382 -0.992634 0.120985 0.006382 -0.992634 0.165692 0.017875 -0.986015 0.173178 0.019804 -0.984692 0.165692 -0.017875 -0.986015 0.120985 -0.006382 -0.992634 0.213663 0.030267 -0.976438 0.213663 0.030267 -0.976438 0.213664 -0.030267 -0.976438 0.213664 -0.030267 -0.976438 0.631033 -0.397085 0.666423 0.653595 -0.422676 0.627821 0.74892 0 0.66266 0.713144 -0.000000 0.701018 0.631031 0.397087 0.666425 0.653595 0.422678 0.627819 0.803055 0.000000 0.595906 0.649703 -0.000001 0.760189 0.614002 -0.326933 0.718413 0.613998 0.326933 0.718416 -0.012121 0.998539 0.052662 0.143236 0.987881 -0.059793 0.143236 0.987881 -0.059793 0.014945 0.999337 0.033187 -0.245297 0.946058 0.21167 -0.206638 0.960435 0.186724 -0.498845 0.774963 0.388054 -0.383685 0.870708 0.307658 -0.798361 -0.000000 0.602179 -0.798361 0.000000 0.602179 -0.498844 -0.774963 0.388055 -0.383684 -0.870708 0.307659 -0.245295 -0.946058 0.211671 -0.206637 -0.960435 0.186724 -0.012119 -0.998539 0.052664 0.014947 -0.999337 0.033189 0.143238 -0.987881 -0.059789 0.143238 -0.987881 -0.059789 -0.437537 0 -0.899201 -0.437536 0.000000 -0.899201 -0.543706 0.000000 -0.839276 -0.54187 0 -0.840463 -0.437536 0.000000 -0.899201 -0.54187 0.000000 -0.840462 -0.801686 0 -0.597745 -0.828385 0.000000 -0.560159 -0.925996 0 -0.377532 -0.931492 0 -0.363763 -0.925997 0 -0.377532 -0.801688 0.000000 -0.597743 -0.97709 0 -0.212827 0.811161 0 -0.584822 0.811163 0.000005 -0.584821 0.811163 0.000005 -0.584821 0.811161 0 -0.584822 0.81116 -0.000005 -0.584824 0.81116 -0.000005 -0.584824 0.73159 0.000002 0.681745 0.843242 0.000001 0.537533 0.844107 0 0.536174 0.73159 0 0.681745 0.961385 0 0.275207 0.958968 0 0.283516 0.959674 0 0.281117 0.969754 0 0.244085 0.601168 0 0.799123 0.969754 0 0.244086 0.958968 0 0.283516 0.843259 -0.000001 0.537508 0.73159 -0.000002 0.681745 0.034486 0.999405 -0.000256 0.006186 0.992564 -0.121566 0.002407 0.992444 -0.122676 0.016776 0.999427 -0.029403 0.090884 0.975007 0.202736 0.064589 0.975682 0.20946 0.168102 0.89175 0.420148 0.150802 0.854346 0.497345 0.356017 0.000000 0.93448 0.29058 0.000001 0.956851 0.168102 -0.89175 0.420147 0.150801 -0.854346 0.497344 0.090883 -0.975007 0.202736 0.064588 -0.975682 0.20946 0.034485 -0.999405 -0.000258 0.016777 -0.999427 -0.029403 0.006186 -0.992564 -0.121569 0.002408 -0.992444 -0.122678 0.249691 0.88416 0.394861 0.14613 0.969581 0.196363 0.058869 0.99821 -0.010564 0.014595 0.992667 -0.12 0.014595 -0.992667 -0.12 0.058867 -0.99821 -0.010568 0.146129 -0.969582 0.19636 0.249693 -0.884159 0.394863 0.505854 0.000000 0.862619 0.182917 0.964915 0.188365 0.076006 0.996905 -0.020101 0.775025 0 0.63193 0.026679 0.992194 -0.121819 0.303247 0.875196 0.376927 0.596026 0.000002 0.802965 0.303249 -0.875193 0.376931 0.182916 -0.964916 0.188359 0.076004 -0.996905 -0.020101 0.02668 -0.992195 -0.121808 -0.810868 0 0.585229 -0.810867 0 0.58523 -0.89806 0 0.439874 -0.897904 0 0.440192 -0.810867 0 0.585231 -0.897903 0 0.440193 -0.997944 0 0.064086 -0.999428 0 0.033822 -0.955729 0 -0.294249 -0.946849 0 -0.321677 -0.782023 0 -0.623249 -0.955729 0 -0.294248 -0.997944 0 0.064087 -0.091441 0.00001 -0.99581 -0.091441 0.00001 -0.99581 -0.172127 0.000007 -0.985075 -0.173912 0.000007 -0.984761 -0.172127 -0.000007 -0.985075 -0.091441 -0.00001 -0.995811 -0.314115 -0.000003 -0.949385 -0.315381 -0.000004 -0.948965 -0.314115 0.000003 -0.949385 -0.369337 -0.000019 -0.929295 -0.369884 0 -0.929078 -0.386373 0 -0.922343 -0.369334 0.000019 -0.929297 0 -1 0 0 -1 -0.000003 0 -1 0.000000 0 -1 0 0 -1 -0.000003 0 -1 0.000000 0 -1 0 0 -1 -0.000000 0 -1 0.000003 0 -1 0 0 -1 0.000003 0 -1 -0.000000 0 -1 0 0 -0.850874 0.525369 0.262684 -0.850875 0.454983 0.270448 -0.841089 0.468431 0 -0.841089 0.540897 -0.262685 -0.850874 0.454983 -0.270448 -0.841089 0.468431 -0.454983 -0.850874 0.262684 -0.468431 -0.841089 0.270449 -0.525369 -0.850874 0.000001 -0.540897 -0.841089 0.000001 -0.454983 -0.850875 -0.262682 -0.468431 -0.841089 -0.270446 -0.262685 -0.850875 -0.454982 -0.270449 -0.841089 -0.46843 0 -0.850875 -0.525369 0 -0.841089 -0.540897 0.262685 -0.850875 -0.454982 0.270448 -0.841089 -0.46843 0.454983 -0.850875 -0.262683 0.468431 -0.841089 -0.270448 0.52537 -0.850874 0 0.540899 -0.841088 0 0.454983 -0.850875 0.262683 0.468431 -0.841088 0.270449 0.000002 -1 -0.000007 0 -1 -0.000007 0 -1 0 -0.000002 -1 -0.000007 0 -1 -0.000007 0 -1 0 0 -1 0.000007 0 -1 0.000007 0 -1 0 0 -1 0 0 -1 0 0 -1 0 -0.5 0 0.866025 -0.5 0 0.866026 -0.866025 0 0.500001 -0.866025 0 0.500001 0 0 1 0 0 1 -1 0 0 -1 0 0 -0.866025 0 -0.5 -0.866025 0 -0.5 -0.5 0 -0.866026 -0.5 0 -0.866026 0 0 -1 0 0 -1 0.5 0 -0.866026 0.5 0 -0.866026 0.866026 0 -0.499999 0.866026 0 -0.499999 1 0 0 1 0 0 0.866026 0 0.5 0.866026 0 0.5 0.5 0 0.866026 0.5 0 0.866025 0 0 1 0 0 1 0 1 0 0 1 0 0 1 0 0 1 0 0 1 0 0 1 0 0 1 0 0 1 0 0 1 0 0 1 0 0 1 0 0 1 0 0 1 0 0.262685 0.850873 0.454985 -0.000000 0.850873 0.525372 -0.000000 0.841087 0.5409 0.270449 0.841087 0.468434 -0.270449 0.841087 0.468433 -0.262685 0.850873 0.454985 -0.468433 0.841087 0.270449 -0.454986 0.850873 0.262685 -0.5409 0.841087 0 -0.525372 0.850873 0.000000 -0.468434 0.841087 -0.270449 -0.454986 0.850873 -0.262685 -0.27045 0.841087 -0.468433 -0.262686 0.850874 -0.454984 0.000000 0.841087 -0.5409 0.000000 0.850873 -0.525371 0.27045 0.841087 -0.468434 0.262686 0.850873 -0.454985 0.468434 0.841086 -0.270451 0.454986 0.850873 -0.262686 0.540901 0.841086 -0.000001 0.525373 0.850872 -0.000001 0.468434 0.841087 0.27045 0.454985 0.850873 0.262685 -0.000002 1 -0.000004 0 1 -0.000011 0 1 0.000014 0.000002 1 0.000011 0 1 -0.000007 0 1 0.000003 0 1 0.000015 0.000002 1 -0.000003 0 1 -0.000011 -0.000002 1 -0.000000 0 1 0.000002 0 1 -0.000003 -0.499999 0 0.866026 -0.866025 0 0.500001 -0.866025 0 0.500001 -0.499999 0 0.866026 0 0 1 0 0 1 -1 0 0 -1 0 0 -0.866025 0 -0.500001 -0.866025 0 -0.500001 -0.499999 -0.000000 -0.866026 -0.499999 -0.000000 -0.866026 0 -0.000001 -1 0 -0.000001 -1 0.500001 -0.000000 -0.866025 0.5 -0.000000 -0.866025 0.866026 0 -0.499999 0.866026 0 -0.499999 1 0 0 1 0 0 0.866026 0 0.5 0.866026 0 0.5 0.500001 0 0.866025 0.5 0 0.866025 0 0 1 0 0 1 0 0.945417 0.325863 0 0.945417 -0.325863 0 0.945417 -0.325863 0 0.945417 0.325863 0 0.000001 1 0 0.000001 1 0 -0.945417 0.325864 0 -0.945417 0.325864 0 -0.945417 -0.325864 0 -0.945417 -0.325864 0 -0.000002 -1 0 -0.000002 -1 0 -0.000002 -1 0 -0.000002 -1 -0.289921 0.930426 0.224172 0.289921 0.930426 -0.224172 0.289921 0.930426 -0.224172 -0.289922 0.930426 0.224172 -0.791099 0.000001 0.611688 -0.791099 0.000000 0.611688 -0.289921 -0.930427 0.22417 -0.28992 -0.930427 0.22417 0.289921 -0.930426 -0.224171 0.289921 -0.930426 -0.224171 0.791098 0.000000 -0.611689 0.791098 0 -0.611689 0.791098 0 -0.611689 0.791098 0.000000 -0.611689 -0.255476 0.942951 0.213486 0.255475 0.942951 -0.213486 0.255474 0.942951 -0.213486 -0.255475 0.942951 0.213486 -0.767349 0.000000 0.64123 -0.767349 0.000001 0.64123 -0.255475 -0.94295 0.213488 -0.255475 -0.94295 0.213488 0.255475 -0.942951 -0.213485 0.255475 -0.942951 -0.213485 0.767348 -0.000000 -0.641231 0.767348 -0.000000 -0.641231 0.767348 -0.000000 -0.641231 0.767348 -0.000000 -0.641231 0.088141 0.971932 0.218129 0.01797 0.971932 -0.234573 0.016382 0.968272 -0.249362 0.091105 0.968271 0.232704 0.264408 -0.000000 0.964411 0.264408 -0.000000 0.964411 0.08814 -0.971932 0.218126 0.091104 -0.968272 0.232701 0.017969 -0.971932 -0.234575 0.016381 -0.968271 -0.249363 -0.039963 0.000001 -0.999201 -0.039963 0.000001 -0.999201 -0.039963 0.000001 -0.999201 -0.039963 0.000001 -0.999201 0.000000 0 1 0.000000 0 1 0.5 0 0.866026 0.5 0 0.866026 0.866026 0 0.499999 0.866026 0 0.499999 -0.499999 0 0.866026 -0.499999 0 0.866026 -0.866026 0 0.499999 -0.866026 0 0.499999 -1 0 0 -1 0 0 -0.866026 0 -0.499999 -0.866026 0 -0.499999 -0.5 0 -0.866025 -0.499999 0 -0.866026 0 0 -1 0 0 -1 1 0 0 1 0 0 0.866026 0 -0.499999 0.866026 0 -0.499999 0.500001 0 -0.866025 0.500001 0 -0.866025 0 0 -1 0 0 -1 -0.04371 0.999044 -0.000371 -0.056508 0.998137 -0.023026 -0.06545 0.986237 -0.151831 -0.059321 0.989944 -0.128423 -0.013091 0.960844 0.276779 -0.042085 0.963839 0.263142 -0.011073 0.859549 0.510934 -0.056138 0.866461 0.496079 -0.024814 -0.000000 0.999692 -0.098363 0 0.995151 -0.011073 -0.859549 0.510934 -0.056138 -0.866461 0.496079 -0.013091 -0.960844 0.276779 -0.042084 -0.963839 0.263142 -0.043709 -0.999044 -0.000369 -0.056507 -0.998137 -0.023025 -0.05932 -0.989944 -0.128421 -0.065449 -0.986237 -0.151829 -0.115216 0.993326 0.005383 0.005037 0.969518 0.244967 -0.191886 0.976413 -0.09898 -0.191884 -0.976414 -0.098977 -0.115216 -0.993326 0.005385 0.005036 -0.969518 0.244966 0.023616 -0.899631 0.436012 0.059077 -0.000001 0.998253 0.023616 0.899631 0.436012 -0.115216 0.993326 0.005383 -0.999977 0 -0.006835 -0.999977 0 -0.006835 -0.115216 -0.993326 0.005385 -0.191884 -0.976414 -0.098977 0.993006 -0.000000 0.118066 0.993006 -0.000000 0.118066 0.993006 0.000000 0.118065 0.993006 0 0.118066 0.993006 -0.000002 0.118066 0.993006 0 0.118066 0.993006 0.000002 0.118066 0.993006 -0.000000 0.118065 0.993006 0.000000 0.118066 0.993006 0.000000 0.118066 -0.120985 0.006382 -0.992634 -0.173178 0.019804 -0.984692 -0.165692 0.017875 -0.986015 -0.120985 0.006382 -0.992634 -0.165692 -0.017875 -0.986015 -0.120985 -0.006382 -0.992634 -0.213664 0.030267 -0.976438 -0.213664 0.030267 -0.976438 -0.213664 -0.030267 -0.976438 -0.213664 -0.030267 -0.976438 -0.653594 -0.422676 0.627822 -0.631033 -0.397085 0.666424 -0.74892 0.000000 0.662661 -0.713144 0 0.701018 -0.631032 0.397085 0.666425 -0.653595 0.422677 0.627819 -0.803054 0 0.595906 -0.649702 0 0.760189 -0.614001 -0.326931 0.718414 -0.613999 0.326931 0.718416 0.012121 0.998539 0.052662 -0.014945 0.999337 0.033186 -0.143236 0.987881 -0.059793 -0.143236 0.987881 -0.059793 0.245297 0.946058 0.21167 0.206638 0.960435 0.186724 0.498844 0.774963 0.388054 0.383685 0.870708 0.307658 0.798361 0.000001 0.602179 0.798361 0.000002 0.602179 0.498845 -0.774963 0.388054 0.383684 -0.870708 0.307658 0.245294 -0.946059 0.211669 0.206635 -0.960436 0.186723 0.012119 -0.998539 0.052663 -0.014946 -0.999337 0.033188 -0.143235 -0.987881 -0.05979 -0.143235 -0.987881 -0.05979 0.437537 0 -0.899201 0.54187 0 -0.840462 0.543706 0 -0.839276 0.437536 0 -0.899201 0.437536 0 -0.899201 0.54187 0 -0.840462 0.801686 0 -0.597745 0.828385 0 -0.560159 0.925996 0 -0.377532 0.931492 0 -0.363763 0.925997 0 -0.377532 0.801688 0 -0.597743 0.97709 0 -0.212827 -0.811161 0 -0.584823 -0.811161 0 -0.584822 -0.811162 0.000004 -0.584821 -0.811162 0.000004 -0.584821 -0.81116 -0.000005 -0.584824 -0.81116 -0.000005 -0.584824 -0.73159 0.000002 0.681744 -0.731591 0 0.681744 -0.844107 0 0.536174 -0.843243 0.000001 0.537533 -0.961385 0 0.275207 -0.958968 0 0.283516 -0.959674 0 0.281117 -0.969754 0 0.244085 -0.601168 0 0.799123 -0.969754 0 0.244086 -0.958968 0 0.283516 -0.843259 -0.000001 0.537508 -0.731591 -0.000002 0.681744 -0.034486 0.999405 -0.000257 -0.016777 0.999427 -0.029402 -0.002407 0.992444 -0.122676 -0.006186 0.992564 -0.121566 -0.090884 0.975007 0.202736 -0.064589 0.975682 0.20946 -0.168102 0.89175 0.420148 -0.150802 0.854346 0.497344 -0.356017 0.000000 0.93448 -0.29058 0.000000 0.956851 -0.168102 -0.89175 0.420147 -0.150801 -0.854346 0.497344 -0.090883 -0.975007 0.202735 -0.064588 -0.975682 0.209459 -0.034485 -0.999405 -0.000258 -0.016777 -0.999427 -0.029402 -0.006186 -0.992564 -0.121567 -0.002407 -0.992444 -0.122674 -0.249692 0.884159 0.394863 -0.14613 0.969581 0.196362 -0.058869 0.99821 -0.010566 -0.014595 0.992667 -0.119999 -0.014595 -0.992666 -0.120001 -0.058867 -0.99821 -0.010568 -0.146129 -0.969582 0.19636 -0.249692 -0.884159 0.394863 -0.505854 0.000001 0.862619 -0.182918 0.964915 0.188364 -0.076006 0.996905 -0.020101 -0.775025 -0.000000 0.63193 -0.026679 0.992194 -0.121817 -0.303248 0.875194 0.376929 -0.596025 0.000000 0.802966 -0.303249 -0.875193 0.37693 -0.182916 -0.964916 0.188359 -0.076004 -0.996905 -0.0201 -0.02668 -0.992195 -0.121806 0.810868 0 0.585229 0.897904 0 0.440191 0.89806 0 0.439873 0.810868 0 0.585229 0.810868 0 0.58523 0.897903 0 0.440193 0.997944 0 0.064086 0.999428 0 0.033822 0.955729 0 -0.294249 0.946849 0 -0.321677 0.782023 0 -0.623249 0.955729 0 -0.294248 0.997944 0 0.064087 0.091441 0.000000 -0.99581 0.173912 0.000000 -0.984761 0.172127 0.000007 -0.985075 0.091441 0.00001 -0.99581 0.172127 -0.000006 -0.985075 0.091441 -0.00001 -0.99581 0.314115 -0.000003 -0.949385 0.31538 0.000000 -0.948965 0.314114 0.000004 -0.949385 0.369337 -0.000019 -0.929295 0.369884 -0.000000 -0.929078 0.386374 -0.000000 -0.922342 0.369334 0.000019 -0.929297 0 -1 -0.000004 0 -1 0 0 -1 0 0 -1 0 0 -1 -0.000004 0 -1 0 0 -1 0 0 -1 0 0 -1 0.000004 0 -1 0 0 -1 0.000004 0 -1 0 0 -1 0 -0.000000 -0.850874 0.525369 -0.000000 -0.841088 0.540898 -0.270448 -0.841088 0.468432 -0.262684 -0.850875 0.454983 0.262685 -0.850875 0.454983 0.270448 -0.841089 0.468431 0.454983 -0.850875 0.262684 0.468431 -0.841089 0.270448 0.525369 -0.850875 0.000000 0.540897 -0.841089 0.000000 0.454983 -0.850875 -0.262683 0.468431 -0.841089 -0.270447 0.262685 -0.850875 -0.454982 0.270449 -0.841089 -0.468431 0.000000 -0.850875 -0.525369 0.000000 -0.841089 -0.540897 -0.262685 -0.850875 -0.454982 -0.270448 -0.841089 -0.468431 -0.454984 -0.850875 -0.262683 -0.468432 -0.841088 -0.270448 -0.52537 -0.850874 0 -0.540899 -0.841087 0 -0.454984 -0.850874 0.262684 -0.468432 -0.841088 0.270449 -0.000002 -1 0.000003 0 -1 0.000005 0 -1 -0.000001 0.000002 -1 0.000003 0 -1 0.000003 0.000007 -1 0.000003 0.000011 -1 0 0.000004 -1 0 0 -1 0.000003 0 -1 -0.000001 0 -1 -0.000003 0 -1 -0.000001 0.5 0 0.866025 0.866025 0 0.500001 0.866025 0 0.500001 0.5 0 0.866025 0 0 1 0 0 1 1 0 0 1 0 0 0.866025 0 -0.5 0.866025 0 -0.5 0.5 0 -0.866026 0.5 0 -0.866026 0 0 -1 0 0 -1 -0.5 -0.000001 -0.866026 -0.499999 -0.000001 -0.866026 -0.866027 -0.000001 -0.499997 -0.866026 -0.000001 -0.499999 -1 0 0.000000 -1 0 0.000000 -0.866026 0 0.5 -0.866026 0 0.5 -0.5 0 0.866025 -0.5 0 0.866025 0 0 1 0 0 1 0 1 0 0 1 0 0 1 0 0 1 0 0 1 0 0 1 0 0 1 0 0 1 0 0 1 0 0 1 0 0 1 0 0 1 0 0 1 0 -0.262686 0.850873 0.454985 -0.27045 0.841087 0.468433 -0.000000 0.841087 0.5409 -0.000000 0.850873 0.525372 0.270449 0.841087 0.468433 0.262685 0.850873 0.454985 0.468433 0.841087 0.270449 0.454985 0.850873 0.262685 0.5409 0.841087 0 0.525371 0.850873 -0.000000 0.468434 0.841087 -0.270449 0.454986 0.850873 -0.262684 0.27045 0.841087 -0.468433 0.262687 0.850873 -0.454984 0.000000 0.841087 -0.5409 0 0.850873 -0.525371 -0.27045 0.841087 -0.468434 -0.262686 0.850873 -0.454985 -0.468434 0.841086 -0.270452 -0.454986 0.850872 -0.262686 -0.540902 0.841086 -0.000000 -0.525373 0.850872 -0.000000 -0.468434 0.841086 0.270451 -0.454986 0.850873 0.262685 0 1 0 0 1 -0.000003 0 1 0.000015 0 1 0.000015 0 1 0.000003 0 1 0 0 1 -0.000015 -0.000004 1 0 -0.000011 1 0.000015 -0.000007 1 -0.000003 0 1 -0.000003 0 1 0 0.5 0 0.866026 0.5 0 0.866026 0.866025 0 0.500001 0.866025 0 0.500001 0 0 1 0 0 1 1 0 0 1 0 0 0.866025 0 -0.500001 0.866025 0 -0.500001 0.499999 0 -0.866026 0.499999 0 -0.866026 0 0 -1 0 0 -1 -0.499999 0.000001 -0.866026 -0.5 0.000001 -0.866026 -0.866026 0.000001 -0.499999 -0.866026 0.000001 -0.5 -1 0 0.000002 -1 0 0.000001 -0.866026 0 0.5 -0.866026 0 0.5 -0.500001 0 0.866025 -0.500001 0 0.866025 0 0 1 0 0 1 0 0.945417 0.325863 0 0.945417 0.325863 0 0.945417 -0.325863 0 0.945417 -0.325863 0 0.000001 1 0 0.000001 1 0 -0.945417 0.325864 0 -0.945417 0.325864 0 -0.945417 -0.325864 0 -0.945417 -0.325864 0 -0.000002 -1 0 -0.000002 -1 0 -0.000002 -1 0 -0.000002 -1 0.289921 0.930426 0.224172 0.289922 0.930426 0.224172 -0.289921 0.930426 -0.224172 -0.289921 0.930426 -0.224171 0.791098 0.000003 0.611689 0.791098 0.000003 0.611689 0.28992 -0.930427 0.224171 0.28992 -0.930427 0.224171 -0.289921 -0.930427 -0.224171 -0.28992 -0.930427 -0.22417 -0.791098 -0.000000 -0.611689 -0.791098 -0.000001 -0.611689 -0.791098 -0.000001 -0.611689 -0.791098 -0.000000 -0.611689 0.255475 0.942951 0.213486 0.255475 0.942951 0.213486 -0.255474 0.942951 -0.213486 -0.255475 0.942951 -0.213486 0.767349 -0.000000 0.64123 0.767349 0.000000 0.64123 0.255475 -0.942951 0.213486 0.255475 -0.942951 0.213487 -0.255475 -0.942951 -0.213486 -0.255475 -0.942951 -0.213487 -0.767348 0.000000 -0.641231 -0.767348 0.000000 -0.641231 -0.767348 0.000000 -0.641231 -0.767348 0.000000 -0.641231 -0.08814 0.971932 0.218127 -0.091104 0.968271 0.232703 -0.016382 0.968271 -0.249365 -0.017969 0.971932 -0.234576 -0.264407 0.000001 0.964411 -0.264407 0.000000 0.964411 -0.08814 -0.971932 0.218126 -0.091104 -0.968272 0.232701 -0.017969 -0.971932 -0.234575 -0.016381 -0.968271 -0.249363 0.039963 -0.000000 -0.999201 0.039963 -0.000000 -0.999201 0.039963 -0.000000 -0.999201 0.039963 -0.000000 -0.999201 0.000000 0 1 -0.499999 0 0.866026 -0.499999 0 0.866026 0 0 1 -0.866026 0 0.5 -0.866026 0 0.5 0.499999 0 0.866026 0.499999 0 0.866026 0.866026 0 0.499999 0.866026 0 0.499999 1 0 0 1 0 0 0.866026 0 -0.499999 0.866026 0 -0.499999 0.5 0.000000 -0.866026 0.499999 0.000000 -0.866026 -0.000000 0.000000 -1 -0.000000 0.000000 -1 -1 0 0 -1 0 0 -0.866026 0 -0.499999 -0.866026 0 -0.499999 -0.500001 0 -0.866025 -0.500001 0 -0.866025 -0.000000 0.000000 -1 -0.000000 0.000000 -1 0.046366 0.02733 -0.998551 -0.170813 -0.671856 -0.720717 -0.314614 -0.730616 -0.605985 0.323979 0.940676 -0.100831 0.239501 0.647093 -0.723816 0.256898 0.730926 -0.632258 0.401058 0.909137 0.112353 0.218579 0.732611 0.644596 0.291443 0.572885 0.76607 -0.046083 0.023556 0.99866 0.074256 -0.080908 0.993952 -0.268294 -0.659083 0.702586 -0.130766 -0.670598 0.730204 -0.308336 -0.95116 0.014945 -0.278142 -0.95264 0.122938 -0.278142 -0.95264 0.122938 -0.365376 -0.640371 0.675593 -0.167143 0.028584 0.985518 0.129111 0.737883 0.662464 0.282682 0.956669 -0.069818 0.266622 0.664151 -0.698438 0.128753 0.043465 -0.990724 -0.308336 -0.95116 0.014945 -0.113449 -0.662071 -0.740804 -0.336736 -0.941573 -0.006983 -0.336736 -0.941573 -0.006983 -0.046366 0.02733 -0.998551 0.122666 0.004972 -0.992436 0.314614 -0.730617 -0.605984 0.170813 -0.671856 -0.720716 -0.239501 0.647094 -0.723816 -0.323979 0.940676 -0.10083 -0.401058 0.909137 0.112353 -0.256898 0.730926 -0.632258 -0.218579 0.732612 0.644596 -0.291443 0.572885 0.76607 0.046083 0.023556 0.99866 -0.074256 -0.080908 0.993952 0.268294 -0.659083 0.702587 0.130766 -0.670598 0.730205 0.308336 -0.95116 0.014945 0.278141 -0.95264 0.122939 0.278141 -0.95264 0.122939 0.308336 -0.95116 0.014945 0.336736 -0.941573 -0.006982 0.365376 -0.640371 0.675593 -0.282682 0.956669 -0.069817 -0.266623 0.664152 -0.698437 -0.129111 0.737883 0.662464 0.167143 0.028584 0.985518 0.336736 -0.941573 -0.006982 0.113449 -0.662071 -0.740804 -0.128753 0.043465 -0.990724 0.350555 -0.902014 -0.251954 0.518674 -0.824893 -0.224788 0.522925 -0.818195 -0.238971 0.372894 -0.876199 -0.305328 0.000000 -0.964755 -0.263148 0.000001 -0.928209 -0.37206 -0.350554 -0.902015 -0.251955 -0.372892 -0.8762 -0.305329 -0.518674 -0.824892 -0.224788 -0.522925 -0.818195 -0.23897 -0.509659 -0.837771 -0.195927 -0.263007 -0.954067 -0.143471 -0.000000 -0.992173 -0.124875 0.263007 -0.954067 -0.143471 0.509659 -0.837772 -0.195926 -0.983636 -0.005275 0.180087 -0.97688 -0.178746 0.117288 -0.987594 -0.104486 0.11722 -0.985442 0.021082 0.168702 -0.90422 -0.426078 -0.029062 -0.904484 -0.426339 -0.012033 -0.991753 -0.040867 0.121475 -0.988445 -0.14037 0.057204 -0.985983 -0.060008 0.155678 -0.981172 -0.161775 0.105503 -0.996616 -0.019806 0.079778 -0.992237 -0.123759 0.012219 -0.906292 0.22033 -0.36068 -0.904277 0.12468 -0.408336 -0.600573 0.298098 -0.741923 -0.610525 0.387225 -0.690881 0 0.479129 -0.877745 -0.000000 0.36997 -0.929044 0.601964 0.297177 -0.741165 0.610526 0.387224 -0.69088 0.906292 0.220329 -0.36068 0.90378 0.125523 -0.409176 0.996616 -0.019806 0.079778 0.992309 -0.123105 0.012993 0.985983 -0.060008 0.155678 0.981172 -0.161775 0.105503 0.838578 -0.542082 -0.054171 0.876972 -0.441975 -0.18862 0.532392 -0.75306 -0.386601 0.474807 -0.455004 -0.753346 0 -0.500067 -0.865987 0.000000 -0.054501 -0.998514 0.497706 -0.039103 -0.866464 0.831061 -0.183173 -0.525152 -0.491437 -0.049396 -0.869511 -0.491973 -0.4435 -0.74918 -0.832334 -0.170903 -0.527269 -0.540761 -0.744577 -0.391386 -0.875154 -0.440899 -0.199284 0 -0.886064 -0.463563 -0.518907 -0.840943 -0.153462 -0.838578 -0.542082 -0.054171 -0.000000 -0.986098 -0.166166 0.518908 -0.840943 -0.153462 -0.906558 -0.4159 -0.071975 -0.531853 -0.819658 -0.21282 -0.000000 -0.963778 -0.266704 0.531853 -0.819658 -0.212821 0.906558 -0.415898 -0.071976 0.988445 -0.140369 0.057204 0.991753 -0.040865 0.121474 0.97688 -0.178745 0.117287 0.904483 -0.42634 -0.012033 0.987594 -0.104486 0.11722 0.985442 0.021081 0.168703 0.983637 -0.005274 0.180087 0.904219 -0.426079 -0.029063 -0.862698 0.318436 0.392875 -0.938944 0.167575 0.300505 -0.943203 0.215718 0.252653 -0.882974 0.31141 0.351257 -0.573582 0.594955 0.563056 -0.602184 0.532348 0.594962 0.000000 0.754943 0.65579 0 0.660401 0.750913 0.573583 0.594955 0.563055 0.602185 0.532347 0.594962 0.862698 0.318437 0.392875 0.882973 0.311411 0.351259 0.938943 0.167577 0.300506 0.943202 0.21572 0.252655 -0.881732 0.382223 0.276502 -0.953331 0.22583 0.200404 -0.844441 0.530765 -0.07216 -0.502348 0.861491 0.07403 -0.472358 0.788876 -0.393132 0.000000 0.996669 0.081553 0 0.896409 -0.443228 0.472359 0.788875 -0.393133 0.502348 0.86149 0.074031 0.844441 0.530765 -0.072159 -0.542168 0.639161 -0.54546 -0.881209 0.436189 -0.182239 -0.000000 0.748902 -0.662681 0.542168 0.63916 -0.545461 0.881208 0.436189 -0.182239 0.586667 0.699925 0.407342 0.881732 0.382225 0.276502 0.000000 0.881199 0.472747 -0.586666 0.699925 0.407343 0.95333 0.225831 0.200404 0.000000 -0.040118 0.999195 0.000000 -0.146869 0.989156 -0.041183 -0.123612 0.991476 -0.051957 -0.18034 0.982231 -0.000000 -0.167508 0.985871 0.051958 -0.180342 0.982231 0.041185 -0.123611 0.991476 -0.000001 -0.040113 0.999195 0.015182 0.851459 0.524202 0 0.844385 0.535737 0.019831 0.844895 0.534564 0.015182 0.851459 0.524202 -0.015181 0.851459 0.524202 -0.019831 0.844895 0.534564 0.020236 0.853749 0.520291 0 0.855356 0.518041 0.013559 0.866154 0.499593 0 0.866368 0.499405 0.011631 0.877021 0.480312 -0.000000 0.876588 0.481242 0.023846 0.895246 0.444934 -0.000000 0.895643 0.444774 0.038461 0.907498 0.418293 0.037613 0.906154 0.421272 0.007865 0.852965 0.521908 -0.011632 0.877021 0.480311 -0.023847 0.895246 0.444934 -0.037614 0.906154 0.421272 -0.038461 0.907498 0.418293 -0.013559 0.866154 0.499593 -0.020236 0.853749 0.520292 -0.249083 -0.911828 -0.326385 -0.517352 -0.811387 -0.272025 -0.325431 -0.891856 -0.314144 -0.249083 -0.911828 -0.326385 -0.629371 -0.713889 0.307009 -0.630496 -0.714471 0.303327 -0.26336 -0.745907 0.611771 -0.378802 -0.710165 0.593443 0.000000 -0.779873 0.625938 0.000000 -0.779873 0.625938 0.263362 -0.745906 0.611772 0.378805 -0.710163 0.593443 0.629372 -0.713889 0.307008 0.630497 -0.714469 0.303328 0.689463 -0.691279 -0.216273 0.689463 -0.691279 -0.216273 0.249083 -0.911828 -0.326385 0.249083 -0.911828 -0.326385 0.249083 -0.911828 -0.326385 0.249083 -0.911828 -0.326385 0.5258 0.123577 0.841584 0.687635 -0.08509 0.721053 0.723852 -0.047815 0.688297 0.553251 0.171575 0.815153 0.284384 0.262785 0.921992 0.299144 0.317829 0.899721 -0.000000 0.311628 0.950204 0.000000 0.369123 0.92938 -0.284382 0.262786 0.921993 -0.299142 0.31783 0.899721 -0.5258 0.123576 0.841584 -0.553251 0.171572 0.815154 -0.687634 -0.085091 0.721054 -0.723851 -0.047815 0.688298 -0.745111 -0.331733 0.578587 -0.78476 -0.307376 0.538211 -0.689151 -0.578918 0.435805 -0.726199 -0.567779 0.387635 -0.527945 -0.788894 0.314516 -0.556573 -0.789197 0.259603 -0.2859 -0.929414 0.233348 -0.301492 -0.937484 0.173858 0 -0.978799 0.204822 0 -0.98962 0.143709 0.285899 -0.929414 0.233347 0.301492 -0.937484 0.173855 0.527944 -0.788895 0.314516 0.556573 -0.789198 0.259601 0.68915 -0.578917 0.435807 0.726199 -0.567779 0.387636 0.74511 -0.331734 0.578587 0.78476 -0.307377 0.538211 -0.000004 -0.496771 0.867882 -0.000001 -0.496762 0.867887 -0.000000 -0.496763 0.867887 -0.000001 -0.496759 0.867888 0.000000 -0.496761 0.867888 0.000009 -0.496765 0.867885 0.000009 -0.49676 0.867888 -0.000007 -0.496766 0.867884 -0.000004 -0.49677 0.867882 0.000000 -0.496764 0.867885 -0.000002 -0.496759 0.867888 -0.000003 -0.496758 0.867889 -0.000003 -0.496761 0.867888 -0.000000 -0.496764 0.867886 -0.000006 -0.496766 0.867884 -0.000008 -0.496771 0.867882 0.000000 0.496764 -0.867886 0 0.496763 -0.867886 0.000000 0.496763 -0.867887 -0.000001 0.496764 -0.867886 0 0.496764 -0.867886 -0.000000 0.496763 -0.867886 -0.000000 0.496764 -0.867886 0.000001 0.496764 -0.867886 0.000000 0.496762 -0.867887 -0.000000 0.496763 -0.867886 0.000000 0.496762 -0.867887 0.000000 0.496761 -0.867887 -0.000000 0.496762 -0.867887 -0.000000 0.496762 -0.867887 -0.000000 0.496763 -0.867886 0.000000 0.496762 -0.867887 0 0.496763 -0.867886 -0.031423 -0.523512 0.851439 0.000000 -0.496891 0.867813 -0.040959 -0.510959 0.858629 -0.017037 -0.531929 0.846618 0.000002 -0.53489 0.844922 0.017039 -0.531928 0.846618 0.031423 -0.523513 0.851438 0.040957 -0.510963 0.858626 0.044206 -0.496239 0.86706 0.040724 -0.481604 0.875442 0.031095 -0.469262 0.882511 0.016801 -0.461048 0.887216 0 -0.458169 0.888865 -0.016801 -0.461047 0.887216 -0.031093 -0.469259 0.882513 -0.040723 -0.481607 0.875441 -0.044208 -0.496241 0.867058 -0.706352 -0.636006 -0.310747 -0.92289 -0.354748 -0.149759 -0.922891 -0.354746 -0.149758 -0.706353 -0.636005 -0.310747 -0.382274 -0.82394 -0.418318 -0.382271 -0.823941 -0.418318 -0.000000 -0.889934 -0.45609 -0.000001 -0.889934 -0.45609 -0.99893 -0.022975 0.040139 -0.99893 -0.022973 0.040141 -0.922891 0.308794 0.230038 -0.922892 0.308794 0.230038 -0.70635 0.590056 0.391029 -0.706351 0.590055 0.391029 -0.382274 0.777989 0.498597 -0.382273 0.77799 0.498598 -0.000000 0.843982 0.536371 0 0.843982 0.536371 0.382274 0.777988 0.498599 0.382271 0.777989 0.4986 0.706351 0.590053 0.391032 0.70635 0.590054 0.391032 0.922891 0.308791 0.230043 0.922891 0.308791 0.230044 0.99893 -0.022979 0.040141 0.99893 -0.02298 0.040141 0.92289 -0.354748 -0.14976 0.92289 -0.354747 -0.149759 0.70635 -0.636008 -0.310745 0.70635 -0.636009 -0.310746 0.382271 -0.823942 -0.418315 0.38227 -0.823943 -0.418315 -0.000001 -0.889934 -0.45609 -0.000000 -0.889934 -0.45609 -0.806283 0.508771 0.301761 -0.877007 0.413255 0.24511 -0.877007 0.413255 0.24511 -0.813338 0.500396 0.296793 -0.5741 0.704232 0.417692 -0.576642 0.702694 0.41678 0.000001 0.860094 0.510136 0.000001 0.860094 0.510136 0.574099 0.704233 0.417693 0.576641 0.702694 0.41678 0.806282 0.508773 0.301762 0.813336 0.500397 0.296794 0.877007 0.413256 0.245108 0.877007 0.413256 0.245108 0.692821 -0.170763 0.700599 0.000000 -0.269492 0.963003 -0.000000 -0.166307 0.986074 0.720295 -0.024417 0.693238 0.858838 -0.061721 0.508515 0.835569 0.033502 0.548364 0.857957 -0.321663 0.400554 0.6443 -0.348945 0.680525 0.886705 -0.25564 0.385229 0.626478 -0.312467 0.714065 0.000000 -0.3607 0.932682 0 -0.312456 0.949932 0.626904 -0.066537 0.77625 0.895723 0.128599 0.425609 0.821431 0.327924 0.466601 0.616828 0.065506 0.784368 0.000000 -0.225994 0.974129 0.000003 -0.179152 0.983822 0.963591 -0.130291 0.233487 0.954109 0.096981 0.28332 0.858588 0.395447 0.326265 -0.626479 -0.312466 0.714065 -0.6443 -0.348945 0.680525 -0.886706 -0.255639 0.385229 -0.857957 -0.321664 0.400552 -0.692822 -0.170764 0.700598 -0.85884 -0.061721 0.508513 -0.720296 -0.024414 0.693237 -0.83557 0.033505 0.548362 -0.616829 0.065509 0.784366 -0.626905 -0.066535 0.77625 -0.821434 0.327921 0.466599 -0.895723 0.1286 0.425608 -0.963592 -0.130288 0.233487 -0.954109 0.096983 0.283321 -0.85859 0.395441 0.326266 0.987851 0.08757 0.128384 0.989983 0.071164 0.121943 0.962072 0.209129 0.175166 0.962072 0.209129 0.175166 0.935569 -0.337955 -0.102457 0.966679 -0.254053 0.031458 0.907932 -0.288655 -0.303872 0.820672 -0.227918 -0.523976 0.755036 -0.49506 -0.429926 0.509073 -0.192674 -0.838881 0.482252 -0.598673 -0.63955 0.016931 -0.193532 -0.980948 0.000000 -0.639121 -0.769106 0.791368 0.484188 -0.373229 0.484417 0.488659 -0.725639 0.377221 0.797871 -0.47022 0.019873 0.811851 -0.583526 0.025913 0.488275 -0.872305 0.659575 0.744449 -0.103716 0.864157 0.496004 -0.084925 0.71626 0.697338 0.0263 -0.482253 -0.598672 -0.639549 -0.508156 -0.22005 -0.83268 -0.755036 -0.49506 -0.429925 -0.82333 -0.237783 -0.515351 -0.935569 -0.337955 -0.102457 -0.907932 -0.288655 -0.303871 -0.966679 -0.254053 0.031459 -0.989983 0.071163 0.121944 -0.987851 0.08757 0.128385 -0.962072 0.209129 0.175167 -0.962072 0.209129 0.175167 -0.480249 0.475488 -0.73707 -0.369598 0.817211 -0.442227 -0.795982 0.483991 -0.363545 -0.655994 0.747951 -0.101195 -0.864159 0.496001 -0.084926 -0.716262 0.697336 0.026299 0.000000 0.061707 -0.998094 0.000000 0.063054 -0.99801 -0.024817 0.062931 -0.997709 0.003865 0.061706 -0.998087 -0.135877 -0.205402 -0.969199 0 -0.292371 -0.956305 -0.150086 -0.862737 -0.482865 -0.000000 -0.875292 -0.483595 -0.022613 -0.991754 -0.126147 -0.000000 -0.992007 -0.126179 -0.003864 0.061706 -0.998087 0.024818 0.06293 -0.997709 0.150086 -0.862738 -0.482864 0.022612 -0.991754 -0.126148 0.135878 -0.205401 -0.969199 -0.184024 0.950409 0.250716 0.000000 0.951904 0.306395 -0.282508 0.934819 0.215183 0.000000 0.959109 0.283036 -0.269682 0.92898 0.253512 -0.360611 0.839802 0.405823 -0.219009 0.890581 0.398623 -0.000000 0.934289 0.356516 0.184024 0.950409 0.250715 0.282509 0.934818 0.215182 0.219008 0.890581 0.398624 0.36061 0.839802 0.405825 0.269684 0.928979 0.253514 0 -0.973718 -0.227759 0 -0.986598 0.163172 -0.341179 -0.938428 -0.054306 -0.409522 -0.910744 -0.053257 -0.304533 -0.940994 0.147616 0.341179 -0.938428 -0.054307 0.409522 -0.910745 -0.053254 0.304533 -0.940993 0.147619 0 -0.891448 0.453122 0.552829 -0.080767 -0.829372 0.891293 -0.043949 -0.451294 0.902917 -0.04166 -0.427792 0.568457 -0.079741 -0.818839 0.000000 -0.096925 -0.995292 0.000001 -0.096925 -0.995292 -0.552828 -0.080767 -0.829372 -0.568456 -0.079741 -0.81884 -0.891293 -0.043947 -0.451294 -0.902917 -0.041659 -0.427792 -0.974894 -0.021581 -0.22162 -0.974894 -0.021581 -0.22162 0.974894 -0.021582 -0.22162 0.974894 -0.021582 -0.22162 -0.499997 0.731526 -0.463543 0.499996 0.731526 -0.463545 0.499995 0.731527 -0.463545 -0.499996 0.731527 -0.463544 -1 -0.000000 0.000000 -1 -0.000000 0.000000 1 -0.000000 0 1 -0.000002 0.000001 0.499999 -0.731525 0.463543 0.499999 -0.731525 0.463543 -0.499999 -0.731525 0.463542 -0.499999 -0.731526 0.463543 -1 -0.000000 0.000000 -1 -0.000000 0.000000 -0.000017 -0.535251 -0.844693 0 -0.535253 -0.844692 0.000000 -0.535251 -0.844693 0.000004 -0.53525 -0.844693 0.000005 -0.535252 -0.844693 -0.000001 -0.535263 -0.844686 -0.000000 0.866024 0.500003 -0.000001 0.500009 0.86602 -0.000001 0.500009 0.86602 -0.000000 0.866024 0.500003 0 1 0.000000 0 1 0.000000 0.000000 0.866023 -0.500004 0.000000 0.866023 -0.500004 0.000000 0.500006 -0.866022 0.000000 0.500005 -0.866022 -0.000000 0.000009 -1 -0.000000 0.00001 -1 -0.000000 -0.500002 -0.866024 -0.000000 -0.500002 -0.866024 0 -0.866029 -0.499993 0 -0.866029 -0.499993 -0.000000 -1 0.000000 -0.000000 -1 0.000000 -0.000000 -0.866029 0.499994 -0.000000 -1 0.000000 -0.000000 -1 0.000000 -0.000000 -0.866029 0.499994 -0.000000 -0.500005 0.866022 -0.000000 -0.500005 0.866022 -0.000000 0.000003 1 -0.000000 0.000003 1 1 0 0.000001 1 -0.000001 0 1 -0.000001 0.000001 1 0.000000 0.000001 1 -0.000002 -0.000000 1 -0.000002 -0.000001 1 -0.000002 0 1 -0.000002 -0.000000 1 -0.000000 -0.000001 1 -0.000000 -0.000001 1 0.000002 0.000001 1 -0.000002 0.000001 1 -0.000002 0 0.900181 0.217761 0.377166 0.900181 0.377166 0.21776 0.900181 0.377167 0.217758 0.900181 0.217761 0.377166 0.900182 0.435514 0.000000 0.900182 0.435514 0.000001 0.900181 0.377167 -0.217762 0.90018 0.377167 -0.217762 0.900181 0.217758 -0.377167 0.900181 0.217759 -0.377167 0.900184 0.000003 -0.435511 0.900184 0.000003 -0.435511 0.900183 -0.217757 -0.377164 0.900183 -0.217759 -0.377163 0.900181 -0.377168 -0.217756 0.900181 -0.377169 -0.217756 0.900181 -0.435517 -0.000000 0.900181 -0.435517 -0.000001 0.900181 -0.377169 0.217758 0.900181 -0.377171 0.217755 0.900181 -0.21776 0.377167 0.900181 -0.217763 0.377165 0.900182 -0.000001 0.435514 0.900182 -0.000002 0.435514 0.437 -0.449737 -0.778953 0.437 -0.778957 -0.44973 0.437 -0.778958 -0.449728 0.437 -0.449733 -0.778956 0.437002 -0.899461 -0.000005 0.437002 -0.899461 -0.000011 0.437004 -0.778954 0.449731 0.437004 -0.778953 0.449733 0.437009 -0.449726 0.778954 0.437009 -0.449728 0.778953 0.437011 -0.000008 0.899456 0.437011 -0.000009 0.899456 0.437008 0.449733 0.778951 0.437008 0.449732 0.778952 0.43701 0.778956 0.449722 0.43701 0.778956 0.449722 0.437009 0.899457 0.000009 0.437009 0.899457 0.000005 0.437013 0.778954 -0.449722 0.437013 0.778954 -0.449723 0.437014 0.449735 -0.778947 0.437014 0.449735 -0.778947 0.437004 0.000013 -0.899459 0.437004 0.000011 -0.899459 -1 -0.000000 0.000000 -1 -0.000002 0.000004 -1 -0.000003 0.000003 -1 -0.000002 -0.000005 -1 0.000000 -0.000005 -1 0.000007 -0.000000 -1 0.000001 0.000000 -1 -0.000005 0.000001 -1 -0.000002 -0.000000 -1 -0.000000 0.000000 -1 -0.000000 0.000003 -1 -0.000002 0.000002 -1 -0.000001 0.000002 -0.90018 0.217758 0.37717 -0.90018 0.21776 0.377169 -0.900182 0.377167 0.217757 -0.900182 0.377165 0.21776 -0.900183 0.435512 0.000000 -0.900183 0.435512 0.000000 -0.900183 0.377163 -0.217757 -0.900183 0.377163 -0.217758 -0.900184 0.217754 -0.377164 -0.900184 0.217753 -0.377164 -0.900185 0.000001 -0.435507 -0.900185 0.000001 -0.435507 -0.900186 -0.217753 -0.377158 -0.900186 -0.217754 -0.377157 -0.900183 -0.377164 -0.217755 -0.900183 -0.377166 -0.217753 -0.900181 -0.435515 -0.000003 -0.900181 -0.435515 -0.000002 -0.900181 -0.377169 0.217756 -0.900181 -0.377169 0.217755 -0.900182 -0.217758 0.377165 -0.900182 -0.21776 0.377165 -0.900181 0.000001 0.435515 -0.900181 -0.000000 0.435515 -0.437006 -0.44972 -0.77896 -0.437006 -0.449719 -0.77896 -0.437013 -0.77895 -0.449729 -0.437013 -0.778951 -0.449728 -0.437014 -0.899455 0.000003 -0.437014 -0.899455 -0.000003 -0.437014 -0.778948 0.449732 -0.437014 -0.77895 0.449729 -0.43701 -0.449725 0.778955 -0.43701 -0.449723 0.778955 -0.437002 0.000000 0.899461 -0.437002 0.000001 0.899461 -0.437002 0.449733 0.778954 -0.437002 0.449736 0.778953 -0.437008 0.778959 0.449719 -0.437008 0.778961 0.449715 -0.43701 0.899457 0.000001 -0.43701 0.899457 0.000002 -0.437009 0.778955 -0.449724 -0.437009 0.778954 -0.449725 -0.437002 0.449734 -0.778953 -0.437002 0.449736 -0.778952 -0.437003 0.000017 -0.89946 -0.437003 0.000016 -0.89946 0.000002 -1 0.000000 0.000001 -1 -0.000001 0.000001 -1 -0.000001 0.000002 -1 0.000000 0.000003 -1 0.000007 -0.000001 0.000001 -1 -0.000002 0.000001 -1 -0.000002 0.000001 -1 -0.000001 0.000001 -1 -0.000003 0.000003 -1 -0.859052 0.44268 0.25703 -0.856864 0.468197 0.215815 -0.95191 0.245935 0.182712 -0.944885 0.243231 0.219162 0.000000 0.922791 0.3853 -0.000005 0.741119 0.671374 0.000002 0.941811 0.336142 0.859052 0.442681 0.25703 0.856864 0.468197 0.215813 0.944886 0.243226 0.219161 0.951911 0.245931 0.182711 0.000000 -1 -0.000006 0.000000 -1 -0.000006 0.000000 -1 -0.000006 0.000000 -1 -0.000006 0.000000 -1 -0.000006 0.000000 -1 -0.000006 0.000000 -0.000008 -1 0 -0.000007 -1 0 -0.000007 -1 0.000000 -0.000008 -1 -0.000001 -0.000002 -1 -0.907836 0.412148 0.077248 -0.904609 0.419128 0.077551 -0.974987 0.211836 0.067276 -0.975598 0.209028 0.067208 -0.000009 0.992073 0.125663 -0.000004 0.992096 0.125479 0.907836 0.412149 0.077249 0.904609 0.419128 0.077553 0.975597 0.209028 0.06721 0.974987 0.211837 0.067279 -0.899361 0.430187 0.078023 -0.000000 0.992103 0.125429 -0.974797 0.212702 0.067296 0.899361 0.430187 0.078026 0.974797 0.212702 0.0673 0.000002 -1 -0.000002 0.000002 -0.952942 -0.303154 0.000002 -0.952942 -0.303154 0.000002 -1 -0.000002 0.000000 -0.958687 -0.284462 0.000000 -0.958687 -0.284462 -0.000000 -0.99499 -0.099975 -0.000000 -0.99499 -0.099975 -0.912502 0.390668 0.121318 -0.909001 0.35636 0.21616 -0.966901 0.194093 0.165622 -0.970877 0.197543 0.135551 -0.000003 0.992142 0.125114 -0.000002 0.908888 0.417041 0.912502 0.390669 0.121318 0.909001 0.356361 0.216159 0.970877 0.197543 0.135552 0.966901 0.194094 0.165621 0.000001 0.942472 0.334284 0.862772 0.467685 0.192081 -0.862772 0.467684 0.192082 -0.968841 0.214826 0.123275 0.968841 0.214828 0.123273 0.000002 0.995253 0.097317 0.882646 0.466036 0.061213 -0.882645 0.466036 0.061214 -0.969622 0.239631 0.049091 0.969621 0.239634 0.049091 0.000002 -1 -0.000001 0.000002 -1 -0.000002 0.000002 -1 -0.000002 0.000002 -1 -0.000001 0.000002 -1 0.000000 -0.14731 0.000003 -0.98909 -0.147311 0.000001 -0.98909 -0.147311 0.000001 -0.98909 -0.14731 0.000003 -0.98909 -0.147312 -0.00001 -0.98909 -0.811817 0.442679 0.380774 -0.815724 0.468197 0.339685 -0.914611 0.245929 0.320945 -0.902294 0.243224 0.355962 0.056764 0.922791 0.381097 0.098895 0.741115 0.664054 0.049524 0.941812 0.332473 0.887542 0.442681 0.127681 0.879306 0.468199 0.087236 0.966861 0.24323 0.077581 0.96844 0.245934 0.040493 0.000001 -1 0.000004 0.000004 -1 0.000004 0.000004 -1 0.000004 0.000001 -1 0.000004 0.000005 -1 0.000004 0.000005 -1 0.000004 -0.147306 -0.000001 -0.989091 -0.147306 -0.000001 -0.989091 -0.147306 -0.000001 -0.989091 -0.147306 -0.000001 -0.989091 -0.147301 -0.000008 -0.989092 -0.886553 0.412147 0.210137 -0.883317 0.419126 0.209961 -0.954441 0.211833 0.210166 -0.955055 0.209022 0.210187 0.018506 0.992073 0.12429 0.018478 0.992096 0.124109 0.909312 0.412147 -0.057328 0.906165 0.419126 -0.056552 0.974855 0.209027 -0.07724 0.974261 0.211835 -0.077083 -0.878058 0.430185 0.209656 0.018467 0.992103 0.12406 -0.95425 0.212699 0.210158 0.901044 0.430186 -0.055311 0.974076 0.2127 -0.077034 -0.000001 -1 0.000005 -0.044659 -0.952944 -0.299839 -0.04466 -0.952944 -0.29984 -0.000001 -1 0.000005 -0.042112 -0.958276 -0.282724 -0.041624 -0.959257 -0.279451 -0.014706 -0.995008 -0.098707 -0.014706 -0.995008 -0.098707 -0.884677 0.390667 0.254412 -0.867243 0.356361 0.347703 -0.931956 0.194095 0.306245 -0.940318 0.197545 0.277089 0.018421 0.992142 0.123752 0.061428 0.90889 0.412487 0.92042 0.390666 -0.014423 0.930926 0.356361 0.079896 0.980253 0.197545 -0.008944 0.98075 0.194094 0.021379 0.049206 0.942562 0.330386 0.883383 0.465988 0.049896 -0.819556 0.469563 0.328389 -0.937876 0.20445 0.280339 0.973617 0.22522 -0.036677 0.005874 0.995214 0.097544 0.876269 0.472077 -0.096414 -0.861689 0.458248 0.217946 -0.94953 0.21838 0.225175 0.957069 0.260502 -0.127114 0.000003 -1 0.000001 0.000002 -1 0.000002 0.000002 -1 0.000002 0.000003 -1 0.000001 0.000007 -1 -0.000001 0.115286 -0.000000 -0.993332 0.115286 -0.000001 -0.993332 0.115286 -0.000001 -0.993332 0.115286 -0.000000 -0.993332 0.115288 -0.000003 -0.993332 -0.882957 0.442678 0.156281 -0.876031 0.468198 0.115592 -0.966628 0.24593 0.071752 -0.963852 0.243226 0.108769 -0.044419 0.922791 0.382731 -0.077411 0.741118 0.666897 -0.038752 0.941812 0.333899 0.823691 0.442682 0.354353 0.826269 0.468199 0.313159 0.913319 0.243229 0.326631 0.924499 0.245934 0.291235 -0.000006 -1 -0.000000 -0.000002 -1 -0.000000 -0.000002 -1 -0.000000 -0.000006 -1 -0.000000 -0.000001 -1 -0.000000 -0.000001 -1 -0.000000 0.115283 0.000003 -0.993333 0.115282 0.000004 -0.993333 0.115282 0.000004 -0.993333 0.115283 0.000003 -0.993333 0.115282 0.000011 -0.993333 -0.910689 0.412149 -0.027927 -0.907518 0.419127 -0.027253 -0.976243 0.211832 -0.045574 -0.976842 0.209023 -0.045713 -0.014493 0.992073 0.124824 -0.014472 0.992096 0.124642 0.892878 0.412147 0.181395 0.889637 0.419127 0.181325 0.961345 0.209025 0.179234 0.960731 0.211832 0.179231 -0.902361 0.430184 -0.026179 -0.014464 0.992103 0.124592 -0.976057 0.212698 -0.045531 0.884371 0.430184 0.181189 0.96054 0.212698 0.17923 0.000003 -1 0.000003 0.034952 -0.952942 -0.30113 0.034952 -0.952942 -0.30113 0.000003 -1 0.000003 0.032625 -0.959122 -0.281108 0.032924 -0.958353 -0.283683 0.01151 -0.995002 -0.09919 0.01151 -0.995002 -0.09919 -0.920405 0.390666 0.015315 -0.927859 0.356364 0.109923 -0.979547 0.194095 0.053046 -0.980031 0.197544 0.02272 -0.014445 0.992141 0.124291 -0.048078 0.908889 0.414258 0.892431 0.390668 0.22571 0.878019 0.356361 0.319513 0.948776 0.197546 0.246574 0.94136 0.194094 0.275986 -0.038523 0.942528 0.3319 0.830855 0.469143 0.299308 -0.880866 0.466339 0.081258 -0.974825 0.222965 -0.001724 0.946842 0.206698 0.246508 -0.004534 0.995228 0.09747 0.868587 0.460085 0.184062 -0.879984 0.470916 -0.062177 -0.962568 0.256019 -0.088978 0.956695 0.223008 0.187087 0.000000 -1 -0.000000 0.000000 -1 0.000000 0.000000 -1 0.000000 0.000000 -1 -0.000000 0.000000 -1 -0.000003 -0.000001 0.000004 1 -0.000001 0.000004 1 -0.000001 0.000004 1 -0.000001 0.000004 1 -0.000003 0.000001 1 0.859052 0.44268 -0.257029 0.856865 0.468196 -0.215812 0.951911 0.245932 -0.182711 0.944886 0.243227 -0.219161 0.000002 0.922792 -0.385298 -0.000001 0.741115 -0.671378 0.000004 0.941813 -0.336138 -0.859052 0.44268 -0.25703 -0.856865 0.468197 -0.215813 -0.944886 0.243225 -0.219161 -0.951911 0.245931 -0.182711 -0.000001 -1 0.000005 -0.000000 -0.952943 0.30315 -0.000000 -0.952942 0.303153 -0.000001 -1 0.000005 0.000000 -0.977683 0.210084 0.000000 -0.977683 0.210083 0.000000 -1 0.000002 0.000000 -1 0.000002 0.912503 0.390667 -0.12132 0.909001 0.356361 -0.216159 0.966901 0.194095 -0.165621 0.970877 0.197542 -0.135553 -0.000001 0.992142 -0.12512 -0.000002 0.90889 -0.417037 -0.912503 0.390667 -0.121318 -0.909 0.356363 -0.216158 -0.970877 0.197545 -0.135549 -0.966901 0.194095 -0.165621 -0.000000 0.949977 -0.312318 -0.869603 0.46335 -0.17058 0.869603 0.463349 -0.17058 0.970876 0.217333 -0.100827 -0.970876 0.217332 -0.100828 0.000001 0.996356 -0.085296 -0.902346 0.429003 -0.041561 0.902347 0.429003 -0.041562 0.971056 0.237262 -0.027527 -0.971056 0.237261 -0.027526 0.000000 0.029077 -0.999577 0.000000 0.331423 -0.943482 0.673673 -0.063405 -0.736305 0.707106 0.234354 -0.667143 0.952719 -0.286679 -0.100705 1 -0.000000 0.000000 0.673674 -0.509955 0.534893 0.707107 -0.234354 0.667142 -0.000000 -0.602438 0.798165 0 -0.331427 0.943481 -0.673674 -0.509954 0.534893 -0.952719 -0.286679 -0.100705 -1 -0.000000 -0.000000 -0.673673 -0.063406 -0.736305 0.673676 0.509951 -0.534893 0.952718 0.286682 0.100703 0.673675 0.063409 0.736302 -0.000000 -0.029073 0.999577 -0.673674 0.063409 0.736304 -0.707107 -0.234353 0.667142 -0.952719 0.286682 0.100703 -0.673675 0.509951 -0.534894 -0.707106 0.234353 -0.667143 0.000000 0.602432 -0.798171 0.000000 0.331423 -0.943482 0.000000 0.602432 -0.798171 0.803293 -0.374219 -0.463336 0.780602 -0.561396 -0.274764 0.533835 -0.744948 -0.400091 0.557121 -0.464603 -0.688302 0.838079 -0.119016 -0.532409 0.595437 -0.075825 -0.799816 0.875637 0.135834 -0.463475 0.638899 0.319261 -0.699914 0.905905 0.32204 -0.275003 0.675569 0.611825 -0.411432 0.920772 0.389708 -0.017496 0.694998 0.71891 -0.01211 0.916254 0.320712 0.240048 0.691615 0.609765 0.38711 0.893562 0.133534 0.42862 0.666534 0.315714 0.67532 0.858777 -0.121672 0.497693 0.627079 -0.079886 0.774848 0.821218 -0.376519 0.428758 0.584273 -0.468088 0.662962 0.790952 -0.562724 0.240286 0.549399 -0.746946 0.374476 0.776085 -0.630394 -0.017221 0.531108 -0.847206 -0.012857 0.013239 0.99991 0.002312 0.001257 0.863862 -0.503727 0.021585 0.861253 0.507717 0.023999 0.485055 0.874154 0.019808 -0.023779 0.999521 0.010302 -0.521103 0.853432 -0.001764 -0.874209 0.485547 -0.013242 -0.99991 -0.002313 -0.021355 -0.871693 -0.489587 -0.024045 -0.516696 -0.855831 -0.02037 -0.018621 -0.999619 -0.011092 0.48956 -0.871899 0.989886 -0.14041 -0.020252 0.989887 -0.140408 -0.020253 0.989886 -0.140411 -0.020253 0.989887 -0.140408 -0.020251 0.989887 -0.140406 -0.020251 0.989887 -0.140405 -0.020253 0.989887 -0.140408 -0.020253 0.989887 -0.140409 -0.020252 0.989886 -0.140409 -0.020253 0.989887 -0.140406 -0.020253 0.989887 -0.140406 -0.020252 0.989886 -0.14041 -0.020253 0.989886 -0.14041 -0.020254 -0.350555 -0.902015 -0.251954 -0.372894 -0.876199 -0.305328 -0.522925 -0.818195 -0.238971 -0.518674 -0.824893 -0.224788 -0.000000 -0.964755 -0.263148 -0.000001 -0.928209 -0.37206 0.350554 -0.902015 -0.251955 0.372893 -0.876199 -0.305329 0.518675 -0.824892 -0.224788 0.522926 -0.818194 -0.23897 0.50966 -0.837771 -0.195927 0.263007 -0.954067 -0.143472 0.000000 -0.992173 -0.124875 -0.263007 -0.954067 -0.143471 -0.509658 -0.837772 -0.195927 0.983636 -0.005275 0.180087 0.985442 0.021082 0.168702 0.987594 -0.104486 0.11722 0.97688 -0.178746 0.117288 0.904219 -0.426078 -0.029063 0.904483 -0.426339 -0.012033 0.991753 -0.040867 0.121475 0.988445 -0.14037 0.057204 0.985983 -0.060008 0.155678 0.981172 -0.161775 0.105503 0.996616 -0.019806 0.079778 0.992237 -0.123759 0.012219 0.906292 0.22033 -0.36068 0.904277 0.12468 -0.408336 0.600574 0.298098 -0.741923 0.610525 0.387224 -0.690881 0 0.479129 -0.877745 0.000000 0.36997 -0.929044 -0.601964 0.297177 -0.741164 -0.610526 0.387224 -0.69088 -0.906292 0.220329 -0.36068 -0.90378 0.125523 -0.409176 -0.996616 -0.019806 0.079778 -0.992309 -0.123105 0.012993 -0.985983 -0.060009 0.155678 -0.981172 -0.161775 0.105503 -0.838578 -0.542082 -0.054171 -0.876972 -0.441975 -0.18862 -0.532392 -0.753059 -0.386601 -0.474807 -0.455004 -0.753346 -0.000000 -0.500066 -0.865987 -0.000000 -0.054501 -0.998514 -0.497706 -0.039103 -0.866464 -0.831061 -0.183173 -0.525152 0.491437 -0.049395 -0.869511 0.491973 -0.4435 -0.74918 0.832334 -0.170903 -0.527269 0.540761 -0.744577 -0.391386 0.875154 -0.440899 -0.199284 0.000000 -0.886064 -0.463563 0.518907 -0.840943 -0.153462 0.838578 -0.542082 -0.054171 0.000000 -0.986098 -0.166166 -0.518908 -0.840942 -0.153461 0.906558 -0.4159 -0.071975 0.531853 -0.819658 -0.21282 0.000000 -0.963778 -0.266704 -0.531854 -0.819658 -0.212821 -0.906559 -0.415898 -0.071976 -0.988445 -0.14037 0.057204 -0.991753 -0.040866 0.121474 -0.97688 -0.178745 0.117287 -0.904483 -0.42634 -0.012033 -0.987594 -0.104486 0.11722 -0.985442 0.021081 0.168703 -0.983637 -0.005274 0.180087 -0.904219 -0.426079 -0.029063 0.862698 0.318436 0.392875 0.882973 0.31141 0.351257 0.943203 0.215719 0.252653 0.938944 0.167575 0.300505 0.573582 0.594955 0.563056 0.602184 0.532348 0.594962 0 0.754943 0.65579 0 0.660401 0.750913 -0.573583 0.594955 0.563055 -0.602185 0.532347 0.594962 -0.862698 0.318437 0.392875 -0.882973 0.311411 0.351259 -0.938943 0.167577 0.300506 -0.943202 0.215721 0.252655 0.881733 0.382223 0.276501 0.953331 0.22583 0.200404 0.844441 0.530765 -0.07216 0.502348 0.861491 0.074031 0.472358 0.788875 -0.393132 0.000000 0.996669 0.081553 0.000000 0.896409 -0.443228 -0.472359 0.788875 -0.393133 -0.502348 0.86149 0.074031 -0.844442 0.530765 -0.072159 0.542168 0.639162 -0.54546 0.881208 0.436189 -0.182239 0.000000 0.748902 -0.662681 -0.542168 0.63916 -0.545461 -0.881208 0.436188 -0.18224 -0.586667 0.699924 0.407342 -0.881732 0.382224 0.276502 0.000000 0.881198 0.472747 0.586667 0.699925 0.407342 -0.95333 0.225831 0.200404 -0.000000 -0.146869 0.989156 -0.000000 -0.040118 0.999195 0.041183 -0.123612 0.991476 0.051957 -0.18034 0.982231 0.000000 -0.167508 0.985871 -0.051958 -0.180342 0.982231 -0.041185 -0.123611 0.991476 0.000001 -0.040113 0.999195 -0.015182 0.851458 0.524202 -0.015182 0.851458 0.524202 -0.019831 0.844895 0.534564 0 0.844385 0.535737 0.015182 0.851459 0.524202 0.019831 0.844895 0.534564 -0.020236 0.853749 0.520291 0 0.855356 0.518041 -0.013559 0.866154 0.499593 0 0.866369 0.499405 -0.011631 0.877021 0.480311 0.000000 0.876588 0.481242 -0.023847 0.895246 0.444934 0.000000 0.895643 0.444775 -0.038461 0.907497 0.418293 0.000000 0.906796 0.421571 0.000000 0.852992 0.521923 0.038461 0.907497 0.418293 0.023847 0.895246 0.444935 0.011632 0.877021 0.480311 0.013559 0.866154 0.499593 0.020236 0.853749 0.520292 0.249084 -0.911828 -0.326385 0.249084 -0.911828 -0.326385 0.249084 -0.911828 -0.326385 0.249084 -0.911828 -0.326385 -0.249083 -0.911828 -0.326385 -0.249083 -0.911828 -0.326385 -0.249083 -0.911828 -0.326385 -0.249083 -0.911828 -0.326385 -0.689463 -0.691279 -0.216273 -0.689463 -0.691279 -0.216273 -0.689463 -0.691279 -0.216273 -0.689463 -0.691279 -0.216273 -0.525541 -0.645112 0.55465 -0.525541 -0.645112 0.55465 -0.525541 -0.645112 0.55465 -0.525541 -0.645112 0.55465 -0.114999 -0.774698 0.621786 -0.114999 -0.774698 0.621786 -0.114999 -0.774698 0.621786 -0.114999 -0.774698 0.621786 0.114998 -0.7747 0.621785 0.114998 -0.7747 0.621785 0.114998 -0.7747 0.621785 0.114998 -0.7747 0.621785 0.525539 -0.645114 0.55465 0.525539 -0.645114 0.55465 0.525539 -0.645114 0.55465 0.525539 -0.645114 0.55465 0.689464 -0.691278 -0.216275 0.689464 -0.691277 -0.216275 0.689464 -0.691278 -0.216275 0.689464 -0.691278 -0.216275 -0.5258 0.123577 0.841584 -0.553252 0.171575 0.815153 -0.723852 -0.047815 0.688297 -0.687635 -0.08509 0.721053 -0.284384 0.262785 0.921992 -0.299144 0.317829 0.899721 0.000000 0.311628 0.950204 -0.000000 0.369123 0.92938 0.284382 0.262786 0.921993 0.299142 0.31783 0.899721 0.5258 0.123576 0.841584 0.553251 0.171572 0.815154 0.687634 -0.085091 0.721054 0.723851 -0.047815 0.688298 0.745111 -0.331732 0.578587 0.78476 -0.307376 0.538211 0.68915 -0.578917 0.435805 0.726199 -0.567779 0.387636 0.527945 -0.788894 0.314516 0.556574 -0.789197 0.259603 0.2859 -0.929414 0.233348 0.301493 -0.937484 0.173857 0.000000 -0.978799 0.204822 0 -0.98962 0.143709 -0.285899 -0.929414 0.233347 -0.301492 -0.937484 0.173855 -0.527944 -0.788895 0.314516 -0.556573 -0.789198 0.259601 -0.68915 -0.578917 0.435807 -0.726199 -0.567779 0.387636 -0.74511 -0.331734 0.578587 -0.78476 -0.307377 0.538211 0.000004 -0.496771 0.867882 0.000001 -0.496762 0.867887 0.000000 -0.496762 0.867887 0.000001 -0.496759 0.867889 0 -0.49676 0.867888 -0.000009 -0.496765 0.867885 -0.000009 -0.496762 0.867887 0.000006 -0.496767 0.867884 0.000004 -0.496769 0.867883 -0.000000 -0.496764 0.867886 0.000002 -0.496759 0.867889 0.000003 -0.496758 0.867889 0.000002 -0.49676 0.867888 0.000000 -0.496764 0.867886 0.000005 -0.496767 0.867884 0.000006 -0.496772 0.867881 0 0.496763 -0.867886 -0.000000 0.496764 -0.867886 -0.000000 0.496763 -0.867886 0.000001 0.496764 -0.867886 0 0.496764 -0.867886 0.000000 0.496763 -0.867886 0.000000 0.496764 -0.867886 -0.000001 0.496765 -0.867885 -0.000000 0.496763 -0.867887 0.000000 0.496763 -0.867886 -0.000000 0.496762 -0.867887 -0.000000 0.496761 -0.867887 0.000000 0.496762 -0.867887 0.000000 0.496762 -0.867887 0.000000 0.496763 -0.867886 -0.000000 0.496762 -0.867887 0 0.496763 -0.867886 -0.000000 -0.496891 0.867813 0.031423 -0.523511 0.851439 0.040959 -0.510958 0.858629 0.017037 -0.531929 0.846618 -0.000001 -0.53489 0.844921 -0.017038 -0.531928 0.846618 -0.031424 -0.523512 0.851439 -0.040958 -0.510963 0.858626 -0.044206 -0.49624 0.867059 -0.040724 -0.481604 0.875443 -0.031094 -0.469262 0.882511 -0.016801 -0.461048 0.887216 0 -0.458169 0.888865 0.016801 -0.461047 0.887217 0.031092 -0.46926 0.882513 0.040723 -0.481607 0.87544 0.044209 -0.49624 0.867059 0.706352 -0.636006 -0.310748 0.706353 -0.636004 -0.310747 0.922891 -0.354746 -0.149758 0.92289 -0.354748 -0.149759 0.382274 -0.82394 -0.418318 0.382272 -0.823941 -0.418318 0.000000 -0.889933 -0.45609 0.000000 -0.889933 -0.45609 0.99893 -0.022977 0.040139 0.99893 -0.022974 0.040141 0.922891 0.308794 0.230038 0.922892 0.308793 0.230038 0.70635 0.590056 0.391029 0.706351 0.590055 0.391029 0.382274 0.777989 0.498598 0.382273 0.77799 0.498598 0.000000 0.843982 0.536371 0.000000 0.843982 0.536371 -0.382274 0.777988 0.498599 -0.382271 0.777989 0.4986 -0.706352 0.590053 0.391031 -0.706351 0.590053 0.391032 -0.922891 0.308791 0.230043 -0.922891 0.308792 0.230043 -0.99893 -0.022978 0.040141 -0.99893 -0.022979 0.040141 -0.92289 -0.354748 -0.149759 -0.92289 -0.354747 -0.149759 -0.70635 -0.636008 -0.310745 -0.70635 -0.636009 -0.310746 -0.382271 -0.823942 -0.418315 -0.382271 -0.823942 -0.418316 0.000000 -0.889933 -0.45609 0.000000 -0.889933 -0.45609 0.806283 0.508771 0.301761 0.813337 0.500396 0.296794 0.877007 0.413256 0.24511 0.877007 0.413256 0.24511 0.574099 0.704232 0.417692 0.576642 0.702694 0.41678 -0.000001 0.860094 0.510136 -0.000001 0.860094 0.510136 -0.574099 0.704232 0.417693 -0.576642 0.702694 0.41678 -0.806282 0.508773 0.301762 -0.813336 0.500397 0.296794 -0.877007 0.413255 0.245108 -0.877007 0.413255 0.245108 -0.692821 -0.170763 0.700599 -0.720295 -0.024417 0.693238 0.000000 -0.166307 0.986074 0 -0.269492 0.963003 -0.858838 -0.061721 0.508515 -0.835569 0.033502 0.548364 -0.857957 -0.321663 0.400554 -0.6443 -0.348945 0.680525 -0.886705 -0.25564 0.385229 -0.626478 -0.312467 0.714065 -0.000000 -0.3607 0.932682 0 -0.312456 0.949932 -0.626904 -0.066536 0.77625 -0.895722 0.1286 0.425609 -0.821431 0.327924 0.466601 -0.616828 0.065506 0.784368 -0.000000 -0.225994 0.974129 -0.000003 -0.179152 0.983821 -0.963591 -0.130291 0.233487 -0.954109 0.096982 0.28332 -0.858588 0.395447 0.326265 0.62648 -0.312465 0.714065 0.6443 -0.348945 0.680525 0.886706 -0.255639 0.385229 0.857957 -0.321664 0.400551 0.692822 -0.170764 0.700598 0.85884 -0.061721 0.508513 0.720296 -0.024414 0.693237 0.83557 0.033505 0.548362 0.616829 0.065508 0.784367 0.626904 -0.066535 0.77625 0.821433 0.327921 0.4666 0.895723 0.1286 0.425608 0.963592 -0.130289 0.233487 0.954109 0.096983 0.283321 0.85859 0.395442 0.326265 -0.987851 0.08757 0.128384 -0.962072 0.209129 0.175166 -0.962072 0.209129 0.175166 -0.989983 0.071164 0.121943 -0.935569 -0.337954 -0.102457 -0.966679 -0.254053 0.031458 -0.907932 -0.288655 -0.303872 -0.820672 -0.227917 -0.523976 -0.755036 -0.49506 -0.429926 -0.509073 -0.192674 -0.838881 -0.482252 -0.598673 -0.63955 -0.016931 -0.193532 -0.980948 -0.000000 -0.639121 -0.769106 -0.791368 0.484187 -0.373229 -0.484417 0.488659 -0.725639 -0.377221 0.79787 -0.47022 -0.019873 0.811851 -0.583526 -0.025913 0.488275 -0.872305 -0.659575 0.744449 -0.103716 -0.864157 0.496004 -0.084925 -0.71626 0.697338 0.0263 0.482254 -0.598672 -0.639549 0.508156 -0.22005 -0.83268 0.755037 -0.49506 -0.429925 0.82333 -0.237783 -0.515351 0.935569 -0.337955 -0.102457 0.907932 -0.288655 -0.303871 0.966679 -0.254053 0.031458 0.989983 0.071163 0.121944 0.987851 0.08757 0.128385 0.962072 0.209129 0.175166 0.962072 0.209129 0.175166 0.480248 0.475488 -0.73707 0.369597 0.817211 -0.442227 0.795982 0.483991 -0.363545 0.655994 0.747951 -0.101195 0.864159 0.496001 -0.084926 0.716262 0.697336 0.026299 -0.000000 0.061707 -0.998094 -0.003865 0.061706 -0.998087 0.024817 0.062931 -0.997709 -0.000000 0.063054 -0.99801 0.135877 -0.205402 -0.969199 0 -0.292371 -0.956305 0.150086 -0.862737 -0.482865 0.000000 -0.875292 -0.483595 0.022613 -0.991754 -0.126147 0.000000 -0.992007 -0.12618 0.003864 0.061706 -0.998087 -0.024818 0.06293 -0.997709 -0.150086 -0.862738 -0.482864 -0.022612 -0.991754 -0.126148 -0.135878 -0.205402 -0.969199 -0.000000 -0.986598 0.163172 0.000000 -0.973718 -0.227758 0.341179 -0.938428 -0.054305 0.409522 -0.910745 -0.053256 0.304533 -0.940994 0.147616 -0.341179 -0.938428 -0.054307 -0.409522 -0.910744 -0.053254 -0.304533 -0.940993 0.147618 0.000000 -0.891448 0.453122 -0.552829 -0.080767 -0.829372 -0.568457 -0.079741 -0.818839 -0.902917 -0.04166 -0.427792 -0.891293 -0.043948 -0.451294 -0.000000 -0.096925 -0.995292 -0.000001 -0.096925 -0.995292 0.552828 -0.080767 -0.829372 0.568456 -0.079741 -0.81884 0.891293 -0.043947 -0.451294 0.902917 -0.041659 -0.427792 0.974894 -0.021581 -0.22162 0.974894 -0.021581 -0.22162 -0.974894 -0.021582 -0.22162 -0.974894 -0.021582 -0.22162 0.499997 0.731526 -0.463543 0.499996 0.731527 -0.463544 -0.499995 0.731527 -0.463545 -0.499996 0.731526 -0.463544 1 -0.000000 0.000000 1 -0.000000 0.000000 -1 -0.000000 0 -1 -0.000002 0.000001 -0.499999 -0.731525 0.463543 -0.499999 -0.731525 0.463543 0.499999 -0.731525 0.463542 0.499999 -0.731526 0.463543 1 -0.000000 0.000000 1 -0.000000 0.000000 -0.000000 -0.535253 -0.844692 0.000017 -0.535252 -0.844693 -0.000000 -0.535251 -0.844693 -0.000004 -0.53525 -0.844693 -0.000005 -0.535252 -0.844693 0.000000 -0.535263 -0.844686 0.000000 0.866024 0.500003 0.000000 0.866024 0.500003 0.000001 0.500009 0.86602 0.000001 0.500009 0.86602 0 1 0.000000 0 1 0.000000 -0.000000 0.866023 -0.500004 -0.000000 0.866023 -0.500004 -0.000000 0.500005 -0.866022 -0.000000 0.500005 -0.866022 0.000000 0.000009 -1 0.000000 0.000009 -1 0.000000 -0.500002 -0.866024 0.000000 -0.500002 -0.866024 0 -0.866029 -0.499993 0 -0.866029 -0.499993 0.000000 -1 0.000000 0.000000 -1 0.000000 0.000000 0.000003 1 0.000000 0.000003 1 0.000000 -0.500005 0.866022 0.000000 -0.500005 0.866022 0.000000 -0.866029 0.499994 0.000000 -0.866029 0.499994 0.000000 -1 0.000000 0.000000 -1 0.000000 -1 -0.000000 0 -1 0.000001 0.000001 -1 -0.000002 0.000001 -1 0 0.000001 -1 -0.000002 -0.000000 -1 -0.000001 -0.000001 -1 -0.000000 0 -1 -0.000001 -0.000000 -1 0 -0.000001 -1 0 -0.000001 -1 0.000002 0.000001 -1 -0.000001 0.000001 -1 -0.000000 0 -0.900181 0.217761 0.377166 -0.900181 0.217761 0.377166 -0.900181 0.377167 0.217758 -0.900181 0.377166 0.21776 -0.900182 0.435514 0.000000 -0.900182 0.435514 0.000001 -0.900181 0.377166 -0.217762 -0.900181 0.377167 -0.217762 -0.900181 0.217758 -0.377167 -0.900181 0.217759 -0.377167 -0.900184 0.000004 -0.435511 -0.900184 0.000003 -0.435511 -0.900183 -0.217756 -0.377164 -0.900183 -0.217758 -0.377162 -0.900181 -0.377168 -0.217756 -0.900181 -0.377168 -0.217756 -0.900181 -0.435517 -0.000000 -0.900181 -0.435517 -0.000001 -0.90018 -0.37717 0.217758 -0.90018 -0.377171 0.217755 -0.900181 -0.21776 0.377167 -0.900181 -0.217762 0.377165 -0.900182 -0.000001 0.435515 -0.900182 -0.000002 0.435514 -0.437 -0.449737 -0.778953 -0.437 -0.449733 -0.778956 -0.437 -0.778958 -0.449728 -0.437 -0.778957 -0.44973 -0.437001 -0.899461 -0.000006 -0.437001 -0.899461 -0.000011 -0.437003 -0.778955 0.449731 -0.437003 -0.778953 0.449733 -0.437009 -0.449725 0.778954 -0.437009 -0.449728 0.778953 -0.437011 -0.000009 0.899456 -0.437011 -0.00001 0.899456 -0.437008 0.449733 0.778951 -0.437008 0.449732 0.778952 -0.43701 0.778957 0.449722 -0.43701 0.778957 0.449721 -0.437009 0.899457 0.000009 -0.437009 0.899457 0.000005 -0.437013 0.778954 -0.449722 -0.437013 0.778954 -0.449723 -0.437014 0.449735 -0.778946 -0.437014 0.449735 -0.778946 -0.437004 0.000014 -0.899459 -0.437004 0.000012 -0.899459 1 -0.000002 0.000004 1 -0.000001 0.000000 1 -0.000003 0.000003 1 -0.000002 -0.000005 1 0.000000 -0.000005 1 0.000006 -0.000000 1 0.000001 0.000000 1 -0.000005 0.000001 1 -0.000002 -0.000000 1 -0.000000 0.000000 1 0 0.000003 1 -0.000002 0.000002 1 -0.000002 0.000002 0.90018 0.217758 0.37717 0.900182 0.377165 0.21776 0.900182 0.377167 0.217757 0.90018 0.21776 0.377169 0.900183 0.435512 0.000000 0.900183 0.435512 0.000000 0.900183 0.377164 -0.217757 0.900183 0.377163 -0.217758 0.900184 0.217754 -0.377164 0.900184 0.217753 -0.377164 0.900185 0.000001 -0.435507 0.900185 0.000000 -0.435507 0.900186 -0.217753 -0.377158 0.900186 -0.217755 -0.377157 0.900183 -0.377165 -0.217755 0.900183 -0.377166 -0.217753 0.900181 -0.435515 -0.000003 0.900181 -0.435515 -0.000002 0.900181 -0.377168 0.217756 0.900181 -0.377169 0.217755 0.900182 -0.217758 0.377165 0.900182 -0.217759 0.377165 0.900181 0.000001 0.435515 0.900181 -0.000000 0.435515 0.437006 -0.44972 -0.77896 0.437013 -0.77895 -0.449728 0.437013 -0.77895 -0.449729 0.437006 -0.449719 -0.77896 0.437013 -0.899455 0.000003 0.437013 -0.899455 -0.000003 0.437014 -0.778948 0.449732 0.437014 -0.77895 0.449729 0.43701 -0.449725 0.778954 0.43701 -0.449723 0.778955 0.437002 0.000000 0.899461 0.437002 0.000000 0.899461 0.437002 0.449733 0.778954 0.437002 0.449735 0.778953 0.437008 0.778959 0.449719 0.437008 0.778961 0.449715 0.43701 0.899456 0.000001 0.43701 0.899456 0.000002 0.437009 0.778955 -0.449724 0.437009 0.778954 -0.449725 0.437002 0.449734 -0.778953 0.437003 0.449736 -0.778952 0.437003 0.000017 -0.89946 0.437003 0.000017 -0.89946 -0.000002 -1 0.000000 -0.000002 -1 0.000000 -0.000001 -1 -0.000001 -0.000001 -1 -0.000001 -0.000003 -1 0.000007 0.000001 0.000001 -1 0.000001 0.000001 -1 0.000002 0.000001 -1 0.000002 0.000001 -1 0.000003 0.000003 -1 0.859052 0.44268 0.25703 0.944885 0.243231 0.219162 0.95191 0.245935 0.182712 0.856864 0.468196 0.215815 -0.000000 0.922791 0.3853 0.000005 0.741119 0.671374 -0.000002 0.941811 0.336142 -0.859052 0.442681 0.25703 -0.856864 0.468197 0.215813 -0.944886 0.243226 0.219161 -0.951911 0.245931 0.182711 -0.000000 -1 -0.000006 -0.000000 -1 -0.000006 -0.000000 -1 -0.000006 -0.000000 -1 -0.000006 -0.000000 -1 -0.000006 -0.000000 -1 -0.000006 0 -0.000007 -1 0 -0.000007 -1 0.000000 -0.000007 -1 0.000000 -0.000007 -1 0.000002 -0.000002 -1 0.907836 0.412148 0.077247 0.975598 0.209028 0.067207 0.974987 0.211836 0.067276 0.904609 0.419127 0.077551 0.000009 0.992073 0.125662 0.000005 0.992096 0.125479 -0.907836 0.412149 0.077249 -0.904609 0.419128 0.077553 -0.975597 0.209028 0.06721 -0.974987 0.211837 0.067279 0.899362 0.430187 0.078024 0.000000 0.992103 0.125429 0.974797 0.212702 0.067297 -0.899361 0.430187 0.078026 -0.974797 0.212702 0.0673 -0.000002 -1 -0.000002 -0.000002 -1 -0.000002 -0.000002 -0.952942 -0.303154 -0.000002 -0.952942 -0.303154 -0.000000 -0.958687 -0.284462 -0.000000 -0.958687 -0.284462 0.000000 -0.99499 -0.099975 0.000000 -0.99499 -0.099975 0.912502 0.390668 0.121318 0.970877 0.197543 0.135551 0.966901 0.194093 0.165622 0.909001 0.35636 0.21616 0.000003 0.992142 0.125113 0.000001 0.908888 0.417041 -0.912502 0.390669 0.121317 -0.909001 0.356361 0.216159 -0.970877 0.197543 0.135551 -0.966901 0.194094 0.165621 -0.000001 0.942472 0.334285 -0.862772 0.467685 0.192081 0.862772 0.467684 0.192082 0.968841 0.214826 0.123275 -0.968841 0.214828 0.123274 -0.000001 0.995253 0.097317 -0.882646 0.466035 0.061213 0.882645 0.466037 0.061214 0.969622 0.239632 0.04909 -0.969622 0.239633 0.049091 -0.000002 -1 -0.000001 -0.000002 -1 -0.000001 -0.000002 -1 -0.000002 -0.000002 -1 -0.000002 -0.000002 -1 0.000000 0.14731 0.000003 -0.98909 0.14731 0.000003 -0.98909 0.147311 0.000001 -0.98909 0.147311 0.000001 -0.98909 0.147312 -0.00001 -0.98909 0.811817 0.442679 0.380774 0.902293 0.243224 0.355962 0.914611 0.245929 0.320945 0.815724 0.468197 0.339685 -0.056764 0.922791 0.381097 -0.098895 0.741115 0.664054 -0.049524 0.941811 0.332473 -0.887542 0.442681 0.127681 -0.879307 0.468199 0.087236 -0.966861 0.243229 0.077581 -0.96844 0.245934 0.040493 -0.000001 -1 0.000004 -0.000001 -1 0.000004 -0.000004 -1 0.000004 -0.000004 -1 0.000004 -0.000005 -1 0.000004 -0.000005 -1 0.000004 0.147306 -0.000001 -0.989091 0.147306 -0.000001 -0.989091 0.147306 -0.000001 -0.989091 0.147306 -0.000001 -0.989091 0.147301 -0.000008 -0.989092 0.886554 0.412148 0.210137 0.955055 0.209022 0.210187 0.954441 0.211832 0.210166 0.883317 0.419126 0.209961 -0.018506 0.992073 0.12429 -0.018478 0.992097 0.124109 -0.909312 0.412147 -0.057328 -0.906165 0.419127 -0.056552 -0.974855 0.209027 -0.07724 -0.974261 0.211835 -0.077083 0.878058 0.430185 0.209656 -0.018467 0.992103 0.12406 0.95425 0.212699 0.210158 -0.901044 0.430186 -0.055311 -0.974076 0.2127 -0.077034 0.000001 -1 0.000005 0.000001 -1 0.000005 0.04466 -0.952944 -0.29984 0.04466 -0.952944 -0.299839 0.042112 -0.958276 -0.282724 0.041624 -0.959257 -0.279451 0.014706 -0.995008 -0.098707 0.014706 -0.995008 -0.098707 0.884677 0.390667 0.254412 0.940318 0.197545 0.277089 0.931956 0.194095 0.306245 0.867243 0.356361 0.347703 -0.018421 0.992142 0.123752 -0.061428 0.90889 0.412487 -0.92042 0.390666 -0.014423 -0.930926 0.356361 0.079896 -0.980253 0.197545 -0.008944 -0.98075 0.194094 0.021379 -0.049206 0.942562 0.330386 -0.883383 0.465988 0.049896 0.819556 0.469563 0.328389 0.937876 0.20445 0.280339 -0.973617 0.22522 -0.036677 -0.005874 0.995214 0.097544 -0.876269 0.472077 -0.096414 0.861689 0.458249 0.217946 0.94953 0.21838 0.225175 -0.957069 0.260502 -0.127114 -0.000003 -1 0.000001 -0.000003 -1 0.000001 -0.000002 -1 0.000002 -0.000002 -1 0.000002 -0.000007 -1 -0.000001 -0.115286 -0.000000 -0.993332 -0.115286 -0.000000 -0.993332 -0.115286 -0.000001 -0.993332 -0.115286 -0.000001 -0.993332 -0.115288 -0.000003 -0.993332 0.882956 0.442679 0.156281 0.963852 0.243226 0.108769 0.966628 0.24593 0.071752 0.876031 0.468198 0.115592 0.04442 0.922791 0.382731 0.07741 0.741118 0.666897 0.038753 0.941812 0.333899 -0.823691 0.442682 0.354353 -0.826269 0.468199 0.313159 -0.913319 0.243228 0.326631 -0.924499 0.245933 0.291235 0.000006 -1 -0.000000 0.000006 -1 -0.000000 0.000002 -1 -0.000000 0.000002 -1 -0.000000 0.000001 -1 -0.000000 0.000001 -1 -0.000000 -0.115283 0.000003 -0.993333 -0.115283 0.000003 -0.993333 -0.115283 0.000004 -0.993333 -0.115283 0.000004 -0.993333 -0.115282 0.000011 -0.993333 0.910689 0.412149 -0.027927 0.976842 0.209023 -0.045713 0.976243 0.211832 -0.045574 0.907518 0.419127 -0.027253 0.014492 0.992073 0.124824 0.014472 0.992096 0.124642 -0.892878 0.412147 0.181395 -0.889637 0.419127 0.181325 -0.961345 0.209025 0.179234 -0.960731 0.211833 0.179231 0.902361 0.430184 -0.026179 0.014464 0.992103 0.124592 0.976057 0.212698 -0.045531 -0.884371 0.430185 0.181189 -0.960539 0.212698 0.17923 -0.000003 -1 0.000003 -0.000003 -1 0.000003 -0.034952 -0.952942 -0.30113 -0.034952 -0.952942 -0.30113 -0.032625 -0.959122 -0.281108 -0.032924 -0.958353 -0.283683 -0.01151 -0.995002 -0.09919 -0.01151 -0.995002 -0.09919 0.920405 0.390666 0.015315 0.980031 0.197544 0.02272 0.979547 0.194096 0.053046 0.927859 0.356364 0.109923 0.014445 0.992141 0.124291 0.048079 0.908889 0.414258 -0.892431 0.390668 0.22571 -0.878019 0.356361 0.319513 -0.948776 0.197546 0.246574 -0.94136 0.194095 0.275986 0.038523 0.942528 0.3319 -0.830855 0.469143 0.299308 0.880866 0.466339 0.081258 0.974825 0.222965 -0.001724 -0.946842 0.206698 0.246508 0.004534 0.995228 0.09747 -0.868587 0.460085 0.184062 0.879984 0.470916 -0.062177 0.962568 0.256019 -0.088978 -0.956695 0.223008 0.187087 -0.000000 -1 -0.000000 -0.000000 -1 -0.000000 -0.000000 -1 0.000000 -0.000000 -1 0.000000 -0.000000 -1 -0.000003 0.000001 0.000004 1 0.000001 0.000004 1 0.000001 0.000004 1 0.000001 0.000004 1 0.000003 0.000001 1 -0.859052 0.44268 -0.257029 -0.944886 0.243227 -0.219161 -0.951911 0.245932 -0.182711 -0.856865 0.468196 -0.215812 -0.000002 0.922792 -0.385298 0.000001 0.741115 -0.671378 -0.000005 0.941813 -0.336138 0.859052 0.44268 -0.25703 0.856865 0.468197 -0.215813 0.944886 0.243226 -0.219161 0.951911 0.245931 -0.182711 0.000001 -1 0.000005 0.000001 -1 0.000005 0.000000 -0.952942 0.303153 0.000000 -0.952943 0.30315 -0.000000 -0.977683 0.210084 -0.000000 -0.977684 0.210084 -0.000000 -1 0.000002 -0.000000 -1 0.000002 -0.912503 0.390667 -0.12132 -0.970878 0.197542 -0.135552 -0.966901 0.194094 -0.165621 -0.909001 0.356361 -0.216159 0.000000 0.992142 -0.125119 0.000002 0.90889 -0.417037 0.912503 0.390667 -0.121318 0.909 0.356363 -0.216158 0.970877 0.197544 -0.135549 0.966901 0.194095 -0.165621 0.000000 0.949977 -0.312318 0.869603 0.46335 -0.17058 -0.869603 0.463349 -0.17058 -0.970876 0.217333 -0.100827 0.970876 0.217332 -0.100828 -0.000001 0.996356 -0.085295 0.902346 0.429003 -0.041561 -0.902346 0.429003 -0.041562 -0.971056 0.237262 -0.027526 0.971056 0.237261 -0.027526 -0.673676 0.509951 -0.534894 -0.707106 0.234354 -0.667143 -1 -0.000000 0.000000 -0.952718 0.286682 0.100703 -0.707106 -0.234354 0.667142 -0.673675 0.063409 0.736302 0.000000 -0.331427 0.943481 0.000000 -0.029073 0.999577 0.707107 -0.234353 0.667142 0.673674 0.063409 0.736304 1 -0.000000 -0.000000 0.952719 0.286682 0.100703 0.707106 0.234354 -0.667143 0.673675 0.509951 -0.534894 -0.000000 0.331424 -0.943482 -0.000000 0.602432 -0.798171 -0.000000 0.602432 -0.798171 -0.000000 0.331424 -0.943482 -0.803293 -0.374219 -0.463336 -0.557121 -0.464604 -0.688302 -0.533836 -0.744947 -0.400091 -0.780602 -0.561396 -0.274764 -0.838079 -0.119015 -0.532409 -0.595437 -0.075825 -0.799816 -0.875637 0.135835 -0.463475 -0.638899 0.319261 -0.699914 -0.905905 0.32204 -0.275003 -0.675569 0.611826 -0.411432 -0.920772 0.389708 -0.017496 -0.694998 0.71891 -0.012111 -0.916254 0.320711 0.240048 -0.691616 0.609765 0.38711 -0.893562 0.133534 0.42862 -0.666535 0.315714 0.67532 -0.858777 -0.121672 0.497693 -0.627079 -0.079886 0.774848 -0.821219 -0.376519 0.428758 -0.584273 -0.468088 0.662962 -0.790952 -0.562724 0.240286 -0.549399 -0.746945 0.374477 -0.776085 -0.630393 -0.017221 -0.531109 -0.847206 -0.012858 -0.013239 0.99991 0.002312 -0.001257 0.863862 -0.503727 -0.021585 0.861253 0.507717 -0.023999 0.485055 0.874154 -0.019808 -0.023779 0.999521 -0.010302 -0.521102 0.853432 0.001764 -0.874208 0.485548 0.013242 -0.99991 -0.002314 0.021356 -0.871693 -0.489587 0.024045 -0.516696 -0.855831 0.020369 -0.018621 -0.999619 0.011092 0.48956 -0.871899 -0.989887 -0.140408 -0.020253 -0.989886 -0.140411 -0.020252 -0.989886 -0.140411 -0.020253 -0.989887 -0.140408 -0.020251 -0.989887 -0.140406 -0.020251 -0.989887 -0.140405 -0.020253 -0.989887 -0.140408 -0.020253 -0.989887 -0.140408 -0.020252 -0.989887 -0.140408 -0.020253 -0.989887 -0.140406 -0.020253 -0.989887 -0.140407 -0.020252 -0.989886 -0.140411 -0.020253 -0.989886 -0.14041 -0.020254 0.920066 0.253501 0.298691 0.940499 0.246398 0.233987 0.831702 -0.376511 0.408059 0.63576 0.771693 0.017273 0.821505 0.566169 0.067695 0.830589 0.554567 0.05076 0 0.998316 -0.058016 0.636216 0.770608 -0.037318 0 0.998716 0.050661 0.626578 0.775993 0.072358 0 0.994082 -0.108631 -0.636216 0.770608 -0.037318 -0.63576 0.771693 0.017273 -0.830589 0.554567 0.05076 -0.821505 0.566169 0.067695 0.793337 0.608776 -0.002787 0.956612 0.145627 0.25236 0.957298 0.08012 0.277779 0.808399 -0.395616 0.435866 0.760536 0.648929 -0.021804 0.948139 0.217307 0.231972 0.836098 -0.344103 0.42724 -0.957298 0.08012 0.27778 -0.948961 0.045692 0.312066 -0.808399 -0.395616 0.435867 -0.956612 0.145627 0.25236 -0.793337 0.608776 -0.002788 -0.836098 -0.344103 0.42724 0.021988 -0.762922 0.646117 0.021988 -0.762922 0.646117 0.019574 -0.805419 0.592383 0.019724 -0.802947 0.595724 -0.019574 -0.805419 0.592383 -0.021988 -0.762922 0.646117 0 -0.858232 0.513262 0 -0.858232 0.513262 0 -0.858232 0.513262 0 -0.858232 0.513262 0 -0.858232 0.513262 0 -0.858232 0.513262 0 -0.8345 0.551009 0.038854 0.100584 -0.99417 0.038854 0.100584 -0.99417 0.038854 0.100584 -0.99417 0.038854 0.100584 -0.99417 0.688254 -0.431824 0.582953 0.701956 -0.436353 0.562898 -0.000000 -0.54846 0.836177 0.782906 -0.431838 0.447854 0.785456 -0.430759 0.444416 0.829473 -0.409488 0.379861 -0.829473 -0.409488 0.379862 -0.829473 -0.409488 0.379862 -0.782906 -0.431838 0.447855 0.916162 -0.089485 0.39069 0.763719 -0.343029 0.546869 0.736717 -0.374209 0.563219 0.916162 -0.089485 0.39069 -0.916162 -0.089485 0.39069 -0.916162 -0.089485 0.39069 -0.736717 -0.374209 0.563219 0.87428 -0.172297 0.453816 0.731421 -0.375796 0.569035 0.711471 -0.397399 0.579554 0.449158 -0.601211 0.66091 0.476237 -0.585653 0.655903 0 -0.692636 0.721288 -0.87428 -0.172297 0.453815 -0.87428 -0.172297 0.453815 -0.711471 -0.397399 0.579554 0.700885 -0.403746 0.588004 0.476539 -0.549669 0.68613 0.45463 -0.553533 0.697792 -0.000000 -0.607141 0.794594 -0.000000 -0.607141 0.794594 -0.47654 -0.549669 0.68613 -0.45463 -0.553533 0.697791 -0.700885 -0.403747 0.588004 -0.687121 -0.41787 0.594347 -0.828443 -0.242702 0.504755 0.061649 -0.565175 -0.822664 0.110436 -0.530853 -0.840237 0.294506 -0.379087 -0.877245 0.292247 -0.5259 -0.798762 0.286564 -0.52855 -0.799072 -0.000001 -0.448466 -0.8938 -0.000001 -0.448466 -0.8938 -0.286566 -0.52855 -0.799072 -0.292249 -0.5259 -0.798761 -0.110436 -0.530853 -0.840237 -0.061648 -0.565175 -0.822664 -0.294506 -0.379086 -0.877246 -0.294506 -0.379086 -0.877246 0.318276 -0.355536 -0.878803 0.05149 -0.57101 -0.819327 0.318276 -0.355536 -0.878803 0.979519 -0.168138 0.110782 0.979519 -0.168138 0.110782 0.979519 -0.168138 0.110782 0.979519 -0.168138 0.110782 -0.349014 -0.917602 -0.190252 -0.349014 -0.917602 -0.190252 -0.349014 -0.917602 -0.190252 -0.038854 0.100584 -0.99417 -0.038854 0.100584 -0.99417 -0.038854 0.100584 -0.99417 -0.979519 -0.168138 0.110782 -0.979519 -0.168138 0.110782 -0.979519 -0.168138 0.110782 -0.857123 -0.443245 0.26244 -0.857123 -0.443245 0.26244 -0.857123 -0.443245 0.26244 -0.84059 -0.279756 0.463838 -0.838351 -0.294932 0.458458 -0.779284 -0.46249 0.42287 -0.894709 -0.060521 0.44253 -0.893823 -0.134704 0.42771 -0.920676 0.01298 0.390112 -0.932015 -0.048404 0.359172 -0.888019 -0.173801 0.425695 -0.947594 0.064359 0.312929 -0.963278 -0.00422 0.268472 -0.987385 0.083296 0.134659 -0.971054 0.153538 0.182976 -0.981309 0.191639 0.01754 -0.964821 0.258523 0.047811 -0.938075 0.331522 -0.100542 -0.922619 0.377962 -0.076933 -0.809457 0.553664 -0.195542 -0.811868 0.559099 -0.168161 -0.54805 0.808776 -0.213359 -0.579024 0.788812 -0.206173 0 0.977463 -0.211105 0 0.974252 -0.225461 -0.908777 0.333512 0.250788 -0.909465 0.21771 0.354226 -0.815175 0.435851 0.381475 -0.777169 0.554006 0.298472 -0.8443 0.28711 0.452466 -0.902768 0.113732 0.41482 -0.854391 0.194806 0.481734 -0.889398 0.04079 0.45531 -0.894423 0.430322 0.121783 -0.733022 0.649567 0.201843 -0.864191 0.503163 -0.000809 -0.690633 0.715364 0.106209 -0.74871 0.652383 -0.117595 -0.624753 0.780722 -0.012529 -0.637887 0.583442 0.502688 -0.715858 0.472521 0.514074 0 0.8172 0.576355 -0.000000 0.782444 0.622721 0 0.876894 0.480684 -0.558073 0.709691 0.429992 0 0.928315 0.371795 -0.518464 0.785773 0.337277 0 0.96816 0.250331 -0.470067 0.850949 0.234357 0 0.992819 0.119627 -0.383661 0.915824 0.118621 0 0.999774 -0.021238 -0.345794 0.937972 -0.025195 -0.468427 0.869797 -0.155015 0 0.987424 -0.158093 0.54805 0.808776 -0.213359 0.579024 0.788812 -0.206173 0.811868 0.559099 -0.168161 0.809457 0.553664 -0.195542 0.922619 0.377962 -0.076933 0.938075 0.331522 -0.100542 0.964821 0.258523 0.047811 0.981309 0.191639 0.01754 0.971054 0.153537 0.182976 0.987385 0.083296 0.13466 0.947593 0.064359 0.312929 0.963278 -0.00422 0.268472 0.932015 -0.048404 0.359173 0.920676 0.01298 0.390112 0.893823 -0.134704 0.42771 0.894709 -0.060521 0.44253 0.83835 -0.294932 0.458459 0.840589 -0.279756 0.463839 0.779284 -0.46249 0.42287 0.888019 -0.173801 0.425695 0.889398 0.04079 0.45531 0.902768 0.113732 0.41482 0.854391 0.194806 0.481734 0.8443 0.28711 0.452466 0.909465 0.21771 0.354226 0.815175 0.435851 0.381475 0.908777 0.333512 0.250788 0.777169 0.554006 0.298472 0.894423 0.430322 0.121783 0.733022 0.649567 0.201843 0.864191 0.503163 -0.00081 0.690633 0.715364 0.106209 0.74871 0.652383 -0.117596 0.624753 0.780722 -0.01253 0.637887 0.583443 0.502688 0.715858 0.472521 0.514074 0.558073 0.709691 0.429992 0.518464 0.785773 0.337277 0.470067 0.850949 0.234357 0.383661 0.915824 0.118621 0.345794 0.937972 -0.025195 0.468427 0.869797 -0.155015 -0.966216 -0.060653 0.250496 -0.948548 -0.093683 0.302456 -0.962058 -0.069157 0.263934 -0.97707 -0.035179 0.209992 0.061455 -0.902044 -0.427246 0.060267 -0.895495 -0.440972 0.03315 -0.881666 -0.470709 0.041991 -0.88433 -0.46497 0.012566 -0.909074 -0.416446 0.02308 -0.910411 -0.413061 -0.035366 -0.901553 -0.431222 -0.035366 -0.901553 -0.431222 0.025306 -0.877097 -0.479646 0.015912 -0.875106 -0.48367 0 -0.881012 -0.473094 0 -0.881012 -0.473094 -0.015911 -0.875106 -0.483671 -0.025305 -0.877097 -0.479646 -0.041991 -0.884331 -0.464969 -0.033149 -0.881666 -0.470708 -0.061458 -0.902044 -0.427246 -0.060269 -0.895495 -0.440971 -0.012569 -0.909073 -0.416447 -0.023083 -0.910411 -0.413061 0.035366 -0.901553 -0.431222 0.035366 -0.901553 -0.431222 -0.290993 -0.420911 -0.859161 -0.290993 -0.420911 -0.859161 -0.290993 -0.420911 -0.859161 -0.290993 -0.420911 -0.859161 -0.09843 -0.640698 -0.761457 -0.09843 -0.640698 -0.761457 -0.09843 -0.640698 -0.761457 -0.09843 -0.640698 -0.761457 0 -0.776366 -0.630283 0 -0.776366 -0.630283 -0.126944 -0.770085 -0.625184 -0.126944 -0.770085 -0.625184 0.126943 -0.770085 -0.625184 0.126944 -0.770085 -0.625184 -0.164849 -0.945756 0.279946 -0.16485 -0.945756 0.279947 -0.164849 -0.945756 0.279947 -0.16485 -0.945756 0.279947 0.179044 -0.953333 0.243105 0.179044 -0.953333 0.243105 0.179044 -0.953333 0.243105 0.179044 -0.953333 0.243105 0.8432 -0.415457 -0.341187 0.94376 -0.15504 -0.292026 0.89717 -0.299673 -0.324473 0.633907 -0.675855 -0.376009 0.740791 -0.499549 -0.449087 0.671271 -0.659425 -0.338459 0.681921 -0.537186 -0.496403 0.625731 -0.469576 -0.622864 0.620878 -0.427641 -0.656988 0.845726 -0.167989 -0.506485 0 -0.424765 -0.905304 0 -0.424765 -0.905304 -0.620878 -0.427641 -0.656988 -0.62573 -0.469577 -0.622864 -0.74079 -0.49955 -0.449088 -0.845726 -0.167989 -0.506486 -0.68192 -0.537187 -0.496403 -0.67127 -0.659425 -0.33846 -0.8432 -0.415457 -0.341187 -0.94376 -0.15504 -0.292026 -0.89717 -0.299673 -0.324473 -0.633906 -0.675855 -0.37601 -0.000000 -0.922682 -0.385561 0.000813 -0.931581 -0.363532 0 -0.972868 -0.231361 -0.000000 -0.972868 -0.231362 -0.000000 -0.87851 -0.477723 0.001539 -0.878509 -0.477723 -0.000000 -0.972868 -0.231363 -0.000814 -0.931581 -0.363532 -0.00154 -0.87851 -0.477722 -0.644286 -0.697955 -0.312657 -0.43717 -0.493492 0.751896 -0.255809 -0.705046 0.661417 0 -0.382876 0.9238 0 -0.528309 0.849052 -0.027831 -0.382728 0.923442 0 -0.719168 0.694837 0.255809 -0.705046 0.661417 0.027831 -0.382728 0.923442 0.43717 -0.493492 0.751896 0.644286 -0.697955 -0.312657 0.36912 -0.921764 -0.118751 0.437528 -0.745607 -0.502632 0.587163 -0.756025 -0.289251 0.643634 -0.753554 -0.133757 0.56475 -0.786576 -0.249709 0.192731 -0.675798 -0.711444 0.292152 -0.79924 -0.525226 -0.2832 -0.580718 -0.763259 -0.644286 -0.697955 -0.312657 0.522129 -0.8527 0.016849 0.557275 -0.827212 -0.071873 0 -0.994664 0.103169 0 -0.99566 0.093061 0 -0.305527 -0.952183 0 -0.600414 -0.799689 0.000000 -0.774292 -0.632829 0.000000 -0.912854 -0.408287 0.000000 -0.958809 -0.284053 -0.557275 -0.827211 -0.071872 -0.52213 -0.852699 0.01685 -0.56475 -0.786577 -0.249709 -0.643635 -0.753554 -0.133757 -0.437528 -0.745607 -0.502632 -0.587162 -0.756025 -0.289251 -0.19273 -0.675797 -0.711444 -0.292152 -0.79924 -0.525227 0.2832 -0.580718 -0.763259 0.644286 -0.697955 -0.312657 -0.273444 -0.697884 -0.661956 -0.36912 -0.921764 -0.118751 -0.644286 -0.697955 -0.312657 -0.2832 -0.580718 -0.763259 0 -0.979158 -0.203101 0 -0.979158 -0.203101 0.36912 -0.921764 -0.118751 0.273444 -0.697885 -0.661956 0.644286 -0.697955 -0.312657 0.2832 -0.580718 -0.763259 -0.2832 -0.580718 -0.763259 0 -0.305527 -0.952183 0 -0.034852 -0.999392 0.2832 -0.580718 -0.763259 0.948548 -0.093683 0.302456 0.966216 -0.060653 0.250496 0.962058 -0.069157 0.263934 0.97707 -0.035179 0.209992 0.290994 -0.420911 -0.859161 0.290994 -0.420911 -0.859161 0.290994 -0.420911 -0.85916 0.290994 -0.420911 -0.85916 0.09843 -0.640699 -0.761457 0.09843 -0.640699 -0.761457 0.09843 -0.640699 -0.761456 0.09843 -0.640699 -0.761456 0.16485 -0.945757 0.279945 0.16485 -0.945757 0.279945 0.16485 -0.945757 0.279945 0.16485 -0.945757 0.279945 -0.179044 -0.953333 0.243105 -0.179044 -0.953333 0.243105 -0.179044 -0.953333 0.243105 -0.179044 -0.953333 0.243105 -0.541399 -0.770612 0.336221 -0.505155 -0.772932 0.38392 -0.472548 -0.772707 0.42382 -0.472548 -0.772707 0.42382 -0.620991 -0.746063 0.240335 -0.606072 -0.752929 0.256468 -0.677012 -0.715787 0.171186 -0.67635 -0.716191 0.172109 -0.705414 -0.696788 0.129912 -0.705414 -0.696788 0.129912 -0.960314 -0.275964 -0.040521 -0.969517 -0.242818 -0.032792 -0.92306 -0.379162 -0.064785 -0.92306 -0.379162 -0.064785 -0.99582 -0.082883 -0.03837 -0.996719 -0.070045 -0.040569 -0.998158 0.055229 -0.025116 -0.996735 0.079648 -0.01322 -0.993599 0.112922 0.00305 -0.993599 0.112922 0.00305 -0.808284 0.550678 0.2084 -0.817944 0.53951 0.199742 -0.838667 0.513978 0.180179 -0.838667 0.513978 0.180179 -0.785044 0.57588 0.228183 -0.785044 0.57588 0.228183 -0.483184 0.287321 0.827031 -0.474553 0.258257 0.841488 -0.491047 0.365711 0.79065 -0.488113 0.398558 0.776464 -0.462351 0.219477 0.859105 -0.462351 0.219477 0.859105 -0.498295 0.494526 0.712142 -0.499642 0.5011 0.706581 -0.564824 0.614626 0.550644 -0.55271 0.601932 0.576359 -0.586179 0.636945 0.500695 -0.586179 0.636945 0.500695 -0.631867 0.749387 0.197897 -0.639349 0.745064 0.19003 -0.645732 0.741255 0.183225 -0.645732 0.741255 0.183225 -0.601612 0.767367 0.221832 -0.588836 0.774675 0.230545 -0.51875 0.807318 0.281312 -0.532757 0.801652 0.271153 -0.482022 0.820631 0.306953 -0.482022 0.820631 0.306953 -0.206592 0.554523 0.806117 -0.206787 0.552437 0.807498 -0.196083 0.647631 0.736292 -0.196083 0.647631 0.736292 -0.265664 0.349458 0.8985 -0.253596 0.380705 0.889243 -0.360186 0.139764 0.922351 -0.372254 0.116926 0.920736 -0.416771 0.027456 0.908597 -0.416771 0.027456 0.908597 -0.581023 -0.657912 0.479129 -0.573852 -0.613141 0.542911 -0.557061 -0.541011 0.630072 -0.557061 -0.541011 0.630072 -0.585098 -0.71917 0.374773 -0.585098 -0.71917 0.374773 -0.565593 -0.672368 -0.47752 -0.568256 -0.682134 -0.460194 -0.577402 -0.722669 -0.379943 -0.577402 -0.722669 -0.379943 -0.5825 -0.557955 -0.591084 -0.573271 -0.576783 -0.581964 -0.70046 -0.41533 -0.580394 -0.646472 -0.47406 -0.59778 -0.778639 -0.33583 -0.530038 -0.835195 -0.282244 -0.472004 -0.87151 -0.24144 -0.426823 -0.87151 -0.24144 -0.426823 -0.93185 0.121329 0.341959 -0.908169 -0.114836 0.402544 -0.857727 0.027835 0.513352 -0.855532 0.007793 0.517691 -0.894109 -0.126469 0.429622 -0.914752 -0.20717 0.346857 -0.927529 -0.168475 0.333625 -0.937761 -0.180895 0.296447 -0.929339 -0.22941 0.289309 -0.966031 -0.17266 0.19228 -0.966686 -0.139814 0.214409 -0.988459 -0.073567 0.13243 -0.990789 -0.096665 0.094831 -0.997172 0.000909 0.075143 -0.993409 -0.007137 0.114406 -0.985543 0.108076 0.13048 -0.98779 0.123464 0.095013 -0.938588 0.296371 0.176685 -0.939004 0.278924 0.201179 -0.877174 0.394464 0.273795 -0.853839 0.396986 0.336691 -0.826448 0.366737 0.427185 -0.803747 0.295652 0.516314 -0.870925 0.421088 0.253327 -0.840156 0.440648 0.316176 -0.801639 0.418454 0.426934 -0.767145 0.333902 0.54772 -0.750467 0.253169 0.610495 -0.78833 0.233784 0.569106 -0.802018 0.181422 0.569081 -0.792532 0.154177 0.590019 0.940156 -0.094522 -0.327371 0.90428 -0.174947 -0.38945 0.89228 -0.197417 -0.406033 0.888775 -0.190375 -0.416937 0.940552 -0.079647 -0.330178 0.969482 0.065347 -0.236295 0.967099 0.010326 -0.254192 0.964575 -0.037937 -0.261067 0.894759 -0.194093 -0.402161 0.890266 -0.19163 -0.413163 0.8944 -0.202946 -0.398575 0.894801 -0.192927 -0.40263 0.895817 -0.183565 -0.404741 0.931397 -0.182369 -0.315025 0.886238 -0.207532 -0.414142 0.888329 -0.212072 -0.407304 0.929525 -0.187415 -0.317584 0.971391 -0.150361 -0.183822 0.965536 -0.11832 -0.231822 0.982754 0.044072 0.17959 0.982754 0.044072 0.17959 0.987297 0.077477 0.138714 0.986137 0.066749 0.151913 0.975207 0.221183 0.007004 0.977625 0.209812 0.015121 0.929912 0.364539 -0.048744 0.93909 0.340657 -0.045415 0.855194 0.515892 -0.049989 0.877832 0.476102 -0.052331 0.751861 0.658634 -0.030096 0.781192 0.623183 -0.037177 0.656908 0.753951 -0.005515 0.605919 0.795489 0.007695 0 0.999768 0.021538 0 0.999768 0.021538 -0.605919 0.795489 0.007695 -0.656908 0.753951 -0.005515 -0.751861 0.658634 -0.030097 -0.781192 0.623183 -0.037178 -0.877832 0.476102 -0.052331 -0.855194 0.515892 -0.049989 -0.93909 0.340657 -0.045415 -0.929912 0.364539 -0.048743 -0.977625 0.209812 0.015121 -0.975207 0.221183 0.007004 -0.986137 0.066749 0.151913 -0.987297 0.077477 0.138714 -0.982754 0.044072 0.17959 -0.982754 0.044072 0.17959 0.96263 0.009574 0.27065 0.96263 0.009574 0.27065 0.96263 0.009574 0.270649 0.96263 0.009574 0.270649 0.975721 0.022178 0.217894 0.975721 0.022178 0.217894 0.975721 0.022178 0.217894 0.975721 0.022178 0.217894 0.977486 -0.096213 0.187788 0.977486 -0.096213 0.187788 0.977486 -0.096213 0.187788 0.977486 -0.096213 0.187788 -0.982733 -0.044095 -0.179698 -0.986087 -0.066438 -0.152374 -0.987266 -0.077224 -0.139079 -0.982733 -0.044095 -0.179698 -0.97512 -0.221574 -0.006773 -0.977639 -0.20974 -0.015228 -0.929797 -0.364825 0.048784 -0.939204 -0.340341 0.045426 -0.854892 -0.516396 0.049951 -0.878299 -0.475242 0.052305 -0.751602 -0.658936 0.029981 -0.781648 -0.622602 0.037314 -0.659666 -0.751533 0.006296 -0.605655 -0.795691 -0.007537 0 -0.99977 -0.021466 0.000000 -0.99977 -0.021466 0.605655 -0.795692 -0.007538 0.659666 -0.751533 0.006295 0.751602 -0.658936 0.029982 0.781648 -0.622602 0.037314 0.878299 -0.475242 0.052306 0.854892 -0.516396 0.049951 0.939204 -0.340341 0.045426 0.929797 -0.364825 0.048784 0.977639 -0.20974 -0.015228 0.97512 -0.221574 -0.006773 0.986087 -0.066439 -0.152374 0.987266 -0.077225 -0.139079 0.982733 -0.044095 -0.179698 0.982733 -0.044095 -0.179698 -0.962446 -0.009947 -0.271292 -0.962446 -0.009947 -0.271292 -0.962446 -0.009947 -0.271292 -0.962446 -0.009947 -0.271292 -0.975667 -0.022359 -0.218116 -0.975667 -0.022359 -0.218116 -0.975667 -0.022359 -0.218116 -0.975667 -0.022359 -0.218116 -0.977485 0.096454 -0.187671 -0.977485 0.096454 -0.187671 -0.977485 0.096454 -0.187671 -0.977485 0.096454 -0.187671 -0.096865 0.970667 0.22005 -0.116563 0.930669 0.346798 -0.116655 0.930431 0.347405 -0.096865 0.970667 0.22005 -0.175871 0.71073 0.681125 -0.175742 0.71095 0.680929 -0.232909 0.670495 0.704407 -0.23195 0.670884 0.704353 -0.303805 0.602969 0.737653 -0.30241 0.605181 0.736413 -0.400321 0.508846 0.762115 -0.398498 0.509959 0.762326 -0.516186 0.298621 0.802731 -0.514823 0.303242 0.801874 -0.000001 0.203852 0.979002 -0.000001 0.203852 0.979002 0.514822 0.303243 0.801874 0.516185 0.298622 0.802732 0.398497 0.50996 0.762326 0.40032 0.508847 0.762115 0.302407 0.605184 0.736412 0.303802 0.602971 0.737652 0.231947 0.670885 0.704353 0.232906 0.670497 0.704407 0.175741 0.71095 0.680929 0.175869 0.71073 0.681126 0.116563 0.930668 0.346799 0.116654 0.930431 0.347405 0.096865 0.970667 0.22005 0.096865 0.970667 0.22005 0.072995 -0.97199 -0.223399 0.072995 -0.97199 -0.223399 0.072995 -0.97199 -0.223399 0.072995 -0.97199 -0.223399 0.501695 -0.292219 -0.814193 0.393152 -0.502964 -0.769714 0.391932 -0.504402 -0.769395 0.50074 -0.294823 -0.813842 0.000000 -0.200223 -0.97975 -0.000001 -0.200223 -0.97975 0.306845 -0.610575 -0.730098 0.308002 -0.609047 -0.730888 0.230246 -0.667703 -0.707926 0.231161 -0.667467 -0.70785 0.173328 -0.697867 -0.694939 0.173416 -0.697737 -0.695047 0.15739 -0.720823 -0.675014 0.15739 -0.720823 -0.675014 -0.500744 -0.294824 -0.813839 -0.501699 -0.29222 -0.814191 -0.391932 -0.504403 -0.769394 -0.393152 -0.502965 -0.769713 -0.306845 -0.610575 -0.730099 -0.308002 -0.609047 -0.730888 -0.230247 -0.667702 -0.707927 -0.231162 -0.667467 -0.707851 -0.173329 -0.697867 -0.694938 -0.173417 -0.697738 -0.695046 -0.15739 -0.720823 -0.675013 -0.15739 -0.720823 -0.675013 -0.200585 0.615366 0.762293 -0.200585 0.615366 0.762293 -0.200585 0.615366 0.762293 -0.200585 0.615366 0.762293 -0.096379 0.95056 0.295207 -0.096379 0.95056 0.295207 -0.096379 0.95056 0.295207 -0.096379 0.95056 0.295207 -0.201738 -0.261078 0.944002 -0.201738 -0.261078 0.944002 -0.201738 -0.261078 0.944002 -0.201738 -0.261078 0.944002 0.050433 -0.978192 -0.201486 0.050433 -0.978192 -0.201486 0.050433 -0.978192 -0.201486 0.050433 -0.978192 -0.201486 -0.148628 -0.84963 0.506002 -0.148628 -0.84963 0.506002 -0.148628 -0.84963 0.506002 -0.148628 -0.84963 0.506002 0.116998 -0.626127 -0.770893 0.116998 -0.626127 -0.770893 0.116998 -0.626127 -0.770893 0.116998 -0.626127 -0.770893 0.134812 0.871384 -0.471715 0.134812 0.871384 -0.471715 0.134812 0.871384 -0.471715 0.134812 0.871384 -0.471715 -0.96263 0.009574 0.270649 -0.96263 0.009574 0.270649 -0.96263 0.009574 0.270649 -0.96263 0.009574 0.270649 -0.975721 0.022178 0.217893 -0.975721 0.022178 0.217893 -0.975721 0.022178 0.217893 -0.975721 0.022178 0.217893 -0.977486 -0.096213 0.187788 -0.977486 -0.096213 0.187788 -0.977486 -0.096213 0.187788 -0.977486 -0.096213 0.187788 0.962446 -0.009947 -0.271292 0.962446 -0.009947 -0.271292 0.962446 -0.009947 -0.271292 0.962446 -0.009947 -0.271292 0.975667 -0.02236 -0.218116 0.975667 -0.02236 -0.218116 0.975667 -0.02236 -0.218116 0.975667 -0.02236 -0.218116 0.977485 0.096454 -0.187671 0.977485 0.096454 -0.187671 0.977485 0.096454 -0.187671 0.977485 0.096454 -0.187671 -0.072994 -0.97199 -0.223398 -0.072994 -0.97199 -0.223398 -0.072995 -0.97199 -0.223398 -0.072995 -0.97199 -0.223398 0.200586 0.615365 0.762293 0.200586 0.615365 0.762293 0.200586 0.615365 0.762293 0.200586 0.615365 0.762293 0.096379 0.950559 0.295208 0.096379 0.950559 0.295208 0.096379 0.950559 0.295208 0.096379 0.950559 0.295208 0.201739 -0.261078 0.944002 0.201739 -0.261078 0.944002 0.201739 -0.261078 0.944002 0.201739 -0.261078 0.944002 -0.050433 -0.978192 -0.201487 -0.050433 -0.978192 -0.201487 -0.050433 -0.978192 -0.201487 -0.050433 -0.978192 -0.201487 0.148629 -0.84963 0.506002 0.148629 -0.84963 0.506002 0.148629 -0.84963 0.506002 0.148629 -0.84963 0.506002 -0.116995 -0.626128 -0.770893 -0.116995 -0.626128 -0.770893 -0.116995 -0.626128 -0.770893 -0.116995 -0.626128 -0.770893 -0.134811 0.871385 -0.471715 -0.134811 0.871385 -0.471715 -0.134811 0.871385 -0.471715 -0.134811 0.871385 -0.471715 0.541399 -0.770613 0.336219 0.472547 -0.772707 0.42382 0.472547 -0.772707 0.42382 0.505155 -0.772933 0.383919 0.620991 -0.746063 0.240333 0.606072 -0.752929 0.256466 0.677012 -0.715787 0.171186 0.67635 -0.716191 0.172109 0.705414 -0.696788 0.129914 0.705414 -0.696788 0.129914 0.960314 -0.275964 -0.040521 0.923059 -0.379162 -0.064785 0.923059 -0.379162 -0.064785 0.969517 -0.242818 -0.032791 0.99582 -0.082883 -0.038369 0.996719 -0.070045 -0.040569 0.998158 0.055228 -0.025117 0.996735 0.079648 -0.013221 0.993599 0.112922 0.00305 0.993599 0.112922 0.00305 0.808284 0.550678 0.2084 0.838668 0.513978 0.180178 0.838668 0.513978 0.180178 0.817944 0.53951 0.199742 0.785044 0.57588 0.228185 0.785044 0.57588 0.228185 0.483184 0.287321 0.827031 0.488113 0.398558 0.776464 0.491048 0.365711 0.79065 0.474553 0.258257 0.841488 0.46235 0.219477 0.859105 0.46235 0.219477 0.859105 0.498295 0.494527 0.712141 0.499643 0.501101 0.70658 0.564825 0.614626 0.550644 0.552711 0.601931 0.576358 0.586179 0.636944 0.500696 0.586179 0.636944 0.500696 0.631866 0.749388 0.197895 0.645731 0.741256 0.183222 0.645731 0.741256 0.183222 0.639349 0.745066 0.190028 0.601612 0.767368 0.221831 0.588836 0.774675 0.230544 0.51875 0.807318 0.281311 0.532757 0.801652 0.271153 0.482022 0.820631 0.306952 0.482022 0.820631 0.306951 0.206592 0.554522 0.806117 0.196084 0.64763 0.736293 0.196084 0.64763 0.736293 0.206787 0.552436 0.807498 0.265664 0.349457 0.8985 0.253595 0.380704 0.889243 0.360187 0.139763 0.922351 0.372255 0.116926 0.920736 0.416772 0.027456 0.908596 0.416772 0.027456 0.908596 0.581023 -0.657916 0.479123 0.557063 -0.541012 0.63007 0.557063 -0.541012 0.63007 0.573853 -0.613143 0.542908 0.585096 -0.719177 0.374763 0.585096 -0.719177 0.374763 0.565594 -0.672369 -0.477519 0.577402 -0.72267 -0.379941 0.577402 -0.72267 -0.379941 0.568256 -0.682134 -0.460193 0.5825 -0.557955 -0.591083 0.573271 -0.576783 -0.581964 0.70046 -0.41533 -0.580394 0.646472 -0.47406 -0.59778 0.778638 -0.33583 -0.530038 0.835194 -0.282244 -0.472005 0.871509 -0.241441 -0.426824 0.871509 -0.241441 -0.426824 0.908169 -0.114837 0.402545 0.93185 0.121329 0.341958 0.857727 0.027835 0.513352 0.855532 0.007793 0.517692 0.894108 -0.12647 0.429624 0.914751 -0.20717 0.346858 0.927529 -0.168475 0.333625 0.937761 -0.180895 0.296448 0.929339 -0.22941 0.28931 0.966031 -0.17266 0.192281 0.966686 -0.139814 0.214409 0.988458 -0.073567 0.13243 0.990789 -0.096665 0.094831 0.997172 0.000909 0.075144 0.993408 -0.007137 0.114406 0.985543 0.108076 0.130481 0.98779 0.123464 0.095014 0.938588 0.29637 0.176684 0.939004 0.278923 0.201178 0.877174 0.394463 0.273796 0.853839 0.396985 0.336693 0.826448 0.366736 0.427186 0.803747 0.295652 0.516315 0.870925 0.421086 0.253328 0.840156 0.440647 0.316179 0.801638 0.418453 0.426934 0.767145 0.333902 0.547721 0.750467 0.253169 0.610495 0.788329 0.233785 0.569106 0.802018 0.181422 0.569082 0.792532 0.154178 0.590019 -0.90428 -0.174946 -0.38945 -0.940156 -0.094522 -0.327371 -0.892281 -0.197416 -0.406032 -0.888775 -0.190375 -0.416937 -0.940552 -0.079647 -0.330179 -0.969482 0.065346 -0.236295 -0.967099 0.010326 -0.254191 -0.964575 -0.037938 -0.261067 -0.894759 -0.194093 -0.402162 -0.890266 -0.191629 -0.413163 -0.894399 -0.202947 -0.398575 -0.894801 -0.192927 -0.402631 -0.895818 -0.183566 -0.40474 -0.931397 -0.182369 -0.315025 -0.886238 -0.207532 -0.414142 -0.888329 -0.212072 -0.407304 -0.929525 -0.187415 -0.317583 -0.971391 -0.150361 -0.183822 -0.965536 -0.11832 -0.231822 -0.62911 0.67272 0.389447 -0.62911 0.67272 0.389447 -0.62911 0.67272 0.389447 0.955788 -0.108448 0.273328 0.955788 -0.108448 0.273328 0.955788 -0.108448 0.273328 -0.186868 -0.246056 -0.951072 -0.186868 -0.246056 -0.951072 -0.186867 -0.246056 -0.951072 0.885116 0.401771 0.234841 0.930812 0.320944 0.174883 0.87511 0.415649 0.24783 0.868483 0.424519 0.255971 0.815671 0.464217 0.345231 0.858305 0.426002 0.286069 0.802634 0.459798 0.379955 0.932736 0.269163 0.239905 0.883151 0.404769 0.237081 0 -0.060626 -0.998161 0 -0.060626 -0.998161 0 -0.060626 -0.998161 0 -0.060626 -0.998161 0.918446 0.32793 0.221177 0.918446 0.32793 0.221177 0.918446 0.32793 0.221177 0.918446 0.32793 0.221177 0.660728 0.621574 0.420814 0.660728 0.621574 0.420814 0.660728 0.621574 0.420814 0.660728 0.621574 0.420814 0.622524 0.2457 0.743032 0.622524 0.2457 0.743032 0.622524 0.2457 0.743032 0.622524 0.2457 0.743032 0.48143 0.800251 -0.357524 0.48143 0.800251 -0.357524 0.48143 0.800251 -0.357524 0.48143 0.800251 -0.357524 -0.930812 0.320944 0.174883 -0.885116 0.401771 0.234842 -0.87511 0.415648 0.24783 -0.868483 0.424519 0.255971 -0.81567 0.464217 0.345231 -0.858305 0.426002 0.286068 -0.802633 0.459798 0.379955 -0.932736 0.269163 0.239905 -0.883151 0.404769 0.237081 -0.918446 0.327929 0.221177 -0.918446 0.327929 0.221177 -0.918446 0.327929 0.221177 -0.918446 0.327929 0.221177 -0.660725 0.621577 0.420815 -0.660725 0.621577 0.420815 -0.660725 0.621577 0.420815 -0.660725 0.621577 0.420815 -0.622532 0.245698 0.743025 -0.622532 0.245698 0.743025 -0.622532 0.245698 0.743025 -0.622532 0.245698 0.743025 -0.48141 0.800258 -0.357536 -0.48141 0.800258 -0.357536 -0.48141 0.800258 -0.357536 -0.48141 0.800258 -0.357536 0.62911 0.67272 0.389447 0.62911 0.67272 0.389447 0.62911 0.67272 0.389447 -0.955788 -0.108448 0.273328 -0.955788 -0.108448 0.273328 -0.955788 -0.108448 0.273328 0.186868 -0.246056 -0.951072 0.186868 -0.246056 -0.951072 0.186867 -0.246056 -0.951072 0.863676 0.12639 0.487944 0.155576 0.823657 0.54533 0.576005 0.529041 0.623164 0.858085 0.060339 0.50995 0.903549 -0.231115 0.360811 0.893795 -0.415247 0.169411 0.813653 -0.364886 0.452578 0.842105 -0.485393 0.235059 0.653056 -0.610561 0.448033 0.846116 -0.389365 0.363982 0.791911 -0.208631 0.573891 0.635945 -0.389838 0.666033 0.607741 -0.55758 0.56547 -0.000000 -0.554377 0.832266 -0.000000 0.036961 0.999317 0.683219 0.028301 0.729665 -0.000000 0.404043 0.91474 0.675118 0.313098 0.667971 0 0.516444 0.856321 0.665528 0.377354 0.643953 0 0.556314 0.830972 0.656372 0.447952 0.607054 0.71827 0.315068 0.620339 0.762998 0.358258 0.538038 0.794504 0.408238 0.449562 0.000000 -0.727093 0.686539 0.000000 -0.763687 0.645587 0.768344 0.070377 0.636156 0.689683 0.476037 0.545643 0.809958 0.422637 0.406627 0.691237 0.362758 0.624979 0.609049 0.48548 0.627191 0.83825 0.392305 0.378726 0.843918 0.400995 0.356379 0 0.738394 0.67437 0 0.679895 0.733309 -0.653055 -0.610561 0.448033 -0.689683 0.476037 0.545643 -0.809958 0.422638 0.406627 -0.794503 0.408238 0.449562 -0.656372 0.447952 0.607054 -0.762998 0.358258 0.538038 -0.665528 0.377354 0.643953 -0.675119 0.313098 0.66797 -0.683219 0.028301 0.729664 -0.635946 -0.389838 0.666033 -0.71827 0.315068 0.620339 -0.607741 -0.55758 0.56547 -0.813653 -0.364886 0.452578 -0.791911 -0.208631 0.573891 -0.768345 0.070377 0.636155 -0.903549 -0.231115 0.360811 -0.893795 -0.415246 0.169411 -0.863676 0.12639 0.487944 -0.858085 0.060339 0.50995 -0.576006 0.529041 0.623164 -0.155575 0.823657 0.54533 -0.842105 -0.485393 0.235059 -0.846117 -0.389364 0.363981 -0.691236 0.362758 0.62498 -0.609049 0.48548 0.627191 -0.755188 0.324442 0.569585 -0.813576 0.359754 0.456806 -0.83825 0.392305 0.378726 -0.843918 0.400995 0.356379 0.660941 0.455872 0.596102 0.660941 0.455872 0.596102 0.000000 0.607475 0.794339 0.000000 0.607475 0.794339 -0.660941 0.455873 0.596102 -0.660941 0.455873 0.596102 -0.488066 -0.338543 -0.804476 0 -0.387838 -0.921728 0 -0.382618 -0.923907 -0.688457 -0.117438 -0.715706 -0.000000 -0.250844 -0.968027 -0.602501 -0.121887 -0.788756 -0.776394 -0.057321 -0.627636 0 -0.655588 -0.755118 -0.000000 -0.133525 -0.991046 -0.000000 -0.01651 -0.999864 -0.62368 0.055635 -0.779698 -0.729069 0.228804 -0.645064 -0.000000 0.117442 -0.99308 -0.000000 0.377773 -0.925898 0.488066 -0.338543 -0.804475 0.623679 0.055635 -0.779698 0.6025 -0.121887 -0.788757 0.729071 0.228804 -0.645062 0.688457 -0.117438 -0.715706 0.776394 -0.057321 -0.627636 0 -0.655588 -0.755118 -0.000001 -0.143969 -0.989582 -0.000001 -0.143969 -0.989582 0.242634 -0.139667 -0.960011 -0.242636 -0.139667 -0.960011 0.131939 -0.463664 -0.876132 0.131939 -0.463664 -0.876132 0.131939 -0.463664 -0.876132 0.131939 -0.463664 -0.876132 0.02843 -0.994078 -0.104889 0.02843 -0.994078 -0.10489 0.02843 -0.994078 -0.10489 0 0.622185 -0.78287 0 0.622185 -0.78287 0 0.622185 -0.78287 -0.228417 0.894855 -0.383484 -0.000000 0.919154 -0.393897 -0.000000 0.919154 -0.393897 -0.228417 0.894855 -0.383484 0.228417 0.894855 -0.383484 0.228417 0.894855 -0.383484 -0.792221 0.334783 0.510203 -0.792221 0.334783 0.510203 -0.792221 0.334783 0.510203 -0.792221 0.334783 0.510203 0.000003 -0.543932 0.839129 0.024356 -0.54377 0.838881 0.024356 -0.54377 0.838881 0.000003 -0.543932 0.839129 -0.02435 -0.543772 0.83888 -0.02435 -0.543772 0.83888 0.813576 0.359754 0.456806 0.755189 0.324442 0.569585 -0.131939 -0.463664 -0.876132 -0.131939 -0.463664 -0.876132 -0.131939 -0.463664 -0.876132 -0.131939 -0.463664 -0.876132 -0.02843 -0.994077 -0.10489 -0.02843 -0.994077 -0.104889 -0.02843 -0.994077 -0.104889 0 0.622184 -0.782871 0 0.622184 -0.782871 0 0.622184 -0.782871 0.792221 0.334782 0.510202 0.792221 0.334782 0.510202 0.792221 0.334782 0.510202 0.792221 0.334782 0.510202 1 0 0 1 0 0 1 0 0 1 0 0 1 0 0 1 0 0 1 0 0 1 0 0 1 0 0 1 0 0 1 0 0 1 0 0 1 0 0 1 0 0 1 0 0 1 0 0 1 0 0 1 0 0 0.680177 0.641692 0.354386 0.680177 0.641692 0.354386 0.680177 0.641692 0.354386 0.680177 0.641692 0.354386 0.596917 0.802303 0 0.596917 0.802303 0 0.596917 0.802303 0 0.596917 0.802303 0 0.754848 -0.6559 0 0.754848 -0.6559 0 0.754848 -0.6559 0 0.754848 -0.6559 0 0.732314 -0.574826 0.365091 0.732314 -0.574826 0.365091 0.732314 -0.574826 0.365091 0.732314 -0.574826 0.365091 0.747994 -0.587332 -0.309105 0.747994 -0.587332 -0.309105 0.747994 -0.587332 -0.309105 0.747994 -0.587332 -0.309105 0.676705 -0.72804 -0.109675 0.676705 -0.72804 -0.109675 0.676705 -0.72804 -0.109675 0.676705 -0.72804 -0.109675 0.736141 0.304667 -0.604379 0.736141 0.304667 -0.604379 0.736141 0.304667 -0.604379 0.736141 0.304667 -0.604379 0.714117 0.698039 -0.052719 0.714117 0.698039 -0.052719 0.714117 0.698039 -0.052719 0.714117 0.698039 -0.052719 0.739846 0.592564 -0.318586 0.739846 0.592564 -0.318586 0.739846 0.592564 -0.318586 0.739846 0.592564 -0.318586 0.739521 -0.276665 -0.613649 0.739521 -0.276665 -0.613649 0.739521 -0.276665 -0.613649 0.739521 -0.276665 -0.613649 0.734395 0.000647 -0.678722 0.734395 0.000647 -0.678722 0.734395 0.000647 -0.678722 0.734395 0.000647 -0.678722 1 0 0 1 0 0 1 0 0 1 0 0 1 0 0 1 0 0 0.413117 -0.910678 0.000908 0.413117 -0.910678 0.000908 0.413353 -0.910571 -0.000205 0.413272 -0.910608 0.000179 0.413819 -0.910356 -0.002406 0.413819 -0.910356 -0.002406 0.492418 0.002268 0.870356 0.492418 0.002268 0.870356 0.492418 0.002268 0.870356 0.492418 0.002268 0.870356 0.413459 0.910523 0.000108 0.413468 0.910519 0.000252 0.413441 0.910531 -0.000161 0.413441 0.910531 -0.000161 0.413522 0.910494 0.001067 0.413522 0.910494 0.001067 0.492492 -0.001335 -0.870316 0.492492 -0.001335 -0.870316 0.492492 -0.001335 -0.870316 0.492492 -0.001335 -0.870316 0.141582 0.177954 0.9738 0.141582 0.177954 0.9738 0.141582 0.177954 0.9738 0.141582 0.177954 0.9738 0.526567 0.646382 -0.552194 0.526567 0.646382 -0.552193 0.526567 0.646382 -0.552193 0.526567 0.646382 -0.552193 0.212404 0.001045 -0.977181 0.212404 0.001045 -0.977181 0.212404 0.001045 -0.977181 0.212404 0.001045 -0.977181 0.52262 -0.610902 -0.594699 0.52262 -0.610902 -0.594699 0.52262 -0.610902 -0.594699 0.52262 -0.610902 -0.594699 -1 0 0 -1 0 0 -1 0 0 -1 0 0 -1 0 0 -1 0 0 -1 0 0 -1 0 0 -1 0 0 -1 0 0 -1 0 0 -1 0 0 -1 0 0 -1 0 0 -1 0 0 -1 0 0 -1 0 0 -1 0 0 -0.680177 0.641693 0.354386 -0.680177 0.641693 0.354387 -0.680177 0.641693 0.354386 -0.680177 0.641693 0.354386 -0.596917 0.802303 0 -0.596917 0.802303 0 -0.596917 0.802303 0 -0.596917 0.802303 0 -0.754848 -0.6559 0 -0.754848 -0.6559 0 -0.754848 -0.6559 0 -0.754848 -0.6559 0 -0.732314 -0.574825 0.365091 -0.732314 -0.574825 0.365091 -0.732314 -0.574825 0.365091 -0.732314 -0.574825 0.365091 -0.747994 -0.587332 -0.309105 -0.747994 -0.587332 -0.309105 -0.747994 -0.587332 -0.309105 -0.747994 -0.587332 -0.309105 -0.676705 -0.72804 -0.109675 -0.676705 -0.72804 -0.109675 -0.676705 -0.72804 -0.109675 -0.676705 -0.72804 -0.109675 -0.73614 0.304668 -0.60438 -0.73614 0.304668 -0.60438 -0.73614 0.304668 -0.60438 -0.73614 0.304668 -0.60438 -0.714117 0.698039 -0.052719 -0.714117 0.698039 -0.052719 -0.714117 0.698039 -0.052719 -0.714117 0.698039 -0.052719 -0.739846 0.592563 -0.318585 -0.739846 0.592563 -0.318585 -0.739846 0.592563 -0.318585 -0.739846 0.592563 -0.318585 -0.739522 -0.276665 -0.613648 -0.739522 -0.276665 -0.613648 -0.739522 -0.276665 -0.613648 -0.739522 -0.276665 -0.613648 -0.734395 0.000647 -0.678723 -0.734395 0.000647 -0.678722 -0.734395 0.000647 -0.678723 -0.734395 0.000647 -0.678722 -1 0 0 -1 0 0 -1 0 0 -1 0 0 -1 0 0 -1 0 0 -0.413117 -0.910677 0.000908 -0.413272 -0.910608 0.000179 -0.413353 -0.910571 -0.000205 -0.413117 -0.910677 0.000908 -0.413819 -0.910356 -0.002406 -0.413819 -0.910356 -0.002406 -0.492418 0.002268 0.870356 -0.492418 0.002268 0.870356 -0.492418 0.002268 0.870356 -0.492418 0.002268 0.870356 -0.413459 0.910523 0.000109 -0.413441 0.910531 -0.000161 -0.413441 0.910531 -0.000161 -0.413468 0.910519 0.000252 -0.413522 0.910494 0.001067 -0.413522 0.910494 0.001067 -0.492487 -0.001335 -0.870319 -0.492487 -0.001335 -0.870319 -0.492487 -0.001335 -0.870319 -0.492487 -0.001335 -0.870319 -0.141583 0.177954 0.9738 -0.141583 0.177954 0.9738 -0.141583 0.177954 0.9738 -0.141583 0.177954 0.9738 -0.526567 0.646382 -0.552194 -0.526567 0.646382 -0.552194 -0.526567 0.646382 -0.552193 -0.526567 0.646382 -0.552193 -0.2124 0.001045 -0.977182 -0.2124 0.001045 -0.977182 -0.2124 0.001045 -0.977182 -0.2124 0.001045 -0.977182 -0.52262 -0.610903 -0.594698 -0.52262 -0.610903 -0.594698 -0.52262 -0.610903 -0.594698 -0.52262 -0.610903 -0.594698 0.590882 -0.762432 0.263733 0.250964 -0.948462 0.193489 0.217773 -0.958837 0.182227 0.542758 -0.812931 0.211088 0.669583 -0.681832 0.294558 0.661815 -0.698368 0.272551 0 -0.985531 0.169496 0 -0.978958 0.204063 0 -0.990983 0.133991 0.19278 -0.968665 0.156602 0.413727 -0.89083 0.187755 0.636829 -0.742163 0.208909 -0.250964 -0.948462 0.193489 -0.217773 -0.958837 0.182227 -0.590882 -0.762432 0.263733 -0.542757 -0.812931 0.211088 -0.669582 -0.681832 0.294558 -0.661814 -0.698368 0.272551 -0.19278 -0.968665 0.156602 -0.413727 -0.89083 0.187755 -0.636829 -0.742163 0.208909 0.000000 -0.621512 -0.783405 0.000000 -0.621512 -0.783405 0.335369 -0.640931 -0.69046 0.31986 -0.635632 -0.70261 0.833601 -0.324096 -0.447294 0.784051 -0.386247 -0.485879 0.904274 -0.209889 -0.371801 0.904274 -0.209889 -0.3718 -0.784051 -0.386246 -0.485879 -0.31986 -0.635632 -0.702611 -0.833601 -0.324095 -0.447294 -0.904274 -0.209889 -0.3718 -0.904274 -0.209889 -0.3718 0.689848 -0.601357 0.403087 0.813148 -0.454408 0.363736 0.454987 -0.796371 0.398474 0.573502 -0.718376 0.393741 0.184704 -0.911967 0.366334 0.234516 -0.894101 0.381557 0 -0.939085 0.343685 0.861989 -0.369797 0.346734 0.863699 -0.350385 0.362291 0 -0.845148 -0.534533 0.369778 -0.771865 -0.517193 0.378863 -0.767582 -0.516993 0 -0.845148 -0.534533 0.80946 -0.383479 -0.444656 0.790084 -0.412439 -0.453499 0.882021 -0.250585 -0.399057 0.882021 -0.250585 -0.399057 -0.378863 -0.767582 -0.516992 -0.369778 -0.771865 -0.517193 -0.80946 -0.383479 -0.444656 -0.790084 -0.412439 -0.453498 -0.882021 -0.250585 -0.399057 -0.882021 -0.250585 -0.399057 0.590106 -0.519025 -0.618376 0.590106 -0.519025 -0.618376 0.590106 -0.519025 -0.618376 0.590106 -0.519025 -0.618376 0.743092 0.223937 -0.630608 0.648696 0.318883 -0.691019 0.640863 0.325894 -0.695045 0.743092 0.223937 -0.630608 0.896243 -0.195409 0.398202 0.896243 -0.195409 0.398202 0.850962 -0.276761 0.446393 0.902651 -0.208812 0.376322 0.91078 -0.225862 0.345639 0.820484 -0.306295 0.48269 0.718597 -0.367082 0.590651 0.659929 -0.411739 0.628462 0.367886 -0.516918 0.772953 0.22477 -0.603059 0.765374 0 -0.597138 0.802138 0 -0.637998 0.770038 -0.367886 -0.516918 0.772953 -0.22477 -0.603059 0.765374 -0.718597 -0.367082 0.590651 -0.850962 -0.276761 0.446393 -0.659929 -0.411739 0.628462 -0.820484 -0.306295 0.48269 -0.91078 -0.225862 0.345639 -0.910818 -0.225486 0.345785 -0.902651 -0.208812 0.376322 -0.896243 -0.195409 0.398201 -0.896243 -0.195409 0.398201 0.430465 0.49412 -0.755345 0.430464 0.49436 -0.755189 0.460428 0.733354 -0.500198 0.459486 0.731433 -0.503864 0.487507 0.790726 -0.370255 0.487507 0.790726 -0.370255 0.734763 0.176801 0.654878 0.634384 0.101661 0.766304 0.767493 -0.173347 0.617176 0.807681 -0.01368 0.589461 0.626978 -0.26629 0.732113 0.519108 -0.101002 0.84872 0.350947 -0.405969 0.843816 0.340813 -0.242852 0.908223 0 -0.494584 0.86913 0 -0.333965 0.942586 0 -0.536325 0.844012 0.268316 -0.501696 0.822379 0.613628 -0.361924 0.701763 0.821254 -0.287231 0.492992 0.877695 -0.229888 0.42048 0.878999 -0.254186 0.403424 -0.324504 0.726618 0.605577 -0.000002 0.756757 0.653697 -0.381468 0.61679 0.688514 -0.249132 0.700356 0.668905 -0.248828 0.74091 0.623808 -0.000006 0.679094 0.734051 0.000004 0.735332 0.677708 0.000000 0.761446 0.648229 -0.000000 0.761446 0.648229 0.38147 0.616787 0.688516 0.249132 0.700355 0.668906 -0.519108 -0.101002 0.84872 -0.634384 0.101661 0.766304 -0.626978 -0.26629 0.732113 -0.350947 -0.405969 0.843816 -0.340813 -0.242852 0.908223 -0.767492 -0.173347 0.617176 -0.734763 0.176802 0.654878 -0.807681 -0.01368 0.589461 -0.268316 -0.501696 0.822379 -0.613628 -0.361924 0.701763 -0.821254 -0.287231 0.492992 -0.877695 -0.229888 0.42048 -0.878999 -0.254186 0.403424 0.324506 0.726619 0.605574 0.248828 0.740911 0.623808 0.465455 -0.7519 -0.466903 0.429514 -0.725953 -0.537132 0.400566 -0.703167 -0.587454 0.400566 -0.703167 -0.587454 0.766667 -0.572193 -0.291233 0.667487 -0.659522 -0.345675 0.5423 -0.743073 -0.392113 0.731563 -0.607605 -0.309245 0 -0.881248 -0.472654 0 -0.881248 -0.472654 -0.731563 -0.607605 -0.309244 -0.5423 -0.743073 -0.392113 -0.667487 -0.659522 -0.345675 -0.766667 -0.572194 -0.291233 -0.429514 -0.725953 -0.537132 -0.465455 -0.7519 -0.466902 -0.400565 -0.703168 -0.587454 -0.400565 -0.703168 -0.587454 0.623669 0.526903 -0.577417 0.585002 0.603138 -0.542215 0.558368 0.648057 -0.517926 0.623669 0.526903 -0.577417 0.441225 0.794937 -0.416407 0.428553 0.80729 -0.40574 0.384699 0.846216 -0.368682 0.384699 0.846216 -0.368682 0.488142 0.786957 -0.377382 0.625719 0.702191 -0.339711 0.6769 0.628818 -0.382615 0.567184 0.688621 -0.451777 0.424085 0.74075 -0.521001 0.38052 0.817315 -0.432668 0.368883 0.928477 -0.043077 0.281128 0.953103 -0.112076 0.383522 0.894481 0.229814 0.462795 0.886329 -0.01553 0.334597 0.933109 0.131731 0.428592 0.90327 -0.020318 0.372359 0.920115 0.121396 0.43269 0.901042 -0.030052 0.575916 0.794238 -0.193668 0.558373 0.809828 -0.179996 0.63816 0.730258 -0.243874 0.63816 0.730258 -0.243874 0.023821 0.962956 -0.268604 -0.282094 0.86507 -0.414821 -0.277047 0.867942 -0.412215 -0.522739 0.672153 -0.524361 0.607484 0.624068 -0.491428 0.754195 0.532831 -0.383773 0.754195 0.53283 -0.383773 0.482802 0.722 -0.495599 0.482802 0.722 -0.495599 0.482802 0.722 -0.495599 0.985876 0.057973 -0.157124 0.981575 0.091227 -0.167892 0.981942 0.089313 -0.166772 0.983008 0.09476 -0.157214 0.984816 0.073528 -0.157264 0.984895 0.058002 -0.163148 0.987359 0.04289 -0.152585 0.988867 0.023155 -0.146988 0.986917 0.023774 -0.159466 0.986895 0.026008 -0.159253 0.985014 0.058311 -0.162318 0.966129 0.221233 -0.132854 0.995422 0.060942 0.073631 0.974782 0.193144 -0.111779 0.992771 0.016481 0.118884 0.895331 -0.197218 0.399358 0.893925 -0.202588 0.399819 0.893925 -0.202588 0.399819 0.091363 -0.329236 -0.939817 0.02797 -0.214567 -0.976309 0.004759 -0.171828 -0.985116 0.004759 -0.171828 -0.985116 0.3331 -0.587594 -0.737413 0.294822 -0.589894 -0.751735 0.369651 -0.584426 -0.72236 0.369651 -0.584426 -0.72236 -0.091362 -0.329235 -0.939818 -0.02797 -0.214567 -0.976309 -0.333101 -0.587595 -0.737412 -0.294822 -0.589894 -0.751735 -0.369653 -0.584428 -0.722358 -0.369653 -0.584428 -0.722358 0.007157 -0.160271 -0.987047 0 -0.160275 -0.987073 -0.007157 -0.160271 -0.987047 0.259452 -0.85682 -0.445582 0.252269 -0.875782 -0.411541 0.292627 -0.371916 -0.880936 0.29797 -0.470473 -0.830583 0.249703 -0.018431 -0.968147 0.249703 -0.018431 -0.968147 -0.115791 -0.982308 -0.147183 -0.115791 -0.982308 -0.147183 -0.115791 -0.982308 -0.147183 -0.21341 -0.87087 -0.442766 -0.21341 -0.87087 -0.442766 -0.287269 -0.671688 -0.68287 0.900644 -0.207433 0.381854 0.907856 -0.189518 0.374005 0.903999 -0.199232 0.378276 0.912278 -0.177976 0.368881 0.264825 0.756103 -0.598478 0.157207 0.985983 -0.055882 0.165095 0.972791 -0.162548 0.115213 0.909972 0.398343 0.111822 0.944528 0.308809 0.862704 -0.502158 -0.059822 0.875913 -0.051685 -0.479693 0.891343 -0.128055 -0.434866 0.546788 0.369267 -0.751442 0.282569 0.722109 -0.631438 0.571567 0.312667 -0.75865 0.105949 0.464273 0.879333 0.093205 0.548577 0.830889 0.116548 -0.093257 0.988797 0.100768 -0.121648 0.987445 0.205404 -0.547439 0.811246 0.187334 -0.585664 0.788609 0.51917 -0.767341 0.376365 0.488734 -0.788589 0.373184 0.203966 -0.915976 -0.345523 0.19885 -0.901648 -0.384043 0.252269 -0.875782 -0.411541 0.259452 -0.85682 -0.445582 0.175752 -0.831346 -0.527234 0.175752 -0.831346 -0.527234 0.993366 -0.09852 -0.059304 0.994217 -0.103747 -0.027748 0.994217 -0.103747 -0.027748 0.993646 -0.099704 -0.052213 0.990909 -0.091917 -0.098241 0.990909 -0.091917 -0.098241 0.689764 -0.685891 0.231903 0.699504 -0.680632 0.217796 0.66467 -0.729542 0.161189 0.690933 -0.692987 0.205866 0.559749 -0.815726 0.145852 0.544583 -0.817937 0.185493 0.167024 -0.96771 0.188787 0.138989 -0.965314 0.221023 0 -0.973348 0.229331 0 -0.981257 0.192704 0.174085 -0.971528 0.16071 0.43265 -0.890153 0.142976 0.588843 -0.787892 0.180249 0.690933 -0.715699 0.101915 -0.138989 -0.965314 0.221023 -0.167024 -0.96771 0.188787 -0.544583 -0.817937 0.185493 -0.559749 -0.815726 0.145852 -0.690933 -0.692987 0.205866 -0.66467 -0.729542 0.161189 -0.699504 -0.680632 0.217796 -0.43265 -0.890153 0.142976 -0.174085 -0.971528 0.160711 -0.690933 -0.715699 0.101915 -0.588843 -0.787892 0.180249 -0.689764 -0.685891 0.231903 -0.567295 -0.813231 0.129736 0.53757 0.725285 -0.430093 0.535521 0.721154 -0.439493 0.374804 0.794019 -0.478597 0.468773 0.760376 -0.449533 0.283077 0.817758 -0.501138 0.283077 0.817758 -0.501138 0.446301 -0.655042 -0.609701 0.341711 -0.927663 -0.150581 0.35385 -0.9025 -0.24553 0.265911 -0.906126 0.328979 0.281853 -0.92772 0.244735 0.566408 -0.058762 -0.822027 0.482901 -0.552792 -0.679138 0.474032 0.559451 -0.679933 0.568273 -0.022865 -0.822523 0.253389 0.928985 -0.269779 0.498754 0.492101 -0.713499 0.081644 0.979123 0.186153 0.287173 0.893983 -0.343985 -0.04901 0.722739 0.689381 0.099041 0.986021 0.133989 -0.059169 0.065859 0.996073 -0.038331 0.765354 0.642468 0.106483 -0.596326 0.795649 -0.051864 0.009755 0.998607 0.265911 -0.906126 0.328979 0.152352 -0.69643 0.701267 0.704118 -0.268561 0.657337 0.694361 -0.278227 0.663666 0.660731 -0.309948 0.683642 0.704118 -0.268561 0.657337 0.601593 -0.360554 0.712802 -0.227605 0.539387 0.810714 -0.224541 0.542797 0.809291 -0.214978 0.553326 0.804745 -0.227605 0.539387 0.810714 -0.210599 0.558088 0.802612 -0.210599 0.558088 0.802612 -0.408445 -0.122344 0.904547 -0.408445 -0.122344 0.904547 -0.408445 -0.122344 0.904547 -0.408445 -0.122344 0.904547 0.844298 -0.472208 0.253338 0.846513 -0.46564 0.25806 0.860513 -0.418114 0.291028 0.81752 -0.539011 0.202802 0.81752 -0.539011 0.202802 0.051848 -0.835263 0.547401 0.051848 -0.835263 0.547401 0.051848 -0.835263 0.547401 0.921221 0.192537 0.338055 0.921221 0.192537 0.338054 0.921221 0.192537 0.338055 -0.590106 -0.519025 -0.618376 -0.590106 -0.519025 -0.618376 -0.590106 -0.519025 -0.618376 -0.590105 -0.519025 -0.618376 -0.743092 0.223937 -0.630608 -0.743092 0.223937 -0.630608 -0.640863 0.325894 -0.695045 -0.787855 -0.425463 0.44527 -0.808144 -0.406225 0.42648 -0.700346 -0.495732 0.513581 -0.494252 -0.608103 0.621229 -0.430464 0.494359 -0.755189 -0.423964 0.332815 -0.842312 -0.430465 0.494119 -0.755345 -0.460429 0.733354 -0.500198 -0.459486 0.731433 -0.503864 -0.487507 0.790726 -0.370255 -0.487507 0.790726 -0.370255 -0.623669 0.526903 -0.577417 -0.623669 0.526903 -0.577417 -0.558368 0.648057 -0.517926 -0.585002 0.603138 -0.542215 -0.441225 0.794937 -0.416407 -0.428553 0.80729 -0.40574 -0.384699 0.846215 -0.368682 -0.384699 0.846216 -0.368682 -0.488142 0.786957 -0.377381 -0.567185 0.688621 -0.451777 -0.6769 0.628819 -0.382614 -0.625719 0.702191 -0.33971 -0.424085 0.74075 -0.521001 -0.38052 0.817315 -0.432668 -0.368884 0.928477 -0.043077 -0.28113 0.953103 -0.112076 -0.383523 0.894481 0.229814 -0.462795 0.886329 -0.01553 -0.363403 0.869909 0.333461 -0.596203 0.755982 0.270246 -0.43269 0.901042 -0.030052 -0.428592 0.90327 -0.020318 -0.575916 0.794238 -0.193668 -0.558374 0.809827 -0.179996 -0.63816 0.730258 -0.243875 -0.63816 0.730258 -0.243875 -0.607484 0.624068 -0.491428 -0.608381 0.623627 -0.490879 -0.754195 0.532831 -0.383772 -0.754195 0.532831 -0.383772 -0.370861 0.705666 -0.603737 -0.370861 0.705666 -0.603737 -0.981575 0.091227 -0.167892 -0.985876 0.057973 -0.157124 -0.981942 0.089312 -0.166772 -0.983008 0.094758 -0.157215 -0.984815 0.073529 -0.157264 -0.984895 0.058004 -0.163148 -0.987359 0.042891 -0.152585 -0.988867 0.023156 -0.146988 -0.986917 0.023774 -0.159466 -0.986895 0.026008 -0.159253 -0.985014 0.058311 -0.162318 -0.863115 0.418698 -0.282355 -0.974782 0.193144 -0.111779 -0.966129 0.221233 -0.132853 -0.995422 0.060941 0.073631 -0.992771 0.016481 0.118884 -0.895331 -0.197218 0.399358 -0.893926 -0.202588 0.399819 -0.893926 -0.202588 0.399819 -0.934864 -0.273127 0.226783 -0.993918 -0.098007 0.050216 -0.934864 -0.273127 0.226783 -0.259452 -0.856821 -0.445581 -0.297969 -0.470474 -0.830583 -0.292625 -0.371917 -0.880936 -0.252269 -0.875783 -0.41154 -0.249701 -0.018432 -0.968148 -0.249701 -0.018432 -0.968148 0.21341 -0.87087 -0.442766 0.295091 -0.639056 -0.710302 0.287269 -0.671688 -0.68287 0.21341 -0.87087 -0.442766 -0.907857 -0.189519 0.374004 -0.900644 -0.207434 0.381853 -0.903999 -0.199233 0.378276 -0.912278 -0.177976 0.36888 -0.546787 0.369267 -0.751442 -0.571567 0.312668 -0.75865 -0.282569 0.722109 -0.631438 -0.264825 0.756103 -0.598478 -0.875913 -0.051685 -0.479693 -0.891343 -0.128055 -0.434866 -0.862704 -0.502159 -0.059822 -0.792653 -0.609484 0.015148 -0.51917 -0.767341 0.376365 -0.488734 -0.788589 0.373184 -0.157207 0.985983 -0.055882 -0.115213 0.909972 0.398344 -0.165095 0.972791 -0.162548 -0.105949 0.464272 0.879333 -0.111822 0.944528 0.308809 -0.116548 -0.093257 0.988797 -0.093205 0.548577 0.830889 -0.205404 -0.54744 0.811245 -0.100768 -0.121648 0.987445 -0.51917 -0.767341 0.376365 -0.187334 -0.585664 0.788609 -0.203967 -0.915976 -0.345522 -0.259452 -0.856821 -0.445581 -0.252269 -0.875783 -0.41154 -0.19885 -0.901649 -0.384042 -0.175752 -0.831346 -0.527233 -0.175752 -0.831347 -0.527233 -0.993366 -0.09852 -0.059304 -0.993646 -0.099704 -0.052213 -0.994217 -0.103747 -0.027748 -0.994217 -0.103747 -0.027748 -0.990909 -0.091916 -0.098242 -0.990909 -0.091916 -0.098242 -0.535523 0.721153 -0.439493 -0.533204 0.716529 -0.449754 -0.537573 0.725283 -0.430094 -0.374808 0.794018 -0.478597 -0.468777 0.760374 -0.449533 -0.283081 0.817757 -0.501137 -0.446301 -0.655042 -0.609701 -0.482901 -0.552792 -0.679138 -0.35385 -0.9025 -0.24553 -0.341711 -0.927663 -0.15058 -0.281853 -0.92772 0.244735 -0.265911 -0.906126 0.328979 -0.566409 -0.058762 -0.822027 -0.568273 -0.022865 -0.822523 -0.474032 0.559451 -0.679932 -0.498754 0.492101 -0.713499 -0.253389 0.928985 -0.269779 -0.287173 0.893984 -0.343984 -0.081644 0.979123 0.186153 -0.099041 0.986021 0.133989 0.049011 0.722739 0.689381 0.038331 0.765354 0.642468 0.059169 0.065859 0.996073 0.051864 0.009755 0.998607 -0.106483 -0.596327 0.795648 -0.152352 -0.69643 0.701266 -0.265911 -0.906126 0.328979 -0.281853 -0.92772 0.244735 -0.704118 -0.268561 0.657338 -0.704118 -0.268561 0.657338 -0.660731 -0.309948 0.683642 -0.69436 -0.278227 0.663667 -0.601593 -0.360554 0.712802 0.227602 0.539386 0.810715 0.227602 0.539386 0.810716 0.214977 0.553326 0.804745 0.224539 0.542797 0.809292 0.210599 0.558088 0.802612 0.210599 0.558088 0.802612 0.408444 -0.122344 0.904547 0.408444 -0.122344 0.904547 0.408444 -0.122344 0.904547 0.408444 -0.122344 0.904547 -0.860513 -0.418114 0.291028 -0.846513 -0.46564 0.25806 -0.860513 -0.418114 0.291028 -0.604188 0.019368 0.796606 -0.604188 0.019368 0.796606 -0.604188 0.019368 0.796606 0.945002 0.327066 0 0.962203 0.272332 0 0.982309 -0.187266 0 0 1 0.000000 0 1 0.000000 0.971402 -0.237441 0 0 -1 0 0.123693 0.992313 -0.003883 0.050554 0.996896 -0.060352 0.060927 0.996766 -0.052395 0.029673 0.996642 -0.076318 0.050555 -0.996896 -0.060352 0.123698 -0.992312 -0.003883 0.060929 -0.996766 -0.052395 -0.981346 0 0.192252 -0.981346 0 0.192252 -0.981346 0 0.192252 0.121763 0.992483 -0.012308 0.045051 0.997001 -0.062924 0.054746 0.996897 -0.05657 0.025927 0.996815 -0.075421 0.045052 -0.997001 -0.062925 0.121767 -0.992483 -0.012307 0.054748 -0.996896 -0.056571 -0.951823 0 0.306649 -0.951823 0 0.306649 -0.951823 0 0.306649 0.119932 0.992548 -0.021543 0.034209 0.997307 -0.064866 0.047088 0.997182 -0.058405 0.104988 0.992641 -0.060343 0.003813 0.999265 -0.038148 0.0197 0.998938 -0.04166 -0.595646 0 0.803247 -0.595646 0 0.803247 -0.595646 0 0.803247 0.060213 0.99657 -0.056772 -0.007206 0.999448 -0.032442 0.018234 0.998966 -0.041644 -0.015878 -0.999444 -0.029301 -0.007207 -0.999448 -0.032443 0.018234 -0.998966 -0.041646 0.111641 0.99334 -0.028483 0.013049 0.998776 -0.047706 0.018296 0.998742 -0.046696 -0.759083 0 0.650994 -0.759083 0 0.650994 -0.759083 0 0.650994 -0.050554 0.996896 -0.060352 -0.123693 0.992313 -0.003883 -0.060927 0.996766 -0.052395 -0.050555 -0.996896 -0.060353 -0.029674 -0.996642 -0.076319 -0.060929 -0.996766 -0.052395 -0.123697 -0.992312 -0.003883 -0.045051 0.997001 -0.062924 -0.121763 0.992483 -0.012308 -0.054746 0.996897 -0.05657 -0.121767 -0.992483 -0.012307 -0.045052 -0.997001 -0.062925 -0.054748 -0.996896 -0.056571 -0.025927 -0.996814 -0.075423 -0.119936 -0.992548 -0.021543 -0.03421 -0.997307 -0.064868 -0.04709 -0.997182 -0.058407 -0.104991 -0.992641 -0.060343 -0.003813 -0.999265 -0.038149 -0.019701 -0.998938 -0.041661 0.015878 0.999445 -0.0293 0.007206 0.999448 -0.032442 -0.018234 0.998966 -0.041644 -0.060215 -0.996569 -0.056775 0.007207 -0.999448 -0.032443 -0.018234 -0.998966 -0.041646 -0.111645 -0.99334 -0.028483 -0.01305 -0.998776 -0.047708 -0.018297 -0.998741 -0.046698 0.854302 -0.296481 -0.426927 0.806901 -0.551207 -0.212325 0.776721 -0.580778 -0.243724 0.825989 -0.311753 -0.469631 0.871322 0.030699 -0.48975 0.843684 0.033584 -0.535788 0.854303 0.347473 -0.38656 0.825989 0.367959 -0.427022 0.8069 0.573408 -0.141832 0.776719 0.606669 -0.169294 0.740121 0.646857 0.18384 0.707219 0.685261 0.17395 0.671217 0.543362 0.504207 0.635185 0.577391 0.512991 0.619578 0.287869 0.730243 0.580852 0.307394 0.753737 0.60045 -0.050023 0.798096 0.56063 -0.051802 0.826445 0.619579 -0.376806 0.688578 0.580852 -0.399113 0.70945 0.671215 -0.602073 0.432411 0.635182 -0.636931 0.436877 0.740121 -0.664749 0.10163 0.707219 -0.701619 0.087019 0.978881 -0.194433 0.063147 0.994235 -0.107022 -0.006508 0.999653 0.00165 -0.026305 0.994235 0.106998 0.006906 0.978882 0.185025 0.086928 0.956549 0.214641 0.19734 0.956549 -0.237602 0.168994 0.932577 -0.220719 0.285629 0.913952 -0.143533 0.379591 0.906904 -0.026355 0.420511 0.913953 0.095009 0.394542 0.932577 0.183324 0.310954 -0.982533 0.011641 -0.185723 -0.982533 0.011641 -0.185722 -0.982533 0.011641 -0.185723 -0.982533 0.011641 -0.185723 -0.982533 0.01164 -0.185723 -0.982533 0.01164 -0.185722 -0.982534 0.011641 -0.185721 -0.982533 0.011642 -0.185722 -0.982533 0.011643 -0.185723 -0.982533 0.01164 -0.185723 -0.982533 0.01164 -0.185722 -0.982534 0.011641 -0.185721 -0.982533 0.011641 -0.185722 0.982534 -0.011639 0.185721 0.982533 -0.011641 0.185722 0.982534 -0.011639 0.185722 0.982533 -0.011643 0.185723 0.982533 -0.011643 0.185724 0.982533 -0.011642 0.185722 0.982533 -0.011643 0.185722 0.982534 -0.011642 0.185721 0.982534 -0.011643 0.185721 0.982533 -0.011638 0.185722 0.982534 -0.011639 0.185719 0.982534 -0.011642 0.18572 0.982533 -0.011639 0.185723 -0.000000 -0.967549 -0.252685 -0.122667 0.004972 -0.992436 0.000000 0.029077 -0.999577 -0.000000 0.951904 0.306395 0.184024 0.950409 0.250716 0.282508 0.934819 0.215183 -0.000000 0.959109 0.283036 0.269682 0.92898 0.253512 0.36061 0.839802 0.405823 0.219009 0.890581 0.398623 0.000000 0.934289 0.356516 -0.184024 0.950409 0.250716 -0.282509 0.934818 0.215182 -0.219008 0.890581 0.398623 -0.36061 0.839802 0.405824 -0.269684 0.928979 0.253514 -0.000000 0.029077 -0.999577 -0.673673 -0.063405 -0.736305 -0.952719 -0.286679 -0.100705 -0.673673 -0.509955 0.534893 0.000000 -0.602439 0.798165 0.673674 -0.509954 0.534893 0.952719 -0.286679 -0.100705 0.673673 -0.063406 -0.736305 -0.000000 0.029077 -0.999577 0.675722 0.737106 -0.00864 0.846617 0.531844 0.019543 0.846617 0.531844 0.019543 0.561763 0.826956 -0.023787 -0.000000 0.998969 -0.045396 -0.000000 0.998969 -0.045396 -0.561764 0.826956 -0.023787 -0.675722 0.737106 -0.00864 -0.846617 0.531844 0.019542 -0.846617 0.531844 0.019542 0.787597 0.615909 0.01865 0.792267 0.610009 0.014218 0.948248 0.251667 0.193623 0.837143 -0.380164 0.393277 0.810603 0.579093 0.087029 -0.626578 0.775993 0.072358 -0.810603 0.579093 0.087029 0.948961 0.045692 0.312065 0.862642 -0.280871 0.420667 -0.760536 0.648929 -0.021804 -0.948139 0.217307 0.231972 -0.862642 -0.280871 0.420667 0 -0.840633 -0.541605 -0.146546 -0.825096 -0.545657 -0.260194 -0.785204 -0.56192 0 -0.840633 -0.541605 -0.400572 -0.716896 -0.570615 -0.400572 -0.716896 -0.570615 0.260194 -0.785204 -0.56192 0.146546 -0.825096 -0.545657 0.400572 -0.716896 -0.570615 0.400572 -0.716896 -0.570615 -0.638744 -0.342862 -0.688805 -0.654951 -0.283691 -0.700399 -0.655719 -0.280606 -0.700923 -0.638744 -0.342862 -0.688805 -0.684557 -0.128696 -0.717509 0.015911 -0.860314 0.509516 0.015911 -0.860314 0.509516 -0.015911 -0.860314 0.509516 0 -0.8345 0.551009 0 -0.834499 0.551009 0.048232 -0.594395 -0.802726 0.017324 -0.679375 -0.733587 0.045239 -0.630532 -0.774844 0.048232 -0.594395 -0.802726 0.000000 -0.722923 -0.690928 -0.036586 -0.72244 -0.690465 0.349014 -0.917602 -0.190253 0.349014 -0.917602 -0.190253 0.349014 -0.917602 -0.190253 0.349014 -0.917602 -0.190253 -0.000000 -0.54846 0.836177 0.829473 -0.409488 0.379861 -0.701956 -0.436353 0.562898 -0.688254 -0.431824 0.582953 -0.785456 -0.430759 0.444417 0.950026 0.004513 0.312138 0.797798 -0.306881 0.518982 0.763337 -0.349861 0.54306 0.950026 0.004513 0.312138 0.462714 -0.598475 0.654006 0.491754 -0.581373 0.648216 0 -0.69485 0.719155 0 -0.69485 0.719155 -0.491754 -0.581373 0.648216 -0.462714 -0.598475 0.654006 -0.797798 -0.306881 0.518982 -0.763337 -0.349861 0.54306 -0.950026 0.004513 0.312137 -0.950026 0.004513 0.312137 0.455361 -0.599521 0.658196 0.483529 -0.583101 0.652835 0.000000 -0.693364 0.720587 0.000000 -0.693364 0.720588 -0.483529 -0.583101 0.652835 -0.455361 -0.599521 0.658196 -0.763719 -0.343029 0.546869 0.87428 -0.172297 0.453816 0 -0.692636 0.721288 -0.476237 -0.585653 0.655903 -0.449158 -0.601211 0.66091 -0.731421 -0.375796 0.569035 0.828443 -0.242702 0.504756 0.687121 -0.41787 0.594348 0.828443 -0.242702 0.504756 -0.828443 -0.242702 0.504756 0.78544 -0.281669 0.551132 0.691502 -0.361141 0.625621 0.681928 -0.368234 0.631964 0.78544 -0.281669 0.551132 0.481455 -0.437783 0.759307 0.505849 -0.437052 0.743708 -0.000000 -0.475321 0.879813 -0.000000 -0.475321 0.879813 -0.505849 -0.437051 0.743709 -0.481455 -0.437783 0.759307 -0.691501 -0.361141 0.625622 -0.681927 -0.368234 0.631965 -0.78544 -0.28167 0.551132 -0.78544 -0.28167 0.551132 0.763261 -0.291517 0.576585 0.711785 -0.318294 0.62614 0.708159 -0.320036 0.629355 0.763261 -0.291517 0.576585 0.532664 -0.3319 0.778532 0.563272 -0.335188 0.755231 0 -0.351799 0.936076 0 -0.351799 0.936076 -0.563272 -0.335188 0.755231 -0.532664 -0.331899 0.778532 -0.711785 -0.318294 0.62614 -0.708159 -0.320036 0.629356 -0.763261 -0.291517 0.576585 -0.763261 -0.291517 0.576586 0.07656 -0.567105 -0.820079 0.108736 -0.543759 -0.832167 0.279907 -0.400644 -0.872432 0.279907 -0.400644 -0.872432 0.225738 -0.574982 -0.786408 0.209007 -0.581334 -0.786363 -0.000000 -0.52785 -0.849338 -0.000000 -0.52785 -0.849338 -0.209004 -0.581334 -0.786364 -0.225738 -0.574981 -0.786409 -0.108733 -0.543758 -0.832169 -0.076557 -0.567104 -0.820081 -0.279903 -0.400642 -0.872433 -0.279903 -0.400642 -0.872433 0.065724 -0.609184 -0.790301 0.094317 -0.588132 -0.803246 0.271484 -0.435796 -0.858125 0.271484 -0.435796 -0.858125 0.185293 -0.637572 -0.747776 0.152196 -0.649126 -0.7453 0.000000 -0.590889 -0.806753 0.000000 -0.590889 -0.806753 -0.152196 -0.649125 -0.7453 -0.185293 -0.637572 -0.747776 -0.094317 -0.588132 -0.803247 -0.065724 -0.609183 -0.790302 -0.271482 -0.435796 -0.858125 -0.271482 -0.435796 -0.858125 0.066233 -0.642011 -0.763829 0.087176 -0.625052 -0.7757 0.25463 -0.466765 -0.846932 0.25463 -0.466765 -0.846932 0.161176 -0.664391 -0.729799 0.1034 -0.689172 -0.717182 -0.000000 -0.595426 -0.80341 -0.000000 -0.595426 -0.80341 -0.1034 -0.689173 -0.717182 -0.161176 -0.664392 -0.729798 -0.087176 -0.625051 -0.775701 -0.066233 -0.64201 -0.76383 -0.25463 -0.466763 -0.846933 -0.25463 -0.466763 -0.846933 0.294506 -0.379087 -0.877245 0.119598 -0.523083 -0.843849 0.30089 -0.522992 -0.797461 0.289133 -0.52847 -0.798199 0.000000 -0.447371 -0.894348 0.000000 -0.447371 -0.894348 -0.289131 -0.528471 -0.798199 -0.300889 -0.522992 -0.797462 -0.119597 -0.523084 -0.843849 -0.051488 -0.571011 -0.819326 -0.318275 -0.355536 -0.878803 -0.318275 -0.355536 -0.878803 0.039156 -0.578202 -0.814954 0.130473 -0.513866 -0.847891 0.347674 -0.325371 -0.87935 0.347674 -0.325371 -0.87935 0.309365 -0.520583 -0.795793 0.291093 -0.529073 -0.797087 0.000000 -0.447455 -0.894307 0.000000 -0.447455 -0.894307 -0.291091 -0.529073 -0.797087 -0.309363 -0.520584 -0.795793 -0.130472 -0.513866 -0.847891 -0.039155 -0.578203 -0.814953 -0.347676 -0.32537 -0.87935 -0.347676 -0.32537 -0.87935 0.857123 -0.443245 0.26244 0.857123 -0.443245 0.26244 0.857123 -0.443245 0.26244 -0.940499 0.246397 0.233987 -0.920066 0.253501 0.298692 -0.831701 -0.376511 0.408059 -0.787597 0.615909 0.01865 -0.792267 0.610009 0.014218 -0.948248 0.251667 0.193623 -0.837143 -0.380164 0.393278 0.638744 -0.342862 -0.688805 0.638744 -0.342862 -0.688805 0.655718 -0.280606 -0.700924 0.654951 -0.283691 -0.700399 0.684555 -0.128696 -0.717511 -0.048231 -0.594395 -0.802726 -0.048231 -0.594395 -0.802726 -0.048231 -0.594395 -0.802726 -0.048231 -0.594395 -0.802726 -0.349014 -0.917602 -0.190252 -0.038854 0.100584 -0.99417 -0.979519 -0.168138 0.110782 -0.36912 -0.921764 -0.118751 -0.335368 -0.640931 -0.69046 0.886664 -0.330083 0.323839 0.886664 -0.330083 0.323839 0.882987 -0.32833 0.335459 0.638758 -0.68564 0.349122 0.354534 -0.854156 0.380426 0 -0.931587 0.363518 0 -0.923541 0.383499 -0.354534 -0.854156 0.380425 -0.234516 -0.894101 0.381557 -0.638759 -0.68564 0.349121 -0.573502 -0.718376 0.39374 -0.813148 -0.454408 0.363736 -0.184704 -0.911967 0.366334 -0.454987 -0.796371 0.398473 -0.689848 -0.601358 0.403086 -0.863699 -0.350385 0.362291 -0.861989 -0.369797 0.346734 -0.882987 -0.32833 0.335459 -0.886664 -0.330083 0.32384 -0.886664 -0.330083 0.32384 0.525831 0.558144 -0.641855 0.526438 0.549911 -0.648429 0.514447 0.64933 -0.560103 0.514447 0.649329 -0.560103 0.91078 -0.280041 0.303409 0.91078 -0.280041 0.303409 0.864049 -0.393886 0.313487 0.907594 -0.275391 0.316911 0.901877 -0.319147 0.29114 0.842618 -0.433624 0.319319 0.665219 -0.629419 0.401641 0.750157 -0.54517 0.374237 0.235241 -0.894905 0.379218 0.305361 -0.826828 0.472345 0.347488 -0.791149 0.503325 -0.000000 -0.90083 0.434173 -0.000000 -0.838895 0.544293 0 -0.932583 0.360956 0.90061 -0.342807 0.267179 -0.347489 -0.791148 0.503325 -0.30536 -0.826828 0.472345 -0.750157 -0.54517 0.374238 -0.235241 -0.894905 0.379218 -0.665219 -0.629419 0.401641 -0.864049 -0.393886 0.313487 -0.842618 -0.433623 0.31932 -0.901877 -0.319147 0.29114 -0.90061 -0.342807 0.267179 -0.907594 -0.275391 0.316911 -0.91078 -0.280041 0.30341 -0.91078 -0.280041 0.30341 0.808144 -0.406225 0.42648 0.787855 -0.425463 0.44527 0.700346 -0.495732 0.51358 0.808144 -0.406225 0.42648 0.494252 -0.608103 0.621229 0.528971 -0.610644 -0.589324 0.503202 -0.571784 -0.647959 0.464499 -0.51505 -0.720392 0.464499 -0.51505 -0.720392 0.78934 -0.43553 -0.432731 0.759938 -0.470455 -0.448516 0.814824 -0.411149 -0.408678 0.698234 -0.550124 -0.458075 0 -0.833289 -0.552838 0 -0.833289 -0.552838 -0.698234 -0.550125 -0.458075 -0.814824 -0.411149 -0.408678 -0.759938 -0.470455 -0.448516 -0.789339 -0.43553 -0.432732 -0.503202 -0.571784 -0.647959 -0.528971 -0.610644 -0.589325 -0.464499 -0.51505 -0.720392 -0.464499 -0.51505 -0.720392 0.42621 0.243743 -0.871168 0.437198 0.442456 -0.783001 0.437122 0.465293 -0.769693 0.42621 0.243743 -0.871168 0.415766 0.779775 -0.46807 0.416586 0.774712 -0.475687 0.396211 0.856329 -0.331236 0.396211 0.856329 -0.331236 0 -0.666601 0.745414 0.042485 -0.668596 0.742412 0.910818 -0.225486 0.345785 -0.042485 -0.668596 0.742412 0.529773 -0.641666 -0.554622 0.504328 -0.576951 -0.642481 0.474979 -0.510259 -0.716959 0.474979 -0.510259 -0.716959 0.774619 -0.53281 -0.340702 0.724482 -0.577191 -0.376797 0.740295 -0.598288 -0.306618 0.70977 -0.629671 -0.315818 0 -0.915359 -0.402638 0 -0.915359 -0.402638 -0.70977 -0.629671 -0.315818 -0.740295 -0.598288 -0.306618 -0.724482 -0.577191 -0.376797 -0.774619 -0.53281 -0.340702 -0.504328 -0.576951 -0.642481 -0.529773 -0.641666 -0.554622 -0.474979 -0.510259 -0.716959 -0.474979 -0.510259 -0.716959 0.423964 0.332816 -0.842311 0.423964 0.332816 -0.842311 0.561644 0.674308 -0.479442 0.561644 0.674308 -0.479442 0.561644 0.674308 -0.479442 0.561644 0.674308 -0.479442 0.631208 0.609091 -0.480193 0.801291 0.471967 -0.367667 0.801291 0.471967 -0.367667 0.640385 0.603258 -0.47538 0.419244 0.710764 -0.564844 0.419244 0.710764 -0.564844 0.363402 0.86991 0.333461 0.596202 0.755983 0.270247 0.446539 0.888465 0.105987 0.438598 0.894572 0.085869 0.629807 0.757667 0.171123 0.650442 0.739201 0.174661 0.282093 0.865071 -0.41482 0.277047 0.867942 -0.412215 0.522739 0.672154 -0.52436 0.608381 0.623627 -0.490879 0.370861 0.705666 -0.603737 0.370861 0.705666 -0.603737 0.406235 0.810934 -0.42114 0.406235 0.810934 -0.42114 0.406235 0.810934 -0.42114 0.406235 0.810934 -0.42114 0.634995 0.654732 -0.410009 0.773754 0.523192 -0.357176 0.773754 0.523192 -0.357176 0.626458 0.661358 -0.412499 0.48024 0.755738 -0.445231 0.48024 0.755738 -0.445231 0.482802 0.722 -0.495599 0.666956 0.5528 -0.499581 0.791318 0.468275 -0.393109 0.791318 0.468275 -0.393109 0.658571 0.557386 -0.505575 0.490945 0.628389 -0.603408 0.490945 0.628389 -0.603408 0.863115 0.418699 -0.282355 0.975684 -0.088584 0.200482 0.883449 -0.295938 0.363234 0.883449 -0.295939 0.363234 0.982353 -0.059905 0.177186 0.964746 0.248988 -0.08526 0.964746 0.248988 -0.08526 0.981037 -0.063027 0.183286 0.901463 -0.249189 0.353934 0.901463 -0.249189 0.353934 0.980048 -0.067085 0.187099 0.974349 0.209589 -0.081954 0.974349 0.209589 -0.081954 0.993918 -0.098007 0.050217 0.934864 -0.273127 0.226783 0.934864 -0.273127 0.226783 0.996327 -0.079526 0.031764 0.969984 0.148101 -0.192865 0.969984 0.148101 -0.192865 0.407047 0.852689 -0.327465 0.407047 0.852689 -0.327465 0.407047 0.852689 -0.327465 0.407047 0.852689 -0.327465 0.96417 -0.265007 0.012187 0.991057 -0.015295 -0.132558 0.990264 -0.11737 -0.074843 0.96417 -0.265007 0.012187 0.965286 0.143294 -0.218381 0.965286 0.143294 -0.21838 0.882116 0.361892 -0.301505 0.716235 0.592841 -0.368167 0.74602 0.560303 -0.359881 0.882116 0.361892 -0.301505 0.553183 0.732112 -0.397493 0.553183 0.732112 -0.397493 0.390352 0.880043 -0.270461 0.384652 0.891399 -0.239688 0.395586 0.867798 -0.300728 0.395586 0.867799 -0.300728 0.376408 0.904974 -0.198343 0.376408 0.904974 -0.198343 0.461678 -0.88413 -0.071881 0.780656 -0.616567 -0.102082 0.755427 -0.654576 -0.029326 0.561625 -0.827319 -0.011007 0 -0.997007 -0.077317 0 -0.999998 -0.002189 0.821482 -0.560697 -0.103855 0.881558 -0.436454 -0.179897 0.954432 -0.162134 -0.250542 0.957298 -0.099848 -0.271313 0.948959 0.106948 -0.296712 0.951278 0.090602 -0.294722 0.71916 -0.694819 -0.005928 0.698878 -0.714619 0.029842 -0.561624 -0.827319 -0.011007 -0.461678 -0.88413 -0.071881 -0.755427 -0.654576 -0.029326 -0.780657 -0.616567 -0.102082 -0.821483 -0.560696 -0.103855 -0.881558 -0.436454 -0.179898 -0.954432 -0.162134 -0.250543 -0.957298 -0.099848 -0.271313 -0.948959 0.106948 -0.296712 -0.951278 0.090602 -0.294722 -0.71916 -0.694819 -0.005928 -0.698878 -0.714619 0.029842 -0.954078 0.067717 -0.291803 -0.958686 -0.085306 -0.271373 -0.903944 -0.380738 -0.194742 -0.785375 -0.60541 -0.129092 -0.430424 -0.891251 -0.142855 0 -0.988467 -0.151438 0.430424 -0.891251 -0.142855 0.785375 -0.60541 -0.129092 0.903944 -0.380738 -0.194741 0.958686 -0.085306 -0.271373 0.954078 0.067718 -0.291803 0.857748 0.373363 -0.353367 0.776807 0.528715 -0.342098 0.802704 0.48236 -0.350707 0.867889 0.352511 -0.350006 0.670315 0.660924 -0.337429 0.764113 0.570745 -0.300637 0.837532 0.411786 -0.359127 0.815455 0.489662 -0.308649 0.801636 0.526929 -0.282359 0.530853 0.845386 -0.059302 0.530853 0.845386 -0.059302 0.486791 0.871615 -0.057628 0.4682 0.881789 -0.056891 0.434602 0.89891 -0.055518 0.434602 0.89891 -0.055518 0.315282 -0.945289 -0.083818 0.768914 -0.622539 -0.145658 0.760777 -0.632881 -0.143806 0.35787 -0.929666 -0.087464 0.93984 -0.273989 -0.204036 0.940332 -0.272535 -0.203716 0.974247 -0.057806 -0.21795 0.973796 -0.065633 -0.217748 -0.000000 -0.998841 -0.048128 -0.000000 -0.999023 -0.044202 0.97602 -0.012092 -0.217347 0.976013 -0.010444 -0.217463 -0.315283 -0.945289 -0.083818 -0.35787 -0.929666 -0.087464 -0.760777 -0.632882 -0.143806 -0.768914 -0.622539 -0.145658 -0.93984 -0.273989 -0.204036 -0.940332 -0.272535 -0.203716 -0.974247 -0.057806 -0.21795 -0.973796 -0.065633 -0.217748 -0.97602 -0.012091 -0.217347 -0.976013 -0.010444 -0.217462 0.976023 -0.013618 -0.217239 0.974377 -0.054617 -0.218187 0.932698 -0.298805 -0.201964 0.745746 -0.651414 -0.139723 0.374375 -0.923031 -0.088641 -0.000000 -0.998707 -0.050843 -0.374375 -0.923031 -0.088641 -0.745746 -0.651415 -0.139724 -0.932699 -0.298804 -0.201963 -0.974377 -0.054617 -0.218187 -0.976023 -0.013617 -0.217239 0.888367 0.402862 -0.220243 0.89338 0.412932 -0.177086 0.85983 0.474732 -0.18794 0.870292 0.439682 -0.221971 0.886391 0.43383 -0.161564 0.894806 0.416508 -0.160759 0.852079 0.481117 -0.206127 0.858754 0.461399 -0.222828 0.83334 0.527574 -0.164956 -0.011246 -0.939412 -0.342605 -0.011246 -0.939412 -0.342605 -0.011246 -0.939412 -0.342605 -0.011246 -0.939412 -0.342605 0.011246 -0.939412 -0.342605 0.011246 -0.939412 -0.342604 0.038628 -0.724979 -0.687687 0.038628 -0.724978 -0.687688 0.003864 -0.744545 -0.667561 -0.008125 -0.750949 -0.660311 -0.03502 -0.764666 -0.643474 -0.03502 -0.764666 -0.643474 0.006688 -0.928071 -0.372344 0.006688 -0.928071 -0.372344 0.042728 -0.792367 -0.608546 0.047135 -0.770551 -0.635633 0.073885 -0.608759 -0.789907 0.073885 -0.608759 -0.789907 -0.160808 -0.986592 -0.02787 -0.160808 -0.986592 -0.02787 -0.160808 -0.986592 -0.02787 -0.160808 -0.986592 -0.02787 -0.102993 -0.772813 -0.62622 -0.102993 -0.772813 -0.62622 -0.122732 -0.777637 -0.616617 -0.127041 -0.77864 -0.614476 -0.14353 -0.78231 -0.606128 -0.14353 -0.78231 -0.606128 -0.035548 -0.895605 -0.443427 -0.035548 -0.895605 -0.443427 -0.123115 -0.714777 -0.688431 -0.137115 -0.675951 -0.724079 -0.203829 -0.438448 -0.875338 -0.203829 -0.438448 -0.875338 -0.115791 -0.982308 -0.147183 -0.29241 -0.77171 -0.564766 -0.29241 -0.77171 -0.564766 -0.196469 -0.811666 -0.55009 -0.220592 -0.802541 -0.554317 -0.092569 -0.844212 -0.527956 -0.092569 -0.844212 -0.527956 -0.295091 -0.639056 -0.710302 -0.337786 -0.323539 -0.883868 -0.337786 -0.323539 -0.883868 -0.031478 -0.992776 -0.115776 -0.031478 -0.992776 -0.115776 -0.031478 -0.992776 -0.115776 -0.031478 -0.992776 -0.115776 -0.203531 -0.736354 -0.645258 -0.203531 -0.736354 -0.645258 -0.190221 -0.782113 -0.593393 -0.19623 -0.762335 -0.616716 -0.174999 -0.826605 -0.534883 -0.174999 -0.826605 -0.534883 -0.393187 -0.647628 -0.652673 -0.42049 -0.54258 -0.727183 -0.345735 -0.771093 -0.534679 -0.345735 -0.771094 -0.53468 -0.437754 -0.447362 -0.779896 -0.437754 -0.447362 -0.779896 -0.386479 -0.752868 -0.532751 -0.386479 -0.752868 -0.532751 -0.272416 -0.783303 -0.558772 -0.259034 -0.786071 -0.561243 -0.172077 -0.800209 -0.574505 -0.172077 -0.800208 -0.574505 0.206645 -0.919796 -0.333576 0.206645 -0.919796 -0.333576 0.206645 -0.919796 -0.333576 0.206645 -0.919796 -0.333576 -0.367959 -0.762265 -0.532502 -0.538067 -0.54119 -0.646218 -0.157897 -0.917564 -0.364891 -0.157897 -0.917564 -0.364891 -0.665102 -0.252798 -0.702661 -0.665102 -0.252798 -0.702661 0.077539 -0.258426 -0.962914 0.077539 -0.258426 -0.962914 0.355557 -0.63788 -0.683146 0.314068 -0.584644 -0.748033 0.436126 -0.735576 -0.518385 0.436126 -0.735575 -0.518385 0.077135 -0.335141 -0.939005 0.077135 -0.335141 -0.939005 0.077135 -0.335141 -0.939005 0.077135 -0.335141 -0.939005 -0.010532 -0.198868 -0.97997 -0.012861 -0.198978 -0.97992 0 -0.19935 -0.979928 0 -0.19935 -0.979928 0.034312 -0.207867 -0.977555 0.027623 -0.205978 -0.978167 0.078581 -0.203608 -0.975894 0.082948 -0.190087 -0.978257 0.072191 -0.19221 -0.978695 0.066311 -0.196127 -0.978334 0.04948 -0.207275 -0.977031 0.04948 -0.207275 -0.977031 0.010532 -0.198869 -0.97997 0.012861 -0.198978 -0.979919 -0.034312 -0.207867 -0.977555 -0.027624 -0.205979 -0.978166 -0.078582 -0.203608 -0.975894 -0.082949 -0.190087 -0.978257 -0.072192 -0.19221 -0.978695 -0.066312 -0.196127 -0.978334 -0.04948 -0.207275 -0.977031 -0.04948 -0.207275 -0.977031 0.134699 -0.54932 0.824684 0.068002 -0.012764 0.997604 0.427264 -0.806578 0.408506 0.077196 0.664886 0.742945 0.104494 0.963816 0.245232 0.159176 0.970576 -0.180682 0.281686 0.72666 -0.626593 0.589465 0.235476 -0.772711 0.901222 -0.222221 -0.372044 0.792653 -0.609484 0.015148 0.729715 -0.683555 0.016391 0.427264 -0.806578 0.408506 0.488734 -0.788589 0.373184 0.51917 -0.767341 0.376365 0.377487 -0.059901 -0.924075 0.377487 -0.059901 -0.924075 0.377488 -0.059901 -0.924075 0.377487 -0.059901 -0.924075 -0.000000 -0.067286 -0.997734 0.02047 -0.05886 -0.998056 0.01992 -0.059041 -0.998057 -0.000000 -0.067286 -0.997734 0.055032 -0.044236 -0.997504 0.058494 -0.041592 -0.997421 0.074955 -0.022442 -0.996934 0.077716 -0.017864 -0.996815 0.083004 -0.006043 -0.996531 0.083019 -0.005658 -0.996532 0.077646 0.028894 -0.996562 0.077646 0.028894 -0.996562 0.077646 0.028894 -0.996562 0.077646 0.028894 -0.996562 -0.01992 -0.059041 -0.998057 -0.02047 -0.05886 -0.998056 -0.055032 -0.044236 -0.997504 -0.058494 -0.041592 -0.997421 -0.074958 -0.022442 -0.996934 -0.07772 -0.017864 -0.996815 -0.082878 -0.009306 -0.996516 -0.082878 -0.009306 -0.996516 -0.077646 0.028893 -0.996562 -0.077646 0.028893 -0.996562 -0.077646 0.028893 -0.996562 -0.077646 0.028893 -0.996562 0.68573 -0.505848 -0.523347 0.68573 -0.505848 -0.523347 0.68573 -0.505848 -0.523347 0.68573 -0.505848 -0.523347 -0.470276 -0.837433 -0.278471 0.000000 -0.707296 -0.706917 -0.484411 -0.829125 -0.279101 -0.510774 -0.654534 -0.5574 0.000000 0.037448 -0.999299 -0.480366 -0.09862 -0.871506 -0.526925 0.03246 -0.849291 -0.488918 0.136545 -0.861577 -0.368146 0.290841 -0.883108 -0.139509 0.40585 -0.903229 0.000000 0.461183 -0.887305 0.139511 0.40585 -0.903229 0.368148 0.290841 -0.883108 0.488919 0.136545 -0.861577 0.526925 0.03246 -0.849292 0.480367 -0.098619 -0.871506 0.510775 -0.654534 -0.5574 0.470278 -0.837433 -0.278471 0.484413 -0.829125 -0.2791 0.000000 -0.98749 0.157683 0.567295 -0.813231 0.129736 0 -0.817763 -0.575555 0.377175 -0.739006 -0.55822 0.382706 -0.734366 -0.560573 0 -0.817763 -0.575555 0.79974 -0.389709 -0.456665 0.75178 -0.448374 -0.483516 0.899007 -0.227564 -0.374167 0.899007 -0.227564 -0.374167 -0.382706 -0.734367 -0.560573 -0.377175 -0.739006 -0.55822 -0.79974 -0.389709 -0.456665 -0.75178 -0.448374 -0.483515 -0.899007 -0.227564 -0.374167 -0.899007 -0.227564 -0.374167 0.393086 -0.386096 -0.834514 0.393086 -0.386096 -0.834514 0.393086 -0.386096 -0.834514 0.393086 -0.386096 -0.834514 0.533205 0.716529 -0.449754 0.533205 0.716529 -0.449754 0.281853 -0.92772 0.244735 1 0 0 1 0 0 1 0.000000 0 1 0.000000 0 1 0.000000 0 1 0 0 1 0.000000 0 1 0.000000 0 1 -0.000000 0 1 0 0 1 0.000000 0 -0.267876 0.455668 0.848887 -0.287222 0.457887 0.841334 -0.289699 0.458157 0.840337 -0.267876 0.455668 0.848887 -0.321144 0.461322 0.827072 -0.321144 0.461322 0.827072 -0.581633 -0.108479 0.806185 -0.581633 -0.108479 0.806185 -0.581633 -0.108479 0.806186 -0.581633 -0.108479 0.806185 0.761298 -0.565992 0.316352 0.743692 -0.586967 0.319988 0.689348 -0.645333 0.329158 0.761298 -0.565992 0.316352 0.565843 -0.750603 0.341199 -0.3556 0.324269 0.876583 -0.427599 0.29253 0.855328 -0.431909 0.290526 0.853844 -0.3556 0.324269 0.876583 -0.533869 0.23933 0.81099 -0.533869 0.23933 0.81099 -0.741574 -0.346012 0.574755 -0.741574 -0.346012 0.574755 -0.741574 -0.346012 0.574755 -0.741574 -0.346012 0.574755 0.860513 -0.418114 0.291028 0.604188 0.019368 0.796606 0.604188 0.019368 0.796606 0.604188 0.019368 0.796606 0.604188 0.019368 0.796606 0.921221 0.192537 0.338054 -0.648696 0.318882 -0.691019 -0.525831 0.558143 -0.641855 -0.526439 0.549911 -0.648429 -0.514448 0.649329 -0.560104 -0.514448 0.649329 -0.560103 -0.808144 -0.406225 0.42648 -0.42621 0.243743 -0.871168 -0.42621 0.243743 -0.871168 -0.437122 0.465293 -0.769692 -0.437198 0.442456 -0.783001 -0.415766 0.779776 -0.468069 -0.416586 0.774712 -0.475686 -0.396211 0.856329 -0.331236 -0.396211 0.856329 -0.331236 -0.423964 0.332815 -0.842312 -0.561644 0.674308 -0.479442 -0.561644 0.674308 -0.479442 -0.561644 0.674308 -0.479442 -0.561644 0.674308 -0.479442 -0.631208 0.609091 -0.480193 -0.640385 0.603259 -0.47538 -0.801291 0.471967 -0.367667 -0.801291 0.471967 -0.367667 -0.419244 0.710764 -0.564844 -0.419244 0.710764 -0.564844 -0.334597 0.933109 0.131731 -0.44654 0.888464 0.105988 -0.438598 0.894571 0.085869 -0.372359 0.920116 0.121394 -0.629808 0.757667 0.171122 -0.650444 0.7392 0.17466 -0.406236 0.810934 -0.42114 -0.406236 0.810934 -0.42114 -0.406236 0.810934 -0.42114 -0.406235 0.810934 -0.42114 -0.634995 0.654732 -0.410009 -0.626458 0.661358 -0.412498 -0.773754 0.523192 -0.357176 -0.773754 0.523192 -0.357176 -0.48024 0.755738 -0.44523 -0.48024 0.755738 -0.44523 -0.482802 0.722 -0.495599 -0.482803 0.722 -0.495599 -0.482802 0.722 -0.495599 -0.482802 0.722 -0.495599 -0.666956 0.552801 -0.499581 -0.658571 0.557386 -0.505575 -0.791318 0.468275 -0.393109 -0.791318 0.468275 -0.393109 -0.490944 0.628389 -0.603408 -0.490944 0.628389 -0.603408 -0.975684 -0.088584 0.200482 -0.982352 -0.059905 0.177186 -0.883449 -0.295939 0.363234 -0.883449 -0.295939 0.363234 -0.964746 0.248988 -0.08526 -0.964746 0.248988 -0.08526 -0.981037 -0.063027 0.183286 -0.980048 -0.067085 0.187099 -0.901463 -0.249189 0.353934 -0.901463 -0.249189 0.353934 -0.974349 0.209589 -0.081954 -0.974349 0.209589 -0.081954 -0.996327 -0.079526 0.031764 -0.969984 0.148101 -0.192865 -0.969984 0.148101 -0.192865 -0.407048 0.852689 -0.327465 -0.407048 0.852689 -0.327465 -0.407048 0.852689 -0.327465 -0.407048 0.852689 -0.327465 -0.96417 -0.265007 0.012186 -0.96417 -0.265007 0.012186 -0.990264 -0.11737 -0.074843 -0.991057 -0.015295 -0.132558 -0.965286 0.143294 -0.21838 -0.965286 0.143294 -0.21838 -0.882116 0.361892 -0.301505 -0.882116 0.361892 -0.301505 -0.74602 0.560303 -0.359881 -0.716235 0.592841 -0.368166 -0.553183 0.732112 -0.397493 -0.553183 0.732112 -0.397493 -0.390353 0.880043 -0.27046 -0.395587 0.867799 -0.300727 -0.395587 0.867799 -0.300727 -0.384652 0.891399 -0.239688 -0.376409 0.904973 -0.198343 -0.376409 0.904973 -0.198343 -0.857748 0.373363 -0.353367 -0.86789 0.35251 -0.350006 -0.802704 0.48236 -0.350707 -0.776807 0.528715 -0.342098 -0.670314 0.660924 -0.337428 -0.764113 0.570745 -0.300637 -0.801636 0.526929 -0.282359 -0.815455 0.489662 -0.308649 -0.837533 0.411786 -0.359127 -0.530854 0.845386 -0.059302 -0.468201 0.881789 -0.056892 -0.486792 0.871615 -0.057628 -0.530854 0.845386 -0.059302 -0.434603 0.898909 -0.055518 -0.434603 0.898909 -0.055518 -0.888367 0.402862 -0.220242 -0.870292 0.439682 -0.221971 -0.85983 0.474731 -0.187941 -0.89338 0.412932 -0.177086 -0.886391 0.43383 -0.161565 -0.894806 0.416508 -0.160759 -0.852079 0.481116 -0.206127 -0.858754 0.461399 -0.222828 -0.83334 0.527574 -0.164956 -0.038628 -0.724978 -0.687688 0.008125 -0.75095 -0.660309 -0.003864 -0.744546 -0.66756 -0.038628 -0.724978 -0.687688 0.03502 -0.764669 -0.643471 0.03502 -0.764669 -0.643471 -0.006688 -0.928071 -0.372344 -0.047135 -0.770551 -0.635633 -0.042728 -0.792367 -0.608546 -0.006688 -0.928071 -0.372344 -0.073885 -0.60876 -0.789907 -0.073885 -0.60876 -0.789907 0.160808 -0.986592 -0.02787 0.160808 -0.986592 -0.02787 0.160808 -0.986592 -0.02787 0.160808 -0.986592 -0.02787 0.102994 -0.772814 -0.62622 0.127041 -0.77864 -0.614476 0.122732 -0.777637 -0.616617 0.102994 -0.772814 -0.62622 0.143529 -0.782309 -0.606128 0.143529 -0.782309 -0.606128 0.035549 -0.895605 -0.443427 0.137114 -0.675951 -0.724079 0.123115 -0.714777 -0.688431 0.035549 -0.895605 -0.443427 0.203829 -0.438448 -0.875338 0.203829 -0.438448 -0.875338 0.115791 -0.982308 -0.147184 0.115791 -0.982308 -0.147184 0.115791 -0.982308 -0.147184 0.115791 -0.982308 -0.147184 0.29241 -0.77171 -0.564765 0.220592 -0.802541 -0.554316 0.196469 -0.811666 -0.55009 0.29241 -0.77171 -0.564765 0.092569 -0.844212 -0.527956 0.092569 -0.844212 -0.527956 0.337786 -0.323539 -0.883869 0.337786 -0.323539 -0.883869 0.031477 -0.992776 -0.115777 0.031477 -0.992776 -0.115777 0.031477 -0.992776 -0.115777 0.031477 -0.992776 -0.115777 0.203531 -0.736354 -0.645258 0.196229 -0.762335 -0.616717 0.19022 -0.782112 -0.593395 0.203531 -0.736354 -0.645258 0.174997 -0.826603 -0.534886 0.174997 -0.826603 -0.534886 0.393186 -0.647628 -0.652673 0.345735 -0.771094 -0.53468 0.345735 -0.771094 -0.53468 0.42049 -0.54258 -0.727183 0.437754 -0.447362 -0.779897 0.437754 -0.447362 -0.779897 0.38648 -0.752867 -0.532751 0.259035 -0.786071 -0.561242 0.272417 -0.783303 -0.558771 0.38648 -0.752867 -0.532751 0.172077 -0.80021 -0.574503 0.172077 -0.80021 -0.574503 -0.206646 -0.919796 -0.333576 -0.206646 -0.919796 -0.333576 -0.206646 -0.919796 -0.333576 -0.206646 -0.919796 -0.333576 0.367959 -0.762265 -0.532502 0.157897 -0.917564 -0.36489 0.157897 -0.917564 -0.36489 0.538068 -0.541189 -0.646218 0.665103 -0.252798 -0.70266 0.665103 -0.252798 -0.702661 -0.077539 -0.258426 -0.962914 -0.314068 -0.584644 -0.748033 -0.355558 -0.63788 -0.683146 -0.077539 -0.258426 -0.962914 -0.436126 -0.735576 -0.518384 -0.436126 -0.735576 -0.518384 -0.077135 -0.335142 -0.939005 -0.077135 -0.335142 -0.939005 -0.077135 -0.335142 -0.939005 -0.077135 -0.335142 -0.939005 -0.068002 -0.012764 0.997604 -0.134699 -0.54932 0.824684 -0.427264 -0.806578 0.408506 -0.488734 -0.788589 0.373184 -0.077196 0.664886 0.742945 -0.104494 0.963816 0.245232 -0.159176 0.970576 -0.180683 -0.281687 0.726659 -0.626593 -0.589466 0.235477 -0.77271 -0.901222 -0.222221 -0.372045 -0.729715 -0.683555 0.016392 -0.427264 -0.806578 0.408506 -0.37749 -0.0599 -0.924074 -0.37749 -0.0599 -0.924074 -0.37749 -0.0599 -0.924074 -0.37749 -0.0599 -0.924074 -0.685731 -0.505848 -0.523346 -0.685731 -0.505848 -0.523346 -0.685731 -0.505848 -0.523346 -0.685731 -0.505848 -0.523346 -0.393086 -0.386096 -0.834514 -0.393086 -0.386096 -0.834514 -0.393086 -0.386096 -0.834514 -0.393086 -0.386096 -0.834514 -0.533204 0.716529 -0.449754 -0.283081 0.817757 -0.501137 -1 0 0 -1 0 0 -1 0.000000 0 -1 0.000000 0 -1 0.000000 0 -1 -0.000000 0 -1 0.000000 0 -1 0.000000 -0.000000 -1 -0.000000 -0.000000 -1 -0.000000 0 -1 0.000000 0 0.26788 0.455674 0.848883 0.26788 0.455674 0.848882 0.289703 0.458161 0.840334 0.287227 0.457891 0.841331 0.321147 0.461324 0.82707 0.321147 0.461324 0.82707 0.581633 -0.10848 0.806186 0.581633 -0.10848 0.806186 0.581633 -0.10848 0.806186 0.581633 -0.10848 0.806186 -0.761298 -0.565992 0.316353 -0.761298 -0.565992 0.316353 -0.689348 -0.645333 0.329158 -0.743692 -0.586967 0.319988 -0.565843 -0.750603 0.341199 0.355601 0.324271 0.876582 0.355601 0.324271 0.876582 0.431909 0.290527 0.853843 0.4276 0.29253 0.855327 0.533868 0.239329 0.810991 0.533868 0.239329 0.810991 0.741573 -0.346012 0.574757 0.741573 -0.346012 0.574757 0.741573 -0.346012 0.574757 0.741573 -0.346012 0.574757 -0.844298 -0.472208 0.253337 -0.81752 -0.539011 0.202802 -0.81752 -0.539011 0.202802 -0.604188 0.019368 0.796606 -0.051847 -0.835263 0.5474 -0.051847 -0.835263 0.5474 -0.051847 -0.835263 0.5474 -0.921222 0.192537 0.338053 -0.921222 0.192537 0.338053 -0.921222 0.192537 0.338053 -0.921222 0.192537 0.338053 0 -1 0 -0.945002 0.327066 0 -0.962203 0.272332 0 -0.982309 -0.187266 0 -0.971402 -0.237441 0 0.029674 -0.996642 -0.076318 0.025927 -0.996814 -0.075422 0.013417 0.997074 -0.075259 0.013417 -0.997073 -0.075262 0.03421 -0.997307 -0.064868 0.04709 -0.997182 -0.058407 0.119936 -0.992548 -0.021543 -0.884899 0 0.465783 -0.884899 0 0.465783 -0.884899 0 0.465783 0.000022 0.999304 -0.037309 0.000022 -0.999304 -0.03731 0.003813 -0.999265 -0.038149 0.019701 -0.998938 -0.041661 0.104991 -0.992641 -0.060343 -0.015878 0.999445 -0.0293 0.060215 -0.996569 -0.056775 0.006815 0.99878 -0.048905 0.006815 -0.99878 -0.048907 0.01305 -0.998776 -0.047708 0.018297 -0.998741 -0.046698 0.111645 -0.99334 -0.028483 -0.029673 0.996642 -0.076318 0.981346 0 0.192252 0.981346 0 0.192252 0.981346 0 0.192252 -0.025927 0.996815 -0.075421 0.951823 0 0.306649 0.951823 0 0.306649 0.951823 0 0.306649 -0.013417 0.997074 -0.075259 -0.034209 0.997307 -0.064866 -0.047088 0.997182 -0.058405 -0.119932 0.992548 -0.021543 -0.013417 -0.997073 -0.075262 0.884899 0 0.465783 0.884899 0 0.465783 0.884899 0 0.465783 -0.000022 0.999304 -0.037309 -0.003813 0.999265 -0.038148 -0.0197 0.998938 -0.04166 -0.104988 0.992641 -0.060343 -0.000022 -0.999304 -0.03731 0.595646 0 0.803247 0.595646 0 0.803247 0.595646 0 0.803247 -0.060213 0.99657 -0.056772 0.015878 -0.999445 -0.029301 -0.006815 0.99878 -0.048905 -0.013049 0.998776 -0.047706 -0.018296 0.998742 -0.046696 -0.111641 0.99334 -0.028483 -0.006815 -0.99878 -0.048907 0.759083 0 0.650994 0.759083 0 0.650994 0.759083 0 0.650994</float_array>
          <technique_common>
            <accessor source="#GeometrySource1-array" count="6170" stride="3">
              <param name="X" type="float"/>
              <param name="Y" type="float"/>
              <param name="Z" type="float"/>
            </accessor>
          </technique_common>
        </source>
        <source id="GeometrySource2" name="chr121UV">
          <float_array id="GeometrySource2-array" count="12340">0.179332 0.837521 0.192322 0.831035 0.181261 0.819078 0.173289 0.831162 0.180943 0.846123 0.195574 0.847036 0.17809 0.854439 0.190309 0.862398 0.171567 0.860118 0.178155 0.872936 0.163132 0.861728 0.162591 0.875838 0.155138 0.858956 0.14777 0.870696 0.149616 0.852648 0.137455 0.858979 0.147932 0.844433 0.134304 0.843694 0.150475 0.836405 0.139011 0.828801 0.156672 0.830611 0.150423 0.818078 0.164985 0.828688 0.165872 0.814432 0.171628 0.833449 0.176454 0.838808 0.178029 0.845966 0.175661 0.852922 0.1702 0.857686 0.163135 0.859074 0.164704 0.831338 0.157716 0.832929 0.152469 0.8378 0.150327 0.844559 0.151774 0.851463 0.156424 0.856767 0.105234 0.85337 0.095282 0.838061 0.089146 0.84518 0.08732 0.854493 0.090294 0.863505 0.097272 0.869802 0.106383 0.871695 0.115186 0.868679 0.121322 0.861561 0.123147 0.852247 0.120173 0.843235 0.113196 0.836938 0.104085 0.835045 0.164007 0.845237 0.176454 0.838808 0.171628 0.833449 0.178029 0.845966 0.175661 0.852922 0.1702 0.857686 0.163135 0.859074 0.156424 0.856767 0.151774 0.851463 0.150327 0.844559 0.152469 0.8378 0.157716 0.832929 0.164704 0.831338 0.107678 0.817682 0.089789 0.808661 0.082813 0.784114 0.101488 0.780496 0.126477 0.775639 0.129735 0.801601 0.154297 0.775391 0.167969 0.802734 0.065318 0.788679 0.06877 0.808735 0.036918 0.79851 0.029986 0.82498 0.004724 0.801966 0.005748 0.825272 0.009943 0.765364 0.040283 0.774908 0.060673 0.770534 0.07694 0.761135 0.093335 0.742137 0.1215 0.748237 0.138698 0.751937 0.008294 0.840982 0.148159 0.704938 0.128087 0.711029 0.128513 0.71499 0.115976 0.721373 0.115383 0.715849 0.127865 0.704938 0.148159 0.704938 0.114964 0.704938 0.104948 0.726424 0.104207 0.7186 0.090977 0.732956 0.089421 0.723522 0.103409 0.704938 0.088 0.704938 0.070959 0.704938 0.072374 0.726658 0.063227 0.704938 0.062802 0.729048 0.073863 0.738163 0.063497 0.742952 0.089421 0.723522 0.104207 0.7186 0.072374 0.726658 0.062802 0.729048 0.073863 0.738163 0.063497 0.742952 0.090977 0.732956 0.104948 0.726424 0.115383 0.715849 0.115976 0.721373 0.128087 0.711029 0.128513 0.71499 0.148159 0.704938 0.066917 0.81761 0.035516 0.830401 0.029986 0.82498 0.06877 0.808735 0.008294 0.840982 0.018731 0.8438 0.085033 0.816201 0.089789 0.808661 0.106396 0.82415 0.107678 0.817682 0.035516 0.830401 0.029986 0.82498 0.066917 0.81761 0.06877 0.808735 0.085033 0.816201 0.089789 0.808661 0.106396 0.82415 0.107678 0.817682 0.133544 0.807834 0.106396 0.82415 0.107678 0.817682 0.129735 0.801601 0.167969 0.802734 0.133544 0.807834 0.129735 0.801601 0.015764 0.624415 0.01273 0.617318 0.018221 0.601128 0.026754 0.621751 0.005867 0.590652 0.005867 0.603037 0.01958 0.633132 0.034047 0.633156 0.021991 0.639333 0.043816 0.642694 0.026419 0.652308 0.042139 0.662898 0.02938 0.668242 0.029742 0.693141 0.044961 0.693141 0.058315 0.684698 0.01273 0.617318 0.018221 0.601128 0.015764 0.624415 0.026754 0.621751 0.01958 0.633132 0.034047 0.633156 0.021991 0.639333 0.043816 0.642694 0.026419 0.652308 0.042139 0.662898 0.02938 0.668242 0.029742 0.693141 0.044961 0.693141 0.058315 0.684698 0.005867 0.624594 0.005867 0.617565 0.01273 0.617318 0.015764 0.624415 0.005867 0.603037 0.005867 0.633714 0.01958 0.633132 0.005867 0.640014 0.021991 0.639333 0.005867 0.652943 0.026419 0.652308 0.005867 0.670356 0.02938 0.668242 0.01273 0.617318 0.015764 0.624415 0.01958 0.633132 0.021991 0.639333 0.026419 0.652308 0.02938 0.668242 0.029742 0.693141 0.005867 0.693141 0.02938 0.668242 0.029742 0.693141 0.02938 0.668242 0.064516 0.876504 0.04753 0.844275 0.088544 0.876504 0.041142 0.876504 0.04753 0.844275 0.064516 0.876504 0.009733 0.876504 0.04753 0.844275 0.041142 0.876504 0.005334 0.704938 0.005334 0.728397 0.034529 0.728701 0.034317 0.704938 0.042946 0.749479 0.022281 0.754602 0.063497 0.742952 0.062802 0.729048 0.063227 0.704938 0.034529 0.728701 0.005334 0.728397 0.042946 0.749479 0.022281 0.754602 0.063497 0.742952 0.062802 0.729048 0.107678 0.817682 0.101488 0.780496 0.082813 0.784114 0.089789 0.808661 0.126477 0.775639 0.129735 0.801601 0.154297 0.775391 0.167969 0.802734 0.065318 0.788679 0.06877 0.808735 0.036918 0.79851 0.029986 0.82498 0.004724 0.801966 0.005748 0.825272 0.009943 0.765364 0.040283 0.774908 0.060673 0.770534 0.07694 0.761135 0.093335 0.742137 0.1215 0.748237 0.138698 0.751937 0.008294 0.840982 0.133544 0.807834 0.129735 0.801601 0.107678 0.817682 0.106396 0.82415 0.133544 0.807834 0.167969 0.802734 0.129735 0.801601 0.04753 0.844275 0.064516 0.876504 0.088544 0.876504 0.04753 0.844275 0.041142 0.876504 0.064516 0.876504 0.04753 0.844275 0.009733 0.876504 0.041142 0.876504 0.703155 0.788799 0.703155 0.798696 0.668723 0.798696 0.668723 0.788799 0.703155 0.778902 0.668723 0.778902 0.668723 0.808594 0.703155 0.808594 0.668723 0.818491 0.703155 0.818491 0.668723 0.828389 0.703155 0.828388 0.668723 0.838286 0.703155 0.838286 0.700104 0.872504 0.687389 0.908746 0.693802 0.872504 0.706406 0.872504 0.6875 0.872504 0.681198 0.872504 0.674896 0.872504 0.668594 0.872504 0.706277 0.788799 0.706277 0.798696 0.703155 0.798696 0.703155 0.788799 0.706277 0.778902 0.703155 0.778902 0.703155 0.808594 0.706277 0.808594 0.703155 0.818491 0.706277 0.818491 0.703155 0.828388 0.706277 0.828389 0.703155 0.838286 0.706277 0.838286 0.69799 0.863101 0.690792 0.863101 0.690792 0.847837 0.69799 0.847837 0.705189 0.863101 0.705189 0.847837 0.683594 0.847837 0.683594 0.863101 0.676396 0.847837 0.676396 0.863101 0.669197 0.847837 0.669197 0.863101 0.661999 0.847837 0.661999 0.863101 0.703155 0.788799 0.668723 0.788799 0.668723 0.798696 0.703155 0.798696 0.703155 0.778902 0.668723 0.778902 0.668723 0.808594 0.703155 0.808594 0.668723 0.818491 0.703155 0.818491 0.668723 0.828389 0.703155 0.828388 0.668723 0.838286 0.703155 0.838286 0.687389 0.908746 0.700104 0.872504 0.693802 0.872504 0.706406 0.872504 0.6875 0.872504 0.681198 0.872504 0.674896 0.872504 0.668594 0.872504 0.706277 0.788799 0.703155 0.788799 0.703155 0.798696 0.706277 0.798696 0.706277 0.778902 0.703155 0.778902 0.703155 0.808594 0.706277 0.808594 0.703155 0.818491 0.706277 0.818491 0.703155 0.828388 0.706277 0.828389 0.703155 0.838286 0.706277 0.838286 0.69799 0.863101 0.69799 0.847837 0.690792 0.847837 0.690792 0.863101 0.705189 0.863101 0.705189 0.847837 0.683594 0.847837 0.683594 0.863101 0.676396 0.847837 0.676396 0.863101 0.669197 0.847837 0.669197 0.863101 0.661999 0.847837 0.661999 0.863101 0.567677 0.222436 0.596699 0.222436 0.567677 0.234663 0.567677 0.210209 0.596699 0.210209 0.567677 0.197982 0.596699 0.197982 0.596699 0.234663 0.567677 0.24689 0.596699 0.24689 0.567677 0.259117 0.596699 0.259117 0.567677 0.271344 0.596699 0.271345 0.567677 0.283572 0.596699 0.283572 0.567677 0.295799 0.596699 0.295799 0.567677 0.308026 0.596699 0.308026 0.567677 0.320253 0.5967 0.320253 0.567677 0.33248 0.596699 0.33248 0.567677 0.344707 0.596699 0.344707 0.567677 0.356934 0.596699 0.356935 0.567677 0.369162 0.596699 0.369162 0.567677 0.381389 0.596699 0.381389 0.567677 0.393616 0.562957 0.393616 0.562957 0.381499 0.562957 0.369249 0.562957 0.357 0.562957 0.344751 0.562957 0.332502 0.562957 0.320252 0.562957 0.308003 0.562957 0.308003 0.562957 0.295754 0.562957 0.283505 0.562957 0.271255 0.562957 0.259006 0.562957 0.246757 0.562957 0.234508 0.562957 0.222258 0.562957 0.210009 0.562957 0.197982 0.105811 0.52496 0.085157 0.53277 0.101259 0.517615 0.094235 0.512578 0.085824 0.510617 0.077307 0.512035 0.06999 0.516596 0.064983 0.523609 0.063035 0.531993 0.06444 0.54048 0.068976 0.547784 0.075956 0.552804 0.08433 0.554777 0.092826 0.553405 0.10016 0.548878 0.10521 0.541889 0.107195 0.533486 0.554405 0.356721 0.554429 0.368948 0.548078 0.368948 0.548078 0.356721 0.548078 0.381175 0.554471 0.381175 0.548078 0.393402 0.554426 0.393402 0.554425 0.344494 0.548078 0.344494 0.554479 0.332267 0.548078 0.332267 0.554463 0.32004 0.548078 0.320039 0.554457 0.307812 0.548078 0.307812 0.554439 0.295585 0.548078 0.295585 0.554428 0.283358 0.548078 0.283358 0.554419 0.271131 0.548078 0.271131 0.554419 0.258904 0.548078 0.258904 0.554381 0.246677 0.548078 0.246677 0.554408 0.234449 0.548078 0.234449 0.554464 0.222222 0.548078 0.222222 0.5544 0.209996 0.548078 0.209995 0.55441 0.197768 0.548078 0.197768 0.281655 0.399122 0.29197 0.399272 0.29197 0.436831 0.281653 0.436831 0.272724 0.400404 0.271999 0.436831 0.257268 0.405056 0.256783 0.436831 0.248308 0.407329 0.248269 0.436831 0.239334 0.405041 0.239755 0.436831 0.223832 0.400335 0.224538 0.436831 0.21489 0.399004 0.214885 0.436831 0.204568 0.399068 0.204568 0.436831 0.281897 0.348691 0.275515 0.349437 0.29197 0.35164 0.204568 0.35164 0.214636 0.348699 0.221012 0.349439 0.237733 0.360358 0.248272 0.366373 0.258786 0.360376 0.29197 0.343396 0.303631 0.353073 0.303631 0.348039 0.315293 0.343396 0.315293 0.35164 0.318762 0.257842 0.304307 0.257842 0.318342 0.234533 0.320427 0.245911 0.312425 0.21699 0.304307 0.21057 0.296018 0.217074 0.28991 0.234875 0.290057 0.257842 0.287726 0.246797 0.303631 0.436831 0.29197 0.436831 0.29197 0.399272 0.303631 0.399452 0.315293 0.399272 0.315293 0.436831 0.29197 0.35164 0.303631 0.353073 0.315293 0.35164 0.303631 0.353073 0.317901 0.180927 0.325747 0.157454 0.334967 0.158861 0.334967 0.178691 0.352033 0.180927 0.344188 0.157454 0.334967 0.148469 0.334967 0.194363 0.318609 0.189055 0.351325 0.189055 0.249883 0.263401 0.256836 0.264685 0.256836 0.329484 0.249883 0.330701 0.244338 0.259937 0.244338 0.330099 0.234423 0.25225 0.234423 0.324649 0.228722 0.252208 0.228722 0.321765 0.22303 0.252228 0.22303 0.32473 0.213022 0.259897 0.213022 0.330272 0.207446 0.263359 0.207446 0.330892 0.200065 0.264685 0.200065 0.329484 0.320313 0.005016 0.332031 0.005016 0.331738 0.01463 0.318359 0.01463 0.342773 0.005016 0.344727 0.01463 0.319336 0.022738 0.331738 0.022739 0.324355 0.036944 0.331738 0.036945 0.339121 0.036945 0.34375 0.022739 0.331738 0.042867 0.264648 0.329484 0.256836 0.329484 0.256836 0.264685 0.264648 0.264685 0.273438 0.264685 0.273438 0.329484 0.275391 0.004547 0.277344 0.015034 0.264648 0.015032 0.263672 0.004544 0.264648 0.024286 0.276367 0.024287 0.264251 0.041651 0.270617 0.041651 0.264251 0.046507 0.257884 0.041651 0.251953 0.024286 0.250977 0.015031 0.25293 0.004542 0.255697 0.139079 0.26721 0.137545 0.278539 0.18678 0.265307 0.183055 0.247434 0.140284 0.251678 0.183827 0.234331 0.14213 0.236607 0.192505 0.227745 0.142807 0.227746 0.202434 0.22116 0.142127 0.218884 0.192505 0.208056 0.140288 0.203813 0.183827 0.199794 0.139074 0.190184 0.183054 0.188651 0.137546 0.176952 0.18678 0.232933 0.100495 0.242953 0.097819 0.249124 0.09606 0.256672 0.093751 0.198818 0.093751 0.206367 0.09606 0.212538 0.09782 0.222557 0.100496 0.227745 0.101401 0.237227 0.057986 0.240814 0.056468 0.227746 0.004 0.245253 0.054446 0.231111 0.060404 0.227745 0.061249 0.22438 0.060404 0.218265 0.057985 0.214677 0.056469 0.210239 0.054446 0.282227 0.266324 0.292513 0.266324 0.292513 0.278457 0.28254 0.278955 0.301758 0.266324 0.301758 0.278955 0.284077 0.290768 0.292513 0.290505 0.287471 0.30549 0.292513 0.305781 0.292513 0.317118 0.297554 0.30549 0.300949 0.290768 0.297206 0.18678 0.287109 0.18678 0.288903 0.137544 0.297207 0.137545 0.305536 0.137544 0.306641 0.18678 0.289689 0.093751 0.297208 0.093751 0.304751 0.093751 0.291253 0.054446 0.297211 0.054446 0.297206 0.004 0.303186 0.054446 0.027943 0.48163 0.047138 0.492712 0.039025 0.500825 0.050107 0.48163 0.047138 0.470547 0.039025 0.462434 0.027943 0.459465 0.01686 0.462434 0.008747 0.470547 0.005778 0.48163 0.008747 0.492712 0.01686 0.500825 0.027943 0.503794 0.196543 0.235695 0.20331 0.233883 0.209132 0.243968 0.196543 0.247341 0.189777 0.233882 0.183954 0.243968 0.184824 0.228929 0.174739 0.234752 0.183011 0.222163 0.171365 0.222163 0.184824 0.215397 0.174739 0.209574 0.189777 0.210444 0.183954 0.200359 0.196543 0.208631 0.196543 0.196986 0.20331 0.210444 0.209132 0.200359 0.208263 0.215397 0.218348 0.209574 0.210076 0.222163 0.221721 0.222163 0.208263 0.228929 0.218348 0.234752 0.202818 0.211295 0.207412 0.215888 0.196543 0.209613 0.190268 0.211295 0.185675 0.215888 0.183993 0.222163 0.185675 0.228438 0.190268 0.233032 0.196543 0.234714 0.202818 0.233032 0.207412 0.228438 0.209094 0.222163 0.336597 0.243742 0.336597 0.234342 0.345921 0.234342 0.345921 0.243742 0.327272 0.243742 0.327272 0.234342 0.355213 0.234342 0.355213 0.243742 0.364473 0.234342 0.364473 0.243742 0.373692 0.234342 0.373692 0.243742 0.383197 0.234342 0.383197 0.243742 0.392545 0.234342 0.392545 0.243742 0.402032 0.234342 0.402032 0.243742 0.411195 0.234342 0.411195 0.243742 0.420519 0.234342 0.420519 0.243742 0.429878 0.234342 0.429878 0.243742 0.439169 0.234342 0.439169 0.243742 0.017061 0.515621 0.028143 0.534816 0.008948 0.523734 0.028143 0.512652 0.039226 0.515621 0.047339 0.523734 0.050308 0.534816 0.047339 0.545899 0.039226 0.554011 0.028144 0.556981 0.017061 0.554012 0.008948 0.545899 0.005978 0.534816 0.25066 0.233791 0.257426 0.235604 0.257426 0.24725 0.244837 0.243877 0.270015 0.243877 0.264192 0.233791 0.279231 0.234661 0.269145 0.228838 0.282604 0.222072 0.270959 0.222072 0.279231 0.209483 0.269145 0.215306 0.270015 0.200267 0.264192 0.210353 0.257426 0.196894 0.257426 0.20854 0.244837 0.200267 0.25066 0.210353 0.235622 0.209483 0.245707 0.215306 0.232248 0.222072 0.243894 0.222072 0.235622 0.234661 0.245707 0.228838 0.251151 0.211203 0.246557 0.215797 0.257426 0.209522 0.263701 0.211203 0.268295 0.215797 0.269977 0.222072 0.268295 0.228347 0.263701 0.232941 0.257426 0.234622 0.251151 0.232941 0.246557 0.228347 0.244876 0.222072 0.336597 0.219949 0.345921 0.219949 0.345921 0.228911 0.336597 0.228911 0.327272 0.219949 0.327272 0.228911 0.355213 0.228911 0.355213 0.219949 0.364473 0.228911 0.364473 0.219949 0.373692 0.228911 0.373692 0.219949 0.383197 0.228911 0.383197 0.219949 0.392545 0.228911 0.392545 0.219949 0.402032 0.228911 0.402032 0.219949 0.411194 0.228911 0.411195 0.219949 0.420519 0.228911 0.420519 0.219949 0.429878 0.228911 0.429878 0.219949 0.439169 0.228911 0.439169 0.219949 0.469993 0.466418 0.469993 0.481238 0.449844 0.481238 0.449844 0.466418 0.469993 0.456586 0.449844 0.456586 0.469993 0.447056 0.449844 0.447056 0.469993 0.434197 0.449844 0.434197 0.469993 0.425046 0.449844 0.425046 0.449844 0.492052 0.469993 0.492052 0.503151 0.468726 0.503151 0.481875 0.479449 0.481875 0.479449 0.468726 0.503151 0.458549 0.479449 0.458549 0.503151 0.448372 0.479449 0.448372 0.503151 0.435223 0.479449 0.435223 0.503151 0.425046 0.479449 0.425046 0.479449 0.492052 0.503151 0.492052 0.551648 0.468481 0.551648 0.482119 0.513479 0.482119 0.513479 0.468481 0.551648 0.458549 0.513479 0.458549 0.551648 0.448616 0.513479 0.448616 0.551648 0.434979 0.513479 0.434979 0.551648 0.425046 0.513479 0.425046 0.513479 0.492052 0.551648 0.492052 0.536663 0.392656 0.536663 0.407622 0.515656 0.407622 0.515656 0.392656 0.536663 0.383388 0.515656 0.383388 0.536663 0.374119 0.515656 0.374119 0.536663 0.359153 0.515656 0.359154 0.536663 0.349885 0.515656 0.349885 0.515656 0.416891 0.536663 0.416891 0.168384 0.369462 0.184091 0.369462 0.184091 0.387963 0.168384 0.387963 0.184091 0.405504 0.168384 0.405504 0.168384 0.351287 0.184091 0.351287 0.168384 0.333277 0.184091 0.333277 0.168384 0.315177 0.184091 0.315177 0.168384 0.297004 0.184091 0.297004 0.168384 0.278943 0.184091 0.278943 0.168384 0.260949 0.184091 0.260949 0.184091 0.423587 0.168384 0.423587 0.184091 0.44167 0.168384 0.44167 0.184091 0.459753 0.168384 0.459753 0.184091 0.477865 0.168384 0.477865 0.281655 0.399122 0.281653 0.436831 0.29197 0.436831 0.29197 0.399272 0.272724 0.400404 0.271999 0.436831 0.257268 0.405056 0.256783 0.436831 0.248308 0.407329 0.248269 0.436831 0.239334 0.405041 0.239755 0.436831 0.223832 0.400335 0.224538 0.436831 0.21489 0.399004 0.214885 0.436831 0.204568 0.399068 0.204568 0.436831 0.281897 0.348691 0.275515 0.349437 0.29197 0.35164 0.204568 0.35164 0.214636 0.348699 0.221012 0.349439 0.237733 0.360358 0.248272 0.366373 0.258786 0.360376 0.29197 0.343396 0.303631 0.353073 0.303631 0.348039 0.315293 0.343396 0.315293 0.35164 0.318762 0.257842 0.320427 0.245911 0.318342 0.234533 0.304307 0.257842 0.312425 0.21699 0.304307 0.21057 0.296018 0.217074 0.28991 0.234875 0.290057 0.257842 0.287726 0.246797 0.303631 0.436831 0.303631 0.399452 0.29197 0.399272 0.29197 0.436831 0.315293 0.399272 0.315293 0.436831 0.29197 0.35164 0.303631 0.353073 0.315293 0.35164 0.303631 0.353073 0.325747 0.157454 0.317901 0.180927 0.334967 0.158861 0.334967 0.178691 0.352033 0.180927 0.344188 0.157454 0.334967 0.148469 0.334967 0.194363 0.318609 0.189055 0.351325 0.189055 0.249883 0.263401 0.249883 0.330701 0.256836 0.329484 0.256836 0.264685 0.244338 0.259937 0.244338 0.330099 0.234423 0.25225 0.234423 0.324649 0.228722 0.252208 0.228722 0.321765 0.22303 0.252228 0.22303 0.32473 0.213022 0.259897 0.213022 0.330272 0.207446 0.263359 0.207446 0.330892 0.200065 0.264685 0.200065 0.329484 0.320313 0.005016 0.318359 0.01463 0.331738 0.01463 0.332031 0.005016 0.342773 0.005016 0.344727 0.01463 0.319336 0.022738 0.331738 0.022739 0.324355 0.036944 0.331738 0.036945 0.339121 0.036945 0.34375 0.022739 0.331738 0.042867 0.264648 0.329484 0.264648 0.264685 0.256836 0.264685 0.256836 0.329484 0.273438 0.264685 0.273438 0.329484 0.275391 0.004547 0.263672 0.004544 0.264648 0.015032 0.277344 0.015034 0.264648 0.024286 0.276367 0.024287 0.264251 0.041651 0.270617 0.041651 0.264251 0.046507 0.257884 0.041651 0.251953 0.024286 0.250977 0.015031 0.25293 0.004542 0.255697 0.139079 0.265307 0.183055 0.278539 0.18678 0.26721 0.137545 0.247434 0.140284 0.251678 0.183827 0.234331 0.14213 0.236607 0.192505 0.227745 0.142807 0.227746 0.202434 0.22116 0.142127 0.218884 0.192505 0.208056 0.140288 0.203813 0.183827 0.199794 0.139074 0.190184 0.183054 0.188651 0.137546 0.176952 0.18678 0.232933 0.100495 0.242953 0.097819 0.249124 0.09606 0.256672 0.093751 0.198818 0.093751 0.206367 0.09606 0.212538 0.09782 0.222557 0.100496 0.227745 0.101401 0.237227 0.057986 0.240814 0.056468 0.227746 0.004 0.245253 0.054446 0.231111 0.060404 0.227745 0.061249 0.22438 0.060404 0.218265 0.057985 0.214677 0.056469 0.210239 0.054446 0.282227 0.266324 0.28254 0.278955 0.292513 0.278457 0.292513 0.266324 0.301758 0.266324 0.301758 0.278955 0.284077 0.290768 0.292513 0.290505 0.287471 0.30549 0.292513 0.305781 0.292513 0.317118 0.297554 0.30549 0.300949 0.290768 0.297206 0.18678 0.297207 0.137545 0.288903 0.137544 0.287109 0.18678 0.305536 0.137544 0.306641 0.18678 0.289689 0.093751 0.297208 0.093751 0.304751 0.093751 0.291253 0.054446 0.297211 0.054446 0.297206 0.004 0.303186 0.054446 0.047138 0.492712 0.027943 0.48163 0.039025 0.500825 0.050107 0.48163 0.047138 0.470547 0.039025 0.462434 0.027943 0.459465 0.01686 0.462434 0.008747 0.470547 0.005778 0.48163 0.008747 0.492712 0.01686 0.500825 0.027943 0.503794 0.196543 0.235695 0.196543 0.247341 0.209132 0.243968 0.20331 0.233883 0.189777 0.233882 0.183954 0.243968 0.184824 0.228929 0.174739 0.234752 0.183011 0.222163 0.171365 0.222163 0.184824 0.215397 0.174739 0.209574 0.189777 0.210444 0.183954 0.200359 0.196543 0.208631 0.196543 0.196986 0.20331 0.210444 0.209132 0.200359 0.208263 0.215397 0.218348 0.209574 0.210076 0.222163 0.221721 0.222163 0.208263 0.228929 0.218348 0.234752 0.202818 0.211295 0.207412 0.215888 0.196543 0.209613 0.190268 0.211295 0.185675 0.215888 0.183993 0.222163 0.185675 0.228438 0.190268 0.233032 0.196543 0.234714 0.202818 0.233032 0.207412 0.228438 0.209094 0.222163 0.336597 0.243742 0.345921 0.243742 0.345921 0.234342 0.336597 0.234342 0.327272 0.243742 0.327272 0.234342 0.355213 0.234342 0.355213 0.243742 0.364473 0.234342 0.364473 0.243742 0.373692 0.234342 0.373692 0.243742 0.383197 0.234342 0.383197 0.243742 0.392545 0.234342 0.392545 0.243742 0.402032 0.234342 0.402032 0.243742 0.411195 0.234342 0.411195 0.243742 0.420519 0.234342 0.420519 0.243742 0.429878 0.234342 0.429878 0.243742 0.439169 0.234342 0.439169 0.243742 0.028143 0.534816 0.017061 0.515621 0.008948 0.523734 0.028143 0.512652 0.039226 0.515621 0.047339 0.523734 0.050308 0.534816 0.047339 0.545899 0.039226 0.554011 0.028144 0.556981 0.017061 0.554012 0.008948 0.545899 0.005978 0.534816 0.25066 0.233791 0.244837 0.243877 0.257426 0.24725 0.257426 0.235604 0.270015 0.243877 0.264192 0.233791 0.279231 0.234661 0.269145 0.228838 0.282604 0.222072 0.270959 0.222072 0.279231 0.209483 0.269145 0.215306 0.270015 0.200267 0.264192 0.210353 0.257426 0.196894 0.257426 0.20854 0.244837 0.200267 0.25066 0.210353 0.235622 0.209483 0.245707 0.215306 0.232248 0.222072 0.243894 0.222072 0.235622 0.234661 0.245707 0.228838 0.251151 0.211203 0.246557 0.215797 0.257426 0.209522 0.263701 0.211203 0.246557 0.228347 0.251151 0.232941 0.257426 0.234622 0.263701 0.232941 0.268295 0.228347 0.269977 0.222072 0.268295 0.215797 0.244876 0.222072 0.336597 0.219949 0.336597 0.228911 0.345921 0.228911 0.345921 0.219949 0.327272 0.219949 0.327272 0.228911 0.355213 0.228911 0.355213 0.219949 0.364473 0.228911 0.364473 0.219949 0.373692 0.228911 0.373692 0.219949 0.383197 0.228911 0.383197 0.219949 0.392545 0.228911 0.392545 0.219949 0.402032 0.228911 0.402032 0.219949 0.411194 0.228911 0.411195 0.219949 0.420519 0.228911 0.420519 0.219949 0.429878 0.228911 0.429878 0.219949 0.439169 0.228911 0.439169 0.219949 0.469993 0.466418 0.449844 0.466418 0.449844 0.481238 0.469993 0.481238 0.469993 0.456586 0.449844 0.456586 0.469993 0.447056 0.449844 0.447056 0.469993 0.434197 0.449844 0.434197 0.469993 0.425046 0.449844 0.425046 0.449844 0.492052 0.469993 0.492052 0.503151 0.468726 0.479449 0.468726 0.479449 0.481875 0.503151 0.481875 0.503151 0.458549 0.479449 0.458549 0.503151 0.448372 0.479449 0.448372 0.503151 0.435223 0.479449 0.435223 0.503151 0.425046 0.479449 0.425046 0.479449 0.492052 0.503151 0.492052 0.551648 0.468481 0.513479 0.468481 0.513479 0.482119 0.551648 0.482119 0.551648 0.458549 0.513479 0.458549 0.551648 0.448616 0.513479 0.448616 0.551648 0.434979 0.513479 0.434979 0.551648 0.425046 0.513479 0.425046 0.513479 0.492052 0.551648 0.492052 0.536663 0.392656 0.515656 0.392656 0.515656 0.407622 0.536663 0.407622 0.536663 0.383388 0.515656 0.383388 0.536663 0.374119 0.515656 0.374119 0.536663 0.359153 0.515656 0.359154 0.536663 0.349885 0.515656 0.349885 0.515656 0.416891 0.536663 0.416891 0.168384 0.369462 0.168384 0.387963 0.184091 0.387963 0.184091 0.369462 0.184091 0.405504 0.168384 0.405504 0.168384 0.351287 0.184091 0.351287 0.168384 0.333277 0.184091 0.333277 0.168384 0.315177 0.184091 0.315177 0.168384 0.297004 0.184091 0.297004 0.168384 0.278943 0.184091 0.278943 0.168384 0.260949 0.184091 0.260949 0.184091 0.423587 0.168384 0.423587 0.184091 0.44167 0.168384 0.44167 0.184091 0.459753 0.168384 0.459753 0.184091 0.477865 0.168384 0.477865 0.855051 0.065429 0.855051 0.075683 0.819631 0.075683 0.855051 0.044921 0.855051 0.055175 0.819631 0.055175 0.819631 0.044921 0.855051 0.034668 0.819631 0.034668 0.855051 0.024414 0.819631 0.024414 0.855051 0.01416 0.819631 0.01416 0.855051 0.003906 0.819631 0.003906 0.819631 0.085937 0.89047 0.01416 0.89047 0.024414 0.89047 0.034668 0.89047 0.044921 0.89047 0.055175 0.89047 0.065429 0.855051 0.085937 0.89047 0.075683 0.89047 0.085937 0.89047 0.003906 0.855051 0.065429 0.819631 0.065429 0.819631 0.075683 0.855051 0.075683 0.855051 0.055175 0.855051 0.044921 0.819631 0.044921 0.819631 0.055175 0.855051 0.034668 0.819631 0.034668 0.855051 0.024414 0.819631 0.024414 0.855051 0.01416 0.819631 0.01416 0.855051 0.003906 0.819631 0.003906 0.819631 0.085937 0.855051 0.085937 0.89047 0.003906 0.89047 0.01416 0.89047 0.044921 0.89047 0.055175 0.89047 0.034668 0.89047 0.024414 0.89047 0.085937 0.89047 0.075683 0.89047 0.065429 0.392798 0.460226 0.380129 0.457407 0.384581 0.415028 0.395052 0.416671 0.405849 0.461875 0.405849 0.417328 0.419038 0.460653 0.416852 0.416605 0.432068 0.458141 0.427551 0.414913 0.435206 0.47275 0.421396 0.487537 0.405849 0.494164 0.389538 0.48691 0.376192 0.471412 0.577226 0.663023 0.549262 0.661422 0.565319 0.627098 0.585549 0.631487 0.555305 0.624644 0.538521 0.654835 0.575701 0.670389 0.543625 0.670311 0.565629 0.704929 0.537946 0.695733 0.553281 0.736715 0.529642 0.723832 0.53772 0.757955 0.52042 0.740858 0.50267 0.755101 0.510339 0.775068 0.489102 0.77893 0.489102 0.760939 0.475521 0.755108 0.467873 0.775061 0.440499 0.757952 0.457783 0.740847 0.424953 0.736726 0.448584 0.723856 0.412595 0.704962 0.440263 0.695757 0.460779 0.69258 0.463736 0.716786 0.478657 0.711611 0.479302 0.727863 0.489102 0.726025 0.489102 0.747832 0.478744 0.742277 0.469224 0.732006 0.499455 0.742259 0.498908 0.727882 0.509807 0.733105 0.499526 0.711601 0.514466 0.716779 0.489102 0.708492 0.503171 0.690187 0.517431 0.692577 0.489102 0.687387 0.47503 0.690193 0.52628 0.668776 0.504879 0.67908 0.489102 0.681251 0.473314 0.6791 0.45192 0.66879 0.434577 0.670336 0.402495 0.670437 0.428926 0.661449 0.439665 0.65486 0.412834 0.62713 0.392608 0.63154 0.400963 0.66307 0.422864 0.624658 0.233338 0.639596 0.217015 0.638961 0.223082 0.601848 0.233563 0.607471 0.25167 0.640231 0.250831 0.612438 0.266746 0.640552 0.266612 0.614373 0.281801 0.640234 0.282099 0.612822 0.300148 0.639466 0.298375 0.607967 0.316659 0.63856 0.309726 0.600692 0.23272 0.667798 0.216682 0.671098 0.238505 0.689504 0.252734 0.684179 0.252261 0.701417 0.26685 0.68261 0.266576 0.706097 0.281145 0.701762 0.281017 0.684318 0.295435 0.689808 0.247797 0.716591 0.225516 0.696711 0.266239 0.721946 0.285245 0.717398 0.308709 0.697284 0.282809 0.665054 0.301264 0.667747 0.266866 0.664075 0.250974 0.665054 0.317596 0.670926 0.58231 0.546227 0.547207 0.546227 0.577832 0.531216 0.564991 0.515536 0.547207 0.509587 0.529424 0.515537 0.516585 0.531217 0.512109 0.546227 0.360809 0.553917 0.360024 0.578836 0.342034 0.574999 0.346026 0.554344 0.375491 0.555237 0.378204 0.576129 0.340152 0.579515 0.359856 0.584674 0.337433 0.602587 0.359238 0.605487 0.331401 0.624072 0.358657 0.623994 0.333519 0.640073 0.358321 0.635338 0.345594 0.656238 0.357842 0.651065 0.357581 0.659891 0.385831 0.625703 0.382798 0.641606 0.357842 0.651065 0.369747 0.656963 0.381174 0.603943 0.379819 0.580699 0.425787 0.620573 0.445325 0.655583 0.439665 0.65486 0.422864 0.624658 0.45192 0.66879 0.455941 0.662131 0.473314 0.6791 0.472491 0.670148 0.489102 0.681251 0.489102 0.674758 0.504879 0.67908 0.505714 0.670145 0.52628 0.668776 0.522249 0.662108 0.538521 0.654835 0.532865 0.655561 0.532865 0.655561 0.552361 0.620559 0.555305 0.624644 0.538521 0.654835 0.587601 0.59591 0.590122 0.591477 0.603737 0.596548 0.598095 0.605863 0.583142 0.599106 0.58913 0.612287 0.578131 0.600078 0.578496 0.614632 0.573103 0.599127 0.567766 0.612582 0.568916 0.596351 0.558854 0.606525 0.566142 0.592248 0.553172 0.597631 0.565231 0.587431 0.551352 0.5875 0.566159 0.582683 0.553374 0.577592 0.568814 0.578598 0.55883 0.569171 0.572761 0.575771 0.566972 0.563334 0.57748 0.574569 0.576689 0.560864 0.582272 0.575211 0.58672 0.562111 0.586541 0.577617 0.595752 0.567073 0.589539 0.581558 0.602371 0.575317 0.590826 0.586413 0.605249 0.585723 0.573508 0.577361 0.577575 0.576322 0.581727 0.576856 0.585354 0.578948 0.587947 0.582313 0.589019 0.586498 0.588385 0.590839 0.586173 0.594627 0.582384 0.597341 0.578081 0.598229 0.573762 0.59744 0.57014 0.595085 0.567784 0.59155 0.566963 0.587442 0.567789 0.583336 0.57008 0.579818 0.514391 0.562919 0.529526 0.567808 0.513637 0.569127 0.515317 0.575079 0.519126 0.579946 0.524523 0.582918 0.530647 0.583633 0.536644 0.581936 0.541505 0.578093 0.54453 0.572724 0.545309 0.566589 0.543683 0.560587 0.539904 0.555728 0.534584 0.552668 0.528448 0.551924 0.522492 0.553562 0.517556 0.557389 0.101349 0.497085 0.085443 0.481464 0.106172 0.489797 0.094103 0.501972 0.08554 0.503714 0.076961 0.502047 0.069674 0.497224 0.064786 0.48998 0.063044 0.481416 0.064711 0.472837 0.069535 0.465549 0.07678 0.460662 0.085344 0.458919 0.093922 0.460586 0.10121 0.46541 0.106097 0.472654 0.10784 0.481218 0.474122 0.361234 0.463643 0.361234 0.463643 0.34847 0.474122 0.34847 0.484602 0.361234 0.484602 0.34847 0.495082 0.361234 0.495082 0.34847 0.453163 0.34847 0.453163 0.361234 0.442683 0.34847 0.442683 0.361234 0.432203 0.34847 0.432203 0.361234 0.421724 0.34847 0.421724 0.361234 0.411244 0.34847 0.411244 0.361234 0.400764 0.34847 0.400764 0.361234 0.390284 0.34847 0.390284 0.361234 0.379805 0.34847 0.379805 0.361234 0.369325 0.34847 0.369325 0.361234 0.358845 0.34847 0.358845 0.361234 0.348366 0.34847 0.348365 0.361234 0.337886 0.34847 0.337886 0.361234 0.327406 0.34847 0.327406 0.361234 0.454705 0.552537 0.449026 0.552537 0.449026 0.504186 0.454629 0.504186 0.466177 0.552537 0.46616 0.504186 0.476635 0.552537 0.476671 0.504186 0.487092 0.552537 0.487179 0.504186 0.498564 0.552537 0.498704 0.504186 0.504243 0.552537 0.504243 0.504186 0.37061 0.690235 0.356853 0.689676 0.356853 0.674689 0.370367 0.671791 0.387643 0.685965 0.388124 0.66216 0.389512 0.701949 0.371309 0.706743 0.388705 0.724436 0.373652 0.724912 0.356853 0.706473 0.356853 0.725175 0.374 0.734989 0.389597 0.735455 0.385891 0.747096 0.371817 0.740467 0.356853 0.735058 0.356853 0.738963 0.412383 0.723945 0.414607 0.734888 0.396925 0.748752 0.339995 0.724606 0.342548 0.706559 0.324933 0.723864 0.324674 0.701463 0.343367 0.690232 0.32677 0.685881 0.343639 0.67218 0.326629 0.662772 0.341574 0.739895 0.339496 0.734436 0.32743 0.745945 0.323867 0.734796 0.300965 0.722678 0.29828 0.733869 0.316456 0.748752 0.334186 0.468157 0.336785 0.457245 0.356217 0.464799 0.353869 0.474963 0.320926 0.465387 0.323797 0.451619 0.294644 0.459489 0.293875 0.475141 0.31136 0.47401 0.294503 0.488635 0.308032 0.486242 0.294395 0.500583 0.308228 0.500826 0.282764 0.474503 0.282485 0.487477 0.270284 0.486958 0.271187 0.500142 0.282803 0.500376 0.267667 0.471391 0.283548 0.459929 0.263207 0.447699 0.307514 0.51548 0.294073 0.512536 0.3104 0.527789 0.292734 0.525994 0.319867 0.536825 0.292682 0.541725 0.321575 0.551524 0.335431 0.546718 0.333593 0.535633 0.354793 0.539942 0.352879 0.529974 0.282606 0.512496 0.26969 0.513125 0.281634 0.526074 0.266363 0.528512 0.281608 0.540712 0.260731 0.551878 0.418338 0.569281 0.418339 0.551789 0.438031 0.551226 0.442708 0.571073 0.437904 0.536479 0.418339 0.533339 0.437566 0.523093 0.418338 0.524215 0.432581 0.511416 0.418338 0.50562 0.394446 0.571693 0.39874 0.551818 0.398909 0.522777 0.40411 0.511189 0.398523 0.5368 0.377865 0.492741 0.349257 0.503035 0.367035 0.484223 0.381694 0.503525 0.346541 0.481327 0.336841 0.483203 0.324807 0.490483 0.318572 0.502572 0.377535 0.514184 0.366449 0.522363 0.324442 0.514842 0.336252 0.522478 0.34589 0.524642 0.418338 0.594652 0.418338 0.582418 0.428525 0.591884 0.440386 0.580673 0.442708 0.571073 0.408558 0.591962 0.396706 0.581247 0.394446 0.571693 0.418338 0.569281 0.202995 0.484292 0.202995 0.471911 0.254332 0.471911 0.254332 0.484292 0.202995 0.495767 0.254332 0.495767 0.202995 0.507241 0.254332 0.507241 0.202995 0.519622 0.254332 0.519622 0.202995 0.532849 0.254332 0.532849 0.254332 0.458685 0.202995 0.458685 0.3274 0.419383 0.3274 0.40928 0.354688 0.40928 0.354688 0.419383 0.3274 0.429486 0.354688 0.429486 0.354688 0.399177 0.3274 0.399177 0.354688 0.389073 0.3274 0.389073 0.354688 0.37897 0.3274 0.37897 0.354688 0.368867 0.3274 0.368867 0.391294 0.319882 0.391311 0.333118 0.379823 0.313278 0.368368 0.319911 0.368385 0.333147 0.379856 0.339751 0.539359 0.287439 0.539359 0.297625 0.452264 0.29768 0.452264 0.287488 0.539359 0.277254 0.452264 0.277296 0.539359 0.267069 0.452264 0.267104 0.539359 0.256883 0.452264 0.256912 0.539359 0.246698 0.452264 0.246719 0.539359 0.236513 0.452264 0.236527 0.539359 0.226327 0.452264 0.226335 0.539359 0.216142 0.452264 0.216143 0.539359 0.328257 0.539359 0.338449 0.452264 0.338449 0.452264 0.328257 0.539359 0.318065 0.452264 0.318065 0.539359 0.307873 0.452264 0.307873 0.351167 0.301514 0.344125 0.288863 0.356641 0.296164 0.358707 0.288863 0.356818 0.281378 0.351478 0.275908 0.344125 0.273846 0.336729 0.275747 0.331272 0.281095 0.329205 0.288863 0.331079 0.295862 0.336403 0.301339 0.344125 0.303408 0.354566 0.306803 0.362227 0.299043 0.371783 0.304712 0.360011 0.316488 0.376098 0.288863 0.364986 0.288863 0.3718 0.272539 0.362109 0.277978 0.360029 0.260753 0.35436 0.270314 0.344125 0.256439 0.344125 0.267558 0.327869 0.260764 0.333324 0.270454 0.316114 0.272545 0.32568 0.278211 0.311804 0.288863 0.32292 0.288863 0.316088 0.304702 0.32578 0.299258 0.327844 0.316491 0.333515 0.30693 0.344125 0.320804 0.344125 0.309691 0.351167 0.301514 0.356641 0.296164 0.362227 0.299043 0.354566 0.306803 0.364986 0.288863 0.358707 0.288863 0.362109 0.277978 0.356818 0.281378 0.35436 0.270314 0.351478 0.275908 0.344125 0.267558 0.344125 0.273846 0.333324 0.270454 0.336729 0.275747 0.32568 0.278211 0.331272 0.281095 0.32292 0.288863 0.329205 0.288863 0.32578 0.299258 0.331079 0.295862 0.333515 0.30693 0.336403 0.301339 0.344125 0.309691 0.344125 0.303408 0.415727 0.289405 0.422634 0.276682 0.427979 0.282043 0.429945 0.289405 0.428 0.296675 0.422656 0.302036 0.415726 0.304003 0.408026 0.302031 0.40267 0.296665 0.4007 0.289405 0.402667 0.282036 0.408017 0.276683 0.415727 0.274729 0.426065 0.271476 0.431588 0.261946 0.443092 0.273719 0.433551 0.279245 0.447194 0.289405 0.436169 0.289405 0.442778 0.305544 0.433214 0.300087 0.430986 0.317109 0.425458 0.307602 0.415727 0.321213 0.415726 0.31022 0.399064 0.316742 0.404594 0.307227 0.387545 0.304924 0.397097 0.299451 0.383487 0.289405 0.394483 0.289405 0.387959 0.273038 0.397469 0.278594 0.399762 0.26153 0.405231 0.271102 0.415727 0.257474 0.415726 0.268501 0.422634 0.276682 0.426065 0.271476 0.433551 0.279245 0.427979 0.282043 0.436169 0.289405 0.429945 0.289405 0.433214 0.300087 0.428 0.296675 0.425458 0.307602 0.422656 0.302036 0.415726 0.31022 0.415726 0.304003 0.404594 0.307227 0.408026 0.302031 0.397097 0.299451 0.40267 0.296665 0.394483 0.289405 0.4007 0.289405 0.397469 0.278594 0.402667 0.282036 0.405231 0.271102 0.408017 0.276683 0.415726 0.268501 0.415727 0.274729 0.031094 0.386184 0.068039 0.379658 0.068039 0.412022 0.031094 0.406854 0.004626 0.397197 0.004101 0.208041 0.021822 0.212036 0.021822 0.233359 0.004101 0.238523 0.033587 0.222318 0.036053 0.197212 0.068039 0.202354 0.068039 0.220172 0.031094 0.209529 0.038283 0.18703 0.004626 0.18703 0.068039 0.18703 0.036053 0.176847 0.068039 0.171705 0.031094 0.164531 0.068039 0.153887 0.078125 0.29799 0.085814 0.29799 0.085814 0.315324 0.078125 0.315324 0.108882 0.315324 0.108882 0.29799 0.121946 0.16998 0.139348 0.174698 0.139348 0.195493 0.121946 0.200359 0.149025 0.185169 0.078125 0.279493 0.085814 0.279493 0.085814 0.29799 0.078125 0.29799 0.078125 0.265891 0.085814 0.265891 0.078125 0.252482 0.085814 0.252482 0.078125 0.233792 0.085814 0.233792 0.108882 0.279493 0.108882 0.265891 0.108882 0.29799 0.108882 0.252482 0.108882 0.233792 0.119994 0.41689 0.132095 0.41689 0.132095 0.42819 0.119994 0.42819 0.145699 0.42819 0.145698 0.41689 0.157137 0.42819 0.157137 0.41689 0.119994 0.405841 0.132095 0.405841 0.132095 0.41689 0.119994 0.41689 0.119994 0.39518 0.132095 0.39518 0.119994 0.384429 0.132095 0.384429 0.119994 0.373673 0.132095 0.373673 0.145698 0.39518 0.145698 0.384429 0.145698 0.405841 0.145698 0.41689 0.145698 0.373673 0.157137 0.39518 0.157137 0.384429 0.157137 0.405841 0.157137 0.41689 0.157137 0.373673 0.031094 0.34756 0.068039 0.341034 0.068039 0.373398 0.031094 0.36823 0.004626 0.358574 0.004101 0.134593 0.021822 0.138588 0.021822 0.159911 0.004101 0.165075 0.033587 0.14887 0.036053 0.123462 0.068039 0.128604 0.068039 0.146423 0.031094 0.135779 0.038283 0.11328 0.004626 0.11328 0.068039 0.11328 0.036053 0.103098 0.068039 0.097955 0.031094 0.090781 0.068039 0.080137 0.078125 0.206319 0.085814 0.206319 0.085814 0.223654 0.078125 0.223654 0.108882 0.223654 0.108882 0.206319 0.16186 0.171242 0.144459 0.166524 0.144459 0.145729 0.16186 0.140863 0.134782 0.156052 0.078125 0.187823 0.085814 0.187823 0.085814 0.206319 0.078125 0.206319 0.078125 0.174221 0.085814 0.174221 0.078125 0.160811 0.085814 0.160811 0.078125 0.142122 0.085814 0.142122 0.108882 0.187823 0.108882 0.174221 0.108882 0.206319 0.108882 0.160811 0.108882 0.142122 0.119994 0.351702 0.132095 0.351702 0.132095 0.363002 0.119994 0.363002 0.145698 0.363002 0.145698 0.351702 0.157137 0.363002 0.157137 0.351702 0.119994 0.340653 0.132095 0.340653 0.132095 0.351702 0.119994 0.351702 0.119994 0.329992 0.132095 0.329992 0.119994 0.31924 0.132095 0.31924 0.119994 0.308484 0.132095 0.308484 0.145698 0.329992 0.145698 0.31924 0.145698 0.340653 0.145698 0.351702 0.145698 0.308485 0.157137 0.329992 0.157137 0.31924 0.157137 0.340653 0.157137 0.351702 0.157137 0.308485 0.031094 0.424152 0.068039 0.417626 0.068039 0.449991 0.031094 0.444823 0.004626 0.435166 0.004101 0.277014 0.021822 0.28101 0.021822 0.302333 0.004101 0.307497 0.033587 0.291292 0.036053 0.269435 0.068039 0.274577 0.068039 0.292395 0.031094 0.281752 0.038283 0.259253 0.004626 0.259253 0.068039 0.259253 0.036053 0.249071 0.068039 0.243929 0.031094 0.236754 0.068039 0.226111 0.078125 0.388755 0.085814 0.388755 0.085814 0.40609 0.078125 0.40609 0.108882 0.40609 0.108882 0.388755 0.159947 0.232508 0.142546 0.22779 0.142546 0.206995 0.159947 0.202129 0.132869 0.217318 0.078125 0.370259 0.085814 0.370259 0.085814 0.388755 0.078125 0.388755 0.078125 0.356657 0.085814 0.356657 0.078125 0.343247 0.085814 0.343247 0.078125 0.324558 0.085814 0.324558 0.108882 0.370259 0.108882 0.356657 0.108882 0.388755 0.108882 0.343247 0.108882 0.324558 0.119994 0.483937 0.132095 0.483937 0.132095 0.495237 0.119994 0.495237 0.145699 0.495237 0.145698 0.483937 0.157137 0.495237 0.157137 0.483937 0.119994 0.472888 0.132095 0.472888 0.132095 0.483937 0.119994 0.483937 0.119994 0.462227 0.132095 0.462227 0.119994 0.451476 0.132095 0.451476 0.119994 0.44072 0.132095 0.44072 0.145698 0.462227 0.145698 0.451476 0.145698 0.472888 0.145698 0.483937 0.145698 0.44072 0.157137 0.462227 0.157137 0.451476 0.157137 0.472888 0.157137 0.483937 0.157137 0.44072 0.031094 0.308234 0.068039 0.301709 0.068039 0.334073 0.031094 0.328905 0.004626 0.319249 0.004101 0.061177 0.021822 0.065172 0.021822 0.086495 0.004101 0.091659 0.033587 0.075454 0.036053 0.047696 0.068039 0.052839 0.068039 0.070657 0.031094 0.060013 0.038283 0.037514 0.004626 0.037514 0.068039 0.037514 0.036053 0.027332 0.068039 0.02219 0.031094 0.015015 0.068039 0.004372 0.119994 0.286435 0.132095 0.286435 0.132095 0.297735 0.119994 0.297735 0.145698 0.297735 0.145698 0.286435 0.157137 0.297735 0.157137 0.286435 0.119994 0.275679 0.132095 0.27568 0.132095 0.286435 0.119994 0.286435 0.119994 0.264928 0.132095 0.264928 0.119994 0.254267 0.132095 0.254267 0.119994 0.243218 0.132095 0.243218 0.145698 0.264928 0.145698 0.254267 0.145698 0.27568 0.145698 0.286435 0.145698 0.243218 0.157137 0.264928 0.157137 0.254267 0.157137 0.27568 0.157137 0.286435 0.157137 0.243218 0.50306 0.374674 0.50306 0.388478 0.485154 0.374674 0.485154 0.388478 0.46813 0.374674 0.46813 0.388478 0.451462 0.374674 0.451462 0.388478 0.435105 0.374674 0.435105 0.388478 0.418748 0.374674 0.402391 0.374674 0.402391 0.388478 0.386034 0.374674 0.485154 0.402874 0.46813 0.402874 0.451462 0.402874 0.435105 0.402874 0.418748 0.402874 0.418748 0.388478 0.402391 0.402874 0.386034 0.402874 0.386034 0.388478 0.369678 0.402874 0.369678 0.388478 0.50306 0.402874 0.506724 0.610467 0.499276 0.602831 0.506619 0.590539 0.518946 0.603573 0.50934 0.620791 0.523342 0.620958 0.506546 0.631027 0.518556 0.638148 0.499031 0.638538 0.505936 0.650604 0.488824 0.641232 0.488815 0.655198 0.478632 0.638539 0.471687 0.650622 0.471144 0.631027 0.459106 0.638134 0.468418 0.620782 0.454421 0.620929 0.471153 0.610507 0.458952 0.603587 0.478652 0.602882 0.471566 0.590734 0.48897 0.60003 0.488905 0.585644 0.488811 0.661329 0.509322 0.655806 0.468294 0.655821 0.4534 0.640647 0.44822 0.620136 0.453898 0.599877 0.468722 0.585094 0.488885 0.579251 0.509516 0.584856 0.524067 0.599906 0.529549 0.620201 0.524244 0.640672 0.506724 0.610467 0.488883 0.62075 0.499276 0.602831 0.50934 0.620791 0.506546 0.631027 0.499031 0.638538 0.488824 0.641232 0.478632 0.638539 0.471144 0.631027 0.468418 0.620782 0.471153 0.610507 0.478652 0.602882 0.48897 0.60003 0.392798 0.460226 0.395052 0.416671 0.384581 0.415028 0.380129 0.457407 0.405849 0.461875 0.405849 0.417328 0.419038 0.460653 0.416852 0.416605 0.432068 0.458141 0.427551 0.414913 0.435206 0.47275 0.421396 0.487537 0.405849 0.494164 0.389538 0.48691 0.376192 0.471412 0.577226 0.663023 0.585549 0.631487 0.565319 0.627098 0.549262 0.661422 0.555305 0.624644 0.538521 0.654835 0.575701 0.670389 0.543625 0.670311 0.565629 0.704929 0.537946 0.695733 0.553281 0.736715 0.529642 0.723832 0.53772 0.757955 0.52042 0.740858 0.50267 0.755101 0.510339 0.775068 0.489102 0.77893 0.489102 0.760939 0.475521 0.755108 0.467873 0.775061 0.440499 0.757952 0.457783 0.740847 0.424953 0.736726 0.448584 0.723856 0.412595 0.704962 0.440263 0.695757 0.460779 0.69258 0.463736 0.716786 0.478657 0.711611 0.479302 0.727863 0.489102 0.726025 0.489102 0.747832 0.478744 0.742277 0.469224 0.732006 0.499455 0.742259 0.498908 0.727882 0.509807 0.733105 0.499526 0.711601 0.514466 0.716779 0.489102 0.708492 0.503171 0.690187 0.517431 0.692577 0.489102 0.687387 0.47503 0.690193 0.52628 0.668776 0.504879 0.67908 0.489102 0.681251 0.473314 0.6791 0.45192 0.66879 0.434577 0.670336 0.402495 0.670437 0.428926 0.661449 0.439665 0.65486 0.412834 0.62713 0.392608 0.63154 0.400963 0.66307 0.422864 0.624658 0.233338 0.639596 0.233563 0.607471 0.223082 0.601848 0.217015 0.638961 0.25167 0.640231 0.250831 0.612438 0.266746 0.640552 0.266612 0.614373 0.281801 0.640234 0.282099 0.612822 0.300148 0.639466 0.298375 0.607967 0.316659 0.63856 0.309726 0.600692 0.23272 0.667798 0.216682 0.671098 0.238505 0.689504 0.252734 0.684179 0.252261 0.701417 0.26685 0.68261 0.266576 0.706097 0.281145 0.701762 0.281017 0.684318 0.295435 0.689808 0.247797 0.716591 0.225516 0.696711 0.266239 0.721946 0.285245 0.717398 0.308709 0.697284 0.282809 0.665054 0.301264 0.667747 0.266866 0.664075 0.250974 0.665054 0.317596 0.670926 0.547207 0.546227 0.58231 0.546227 0.577832 0.531216 0.564991 0.515536 0.547207 0.509587 0.529424 0.515537 0.516585 0.531217 0.512109 0.546227 0.360809 0.553917 0.346026 0.554344 0.342034 0.574999 0.360024 0.578836 0.375491 0.555237 0.378204 0.576129 0.340152 0.579515 0.359856 0.584674 0.337433 0.602587 0.359238 0.605487 0.331401 0.624072 0.358657 0.623994 0.333519 0.640073 0.358321 0.635338 0.345594 0.656238 0.357842 0.651065 0.357581 0.659891 0.369747 0.656963 0.382798 0.641606 0.385831 0.625703 0.381174 0.603943 0.379819 0.580699 0.425787 0.620573 0.422864 0.624658 0.439665 0.65486 0.445325 0.655583 0.532865 0.655561 0.538521 0.654835 0.555305 0.624644 0.552361 0.620559 0.522249 0.662108 0.52628 0.668776 0.538521 0.654835 0.532865 0.655561 0.505714 0.670145 0.504879 0.67908 0.52628 0.668776 0.522249 0.662108 0.489102 0.674758 0.489102 0.681251 0.504879 0.67908 0.505714 0.670145 0.472491 0.670148 0.473314 0.6791 0.489102 0.681251 0.489102 0.674758 0.455941 0.662131 0.45192 0.66879 0.473314 0.6791 0.472491 0.670148 0.445325 0.655583 0.439665 0.65486 0.45192 0.66879 0.455941 0.662131 0.587601 0.59591 0.598095 0.605863 0.603737 0.596548 0.590122 0.591477 0.583142 0.599106 0.58913 0.612287 0.578131 0.600078 0.578496 0.614632 0.573103 0.599127 0.567766 0.612582 0.568916 0.596351 0.558854 0.606525 0.566142 0.592248 0.553172 0.597631 0.565231 0.587431 0.551352 0.5875 0.566159 0.582683 0.553374 0.577592 0.568814 0.578598 0.55883 0.569171 0.572761 0.575771 0.566972 0.563334 0.57748 0.574569 0.576689 0.560864 0.582272 0.575211 0.58672 0.562111 0.586541 0.577617 0.595752 0.567073 0.589539 0.581558 0.602371 0.575317 0.590826 0.586413 0.605249 0.585723 0.573508 0.577361 0.577575 0.576322 0.581727 0.576856 0.585354 0.578948 0.587947 0.582313 0.589019 0.586498 0.588385 0.590839 0.586173 0.594627 0.582384 0.597341 0.578081 0.598229 0.573762 0.59744 0.57014 0.595085 0.567784 0.59155 0.566963 0.587442 0.567789 0.583336 0.57008 0.579818 0.529526 0.567808 0.514391 0.562919 0.513637 0.569127 0.515317 0.575079 0.519126 0.579946 0.524523 0.582918 0.530647 0.583633 0.536644 0.581936 0.541505 0.578093 0.54453 0.572724 0.545309 0.566589 0.543683 0.560587 0.539904 0.555728 0.534584 0.552668 0.528448 0.551924 0.522492 0.553562 0.517556 0.557389 0.085443 0.481464 0.101349 0.497085 0.106172 0.489797 0.094103 0.501972 0.08554 0.503714 0.076961 0.502047 0.069674 0.497224 0.064786 0.48998 0.063044 0.481416 0.064711 0.472837 0.069535 0.465549 0.07678 0.460662 0.085344 0.458919 0.093922 0.460586 0.10121 0.46541 0.106097 0.472654 0.10784 0.481218 0.474122 0.361234 0.474122 0.34847 0.463643 0.34847 0.463643 0.361234 0.484602 0.361234 0.484602 0.34847 0.495082 0.361234 0.495082 0.34847 0.453163 0.34847 0.453163 0.361234 0.442683 0.34847 0.442683 0.361234 0.432203 0.34847 0.432203 0.361234 0.421724 0.34847 0.421724 0.361234 0.411244 0.34847 0.411244 0.361234 0.400764 0.34847 0.400764 0.361234 0.390284 0.34847 0.390284 0.361234 0.379805 0.34847 0.379805 0.361234 0.369325 0.34847 0.369325 0.361234 0.358845 0.34847 0.358845 0.361234 0.348366 0.34847 0.348365 0.361234 0.337886 0.34847 0.337886 0.361234 0.327406 0.34847 0.327406 0.361234 0.454705 0.552537 0.454629 0.504186 0.449026 0.504186 0.449026 0.552537 0.466177 0.552537 0.46616 0.504186 0.476635 0.552537 0.476671 0.504186 0.487092 0.552537 0.487179 0.504186 0.498564 0.552537 0.498704 0.504186 0.504243 0.552537 0.504243 0.504186 0.37061 0.690235 0.370367 0.671791 0.356853 0.674689 0.356853 0.689676 0.387643 0.685965 0.388124 0.66216 0.389512 0.701949 0.371309 0.706743 0.388705 0.724436 0.373652 0.724912 0.356853 0.706473 0.356853 0.725175 0.374 0.734989 0.389597 0.735455 0.385891 0.747096 0.371817 0.740467 0.356853 0.735058 0.356853 0.738963 0.412383 0.723945 0.414607 0.734888 0.396925 0.748752 0.339995 0.724606 0.342548 0.706559 0.324933 0.723864 0.324674 0.701463 0.343367 0.690232 0.32677 0.685881 0.343639 0.67218 0.326629 0.662772 0.341574 0.739895 0.339496 0.734436 0.32743 0.745945 0.323867 0.734796 0.300965 0.722678 0.29828 0.733869 0.316456 0.748752 0.334186 0.468157 0.353869 0.474963 0.356217 0.464799 0.336785 0.457245 0.320926 0.465387 0.323797 0.451619 0.294644 0.459489 0.293875 0.475141 0.31136 0.47401 0.294503 0.488635 0.308032 0.486242 0.294395 0.500583 0.308228 0.500826 0.282764 0.474503 0.282485 0.487477 0.270284 0.486958 0.271187 0.500142 0.282803 0.500376 0.267667 0.471391 0.283548 0.459929 0.263207 0.447699 0.307514 0.51548 0.294073 0.512536 0.3104 0.527789 0.292734 0.525994 0.319867 0.536825 0.292682 0.541725 0.321575 0.551524 0.335431 0.546718 0.333593 0.535633 0.354793 0.539942 0.352879 0.529974 0.282606 0.512496 0.26969 0.513125 0.281634 0.526074 0.266363 0.528512 0.281608 0.540712 0.260731 0.551878 0.418338 0.569281 0.442708 0.571073 0.438031 0.551226 0.418339 0.551789 0.437904 0.536479 0.418339 0.533339 0.437566 0.523093 0.418338 0.524215 0.432581 0.511416 0.418338 0.50562 0.394446 0.571693 0.39874 0.551818 0.398909 0.522777 0.40411 0.511189 0.398523 0.5368 0.418338 0.582418 0.418338 0.594652 0.428525 0.591884 0.440386 0.580673 0.442708 0.571073 0.408558 0.591962 0.396706 0.581247 0.394446 0.571693 0.418338 0.569281 0.202995 0.484292 0.254332 0.484292 0.254332 0.471911 0.202995 0.471911 0.202995 0.495767 0.254332 0.495767 0.202995 0.507241 0.254332 0.507241 0.202995 0.519622 0.254332 0.519622 0.202995 0.532849 0.254332 0.532849 0.254332 0.458685 0.202995 0.458685 0.3274 0.419383 0.354688 0.419383 0.354688 0.40928 0.3274 0.40928 0.3274 0.429486 0.354688 0.429486 0.354688 0.399177 0.3274 0.399177 0.354688 0.389073 0.3274 0.389073 0.354688 0.37897 0.3274 0.37897 0.354688 0.368867 0.3274 0.368867 0.391311 0.333118 0.391294 0.319882 0.379823 0.313278 0.368368 0.319911 0.368385 0.333147 0.379856 0.339751 0.539359 0.287439 0.452264 0.287488 0.452264 0.29768 0.539359 0.297625 0.539359 0.277254 0.452264 0.277296 0.539359 0.267069 0.452264 0.267104 0.539359 0.256883 0.452264 0.256912 0.539359 0.246698 0.452264 0.246719 0.539359 0.236513 0.452264 0.236527 0.539359 0.226327 0.452264 0.226335 0.539359 0.216142 0.452264 0.216143 0.452264 0.307873 0.539359 0.307873 0.452264 0.318065 0.539359 0.318065 0.452264 0.328257 0.539359 0.328257 0.452264 0.338449 0.539359 0.338449 0.344125 0.288863 0.351167 0.301514 0.356641 0.296164 0.358707 0.288863 0.356818 0.281378 0.351478 0.275908 0.344125 0.273846 0.336729 0.275747 0.331272 0.281095 0.329205 0.288863 0.331079 0.295862 0.336403 0.301339 0.344125 0.303408 0.354566 0.306803 0.360011 0.316488 0.371783 0.304712 0.362227 0.299043 0.376098 0.288863 0.364986 0.288863 0.3718 0.272539 0.362109 0.277978 0.360029 0.260753 0.35436 0.270314 0.344125 0.256439 0.344125 0.267558 0.327869 0.260764 0.333324 0.270454 0.316114 0.272545 0.32568 0.278211 0.311804 0.288863 0.32292 0.288863 0.316088 0.304702 0.32578 0.299258 0.327844 0.316491 0.333515 0.30693 0.344125 0.320804 0.344125 0.309691 0.351167 0.301514 0.354566 0.306803 0.362227 0.299043 0.356641 0.296164 0.364986 0.288863 0.358707 0.288863 0.362109 0.277978 0.356818 0.281378 0.35436 0.270314 0.351478 0.275908 0.344125 0.267558 0.344125 0.273846 0.333324 0.270454 0.336729 0.275747 0.32568 0.278211 0.331272 0.281095 0.32292 0.288863 0.329205 0.288863 0.32578 0.299258 0.331079 0.295862 0.333515 0.30693 0.336403 0.301339 0.344125 0.309691 0.344125 0.303408 0.422634 0.276682 0.415727 0.289405 0.427979 0.282043 0.429945 0.289405 0.428 0.296675 0.422656 0.302036 0.415726 0.304003 0.408026 0.302031 0.40267 0.296665 0.4007 0.289405 0.402667 0.282036 0.408017 0.276683 0.415727 0.274729 0.426065 0.271476 0.433551 0.279245 0.443092 0.273719 0.431588 0.261946 0.447194 0.289405 0.436169 0.289405 0.442778 0.305544 0.433214 0.300087 0.430986 0.317109 0.425458 0.307602 0.415727 0.321213 0.415726 0.31022 0.399064 0.316742 0.404594 0.307227 0.387545 0.304924 0.397097 0.299451 0.383487 0.289405 0.394483 0.289405 0.387959 0.273038 0.397469 0.278594 0.399762 0.26153 0.405231 0.271102 0.415727 0.257474 0.415726 0.268501 0.422634 0.276682 0.427979 0.282043 0.433551 0.279245 0.426065 0.271476 0.436169 0.289405 0.429945 0.289405 0.433214 0.300087 0.428 0.296675 0.425458 0.307602 0.422656 0.302036 0.415726 0.31022 0.415726 0.304003 0.404594 0.307227 0.408026 0.302031 0.397097 0.299451 0.40267 0.296665 0.394483 0.289405 0.4007 0.289405 0.397469 0.278594 0.402667 0.282036 0.405231 0.271102 0.408017 0.276683 0.415726 0.268501 0.415727 0.274729 0.031094 0.386184 0.031094 0.406854 0.068039 0.412022 0.068039 0.379658 0.004626 0.397197 0.004101 0.208041 0.004101 0.238523 0.021822 0.233359 0.021822 0.212036 0.033587 0.222318 0.036053 0.197212 0.031094 0.209529 0.068039 0.220172 0.068039 0.202354 0.038283 0.18703 0.004626 0.18703 0.068039 0.18703 0.036053 0.176847 0.068039 0.171705 0.031094 0.164531 0.068039 0.153887 0.078125 0.29799 0.078125 0.315324 0.085814 0.315324 0.085814 0.29799 0.108882 0.315324 0.108882 0.29799 0.121946 0.16998 0.121946 0.200359 0.139348 0.195493 0.139348 0.174698 0.149025 0.185169 0.078125 0.279493 0.078125 0.29799 0.085814 0.29799 0.085814 0.279493 0.078125 0.265891 0.085814 0.265891 0.078125 0.252482 0.085814 0.252482 0.078125 0.233792 0.085814 0.233792 0.108882 0.279493 0.108882 0.265891 0.108882 0.29799 0.108882 0.252482 0.108882 0.233792 0.119994 0.41689 0.119994 0.42819 0.132095 0.42819 0.132095 0.41689 0.145699 0.42819 0.145698 0.41689 0.157137 0.42819 0.157137 0.41689 0.119994 0.405841 0.119994 0.41689 0.132095 0.41689 0.132095 0.405841 0.119994 0.39518 0.132095 0.39518 0.119994 0.384429 0.132095 0.384429 0.119994 0.373673 0.132095 0.373673 0.145698 0.39518 0.145698 0.384429 0.145698 0.405841 0.145698 0.41689 0.145698 0.373673 0.157137 0.39518 0.157137 0.384429 0.157137 0.405841 0.157137 0.41689 0.157137 0.373673 0.031094 0.34756 0.031094 0.36823 0.068039 0.373398 0.068039 0.341034 0.004626 0.358574 0.004101 0.134593 0.004101 0.165075 0.021822 0.159911 0.021822 0.138588 0.033587 0.14887 0.036053 0.123462 0.031094 0.135779 0.068039 0.146423 0.068039 0.128604 0.038283 0.11328 0.004626 0.11328 0.068039 0.11328 0.036053 0.103098 0.068039 0.097955 0.031094 0.090781 0.068039 0.080137 0.078125 0.206319 0.078125 0.223654 0.085814 0.223654 0.085814 0.206319 0.108882 0.223654 0.108882 0.206319 0.16186 0.171242 0.16186 0.140863 0.144459 0.145729 0.144459 0.166524 0.134782 0.156052 0.078125 0.187823 0.078125 0.206319 0.085814 0.206319 0.085814 0.187823 0.078125 0.174221 0.085814 0.174221 0.078125 0.160811 0.085814 0.160811 0.078125 0.142122 0.085814 0.142122 0.108882 0.187823 0.108882 0.174221 0.108882 0.206319 0.108882 0.160811 0.108882 0.142122 0.119994 0.351702 0.119994 0.363002 0.132095 0.363002 0.132095 0.351702 0.145698 0.363002 0.145698 0.351702 0.157137 0.363002 0.157137 0.351702 0.119994 0.340653 0.119994 0.351702 0.132095 0.351702 0.132095 0.340653 0.119994 0.329992 0.132095 0.329992 0.119994 0.31924 0.132095 0.31924 0.119994 0.308484 0.132095 0.308484 0.145698 0.329992 0.145698 0.31924 0.145698 0.340653 0.145698 0.351702 0.145698 0.308485 0.157137 0.329992 0.157137 0.31924 0.157137 0.340653 0.157137 0.351702 0.157137 0.308485 0.031094 0.424152 0.031094 0.444823 0.068039 0.449991 0.068039 0.417626 0.004626 0.435166 0.004101 0.277014 0.004101 0.307497 0.021822 0.302333 0.021822 0.28101 0.033587 0.291292 0.036053 0.269435 0.031094 0.281752 0.068039 0.292395 0.068039 0.274577 0.038283 0.259253 0.004626 0.259253 0.068039 0.259253 0.036053 0.249071 0.068039 0.243929 0.031094 0.236754 0.068039 0.226111 0.078125 0.388755 0.078125 0.40609 0.085814 0.40609 0.085814 0.388755 0.108882 0.40609 0.108882 0.388755 0.159947 0.232508 0.159947 0.202129 0.142546 0.206995 0.142546 0.22779 0.132869 0.217318 0.078125 0.370259 0.078125 0.388755 0.085814 0.388755 0.085814 0.370259 0.078125 0.356657 0.085814 0.356657 0.078125 0.343247 0.085814 0.343247 0.078125 0.324558 0.085814 0.324558 0.108882 0.370259 0.108882 0.356657 0.108882 0.388755 0.108882 0.343247 0.108882 0.324558 0.119994 0.483937 0.119994 0.495237 0.132095 0.495237 0.132095 0.483937 0.145699 0.495237 0.145698 0.483937 0.157137 0.495237 0.157137 0.483937 0.119994 0.472888 0.119994 0.483937 0.132095 0.483937 0.132095 0.472888 0.119994 0.462227 0.132095 0.462227 0.119994 0.451476 0.132095 0.451476 0.119994 0.44072 0.132095 0.44072 0.145698 0.462227 0.145698 0.451476 0.145698 0.472888 0.145698 0.483937 0.145698 0.44072 0.157137 0.462227 0.157137 0.451476 0.157137 0.472888 0.157137 0.483937 0.157137 0.44072 0.031094 0.308234 0.031094 0.328905 0.068039 0.334073 0.068039 0.301709 0.004626 0.319249 0.004101 0.061177 0.004101 0.091659 0.021822 0.086495 0.021822 0.065172 0.033587 0.075454 0.036053 0.047696 0.031094 0.060013 0.068039 0.070657 0.068039 0.052839 0.038283 0.037514 0.004626 0.037514 0.068039 0.037514 0.036053 0.027332 0.068039 0.02219 0.031094 0.015015 0.068039 0.004372 0.119994 0.286435 0.119994 0.297735 0.132095 0.297735 0.132095 0.286435 0.145698 0.297735 0.145698 0.286435 0.157137 0.297735 0.157137 0.286435 0.119994 0.275679 0.119994 0.286435 0.132095 0.286435 0.132095 0.27568 0.119994 0.264928 0.132095 0.264928 0.119994 0.254267 0.132095 0.254267 0.119994 0.243218 0.132095 0.243218 0.145698 0.264928 0.145698 0.254267 0.145698 0.27568 0.145698 0.286435 0.145698 0.243218 0.157137 0.264928 0.157137 0.254267 0.157137 0.27568 0.157137 0.286435 0.157137 0.243218 0.485154 0.402874 0.485154 0.388478 0.46813 0.388478 0.46813 0.402874 0.451462 0.388478 0.451462 0.402874 0.435105 0.388478 0.435105 0.402874 0.418748 0.388478 0.418748 0.402874 0.402391 0.388478 0.402391 0.402874 0.386034 0.388478 0.386034 0.402874 0.369678 0.388478 0.369678 0.402874 0.50306 0.402874 0.50306 0.388478 0.506724 0.610467 0.518946 0.603573 0.506619 0.590539 0.499276 0.602831 0.50934 0.620791 0.523342 0.620958 0.506546 0.631027 0.518556 0.638148 0.499031 0.638538 0.505936 0.650604 0.488824 0.641232 0.488815 0.655198 0.478632 0.638539 0.471687 0.650622 0.471144 0.631027 0.459106 0.638134 0.468418 0.620782 0.454421 0.620929 0.471153 0.610507 0.458952 0.603587 0.478652 0.602882 0.471566 0.590734 0.48897 0.60003 0.488905 0.585644 0.488811 0.661329 0.509322 0.655806 0.468294 0.655821 0.4534 0.640647 0.44822 0.620136 0.453898 0.599877 0.468722 0.585094 0.488885 0.579251 0.509516 0.584856 0.524067 0.599906 0.529549 0.620201 0.524244 0.640672 0.488883 0.62075 0.506724 0.610467 0.499276 0.602831 0.50934 0.620791 0.506546 0.631027 0.499031 0.638538 0.488824 0.641232 0.478632 0.638539 0.471144 0.631027 0.468418 0.620782 0.471153 0.610507 0.478652 0.602882 0.48897 0.60003 0.896309 0.813359 0.896309 0.836766 0.862352 0.843672 0.96563 0.948378 0.931854 0.955639 0.931854 0.917449 0.996042 0.942537 0.966247 0.906643 0.996042 0.99601 0.965601 0.99601 0.996042 0.894419 0.966247 0.906643 0.96563 0.948378 0.931854 0.917449 0.931854 0.955639 0.931854 0.955639 0.896309 0.955639 0.896309 0.912446 0.862352 0.917449 0.931854 0.99601 0.896309 0.99601 0.862352 0.955639 0.896309 0.912446 0.896309 0.891879 0.862352 0.917449 0.896309 0.955639 0.931854 0.955639 0.862352 0.955639 0.810508 0.804164 0.862352 0.804164 0.862352 0.843672 0.810508 0.842092 0.862352 0.843672 0.862352 0.804164 0.810508 0.955872 0.810508 0.917449 0.862352 0.917449 0.862352 0.955639 0.862352 0.955639 0.862352 0.917449 0.810508 0.99601 0.896309 0.804164 0.927928 0.822445 0.927734 0.836437 0.896309 0.813359 0.75293 0.788248 0.75293 0.81037 0.720832 0.763672 0.780617 0.791602 0.779623 0.810682 0.800842 0.816635 0.800842 0.816635 0.800842 0.793258 0.780617 0.791602 0.800842 0.965153 0.781527 0.960435 0.779441 0.934826 0.800842 0.941157 0.800842 0.965153 0.800842 0.941157 0.779441 0.934826 0.800842 0.93553 0.780861 0.929764 0.779115 0.904397 0.75293 0.904473 0.75293 0.930103 0.720832 0.884214 0.800842 0.93553 0.800842 0.911519 0.779115 0.904397 0.780152 0.899176 0.75293 0.898795 0.75293 0.873391 0.720832 0.878561 0.720832 0.857058 0.75293 0.898795 0.75293 0.873391 0.780152 0.899176 0.778816 0.874046 0.800842 0.90584 0.779115 0.904397 0.780152 0.899176 0.800842 0.90584 0.75293 0.904473 0.75293 0.898795 0.720832 0.884214 0.720832 0.878561 0.75293 0.898795 0.75293 0.904473 0.780152 0.899176 0.779115 0.904397 0.800842 0.90584 0.800842 0.911519 0.800842 0.941157 0.779441 0.934826 0.800842 0.93553 0.869244 0.804164 0.869469 0.82538 0.862352 0.843672 0.862352 0.804164 0.896309 0.804164 0.869469 0.82538 0.896309 0.813359 0.896309 0.804164 0.896309 0.813359 0.927734 0.836437 0.869244 0.804164 0.862352 0.804164 0.862352 0.843672 0.869244 0.804164 0.869469 0.82538 0.896309 0.804164 0.184172 0.903597 0.188643 0.892344 0.157508 0.884507 0.218052 0.900921 0.219158 0.882159 0.253484 0.893842 0.253062 0.870536 0.217251 0.863565 0.288919 0.884031 0.288512 0.858676 0.322737 0.846012 0.323446 0.875274 0.356918 0.839045 0.357503 0.868648 0.391839 0.833013 0.391826 0.864818 0.454293 0.832624 0.436273 0.865711 0.510308 0.839145 0.476207 0.87325 0.501986 0.888861 0.542167 0.8494 0.324354 0.902455 0.289837 0.910853 0.290979 0.938753 0.326606 0.930019 0.254498 0.945006 0.255278 0.920491 0.215713 0.946901 0.215993 0.922534 0.357383 0.895831 0.359218 0.922004 0.389074 0.891539 0.388592 0.91412 0.418399 0.892515 0.410545 0.908443 0.254104 0.972133 0.2154 0.972225 0.248464 0.996692 0.211562 0.995759 0.292663 0.995122 0.293114 0.965905 0.338412 0.987674 0.330496 0.958001 0.371868 0.97681 0.36463 0.94832 0.404017 0.962113 0.396085 0.936153 0.440668 0.940122 0.424885 0.920092 0.444858 0.903144 0.469572 0.918204 0.510308 0.839145 0.476207 0.87325 0.436273 0.865711 0.454293 0.832624 0.391826 0.864818 0.391839 0.833013 0.357503 0.868648 0.356918 0.839045 0.323446 0.875274 0.322737 0.846012 0.288919 0.884031 0.288512 0.858676 0.253062 0.870536 0.253484 0.893842 0.219158 0.882159 0.218052 0.900921 0.188643 0.892344 0.184172 0.903597 0.157508 0.884507 0.217251 0.863565 0.215993 0.922534 0.255278 0.920491 0.215713 0.946901 0.254498 0.945006 0.289837 0.910853 0.290979 0.938753 0.324354 0.902455 0.326606 0.930019 0.357383 0.895831 0.359218 0.922004 0.389074 0.891539 0.388592 0.91412 0.418399 0.892515 0.410545 0.908443 0.254104 0.972133 0.2154 0.972225 0.293114 0.965905 0.330496 0.958001 0.36463 0.94832 0.396085 0.936153 0.424885 0.920092 0.444858 0.903144 0.284844 0.826018 0.253062 0.870536 0.288512 0.858676 0.322737 0.846012 0.578134 0.957594 0.574844 0.951886 0.540031 0.960564 0.543319 0.964589 0.595943 0.957594 0.595385 0.951886 0.612645 0.957594 0.614175 0.951886 0.513845 0.979718 0.518407 0.981112 0.505234 0.994979 0.510947 0.994978 0.518407 0.981112 0.513845 0.979718 0.543319 0.964589 0.540031 0.960564 0.578134 0.957594 0.574844 0.951886 0.595943 0.957594 0.595385 0.951886 0.612645 0.957594 0.614175 0.951886 0.652487 0.945824 0.65229 0.947603 0.679365 0.924516 0.67478 0.919552 0.578187 0.923133 0.578111 0.924412 0.610196 0.926157 0.611225 0.920989 0.539404 0.87271 0.527666 0.87271 0.553747 0.896596 0.555969 0.894261 0.553747 0.896596 0.555969 0.894261 0.555969 0.894261 0.553747 0.896596 0.578111 0.924412 0.578187 0.923133 0.611225 0.920989 0.610196 0.926157 0.65229 0.947603 0.652487 0.945824 0.644612 0.92012 0.652487 0.945824 0.67478 0.919552 0.625204 0.900855 0.611225 0.920989 0.625204 0.900855 0.60954 0.898719 0.569564 0.884155 0.555969 0.894261 0.578187 0.923133 0.559314 0.87271 0.539404 0.87271 0.555969 0.894261 0.569564 0.884155 0.611225 0.920989 0.578187 0.923133 0.60954 0.898719 0.625204 0.900855 0.644612 0.92012 0.652487 0.945824 0.67478 0.919552 0.625204 0.900855 0.609022 0.87271 0.60954 0.898719 0.625204 0.900855 0.627287 0.87271 0.559314 0.87271 0.569564 0.884155 0.625204 0.900855 0.60954 0.898719 0.569564 0.884155 0.685738 0.981331 0.656779 0.981572 0.656779 0.995321 0.621631 0.957058 0.62163 0.981572 0.656779 0.957058 0.62163 0.995321 0.656779 0.995321 0.656779 0.957058 0.656779 0.981572 0.685738 0.981331 0.656779 0.957058 0.576824 0.97206 0.578134 0.957594 0.543319 0.964589 0.550781 0.978216 0.593927 0.969451 0.595943 0.957594 0.605829 0.969093 0.612645 0.957594 0.518407 0.981112 0.531135 0.986206 0.510947 0.994978 0.526495 0.994978 0.604047 0.994978 0.59561 0.994979 0.574708 0.994978 0.557061 0.994978 0.542042 0.994978 0.531135 0.986206 0.518407 0.981112 0.550781 0.978216 0.543319 0.964589 0.576824 0.97206 0.578134 0.957594 0.593927 0.969451 0.595943 0.957594 0.605829 0.969093 0.612645 0.957594 0.698989 0.956847 0.675952 0.956518 0.696404 0.977541 0.705825 0.970948 0.69812 0.940688 0.675952 0.940688 0.675952 0.956518 0.698989 0.956847 0.696404 0.977541 0.705825 0.970948 0.712475 0.956847 0.712475 0.940688 0.69812 0.940688 0.712475 0.956847 0.253062 0.870536 0.284844 0.826018 0.288512 0.858676 0.322737 0.846012 0.652487 0.945824 0.67478 0.919552 0.679365 0.924516 0.65229 0.947603 0.578187 0.923133 0.611225 0.920989 0.610196 0.926157 0.578111 0.924412 0.555969 0.894261 0.578187 0.923133 0.578111 0.924412 0.553747 0.896596 0.611225 0.920989 0.652487 0.945824 0.65229 0.947603 0.610196 0.926157 0.111965 0.900481 0.104911 0.893431 0.089076 0.900022 0.099996 0.903548 0.12403 0.898613 0.121249 0.89121 0.140811 0.899938 0.141775 0.892564 0.157475 0.902434 0.162196 0.898687 0.168418 0.916182 0.177117 0.912555 0.162196 0.898687 0.157475 0.902434 0.178073 0.931577 0.191758 0.927073 0.17996 0.945589 0.198396 0.950072 0.178077 0.959541 0.202414 0.972933 0.161456 0.96799 0.176827 0.98923 0.202414 0.972933 0.178077 0.959541 0.142155 0.970097 0.148284 0.99518 0.103507 0.91855 0.092797 0.916814 0.097862 0.9336 0.109283 0.933831 0.099996 0.903548 0.089076 0.900022 0.109912 0.952911 0.118959 0.947677 0.122769 0.970975 0.129433 0.96064 0.148284 0.99518 0.142155 0.970097 0.113495 0.902177 0.111965 0.900481 0.099996 0.903548 0.10231 0.904984 0.12403 0.898613 0.124908 0.900616 0.141106 0.902148 0.140811 0.899938 0.157475 0.902434 0.156847 0.904558 0.166382 0.917508 0.168418 0.916182 0.157475 0.902434 0.156847 0.904558 0.178073 0.931577 0.174939 0.931961 0.176599 0.944993 0.17996 0.945589 0.178077 0.959541 0.174616 0.95799 0.159343 0.965322 0.161456 0.96799 0.178077 0.959541 0.174616 0.95799 0.142134 0.967085 0.142155 0.970097 0.130828 0.958641 0.129433 0.96064 0.142155 0.970097 0.142134 0.967085 0.118959 0.947677 0.12131 0.946811 0.109283 0.933831 0.112413 0.934206 0.106193 0.919539 0.103507 0.91855 0.099996 0.903548 0.10231 0.904984 0.054891 0.950938 0.038153 0.932648 0.032434 0.935077 0.004136 0.915684 0.019354 0.913075 0.034439 0.911144 0.045674 0.932318 0.054627 0.933376 0.054832 0.912628 0.074752 0.916017 0.06328 0.936591 0.069893 0.943799 0.087792 0.933855 0.093993 0.950904 0.075512 0.953068 0.079005 0.962765 0.100513 0.967928 0.097357 0.983612 0.081186 0.973033 0.071286 0.976021 0.059219 0.973607 0.050161 0.967373 0.043332 0.95974 0.08064 0.995082 0.0566 0.995555 0.042184 0.984237 0.030271 0.970681 0.018327 0.953037 0.037116 0.951708 0.033193 0.942891 0.010528 0.93414 0.14142 0.932496 0.121466 0.912243 0.129562 0.91164 0.138356 0.912499 0.113371 0.912846 0.116468 0.920848 0.119565 0.92885 0.125913 0.93733 0.14142 0.932496 0.14715 0.913358 0.154164 0.919175 0.161177 0.924992 0.164528 0.934923 0.14142 0.932496 0.167879 0.944853 0.156673 0.95227 0.144323 0.955548 0.132261 0.945811 0.125913 0.93733 0.23444 0.845788 0.221753 0.829059 0.277917 0.790859 0.2797 0.81299 0.302908 0.790859 0.302905 0.81299 0.333211 0.790859 0.332021 0.81299 0.366798 0.790859 0.365719 0.81299 0.397504 0.790859 0.396497 0.81299 0.430262 0.81299 0.431457 0.790859 0.477466 0.81299 0.477466 0.790859 0.431457 0.790859 0.430262 0.81299 0.397504 0.790859 0.396497 0.81299 0.365719 0.81299 0.366798 0.790859 0.332021 0.81299 0.333211 0.790859 0.302905 0.81299 0.302908 0.790859 0.2797 0.81299 0.277917 0.790859 0.23444 0.845788 0.221753 0.829059 0.186128 0.785378 0.193455 0.776842 0.206362 0.787675 0.192077 0.803062 0.168551 0.762063 0.172393 0.756708 0.193455 0.776842 0.186128 0.785378 0.247973 0.738077 0.258586 0.749473 0.206362 0.787675 0.193455 0.776842 0.240218 0.798513 0.27378 0.771913 0.272404 0.757566 0.232282 0.785581 0.290416 0.757567 0.290467 0.771913 0.312364 0.757567 0.311542 0.771913 0.336792 0.757567 0.336061 0.771913 0.359101 0.757566 0.358424 0.771913 0.383006 0.771913 0.383798 0.757566 0.416165 0.771913 0.416165 0.757566 0.383798 0.757566 0.383006 0.771913 0.359101 0.757566 0.358424 0.771913 0.336061 0.771913 0.336792 0.757567 0.311542 0.771913 0.312364 0.757567 0.290467 0.771913 0.290416 0.757567 0.27378 0.771913 0.272404 0.757566 0.240218 0.798513 0.232282 0.785581 0.182384 0.746753 0.192256 0.757565 0.197458 0.743312 0.185616 0.737282 0.155428 0.736253 0.182384 0.746753 0.185616 0.737282 0.158331 0.728325 0.227666 0.713329 0.185616 0.737282 0.197458 0.743312 0.235126 0.723075 0.23444 0.845788 0.2797 0.81299 0.280842 0.816275 0.235563 0.848895 0.303885 0.816275 0.302905 0.81299 0.332988 0.816275 0.332021 0.81299 0.366847 0.816275 0.365719 0.81299 0.397729 0.816275 0.396497 0.81299 0.431675 0.816275 0.430262 0.81299 0.477466 0.816275 0.477466 0.81299 0.430262 0.81299 0.431675 0.816275 0.396497 0.81299 0.397729 0.816275 0.365719 0.81299 0.366847 0.816275 0.332021 0.81299 0.332988 0.816275 0.302905 0.81299 0.303885 0.816275 0.2797 0.81299 0.280842 0.816275 0.23444 0.845788 0.235563 0.848895 0.277917 0.790859 0.221753 0.829059 0.222607 0.825466 0.276976 0.787824 0.431457 0.790859 0.397504 0.790859 0.397884 0.787824 0.432327 0.787824 0.477466 0.790859 0.477466 0.787824 0.366772 0.787824 0.366798 0.790859 0.332704 0.787824 0.333211 0.790859 0.302096 0.787824 0.302908 0.790859 0.276976 0.787824 0.277917 0.790859 0.432327 0.787824 0.431457 0.790859 0.397884 0.787824 0.397504 0.790859 0.366772 0.787824 0.366798 0.790859 0.332704 0.787824 0.333211 0.790859 0.302096 0.787824 0.302908 0.790859 0.276976 0.787824 0.277917 0.790859 0.186128 0.785378 0.192077 0.803062 0.18952 0.805093 0.182939 0.785847 0.168551 0.762063 0.186128 0.785378 0.182939 0.785847 0.165081 0.761227 0.172393 0.756708 0.168551 0.762063 0.165081 0.761227 0.172174 0.753419 0.193455 0.776842 0.172393 0.756708 0.172174 0.753419 0.193665 0.773292 0.247973 0.738077 0.193455 0.776842 0.193665 0.773292 0.248603 0.734471 0.258586 0.749473 0.247973 0.738077 0.248603 0.734471 0.262093 0.749994 0.206362 0.787675 0.258586 0.749473 0.262093 0.749994 0.210049 0.787896 0.186128 0.785378 0.192077 0.803062 0.206362 0.787675 0.193455 0.776842 0.168551 0.762063 0.186128 0.785378 0.193455 0.776842 0.172393 0.756708 0.247973 0.738077 0.193455 0.776842 0.206362 0.787675 0.258586 0.749473 0.182384 0.746753 0.185616 0.737282 0.197458 0.743312 0.192256 0.757565 0.155428 0.736253 0.158331 0.728325 0.185616 0.737282 0.182384 0.746753 0.227666 0.713329 0.235126 0.723075 0.197458 0.743312 0.185616 0.737282 0.277917 0.790859 0.276976 0.787824 0.222607 0.825466 0.221753 0.829059 0.186128 0.785378 0.182939 0.785847 0.18952 0.805093 0.192077 0.803062 0.168551 0.762063 0.165081 0.761227 0.182939 0.785847 0.186128 0.785378 0.172393 0.756708 0.172174 0.753419 0.165081 0.761227 0.168551 0.762063 0.193455 0.776842 0.193665 0.773292 0.172174 0.753419 0.172393 0.756708 0.247973 0.738077 0.248603 0.734471 0.193665 0.773292 0.193455 0.776842 0.258586 0.749473 0.262093 0.749994 0.248603 0.734471 0.247973 0.738077 0.206362 0.787675 0.210049 0.787896 0.262093 0.749994 0.258586 0.749473 0.111965 0.900481 0.099996 0.903548 0.089076 0.900022 0.104911 0.893431 0.12403 0.898613 0.121249 0.89121 0.140811 0.899938 0.141775 0.892564 0.157475 0.902434 0.162196 0.898687 0.168418 0.916182 0.157475 0.902434 0.162196 0.898687 0.177117 0.912555 0.178073 0.931577 0.191758 0.927073 0.17996 0.945589 0.198396 0.950072 0.178077 0.959541 0.202414 0.972933 0.161456 0.96799 0.178077 0.959541 0.202414 0.972933 0.176827 0.98923 0.142155 0.970097 0.148284 0.99518 0.103507 0.91855 0.109283 0.933831 0.097862 0.9336 0.092797 0.916814 0.099996 0.903548 0.089076 0.900022 0.109912 0.952911 0.118959 0.947677 0.122769 0.970975 0.129433 0.96064 0.148284 0.99518 0.142155 0.970097 0.113495 0.902177 0.10231 0.904984 0.099996 0.903548 0.111965 0.900481 0.12403 0.898613 0.124908 0.900616 0.141106 0.902148 0.140811 0.899938 0.157475 0.902434 0.156847 0.904558 0.166382 0.917508 0.156847 0.904558 0.157475 0.902434 0.168418 0.916182 0.178073 0.931577 0.174939 0.931961 0.176599 0.944993 0.17996 0.945589 0.178077 0.959541 0.174616 0.95799 0.159343 0.965322 0.174616 0.95799 0.178077 0.959541 0.161456 0.96799 0.142134 0.967085 0.142155 0.970097 0.130828 0.958641 0.142134 0.967085 0.142155 0.970097 0.129433 0.96064 0.118959 0.947677 0.12131 0.946811 0.109283 0.933831 0.112413 0.934206 0.106193 0.919539 0.103507 0.91855 0.099996 0.903548 0.10231 0.904984 0.038153 0.932648 0.054891 0.950938 0.032434 0.935077 0.004136 0.915684 0.019354 0.913075 0.034439 0.911144 0.045674 0.932318 0.054627 0.933376 0.054832 0.912628 0.074752 0.916017 0.06328 0.936591 0.069893 0.943799 0.087792 0.933855 0.093993 0.950904 0.075512 0.953068 0.079005 0.962765 0.100513 0.967928 0.097357 0.983612 0.081186 0.973033 0.071286 0.976021 0.059219 0.973607 0.050161 0.967373 0.043332 0.95974 0.08064 0.995082 0.0566 0.995555 0.042184 0.984237 0.030271 0.970681 0.018327 0.953037 0.037116 0.951708 0.033193 0.942891 0.010528 0.93414 0.121466 0.912243 0.14142 0.932496 0.129562 0.91164 0.138356 0.912499 0.113371 0.912846 0.116468 0.920848 0.119565 0.92885 0.125913 0.93733 0.14142 0.932496 0.14715 0.913358 0.154164 0.919175 0.161177 0.924992 0.164528 0.934923 0.14142 0.932496 0.167879 0.944853 0.156673 0.95227 0.144323 0.955548 0.132261 0.945811 0.125913 0.93733 0.195369 0.009254 0.084133 0.085146 0.119575 0.014163 0.167563 0.077925 0.084133 0.085146 0.195369 0.009254 0.119575 0.014163 0.084133 0.085146 0.084133 0.002731 0.557227 0.943112 0.542471 0.948816 0.537587 0.944686 0.490169 0.917479 0.44516 0.948526 0.479253 0.966361 0.366684 0.99499 0.478843 0.976292 0.504514 0.904122 0.526926 0.891093 0.557227 0.943112 0.504514 0.904122 0.504514 0.904122 0.084745 0.120014 0.158728 0.120014 0.155808 0.132044 0.088887 0.132044 0.536713 0.947399 0.481761 0.96824 0.479253 0.966361 0.537587 0.944686 0.539188 0.948917 0.536713 0.947399 0.537587 0.944686 0.542471 0.948816 0.481761 0.96824 0.481065 0.973468 0.478843 0.976292 0.479253 0.966361 0.542471 0.948816 0.557227 0.943112 0.537587 0.944686 0.490169 0.917479 0.44516 0.948526 0.479253 0.966361 0.366684 0.99499 0.478843 0.976292 0.504514 0.904122 0.084745 0.120014 0.088887 0.132044 0.155808 0.132044 0.158728 0.120014 0.536713 0.947399 0.537587 0.944686 0.479253 0.966361 0.481761 0.96824 0.539188 0.948917 0.542471 0.948816 0.537587 0.944686 0.536713 0.947399 0.481761 0.96824 0.479253 0.966361 0.478843 0.976292 0.481065 0.973468 0.084133 0.085146 0.195369 0.009254 0.119575 0.014163 0.084133 0.085146 0.167563 0.077925 0.195369 0.009254 0.084133 0.085146 0.119575 0.014163 0.084133 0.002731 0.249617 0.574286 0.15981 0.629279 0.139625 0.62483 0.123031 0.617842 0.103432 0.600682 0.104446 0.58525 0.070062 0.604874 0.076874 0.581308 0.045065 0.578781 0.095495 0.561599 0.074525 0.624421 0.058432 0.629454 0.05039 0.604729 0.050205 0.634049 0.064262 0.654191 0.069112 0.647807 0.090337 0.665198 0.094506 0.658528 0.110074 0.671415 0.113591 0.665042 0.129657 0.678056 0.134351 0.672378 0.101101 0.645095 0.11959 0.652226 0.138401 0.6608 0.040988 0.607427 0.033373 0.574676 0.083208 0.637037 0.176437 0.686081 0.179705 0.67974 0.106165 0.63414 0.129832 0.630053 0.15981 0.629279 0.189028 0.665015 0.217626 0.700849 0.175879 0.692196 0.045065 0.578781 0.176437 0.686081 0.179705 0.67974 0.138401 0.6608 0.134351 0.672378 0.11959 0.652226 0.113591 0.665042 0.094506 0.658528 0.069112 0.647807 0.058432 0.629454 0.101101 0.645095 0.05039 0.604729 0.070062 0.604874 0.074525 0.624421 0.083208 0.637037 0.103432 0.600682 0.104446 0.58525 0.249617 0.574286 0.123031 0.617842 0.139625 0.62483 0.15981 0.629279 0.076874 0.581308 0.095495 0.561599 0.106165 0.63414 0.129832 0.630053 0.106165 0.63414 0.129832 0.630053 0.15981 0.629279 0.189028 0.665015 0.074659 0.903396 0.011534 0.903396 0.009801 0.893507 0.078447 0.893507 0.074659 0.903396 0.011534 0.903396 0.192787 0.551853 0.191309 0.56201 0.213787 0.560804 0.170326 0.542883 0.168831 0.563215 0.138859 0.547014 0.193502 0.49473 0.137665 0.542577 0.154467 0.563986 0.144383 0.564526 0.128253 0.554036 0.129226 0.541997 0.129643 0.565317 0.120014 0.565833 0.192787 0.551853 0.128253 0.554036 0.138859 0.547014 0.129226 0.541997 0.170326 0.542883 0.193502 0.49473 0.137665 0.542577 0.113529 0.566181 0.120014 0.565833 0.117103 0.562347 0.117103 0.562347 0.120014 0.565833 0.128253 0.554036 0.12592 0.551165 0.117103 0.562347 0.12592 0.551165 0.128253 0.554036 0.129226 0.541997 0.129226 0.541997 0.138859 0.547014 0.137665 0.542577 0.134847 0.674861 0.132221 0.67772 0.129657 0.678056 0.134351 0.672378 0.134847 0.674861 0.134351 0.672378 0.174909 0.686868 0.134847 0.674861 0.134351 0.672378 0.176437 0.686081 0.17449 0.690028 0.174909 0.686868 0.176437 0.686081 0.175879 0.692196 0.176437 0.686081 0.174909 0.686868 0.129832 0.630053 0.106165 0.63414 0.120014 0.565833 0.117103 0.562347 0.12592 0.551165 0.128253 0.554036 0.128253 0.554036 0.12592 0.551165 0.129226 0.541997 0.138859 0.547014 0.129226 0.541997 0.137665 0.542577 0.174909 0.686868 0.176437 0.686081 0.134351 0.672378 0.134847 0.674861 0.607197 0.815927 0.620405 0.815944 0.620405 0.853292 0.607123 0.841189 0.61521 0.748774 0.607123 0.749025 0.611924 0.687782 0.605283 0.683792 0.635215 0.785564 0.591295 0.749062 0.593264 0.683779 0.580238 0.749314 0.58658 0.687742 0.580238 0.815892 0.560647 0.785595 0.591309 0.815909 0.580238 0.86053 0.591276 0.841211 0.635215 0.785564 0.648648 0.785693 0.628503 0.818607 0.620405 0.815944 0.620405 0.815944 0.628503 0.818607 0.628502 0.853292 0.620405 0.853292 0.580238 0.86053 0.567713 0.864504 0.567713 0.818551 0.580238 0.815892 0.580238 0.815892 0.567713 0.818551 0.547214 0.785727 0.560647 0.785595 0.560647 0.785595 0.547214 0.785727 0.567713 0.745833 0.580238 0.749314 0.580238 0.749314 0.567713 0.745833 0.581147 0.676126 0.58658 0.687742 0.605283 0.683792 0.607266 0.672178 0.621035 0.678477 0.611924 0.687782 0.611924 0.687782 0.621035 0.678477 0.627442 0.745833 0.61521 0.748774 0.61521 0.748774 0.627442 0.745833 0.648648 0.785693 0.635215 0.785564 0.58658 0.687742 0.581147 0.676126 0.592043 0.672163 0.593264 0.683779 0.167969 0.121003 0.179688 0.121003 0.179688 0.132755 0.166016 0.132755 0.182295 0.112758 0.111191 0.112821 0.111209 0.099 0.182255 0.098989 0.084341 0.112758 0.084318 0.098971 0.605387 0.751202 0.607123 0.749025 0.607197 0.815927 0.605444 0.814944 0.607123 0.841189 0.605387 0.839012 0.593044 0.751238 0.591295 0.749062 0.607123 0.749025 0.605387 0.751202 0.593054 0.814927 0.591309 0.815909 0.591295 0.749062 0.593044 0.751238 0.593029 0.839033 0.591276 0.841211 0.605387 0.839012 0.607123 0.841189 0.591276 0.841211 0.593029 0.839033 0.644792 0.726579 0.633898 0.712607 0.633898 0.6678 0.644792 0.658767 0.594314 0.681716 0.593264 0.683779 0.592043 0.672163 0.593814 0.673672 0.60403 0.681726 0.605283 0.683792 0.593264 0.683779 0.594314 0.681716 0.605494 0.673683 0.607266 0.672178 0.605283 0.683792 0.60403 0.681726 0.607197 0.815927 0.607123 0.841189 0.620405 0.853292 0.620405 0.815944 0.61521 0.748774 0.607123 0.749025 0.611924 0.687782 0.605283 0.683792 0.635215 0.785564 0.591295 0.749062 0.593264 0.683779 0.580238 0.749314 0.58658 0.687742 0.580238 0.815892 0.560647 0.785595 0.591309 0.815909 0.580238 0.86053 0.591276 0.841211 0.635215 0.785564 0.620405 0.815944 0.628503 0.818607 0.648648 0.785693 0.620405 0.815944 0.620405 0.853292 0.628502 0.853292 0.628503 0.818607 0.580238 0.86053 0.580238 0.815892 0.567713 0.818551 0.567713 0.864504 0.580238 0.815892 0.560647 0.785595 0.547214 0.785727 0.567713 0.818551 0.560647 0.785595 0.580238 0.749314 0.567713 0.745833 0.547214 0.785727 0.580238 0.749314 0.58658 0.687742 0.581147 0.676126 0.567713 0.745833 0.605283 0.683792 0.611924 0.687782 0.621035 0.678477 0.607266 0.672178 0.611924 0.687782 0.61521 0.748774 0.627442 0.745833 0.621035 0.678477 0.61521 0.748774 0.635215 0.785564 0.648648 0.785693 0.627442 0.745833 0.58658 0.687742 0.593264 0.683779 0.592043 0.672163 0.581147 0.676126 0.167969 0.121003 0.166016 0.132755 0.179688 0.132755 0.179688 0.121003 0.182295 0.112758 0.182255 0.098989 0.111209 0.099 0.111191 0.112821 0.084341 0.112758 0.084318 0.098971 0.605387 0.751202 0.605444 0.814944 0.607197 0.815927 0.607123 0.749025 0.607123 0.841189 0.605387 0.839012 0.593044 0.751238 0.605387 0.751202 0.607123 0.749025 0.591295 0.749062 0.593054 0.814927 0.593044 0.751238 0.591295 0.749062 0.591309 0.815909 0.593029 0.839033 0.591276 0.841211 0.605387 0.839012 0.593029 0.839033 0.591276 0.841211 0.607123 0.841189 0.644792 0.726579 0.644792 0.658767 0.633898 0.6678 0.633898 0.712607 0.594314 0.681716 0.593814 0.673672 0.592043 0.672163 0.593264 0.683779 0.60403 0.681726 0.594314 0.681716 0.593264 0.683779 0.605283 0.683792 0.605494 0.673683 0.60403 0.681726 0.605283 0.683792 0.607266 0.672178 0.693262 0.353509 0.672551 0.350266 0.669106 0.322481 0.690842 0.340315 0.740061 0.38099 0.727388 0.361055 0.654297 0.318766 0.654297 0.34598 0.654297 0.298948 0.66695 0.302002 0.684002 0.308379 0.720402 0.345755 0.672551 0.350266 0.669106 0.322481 0.693262 0.353509 0.690842 0.340315 0.740061 0.38099 0.727388 0.361055 0.66695 0.302002 0.684002 0.308379 0.720402 0.345755 0.654297 0.298948 0.654297 0.283899 0.66695 0.302002 0.66913 0.292199 0.684002 0.308379 0.688324 0.298707 0.720402 0.345755 0.727983 0.341733 0.688324 0.298707 0.66913 0.292199 0.684002 0.308379 0.720402 0.345755 0.727983 0.341733 0.726323 0.414765 0.73423 0.436841 0.687815 0.379402 0.695322 0.412441 0.670803 0.373057 0.673005 0.393591 0.654297 0.367591 0.755976 0.41512 0.765037 0.421212 0.654297 0.356234 0.674114 0.36163 0.670803 0.373057 0.654297 0.367591 0.687815 0.379402 0.693023 0.370198 0.726323 0.414765 0.731458 0.405341 0.670803 0.373057 0.674114 0.36163 0.687815 0.379402 0.693023 0.370198 0.726323 0.414765 0.731458 0.405341 0.731458 0.405341 0.760791 0.406392 0.755976 0.41512 0.726323 0.414765 0.760791 0.406392 0.770577 0.414 0.765037 0.421212 0.755976 0.41512 0.769939 0.608336 0.741124 0.60951 0.731542 0.598078 0.772602 0.596627 0.771638 0.586556 0.729635 0.56568 0.705078 0.589844 0.696774 0.557161 0.685547 0.585938 0.67988 0.557989 0.654297 0.580762 0.654297 0.555907 0.685547 0.585938 0.67988 0.557989 0.705078 0.589844 0.731542 0.598078 0.696774 0.557161 0.729635 0.56568 0.771638 0.586556 0.766995 0.57727 0.772602 0.596627 0.769939 0.608336 0.741124 0.60951 0.771638 0.586556 0.779128 0.583047 0.772602 0.596627 0.780675 0.59645 0.769939 0.608336 0.778155 0.609176 0.731991 0.740894 0.710293 0.726165 0.72405 0.698646 0.748666 0.731285 0.70233 0.67767 0.689946 0.706578 0.681153 0.659348 0.672969 0.693112 0.654297 0.64562 0.654297 0.686405 0.654297 0.60618 0.683902 0.61846 0.707751 0.647332 0.740915 0.674102 0.762599 0.721677 0.771446 0.707379 0.671396 0.700591 0.654297 0.694123 0.687985 0.712634 0.709188 0.731905 0.717034 0.755859 0.654297 0.748047 0.654297 0.728516 0.654297 0.769531 0.654297 0.748047 0.687985 0.712634 0.709188 0.731905 0.689946 0.706578 0.710293 0.726165 0.70233 0.67767 0.681153 0.659348 0.672969 0.693112 0.72405 0.698646 0.731991 0.740894 0.748666 0.731285 0.683902 0.61846 0.707751 0.647332 0.740915 0.674102 0.762599 0.721677 0.771446 0.707379 0.671396 0.700591 0.717034 0.755859 0.740915 0.674102 0.756254 0.672315 0.780732 0.706494 0.771446 0.707379 0.707751 0.647332 0.720711 0.642099 0.683902 0.61846 0.700016 0.613021 0.654297 0.60618 0.654297 0.591797 0.700016 0.613021 0.683902 0.61846 0.720711 0.642099 0.707751 0.647332 0.756254 0.672315 0.740915 0.674102 0.780732 0.706494 0.771446 0.707379 0.780732 0.706494 0.77295 0.724868 0.762599 0.721677 0.771446 0.707379 0.748666 0.731285 0.752026 0.74109 0.731991 0.740894 0.717034 0.755859 0.928823 0.667682 0.90288 0.674438 0.881832 0.645289 0.916315 0.633422 0.945313 0.625977 0.947266 0.658203 0.942615 0.705437 0.957031 0.703125 0.958947 0.752055 0.921758 0.707866 0.966797 0.748047 0.99477 0.706416 0.99477 0.733411 0.957031 0.703125 0.947266 0.658203 0.99477 0.66933 0.945313 0.625977 0.99477 0.644854 0.985529 0.592401 0.985529 0.523209 0.936376 0.587411 0.926935 0.539366 0.904947 0.587411 0.874321 0.587411 0.873563 0.539366 0.985798 0.35732 0.985798 0.414483 0.930097 0.384331 0.829139 0.665082 0.849976 0.635513 0.868182 0.647065 0.823422 0.635729 0.795235 0.646916 0.786174 0.665356 0.793524 0.683646 0.820634 0.695766 0.847179 0.69576 0.866461 0.684093 0.872084 0.665311 0.858022 0.570862 0.837319 0.572484 0.873563 0.539366 0.839809 0.535476 0.816978 0.577816 0.805135 0.577927 0.805135 0.54616 0.945313 0.625977 0.949219 0.618164 0.99477 0.634999 0.99477 0.644854 0.916315 0.633422 0.917434 0.627539 0.881832 0.645289 0.882632 0.63897 0.945313 0.625977 0.949219 0.618164 0.916315 0.633422 0.917434 0.627539 0.881832 0.645289 0.882632 0.63897 0.949219 0.618164 0.99477 0.600547 0.949219 0.618164 0.858025 0.627288 0.856383 0.61846 0.897652 0.609647 0.898777 0.614545 0.92647 0.595903 0.929898 0.601272 0.985798 0.35732 0.930097 0.384331 0.968984 0.347656 0.80612 0.380732 0.80612 0.373372 0.844527 0.359975 0.862232 0.603155 0.795954 0.624051 0.818374 0.600692 0.789586 0.592671 0.612467 0.552062 0.592553 0.523939 0.618432 0.520998 0.572378 0.483492 0.607792 0.486374 0.621094 0.605469 0.621094 0.589246 0.631635 0.589816 0.621094 0.574684 0.627827 0.549267 0.631582 0.571876 0.574748 0.454083 0.609346 0.458733 0.583632 0.422659 0.614299 0.43233 0.614772 0.402278 0.623668 0.406193 0.616444 0.388668 0.627542 0.388668 0.818374 0.600692 0.817854 0.593503 0.860361 0.595858 0.862232 0.603155 0.789586 0.592671 0.78978 0.585485 0.734509 0.355273 0.747181 0.375063 0.740061 0.38099 0.727388 0.361055 0.727983 0.341733 0.720402 0.345755 0.756136 0.289261 0.759105 0.296584 0.726383 0.28563 0.734991 0.310679 0.697454 0.267128 0.698874 0.282008 0.675337 0.24406 0.676753 0.280771 0.654297 0.276806 0.654297 0.237159 0.676342 0.216253 0.69618 0.227741 0.752767 0.277316 0.724847 0.258108 0.676753 0.280771 0.675337 0.24406 0.698874 0.282008 0.697454 0.267128 0.734991 0.310679 0.726383 0.28563 0.759105 0.296584 0.69618 0.227741 0.676342 0.216253 0.724847 0.258108 0.752767 0.277316 0.756136 0.289261 0.749695 0.266416 0.752767 0.277316 0.756814 0.271958 0.756136 0.289261 0.760827 0.286529 0.759105 0.296584 0.762643 0.297894 0.646484 0.340141 0.646484 0.356619 0.60951 0.356637 0.646484 0.376911 0.60951 0.376912 0.646484 0.325882 0.60951 0.337076 0.646484 0.3109 0.60951 0.321383 0.646484 0.293677 0.60951 0.306318 0.646484 0.273391 0.60951 0.287667 0.646484 0.250697 0.60951 0.267417 0.646484 0.235634 0.60951 0.248913 0.646484 0.219933 0.60951 0.232793 0.646484 0.196757 0.60951 0.215781 0.784545 0.643773 0.746108 0.641597 0.740491 0.621107 0.773448 0.628002 0.716445 0.614676 0.729589 0.599609 0.705078 0.59375 0.705078 0.589844 0.731542 0.598078 0.685547 0.585938 0.685547 0.589844 0.740234 0.611129 0.729589 0.599609 0.731542 0.598078 0.741124 0.60951 0.754221 0.347968 0.795321 0.351576 0.756715 0.378667 0.754996 0.328283 0.794482 0.327021 0.815191 0.336815 0.80854 0.296269 0.815191 0.30113 0.924833 0.77538 0.928884 0.79017 0.893514 0.776959 0.731458 0.405341 0.726323 0.414765 0.755976 0.41512 0.760791 0.406392 0.760791 0.406392 0.755976 0.41512 0.765037 0.421212 0.749463 0.550778 0.787628 0.551355 0.74373 0.531182 0.723191 0.525525 0.779128 0.583047 0.771361 0.571124 0.771638 0.586556 0.772602 0.596627 0.780675 0.59645 0.769939 0.608336 0.778155 0.609176 0.780732 0.706494 0.771446 0.707379 0.762599 0.721677 0.77295 0.724868 0.748666 0.731285 0.752026 0.74109 0.731991 0.740894 0.717034 0.755859 0.928823 0.667682 0.916315 0.633422 0.881832 0.645289 0.90288 0.674438 0.945313 0.625977 0.947266 0.658203 0.942615 0.705437 0.957031 0.703125 0.958947 0.752055 0.921758 0.707866 0.934779 0.749425 0.924833 0.77538 0.957031 0.703125 0.99477 0.706416 0.947266 0.658203 0.99477 0.66933 0.945313 0.625977 0.99477 0.644854 0.904947 0.587411 0.900914 0.539366 0.873563 0.539366 0.874321 0.587411 0.936376 0.587411 0.926935 0.539366 0.849976 0.635513 0.829139 0.665082 0.868182 0.647065 0.823422 0.635729 0.795235 0.646916 0.786174 0.665356 0.793524 0.683646 0.820634 0.695766 0.847179 0.69576 0.866461 0.684093 0.872084 0.665311 0.874321 0.587411 0.873563 0.539366 0.858022 0.570862 0.837319 0.572484 0.839809 0.535476 0.816978 0.577816 0.805135 0.54616 0.805135 0.577927 0.815191 0.336815 0.847044 0.329289 0.815191 0.30113 0.858025 0.627288 0.898777 0.614545 0.897652 0.609647 0.856383 0.61846 0.92647 0.595903 0.929898 0.601272 0.80612 0.380732 0.845259 0.367811 0.844527 0.359975 0.80612 0.373372 0.795954 0.624051 0.862232 0.603155 0.818374 0.600692 0.789586 0.592671 0.621094 0.574684 0.631582 0.571876 0.627827 0.549267 0.612467 0.552062 0.621094 0.589246 0.631635 0.589816 0.621094 0.605469 0.632407 0.612081 0.616444 0.648837 0.627542 0.648837 0.592553 0.523939 0.572378 0.483492 0.618432 0.520998 0.574748 0.454083 0.607792 0.486374 0.583632 0.422659 0.609346 0.458733 0.614772 0.402278 0.614299 0.43233 0.616444 0.388668 0.623668 0.406193 0.818374 0.600692 0.862232 0.603155 0.860361 0.595858 0.817854 0.593503 0.789586 0.592671 0.78978 0.585485 0.734509 0.355273 0.727388 0.361055 0.740061 0.38099 0.747181 0.375063 0.727983 0.341733 0.720402 0.345755 0.756814 0.271958 0.754471 0.262499 0.752767 0.277316 0.756136 0.289261 0.760827 0.286529 0.759105 0.296584 0.646484 0.340141 0.60951 0.337076 0.60951 0.356637 0.646484 0.356619 0.60951 0.376912 0.646484 0.376911 0.646484 0.325882 0.60951 0.321383 0.646484 0.3109 0.60951 0.306318 0.646484 0.293677 0.60951 0.287667 0.646484 0.273391 0.60951 0.267417 0.646484 0.250697 0.60951 0.248913 0.646484 0.235634 0.60951 0.232793 0.646484 0.219933 0.60951 0.215781 0.646484 0.196757 0.60951 0.196757 0.784545 0.643773 0.773448 0.628002 0.740491 0.621107 0.746108 0.641597 0.716445 0.614676 0.729589 0.599609 0.731542 0.598078 0.705078 0.589844 0.705078 0.59375 0.685547 0.585938 0.685547 0.589844 0.740234 0.611129 0.741124 0.60951 0.731542 0.598078 0.729589 0.599609 0.79214 0.388418 0.795321 0.351576 0.756715 0.378667 0.739253 0.311789 0.762643 0.297894 0.734991 0.310679 0.940887 0.066844 0.902571 0.066844 0.935553 0.049762 0.943074 0.079346 0.902571 0.079346 0.902571 0.049762 0.932887 0.036886 0.803194 0.003906 0.803194 0.055396 0.76079 0.003906 0.75145 0.079523 0.748182 0.091358 0.748182 0.144873 0.790586 0.144873 0.76079 0.003906 0.75145 0.079523 0.75145 0.003906 0.733716 0.003906 0.733716 0.056719 0.69176 0.003906 0.675763 0.083696 0.674247 0.095498 0.674247 0.14637 0.716203 0.14637 0.69176 0.003906 0.675763 0.083696 0.675763 0.003906 0.66354 0.003906 0.66354 0.064969 0.622264 0.003906 0.48364 0.003906 0.504949 0.060785 0.456759 0.003906 0.456759 0.003906 0.453281 0.125879 0.440534 0.003906 0.429745 0.003958 0.40616 0.099084 0.390659 0.010492 0.326179 0.110255 0.412747 0.110255 0.397461 0.198242 0.559245 0.003906 0.584231 0.041388 0.520841 0.003906 0.520841 0.003906 0.535255 0.114291 0.502385 0.003906 0.803194 0.055396 0.803194 0.003906 0.76079 0.003906 0.748182 0.091358 0.805697 0.068984 0.790586 0.144873 0.748182 0.144873 0.733716 0.056719 0.733716 0.003906 0.69176 0.003906 0.674247 0.14637 0.674247 0.095498 0.716203 0.14637 0.733716 0.068604 0.600995 0.165242 0.600995 0.104048 0.642271 0.165242 0.48024 0.201519 0.45901 0.144193 0.507121 0.201519 0.319591 0.099084 0.40616 0.099084 0.390659 0.010492 0.436332 0.205152 0.412747 0.110255 0.397461 0.198242 0.551058 0.185546 0.527279 0.149265 0.589462 0.185546 0.179332 0.837521 0.173289 0.831162 0.181261 0.819078 0.192322 0.831035 0.180943 0.846123 0.195574 0.847036 0.17809 0.854439 0.190309 0.862398 0.171567 0.860118 0.178155 0.872936 0.163132 0.861728 0.162591 0.875838 0.155138 0.858956 0.14777 0.870696 0.149616 0.852648 0.137455 0.858979 0.147932 0.844433 0.134304 0.843694 0.150475 0.836405 0.139011 0.828801 0.156672 0.830611 0.150423 0.818078 0.164985 0.828688 0.165872 0.814432 0.171628 0.833449 0.176454 0.838808 0.178029 0.845966 0.175661 0.852922 0.1702 0.857686 0.163135 0.859074 0.164704 0.831338 0.157716 0.832929 0.152469 0.8378 0.150327 0.844559 0.151774 0.851463 0.156424 0.856767 0.095282 0.838061 0.105234 0.85337 0.089146 0.84518 0.08732 0.854493 0.090294 0.863505 0.097272 0.869802 0.106383 0.871695 0.115186 0.868679 0.121322 0.861561 0.123147 0.852247 0.120173 0.843235 0.113196 0.836938 0.104085 0.835045 0.176454 0.838808 0.164007 0.845237 0.171628 0.833449 0.178029 0.845966 0.175661 0.852922 0.1702 0.857686 0.163135 0.859074 0.156424 0.856767 0.151774 0.851463 0.150327 0.844559 0.152469 0.8378 0.157716 0.832929 0.164704 0.831338 0.596699 0.393616 0.819631 0.065429 0.369678 0.374674 0.349257 0.503035 0.377865 0.492741 0.367035 0.484223 0.381694 0.503525 0.346541 0.481327 0.336841 0.483203 0.324807 0.490483 0.318572 0.502572 0.377535 0.514184 0.366449 0.522363 0.324442 0.514842 0.336252 0.522478 0.34589 0.524642 0.50306 0.374674 0.485154 0.374674 0.46813 0.374674 0.451462 0.374674 0.435105 0.374674 0.418748 0.374674 0.402391 0.374674 0.386034 0.374674 0.369678 0.374674 0.959316 0.865722 0.927734 0.875594 0.927734 0.836437 0.962524 0.818717 0.996042 0.856166 0.996042 0.807163 0.962524 0.818717 0.959316 0.865722 0.927734 0.836437 0.927734 0.875594 0.927734 0.836437 0.927734 0.875594 0.896309 0.858545 0.862352 0.868621 0.931854 0.99601 0.965601 0.99601 0.931854 0.99601 0.896309 0.891879 0.862352 0.99601 0.931854 0.99601 0.896309 0.99601 0.862352 0.99601 0.996042 0.894419 0.966247 0.906643 0.966247 0.888161 0.996042 0.873349 0.933894 0.905466 0.931854 0.917449 0.966247 0.888161 0.966247 0.906643 0.933894 0.905466 0.931854 0.917449 0.931854 0.917449 0.896309 0.891879 0.896309 0.875409 0.933894 0.905466 0.862352 0.917449 0.810508 0.868621 0.862352 0.868621 0.862352 0.868621 0.862352 0.99601 0.862352 0.99601 0.927928 0.822445 0.973469 0.77134 0.962524 0.818717 0.927734 0.836437 0.996042 0.807163 0.962524 0.818717 0.869469 0.82538 0.896309 0.804164 0.896309 0.813359 0.862352 0.843672 0.720832 0.790571 0.800842 0.793258 0.75293 0.81037 0.75293 0.788248 0.779623 0.810682 0.800842 0.994922 0.781858 0.990899 0.779693 0.965265 0.800842 0.970728 0.75293 0.96765 0.75293 0.996116 0.720832 0.947812 0.720832 0.974228 0.75293 0.996116 0.75293 0.96765 0.781858 0.990899 0.779693 0.965265 0.800842 0.994922 0.800842 0.970728 0.75293 0.9358 0.75293 0.961823 0.720832 0.915986 0.720832 0.942165 0.75293 0.961823 0.75293 0.9358 0.781527 0.960435 0.800842 0.911519 0.720832 0.910338 0.75293 0.930103 0.75293 0.904473 0.780861 0.929764 0.800842 0.90584 0.778816 0.874046 0.800842 0.881837 0.800842 0.881837 0.800842 0.876104 0.779602 0.868648 0.778557 0.844106 0.800842 0.852172 0.75293 0.843913 0.75293 0.867643 0.720832 0.828691 0.720832 0.851213 0.75293 0.867643 0.75293 0.843913 0.779602 0.868648 0.778557 0.844106 0.800842 0.876104 0.800842 0.852172 0.800842 0.846382 0.779182 0.838702 0.779002 0.815718 0.800842 0.822488 0.75293 0.815047 0.75293 0.838455 0.720832 0.795526 0.720832 0.822816 0.75293 0.838455 0.75293 0.815047 0.779182 0.838702 0.779002 0.815718 0.800842 0.846382 0.800842 0.822488 0.778816 0.874046 0.779602 0.868648 0.800842 0.876104 0.800842 0.881837 0.75293 0.873391 0.75293 0.867643 0.720832 0.857058 0.720832 0.851213 0.75293 0.867643 0.75293 0.873391 0.779602 0.868648 0.778816 0.874046 0.800842 0.876104 0.800842 0.881837 0.778557 0.844106 0.779182 0.838702 0.800842 0.846382 0.800842 0.852172 0.75293 0.843913 0.75293 0.838455 0.720832 0.828691 0.720832 0.822816 0.75293 0.838455 0.75293 0.843913 0.779182 0.838702 0.778557 0.844106 0.800842 0.846382 0.800842 0.852172 0.779002 0.815718 0.779623 0.810682 0.800842 0.816635 0.800842 0.822488 0.75293 0.815047 0.75293 0.81037 0.720832 0.795526 0.720832 0.790571 0.75293 0.81037 0.75293 0.815047 0.779623 0.810682 0.779002 0.815718 0.800842 0.816635 0.800842 0.822488 0.800842 0.911519 0.780861 0.929764 0.75293 0.9358 0.75293 0.930103 0.720832 0.915986 0.720832 0.910338 0.75293 0.930103 0.75293 0.9358 0.780861 0.929764 0.779441 0.934826 0.800842 0.93553 0.800842 0.941157 0.779693 0.965265 0.781527 0.960435 0.800842 0.965153 0.800842 0.970728 0.75293 0.96765 0.75293 0.961823 0.720832 0.947812 0.720832 0.942165 0.75293 0.961823 0.75293 0.96765 0.781527 0.960435 0.779693 0.965265 0.800842 0.965153 0.800842 0.970728 0.869469 0.82538 0.869244 0.804164 0.896309 0.804164 0.896309 0.836766 0.896309 0.813359 0.862352 0.843672 0.927734 0.836437 0.927734 0.875594 0.896309 0.858545 0.862352 0.868621 0.931854 0.917449 0.933894 0.905466 0.896309 0.875409 0.896309 0.891879 0.862352 0.917449 0.927928 0.822445 0.927734 0.836437 0.962524 0.818717 0.973469 0.77134 0.862352 0.843672 0.927928 0.822445 0.869469 0.82538 0.656779 0.957058 0.66695 0.302002 0.778 0.441957 0.741848 0.447159 0.77173 0.428934 0.700899 0.431617 0.677489 0.423167 0.654297 0.389158 0.654297 0.414139 0.677489 0.423167 0.673005 0.393591 0.700899 0.431617 0.695322 0.412441 0.73423 0.436841 0.670803 0.373057 0.687815 0.379402 0.726323 0.414765 0.765037 0.421212 0.755976 0.41512 0.77173 0.428934 0.778 0.441957 0.741848 0.447159 0.77173 0.428934 0.778657 0.423463 0.778 0.441957 0.785879 0.437369 0.788437 0.512793 0.751747 0.515636 0.738151 0.506752 0.785348 0.493867 0.778945 0.481786 0.730701 0.477071 0.695523 0.476703 0.703621 0.505776 0.674182 0.449179 0.675329 0.473014 0.682047 0.504122 0.654297 0.464311 0.654297 0.493202 0.654297 0.439215 0.769068 0.473812 0.682047 0.504122 0.675329 0.473014 0.703621 0.505776 0.674182 0.449179 0.695523 0.476703 0.738151 0.506752 0.730701 0.477071 0.778945 0.481786 0.769068 0.473812 0.785348 0.493867 0.788437 0.512793 0.751747 0.515636 0.787628 0.551355 0.749463 0.550778 0.74373 0.531182 0.776726 0.538733 0.723191 0.525525 0.730701 0.477071 0.735318 0.467311 0.770517 0.466444 0.769068 0.473812 0.695523 0.476703 0.702531 0.465858 0.674182 0.449179 0.677335 0.438083 0.654297 0.439215 0.654297 0.427363 0.677335 0.438083 0.674182 0.449179 0.702531 0.465858 0.695523 0.476703 0.735318 0.467311 0.730701 0.477071 0.770517 0.466444 0.769068 0.473812 0.770517 0.466444 0.785507 0.475648 0.778945 0.481786 0.769068 0.473812 0.785348 0.493867 0.793479 0.490037 0.788437 0.512793 0.79722 0.509635 0.654297 0.517955 0.674099 0.528347 0.766995 0.57727 0.674099 0.528347 0.729635 0.56568 0.736484 0.558691 0.771361 0.571124 0.766995 0.57727 0.696774 0.557161 0.704486 0.549869 0.674099 0.528347 0.681219 0.519322 0.654297 0.517955 0.654297 0.506716 0.681219 0.519322 0.674099 0.528347 0.704486 0.549869 0.696774 0.557161 0.736484 0.558691 0.729635 0.56568 0.771361 0.571124 0.766995 0.57727 0.771361 0.571124 0.766995 0.57727 0.987876 0.333984 0.941306 0.347864 0.940971 0.298083 0.987876 0.273318 0.910471 0.347864 0.879662 0.347864 0.879445 0.298083 0.910471 0.298083 0.940971 0.298083 0.941306 0.347864 0.934779 0.749425 0.924833 0.77538 0.969521 0.762284 0.99477 0.746043 0.962535 0.766901 0.928884 0.79017 0.985529 0.523209 0.936376 0.587411 0.926935 0.539366 0.900914 0.539366 0.926935 0.539366 0.936376 0.587411 0.985753 0.493574 0.939649 0.505313 0.934894 0.457914 0.985753 0.435877 0.898204 0.499223 0.873648 0.497245 0.86796 0.457914 0.901127 0.457914 0.934894 0.457914 0.939649 0.505313 0.930191 0.429556 0.900723 0.421062 0.869522 0.417744 0.869522 0.384331 0.900723 0.384331 0.930097 0.384331 0.930191 0.429556 0.874321 0.587411 0.832864 0.490816 0.805196 0.503577 0.805196 0.46051 0.835158 0.449041 0.86796 0.457914 0.873648 0.497245 0.841908 0.404862 0.80612 0.413542 0.80612 0.380732 0.845259 0.367811 0.869522 0.384331 0.869522 0.417744 0.847044 0.329289 0.815191 0.336815 0.815191 0.30113 0.851727 0.294412 0.879445 0.298083 0.879662 0.347864 0.94849 0.203032 0.987876 0.184327 0.987876 0.250201 0.94849 0.264946 0.813019 0.2341 0.85261 0.193667 0.842312 0.262599 0.813019 0.280206 0.879838 0.264946 0.879838 0.203032 0.879838 0.203032 0.914486 0.203032 0.914486 0.264946 0.879838 0.264946 0.94849 0.264946 0.94849 0.203032 0.968194 0.104501 0.991879 0.092177 0.991879 0.117012 0.965718 0.134742 0.970671 0.074258 0.991879 0.067343 0.863169 0.132796 0.882783 0.130495 0.883384 0.155985 0.862856 0.160588 0.839313 0.127445 0.839313 0.149886 0.900391 0.155985 0.899612 0.130495 0.917969 0.15625 0.917247 0.130627 0.932816 0.155985 0.932302 0.130495 0.899374 0.184713 0.88138 0.180599 0.862856 0.160588 0.863169 0.132796 0.883384 0.155985 0.882783 0.130495 0.900391 0.155985 0.899612 0.130495 0.917969 0.15625 0.917247 0.130627 0.932816 0.155985 0.932302 0.130495 0.899374 0.184713 0.88138 0.180599 0.931789 0.105004 0.916524 0.105004 0.898833 0.105004 0.882183 0.105004 0.863482 0.105004 0.839313 0.105004 0.863482 0.105004 0.882183 0.105004 0.898833 0.105004 0.916524 0.105004 0.931789 0.105004 0.932302 0.130495 0.947924 0.121716 0.948957 0.143845 0.932816 0.155985 0.965718 0.134742 0.968194 0.104501 0.931789 0.105004 0.946891 0.099586 0.970671 0.074258 0.823907 0.142043 0.831207 0.142043 0.83058 0.162895 0.819083 0.164453 0.829953 0.183747 0.81426 0.186863 0.721929 0.161005 0.73648 0.161025 0.737615 0.187923 0.723314 0.186609 0.75 0.188639 0.75 0.161041 0.769257 0.188613 0.769257 0.16106 0.70699 0.183032 0.70699 0.160992 0.783235 0.188124 0.784066 0.161074 0.721929 0.161005 0.723314 0.186609 0.737615 0.187923 0.73648 0.161025 0.75 0.188639 0.75 0.161041 0.769257 0.188613 0.769257 0.16106 0.783235 0.188124 0.784066 0.161074 0.782403 0.215173 0.769257 0.216166 0.75 0.216238 0.738751 0.214821 0.724699 0.212213 0.70699 0.205073 0.724699 0.212213 0.738751 0.214821 0.75 0.216238 0.769257 0.216166 0.782403 0.215173 0.784066 0.161074 0.798921 0.161081 0.798997 0.185718 0.783235 0.188124 0.819083 0.164453 0.823907 0.142043 0.799072 0.210356 0.782403 0.215173 0.81426 0.186863 0.926935 0.539366 0.926964 0.536737 0.967325 0.51054 0.985529 0.523209 0.926935 0.539366 0.926964 0.536737 0.873563 0.539366 0.873973 0.536737 0.900914 0.536737 0.900914 0.539366 0.926964 0.536737 0.926935 0.539366 0.805135 0.54616 0.805135 0.541118 0.839005 0.53297 0.839809 0.535476 0.873973 0.536737 0.873563 0.539366 0.934894 0.457914 0.937706 0.44989 0.969733 0.427045 0.985753 0.435877 0.86796 0.457914 0.869215 0.44989 0.900032 0.44989 0.901127 0.457914 0.937706 0.44989 0.934894 0.457914 0.805196 0.46051 0.805196 0.452893 0.834072 0.441939 0.835158 0.449041 0.869215 0.44989 0.86796 0.457914 0.934448 0.375752 0.869522 0.384331 0.869522 0.375752 0.900723 0.375752 0.900723 0.384331 0.934448 0.375752 0.930097 0.384331 0.845259 0.367811 0.869522 0.375752 0.869522 0.384331 0.97657 0.264169 0.987876 0.273318 0.940971 0.298083 0.941363 0.290057 0.879445 0.298083 0.879295 0.290057 0.910471 0.290057 0.910471 0.298083 0.941363 0.290057 0.940971 0.298083 0.847726 0.289383 0.851727 0.294412 0.815191 0.30113 0.80854 0.296269 0.879295 0.290057 0.879445 0.298083 0.879838 0.203032 0.879838 0.193853 0.914486 0.193853 0.914486 0.203032 0.942352 0.193853 0.94849 0.203032 0.977149 0.167841 0.987876 0.184327 0.94849 0.203032 0.942352 0.193853 0.852354 0.185383 0.85261 0.193667 0.813019 0.2341 0.813019 0.225512 0.879838 0.193853 0.879838 0.203032 0.931789 0.105004 0.930037 0.095703 0.943353 0.091964 0.946891 0.099586 0.966082 0.069514 0.970671 0.074258 0.991879 0.060627 0.991879 0.067343 0.970671 0.074258 0.966082 0.069514 0.864615 0.095703 0.863482 0.105004 0.839313 0.105004 0.839313 0.095703 0.88181 0.095703 0.882183 0.105004 0.895508 0.095703 0.898833 0.105004 0.912109 0.095703 0.916524 0.105004 0.930037 0.095703 0.931789 0.105004 0.864615 0.095703 0.863482 0.105004 0.88181 0.095703 0.882183 0.105004 0.895508 0.095703 0.898833 0.105004 0.912109 0.095703 0.916524 0.105004 0.930037 0.095703 0.931789 0.105004 0.646484 0.416395 0.646484 0.440801 0.646484 0.388668 0.646484 0.463757 0.646484 0.490446 0.646484 0.519689 0.646484 0.546741 0.646484 0.568625 0.646484 0.591264 0.632407 0.612081 0.646484 0.619516 0.646484 0.648837 0.627542 0.648837 0.616444 0.648837 0.823907 0.13394 0.831207 0.13394 0.831207 0.142043 0.823907 0.142043 0.70699 0.152283 0.721409 0.152327 0.721929 0.161005 0.70699 0.160992 0.73648 0.161025 0.735238 0.152391 0.75 0.161041 0.754883 0.152464 0.769257 0.16106 0.770508 0.152536 0.784066 0.161074 0.783487 0.152612 0.798921 0.161081 0.798921 0.15267 0.721929 0.161005 0.721409 0.152327 0.73648 0.161025 0.735238 0.152391 0.75 0.161041 0.754883 0.152464 0.769257 0.16106 0.770508 0.152536 0.784066 0.161074 0.783487 0.152612 0.798921 0.161081 0.798921 0.15267 0.798921 0.15267 0.823907 0.13394 0.823907 0.142043 0.798921 0.161081 0.979279 0.012037 0.946595 0.003906 0.984011 0.003906 0.947911 0.020302 0.927438 0.003906 0.939062 0.024121 0.929343 0.024862 0.916267 0.022886 0.911249 0.019172 0.906195 0.013145 0.906535 0.003906 0.906195 0.013145 0.911249 0.019172 0.916267 0.022886 0.929343 0.024862 0.939062 0.024121 0.947911 0.020302 0.979279 0.012037 0.984011 0.003906 0.654297 0.208673 0.749695 0.266416 0.654297 0.193844 0.680021 0.201413 0.676342 0.216253 0.654297 0.208673 0.69618 0.227741 0.702691 0.21659 0.724847 0.258108 0.732682 0.250214 0.676342 0.216253 0.680021 0.201413 0.69618 0.227741 0.702691 0.21659 0.724847 0.258108 0.732682 0.250214 0.732682 0.250214 0.754471 0.262499 0.749695 0.266416 0.724847 0.258108 0.754471 0.262499 0.749695 0.266416 0.60951 0.196757 0.78801 0.725609 0.834596 0.749715 0.778202 0.753206 0.815589 0.706993 0.850761 0.70799 0.879813 0.725468 0.891467 0.750007 0.881548 0.774323 0.853583 0.790811 0.818525 0.792367 0.789806 0.77819 0.737881 0.509026 0.703793 0.508024 0.703621 0.505776 0.738151 0.506752 0.682047 0.504122 0.682228 0.506722 0.750805 0.517612 0.737881 0.509026 0.738151 0.506752 0.751747 0.515636 0.800341 0.251136 0.76263 0.254251 0.758806 0.233339 0.792874 0.239377 0.735768 0.222744 0.733417 0.439237 0.700499 0.433926 0.700899 0.431617 0.73423 0.436841 0.677489 0.423167 0.676828 0.425643 0.740174 0.448536 0.733417 0.439237 0.73423 0.436841 0.741848 0.447159 0.79214 0.388418 0.762643 0.297894 0.739253 0.311789 0.734991 0.310679 0.759105 0.296584 0.897669 0.791725 0.770577 0.414 0.77173 0.428934 0.778657 0.423463 0.778 0.441957 0.785879 0.437369 0.776726 0.538733 0.770517 0.466444 0.769068 0.473812 0.778945 0.481786 0.785507 0.475648 0.785348 0.493867 0.793479 0.490037 0.788437 0.512793 0.79722 0.509635 0.766995 0.57727 0.987876 0.333984 0.987876 0.273318 0.940971 0.298083 0.941306 0.347864 0.910471 0.347864 0.910471 0.298083 0.879445 0.298083 0.879662 0.347864 0.940971 0.298083 0.941306 0.347864 0.966797 0.748047 0.969521 0.762284 0.99477 0.746043 0.99477 0.733411 0.962535 0.766901 0.928884 0.79017 0.985753 0.493574 0.985753 0.435877 0.934894 0.457914 0.939649 0.505313 0.898204 0.499223 0.901127 0.457914 0.86796 0.457914 0.873648 0.497245 0.934894 0.457914 0.939649 0.505313 0.985798 0.414483 0.985798 0.35732 0.930097 0.384331 0.930191 0.429556 0.900723 0.421062 0.900723 0.384331 0.869522 0.384331 0.869522 0.417744 0.930097 0.384331 0.930191 0.429556 0.832864 0.490816 0.835158 0.449041 0.805196 0.46051 0.805196 0.503577 0.86796 0.457914 0.873648 0.497245 0.841908 0.404862 0.845259 0.367811 0.80612 0.380732 0.80612 0.413542 0.869522 0.384331 0.869522 0.417744 0.851727 0.294412 0.879445 0.298083 0.879662 0.347864 0.94849 0.203032 0.94849 0.264946 0.987876 0.250201 0.987876 0.184327 0.813019 0.2341 0.813019 0.280206 0.842312 0.262599 0.85261 0.193667 0.879838 0.264946 0.879838 0.203032 0.879838 0.203032 0.879838 0.264946 0.914486 0.264946 0.914486 0.203032 0.94849 0.264946 0.94849 0.203032 0.968194 0.104501 0.965718 0.134742 0.991879 0.117012 0.991879 0.092177 0.991879 0.067343 0.970671 0.074258 0.932302 0.130495 0.932816 0.155985 0.948957 0.143845 0.947924 0.121716 0.965718 0.134742 0.968194 0.104501 0.970671 0.074258 0.946891 0.099586 0.931789 0.105004 0.823907 0.142043 0.819083 0.164453 0.83058 0.162895 0.831207 0.142043 0.829953 0.183747 0.81426 0.186863 0.784066 0.161074 0.783235 0.188124 0.798997 0.185718 0.798921 0.161081 0.819083 0.164453 0.823907 0.142043 0.799072 0.210356 0.782403 0.215173 0.81426 0.186863 0.873563 0.539366 0.900914 0.539366 0.900914 0.536737 0.873973 0.536737 0.926964 0.536737 0.926935 0.539366 0.805135 0.54616 0.839809 0.535476 0.839005 0.53297 0.805135 0.541118 0.873973 0.536737 0.873563 0.539366 0.934894 0.457914 0.985753 0.435877 0.969733 0.427045 0.937706 0.44989 0.86796 0.457914 0.901127 0.457914 0.900032 0.44989 0.869215 0.44989 0.937706 0.44989 0.934894 0.457914 0.805196 0.46051 0.835158 0.449041 0.834072 0.441939 0.805196 0.452893 0.869215 0.44989 0.86796 0.457914 0.930097 0.384331 0.985798 0.35732 0.968984 0.347656 0.934448 0.375752 0.869522 0.384331 0.900723 0.384331 0.900723 0.375752 0.869522 0.375752 0.934448 0.375752 0.930097 0.384331 0.869522 0.375752 0.869522 0.384331 0.97657 0.264169 0.941363 0.290057 0.940971 0.298083 0.987876 0.273318 0.879445 0.298083 0.910471 0.298083 0.910471 0.290057 0.879295 0.290057 0.941363 0.290057 0.940971 0.298083 0.847726 0.289383 0.80854 0.296269 0.815191 0.30113 0.851727 0.294412 0.879295 0.290057 0.879445 0.298083 0.879838 0.203032 0.914486 0.203032 0.914486 0.193853 0.879838 0.193853 0.942352 0.193853 0.94849 0.203032 0.977149 0.167841 0.942352 0.193853 0.94849 0.203032 0.987876 0.184327 0.852354 0.185383 0.813019 0.225512 0.813019 0.2341 0.85261 0.193667 0.879838 0.193853 0.879838 0.203032 0.931789 0.105004 0.946891 0.099586 0.943353 0.091964 0.930037 0.095703 0.966082 0.069514 0.970671 0.074258 0.991879 0.060627 0.966082 0.069514 0.970671 0.074258 0.991879 0.067343 0.646484 0.440801 0.646484 0.416395 0.646484 0.388668 0.627542 0.388668 0.646484 0.463757 0.646484 0.490446 0.646484 0.519689 0.646484 0.546741 0.646484 0.568625 0.646484 0.591264 0.646484 0.619516 0.646484 0.648837 0.823907 0.13394 0.823907 0.142043 0.831207 0.142043 0.831207 0.13394 0.798921 0.15267 0.798921 0.161081 0.823907 0.142043 0.823907 0.13394 0.732682 0.250214 0.724847 0.258108 0.749695 0.266416 0.754471 0.262499 0.749695 0.266416 0.762643 0.297894 0.834596 0.749715 0.78801 0.725609 0.778202 0.753206 0.815589 0.706993 0.850761 0.70799 0.879813 0.725468 0.891467 0.750007 0.881548 0.774323 0.853583 0.790811 0.818525 0.792367 0.789806 0.77819 0.737881 0.509026 0.738151 0.506752 0.703621 0.505776 0.703793 0.508024 0.682047 0.504122 0.682228 0.506722 0.750805 0.517612 0.751747 0.515636 0.738151 0.506752 0.737881 0.509026 0.800341 0.251136 0.792874 0.239377 0.758806 0.233339 0.76263 0.254251 0.735768 0.222744 0.733417 0.439237 0.73423 0.436841 0.700899 0.431617 0.700499 0.433926 0.677489 0.423167 0.676828 0.425643 0.740174 0.448536 0.741848 0.447159 0.73423 0.436841 0.733417 0.439237 0.754221 0.347968 0.794482 0.327021 0.754996 0.328283 0.759105 0.296584 0.80854 0.296269 0.815191 0.336815 0.815191 0.30113 0.928884 0.79017 0.924833 0.77538 0.893514 0.776959 0.897669 0.791725 0.902571 0.036886 0.940887 0.066844 0.902571 0.066844 0.935553 0.049762 0.902571 0.049762 0.805697 0.068984 0.733716 0.068604 0.600995 0.087669 0.66354 0.081192 0.600995 0.104048 0.642271 0.165242 0.600995 0.165242 0.622264 0.003906 0.600995 0.087669 0.600995 0.003906 0.453281 0.125879 0.51054 0.0798 0.45901 0.144193 0.507121 0.201519 0.48024 0.201519 0.319591 0.099084 0.436332 0.205152 0.535255 0.114291 0.574878 0.078649 0.527279 0.149265 0.589462 0.185546 0.551058 0.185546 0.75145 0.079523 0.75145 0.079523 0.76079 0.003906 0.75145 0.003906 0.675763 0.083696 0.675763 0.083696 0.69176 0.003906 0.675763 0.003906 0.600995 0.087669 0.66354 0.064969 0.622264 0.003906 0.66354 0.003906 0.66354 0.081192 0.600995 0.087669 0.622264 0.003906 0.600995 0.003906 0.453281 0.125879 0.504949 0.060785 0.456759 0.003906 0.48364 0.003906 0.51054 0.0798 0.453281 0.125879 0.456759 0.003906 0.440534 0.003906 0.429745 0.003958 0.326179 0.110255 0.535255 0.114291 0.584231 0.041388 0.520841 0.003906 0.559245 0.003906 0.574878 0.078649 0.535255 0.114291 0.520841 0.003906 0.502385 0.003906</float_array>
          <technique_common>
            <accessor source="#GeometrySource2-array" count="6170" stride="2">
              <param name="S" type="float"/>
              <param name="T" type="float"/>
            </accessor>
          </technique_common>
        </source>
        <vertices id="Geometry-vertices">
          <input semantic="POSITION" source="#GeometrySource"/>
          <input semantic="NORMAL" source="#GeometrySource1"/>
          <input semantic="TEXCOORD" source="#GeometrySource2"/>
        </vertices>
        <triangles material="VisualMaterial0" count="5906">
          <input semantic="VERTEX" source="#Geometry-vertices" offset="0"/>
          <p>0 1 2 3 0 2 0 4 1 4 5 1 4 6 5 6 7 5 6 8 7 8 9 7 8 10 9 10 11 9 10 12 11 12 13 11 12 14 13 14 15 13 14 16 15 16 17 15 16 18 17 18 19 17 18 20 19 20 21 19 20 22 21 22 23 21 22 3 23 3 2 23 24 3 22 25 0 3 24 25 3 25 26 0 26 4 0 27 6 4 26 27 4 28 8 6 27 28 6 28 29 8 29 10 8 30 22 20 30 24 22 31 20 18 31 30 20 32 18 16 32 31 18 33 16 14 33 32 16 34 33 14 34 14 12 35 12 10 29 35 10 35 34 12 36 37 38 36 38 39 36 39 40 36 40 41 36 41 42 36 42 43 36 43 44 36 44 45 36 45 46 36 46 47 36 48 37 36 47 48 49 50 51 49 52 50 49 53 52 49 54 53 49 55 54 49 56 55 49 57 56 49 58 57 49 59 58 49 60 59 49 51 61 49 61 60 62 63 64 65 62 64 65 66 62 66 67 62 66 68 67 68 69 67 64 63 70 63 71 70 70 71 72 71 73 72 72 73 74 73 75 74 72 74 76 70 72 77 77 72 76 64 70 78 78 70 77 79 64 78 65 64 79 65 80 66 80 65 79 66 81 68 80 81 66 81 82 68 73 83 75 84 85 86 87 86 85 88 87 85 88 85 89 89 85 90 91 88 89 92 87 88 93 88 91 93 92 88 94 92 93 95 94 93 95 93 96 96 93 91 97 95 96 97 98 95 95 99 94 98 99 95 98 100 99 100 101 99 99 102 94 99 101 102 101 103 102 98 97 104 104 97 96 105 104 96 105 96 91 106 98 104 100 98 106 107 100 106 107 106 108 109 107 108 108 106 110 110 104 105 106 104 110 111 110 105 111 105 112 112 105 91 112 91 89 113 111 112 113 112 114 114 89 90 114 112 89 115 113 114 114 116 115 117 118 119 120 117 119 119 118 121 118 122 121 123 117 120 124 123 120 125 123 124 126 125 124 122 127 121 127 128 121 127 129 128 129 130 128 129 131 130 131 132 130 131 133 132 133 134 132 135 136 137 138 135 137 139 140 141 142 143 144 145 142 144 144 143 146 143 147 146 148 142 145 149 148 145 150 148 149 151 150 149 152 150 151 153 152 151 153 154 152 154 153 155 153 156 155 153 157 156 147 158 146 158 159 146 158 160 159 160 161 159 160 162 161 162 163 161 162 164 163 164 165 163 164 166 165 166 167 165 168 167 166 167 168 169 170 167 169 171 167 170 172 173 174 175 172 174 174 173 176 177 172 175 178 177 175 179 177 178 180 179 178 181 179 180 182 181 180 183 181 182 184 183 182 173 172 185 173 185 176 172 177 186 172 186 185 177 179 187 177 187 186 179 181 188 179 188 187 181 183 189 181 189 188 183 190 189 191 192 183 193 191 183 192 194 183 194 195 183 196 197 198 199 200 201 202 203 204 205 206 207 208 205 207 207 206 209 206 210 209 207 209 211 212 207 211 208 207 212 213 208 212 205 208 214 215 205 214 215 214 216 217 215 216 216 214 218 208 213 219 214 208 219 214 219 218 220 221 222 223 220 222 224 221 220 225 224 220 226 224 225 227 226 225 223 222 228 229 223 228 229 228 230 231 229 230 231 230 232 233 231 232 232 230 234 230 228 235 230 235 234 228 222 236 228 236 235 222 237 236 222 221 237 238 221 224 221 238 237 239 224 226 239 238 224 240 239 226 241 231 233 242 243 244 245 242 244 246 247 248 249 250 251 252 253 254 255 256 257 258 259 260 261 258 260 262 258 261 263 262 261 260 259 264 259 265 264 264 265 266 265 267 266 266 267 268 267 269 268 268 269 270 269 271 270 272 273 274 275 273 272 274 273 276 276 273 277 277 273 278 278 273 279 280 281 282 283 280 282 284 280 283 285 284 283 282 281 286 281 287 286 286 287 288 287 289 288 288 289 290 289 291 290 290 291 292 291 293 292 294 295 296 297 294 296 298 294 297 299 298 297 296 295 300 295 301 300 300 301 302 301 303 302 302 303 304 303 305 304 304 305 306 305 307 306 308 309 310 311 308 310 308 312 309 312 313 309 311 310 314 315 311 314 315 314 316 317 315 316 317 316 318 319 317 318 319 318 320 321 319 320 322 323 324 322 325 323 322 324 326 322 326 327 322 327 328 322 328 329 330 331 332 333 330 332 330 334 331 334 335 331 333 332 336 337 333 336 337 336 338 339 337 338 339 338 340 341 339 340 341 340 342 343 341 342 344 345 346 347 344 346 344 348 345 348 349 345 347 346 350 351 347 350 351 350 352 353 351 352 353 352 354 355 353 354 355 354 356 357 355 356 358 359 360 361 362 358 363 364 361 360 365 366 366 367 368 367 369 368 368 369 370 369 371 370 370 371 372 371 373 372 372 373 374 373 375 374 374 375 376 375 377 376 376 377 378 377 379 378 378 379 380 379 381 380 380 381 382 381 383 382 382 383 384 383 385 384 384 385 386 386 387 388 388 389 390 390 391 388 391 392 388 388 392 386 386 393 384 392 393 386 384 394 382 393 394 384 382 395 380 394 395 382 395 396 380 380 396 378 378 397 376 396 397 378 397 398 376 376 399 374 399 400 374 374 400 372 372 401 370 400 401 372 370 402 368 401 402 370 402 403 368 368 403 366 366 404 360 403 404 366 360 405 358 404 405 360 358 406 361 405 406 358 406 407 361 361 407 363 407 408 363 409 410 411 411 410 412 412 410 413 413 410 414 414 410 415 415 410 416 416 410 417 417 410 418 418 410 419 419 410 420 420 410 421 421 410 422 422 410 423 423 410 424 424 410 425 425 410 409 426 427 428 429 426 428 428 427 430 427 431 430 430 431 432 431 433 432 434 426 429 435 434 429 436 434 435 437 436 435 438 436 437 439 438 437 440 438 439 441 440 439 442 440 441 443 442 441 444 442 443 445 444 443 446 444 445 447 446 445 448 446 447 449 448 447 450 448 449 451 450 449 452 450 451 453 452 451 454 452 453 455 454 453 456 454 455 457 456 455 458 456 457 459 458 457 460 461 462 463 460 462 464 460 463 465 464 463 466 464 465 467 466 465 468 466 467 469 468 467 470 468 469 471 470 469 472 470 471 473 472 471 474 472 473 475 474 473 476 474 475 477 476 475 460 464 478 464 466 479 464 479 478 460 478 480 461 460 480 476 481 474 481 482 474 472 474 483 474 482 483 472 483 484 470 472 484 470 484 485 468 470 485 466 468 486 466 486 479 468 485 486 480 487 488 487 489 488 489 490 488 490 491 488 492 493 494 495 492 494 494 493 496 496 493 497 497 493 498 498 493 499 499 493 500 501 499 500 502 503 504 505 502 504 505 506 502 506 507 502 504 508 505 508 509 505 506 505 510 505 511 510 512 513 514 514 515 512 516 515 514 514 517 516 514 513 518 514 518 517 512 515 519 520 512 519 515 516 521 519 515 521 522 523 524 525 522 524 526 522 525 527 526 525 528 526 527 529 528 527 530 528 529 531 530 529 532 530 531 533 532 531 534 532 533 535 534 533 536 534 535 537 536 535 538 536 537 539 538 537 540 541 542 543 540 542 542 541 544 545 542 544 543 542 546 542 547 546 546 547 548 547 549 548 549 547 550 542 545 551 547 551 550 547 542 551 552 549 550 548 549 552 553 554 555 556 553 555 556 557 553 557 558 553 559 560 561 562 559 561 563 561 560 564 563 560 563 564 565 564 566 565 565 566 567 568 565 567 563 565 568 569 563 568 563 569 561 562 561 570 569 570 561 571 562 570 572 573 574 575 572 574 576 572 575 577 576 575 578 576 577 579 578 577 580 578 579 581 580 579 582 580 581 583 582 581 584 582 583 585 584 583 586 584 585 587 586 585 588 586 587 589 588 587 578 590 576 576 591 572 590 591 576 591 592 572 572 592 573 592 593 573 588 594 586 586 595 584 594 595 586 584 596 582 595 596 584 596 597 582 582 597 580 598 590 578 580 598 578 597 598 580 591 599 592 599 600 592 592 600 593 599 601 600 600 602 593 600 601 602 603 599 591 603 601 599 590 603 591 604 603 590 598 604 590 604 601 603 605 604 598 605 601 604 597 605 598 606 605 597 606 601 605 596 606 597 607 606 596 595 607 596 607 601 606 608 607 595 608 601 607 594 608 595 609 610 611 612 609 611 611 610 613 614 611 613 612 611 615 611 616 615 615 616 617 616 618 617 617 618 619 618 616 620 619 618 620 616 611 621 611 614 621 616 621 620 622 623 624 625 622 624 625 626 622 626 627 622 625 624 628 625 629 626 629 625 628 629 630 626 629 628 631 629 632 630 632 629 631 632 631 633 632 634 630 632 633 634 635 636 637 635 638 636 635 639 638 635 640 639 635 641 640 635 642 641 635 643 642 635 644 643 635 645 644 635 646 645 635 647 646 635 637 647 648 649 650 651 648 650 652 648 651 653 652 651 654 652 653 655 654 653 656 654 655 657 656 655 658 656 657 659 658 657 660 658 659 661 660 659 662 660 661 663 662 661 664 662 663 665 664 663 666 664 665 667 666 665 668 666 667 669 668 667 670 668 669 671 670 669 649 670 671 650 649 671 672 664 666 673 666 668 673 672 666 674 662 664 672 674 664 674 675 662 675 660 662 676 658 660 675 676 660 677 656 658 676 677 658 677 678 656 678 654 656 679 652 654 678 679 654 680 648 652 679 680 652 680 681 648 681 649 648 682 670 649 681 682 649 683 668 670 683 673 668 682 683 670 684 685 686 687 684 686 684 688 685 688 689 685 687 686 690 691 687 690 691 690 692 693 691 692 693 692 694 695 693 694 695 694 696 697 695 696 697 696 698 699 697 698 699 698 700 701 699 700 701 700 702 703 701 702 703 702 704 705 703 704 705 704 706 707 705 706 707 706 708 709 707 708 710 711 712 713 711 710 714 711 713 715 711 714 716 711 715 717 711 716 718 711 717 719 711 718 720 711 719 721 711 720 722 711 721 712 711 722 723 724 725 726 723 725 725 724 727 724 728 727 727 728 729 728 730 729 729 730 731 730 732 731 731 732 733 732 734 733 733 734 735 734 736 735 735 736 737 736 738 737 737 738 739 738 740 739 739 740 741 740 742 741 741 742 743 742 744 743 743 744 745 746 723 726 744 746 745 745 746 726 740 747 742 747 748 742 742 748 744 738 749 740 749 747 740 750 749 738 736 750 738 734 751 736 751 750 736 732 752 734 752 751 734 753 752 732 730 753 732 728 754 730 754 753 730 755 754 728 724 755 728 723 756 724 756 755 724 746 757 723 757 756 723 758 757 746 744 758 746 748 758 744 759 760 761 762 759 761 763 759 762 764 763 762 761 760 765 760 766 765 765 766 767 766 768 767 767 768 769 768 770 769 769 770 771 770 772 771 771 772 773 772 774 773 773 774 775 774 776 775 775 776 777 776 778 777 777 778 779 778 780 779 779 780 781 780 782 781 781 782 783 782 784 783 785 786 787 788 785 787 789 785 788 790 789 788 791 789 790 792 791 790 793 791 792 794 793 792 795 793 794 796 795 794 787 786 797 786 798 797 799 800 801 802 799 801 803 799 802 804 803 802 805 803 804 806 805 804 807 805 806 808 807 806 809 807 808 810 809 808 801 800 811 800 812 811 813 814 815 816 813 815 817 813 816 818 817 816 819 817 818 820 819 818 821 819 820 822 821 820 823 821 822 824 823 822 815 814 825 814 826 825 827 828 829 830 827 829 831 827 830 832 831 830 833 831 832 834 833 832 835 833 834 836 835 834 837 835 836 838 837 836 829 828 839 828 840 839 841 842 843 844 841 843 843 845 844 845 846 844 841 847 842 847 848 842 847 849 848 849 850 848 849 851 850 851 852 850 851 853 852 853 854 852 853 855 854 855 856 854 855 857 856 857 858 856 846 845 859 860 846 859 860 859 861 862 860 861 862 861 863 864 862 863 864 863 865 866 864 865 867 868 869 870 867 869 867 871 868 871 872 868 871 873 872 873 874 872 873 875 874 875 876 874 875 877 876 877 878 876 877 879 878 879 880 878 879 881 880 881 882 880 881 883 882 883 884 882 871 867 885 886 871 885 873 871 886 867 870 887 885 867 887 888 883 881 889 888 881 881 879 890 889 881 890 890 879 891 879 877 891 877 875 892 891 877 892 893 873 886 875 873 893 892 875 893 894 887 895 896 894 895 897 896 895 898 897 895 899 900 901 902 899 901 902 901 903 902 903 904 902 904 905 902 905 906 902 906 907 906 908 907 909 910 911 912 909 911 913 910 909 914 913 909 915 911 910 916 915 910 910 913 917 918 910 917 919 920 921 922 921 920 922 923 921 924 921 923 925 921 924 919 921 925 922 920 926 920 927 926 922 926 928 923 922 928 929 930 931 932 929 931 929 933 930 933 934 930 933 935 934 935 936 934 935 937 936 937 938 936 937 939 938 939 940 938 939 941 940 941 942 940 941 943 942 943 944 942 943 945 944 945 946 944 947 948 949 950 947 949 950 949 951 949 952 951 949 948 953 954 949 953 954 953 955 956 954 955 954 956 957 952 949 958 949 954 958 958 954 957 956 955 959 956 959 957 960 961 962 963 960 962 964 961 960 965 964 960 966 967 968 969 966 968 968 970 969 970 971 969 971 970 972 973 971 972 973 972 974 972 975 974 972 970 975 976 970 968 970 976 975 977 976 968 968 967 977 967 978 977 979 980 981 982 979 981 979 983 980 983 984 980 983 985 984 985 986 984 985 987 986 987 988 986 987 989 988 989 990 988 989 991 990 991 992 990 991 993 992 993 994 992 993 995 994 995 996 994 997 985 983 998 983 979 998 997 983 999 979 982 999 998 979 1000 999 982 1001 995 993 1002 1001 993 1002 993 991 1003 991 989 1003 1002 991 1004 989 987 1004 1003 989 997 1005 985 1005 987 985 1005 1004 987 1006 998 999 1007 999 1000 1007 1006 999 1008 1006 1007 1009 1007 1000 1008 1007 1009 1010 997 998 1006 1010 998 1008 1010 1006 1008 1011 1010 1011 1005 997 1010 1011 997 1008 1012 1011 1011 1012 1005 1012 1004 1005 1008 1013 1012 1013 1003 1004 1012 1013 1004 1014 1002 1003 1013 1014 1003 1008 1014 1013 1015 1001 1002 1008 1015 1014 1014 1015 1002 1016 1017 1018 1019 1016 1018 1019 1018 1020 1018 1021 1020 1018 1017 1022 1023 1018 1022 1023 1022 1024 1025 1023 1024 1025 1024 1026 1023 1025 1027 1025 1026 1027 1021 1018 1028 1028 1023 1027 1018 1023 1028 1029 1030 1031 1032 1029 1031 1033 1030 1029 1034 1033 1029 1031 1030 1035 1036 1030 1033 1030 1036 1035 1037 1036 1033 1035 1036 1038 1036 1039 1038 1039 1036 1037 1038 1039 1040 1040 1039 1041 1041 1039 1037 1042 1043 1044 1045 1043 1042 1046 1043 1045 1047 1043 1046 1048 1043 1047 1049 1043 1048 1050 1043 1049 1051 1043 1050 1052 1043 1051 1053 1043 1052 1044 1043 1054 1054 1043 1053 1055 1056 1057 1058 1055 1057 1055 1059 1056 1059 1060 1056 1059 1061 1060 1061 1062 1060 1061 1063 1062 1063 1064 1062 1063 1065 1064 1065 1066 1064 1065 1067 1066 1067 1068 1066 1067 1069 1068 1069 1070 1068 1069 1071 1070 1071 1072 1070 1071 1073 1072 1073 1074 1072 1073 1075 1074 1075 1076 1074 1075 1077 1076 1077 1078 1076 1077 1058 1078 1058 1057 1078 1071 1079 1073 1073 1080 1075 1079 1080 1073 1069 1081 1071 1081 1079 1071 1082 1081 1069 1067 1082 1069 1065 1083 1067 1083 1082 1067 1063 1084 1065 1084 1083 1065 1061 1085 1063 1085 1084 1063 1059 1086 1061 1086 1085 1061 1055 1087 1059 1087 1086 1059 1088 1087 1055 1058 1088 1055 1077 1089 1058 1089 1088 1058 1075 1090 1077 1090 1089 1077 1080 1090 1075 1091 1092 1093 1094 1091 1093 1095 1091 1094 1096 1095 1094 1093 1092 1097 1092 1098 1097 1097 1098 1099 1098 1100 1099 1099 1100 1101 1100 1102 1101 1101 1102 1103 1102 1104 1103 1103 1104 1105 1104 1106 1105 1105 1106 1107 1106 1108 1107 1107 1108 1109 1108 1110 1109 1109 1110 1111 1110 1112 1111 1111 1112 1113 1112 1114 1113 1113 1114 1115 1114 1116 1115 1117 1118 1119 1117 1120 1118 1117 1121 1120 1117 1122 1121 1117 1123 1122 1117 1124 1123 1117 1125 1124 1117 1126 1125 1117 1127 1126 1117 1128 1127 1117 1119 1129 1117 1129 1128 1130 1131 1132 1133 1130 1132 1133 1132 1134 1135 1133 1134 1135 1134 1136 1137 1135 1136 1137 1136 1138 1139 1137 1138 1139 1138 1140 1141 1139 1140 1141 1140 1142 1143 1141 1142 1143 1142 1144 1145 1143 1144 1145 1144 1146 1147 1145 1146 1147 1146 1148 1149 1147 1148 1149 1148 1150 1151 1149 1150 1151 1150 1152 1153 1151 1152 1153 1152 1131 1130 1153 1131 1154 1147 1149 1155 1149 1151 1155 1154 1149 1154 1156 1147 1156 1145 1147 1157 1143 1145 1156 1157 1145 1158 1153 1130 1159 1130 1133 1159 1158 1130 1160 1133 1135 1160 1159 1133 1161 1135 1137 1161 1160 1135 1162 1137 1139 1162 1161 1137 1163 1139 1141 1163 1162 1139 1164 1163 1141 1157 1164 1143 1164 1141 1143 1165 1151 1153 1165 1155 1151 1158 1165 1153 1166 1167 1168 1169 1166 1168 1166 1170 1167 1170 1171 1167 1169 1168 1172 1173 1169 1172 1173 1172 1174 1175 1173 1174 1175 1174 1176 1177 1175 1176 1177 1176 1178 1179 1177 1178 1179 1178 1180 1181 1179 1180 1181 1180 1182 1183 1181 1182 1183 1182 1184 1185 1183 1184 1185 1184 1186 1187 1185 1186 1187 1186 1188 1189 1187 1188 1189 1188 1190 1191 1189 1190 1192 1193 1194 1195 1192 1194 1192 1196 1193 1196 1197 1193 1196 1198 1197 1198 1199 1197 1198 1200 1199 1200 1201 1199 1200 1202 1201 1202 1203 1201 1195 1194 1204 1205 1195 1204 1206 1207 1208 1209 1206 1208 1206 1210 1207 1210 1211 1207 1210 1212 1211 1212 1213 1211 1212 1214 1213 1214 1215 1213 1214 1216 1215 1216 1217 1215 1209 1208 1218 1219 1209 1218 1220 1221 1222 1223 1220 1222 1220 1224 1221 1224 1225 1221 1224 1226 1225 1226 1227 1225 1226 1228 1227 1228 1229 1227 1228 1230 1229 1230 1231 1229 1223 1222 1232 1233 1223 1232 1234 1235 1236 1237 1234 1236 1234 1238 1235 1238 1239 1235 1238 1240 1239 1240 1241 1239 1240 1242 1241 1242 1243 1241 1242 1244 1243 1244 1245 1243 1237 1236 1246 1247 1237 1246 1248 1249 1250 1251 1248 1250 1252 1250 1249 1253 1252 1249 1254 1248 1251 1255 1254 1251 1256 1254 1255 1257 1256 1255 1258 1256 1257 1259 1258 1257 1260 1258 1259 1261 1260 1259 1262 1260 1261 1263 1262 1261 1264 1262 1263 1265 1264 1263 1252 1253 1266 1253 1267 1266 1266 1267 1268 1267 1269 1268 1268 1269 1270 1269 1271 1270 1270 1271 1272 1271 1273 1272 1274 1275 1276 1277 1278 1279 1280 1277 1279 1281 1277 1280 1282 1281 1280 1283 1281 1282 1284 1283 1282 1285 1283 1284 1286 1285 1284 1287 1285 1286 1288 1287 1286 1276 1275 1289 1285 1290 1283 1290 1291 1283 1283 1291 1281 1291 1292 1281 1281 1292 1277 1277 1293 1278 1292 1293 1277 1293 1294 1278 1294 1295 1274 1274 1295 1275 1275 1296 1289 1275 1297 1296 1295 1297 1275 1297 1298 1296 1299 1290 1285 1287 1299 1285 1300 1301 1302 1303 1300 1302 1300 1304 1301 1305 1306 1307 1305 1308 1306 1308 1309 1306 1308 1310 1309 1310 1311 1309 1310 1312 1311 1312 1313 1311 1312 1314 1313 1314 1315 1313 1303 1302 1316 1317 1303 1316 1318 1314 1312 1319 1318 1312 1305 1320 1308 1321 1320 1305 1308 1322 1310 1320 1322 1308 1310 1323 1312 1322 1323 1310 1323 1319 1312 1317 1324 1303 1303 1325 1300 1324 1325 1303 1326 1321 1304 1300 1326 1304 1325 1326 1300 1327 1328 1329 1330 1327 1329 1331 1327 1330 1332 1331 1330 1333 1331 1332 1334 1333 1332 1335 1333 1334 1336 1335 1334 1335 1337 1333 1333 1338 1331 1337 1338 1333 1331 1339 1327 1338 1339 1331 1339 1340 1327 1327 1340 1328 1340 1341 1328 1342 1343 1344 1345 1342 1344 1344 1343 1346 1343 1347 1346 1342 1348 1343 1348 1349 1343 1343 1349 1347 1348 1350 1349 1350 1351 1349 1350 1352 1351 1352 1353 1351 1352 1354 1353 1354 1355 1353 1355 1354 1356 1354 1357 1356 1357 1358 1356 1358 1359 1356 1359 1358 1360 1358 1361 1360 1361 1362 1360 1362 1363 1360 1363 1362 1364 1365 1363 1364 1365 1364 1366 1367 1365 1366 1367 1368 1365 1365 1369 1363 1368 1369 1365 1370 1369 1368 1370 1371 1369 1372 1371 1370 1372 1373 1371 1373 1374 1371 1360 1363 1374 1359 1360 1374 1373 1359 1374 1371 1375 1369 1363 1375 1374 1369 1375 1363 1374 1375 1371 1373 1372 1376 1356 1359 1376 1359 1373 1376 1355 1356 1376 1372 1377 1376 1376 1377 1378 1378 1355 1376 1378 1377 1379 1355 1378 1380 1353 1355 1380 1380 1378 1379 1377 1372 1381 1381 1372 1370 1379 1377 1381 1380 1379 1382 1351 1353 1383 1353 1380 1383 1383 1380 1382 1379 1381 1384 1382 1379 1384 1384 1381 1385 1385 1370 1368 1381 1370 1385 1349 1386 1347 1349 1351 1386 1351 1383 1386 1383 1382 1387 1386 1383 1387 1382 1384 1388 1387 1382 1388 1388 1384 1389 1384 1385 1389 1385 1368 1390 1389 1385 1390 1368 1367 1391 1390 1368 1391 1391 1367 1392 1367 1366 1392 1390 1391 1393 1394 1390 1393 1394 1393 1395 1395 1393 1396 1393 1397 1396 1391 1392 1397 1393 1391 1397 1398 1394 1395 1399 1400 1401 1402 1399 1401 1403 1399 1402 1404 1403 1402 1405 1403 1404 1406 1405 1404 1407 1405 1406 1408 1407 1406 1409 1407 1408 1410 1409 1408 1411 1409 1410 1412 1411 1410 1399 1413 1400 1413 1414 1400 1413 1415 1414 1416 1415 1413 1417 1415 1416 1417 1416 1418 1419 1417 1418 1419 1418 1420 1418 1421 1420 1421 1422 1420 1417 1423 1415 1415 1424 1414 1423 1424 1415 1425 1423 1417 1419 1425 1417 1419 1420 1426 1425 1419 1426 1426 1420 1427 1420 1422 1427 1407 1428 1405 1422 1421 1428 1427 1422 1429 1429 1422 1428 1429 1428 1407 1409 1429 1407 1428 1421 1430 1405 1430 1403 1421 1418 1430 1428 1430 1405 1403 1431 1399 1431 1413 1399 1430 1431 1403 1431 1416 1413 1430 1418 1431 1418 1416 1431 1432 1429 1409 1411 1432 1409 1432 1427 1429 1433 1434 1435 1435 1434 1436 1436 1434 1437 1437 1434 1438 1438 1434 1439 1439 1434 1440 1441 1442 1443 1444 1441 1443 1442 1441 1445 1446 1442 1445 1443 1442 1447 1448 1442 1446 1442 1448 1447 1447 1448 1449 1448 1450 1449 1449 1450 1451 1450 1452 1451 1451 1452 1453 1452 1454 1453 1453 1454 1455 1454 1456 1455 1455 1456 1457 1454 1452 1458 1459 1454 1458 1460 1454 1459 1457 1460 1461 1461 1460 1459 1458 1452 1462 1452 1450 1462 1463 1448 1446 1450 1448 1463 1462 1450 1463 1464 1465 1466 1467 1464 1466 1466 1465 1468 1465 1469 1468 1468 1469 1470 1469 1471 1470 1470 1471 1472 1471 1473 1472 1472 1473 1474 1473 1475 1474 1474 1475 1476 1475 1477 1476 1476 1477 1478 1477 1479 1478 1480 1481 1482 1483 1480 1482 1484 1485 1486 1487 1484 1486 1488 1484 1487 1489 1488 1487 1490 1488 1489 1491 1490 1489 1492 1490 1491 1493 1492 1491 1494 1492 1493 1495 1494 1493 1496 1494 1495 1497 1496 1495 1498 1496 1497 1499 1498 1497 1500 1498 1499 1501 1500 1499 1502 1500 1501 1503 1502 1501 1504 1502 1503 1505 1504 1503 1506 1504 1505 1507 1506 1505 1508 1506 1507 1509 1508 1507 1510 1508 1509 1511 1510 1509 1512 1510 1511 1513 1512 1511 1514 1512 1513 1486 1485 1515 1485 1514 1515 1515 1514 1513 1504 1516 1502 1517 1516 1504 1506 1517 1504 1518 1517 1506 1508 1518 1506 1510 1519 1508 1519 1518 1508 1520 1519 1510 1512 1520 1510 1514 1521 1512 1521 1520 1512 1522 1521 1514 1485 1522 1514 1484 1523 1485 1523 1522 1485 1524 1523 1484 1488 1524 1484 1490 1525 1488 1525 1524 1488 1492 1526 1490 1526 1525 1490 1527 1526 1492 1494 1527 1492 1528 1527 1494 1496 1528 1494 1529 1528 1496 1498 1529 1496 1530 1529 1498 1500 1530 1498 1502 1531 1500 1516 1531 1502 1531 1530 1500 1532 1533 1534 1534 1533 1535 1535 1533 1536 1536 1533 1537 1537 1533 1538 1538 1533 1539 1539 1533 1540 1540 1533 1541 1541 1533 1542 1542 1533 1543 1543 1533 1544 1544 1533 1545 1545 1533 1546 1546 1533 1547 1548 1533 1532 1547 1533 1548 1549 1550 1551 1552 1550 1549 1553 1550 1552 1554 1550 1553 1555 1550 1554 1556 1550 1555 1557 1550 1556 1558 1550 1557 1559 1550 1558 1560 1550 1559 1561 1550 1560 1562 1550 1561 1563 1550 1562 1564 1550 1563 1551 1550 1565 1565 1550 1564 1566 1567 1568 1569 1566 1568 1570 1566 1569 1571 1570 1569 1572 1570 1571 1573 1572 1571 1568 1567 1574 1567 1575 1574 1574 1575 1576 1575 1577 1576 1576 1577 1578 1577 1579 1578 1578 1579 1580 1579 1581 1580 1580 1581 1582 1581 1583 1582 1582 1583 1584 1583 1585 1584 1584 1585 1586 1585 1587 1586 1586 1587 1588 1587 1589 1588 1588 1589 1590 1589 1591 1590 1590 1591 1592 1591 1593 1592 1592 1593 1594 1593 1595 1594 1594 1595 1596 1595 1597 1596 1596 1597 1598 1597 1599 1598 1600 1601 1602 1603 1600 1602 1604 1600 1603 1605 1604 1603 1606 1604 1605 1607 1606 1605 1608 1606 1607 1609 1608 1607 1610 1608 1609 1611 1610 1609 1612 1610 1611 1613 1612 1611 1614 1615 1616 1617 1614 1616 1618 1614 1617 1619 1618 1617 1618 1620 1614 1614 1621 1615 1620 1621 1614 1620 1622 1621 1622 1623 1621 1621 1624 1615 1621 1623 1624 1623 1625 1624 1626 1623 1622 1627 1626 1622 1627 1628 1626 1628 1629 1626 1630 1625 1623 1626 1630 1623 1626 1629 1630 1629 1631 1630 1632 1622 1620 1627 1622 1632 1633 1627 1632 1633 1634 1627 1634 1628 1627 1625 1635 1624 1625 1630 1635 1624 1636 1615 1635 1636 1624 1635 1637 1636 1637 1638 1636 1636 1639 1615 1615 1639 1616 1636 1638 1639 1638 1640 1639 1639 1640 1641 1639 1641 1616 1640 1642 1641 1631 1643 1630 1643 1644 1630 1630 1644 1635 1635 1644 1637 1643 1645 1644 1644 1646 1637 1645 1646 1644 1637 1647 1638 1637 1646 1647 1646 1648 1647 1645 1649 1646 1649 1648 1646 1650 1651 1652 1653 1650 1652 1650 1654 1651 1654 1655 1651 1654 1656 1655 1657 1656 1654 1658 1657 1654 1659 1657 1658 1660 1659 1658 1661 1659 1660 1662 1661 1660 1657 1659 1663 1664 1659 1661 1659 1664 1663 1664 1665 1663 1666 1665 1664 1667 1664 1661 1667 1666 1664 1665 1668 1663 1663 1669 1657 1669 1656 1657 1663 1668 1669 1668 1670 1669 1661 1662 1671 1672 1661 1671 1672 1671 1673 1674 1672 1673 1674 1673 1675 1676 1674 1675 1676 1675 1677 1677 1675 1678 1675 1679 1678 1678 1679 1680 1679 1681 1680 1682 1667 1661 1672 1682 1661 1666 1667 1682 1683 1666 1682 1672 1674 1684 1682 1672 1684 1683 1682 1684 1685 1683 1684 1686 1684 1674 1676 1686 1674 1685 1684 1686 1687 1685 1686 1688 1689 1690 1691 1688 1690 1690 1689 1692 1689 1693 1692 1692 1693 1694 1693 1695 1694 1694 1695 1696 1695 1697 1696 1689 1688 1698 1693 1689 1699 1699 1689 1698 1697 1695 1700 1701 1697 1700 1702 1693 1699 1695 1693 1702 1700 1695 1702 1703 1704 1705 1706 1704 1703 1705 1704 1707 1707 1704 1708 1708 1704 1709 1709 1704 1710 1711 1704 1706 1712 1704 1711 1710 1704 1713 1713 1704 1714 1715 1704 1712 1714 1704 1715 1716 1717 1718 1718 1717 1719 1719 1717 1720 1721 1717 1716 1722 1717 1721 1723 1717 1722 1724 1717 1723 1720 1717 1724 1725 1726 1727 1728 1725 1727 1729 1725 1728 1730 1729 1728 1731 1729 1730 1732 1731 1730 1733 1731 1732 1734 1733 1732 1735 1733 1734 1736 1735 1734 1727 1726 1737 1726 1738 1737 1739 1740 1741 1742 1739 1741 1743 1739 1742 1744 1743 1742 1741 1740 1745 1740 1746 1745 1745 1746 1747 1746 1748 1747 1747 1748 1749 1748 1750 1749 1749 1750 1751 1750 1752 1751 1753 1754 1755 1755 1754 1756 1756 1754 1757 1757 1754 1758 1759 1760 1761 1762 1759 1761 1763 1759 1762 1764 1763 1762 1765 1763 1764 1766 1765 1764 1767 1765 1766 1768 1767 1766 1769 1767 1768 1770 1769 1768 1771 1769 1770 1772 1771 1770 1773 1771 1772 1774 1773 1772 1775 1773 1774 1776 1775 1774 1777 1778 1779 1780 1777 1779 1781 1777 1780 1782 1781 1780 1783 1781 1782 1760 1783 1784 1761 1760 1784 1784 1783 1782 1785 1786 1787 1787 1786 1788 1788 1786 1789 1789 1786 1790 1790 1786 1791 1791 1786 1792 1792 1786 1793 1793 1786 1794 1794 1786 1795 1795 1786 1796 1797 1786 1785 1796 1786 1797 1798 1799 1800 1801 1798 1800 1800 1799 1802 1799 1803 1802 1802 1803 1804 1803 1805 1804 1804 1805 1806 1805 1807 1806 1806 1807 1808 1807 1809 1808 1808 1809 1810 1809 1811 1810 1810 1811 1812 1811 1813 1812 1812 1813 1814 1813 1815 1814 1814 1815 1816 1815 1817 1816 1816 1817 1818 1817 1819 1818 1818 1819 1820 1820 1821 1801 1821 1798 1801 1819 1821 1820 1822 1823 1824 1825 1822 1824 1824 1823 1826 1823 1827 1826 1826 1827 1828 1827 1829 1828 1828 1829 1830 1829 1831 1830 1830 1831 1832 1831 1833 1832 1832 1833 1834 1833 1835 1834 1834 1835 1836 1835 1837 1836 1836 1837 1838 1837 1839 1838 1838 1839 1840 1839 1841 1840 1840 1841 1842 1841 1843 1842 1842 1843 1844 1843 1845 1844 1845 1822 1825 1844 1845 1825 1846 1847 1848 1846 1848 1849 1846 1849 1850 1846 1850 1851 1846 1851 1852 1846 1852 1853 1846 1853 1854 1846 1854 1855 1846 1855 1856 1846 1856 1857 1846 1857 1858 1846 1858 1847 1859 1860 1861 1862 1859 1861 1862 1861 1863 1864 1862 1863 1864 1863 1865 1866 1864 1865 1866 1865 1867 1868 1866 1867 1868 1867 1869 1870 1868 1869 1870 1869 1871 1872 1870 1871 1872 1871 1873 1874 1872 1873 1874 1873 1875 1876 1874 1875 1876 1875 1877 1878 1876 1877 1878 1877 1879 1880 1878 1879 1880 1879 1881 1859 1882 1860 1882 1881 1860 1882 1880 1881 1883 1884 1885 1886 1883 1885 1886 1885 1887 1888 1886 1887 1888 1887 1889 1890 1888 1889 1890 1889 1891 1892 1890 1891 1892 1891 1893 1894 1892 1893 1894 1893 1895 1896 1894 1895 1896 1895 1897 1898 1896 1897 1898 1897 1899 1900 1898 1899 1900 1899 1901 1902 1900 1901 1902 1901 1903 1904 1902 1903 1904 1903 1905 1906 1905 1884 1883 1906 1884 1906 1904 1905 1907 1908 1909 1910 1907 1909 1910 1911 1907 1912 1913 1914 1915 1912 1914 1913 1916 1914 1917 1918 1919 1920 1917 1919 1917 1921 1918 1922 1917 1920 1922 1921 1917 1921 1923 1918 1923 1921 1924 1924 1921 1922 1925 1923 1924 1925 1924 1926 1922 1926 1924 1927 1925 1926 1928 1929 1930 1931 1928 1930 1930 1929 1932 1929 1933 1932 1934 1935 1936 1937 1934 1936 1935 1938 1936 1939 1940 1941 1942 1939 1941 1939 1943 1940 1943 1944 1940 1944 1943 1945 1946 1944 1945 1946 1945 1947 1948 1946 1947 1940 1949 1941 1940 1944 1949 1944 1946 1950 1944 1950 1949 1949 1951 1941 1946 1952 1950 1946 1948 1952 1948 1953 1952 1954 1955 1956 1957 1954 1956 1956 1955 1958 1955 1959 1958 1958 1959 1960 1959 1961 1960 1962 1963 1964 1965 1962 1964 1962 1966 1963 1966 1967 1963 1967 1966 1968 1969 1967 1968 1969 1968 1970 1971 1969 1970 1972 1967 1969 1973 1972 1969 1963 1967 1974 1967 1972 1974 1963 1974 1975 1964 1963 1975 1976 1973 1969 1971 1976 1969 1977 1972 1973 1978 1977 1973 1974 1972 1979 1972 1977 1979 1975 1974 1980 1974 1979 1980 1976 1981 1973 1981 1978 1973 1982 1983 1984 1985 1982 1984 1985 1986 1982 1987 1988 1989 1990 1987 1989 1988 1991 1989 1992 1993 1994 1995 1992 1994 1992 1996 1993 1997 1992 1995 1997 1996 1992 1996 1998 1993 1999 1996 1997 1998 1996 1999 2000 1998 1999 2000 1999 2001 1997 2001 1999 2002 2000 2001 2003 2004 2005 2006 2003 2005 2005 2004 2007 2004 2008 2007 2009 2010 2011 2012 2009 2011 2010 2013 2011 2014 2015 2016 2017 2014 2016 2014 2018 2015 2018 2019 2015 2019 2018 2020 2021 2019 2020 2021 2020 2022 2023 2021 2022 2015 2024 2016 2015 2019 2024 2019 2021 2025 2019 2025 2024 2024 2026 2016 2021 2027 2025 2021 2023 2027 2023 2028 2027 2029 2030 2031 2032 2029 2031 2031 2030 2033 2030 2034 2033 2033 2034 2035 2034 2036 2035 2037 2038 2039 2040 2037 2039 2037 2041 2038 2041 2042 2038 2042 2041 2043 2044 2042 2043 2044 2043 2045 2046 2044 2045 2047 2042 2044 2048 2047 2044 2038 2042 2049 2042 2047 2049 2039 2038 2050 2038 2049 2050 2046 2051 2044 2051 2048 2044 2052 2047 2048 2053 2052 2048 2047 2052 2054 2049 2047 2054 2050 2049 2055 2049 2054 2055 2056 2053 2048 2051 2056 2048 2057 2058 2059 2060 2057 2059 2060 2061 2057 2062 2063 2064 2065 2062 2064 2063 2066 2064 2067 2068 2069 2070 2067 2069 2067 2071 2068 2072 2067 2070 2072 2071 2067 2071 2073 2068 2074 2071 2072 2073 2071 2074 2075 2073 2074 2075 2074 2076 2072 2076 2074 2077 2075 2076 2078 2079 2080 2081 2078 2080 2080 2079 2082 2079 2083 2082 2084 2085 2086 2087 2084 2086 2085 2088 2086 2089 2090 2091 2092 2089 2091 2089 2093 2090 2093 2094 2090 2094 2093 2095 2096 2094 2095 2096 2095 2097 2098 2096 2097 2090 2099 2091 2090 2094 2099 2094 2096 2100 2094 2100 2099 2099 2101 2091 2096 2098 2102 2096 2102 2100 2098 2103 2102 2104 2105 2106 2107 2104 2106 2106 2105 2108 2105 2109 2108 2108 2109 2110 2109 2111 2110 2112 2113 2114 2115 2112 2114 2112 2116 2113 2116 2117 2113 2117 2116 2118 2119 2117 2118 2119 2118 2120 2121 2119 2120 2122 2117 2119 2123 2122 2119 2113 2117 2124 2117 2122 2124 2114 2113 2125 2113 2124 2125 2126 2123 2119 2121 2126 2119 2127 2122 2123 2128 2127 2123 2124 2122 2129 2122 2127 2129 2125 2124 2130 2124 2129 2130 2126 2131 2123 2131 2128 2123 2132 2133 2134 2135 2132 2134 2135 2136 2132 2137 2138 2139 2140 2137 2139 2138 2141 2139 2142 2143 2144 2145 2142 2144 2142 2146 2143 2147 2146 2142 2147 2142 2145 2146 2148 2143 2148 2146 2149 2149 2146 2147 2150 2148 2149 2150 2149 2151 2147 2151 2149 2152 2150 2151 2153 2154 2155 2156 2153 2155 2155 2154 2157 2154 2158 2157 2157 2158 2159 2158 2160 2159 2161 2162 2163 2164 2161 2163 2161 2165 2162 2165 2166 2162 2166 2165 2167 2168 2166 2167 2168 2167 2169 2170 2168 2169 2171 2166 2168 2172 2171 2168 2162 2166 2173 2166 2171 2173 2163 2162 2174 2162 2173 2174 2170 2175 2168 2175 2172 2168 2176 2171 2172 2177 2176 2172 2173 2171 2178 2171 2176 2178 2174 2173 2179 2173 2178 2179 2175 2180 2172 2180 2177 2172 2181 2182 2183 2183 2184 2185 2185 2186 2187 2187 2188 2189 2189 2190 2191 2192 2193 2194 2195 2196 2186 2196 2197 2188 2197 2198 2190 2198 2199 2200 2199 2201 2193 2201 2202 2203 2202 2204 2205 2206 2195 2184 2207 2208 2209 2210 2207 2209 2211 2207 2210 2212 2211 2210 2213 2211 2212 2214 2213 2212 2215 2213 2214 2216 2215 2214 2217 2215 2216 2218 2217 2216 2219 2217 2218 2220 2219 2218 2221 2219 2220 2222 2221 2220 2223 2221 2222 2224 2223 2222 2225 2223 2224 2226 2225 2224 2227 2225 2226 2228 2227 2226 2229 2227 2228 2208 2229 2230 2209 2208 2230 2230 2229 2228 2218 2231 2220 2216 2232 2218 2232 2231 2218 2220 2233 2222 2231 2233 2220 2222 2234 2224 2233 2234 2222 2224 2235 2226 2234 2235 2224 2235 2236 2226 2226 2236 2228 2236 2237 2228 2228 2237 2230 2237 2238 2230 2230 2238 2209 2209 2239 2210 2238 2239 2209 2239 2240 2210 2210 2240 2212 2240 2241 2212 2212 2241 2214 2214 2242 2216 2241 2242 2214 2242 2232 2216 2243 2244 2245 2246 2244 2243 2247 2244 2246 2248 2244 2247 2249 2244 2248 2250 2244 2249 2251 2244 2250 2252 2244 2251 2253 2244 2252 2254 2244 2253 2245 2244 2255 2255 2244 2254 2256 2257 2258 2259 2256 2258 2256 2260 2257 2260 2261 2257 2260 2262 2261 2262 2263 2261 2262 2264 2263 2264 2265 2263 2266 2264 2262 2267 2266 2262 2267 2262 2260 2268 2267 2260 2268 2260 2256 2269 2268 2256 2269 2256 2259 2270 2269 2259 2271 2272 2273 2274 2271 2273 2274 2273 2275 2276 2274 2275 2277 2271 2274 2278 2277 2274 2278 2274 2276 2279 2277 2278 2280 2279 2278 2281 2279 2280 2282 2281 2280 2283 2281 2282 2284 2283 2282 2283 2284 2285 2286 2283 2285 2287 2286 2285 2288 2287 2285 2287 2288 2289 2290 2287 2289 2291 2290 2289 2292 2291 2289 2291 2292 2293 2292 2294 2293 2293 2294 2295 2294 2296 2295 2297 2296 2294 2298 2297 2294 2298 2294 2292 2298 2299 2297 2300 2299 2298 2300 2301 2299 2302 2301 2300 2289 2288 2303 2288 2302 2303 2292 2289 2303 2303 2302 2300 2304 2298 2292 2304 2292 2303 2304 2300 2298 2304 2303 2300 2288 2285 2305 2302 2288 2305 2301 2302 2305 2285 2284 2305 2306 2301 2305 2306 2305 2307 2284 2307 2305 2306 2307 2308 2307 2309 2308 2307 2284 2309 2284 2282 2309 2301 2310 2299 2301 2306 2310 2306 2308 2310 2308 2309 2311 2309 2312 2311 2282 2280 2312 2309 2282 2312 2308 2311 2313 2310 2308 2313 2310 2313 2314 2299 2310 2314 2299 2314 2297 2280 2278 2315 2312 2280 2315 2315 2278 2276 2311 2312 2316 2312 2315 2316 2313 2311 2317 2311 2316 2317 2313 2317 2318 2314 2313 2318 2314 2318 2319 2297 2314 2319 2296 2297 2320 2297 2319 2320 2296 2320 2321 2295 2296 2321 2320 2319 2322 2319 2323 2322 2322 2323 2324 2322 2324 2325 2320 2322 2326 2321 2320 2326 2326 2322 2325 2323 2327 2324 2328 2329 2330 2331 2328 2330 2328 2332 2329 2332 2333 2329 2332 2334 2333 2334 2335 2333 2334 2336 2335 2336 2337 2335 2336 2338 2337 2338 2339 2337 2338 2340 2339 2340 2341 2339 2342 2328 2331 2343 2342 2331 2344 2342 2343 2344 2345 2342 2344 2346 2345 2345 2346 2347 2346 2348 2347 2347 2348 2349 2350 2347 2349 2351 2350 2349 2352 2346 2344 2353 2344 2343 2353 2352 2344 2352 2354 2346 2354 2348 2346 2349 2348 2355 2348 2354 2355 2349 2355 2356 2351 2349 2356 2350 2351 2357 2357 2336 2334 2351 2356 2358 2357 2358 2336 2358 2338 2336 2351 2358 2357 2347 2350 2359 2350 2357 2359 2359 2357 2334 2359 2334 2332 2342 2360 2328 2347 2359 2360 2360 2359 2332 2345 2347 2360 2345 2360 2342 2360 2332 2328 2358 2361 2338 2361 2340 2338 2356 2361 2358 2362 2363 2364 2362 2364 2365 2362 2365 2366 2362 2366 2367 2362 2367 2368 2362 2368 2369 2370 2371 2372 2373 2370 2372 2370 2373 2374 2373 2375 2374 2373 2372 2376 2373 2377 2375 2377 2373 2376 2377 2376 2378 2379 2377 2378 2379 2378 2380 2381 2379 2380 2381 2380 2382 2383 2381 2382 2383 2382 2384 2385 2383 2384 2385 2384 2386 2385 2386 2387 2383 2385 2388 2385 2387 2388 2383 2388 2389 2381 2383 2389 2381 2389 2390 2379 2381 2390 2379 2390 2391 2377 2379 2391 2377 2391 2375 2392 2393 2394 2395 2392 2394 2396 2397 2398 2399 2396 2398 2400 2401 2402 2403 2400 2402 2404 2405 2406 2407 2404 2406 2408 2409 2410 2411 2408 2410 2412 2413 2414 2415 2412 2414 2416 2417 2418 2419 2416 2418 2420 2421 2422 2423 2420 2422 2424 2425 2426 2427 2424 2426 2424 2428 2425 2428 2429 2425 2428 2430 2429 2430 2431 2429 2430 2432 2431 2432 2433 2431 2432 2434 2433 2434 2435 2433 2434 2436 2435 2436 2437 2435 2436 2438 2437 2438 2439 2437 2438 2440 2439 2440 2441 2439 2440 2442 2441 2442 2443 2441 2442 2444 2443 2444 2445 2443 2444 2446 2445 2446 2447 2445 2446 2448 2447 2448 2449 2447 2448 2450 2449 2450 2451 2449 2450 2452 2451 2452 2453 2451 2452 2454 2453 2454 2427 2455 2427 2426 2455 2454 2455 2453 2456 2444 2442 2457 2446 2444 2456 2457 2444 2457 2458 2446 2458 2448 2446 2458 2459 2448 2459 2450 2448 2459 2460 2450 2460 2452 2450 2461 2454 2452 2460 2461 2452 2461 2462 2454 2462 2427 2454 2463 2424 2427 2462 2463 2427 2464 2428 2424 2463 2464 2424 2464 2465 2428 2465 2430 2428 2466 2432 2430 2465 2466 2430 2467 2434 2432 2466 2467 2432 2468 2436 2434 2467 2468 2434 2468 2469 2436 2469 2438 2436 2470 2440 2438 2469 2470 2438 2471 2442 2440 2471 2456 2442 2470 2471 2440 2472 2473 2474 2472 2474 2475 2472 2475 2476 2472 2476 2477 2472 2477 2478 2472 2478 2479 2472 2479 2480 2472 2480 2481 2472 2481 2482 2472 2482 2483 2472 2483 2484 2472 2484 2485 2472 2485 2486 2472 2486 2487 2472 2488 2473 2472 2487 2488 2489 2490 2491 2489 2492 2490 2489 2493 2492 2489 2494 2493 2489 2495 2494 2489 2496 2495 2489 2497 2496 2489 2498 2497 2489 2499 2498 2489 2500 2499 2489 2501 2500 2489 2502 2501 2489 2503 2502 2489 2504 2503 2489 2491 2505 2489 2505 2504 2506 2507 2508 2509 2506 2508 2506 2510 2507 2510 2511 2507 2510 2512 2511 2512 2513 2511 2509 2508 2514 2515 2509 2514 2515 2514 2516 2517 2515 2516 2517 2516 2518 2519 2517 2518 2519 2518 2520 2521 2519 2520 2521 2520 2522 2523 2521 2522 2523 2522 2524 2525 2523 2524 2525 2524 2526 2527 2525 2526 2527 2526 2528 2529 2527 2528 2529 2528 2530 2531 2529 2530 2531 2530 2532 2533 2531 2532 2533 2532 2534 2535 2533 2534 2535 2534 2536 2537 2535 2536 2537 2536 2538 2539 2537 2538 2540 2541 2542 2543 2540 2542 2540 2544 2541 2544 2545 2541 2544 2546 2545 2546 2547 2545 2546 2548 2547 2548 2549 2547 2548 2550 2549 2550 2551 2549 2550 2552 2551 2552 2553 2551 2554 2555 2556 2557 2554 2556 2554 2558 2555 2558 2559 2555 2560 2558 2554 2561 2560 2554 2561 2554 2557 2562 2560 2561 2563 2562 2561 2564 2561 2557 2563 2561 2564 2565 2563 2564 2563 2566 2562 2566 2567 2562 2568 2567 2566 2569 2568 2566 2565 2570 2563 2570 2566 2563 2569 2566 2570 2571 2569 2570 2562 2567 2572 2562 2572 2560 2567 2573 2572 2568 2574 2567 2574 2573 2567 2570 2565 2575 2575 2565 2564 2576 2575 2564 2576 2564 2557 2577 2575 2576 2578 2577 2576 2579 2557 2556 2579 2576 2557 2578 2576 2579 2580 2578 2579 2581 2579 2556 2580 2579 2581 2582 2580 2581 2583 2571 2570 2584 2575 2577 2584 2583 2570 2584 2570 2575 2585 2583 2584 2586 2584 2577 2586 2585 2584 2587 2577 2578 2586 2577 2587 2588 2586 2587 2589 2585 2586 2588 2589 2586 2590 2591 2592 2593 2590 2592 2594 2590 2593 2595 2594 2593 2596 2594 2595 2596 2597 2594 2597 2598 2594 2597 2599 2598 2599 2600 2598 2599 2601 2600 2601 2602 2600 2599 2597 2603 2599 2604 2601 2604 2599 2603 2605 2604 2603 2605 2606 2604 2604 2607 2601 2606 2607 2604 2608 2605 2603 2608 2603 2609 2609 2603 2597 2596 2609 2597 2610 2608 2609 2602 2601 2611 2601 2612 2611 2611 2612 2613 2612 2614 2613 2613 2614 2615 2614 2616 2615 2615 2616 2617 2615 2617 2618 2619 2615 2618 2619 2618 2620 2621 2619 2620 2607 2606 2622 2622 2612 2601 2607 2622 2601 2606 2623 2622 2622 2623 2624 2614 2612 2624 2612 2622 2624 2623 2625 2624 2624 2625 2626 2624 2626 2614 2626 2616 2614 2625 2627 2626 2628 2629 2630 2631 2628 2630 2631 2630 2632 2633 2631 2632 2633 2632 2634 2635 2633 2634 2635 2634 2636 2637 2635 2636 2628 2631 2638 2631 2633 2639 2631 2639 2638 2635 2637 2640 2637 2641 2640 2635 2640 2642 2633 2635 2642 2633 2642 2639 2643 2644 2645 2643 2645 2646 2643 2646 2647 2643 2648 2644 2643 2649 2648 2643 2650 2649 2643 2647 2651 2643 2651 2650 2652 2653 2654 2655 2652 2654 2652 2656 2653 2656 2657 2653 2656 2658 2657 2658 2659 2657 2658 2660 2659 2660 2661 2659 2660 2662 2661 2662 2663 2661 2655 2654 2664 2665 2655 2664 2666 2667 2668 2669 2666 2668 2666 2670 2667 2670 2671 2667 2669 2668 2672 2673 2669 2672 2673 2672 2674 2675 2673 2674 2675 2674 2676 2677 2675 2676 2677 2676 2678 2679 2677 2678 2680 2681 2682 2680 2682 2683 2680 2683 2684 2680 2684 2685 2686 2687 2688 2689 2686 2688 2686 2690 2687 2690 2691 2687 2690 2692 2691 2692 2693 2691 2692 2694 2693 2694 2695 2693 2694 2696 2695 2696 2697 2695 2696 2698 2697 2698 2699 2697 2698 2700 2699 2700 2701 2699 2700 2702 2701 2702 2703 2701 2689 2688 2704 2705 2689 2704 2705 2704 2706 2707 2705 2706 2707 2706 2708 2709 2707 2708 2709 2708 2710 2711 2709 2710 2712 2713 2714 2712 2714 2715 2712 2715 2716 2712 2716 2717 2712 2717 2718 2712 2718 2719 2712 2719 2720 2712 2720 2721 2712 2721 2722 2712 2722 2723 2712 2724 2713 2712 2723 2724 2725 2726 2727 2728 2725 2727 2728 2727 2729 2730 2728 2729 2730 2729 2731 2732 2730 2731 2732 2731 2733 2734 2732 2733 2734 2733 2735 2736 2734 2735 2736 2735 2737 2738 2736 2737 2738 2737 2739 2740 2738 2739 2740 2739 2741 2742 2740 2741 2742 2741 2743 2744 2742 2743 2744 2743 2745 2746 2744 2745 2746 2745 2747 2748 2747 2726 2725 2748 2726 2748 2746 2747 2749 2750 2751 2752 2749 2751 2752 2751 2753 2754 2752 2753 2754 2753 2755 2756 2754 2755 2756 2755 2757 2758 2756 2757 2758 2757 2759 2760 2758 2759 2760 2759 2761 2762 2760 2761 2762 2761 2763 2764 2762 2763 2764 2763 2765 2766 2764 2765 2766 2765 2767 2768 2766 2767 2768 2767 2769 2770 2768 2769 2770 2769 2771 2772 2770 2771 2749 2772 2750 2772 2771 2750 2773 2774 2775 2775 2774 2776 2776 2774 2777 2777 2774 2778 2778 2774 2779 2779 2774 2780 2780 2774 2781 2781 2774 2782 2782 2774 2783 2783 2774 2784 2785 2774 2773 2784 2774 2785 2786 2787 2788 2789 2786 2788 2788 2787 2790 2787 2791 2790 2790 2791 2792 2791 2793 2792 2792 2793 2794 2793 2795 2794 2794 2795 2796 2795 2797 2796 2796 2797 2798 2797 2799 2798 2798 2799 2800 2799 2801 2800 2800 2801 2802 2801 2803 2802 2802 2803 2804 2803 2805 2804 2804 2805 2806 2805 2807 2806 2806 2807 2808 2808 2809 2789 2809 2786 2789 2807 2809 2808 2810 2811 2812 2813 2810 2812 2812 2811 2814 2811 2815 2814 2814 2815 2816 2815 2817 2816 2816 2817 2818 2817 2819 2818 2818 2819 2820 2819 2821 2820 2820 2821 2822 2821 2823 2822 2822 2823 2824 2823 2825 2824 2824 2825 2826 2825 2827 2826 2826 2827 2828 2827 2829 2828 2828 2829 2830 2829 2831 2830 2830 2831 2832 2831 2833 2832 2833 2810 2813 2832 2833 2813 2834 2835 2836 2837 2834 2836 2838 2835 2834 2839 2840 2841 2842 2839 2841 2843 2842 2841 2844 2845 2846 2847 2844 2846 2848 2844 2847 2848 2849 2844 2844 2849 2845 2850 2848 2847 2848 2851 2849 2848 2850 2851 2850 2852 2851 2853 2849 2851 2851 2852 2853 2852 2854 2853 2855 2856 2857 2858 2855 2857 2858 2857 2859 2860 2858 2859 2861 2862 2863 2864 2861 2863 2865 2864 2863 2866 2867 2868 2869 2866 2868 2870 2866 2869 2871 2870 2869 2870 2871 2872 2871 2873 2872 2872 2873 2874 2873 2875 2874 2871 2869 2876 2876 2869 2868 2873 2871 2877 2877 2871 2876 2878 2876 2868 2879 2873 2877 2875 2873 2879 2880 2875 2879 2881 2882 2883 2884 2881 2883 2884 2883 2885 2886 2884 2885 2886 2885 2887 2888 2886 2887 2889 2890 2891 2892 2889 2891 2893 2889 2892 2894 2893 2892 2893 2894 2895 2894 2896 2895 2895 2896 2897 2896 2898 2897 2894 2899 2896 2899 2900 2896 2899 2894 2901 2894 2892 2901 2892 2891 2902 2901 2892 2902 2900 2903 2896 2903 2898 2896 2899 2904 2900 2904 2905 2900 2904 2899 2906 2899 2901 2906 2901 2902 2907 2906 2901 2907 2908 2903 2900 2905 2908 2900 2909 2910 2911 2912 2909 2911 2913 2910 2909 2914 2915 2916 2917 2914 2916 2918 2917 2916 2919 2920 2921 2922 2919 2921 2923 2919 2922 2919 2924 2920 2923 2924 2919 2925 2923 2922 2923 2926 2924 2923 2925 2926 2925 2927 2926 2926 2927 2928 2928 2924 2926 2927 2929 2928 2930 2931 2932 2933 2930 2932 2933 2932 2934 2935 2933 2934 2936 2937 2938 2939 2936 2938 2940 2939 2938 2941 2942 2943 2944 2941 2943 2945 2941 2944 2946 2945 2944 2945 2946 2947 2946 2948 2947 2947 2948 2949 2948 2950 2949 2951 2944 2943 2946 2944 2951 2948 2946 2952 2952 2946 2951 2953 2951 2943 2950 2948 2954 2954 2948 2952 2955 2950 2954 2956 2957 2958 2959 2956 2958 2959 2958 2960 2961 2959 2960 2961 2960 2962 2963 2961 2962 2964 2965 2966 2967 2964 2966 2968 2964 2967 2969 2968 2967 2968 2969 2970 2969 2971 2970 2970 2971 2972 2971 2973 2972 2969 2974 2971 2974 2975 2971 2974 2969 2976 2969 2967 2976 2967 2966 2977 2976 2967 2977 2975 2978 2971 2978 2973 2971 2974 2979 2975 2979 2980 2975 2979 2974 2981 2974 2976 2981 2981 2976 2982 2976 2977 2982 2983 2978 2975 2980 2983 2975 2984 2985 2986 2987 2984 2986 2988 2985 2984 2989 2990 2991 2992 2989 2991 2993 2992 2991 2994 2995 2996 2997 2994 2996 2998 2994 2997 2998 2999 2994 2994 2999 2995 3000 2998 2997 2998 3001 2999 2998 3000 3001 3000 3002 3001 3001 3002 3003 3003 2999 3001 3002 3004 3003 3005 3006 3007 3008 3005 3007 3008 3007 3009 3010 3008 3009 3011 3012 3013 3014 3011 3013 3015 3014 3013 3016 3017 3018 3019 3016 3018 3020 3016 3019 3021 3020 3019 3020 3021 3022 3021 3023 3022 3022 3023 3024 3023 3025 3024 3021 3019 3026 3026 3019 3018 3023 3021 3027 3027 3021 3026 3028 3026 3018 3025 3023 3029 3029 3023 3027 3030 3025 3029 3031 3032 3033 3034 3031 3033 3034 3033 3035 3036 3034 3035 3036 3035 3037 3038 3036 3037 3039 3040 3041 3042 3039 3041 3043 3039 3042 3044 3043 3042 3043 3044 3045 3044 3046 3045 3045 3046 3047 3046 3048 3047 3044 3049 3046 3049 3050 3046 3049 3044 3051 3044 3042 3051 3042 3041 3052 3051 3042 3052 3050 3053 3046 3053 3048 3046 3049 3054 3050 3054 3055 3050 3049 3051 3056 3054 3049 3056 3056 3051 3057 3051 3052 3057 3055 3058 3050 3058 3053 3050 3059 3060 3061 3062 3059 3061 3063 3060 3059 3064 3065 3066 3067 3064 3066 3068 3067 3066 3069 3070 3071 3072 3069 3071 3073 3069 3072 3069 3074 3070 3073 3074 3069 3075 3073 3072 3073 3076 3074 3073 3075 3076 3075 3077 3076 3076 3077 3078 3078 3074 3076 3077 3079 3078 3080 3081 3082 3083 3080 3082 3083 3082 3084 3085 3083 3084 3085 3084 3086 3087 3085 3086 3088 3089 3090 3091 3088 3090 3092 3088 3091 3093 3092 3091 3092 3093 3094 3093 3095 3094 3094 3095 3096 3095 3097 3096 3093 3098 3095 3098 3099 3095 3098 3093 3100 3093 3091 3100 3091 3090 3101 3100 3091 3101 3102 3097 3095 3099 3102 3095 3098 3103 3099 3103 3104 3099 3098 3100 3105 3103 3098 3105 3100 3101 3106 3105 3100 3106 3107 3102 3099 3104 3107 3099 3108 3109 3110 3111 3110 3112 3111 3108 3110 3113 3111 3112 3113 3112 3114 3115 3113 3114 3115 3114 3116 3117 3116 3118 3117 3115 3116 3119 3117 3118 3119 3118 3120 3121 3120 3122 3121 3119 3120 3123 3121 3122 3108 3124 3109 3124 3125 3109 3126 3127 3128 3129 3126 3128 3126 3130 3127 3130 3131 3127 3130 3132 3131 3132 3133 3131 3132 3134 3133 3134 3135 3133 3134 3136 3135 3136 3137 3135 3136 3138 3137 3138 3139 3137 3138 3140 3139 3140 3141 3139 3140 3142 3141 3142 3143 3141 3142 3144 3143 3144 3145 3143 3144 3146 3145 3146 3147 3145 3146 3148 3147 3129 3128 3149 3148 3149 3147 3148 3129 3149 3150 3137 3139 3151 3135 3137 3150 3151 3137 3152 3139 3141 3152 3150 3139 3153 3141 3143 3153 3152 3141 3154 3153 3143 3154 3143 3145 3155 3154 3145 3155 3145 3147 3156 3147 3149 3156 3155 3147 3157 3149 3128 3157 3156 3149 3158 3128 3127 3158 3157 3128 3159 3127 3131 3159 3158 3127 3160 3131 3133 3160 3159 3131 3161 3160 3133 3161 3133 3135 3151 3161 3135 3162 3163 3164 3162 3165 3163 3162 3166 3165 3162 3167 3166 3162 3168 3167 3162 3169 3168 3162 3170 3169 3162 3171 3170 3162 3172 3171 3162 3173 3172 3162 3164 3174 3162 3174 3173 3175 3176 3177 3178 3179 3180 3181 3178 3182 3181 3183 3178 3178 3184 3179 3181 3185 3186 3187 3181 3186 3187 3186 3188 3189 3187 3188 3190 3191 3192 3192 3191 3193 3190 3194 3191 3191 3195 3196 3191 3196 3193 3197 3188 3198 3197 3198 3199 3200 3197 3199 3200 3201 3197 3201 3188 3197 3202 3200 3199 3203 3204 3205 3203 3206 3207 3208 3203 3207 3209 3210 3211 3212 3209 3211 3209 3213 3214 3209 3215 3213 3216 3217 3218 3219 3216 3218 3220 3221 3222 3223 3224 3220 3225 3224 3223 3226 3227 3228 3229 3230 3231 3232 3229 3231 3233 3234 3235 3236 3237 3238 3238 3237 3239 3239 3240 3241 3242 3243 3244 3245 3246 3247 3246 3248 3249 3248 3250 3249 3250 3251 3249 3250 3252 3251 3252 3253 3251 3252 3254 3253 3255 3256 3257 3255 3258 3256 3258 3259 3256 3258 3260 3259 3260 3261 3259 3261 3260 3262 3260 3263 3262 3262 3263 3264 3263 3265 3264 3264 3265 3266 3265 3267 3266 3268 3269 3270 3271 3272 3273 3274 3271 3273 3275 3276 3277 3278 3279 3280 3281 3282 3283 3284 3285 3286 3287 3288 3289 3287 3290 3288 3290 3291 3288 3290 3292 3291 3292 3293 3291 3291 3294 3288 3291 3293 3294 3293 3292 3295 3296 3293 3295 3297 3296 3295 3298 3297 3295 3299 3297 3298 3300 3299 3298 3301 3299 3300 3302 3301 3300 3303 3301 3302 3304 3303 3302 3303 3304 3305 3304 3306 3305 3305 3306 3307 3308 3305 3307 3298 3295 3309 3295 3292 3310 3295 3310 3309 3309 3310 3311 3312 3309 3311 3311 3310 3313 3292 3290 3314 3292 3314 3310 3310 3314 3313 3313 3314 3315 3314 3316 3315 3290 3287 3316 3290 3316 3314 3317 3309 3312 3298 3309 3317 3300 3298 3317 3318 3317 3312 3300 3317 3319 3302 3300 3319 3319 3317 3318 3320 3319 3318 3321 3319 3320 3304 3321 3306 3304 3302 3321 3302 3319 3321 3322 3321 3320 3313 3315 3323 3315 3324 3323 3323 3324 3325 3324 3326 3325 3323 3325 3327 3311 3313 3328 3328 3323 3327 3313 3323 3328 3328 3327 3329 3330 3328 3329 3312 3311 3330 3311 3328 3330 3330 3329 3331 3312 3330 3332 3318 3312 3332 3332 3330 3331 3332 3331 3333 3320 3318 3334 3334 3332 3333 3318 3332 3334 3334 3333 3335 3322 3320 3336 3336 3334 3335 3320 3334 3336 3321 3322 3337 3337 3336 3335 3322 3336 3337 3321 3337 3306 3306 3337 3338 3307 3306 3338 3338 3337 3335 3339 3308 3307 3340 3339 3307 3340 3307 3338 3340 3341 3339 3341 3342 3339 3342 3341 3343 3344 3342 3343 3344 3343 3345 3346 3344 3345 3346 3345 3347 3348 3346 3347 3348 3347 3349 3350 3348 3349 3351 3350 3349 3352 3351 3349 3351 3352 3353 3352 3354 3353 3353 3354 3355 3354 3356 3355 3355 3356 3357 3351 3353 3358 3358 3353 3355 3356 3354 3359 3354 3352 3360 3359 3354 3360 3359 3360 3361 3360 3362 3361 3352 3349 3363 3360 3352 3363 3360 3363 3362 3363 3364 3362 3363 3349 3365 3363 3365 3364 3349 3347 3365 3365 3366 3364 3365 3347 3367 3365 3367 3366 3347 3345 3367 3367 3368 3366 3367 3369 3368 3367 3345 3369 3345 3343 3369 3369 3370 3368 3369 3343 3371 3371 3341 3340 3369 3371 3370 3343 3341 3371 3371 3372 3370 3361 3362 3373 3325 3373 3327 3374 3361 3373 3326 3374 3325 3374 3373 3325 3327 3375 3329 3362 3364 3375 3373 3375 3327 3373 3362 3375 3364 3366 3376 3375 3364 3376 3329 3376 3331 3375 3376 3329 3331 3377 3333 3376 3366 3377 3376 3377 3331 3366 3368 3377 3333 3378 3335 3377 3368 3378 3368 3370 3378 3377 3378 3333 3370 3372 3379 3378 3370 3379 3378 3379 3335 3379 3380 3335 3372 3371 3380 3380 3340 3338 3379 3372 3380 3380 3338 3335 3380 3371 3340 3381 3382 3383 3381 3383 3384 3385 3386 3387 3388 3385 3387 3385 3389 3386 3389 3390 3386 3389 3391 3390 3391 3392 3390 3388 3387 3393 3394 3388 3393 3394 3393 3395 3396 3394 3395 3397 3396 3395 3398 3397 3395 3399 3397 3398 3400 3399 3398 3401 3399 3400 3402 3401 3400 3403 3401 3402 3404 3403 3402 3405 3403 3404 3406 3405 3404 3407 3408 3409 3410 3407 3409 3411 3412 3413 3414 3411 3413 3415 3416 3417 3418 3415 3417 3416 3415 3419 3415 3420 3419 3421 3422 3423 3424 3421 3423 3425 3426 3427 3428 3425 3427 3429 3430 3431 3432 3429 3431 3433 3430 3429 3433 3429 3434 3435 3433 3434 3435 3436 3433 3436 3437 3433 3437 3438 3433 3436 3439 3437 3439 3440 3437 3440 3439 3441 3439 3442 3441 3441 3442 3443 3444 3441 3443 3442 3445 3443 3443 3445 3446 3447 3443 3446 3448 3443 3447 3448 3447 3449 3447 3450 3449 3451 3452 3453 3454 3451 3453 3451 3455 3452 3455 3456 3452 3451 3454 3457 3455 3451 3458 3458 3451 3457 3459 3455 3458 3460 3461 3462 3463 3464 3461 3465 3463 3461 3466 3464 3467 3463 3468 3469 3470 3469 3471 3472 3473 3474 3475 3472 3474 3472 3476 3473 3476 3477 3473 3476 3478 3477 3478 3479 3477 3475 3474 3480 3481 3475 3480 3481 3480 3482 3483 3481 3482 3484 3478 3476 3485 3484 3476 3485 3476 3472 3486 3472 3475 3486 3485 3472 3487 3475 3481 3487 3486 3475 3488 3481 3483 3488 3487 3481 3487 3488 3489 3489 3488 3483 3489 3483 3482 3490 3489 3482 3486 3487 3491 3491 3487 3489 3491 3489 3490 3492 3491 3490 3493 3491 3492 3485 3486 3493 3493 3486 3491 3494 3493 3492 3484 3485 3495 3495 3485 3493 3495 3493 3494 3496 3495 3494 3497 3484 3495 3497 3495 3496 3498 3497 3496 3499 3500 3501 3502 3499 3501 3500 3499 3503 3504 3500 3503 3505 3504 3503 3506 3505 3503 3505 3506 3507 3506 3508 3507 3499 3509 3510 3506 3511 3510 3511 3499 3510 3512 3506 3510 3513 3514 3515 3515 3514 3516 3517 3518 3519 3520 3517 3519 3521 3522 3523 3524 3521 3523 3525 3526 3527 3528 3525 3527 3529 3530 3531 3532 3529 3531 3533 3534 3535 3536 3533 3535 3533 3537 3534 3537 3538 3534 3537 3539 3538 3539 3540 3538 3539 3541 3540 3541 3542 3540 3543 3544 3545 3546 3543 3545 3543 3547 3544 3547 3548 3544 3547 3549 3548 3549 3550 3548 3549 3551 3550 3551 3552 3550 3553 3554 3555 3556 3553 3555 3553 3557 3554 3557 3558 3554 3559 3560 3561 3562 3559 3561 3559 3563 3560 3563 3564 3560 3562 3561 3565 3566 3562 3565 3566 3565 3567 3568 3566 3567 3568 3567 3569 3570 3568 3569 3571 3572 3573 3574 3571 3573 3575 3572 3571 3576 3575 3571 3576 3577 3575 3577 3578 3575 3579 3578 3577 3580 3579 3577 3581 3582 3583 3584 3581 3583 3585 3582 3581 3586 3585 3581 3586 3587 3585 3587 3588 3585 3589 3588 3587 3590 3589 3587 3591 3592 3593 3594 3591 3593 3591 3595 3592 3595 3596 3592 3597 3598 3599 3600 3597 3599 3601 3598 3597 3602 3601 3597 3603 3601 3602 3604 3603 3602 3604 3605 3603 3605 3606 3603 3607 3606 3605 3608 3607 3605 3609 3610 3611 3611 3610 3612 3610 3613 3612 3614 3613 3610 3615 3610 3609 3615 3614 3610 3615 3616 3614 3609 3616 3615 3616 3617 3614 3618 3617 3616 3619 3618 3616 3619 3616 3609 3619 3620 3618 3609 3620 3619 3620 3621 3618 3622 3621 3620 3623 3620 3609 3623 3622 3620 3609 3624 3623 3623 3624 3622 3624 3625 3622 3626 3625 3624 3627 3624 3609 3627 3626 3624 3609 3628 3627 3627 3628 3626 3609 3629 3628 3609 3630 3629 3631 3630 3609 3628 3632 3626 3628 3629 3632 3629 3630 3633 3629 3633 3632 3630 3631 3634 3630 3634 3633 3631 3635 3634 3636 3635 3631 3637 3631 3609 3637 3636 3631 3609 3638 3637 3637 3638 3636 3611 3612 3638 3611 3638 3609 3638 3639 3636 3612 3639 3638 3640 3641 3642 3642 3643 3640 3644 3641 3640 3640 3645 3644 3646 3645 3640 3640 3647 3646 3648 3643 3649 3649 3650 3648 3648 3650 3651 3651 3652 3648 3653 3652 3654 3653 3654 3655 3653 3655 3656 3656 3657 3653 3657 3658 3653 3659 3660 3661 3662 3659 3661 3662 3661 3663 3664 3662 3663 3664 3663 3665 3666 3664 3665 3666 3665 3667 3668 3666 3667 3668 3667 3669 3670 3668 3669 3670 3669 3671 3669 3672 3671 3671 3672 3673 3672 3674 3673 3674 3675 3673 3675 3676 3673 3675 3677 3676 3677 3678 3676 3679 3678 3677 3680 3679 3677 3681 3679 3680 3682 3681 3680 3683 3681 3682 3684 3683 3682 3685 3683 3684 3686 3685 3684 3687 3685 3686 3688 3687 3686 3689 3690 3691 3692 3689 3691 3693 3694 3695 3696 3693 3695 3697 3698 3699 3700 3697 3699 3701 3702 3703 3704 3701 3703 3703 3702 3705 3702 3706 3705 3705 3706 3707 3706 3708 3707 3707 3708 3709 3708 3710 3709 3709 3710 3711 3710 3712 3711 3711 3712 3713 3714 3711 3713 3714 3713 3715 3716 3714 3715 3717 3716 3715 3718 3717 3715 3719 3717 3718 3720 3719 3718 3720 3721 3719 3721 3722 3719 3721 3723 3722 3723 3724 3722 3723 3725 3724 3725 3726 3724 3725 3727 3726 3727 3728 3726 3727 3729 3728 3729 3730 3728 3731 3732 3733 3734 3731 3733 3735 3736 3737 3738 3735 3737 3739 3740 3741 3742 3739 3741 3743 3744 3745 3746 3743 3745 3745 3744 3747 3744 3748 3747 3747 3748 3749 3748 3750 3749 3749 3750 3751 3750 3752 3751 3751 3752 3753 3752 3754 3753 3753 3754 3755 3754 3756 3755 3755 3756 3757 3756 3758 3757 3758 3759 3757 3759 3760 3757 3759 3761 3760 3761 3762 3760 3761 3763 3762 3763 3764 3762 3763 3765 3764 3765 3766 3764 3765 3767 3766 3767 3768 3766 3767 3769 3768 3769 3770 3768 3769 3771 3770 3771 3772 3770 3773 3774 3775 3776 3773 3775 3777 3778 3779 3780 3777 3779 3781 3777 3780 3782 3781 3780 3779 3778 3783 3778 3784 3783 3783 3784 3785 3784 3786 3785 3785 3786 3787 3786 3788 3787 3787 3788 3789 3788 3790 3789 3781 3782 3791 3792 3781 3791 3792 3791 3793 3794 3792 3793 3794 3793 3795 3796 3794 3795 3796 3795 3797 3798 3796 3797 3798 3797 3799 3800 3798 3799 3800 3799 3801 3802 3800 3801 3803 3804 3805 3806 3803 3805 3807 3808 3809 3810 3807 3809 3811 3812 3813 3814 3811 3813 3815 3816 3817 3818 3815 3817 3819 3820 3821 3822 3819 3821 3823 3824 3825 3826 3823 3825 3827 3828 3829 3830 3827 3829 3831 3832 3833 3834 3831 3833 3835 3836 3837 3838 3835 3837 3839 3840 3841 3842 3839 3841 3843 3844 3845 3846 3843 3845 3847 3848 3849 3850 3847 3849 3851 3852 3853 3854 3851 3853 3855 3856 3857 3858 3855 3857 3859 3860 3861 3862 3859 3861 3863 3864 3865 3866 3863 3865 3867 3868 3869 3870 3867 3869 3871 3872 3873 3874 3871 3873 3875 3876 3877 3878 3875 3877 3879 3880 3881 3882 3879 3881 3883 3884 3885 3886 3883 3885 3887 3888 3889 3890 3887 3889 3891 3887 3890 3892 3891 3890 3893 3891 3892 3894 3893 3892 3895 3893 3894 3896 3895 3894 3897 3898 3899 3900 3897 3899 3901 3897 3900 3902 3901 3900 3903 3901 3902 3904 3903 3902 3905 3903 3904 3906 3905 3904 3907 3908 3909 3910 3907 3909 3911 3907 3910 3912 3911 3910 3913 3914 3915 3916 3913 3915 3917 3913 3916 3918 3917 3916 3915 3914 3919 3914 3920 3919 3919 3920 3921 3920 3922 3921 3921 3922 3923 3922 3924 3923 3925 3926 3927 3928 3925 3927 3928 3929 3925 3929 3930 3925 3931 3930 3929 3932 3931 3929 3932 3933 3931 3933 3934 3931 3935 3936 3937 3938 3935 3937 3938 3939 3935 3939 3940 3935 3941 3940 3939 3942 3941 3939 3942 3943 3941 3943 3944 3941 3945 3946 3947 3948 3945 3947 3949 3945 3948 3950 3949 3948 3951 3952 3953 3954 3951 3953 3954 3955 3951 3955 3956 3951 3955 3957 3956 3957 3958 3956 3959 3958 3957 3960 3959 3957 3960 3961 3959 3961 3962 3959 3963 3964 3965 3963 3965 3966 3967 3963 3966 3967 3968 3963 3968 3969 3963 3963 3969 3964 3970 3969 3968 3970 3964 3969 3971 3970 3968 3971 3972 3970 3970 3973 3964 3972 3973 3970 3974 3964 3973 3974 3973 3972 3975 3974 3972 3975 3976 3974 3974 3977 3964 3976 3977 3974 3978 3964 3977 3978 3977 3976 3979 3978 3976 3979 3980 3978 3978 3981 3964 3980 3981 3978 3982 3964 3981 3982 3981 3980 3983 3964 3982 3984 3964 3983 3984 3985 3964 3983 3982 3986 3986 3982 3980 3984 3983 3987 3987 3983 3986 3988 3984 3987 3985 3984 3988 3989 3985 3988 3989 3990 3985 3985 3991 3964 3990 3991 3985 3992 3964 3991 3992 3991 3990 3966 3965 3992 3992 3965 3964 3993 3992 3990 3993 3966 3992 3994 3995 3996 3997 3996 3995 3994 3998 3995 3999 3995 3998 3999 4000 3995 4001 3995 4000 3997 4002 4003 4004 4003 4002 4004 4002 4005 4006 4005 4002 4006 4007 4008 4008 4007 4009 4009 4007 4010 4011 4010 4007 4012 4011 4007 4013 4014 4015 4016 4017 4018 4019 4020 4021 4022 4023 4024 4022 4024 4025 4025 4024 4026 4024 4027 4026 4026 4027 4028 4027 4029 4028 4030 4022 4025 4031 4032 4033 4032 4031 4034 4035 4036 4037 4038 4035 4037 4039 4040 4041 4042 4039 4041 4043 4044 4045 4046 4043 4045 4047 4048 4049 4050 4047 4049 4051 4052 4053 4053 4052 4054 4053 4054 4055 4056 4053 4055 4056 4055 4057 4058 4056 4057 4052 4059 4054 4060 4061 4062 4063 4060 4062 4064 4065 4066 4067 4064 4066 4068 4069 4070 4071 4068 4070 4072 4073 4074 4075 4072 4074 4076 4077 4078 4079 4080 4081 4082 4083 4084 4085 4086 4087 4085 4087 4088 4085 4088 4089 4085 4089 4090 4090 4089 4091 4092 4090 4091 4093 4092 4091 4092 4094 4090 4091 4089 4095 4089 4088 4095 4091 4095 4096 4093 4091 4097 4097 4091 4096 4097 4096 4098 4098 4096 4099 4096 4095 4100 4096 4100 4099 4099 4100 4101 4100 4102 4101 4101 4102 4103 4102 4104 4103 4103 4104 4105 4104 4106 4105 4102 4107 4104 4104 4108 4106 4107 4108 4104 4108 4109 4106 4093 4097 4110 4110 4097 4098 4111 4093 4110 4100 4112 4102 4095 4112 4100 4095 4088 4112 4112 4107 4102 4106 4109 4113 4109 4114 4113 4112 4088 4115 4115 4088 4116 4088 4087 4116 4116 4087 4086 4109 4117 4114 4117 4118 4114 4113 4114 4119 4114 4118 4119 4120 4113 4119 4121 4111 4110 4122 4120 4119 4123 4122 4119 4123 4124 4122 4124 4125 4122 4124 4126 4125 4125 4127 4105 4127 4103 4105 4126 4127 4125 4127 4128 4103 4128 4101 4103 4129 4099 4101 4128 4129 4101 4130 4098 4099 4129 4130 4099 4126 4131 4127 4131 4128 4127 4130 4132 4098 4132 4110 4098 4132 4121 4110 4133 4132 4130 4133 4121 4132 4134 4130 4129 4134 4133 4130 4135 4134 4129 4135 4129 4128 4131 4135 4128 4136 4133 4134 4136 4137 4133 4136 4138 4137 4139 4136 4134 4139 4134 4135 4139 4138 4136 4140 4138 4139 4141 4138 4140 4137 4142 4133 4133 4142 4121 4143 4142 4137 4139 4135 4144 4139 4144 4145 4140 4145 4141 4140 4139 4145 4146 4131 4126 4146 4135 4131 4147 4126 4124 4147 4146 4126 4148 4124 4123 4148 4147 4124 4149 4148 4123 4149 4123 4119 4150 4151 4152 4153 4150 4152 4154 4153 4152 4155 4154 4152 4156 4157 4158 4156 4159 4157 4159 4160 4157 4160 4159 4161 4161 4159 4162 4163 4161 4162 4164 4160 4161 4165 4164 4161 4166 4165 4161 4167 4166 4161 4168 4165 4166 4169 4168 4166 4157 4170 4158 4165 4168 4171 4168 4169 4171 4164 4165 4172 4160 4164 4172 4165 4171 4172 4171 4173 4172 4160 4174 4157 4174 4160 4172 4174 4170 4157 4174 4172 4175 4172 4176 4175 4177 4178 4179 4178 4177 4180 4181 4182 4183 4184 4181 4183 4185 4186 4187 4188 4189 4190 4191 4192 4193 4194 4191 4193 4192 4195 4193 4195 4196 4193 4197 4198 4199 4200 4197 4199 4201 4202 4203 4204 4201 4203 4201 4204 4205 4206 4201 4205 4207 4117 4109 4108 4207 4109 4112 4208 4107 4208 4207 4108 4107 4208 4108 4209 4210 4211 4212 4209 4211 4213 4214 4215 4216 4217 4218 4219 4220 4221 4222 4219 4221 4223 4224 4225 4226 4223 4225 4227 4224 4223 4228 4227 4223 4229 4227 4228 4230 4229 4228 4231 4224 4227 4230 4228 4232 4233 4230 4232 4233 4232 4234 4235 4233 4234 4234 4232 4236 4237 4234 4236 4232 4238 4236 4236 4238 4239 4238 4240 4239 4240 4226 4225 4239 4240 4225 4241 4242 4243 4244 4241 4243 4245 4246 4247 4248 4245 4247 4249 4250 4251 4252 4249 4251 4253 4254 4255 4256 4253 4255 4257 4258 4259 4260 4257 4259 4261 4262 4263 4264 4261 4263 4265 4266 4267 4268 4265 4267 4269 4270 4271 4272 4269 4271 4273 4274 4275 4276 4273 4275 4277 4278 4279 4280 4277 4279 4281 4282 4283 4284 4281 4283 4285 4286 4287 4288 4285 4287 4287 4286 4289 4290 4287 4289 4291 4292 4293 4294 4291 4293 4294 4293 4295 4296 4294 4295 4297 4298 4299 4300 4297 4299 4301 4302 4303 4304 4301 4303 4301 4305 4302 4305 4306 4302 4307 4308 4309 4310 4307 4309 4311 4312 4313 4314 4311 4313 4315 4316 4317 4318 4315 4317 4319 4320 4321 4322 4319 4321 4323 4324 4325 4326 4323 4325 4327 4328 4329 4330 4327 4329 4330 4331 4327 4331 4332 4327 4331 4333 4332 4333 4334 4332 4330 4335 4331 4332 4334 4336 4334 4337 4336 4336 4337 4338 4337 4339 4338 4336 4338 4340 4338 4341 4340 4342 4336 4340 4342 4340 4343 4328 4344 4329 4344 4342 4343 4344 4343 4329 4345 4346 4347 4348 4345 4347 4349 4350 4351 4352 4349 4351 4353 4354 4355 4356 4353 4355 4357 4358 4359 4360 4357 4359 4361 4362 4363 4364 4361 4363 4365 4366 4367 4368 4365 4367 4369 4370 4371 4372 4369 4371 4373 4374 4375 4376 4373 4375 4377 4378 4379 4380 4377 4379 4381 4382 4383 4384 4381 4383 4385 4386 4387 4388 4385 4387 4389 4390 4391 4392 4389 4391 4392 4391 4393 4391 4394 4393 4395 4396 4397 4398 4395 4397 4397 4396 4399 4396 4400 4399 4401 4402 4403 4404 4401 4403 4405 4406 4407 4408 4405 4407 4409 4405 4408 4410 4409 4408 4411 4412 4413 4414 4411 4413 4415 4416 4417 4418 4415 4417 4419 4420 4421 4422 4419 4421 4423 4424 4425 4426 4423 4425 4427 4428 4429 4430 4427 4429 4431 4432 4433 4434 4431 4433 4435 4431 4434 4436 4435 4434 4433 4432 4437 4432 4438 4437 4433 4437 4439 4434 4433 4440 4440 4433 4439 4441 4434 4440 4436 4434 4441 4442 4436 4441 4438 4443 4437 4437 4444 4439 4443 4444 4437 4443 4445 4444 4445 4446 4444 4445 4447 4446 4447 4448 4446 4444 4446 4449 4444 4449 4439 4446 4448 4450 4446 4450 4449 4448 4451 4450 4452 4453 4454 4454 4455 4456 4456 4457 4458 4457 4459 4458 4460 4461 4462 4460 4462 4463 4464 4460 4463 4465 4466 4467 4467 4468 4469 4469 4470 4471 4472 4473 4465 4474 4475 4476 4477 4474 4476 4476 4475 4478 4475 4479 4478 4478 4479 4480 4479 4481 4480 4474 4477 4482 4483 4474 4482 4483 4482 4484 4485 4483 4484 4485 4484 4486 4487 4485 4486 4488 4489 4490 4491 4488 4490 4492 4493 4494 4495 4492 4494 4496 4497 4498 4499 4496 4498 4498 4500 4499 4500 4498 4501 4498 4502 4503 4504 4505 4502 4504 4506 4507 4506 4508 4507 4508 4509 4507 4510 4511 4512 4511 4513 4512 4511 4514 4513 4514 4515 4513 4514 4511 4516 4517 4516 4511 4518 4517 4511 4519 4520 4521 4520 4522 4521 4521 4522 4523 4522 4524 4523 4525 4526 4527 4528 4525 4527 4527 4526 4529 4526 4530 4529 4529 4530 4531 4530 4532 4531 4531 4532 4533 4532 4534 4533 4531 4533 4535 4536 4531 4535 4529 4531 4536 4527 4529 4537 4537 4529 4536 4538 4527 4537 4539 4527 4538 4539 4528 4527 4540 4539 4538 4532 4541 4534 4541 4542 4534 4530 4543 4532 4543 4541 4532 4526 4544 4530 4544 4543 4530 4545 4544 4526 4525 4545 4526 4544 4546 4543 4546 4547 4543 4547 4542 4541 4543 4547 4541 4545 4548 4544 4548 4549 4544 4547 4546 4550 4549 4548 4551 4546 4551 4550 4550 4551 4552 4551 4553 4552 4552 4553 4554 4533 4555 4535 4552 4554 4555 4556 4555 4533 4550 4552 4556 4556 4552 4555 4534 4556 4533 4553 4557 4554 4553 4558 4557 4558 4559 4557 4555 4554 4560 4555 4560 4535 4554 4561 4560 4554 4557 4561 4557 4562 4561 4559 4563 4557 4557 4563 4562 4563 4564 4562 4542 4547 4565 4565 4550 4556 4542 4565 4534 4565 4556 4534 4547 4550 4565 4551 4566 4553 4548 4566 4551 4566 4558 4553 4567 4568 4569 4570 4567 4569 4567 4571 4568 4571 4572 4568 4571 4573 4572 4573 4574 4572 4573 4575 4574 4575 4576 4574 4576 4575 4577 4575 4578 4577 4577 4578 4579 4578 4580 4579 4579 4580 4581 4580 4582 4581 4581 4582 4583 4582 4584 4583 4585 4586 4587 4588 4585 4587 4587 4586 4589 4586 4590 4589 4589 4590 4591 4590 4592 4591 4593 4594 4595 4596 4593 4595 4596 4597 4593 4597 4598 4593 4593 4599 4594 4593 4598 4599 4598 4600 4599 4599 4600 4601 4599 4601 4602 4599 4602 4594 4600 4603 4601 4604 4605 4606 4604 4606 4607 4608 4604 4607 4608 4607 4609 4610 4608 4609 4611 4612 4613 4613 4612 4614 4615 4616 4617 4618 4619 4620 4621 4622 4623 4621 4624 4622 4621 4625 4624 4621 4626 4625 4621 4627 4626 4621 4628 4627 4629 4628 4621 4630 4629 4621 4631 4621 4623 4631 4630 4621 4632 4633 4634 4633 4635 4634 4636 4637 4638 4639 4640 4641 4642 4639 4641 4639 4643 4640 4643 4644 4640 4643 4645 4644 4645 4646 4644 4647 4642 4641 4648 4647 4641 4649 4647 4648 4650 4649 4648 4651 4649 4650 4652 4651 4650 4653 4654 4641 4654 4655 4641 4656 4657 4658 4659 4656 4658 4659 4658 4660 4661 4659 4660 4662 4663 4664 4665 4666 4667 4668 4669 4670 4671 4670 4669 4672 4673 4674 4673 4675 4676 4677 4678 4679 4680 4672 4681 4678 4680 4682 4675 4683 4684 4683 4685 4686 4685 4687 4688 4687 4689 4690 4691 4692 4693 4694 4691 4693 4691 4695 4692 4695 4696 4692 4697 4698 4699 4700 4697 4699 4701 4697 4700 4702 4701 4700 4703 4704 4705 4705 4706 4707 4706 4708 4707 4707 4708 4709 4708 4710 4709 4710 4711 4712 4707 4709 4713 4705 4707 4714 4715 4705 4716 4715 4703 4705 4711 4717 4712 4717 4718 4712 4717 4719 4718 4719 4720 4718 4719 4721 4720 4721 4722 4720 4721 4723 4722 4720 4724 4725 4720 4722 4724 4722 4726 4724 4722 4727 4726 4728 4727 4722 4727 4729 4726 4730 4731 4732 4731 4733 4732 4732 4733 4734 4733 4735 4734 4736 4737 4738 4737 4739 4740 4741 4736 4742 4743 4741 4744 4745 4743 4746 4747 4745 4748 4749 4747 4750 4751 4749 4752 4753 4751 4754 4755 4753 4756 4757 4758 4759 4760 4757 4759 4759 4758 4761 4762 4763 4764 4765 4762 4764 4764 4763 4766 4763 4767 4766 4768 4769 4770 4771 4768 4770 4772 4773 4774 4775 4776 4772 4777 4778 4779 4780 4781 4782 4783 4784 4785 4786 4783 4785 4787 4788 4789 4790 4791 4792 4790 4792 4793 4794 4795 4796 4794 4796 4797 4798 4794 4797 4798 4797 4799 4800 4798 4799 4801 4802 4803 4804 4801 4803 4804 4803 4805 4806 4804 4805 4806 4805 4807 4808 4806 4807 4809 4810 4811 4812 4809 4811 4813 4810 4809 4814 4813 4809 4815 4809 4812 4814 4809 4815 4816 4814 4815 4816 4815 4817 4818 4815 4812 4819 4817 4818 4820 4817 4819 4821 4822 4823 4822 4824 4823 4823 4824 4825 4824 4826 4825 4827 4828 4829 4830 4827 4829 4831 4832 4827 4833 4834 4835 4836 4834 4833 4837 4834 4836 4838 4834 4837 4839 4834 4838 4840 4834 4839 4840 4841 4834 4841 4842 4834 4842 4843 4834 4834 4843 4835 4844 4845 4846 4847 4846 4845 4847 4848 4849 4849 4848 4850 4851 4849 4850 4852 4853 4854 4855 4856 4857 4858 4855 4857 4857 4856 4859 4856 4860 4859 4861 4862 4863 4864 4861 4863 4865 4866 4867 4867 4868 4865 4869 4870 4871 4872 4869 4871 4869 4873 4874 4873 4875 4876 4877 4878 4875 4879 4872 4871 4880 4879 4881 4882 4880 4883 4884 4882 4885 4886 4884 4887 4888 4886 4889 4890 4891 4892 4893 4890 4892 4894 4890 4893 4895 4894 4893 4896 4897 4898 4899 4896 4898 4896 4900 4897 4900 4901 4897 4902 4903 4904 4902 4904 4905 4906 4902 4905 4906 4905 4907 4908 4909 4910 4911 4908 4910 4911 4910 4912 4913 4911 4912 4908 4914 4909 4914 4915 4909 4914 4916 4915 4916 4917 4915 4916 4918 4917 4918 4919 4917 4918 4920 4919 4920 4921 4919 4920 4922 4921 4922 4923 4921 4922 4924 4923 4924 4925 4923 4924 4926 4925 4926 4927 4925 4926 4928 4927 4928 4929 4927 4930 4931 4932 4933 4930 4932 4933 4932 4934 4935 4936 4937 4938 4935 4937 4938 4937 4939 4940 4938 4939 4941 4942 4943 4944 4941 4943 4945 4946 4947 4948 4949 4950 4951 4952 4953 4954 4955 4951 4953 4956 4957 4958 4959 4960 4959 4961 4960 4962 4963 4964 4965 4966 4967 4968 4969 4970 4969 4971 4970 4972 4973 4974 4975 4976 4977 4978 4979 4980 4981 4982 4983 4984 4985 4986 4987 4988 4989 4990 4991 4992 4993 4994 4995 4996 4997 4998 4999 5000 5001 5002 5003 5004 5005 5002 5004 5006 5007 5008 5009 5010 5011 5010 5012 5011 5013 5014 5015 5016 5017 5018 5019 5020 5021 5022 5023 5024 5025 5026 5027 5028 5029 5030 5031 5028 5030 5032 5028 5031 5033 5032 5031 5034 5032 5033 5035 5034 5033 5036 5034 5035 5037 5036 5035 5038 5036 5037 5039 5038 5037 5040 5038 5039 5041 5040 5039 5042 5040 5041 5043 5042 5041 5044 5042 5043 5045 5044 5043 5046 5044 5045 5047 5046 5045 5048 5046 5047 5049 5048 5047 5050 5048 5049 5029 5050 5051 5030 5029 5051 5051 5050 5049 5029 5052 5050 5053 5052 5029 5028 5053 5029 5032 5054 5028 5054 5053 5028 5034 5055 5032 5055 5054 5032 5056 5055 5034 5036 5056 5034 5038 5057 5036 5057 5056 5036 5050 5058 5048 5052 5058 5050 5058 5059 5048 5048 5059 5046 5046 5060 5044 5059 5060 5046 5044 5061 5042 5060 5061 5044 5061 5062 5042 5042 5062 5040 5063 5057 5038 5040 5063 5038 5062 5063 5040 5064 5065 5066 5066 5065 5067 5067 5065 5068 5068 5065 5069 5069 5065 5070 5070 5065 5071 5071 5065 5072 5072 5065 5073 5073 5065 5074 5074 5065 5075 5076 5065 5064 5075 5065 5076 5077 5078 5079 5080 5078 5077 5081 5078 5080 5082 5078 5081 5083 5078 5082 5084 5078 5083 5085 5078 5084 5086 5078 5085 5087 5078 5086 5088 5078 5087 5079 5078 5089 5089 5078 5088 359 365 360 362 359 358 364 362 361 365 367 366 385 387 386 387 389 388 389 5090 390 5091 1274 1276 1278 1274 5091 1279 1278 5091 1278 1294 1274 1304 1307 1301 1304 1305 1307 1304 1321 1305 2182 2184 2183 2184 2186 2185 2186 2188 2187 2188 2190 2189 2190 2200 2191 2191 2200 2192 2200 2193 2192 2193 2203 2194 2194 2203 5092 2203 2205 5092 2186 2196 2188 2184 2195 2186 2188 2197 2190 2190 2198 2200 2200 2199 2193 2193 2201 2203 2203 2202 2205 2182 2206 2184 5093 5094 5095 5093 5096 5094 5093 5095 5097 5093 5097 5098 5093 5098 5099 5093 5099 5100 5093 5101 5096 5093 5102 5101 5093 5100 5103 5093 5103 5104 5093 5105 5102 5093 5104 5105 3125 5106 5107 3109 3125 5107 3109 5107 5108 3110 3109 5108 3110 5108 5109 3112 3110 5109 3112 5109 5110 3114 3112 5110 3114 5110 5111 3116 3114 5111 3116 5111 5112 3118 3116 5112 3118 5112 5113 3120 3118 5113 3120 5113 5114 3122 3120 5114 5115 5116 5117 5118 5115 5117 5119 5115 5118 5120 5119 5118 5119 5120 5121 5122 5119 5121 5122 5121 5123 5124 5122 5123 5125 3176 3175 5125 5126 3176 3176 5127 3177 5126 5127 3176 5127 5128 3177 3182 3178 3180 3185 3181 3182 3183 3184 3178 3184 5129 3179 3183 3181 3187 5130 3183 3187 5130 3187 3189 5131 5130 3189 3180 3192 5132 5132 3192 3193 3180 3190 3192 3194 3195 3191 3195 5133 3196 5134 3201 3200 5135 5134 3200 5135 3200 3202 5136 5135 3202 5137 5138 5139 5140 5137 5139 5139 5138 5141 5138 5142 5141 5137 5140 5143 5144 5137 5143 5144 5143 5145 5146 5144 5145 5147 5148 5149 5150 5147 5149 5149 5148 5151 5152 3206 3205 5153 5152 3205 3206 3203 3205 3206 5152 3207 5152 5154 3207 3215 3209 3212 5155 3215 3212 3210 3209 3214 3215 5156 3213 5157 5158 5159 5160 5157 5159 5159 5158 5161 5158 5162 5161 5163 5164 5165 5166 5163 5165 3221 5167 3222 3224 3221 3220 5168 3225 3223 5167 5169 3222 5169 5170 3222 5169 5171 5170 5171 3228 5170 5171 3226 3228 5172 5173 5174 5175 5172 5174 5174 5173 5176 5173 5177 5176 5176 5177 5178 5177 5179 5178 5179 5180 5178 5180 5181 5178 5180 5182 5181 5182 5183 5181 5182 5184 5183 5184 5185 5183 3231 3230 5186 3230 5187 5186 5186 5187 5188 5187 5189 5188 5189 5190 5188 5190 5191 5188 5190 5192 5191 5192 3235 5191 5192 3233 3235 5193 3236 3238 3237 3240 3239 3240 5194 3241 5194 5195 3241 5195 5196 3241 5195 5197 5196 5197 3244 5196 5197 3242 3244 5198 3245 5199 5200 5198 5199 5199 3245 3247 3247 3246 3249 3254 5201 3253 5202 5203 5204 5205 5202 5204 5204 5203 5206 5203 5207 5206 5206 5207 5208 5207 5209 5208 5209 5210 5208 5210 5211 5208 5210 5212 5211 5212 5213 5211 5212 5214 5213 5214 5215 5213 5216 5217 5218 5219 5216 5218 5218 5217 5220 5217 5221 5220 5220 5221 5222 5221 5223 5222 5223 5224 5222 5224 5225 5222 5224 5226 5225 5226 5227 5225 5226 5228 5227 5228 5229 5227 5230 5231 5232 5233 5230 5232 5230 5234 5231 5234 5235 5231 5234 5236 5235 5236 5237 5235 5237 5236 5238 5236 5239 5238 5238 5239 5240 5239 5241 5240 5240 5241 5242 5241 5243 5242 5244 5245 5246 5247 5244 5246 5244 5248 5245 5248 5249 5245 5248 5250 5249 5250 5251 5249 5251 5250 5252 5250 5253 5252 5252 5253 5254 5253 5255 5254 5254 5255 5256 5255 5257 5256 5258 5259 5260 5261 5258 5260 5258 5262 5259 5262 5263 5259 5262 5264 5263 5264 5265 5263 5265 5264 5266 5264 5267 5266 5266 5267 5268 5267 5269 5268 5268 5269 5270 5269 5271 5270 5272 3255 3257 3269 5273 3270 3269 5274 5273 5274 5275 5273 5274 5276 5275 5276 5277 5275 5277 5276 5278 5276 5279 5278 5278 5279 5280 5279 5281 5280 5280 5281 5282 5281 5283 5282 5284 5285 5286 5287 5284 5286 5284 5288 5285 5288 5289 5285 5288 5290 5289 5290 5291 5289 5291 5290 5292 5290 5293 5292 5292 5293 5294 5293 5295 5294 5294 5295 5296 5295 5297 5296 5298 5299 5300 5301 5302 5303 5301 5304 5302 5305 5304 5301 5306 5301 5303 5306 5305 5301 5307 5306 5303 5308 5309 5310 5311 5308 5310 5311 5310 5312 5313 5314 5315 5316 5313 5315 3276 5317 3277 5318 3278 3280 5319 3281 3283 3461 3464 3462 3464 3466 3462 3461 3460 5320 3464 3463 3469 3464 3469 3467 3469 3470 3467 4453 4455 4454 4455 4457 4456 4453 4452 5321 4461 4453 5321 4461 5321 4462 5322 5323 4466 5324 5322 4466 4473 5324 4466 4473 4466 4465 4466 4468 4467 4466 5325 4468 4468 5325 4470 5325 5326 4470 4470 5326 5327 5326 5328 5327 4470 5327 4471 4468 4470 4469 5328 5329 5327 5327 5330 4471 5329 5330 5327 5329 5331 5330 5331 5332 5330 5331 5333 5332 5330 5332 5334 5330 5334 4471 5332 5335 5334 5332 5333 5335 5333 5336 5335 5333 5337 5336 5337 5338 5336 5339 5337 5333 5340 5339 5333 5341 5340 5333 4494 4493 5342 4493 5343 5342 5342 5343 5344 5343 5345 5344 5346 5347 5348 5349 5346 5348 5350 5349 5348 5350 5348 5351 5351 5348 5352 5348 5353 5352 5352 5353 5354 5353 5355 5354 5353 5356 5355 5355 5356 5357 5356 5358 5357 5355 5357 5359 5354 5355 5359 5360 5350 5351 5358 5361 5357 5361 5362 5357 5357 5362 5359 5361 5363 5362 5362 5364 5359 5362 5363 5364 5363 5365 5364 5363 5366 5365 5366 5367 5365 5366 5368 5367 5368 5369 5367 5370 5368 5366 5371 5370 5366 5372 5371 5366 5373 5374 5375 5376 5373 5375 5375 5374 5377 5378 5379 5380 5381 5378 5380 5378 5382 5379 5382 5383 5379 5382 5384 5383 5384 5385 5383 5384 5386 5385 5386 5387 5385 5387 5386 5388 5386 5389 5388 5388 5389 5390 5389 5391 5390 5390 5391 5392 5391 5393 5392 5392 5393 5394 5393 5395 5394 5396 5397 5398 5399 5396 5398 5398 5397 5400 5397 5401 5400 5400 5401 5402 5401 5403 5402 4501 4498 4503 4505 4503 4502 4505 4504 4507 4505 4507 5404 5405 4505 5404 4503 4505 5405 5406 4500 4501 4507 4509 5404 4509 4508 4510 4512 4509 4510 4509 4512 5407 4509 5407 5404 5408 5409 5410 5411 5408 5410 5408 5412 5409 5412 5413 5409 5412 5414 5413 5414 5415 5413 5414 5416 5415 5416 5417 5415 5417 5416 5418 5416 5419 5418 5418 5419 5420 5419 5421 5420 5420 5421 5422 5421 5423 5422 5422 5423 5424 5423 5425 5424 5426 4520 4519 5427 5426 4519 5428 5429 5430 5431 5428 5430 5432 5433 5434 5435 5432 5434 5435 5436 5432 5436 5437 5432 4601 5438 4602 4601 5439 5438 4603 5440 4601 5441 5440 4603 4605 5441 4603 4605 4603 4606 4601 5442 5439 5440 5442 4601 5442 5443 5439 5444 5445 5446 5444 4611 5445 5447 4615 4617 5447 5448 4615 5448 5449 4615 5450 5451 5452 5453 5450 5452 5454 5455 5456 5457 5454 5456 5457 5458 5454 5458 5459 5454 4619 5460 4620 5461 5462 5463 5464 5461 5463 5464 5465 5461 5465 5466 5461 4634 5467 4632 4635 4633 4636 4635 4636 4638 5468 5469 5470 5471 5468 5470 5471 5472 5468 5472 5473 5468 5474 5475 5476 5477 5474 5476 5477 5478 5474 5478 5479 5474 5480 5481 5482 5483 5480 5482 5483 5484 5480 5484 5485 5480 5486 5487 5488 5489 5486 5488 5490 5491 5492 5493 5490 5492 5492 5491 5494 5491 5495 5494 5496 5497 5498 5499 5496 5498 5498 5497 5500 5497 5501 5500 5502 5503 5504 5505 5502 5504 5502 5506 5503 5506 5507 5503 5508 5509 5510 5511 5508 5510 5508 5511 5512 5511 5513 5512 5510 5509 5514 5509 5515 5514 5514 5515 5516 5515 5517 5516 5516 5517 5518 5517 5519 5518 5520 5514 5516 5510 5514 5520 5521 5510 5520 5511 5510 5521 5513 5522 5512 5522 5523 5512 5523 5522 5524 5525 5523 5524 5525 5524 5526 5527 5525 5526 5527 5526 5528 5529 5527 5528 5529 5528 5530 5531 5529 5530 5526 5532 5528 5526 5524 5532 5524 5533 5532 5524 5522 5533 5531 5534 5529 5534 5535 5529 5529 5535 5527 5535 5536 5527 5527 5536 5525 5536 5537 5525 5525 5537 5523 5537 5538 5523 5523 5538 5539 5512 5523 5539 5508 5512 5539 5540 5508 5539 5508 5540 5509 5540 5541 5509 5509 5541 5515 5541 5542 5515 5515 5542 5517 5542 5543 5517 5517 5543 5519 5543 5544 5519 5545 5546 5547 5548 5545 5547 5547 5546 5549 5546 5550 5549 5545 5551 5546 5551 5552 5546 5546 5552 5550 5552 5553 5550 5554 5555 5556 5557 5554 5556 5557 5556 5558 5559 5557 5558 5560 5561 5562 5563 5560 5562 5562 5561 5564 5561 5565 5564 5564 5565 5566 5565 5567 5566 5563 5568 5560 5568 5569 5560 5566 5567 5570 5567 5571 5570 5569 5568 5572 5568 5573 5572 5572 5573 5574 5575 5572 5574 5575 5574 5576 5577 5575 5576 5577 5576 5578 5579 5577 5578 5579 5578 5580 5581 5579 5580 5566 5570 5582 5564 5566 5583 5583 5566 5582 5562 5564 5584 5584 5564 5583 5563 5562 5585 5585 5562 5584 5586 5563 5585 5563 5586 5568 5568 5587 5573 5586 5587 5568 5587 5588 5573 5574 5573 5589 5573 5588 5589 5576 5574 5590 5574 5589 5590 5576 5590 5591 5578 5576 5591 5578 5591 5592 5580 5578 5592 5593 5594 5595 5596 5593 5595 5595 5594 5597 5594 5598 5597 5596 5595 5599 5600 5596 5599 5595 5597 5601 5599 5595 5601 5602 5603 5604 5605 5602 5604 5606 5605 5604 5607 5606 5604 5608 5609 5610 5611 5608 5610 5611 5610 5612 5613 5611 5612 5614 5615 5616 5617 5614 5616 5617 5616 5618 5619 5617 5618 5620 5621 5622 5623 5620 5622 5624 5625 5626 5627 5624 5626 5627 5626 5628 5629 5627 5628 5630 5631 5632 5633 5630 5632 5633 5632 5634 5635 5633 5634 4663 5636 4664 5637 5638 5639 5640 5637 5639 5640 5639 5641 5642 5640 5641 5643 4665 4667 5643 4667 5644 5645 5643 5644 5646 5647 5648 5649 5646 5648 5650 5651 5652 5653 5650 5652 5653 5652 5654 5655 5653 5654 5656 5657 5658 5659 5656 5658 5656 5660 5657 5660 5661 5657 5662 5663 5664 5665 5662 5664 5665 5664 5666 5667 5665 5666 5668 5669 5670 5671 5668 5670 5672 5673 5674 5675 5672 5674 5672 5676 5673 5676 5677 5673 5678 5679 5680 5681 5678 5680 5681 5680 5682 5683 5681 5682 5684 5685 5686 5687 5684 5686 5688 5689 5690 5691 5688 5690 5688 5692 5689 5692 5693 5689 5693 5692 5694 5695 5693 5694 5694 5696 5695 5696 5697 5695 5696 5698 5697 5698 5699 5697 5700 5691 5690 5701 5700 5690 5702 5700 5701 5703 5702 5701 5702 5703 5704 5703 5705 5704 5706 5704 5705 5707 5706 5705 5708 5706 5707 5709 5708 5707 4686 4688 5710 5711 4686 5710 5710 4688 5712 4688 4690 5712 4684 4686 5711 5713 4684 5711 4676 4684 5713 5714 4676 5713 4674 4676 5714 5715 4674 5714 4681 4674 5715 5716 4681 5715 4682 4681 5716 5717 4682 5716 4679 4682 5717 5718 4679 5717 5719 4679 5718 5720 5719 5718 5720 5721 5719 5721 5722 5719 4681 4672 4674 4674 4673 4676 4676 4675 4684 5719 5722 4677 5719 4677 4679 5722 5723 4677 4679 4678 4682 4682 4680 4681 4684 4683 4686 4686 4685 4688 4688 4687 4690 5724 5725 5726 5727 5724 5726 5728 5729 5730 5731 5728 5730 5730 5729 5732 5729 5733 5732 5732 5733 5734 5733 5735 5734 5734 5735 5736 5735 5737 5736 5736 5737 5738 5737 5739 5738 5738 5739 5740 5739 5741 5740 5728 5731 5742 5743 5728 5742 5743 5742 5744 5745 5743 5744 5745 5744 5746 5747 5745 5746 5747 5746 5748 5749 5747 5748 5749 5748 5750 5751 5749 5750 5751 5750 5752 5753 5751 5752 5754 5755 5756 5757 5754 5756 5758 5759 5760 5761 5759 5758 5761 5762 5759 5763 5762 5761 5764 5762 5763 5765 5762 5764 5766 5762 5765 5767 5762 5766 5768 5762 5767 5762 5768 5769 5762 5769 5770 5762 5770 5771 5762 5771 5772 5762 5772 5773 5762 5774 5759 5762 5773 5774 5759 5774 5775 5759 5775 5776 4704 4706 4705 4709 4710 4712 4709 4712 5777 4713 4709 5777 4714 4707 4713 4716 4705 4714 5778 4715 4716 4712 4718 5777 4723 4728 4722 4718 4725 5777 4718 4720 4725 5779 5780 5781 5782 5779 5781 5781 5780 5783 5780 5784 5783 5783 5784 5785 5784 5786 5785 5779 5782 5787 5788 5779 5787 5788 5787 5789 5790 5788 5789 5790 5789 5791 5792 5790 5791 5793 5794 5795 5796 5793 5795 5797 4731 4730 5798 5797 4730 4742 4736 4738 4738 4737 4740 4744 4741 4742 4746 4743 4744 4748 4745 4746 4750 4747 4748 4752 4749 4750 4754 4751 4752 4756 4753 4754 5799 4755 4756 5800 5801 5802 5803 5801 5800 5804 5801 5803 5805 5801 5804 5806 5801 5805 5807 5801 5806 5808 5801 5807 5809 5801 5808 5802 5801 5810 5810 5801 5809 5811 5812 5813 5814 5811 5813 5813 5812 5815 5812 5816 5815 5817 5818 5819 5820 5817 5819 5821 5822 5823 5824 5821 5823 5823 5822 5825 5826 5827 5828 5829 5826 5828 5828 5827 5830 5827 5831 5830 5832 5833 5834 5835 5832 5834 4773 5836 4774 4776 4773 4772 5837 5838 5839 5840 5837 5839 4781 5841 4782 5842 4787 4789 5842 4789 5843 5844 5842 5843 5844 5843 5845 5846 5844 5845 4791 5847 4792 5848 5849 5850 5851 5848 5850 5851 5850 5852 5853 5851 5852 5853 5852 5854 5855 5853 5854 4795 5856 4796 5857 5858 5859 5860 5857 5859 5861 5862 5863 5864 5861 5863 5865 5862 5861 5866 5865 5861 4817 4815 4818 5867 4816 4817 5868 5867 4817 5868 5869 5867 5869 5870 5867 5867 5870 4821 5870 4822 4821 5871 5868 4817 5871 4817 4820 5872 5871 4820 4832 4828 4827 5873 5874 5875 5876 5873 5875 5877 5878 5879 5880 5877 5879 5881 5878 5877 5882 5881 5877 5883 5884 5885 5886 5883 5885 5887 5888 5889 5890 5887 5889 5891 5888 5887 5892 5891 5887 4848 4847 4845 5893 5894 5895 5896 5893 5895 5897 5894 5893 5898 5897 5893 5899 5900 5901 5902 5899 5901 5903 5900 5899 5904 5903 5899 4853 5905 4854 5906 5905 4853 5907 5906 4853 5908 5909 5910 5911 5908 5910 5912 5913 5914 5915 5912 5914 5915 5914 5916 5917 5915 5916 5918 5919 5920 5921 5918 5920 5921 5920 5922 5923 5921 5922 5924 5925 5926 5927 5924 5926 5927 5928 5924 5928 5929 5924 5930 5931 5932 5933 5930 5932 5933 5932 5934 5935 5933 5934 5935 5936 5933 5936 5937 5933 5933 5937 5930 5937 5938 5930 5939 5940 5941 5942 5939 5941 5941 5940 5943 5940 5944 5943 5945 5946 5947 5948 5945 5947 5948 5947 5949 5950 5948 5949 5947 5946 5951 5946 5952 5951 5949 5947 5953 5947 5951 5953 5954 5955 5956 5957 5954 5956 5956 5955 5958 5955 5959 5958 5960 5961 5962 5963 5960 5962 5962 5961 5964 5961 5965 5964 5966 5967 5968 5969 5966 5968 5970 5971 5972 5973 5970 5972 5972 5971 5974 5971 5975 5974 5976 5977 5978 5979 5976 5978 5978 5977 5980 5977 5981 5980 5982 5983 5984 5985 5982 5984 5986 5987 5988 5989 5986 5988 5988 5987 5990 5987 5991 5990 4863 4862 5992 4862 5993 5992 5994 5995 5996 5997 5994 5996 5998 5999 6000 6001 5998 6000 6000 5999 6002 5999 6003 6002 6004 6005 6006 6007 6004 6006 6008 6004 6007 6009 6008 6007 6010 6011 6012 6013 6010 6012 6012 6011 6014 6011 6015 6014 6016 6017 6018 6019 6016 6018 6020 6021 6022 6023 6020 6022 6024 6020 6023 6025 6024 6023 6026 6027 6028 6029 6026 6028 6028 6027 6030 6027 6031 6030 6032 6033 6034 6035 6032 6034 4887 6036 6037 4889 4887 6037 4889 6037 6038 6039 4889 6038 4887 4885 6036 4885 6040 6036 4885 4883 6040 4883 6041 6040 4883 4881 6041 4881 6042 6041 4881 4871 6042 4871 6043 6042 4871 4870 6043 4870 6044 6043 4870 4874 6044 4874 6045 6044 4874 4876 6045 4876 6046 6045 6047 6046 4876 4878 6047 4876 4870 4869 4874 4874 4873 4876 4878 4876 4875 4881 4879 4871 4883 4880 4881 4885 4882 4883 4887 4884 4885 4889 4886 4887 6039 4888 4889 6048 6049 6050 6051 6048 6050 6052 6053 6054 6055 6052 6054 6056 6057 6058 6059 6056 6058 4903 6060 4904 6061 4906 4907 6062 6063 6064 6062 6065 6063 6062 6066 6065 6062 6067 6066 6062 6068 6067 6062 6069 6068 6062 6070 6069 6062 6071 6070 6062 6064 6072 6062 6072 6071 6073 6074 6075 6076 6073 6075 6076 6075 6077 6078 6076 6077 6079 6080 6081 6082 6079 6081 6083 6084 6085 6086 6083 6085 6086 6085 6087 6088 6089 6090 6091 6088 6090 6091 6090 6092 6093 6091 6092 6094 6095 6096 6097 6094 6096 4946 6098 4947 4946 6099 6098 6099 6100 6098 4949 6101 4950 6102 6103 6104 6105 6106 6107 6108 6105 6107 4952 4956 4953 4955 4952 4951 4956 6109 4957 4955 4954 6110 6111 4955 6110 6111 6110 6112 6113 6112 4957 6109 6113 4957 6113 6111 6112 6114 4962 4964 6115 4972 4974 4979 6116 4980 6117 6118 6119 6118 6120 6119 6121 6122 6123 4982 6124 4983 6125 6126 6127 6126 6128 6127 4988 6129 4989 4991 6130 4992 4994 6131 4995 6132 6133 6134 6133 6135 6134 6136 4999 5001 6137 6138 6139 6140 5006 5008 6141 6142 6143 6144 6145 6146 6145 6147 6146 5014 6148 5015 6149 6150 6151 6152 6153 6154 6153 6155 6154 5017 6156 5018 6157 6158 6159 5020 6160 5021 5023 6161 5024 6162 6163 6164 6163 6165 6164 5026 6166 5027 6167 6168 6169</p>
        </triangles>
      </mesh>
    </geometry>
  </library_geometries>
  <library_controllers>
    <controller id="Controller">
      <skin source="#Geometry">
        <bind_shape_matrix>1 0 0 0 0 1 0 0 0 0 1 0 0 0 0 1</bind_shape_matrix>
        <source id="Controller-joints">
          <Name_array id="Controller-joints-array" count="35">chr121 Scale chr121_rd GRP_joint CP01 FP01 GP01 J_root J_center J_leg_l J_knee_l J_foot_l J_toe01_l J_toe02_l J_leg_r J_knee_r J_foot_r J_toe01_r J_toe02_r J_spine01 J_spine02 J_arm_l J_elbow_l J_hand_l J_arm_r J_elbow_r J_hand_r J_neck J_head J_joe FacePos J_tail01 J_tail02 TP01 GRP_mesh</Name_array>
          <technique_common>
            <accessor source="#Controller-joints-array" count="35" stride="1">
              <param name="JOINT" type="Name"/>
            </accessor>
          </technique_common>
        </source>
        <source id="Controller-bind_poses">
          <float_array id="Controller-bind_poses-array" count="560">1 0 0 0 0 1 0 0 0 0 1 0 0 0 0 1 0.869565 0 0 0 0 0.869565 0 0 0 0 0.869565 0 0 0 0 1 0.144928 0 0 0 0 0.144928 0 0 0 0 0.144928 0 0 0 0 1 0.144928 0 0 0 0 0.144928 0 0 0 0 0.144928 0 0 0 0 1 0.144928 0 0 0 0 0.144928 0 -0.085 0 0 0.144928 -0.012 0 0 0 1 0.144928 0 0 0 0 0.144928 0 -0.085 0 0 0.144928 -0.14 0 0 0 1 0.144928 0 0 0 0 0.144928 0 0 0 0 0.144928 -0.09 0 0 0 1 0.144928 0 0 0 0 0.144928 0 0 0 0 0.144928 0 0 0 0 1 0.144928 0 0 0 0 0.144928 0 -0.064801 0 0 0.144928 0.014669 0 0 0 1 0.144928 0 0 -0.037403 0 0.144928 0 -0.053714 0 0 0.144928 0.009378 0 0 0 1 0.144928 0 0 -0.037403 0 0.144928 0 -0.035315 0 0 0.144928 -0.005978 0 0 0 1 0.144928 0 0 -0.037403 0 0.144928 0 -0.009408 0 0 0.144928 0.000005 0 0 0 1 0.144928 0 0 -0.037403 0 0.144928 0 -0.005544 0 0 0.144928 -0.014597 0 0 0 1 0.144928 0 0 -0.037403 0 0.144928 0 -0.005544 0 0 0.144928 0.009136 0 0 0 1 0.144928 0 0 0.037403 0 0.144928 0 -0.053714 0 0 0.144928 0.009378 0 0 0 1 0.144928 0 0 0.037403 0 0.144928 0 -0.035315 0 0 0.144928 -0.005978 0 0 0 1 0.144928 0 0 0.037403 0 0.144928 0 -0.009408 0 0 0.144928 0.000005 0 0 0 1 0.144928 0 0 0.037403 0 0.144928 0 -0.005544 0 0 0.144928 -0.014597 0 0 0 1 0.144928 0 0 0.037403 0 0.144928 0 -0.005544 0 0 0.144928 0.009136 0 0 0 1 0.144928 0 0 0 0 0.144928 0 -0.064801 0 0 0.144928 0.014669 0 0 0 1 0.144928 0 0 0 0 0.144928 0 -0.084104 0 0 0.144928 -0.002068 0 0 0 1 0.144928 0 0 -0.024844 0 0.144928 0 -0.112381 0 0 0.144928 -0.018619 0 0 0 1 0.144928 0 0 -0.073712 0 0.144928 0 -0.112321 0 0 0.144928 -0.019977 0 0 0 1 0.144928 0 0 -0.09645 0 0.144928 0 -0.112353 0 0 0.144928 -0.047011 0 0 0 1 0.144928 0 0 0.024844 0 -0.144928 0 0.112381 0 0 -0.144928 0.018619 0 0 0 1 0.144928 0 0 0.073712 0 -0.144928 0 0.112321 0 0 -0.144928 0.019977 0 0 0 1 0.144928 0 0 0.09645 0 -0.144928 0 0.112353 0 0 -0.144928 0.047011 0 0 0 1 0.144928 0 0 0 0 0.144928 0 -0.109823 0 0 0.144928 -0.02695 0 0 0 1 0.144928 0 0 0 0 0.144928 0 -0.120047 0 0 0.144928 -0.04803 0 0 0 1 0.144928 0 0 0 0 0.144928 0 -0.119488 0 0 0.144928 -0.065578 0 0 0 1 0.144928 0 0 0 0 0.144928 0 -0.127847 0 0 0.144928 -0.08093 0 0 0 1 0.144928 0 0 0 0 0.144928 0 -0.054015 0 0 0.144928 0.046287 0 0 0 1 0.144928 0 0 0 0 0.144928 0 -0.050058 0 0 0.144928 0.082054 0 0 0 1 0.144928 0 0 0 0 0.144928 0 -0.19 0 0 0.144928 -0.07 0 0 0 1 0.144928 0 0 0 0 0.144928 0 0 0 0 0.144928 0 0 0 0 1</float_array>
          <technique_common>
            <accessor source="#Controller-bind_poses-array" count="35" stride="16">
              <param name="TRANSFORM" type="float4x4"/>
            </accessor>
          </technique_common>
        </source>
        <source id="Controller-weights">
          <float_array id="Controller-weights-array" count="2427">1 0.8 0.2 0.7 0.3 0.7 0.3 0.9 0.1 0.9 0.1 0.8 0.2 0.7 0.3 0.2 0.8 0.2 0.8 0.2 0.8 0.2 0.8 0.2 0.8 0.9 0.1 0.5 0.5 0.5 0.5 0.5 0.5 0.5 0.5 0.5 0.5 0.9 0.1 0.5 0.5 0.9 0.1 0.5 0.5 0.5 0.5 0.5 0.5 0.5 0.5 0.5 0.5 0.5 0.5 0.5 0.5 0.5 0.5 0.5 0.5 0.5 0.5 0.5 0.5 0.5 0.5 0.5 0.5 0.5 0.5 0.8 0.2 0.8 0.2 0.8 0.2 0.8 0.2 0.8 0.2 0.8 0.2 0.8 0.2 0.8 0.2 0.8 0.2 0.8 0.2 0.8 0.2 0.8 0.2 0.5 0.5 0.5 0.5 0.5 0.5 0.8 0.2 0.8 0.2 0.8 0.2 0.8 0.2 0.5 0.5 0.5 0.5 0.3 0.7 0.3 0.7 0.1 0.9 0.5 0.5 0.2 0.8 0.2 0.8 0.2 0.8 0.2 0.8 0.9 0.1 0.8 0.2 0.8 0.2 0.8 0.2 0.8 0.2 0.9 0.1 0.9 0.1 0.9 0.1 0.9 0.1 0.2 0.8 0.5 0.5 0.5 0.5 0.5 0.5 0.5 0.5 0.5 0.5 0.5 0.5 0.5 0.5 0.5 0.5 0.5 0.5 0.3 0.7 0.1 0.9 0.1 0.9 0.2 0.8 0.5 0.5 0.5 0.5 0.5 0.5 0.5 0.5 0.5 0.5 0.8 0.2 0.8 0.2 0.8 0.2 0.8 0.2 0.8 0.2 0.8 0.2 0.8 0.2 0.8 0.2 0.3 0.7 0.3 0.7 0.3 0.7 0.8 0.2 0.8 0.2 0.8 0.2 0.5 0.5 0.1 0.9 0.8 0.2 0.8 0.2 0.8 0.2 0.1 0.9 0.1 0.9 0.1 0.9 0.4 0.6 0.4 0.6 0.4 0.6 0.4 0.6 0.4 0.6 0.4 0.6 0.4 0.6 0.4 0.6 0.4 0.6 0.3 0.7 0.2 0.8 0.2 0.8 0.4 0.6 0.4 0.6 0.2 0.8 0.2 0.8 0.3 0.7 0.4 0.6 0.4 0.6 0.2 0.8 0.2 0.8 0.3 0.7 0.3 0.7 0.8 0.2 0.8 0.2 0.8 0.2 0.8 0.2 0.8 0.2 0.8 0.2 0.8 0.2 0.8 0.2 0.8 0.2 0.8 0.2 0.2 0.8 0.3 0.7 0.3 0.7 0.3 0.7 0.6 0.4 0.5 0.5 0.8 0.2 0.6 0.4 0.6 0.4 0.8 0.2 0.3 0.7 0.8 0.2 0.8 0.2 0.8 0.2 0.8 0.2 0.8 0.2 0.8 0.2 0.1 0.9 0.3 0.7 0.1 0.9 0.1 0.9 0.4 0.6 0.4 0.6 0.4 0.6 0.4 0.6 0.4 0.6 0.4 0.6 0.4 0.6 0.4 0.6 0.4 0.6 0.4 0.6 0.2 0.8 0.3 0.7 0.8 0.2 0.8 0.2 0.8 0.2 0.8 0.2 0.8 0.2 0.8 0.2 0.8 0.2 0.8 0.2 0.8 0.2 0.8 0.2 0.8 0.2 0.2 0.8 0.3 0.7 0.5 0.5 0.5 0.5 0.5 0.5 0.1 0.9 0.1 0.9 0.4 0.6 0.4 0.6 0.4 0.6 0.5 0.5 0.5 0.5 0.6 0.4 0.7 0.3 0.7 0.3 0.5 0.5 0.5 0.5 0.1 0.9 0.4 0.6 0.4 0.6 0.5 0.5 0.5 0.5 0.7 0.3 0.7 0.3 0.5 0.5 0.7 0.3 0.2 0.8 0.9 0.1 0.9 0.1 0.9 0.1 0.8 0.2 0.8 0.2 0.5 0.5 0.5 0.5 0.8 0.2 0.5 0.5 0.5 0.5 0.8 0.2 0.5 0.5 0.8 0.2 0.5 0.5 0.8 0.2 0.8 0.2 0.8 0.2 0.8 0.2 0.8 0.2 0.8 0.2 0.8 0.2 0.8 0.2 0.8 0.2 0.8 0.2 0.8 0.2 0.8 0.2 0.8 0.2 0.8 0.2 0.8 0.2 0.8 0.2 0.8 0.2 0.8 0.2 0.8 0.2 0.8 0.2 0.8 0.2 0.8 0.2 0.8 0.2 0.8 0.2 0.8 0.2 0.8 0.2 0.8 0.2 0.8 0.2 0.8 0.2 0.8 0.2 0.8 0.2 0.5 0.5 0.5 0.5 0.5 0.5 0.5 0.5 0.5 0.5 0.5 0.5 0.5 0.5 0.5 0.5 0.3 0.7 0.1 0.9 0.3 0.7 0.3 0.7 0.8 0.2 0.8 0.2 0.5 0.5 0.5 0.5 0.5 0.5 0.8 0.2 0.5 0.5 0.8 0.2 0.8 0.2 0.5 0.5 0.8 0.2 0.5 0.5 0.8 0.2 0.5 0.5 0.2 0.8 0.5 0.5 0.2 0.8 0.5 0.5 0.5 0.5 0.2 0.8 0.5 0.5 0.9 0.1 0.2 0.8 0.2 0.8 0.2 0.8 0.9 0.1 0.8 0.2 0.8 0.2 0.8 0.2 0.7 0.3 0.8 0.2 0.5 0.5 0.5 0.5 0.5 0.5 0.8 0.2 0.5 0.5 0.8 0.2 0.8 0.2 0.5 0.5 0.8 0.2 0.5 0.5 0.7 0.3 0.5 0.5 0.5 0.5 0.5 0.5 0.3 0.7 0.4 0.6 0.3 0.7 0.5 0.5 0.3 0.7 0.5 0.5 0.5 0.5 0.3 0.7 0.5 0.5 0.3 0.7 0.5 0.5 0.4 0.6 0.8 0.2 0.8 0.2 0.7 0.3 0.8 0.2 0.8 0.2 0.8 0.2 0.8 0.2 0.8 0.2 0.8 0.2 0.8 0.2 0.8 0.2 0.8 0.2 0.7 0.3 0.8 0.2 0.5 0.5 0.5 0.5 0.5 0.5 0.5 0.5 0.5 0.5 0.5 0.5 0.5 0.5 0.5 0.5 0.5 0.5 0.5 0.5 0.5 0.5 0.5 0.5 0.5 0.5 0.5 0.5 0.3 0.7 0.3 0.7 0.4 0.6 0.3 0.7 0.3 0.7 0.3 0.7 0.3 0.7 0.3 0.7 0.3 0.7 0.3 0.7 0.3 0.7 0.4 0.6 0.9 0.1 0.2 0.8 0.2 0.8 0.2 0.8 0.2 0.8 0.2 0.8 0.2 0.8 0.2 0.8 0.2 0.8 0.2 0.8 0.5 0.5 0.5 0.5 0.5 0.5 0.5 0.5 0.5 0.5 0.5 0.5 0.5 0.5 0.5 0.5 0.5 0.5 0.5 0.5 0.5 0.5 0.5 0.5 0.5 0.5 0.5 0.5 0.5 0.5 0.5 0.5 0.8 0.2 0.8 0.2 0.8 0.2 0.8 0.2 0.8 0.2 0.8 0.2 0.8 0.2 0.8 0.2 0.5 0.5 0.5 0.5 0.5 0.5 0.5 0.5 0.5 0.5 0.5 0.5 0.5 0.5 0.5 0.5 0.2 0.8 0.8 0.2 0.2 0.8 0.2 0.8 0.5 0.5 0.2 0.8 0.2 0.8 0.5 0.5 0.2 0.8 0.5 0.5 0.2 0.8 0.5 0.5 0.8 0.2 0.5 0.5 0.2 0.8 0.8 0.2 0.8 0.2 0.5 0.5 0.5 0.5 0.8 0.2 0.8 0.2 0.8 0.2 0.5 0.5 0.5 0.5 0.2 0.8 0.2 0.8 0.6 0.4 0.2 0.8 0.3 0.7 0.6 0.4 0.3 0.7 0.6 0.4 0.2 0.8 0.5 0.5 0.6 0.4 0.3 0.7 0.6 0.4 0.2 0.8 0.2 0.8 0.8 0.2 0.2 0.8 0.5 0.5 0.5 0.5 0.5 0.5 0.8 0.2 0.8 0.2 0.8 0.2 0.6 0.4 0.8 0.2 0.6 0.4 0.2 0.8 0.2 0.8 0.5 0.5 0.5 0.5 0.2 0.8 0.2 0.8 0.2 0.8 0.6 0.4 0.2 0.8 0.6 0.4 0.6 0.4 0.2 0.8 0.2 0.8 0.2 0.8 0.2 0.8 0.2 0.8 0.5 0.5 0.5 0.5 0.5 0.5 0.5 0.5 0.5 0.5 0.5 0.5 0.5 0.5 0.5 0.5 0.8 0.2 0.8 0.2 0.6 0.4 0.6 0.4 0.8 0.2 0.6 0.4 0.8 0.2 0.8 0.2 0.8 0.2 0.8 0.2 0.8 0.2 0.8 0.2 0.6 0.4 0.5 0.5 0.6 0.4 0.5 0.5 0.5 0.5 0.6 0.4 0.8 0.2 0.8 0.2 0.8 0.2 0.8 0.2 0.8 0.2 0.8 0.2 0.8 0.2 0.8 0.2 0.1 0.9 0.1 0.9 0.3 0.7 0.3 0.7 0.1 0.9 0.1 0.9 0.3 0.7 0.3 0.7 0.3 0.7 0.1 0.9 0.7 0.3 0.6 0.4 0.7 0.3 0.6 0.4 0.8 0.2 0.8 0.2 0.8 0.2 0.8 0.2 0.8 0.2 0.8 0.2 0.5 0.5 0.3 0.7 0.8 0.2 0.8 0.2 0.5 0.5 0.5 0.5 0.5 0.5 0.8 0.2 0.5 0.5 0.5 0.5 0.5 0.5 0.1 0.9 0.1 0.9 0.1 0.9 0.5 0.5 0.8 0.2 0.8 0.2 0.5 0.5 0.5 0.5 0.5 0.5 0.8 0.2 0.5 0.5 0.5 0.5 0.1 0.9 0.1 0.9 0.5 0.5 0.1 0.9 0.3 0.7 0.3 0.7 0.3 0.7 0.1 0.9 0.7 0.3 0.7 0.3 0.3 0.7 0.3 0.7 0.2 0.8 0.7 0.3 0.3 0.7 0.3 0.7 0.3 0.7 0.7 0.3 0.7 0.3 0.7 0.3 0.3 0.7 0.3 0.7 0.3 0.7 0.7 0.3 0.8 0.2 0.8 0.2 0.7 0.3 0.7 0.3 0.1 0.9 0.1 0.9 0.6 0.4 0.6 0.4 0.5 0.5 0.4 0.6 0.6 0.4 0.4 0.6 0.7 0.3 0.6 0.4 0.7 0.3 0.6 0.4 0.7 0.3 0.8 0.2 0.2 0.8 0.2 0.8 0.4 0.6 0.6 0.4 0.5 0.5 0.6 0.4 0.7 0.3 0.6 0.4 0.7 0.3 0.6 0.4 0.7 0.3 0.8 0.2 0.2 0.8 0.2 0.8 0.9 0.1 0.8 0.2 0.7 0.3 0.7 0.3 0.7 0.3 0.7 0.3 0.7 0.3 0.7 0.3 0.7 0.3 0.8 0.2 0.9 0.1 0.8 0.2 0.8 0.2 0.7 0.3 0.7 0.3 0.7 0.3 0.8 0.2 0.9 0.1 0.9 0.1 0.1 0.9 0.9 0.1 0.9 0.1 0.6 0.4 0.6 0.4 0.1 0.9 0.1 0.9 0.8 0.2 0.8 0.2 0.5 0.5 0.5 0.5 0.5 0.5 0.8 0.2 0.5 0.5 0.8 0.2 0.5 0.5 0.8 0.2 0.5 0.5 0.8 0.2 0.8 0.2 0.5 0.5 0.5 0.5 0.8 0.2 0.5 0.5 0.8 0.2 0.5 0.5 0.8 0.2 0.5 0.5 0.8 0.2 0.9 0.1 0.8 0.2 0.7 0.3 0.7 0.3 0.7 0.3 0.7 0.3 0.7 0.3 0.7 0.3 0.7 0.3 0.8 0.2 0.9 0.1 0.8 0.2 0.8 0.2 0.5 0.5 0.5 0.5 0.6 0.4 0.9 0.1 0.9 0.1 0.9 0.1 0.1 0.9 0.8 0.2 0.8 0.2 0.8 0.2 0.8 0.2 0.8 0.2 0.8 0.2 0.8 0.2 0.8 0.2 0.8 0.2 0.8 0.2 0.8 0.2 0.8 0.2 0.8 0.2 0.8 0.2 0.8 0.2 0.8 0.2 0.8 0.2 0.8 0.2 0.5 0.5 0.5 0.5 0.5 0.5 0.3 0.7 0.5 0.5 0.5 0.5 0.5 0.5 0.5 0.5 0.5 0.5 0.5 0.5 0.5 0.5 0.5 0.5 0.5 0.5 0.5 0.5 0.5 0.5 0.5 0.5 0.1 0.9 0.1 0.9 0.1 0.9 0.1 0.9 0.1 0.9 0.1 0.9 0.1 0.9 0.1 0.9 0.1 0.9 0.1 0.9 0.3 0.7 0.3 0.7 0.3 0.7 0.3 0.7 0.3 0.7 0.3 0.7 0.3 0.7 0.3 0.7 0.3 0.7 0.3 0.7 0.3 0.7 0.3 0.7 0.3 0.7 0.3 0.7 0.3 0.7 0.3 0.7 0.7 0.3 0.7 0.3 0.7 0.3 0.7 0.3 0.7 0.3 0.7 0.3 0.7 0.3 0.7 0.3 0.7 0.3 0.7 0.3 0.7 0.3 0.7 0.3 0.2 0.8 0.2 0.8 0.7 0.3 0.7 0.3 0.9 0.1 0.9 0.1 0.9 0.1 0.9 0.1 0.1 0.9 0.1 0.9 0.1 0.9 0.1 0.9 0.1 0.9 0.1 0.9 0.7 0.3 0.7 0.3 0.7 0.3 0.7 0.3 0.7 0.3 0.7 0.3 0.7 0.3 0.7 0.3 0.8 0.2 0.8 0.2 0.9 0.1 0.9 0.1 0.7 0.3 0.7 0.3 0.7 0.3 0.7 0.3 0.7 0.3 0.7 0.3 0.8 0.2 0.8 0.2 0.9 0.1 0.9 0.1 0.8 0.2 0.8 0.2 0.8 0.2 0.8 0.2 0.8 0.2 0.8 0.2 0.8 0.2 0.8 0.2 0.8 0.2 0.4 0.6 0.8 0.2 0.8 0.2 0.4 0.6 0.9 0.1 0.9 0.1 0.9 0.1 0.9 0.1 0.8 0.2 0.8 0.2 0.8 0.2 0.8 0.2 0.8 0.2 0.8 0.2 0.8 0.2 0.8 0.2 0.8 0.2 0.8 0.2 0.8 0.2 0.8 0.2 0.8 0.2 0.8 0.2 0.8 0.2 0.8 0.2 0.8 0.2 0.8 0.2 0.8 0.2 0.8 0.2 0.8 0.2 0.8 0.2 0.8 0.2 0.8 0.2 0.8 0.2 0.8 0.2 0.8 0.2 0.9 0.1 0.9 0.1 0.8 0.2 0.9 0.1 0.8 0.2 0.9 0.1 0.8 0.2 0.8 0.2 0.8 0.2 0.8 0.2 0.8 0.2 0.8 0.2 0.8 0.2 0.8 0.2 0.8 0.2 0.8 0.2 0.8 0.2 0.8 0.2 0.8 0.2 0.8 0.2 0.9 0.1 0.9 0.1 0.4 0.6 0.2 0.8 0.5 0.5 0.5 0.5 0.4 0.6 0.4 0.6 0.4 0.6 0.5 0.5 0.2 0.8 0.2 0.8 0.4 0.6 0.5 0.5 0.4 0.6 0.5 0.5 0.2 0.8 0.2 0.8 0.2 0.8 0.2 0.8 0.2 0.8 0.2 0.8 0.2 0.8 0.2 0.8 0.8 0.2 0.8 0.2 0.8 0.2 0.8 0.2 0.8 0.2 0.8 0.2 0.8 0.2 0.8 0.2 0.8 0.2 0.8 0.2 0.8 0.2 0.8 0.2 0.8 0.2 0.6 0.4 0.6 0.4 0.8 0.2 0.6 0.4 0.6 0.4 0.8 0.2 0.8 0.2 0.8 0.2 0.8 0.2 0.3 0.7 0.2 0.8 0.2 0.8 0.2 0.8 0.2 0.8 0.2 0.8 0.2 0.8 0.2 0.8 0.2 0.8 0.2 0.8 0.2 0.8 0.3 0.7 0.2 0.8 0.2 0.8 0.2 0.8 0.3 0.7 0.3 0.7 0.5 0.5 0.5 0.5 0.8 0.2 0.8 0.2 0.5 0.5 0.5 0.5 0.8 0.2 0.5 0.5 0.5 0.5 0.5 0.5 0.5 0.5 0.5 0.5 0.5 0.5 0.8 0.2 0.8 0.2 0.8 0.2 0.1 0.9 0.3 0.7 0.3 0.7 0.1 0.9 0.1 0.9 0.3 0.7 0.3 0.7 0.1 0.9 0.3 0.7 0.1 0.9 0.3 0.7 0.7 0.3 0.6 0.4 0.3 0.7 0.7 0.3 0.6 0.4 0.8 0.2 0.3 0.7 0.5 0.5 0.8 0.2 0.8 0.2 0.5 0.5 0.5 0.5 0.8 0.2 0.5 0.5 0.8 0.2 0.5 0.5 0.1 0.9 0.5 0.5 0.5 0.5 0.1 0.9 0.1 0.9 0.5 0.5 0.1 0.9 0.5 0.5 0.8 0.2 0.5 0.5 0.5 0.5 0.8 0.2 0.5 0.5 0.8 0.2 0.5 0.5 0.1 0.9 0.5 0.5 0.1 0.9 0.5 0.5 0.3 0.7 0.3 0.7 0.1 0.9 0.7 0.3 0.3 0.7 0.3 0.7 0.7 0.3 0.2 0.8 0.3 0.7 0.3 0.7 0.7 0.3 0.3 0.7 0.7 0.3 0.7 0.3 0.3 0.7 0.3 0.7 0.7 0.3 0.3 0.7 0.7 0.3 0.8 0.2 0.7 0.3 0.7 0.3 0.8 0.2 0.1 0.9 0.1 0.9 0.8 0.2 0.7 0.3 0.7 0.3 0.8 0.2 0.7 0.3 0.8 0.2 0.1 0.9 0.9 0.1 0.9 0.1 0.9 0.1 0.6 0.4 0.6 0.4 0.9 0.1 0.1 0.9 0.1 0.9 0.8 0.2 0.5 0.5 0.5 0.5 0.8 0.2 0.6 0.4 0.9 0.1 0.9 0.1 0.9 0.1 0.1 0.9 0.8 0.2 0.8 0.2 0.8 0.2 0.8 0.2 0.8 0.2 0.8 0.2 0.8 0.2 0.8 0.2 0.8 0.2 0.8 0.2 0.8 0.2 0.8 0.2 0.5 0.5 0.3 0.7 0.5 0.5 0.5 0.5 0.5 0.5 0.5 0.5 0.5 0.5 0.5 0.5 0.5 0.5 0.5 0.5 0.5 0.5 0.5 0.5 0.5 0.5 0.5 0.5 0.5 0.5 0.5 0.5 0.1 0.9 0.1 0.9 0.1 0.9 0.1 0.9 0.1 0.9 0.1 0.9 0.1 0.9 0.1 0.9 0.1 0.9 0.1 0.9 0.1 0.9 0.3 0.7 0.3 0.7 0.3 0.7 0.3 0.7 0.3 0.7 0.3 0.7 0.3 0.7 0.3 0.7 0.3 0.7 0.3 0.7 0.3 0.7 0.3 0.7 0.3 0.7 0.3 0.7 0.3 0.7 0.3 0.7 0.7 0.3 0.7 0.3 0.7 0.3 0.7 0.3 0.7 0.3 0.7 0.3 0.7 0.3 0.7 0.3 0.7 0.3 0.7 0.3 0.7 0.3 0.2 0.8 0.2 0.8 0.7 0.3 0.7 0.3 0.7 0.3 0.9 0.1 0.9 0.1 0.9 0.1 0.9 0.1 0.1 0.9 0.1 0.9 0.1 0.9 0.1 0.9 0.1 0.9 0.1 0.9 0.8 0.2 0.8 0.2 0.8 0.2 0.4 0.6 0.8 0.2 0.8 0.2 0.8 0.2 0.8 0.2 0.8 0.2 0.8 0.2 0.8 0.2 0.8 0.2 0.9 0.1 0.9 0.1 0.9 0.1 0.9 0.1 0.8 0.2 0.8 0.2 0.9 0.1 0.9 0.1 0.2 0.8 0.2 0.8 0.2 0.8 0.2 0.8 0.2 0.8 0.3 0.7 0.8 0.2 0.8 0.2 0.8 0.2 0.8 0.2 0.8 0.2 0.8 0.2 0.8 0.2 0.8 0.2 0.8 0.2 0.8 0.2 0.8 0.2 0.8 0.2 0.8 0.2 0.6 0.4 0.6 0.4 0.6 0.4 0.6 0.4 0.8 0.2 0.8 0.2 0.8 0.2 0.8 0.2 0.3 0.7 0.2 0.8 0.2 0.8 0.2 0.8 0.2 0.8 0.2 0.8 0.2 0.8 0.2 0.8 0.2 0.8 0.2 0.8 0.2 0.8 0.3 0.7 0.2 0.8 0.2 0.8 0.2 0.8 0.3 0.7 0.3 0.7 0.3 0.7 0.3 0.7 0.6 0.4 0.5 0.5 0.5 0.5 0.5 0.5 0.5 0.5 0.1 0.9 0.4 0.6 0.7 0.3 0.7 0.3 0.4 0.6 0.5 0.5 0.5 0.5 0.7 0.3 0.5 0.5 0.6 0.4 0.6 0.4 0.5 0.5 0.5 0.5 0.5 0.5 0.5 0.5 0.1 0.9 0.1 0.9 0.4 0.6 0.4 0.6 0.7 0.3 0.4 0.6 0.5 0.5 0.7 0.3 0.7 0.3 0.5 0.5 0.5 0.5 0.6 0.4 0.5 0.5 0.6 0.4 0.6 0.4 0.5 0.5 0.5 0.5 0.5 0.5 0.5 0.5</float_array>
          <technique_common>
            <accessor source="#Controller-weights-array" count="2427" stride="1">
              <param name="WEIGHT" type="float"/>
            </accessor>
          </technique_common>
        </source>
        <joints>
          <input semantic="JOINT" source="#Controller-joints"/>
          <input semantic="INV_BIND_MATRIX" source="#Controller-bind_poses"/>
        </joints>
        <vertex_weights count="6170">
          <input semantic="JOINT" source="#Controller-joints" offset="0"/>
          <input semantic="WEIGHT" source="#Controller-weights" offset="1"/>
          <vcount>1 1 1 1 1 1 1 1 1 1 1 1 1 1 1 1 1 1 1 1 1 1 1 1 1 1 1 1 1 1 1 1 1 1 1 1 1 1 1 1 1 1 1 1 1 1 1 1 1 1 1 1 1 1 1 1 1 1 1 1 1 1 1 1 1 1 1 1 1 1 1 1 1 1 1 1 1 1 1 1 1 1 1 1 1 1 1 1 1 1 1 1 1 1 1 1 1 1 1 1 1 1 1 1 1 1 1 1 1 1 1 1 1 1 1 1 1 1 1 1 1 1 1 1 1 1 1 1 1 1 1 1 1 1 1 1 1 1 1 1 1 1 1 1 1 1 1 1 1 1 1 1 1 1 1 1 1 1 1 1 1 1 1 1 1 1 1 1 1 1 1 1 1 1 1 1 1 1 1 1 1 1 1 1 1 1 1 1 1 1 1 1 1 1 1 1 1 1 1 1 1 1 1 1 1 1 1 1 1 1 1 1 1 1 1 1 1 1 1 1 1 1 1 1 1 1 1 1 1 1 1 1 1 1 1 1 1 1 1 1 1 1 1 1 1 1 1 1 1 1 1 1 1 1 1 1 1 1 1 1 1 1 1 1 1 1 1 1 1 1 1 1 1 1 1 1 1 1 1 1 1 1 1 1 1 1 1 1 1 1 1 1 1 1 1 1 1 1 1 1 1 1 1 1 1 1 1 1 1 1 1 1 1 1 1 1 1 1 1 1 1 1 1 1 1 1 1 1 1 1 1 1 1 1 1 1 1 1 1 1 1 1 1 1 1 1 1 1 1 1 1 1 1 1 1 1 1 1 1 2 1 1 2 1 2 2 1 1 1 1 1 1 1 1 1 1 1 1 1 1 1 1 1 1 1 2 1 2 1 2 1 1 1 1 1 1 1 1 1 1 1 1 1 1 1 1 1 1 1 1 1 1 1 1 1 1 1 1 1 1 1 1 1 1 1 1 1 1 1 1 1 1 1 1 1 1 1 1 1 1 1 1 1 1 1 1 1 1 1 1 1 1 1 1 1 1 1 1 1 1 1 1 1 1 1 1 1 1 1 1 1 1 1 1 1 1 1 1 1 1 1 1 1 1 1 1 1 1 1 1 1 1 1 1 1 1 1 1 1 1 1 1 1 1 1 1 1 1 1 1 1 1 1 1 1 1 1 1 1 1 1 1 1 1 1 1 1 1 1 1 1 1 1 1 1 1 1 1 1 1 1 1 1 1 1 1 1 1 1 1 1 1 1 1 1 1 1 1 1 1 1 1 1 1 1 1 1 1 1 1 1 1 1 1 1 1 1 1 1 1 1 1 1 1 1 1 1 1 1 1 1 1 1 1 1 1 1 1 1 1 1 1 1 1 1 1 1 1 1 1 1 1 1 1 1 1 1 1 1 1 1 1 1 1 1 1 1 1 1 1 1 1 1 1 1 1 1 1 1 1 1 1 1 1 1 1 1 1 1 1 1 1 1 1 1 1 1 1 1 1 1 1 1 1 1 1 1 1 1 1 1 1 1 1 1 1 1 1 1 1 1 1 1 1 1 1 1 1 1 1 1 1 1 1 1 1 1 1 1 1 1 1 1 1 1 1 1 1 1 1 1 1 1 1 1 1 1 1 1 1 1 1 1 1 1 1 1 1 1 1 1 1 1 1 1 1 1 1 1 1 1 1 1 1 1 1 1 1 1 1 1 1 1 1 1 1 1 1 1 1 1 1 1 1 1 1 1 1 1 1 1 1 1 1 1 1 1 1 1 1 1 1 1 1 1 1 1 1 1 1 1 1 1 1 1 1 1 1 1 1 1 1 1 1 1 1 1 1 1 1 1 1 1 1 1 1 1 1 1 1 1 1 1 1 1 1 1 1 1 1 1 1 1 1 1 1 1 1 1 1 1 1 1 1 1 1 1 1 1 1 1 1 1 1 1 1 1 1 1 1 1 1 1 1 1 1 1 1 1 1 1 1 1 1 1 1 1 1 1 1 1 1 1 1 1 1 1 1 1 1 1 1 1 1 1 1 1 1 1 1 1 1 1 1 1 1 1 1 1 1 1 1 1 1 1 1 1 1 1 1 1 1 1 1 1 1 1 1 1 1 1 1 1 1 1 1 1 1 1 1 1 1 1 1 1 1 1 1 1 1 1 1 1 1 1 1 1 1 1 1 1 1 1 1 1 1 1 1 1 1 1 1 1 1 1 1 1 1 1 1 1 1 1 1 1 1 1 1 1 1 1 1 1 1 1 1 1 1 1 1 1 1 1 1 1 1 1 1 1 1 1 1 1 1 1 1 1 1 1 1 1 1 1 1 1 1 1 1 1 1 1 1 1 1 1 1 1 1 1 1 1 1 1 1 1 1 1 1 1 1 1 1 1 1 1 1 1 1 1 1 1 1 1 1 1 1 1 1 1 1 1 1 1 1 1 1 1 1 1 1 1 1 1 1 1 1 1 1 1 1 1 1 1 1 1 1 1 1 1 1 1 1 1 1 1 1 1 1 1 1 1 1 1 1 1 1 1 1 1 1 1 1 1 1 1 1 1 1 1 1 1 1 1 1 1 1 1 1 1 1 1 1 1 1 1 1 1 1 1 1 1 1 1 1 1 1 1 1 1 1 1 1 1 1 1 1 1 1 1 1 1 1 1 1 1 1 1 1 1 1 1 1 1 1 1 1 1 1 1 1 1 1 1 1 1 1 1 1 1 1 1 1 1 1 1 1 1 1 1 1 1 1 1 1 1 1 1 1 1 1 1 1 1 1 1 1 1 1 1 1 1 1 1 1 1 1 1 1 1 1 1 1 1 1 1 1 1 1 1 1 1 1 1 1 1 1 1 1 1 1 1 1 1 1 1 1 1 1 1 1 1 1 1 1 1 1 1 1 2 2 1 1 1 1 1 1 1 1 1 1 1 1 1 1 1 1 1 1 1 1 1 2 1 1 2 1 1 2 1 1 1 1 1 1 1 1 1 1 1 1 1 1 1 1 1 1 1 1 1 1 1 1 1 1 1 1 1 1 1 1 1 1 1 1 1 1 1 1 1 1 1 1 1 1 1 1 1 1 1 1 1 1 1 1 1 1 1 1 1 1 1 1 1 1 1 1 1 1 1 1 1 1 1 1 1 1 1 1 1 1 1 1 1 1 1 1 1 1 1 1 1 1 1 1 1 1 1 1 1 1 1 1 1 1 1 1 1 1 1 1 1 1 1 1 1 1 1 1 1 1 1 1 1 1 1 1 1 1 1 1 1 1 1 1 1 1 1 1 1 1 1 1 1 1 1 1 1 1 1 1 1 1 1 1 1 1 1 1 1 1 1 1 1 1 1 1 1 1 1 1 1 1 1 1 1 1 1 1 1 1 1 1 1 1 1 1 1 1 1 1 1 1 1 1 1 1 1 1 1 1 1 1 1 1 1 1 1 1 1 1 1 1 1 1 1 1 1 1 1 1 1 1 1 1 1 1 1 1 1 1 1 1 1 1 1 1 1 1 1 1 1 1 1 1 1 1 1 1 1 1 1 1 1 1 1 1 1 1 1 1 1 1 1 1 1 1 1 1 1 1 1 1 1 1 1 1 1 1 1 1 1 1 1 1 1 1 1 1 1 1 1 1 1 1 1 1 1 1 1 1 1 1 1 1 1 1 1 1 1 1 1 1 1 1 1 1 1 1 1 1 1 1 1 1 1 1 1 1 1 1 1 1 1 1 1 1 1 1 1 1 1 1 1 1 1 1 1 1 1 1 1 1 1 1 1 1 1 1 1 1 1 1 1 1 1 1 1 1 1 1 1 1 1 1 1 1 1 1 1 1 1 1 1 1 1 1 1 1 1 1 1 1 1 1 2 1 1 1 1 1 1 1 1 1 1 1 1 1 1 1 1 1 1 1 1 1 1 1 1 1 1 1 1 1 1 1 1 1 1 1 1 1 1 1 1 1 1 1 1 1 1 1 1 1 1 1 1 1 1 1 1 1 1 1 1 1 1 1 1 1 1 1 1 1 1 1 1 1 1 1 1 1 1 1 1 1 1 1 1 1 1 1 1 1 1 1 1 1 1 1 1 1 1 1 1 1 1 1 1 1 1 1 1 1 1 1 1 1 1 1 1 1 1 1 1 1 1 1 1 1 1 1 1 1 1 1 1 1 1 1 1 1 1 1 1 1 1 1 1 1 1 1 1 1 1 1 1 1 1 1 1 1 1 1 1 1 1 1 1 1 1 1 1 1 1 1 1 1 1 1 1 1 1 1 1 1 1 1 1 1 1 1 1 1 1 1 1 1 1 1 1 1 1 1 1 1 1 1 1 1 1 1 1 1 1 1 1 1 1 1 1 1 1 1 1 1 1 1 1 1 1 1 1 1 1 1 1 1 1 1 1 1 1 1 1 1 1 1 1 1 1 1 1 1 1 1 1 1 1 1 1 1 1 1 1 1 1 1 1 1 1 1 1 1 1 1 1 1 1 1 1 1 1 1 1 1 1 1 1 1 1 1 1 1 1 1 1 1 1 1 1 1 1 1 1 1 1 1 1 1 1 1 1 1 1 1 1 1 1 1 1 1 1 1 1 1 1 1 1 1 1 1 1 1 1 1 1 1 1 1 1 1 1 1 1 1 1 1 1 1 1 1 1 1 1 1 1 1 1 1 1 1 1 1 1 1 1 1 1 1 1 1 1 1 1 1 1 1 1 1 1 1 1 1 1 1 1 1 1 1 1 1 1 1 1 1 1 1 1 1 1 1 1 1 1 1 1 1 1 1 1 1 1 1 1 1 1 1 1 1 1 1 1 1 1 1 1 1 1 1 1 1 1 1 1 1 1 1 1 1 1 1 1 1 1 1 1 1 1 1 1 1 1 1 1 1 1 1 1 1 1 1 1 1 1 1 1 1 1 1 1 1 1 1 1 1 1 1 1 1 1 1 2 1 2 1 2 1 2 1 2 2 1 2 2 1 1 1 1 1 2 1 1 2 1 2 1 1 1 1 1 1 1 1 1 1 1 1 1 1 1 1 1 1 1 1 1 1 1 1 1 1 1 1 1 1 1 1 1 1 1 1 1 1 1 1 1 1 1 1 1 1 1 1 1 1 1 1 1 1 1 1 1 1 1 1 1 1 1 1 1 1 1 1 1 1 1 1 1 1 1 1 1 1 1 1 1 1 1 1 1 1 1 1 1 1 1 1 1 1 1 1 1 1 1 1 1 1 1 1 1 1 1 1 1 1 1 1 1 1 1 1 1 1 1 1 1 1 1 1 1 1 1 1 1 1 1 1 1 1 1 1 1 1 1 1 1 1 1 1 1 1 1 1 1 1 1 1 1 1 1 1 1 1 1 1 1 1 1 1 1 1 1 1 1 1 1 1 1 1 1 1 1 1 1 1 1 1 1 1 1 1 1 1 1 1 1 1 1 1 1 1 1 1 1 1 1 1 1 1 1 1 1 1 1 1 1 1 1 1 1 1 1 1 1 1 1 1 1 1 1 1 1 1 1 1 1 1 1 1 1 1 1 1 1 1 1 1 1 1 1 1 1 1 1 1 1 1 1 1 1 1 1 1 1 1 1 1 1 1 1 1 1 1 1 1 1 1 1 1 1 1 1 1 1 1 1 1 1 1 1 1 1 1 1 1 1 1 1 1 1 1 1 1 1 1 1 1 1 1 1 1 1 1 1 1 1 1 1 1 1 1 1 1 1 1 1 1 1 1 1 1 1 1 1 1 1 1 1 1 1 1 1 1 1 1 1 1 1 1 1 1 1 1 1 1 1 1 1 1 1 1 1 1 1 1 1 1 1 1 1 1 1 1 1 1 1 1 1 1 1 1 1 1 1 1 1 1 1 1 1 1 1 1 1 1 1 1 1 1 1 1 1 1 1 1 1 1 1 1 1 1 1 1 1 1 1 1 1 1 1 1 1 1 1 1 1 1 1 1 1 1 1 1 1 1 1 1 1 1 1 1 1 1 1 1 1 1 1 1 1 1 1 1 1 1 1 1 1 1 1 1 1 1 1 1 1 1 1 1 1 1 1 1 1 1 1 1 1 1 1 1 1 1 1 1 1 1 1 1 1 1 1 1 1 1 1 1 1 1 1 1 1 1 1 1 1 1 1 1 1 1 1 1 1 1 1 1 1 1 1 1 1 1 1 1 1 1 1 1 1 1 1 1 1 1 1 1 1 1 1 1 1 1 1 1 1 1 1 1 1 1 1 1 1 1 1 1 1 1 1 1 1 1 1 1 1 1 1 1 1 1 1 1 1 1 1 1 1 1 1 1 1 1 1 1 1 1 1 1 1 1 1 1 1 1 1 1 1 1 1 1 1 1 1 1 1 1 1 1 1 1 1 1 1 1 1 1 1 1 1 1 1 1 1 1 1 1 1 1 1 1 1 1 1 1 1 1 1 1 1 1 1 1 1 1 1 1 1 1 1 1 1 1 1 1 1 1 1 1 1 1 1 1 1 1 1 1 1 1 1 1 1 1 1 1 1 1 1 1 1 1 1 1 1 1 1 1 1 1 1 1 1 1 1 1 1 1 1 1 1 1 1 1 1 1 1 1 1 1 1 1 1 1 1 1 1 1 1 1 1 1 1 1 1 1 1 1 1 1 1 1 1 1 1 1 1 1 1 1 1 1 1 1 1 1 1 1 1 1 1 1 1 1 1 1 1 1 1 1 1 1 1 1 1 1 1 1 1 1 1 1 1 1 1 1 1 1 1 1 1 1 1 1 1 1 1 1 1 1 1 1 1 1 1 1 1 1 1 1 1 1 1 1 1 1 1 1 1 1 1 1 1 1 1 1 1 1 1 1 1 1 1 1 1 1 1 1 1 1 1 1 1 1 1 1 1 1 1 1 1 1 1 1 1 1 1 1 1 1 1 1 1 1 1 1 1 1 1 1 1 1 1 1 1 1 1 1 1 1 1 1 1 1 1 1 1 1 1 1 1 1 1 1 1 1 1 1 1 1 1 1 1 1 1 1 1 1 1 1 1 1 1 1 1 1 1 1 1 2 2 1 2 1 2 1 2 1 2 1 2 1 2 1 1 2 1 1 1 1 1 1 1 1 1 1 1 1 1 1 1 1 1 1 1 1 1 1 1 1 1 1 1 1 1 1 1 1 1 1 1 1 1 1 1 1 1 1 1 1 1 1 1 1 1 1 2 2 1 1 2 1 2 2 2 2 2 1 2 1 1 1 1 2 2 2 1 1 2 2 1 1 1 1 1 2 2 2 1 1 2 2 1 1 2 2 1 2 2 1 1 2 1 1 2 1 1 2 1 1 2 2 1 1 1 2 1 2 1 1 2 1 1 2 1 1 1 2 1 2 1 2 1 2 2 1 1 2 1 1 1 1 1 1 1 1 2 2 1 2 1 1 2 2 1 1 2 1 1 1 2 1 1 2 1 2 1 1 1 1 1 1 1 1 1 1 1 1 1 1 1 1 1 1 1 1 1 1 1 1 1 1 1 1 1 1 1 1 1 1 1 1 1 1 1 1 1 1 1 1 1 1 1 1 1 1 1 1 1 1 1 1 1 1 1 1 1 1 1 1 1 1 1 1 1 1 1 1 1 1 1 1 1 1 1 1 1 1 1 1 1 1 1 1 1 1 1 1 1 1 1 1 1 1 1 1 1 1 1 1 1 1 1 1 1 1 1 1 1 1 1 1 1 1 1 1 1 1 1 1 1 1 1 1 1 1 1 1 1 1 1 1 1 1 1 1 1 1 1 1 1 1 1 1 1 1 1 1 1 1 1 1 1 1 1 1 1 1 1 1 1 1 1 1 1 1 1 1 1 1 1 2 1 1 2 1 1 1 1 2 1 1 1 1 1 1 1 1 1 1 1 1 1 1 1 1 1 1 1 1 1 1 1 1 1 1 1 1 1 1 1 1 1 1 1 1 1 1 1 1 1 1 1 1 1 1 1 1 1 1 1 1 1 1 1 1 1 1 1 1 1 1 1 1 1 1 1 1 1 1 1 1 1 1 1 1 1 1 1 1 1 1 1 1 1 1 1 1 1 1 1 1 1 1 1 1 1 1 1 1 1 1 1 1 1 1 1 1 1 1 1 1 1 1 1 1 1 1 1 1 1 1 1 1 1 1 1 1 1 1 1 1 1 1 1 1 1 1 1 1 1 1 1 1 1 1 1 1 1 1 1 1 1 1 1 1 1 1 1 1 1 1 1 1 1 1 1 1 1 1 1 1 1 1 1 1 1 1 1 1 1 1 1 1 1 1 1 1 1 1 1 1 1 1 1 1 1 1 1 1 1 1 1 1 1 1 1 1 1 1 1 1 1 1 1 1 1 1 1 1 1 1 1 1 1 1 1 1 1 1 1 1 1 1 1 1 1 1 1 1 1 1 1 1 1 1 1 1 1 1 1 1 1 1 1 1 1 1 1 1 1 1 1 1 1 1 1 1 1 1 1 1 1 1 1 1 1 1 1 1 1 1 1 1 1 1 1 1 1 1 1 1 1 1 1 1 1 1 1 1 1 1 1 1 1 1 1 1 1 1 1 1 1 1 1 1 1 1 1 1 1 1 1 1 1 1 1 1 1 1 1 1 1 1 1 1 1 1 1 1 1 1 1 1 1 1 1 1 1 1 1 1 1 1 1 1 1 1 1 1 1 1 1 1 1 1 1 1 1 1 1 1 1 1 1 1 1 1 1 1 1 1 1 1 1 1 1 1 1 1 1 1 1 1 1 1 1 1 1 1 1 1 1 1 1 1 1 1 1 1 1 1 1 1 1 1 1 1 1 1 1 1 1 1 1 1 1 1 1 1 1 1 1 1 1 1 1 1 1 1 1 1 1 1 1 1 1 1 1 1 1 1 1 1 1 1 1 1 1 1 1 1 1 1 1 1 1 1 1 1 1 1 1 1 1 1 1 1 1 1 1 1 1 1 1 1 1 1 1 1 1 1 1 1 1 1 1 1 1 1 1 1 1 1 1 1 1 1 1 1 1 1 1 1 1 1 1 1 1 1 1 1 1 1 1 1 1 1 1 1 1 1 1 1 1 1 1 1 1 1 1 1 1 1 1 1 1 1 1 1 1 1 1 1 1 1 1 1 1 1 1 1 1 1 1 1 1 1 1 1 1 1 1 1 1 1 1 1 1 1 1 1 1 1 1 1 1 1 1 1 1 1 1 1 1 1 1 1 1 1 1 1 1 1 1 1 1 1 1 1 1 1 1 1 1 1 1 1 1 1 1 1 1 1 1 1 1 1 1 1 1 1 1 1 1 1 1 1 1 1 1 1 1 1 1 1 1 1 1 1 1 1 1 1 1 1 1 1 1 1 1 1 1 1 1 1 1 1 1 1 1 1 1 1 1 1 1 1 1 1 1 1 1 1 1 1 1 1 1 1 1 1 1 1 1 1 1 1 1 1 1 1 1 1 1 1 1 1 1 1 1 1 1 1 1 1 1 1 1 1 1 1 1 1 1 1 1 1 1 1 1 1 1 1 1 1 1 1 1 1 1 1 1 1 1 1 1 1 1 1 1 1 1 1 1 1 1 1 1 1 1 1 1 1 1 1 1 1 1 1 1 1 1 1 1 1 1 1 1 1 1 1 1 1 1 1 1 1 1 1 1 1 1 1 1 1 1 1 1 1 1 1 1 1 1 1 1 1 1 1 1 1 1 1 1 1 1 1 1 1 1 1 1 1 1 1 1 1 1 1 1 1 1 1 1 1 1 1 1 1 1 1 1 1 1 1 1 1 1 1 1 1 1 1 1 1 1 1 1 1 1 1 1 1 1 1 1 1 1 1 1 1 1 1 1 1 1 1 1 1 1 1 1 1 1 1 1 1 1 1 1 1 1 1 1 1 1 1 1 1 1 1 1 1 1 1 1 1 1 1 1 1 1 1 1 1 1 1 1 1 1 1 1 1 1 1 1 1 1 1 1 1 1 1 1 1 1 1 1 1 1 1 1 1 1 1 1 1 1 1 1 1 1 1 1 1 1 1 1 1 1 1 1 1 1 1 1 1 1 1 1 1 1 1 1 1 1 1 1 1 1 1 1 2 1 2 1 1 1 1 1 2 1 1 1 1 2 1 2 1 2 1 1 2 1 1 1 1 1 1 1 1 1 1 1 1 1 1 1 1 1 1 1 2 2 1 1 1 1 1 1 2 1 2 1 2 1 2 1 2 1 1 2 2 1 2 1 1 1 1 1 1 1 1 1 1 1 1 1 1 1 1 1 1 1 1 1 1 1 1 1 1 1 1 1 1 1 1 1 1 1 1 1 1 1 1 1 1 1 1 1 1 1 1 1 1 1 1 1 1 1 1 1 1 1 1 1 1 1 1 1 1 1 1 1 1 1 1 1 1 1 1 1 1 1 1 1 1 1 1 1 2 1 2 1 2 1 1 1 1 1 1 2 1 2 1 1 2 1 2 2 1 1 1 1 1 1 1 1 1 1 1 1 1 2 2 1 1 2 1 1 1 1 1 1 1 1 1 1 1 1 1 1 1 1 1 1 1 1 1 1 1 1 2 2 1 1 2 1 1 1 1 1 1 2 1 2 1 1 2 1 2 2 1 2 1 2 1 2 1 2 1 1 1 1 1 1 1 1 1 1 1 1 1 2 1 1 1 1 2 1 1 2 2 2 1 2 1 2 1 1 1 1 2 2 2 2 1 1 2 1 1 1 1 2 2 1 1 2 1 2 1 2 1 2 1 2 1 2 1 2 1 2 1 2 1 2 1 1 1 1 1 1 1 1 1 1 1 1 1 1 1 1 2 1 1 2 1 2 2 1 2 1 1 1 1 1 1 1 2 1 2 2 2 1 2 1 1 1 1 1 1 1 1 1 1 1 1 1 1 1 1 1 1 1 1 1 2 1 1 1 1 1 1 1 1 1 1 2 2 1 1 2 1 1 1 1 1 1 1 1 1 1 1 1 2 1 1 2 1 2 1 1 2 2 1 1 1 1 1 1 1 2 2 1 1 1 1 1 1 2 2 1 1 2 1 2 1 2 1 1 2 1 2 1 2 1 2 1 2 1 1 1 1 1 1 1 1 1 1 1 1 1 2 1 1 1 2 1 2 2 1 2 1 1 2 1 2 1 2 1 2 1 2 1 2 1 2 1 2 1 1 1 1 1 1 1 1 1 1 1 1 1 1 1 1 2 1 1 2 1 1 2 1 1 2 2 1 1 1 1 2 1 1 1 1 2 1 1 1 1 2 1 1 1 1 2 1 1 2 2 1 2 1 1 2 1 1 2 1 1 2 1 1 2 1 1 2 1 1 1 1 1 2 1 1 1 1 1 1 1 1 2 1 2 2 1 2 1 1 2 1 1 2 1 1 2 1 1 1 1 1 1 1 1 1 1 1 1 1 1 1 1 1 1 1 1 1 1 1 1 1 1 1 1 1 1 1 1 1 1 1 1 1 1 1 1 1 1 1 1 1 1 1 1 1 1 1 1 1 1 1 1 1 1 1 1 1 1 1 2 2 1 2 1 1 1 1 1 1 1 1 1 1 1 1 1 1 1 1 1 2 1 2 1 2 2 2 2 2 2 2 2 2 2 2 2 2 2 2 2 2 2 2 2 2 2 2 2 2 2 2 2 2 2 2 2 2 2 2 2 2 2 2 2 2 2 2 2 2 2 2 2 2 1 1 2 2 2 2 1 2 2 2 2 2 2 2 2 2 2 2 2 2 2 2 2 2 2 2 2 2 2 2 2 2 1 2 2 2 2 2 2 2 2 2 2 2 2 2 2 2 2 2 2 2 2 2 2 2 2 2 2 2 2 2 2 2 2 2 2 2 2 2 2 2 2 2 2 2 2 2 2 2 2 2 2 2 2 2 2 2 2 2 2 2 2 2 2 2 1 2 2 2 2 2 2 2 2 2 1 2 2 2 2 2 2 2 2 2 2 2 1 1 2 2 1 2 2 2 2 2 2 2 2 2 1 2 2 1 1 2 1 2 2 2 2 2 2 2 2 2 2 2 2 2 2 2 2 2 1 1 2 2 2 2 2 2 2 2 2 2 2 2 1 1 1 2 1 2 2 2 2 2 2 2 2 2 2 2 2 2 2 2 2 2 2 2 2 2 2 2 2 2 2 2 2 2 2 2 2 2 2 2 1 2 2 2 2 2 2 2 2 2 2 2 2 2 2 2 2 2 2 2 2 2 2 2 2 2 2 2 2 2 2 2 2 2 2 2 2 2 2 2 2 2 2 2 2 2 2 2 2 2 2 2 2 2 2 2 2 2 2 2 2 2 2 2 1 1 2 2 2 2 2 1 2 2 2 1 2 2 2 2 2 2 2 2 2 2 2 2 2 2 2 2 2 1 2 2 2 2 2 2 2 2 1 2 2 2 2 1 2 2 2 2 2 2 2 2 2 2 2 2 2 2 2 2 2 2 2 2 2 2 2 2 2 2 2 2 2 2 2 2 2 2 2 2 2 2 2 2 2 2 2 2 2 2 2 2 2 2 2 2 2 2 2 2 2 2 2 2 2 2 2 2 2 2 2 2 2 2 2 2 2 2 2 2 2 2 2 2 2 2 2 2 2 2 2 2 2 2 2 2 2 2 2 2 2 2 2 2 2 2 2 2 2 2 2 2 2 2 2 2 2 2 2 2 2 2 2 2 2 2 2 2 2 2 2 2 2 2 2 2 2 2 2 2 2 2 2 2 2 2 2 2 2 2 2 2 2 2 2 2 2 2 2 2 2 2 2 2 2 2 2 2 2 2 2 2 2 2 2 2 2 2 2 2 2 2 2 2 2 2 2 2 2 2 2 2 2 2 2 2 2 2 2 2 2 2 2 2 2 2 2 2 2 2 2 2 2 2 2 2 2 2 2 2 2 2 2 2 2 2 2 2 2 2 2 2 2 2 2 2 2 2 2 2 2 2 2 2 2 1 2 2 2 2 2 2 2 2 2 2 2 2 2 2 2 2 2 2 2 2 2 2 2 2 2 2 2 2 2 2 2 2 2 2 2 2 2 2 2 2 2 2 2 2 2 2 2 2 2 2 2 2 2 2 2 2 2 2 2 2 2 2 2 2 2 2 2 2 2 2 2 2 2 2 2 2 2 2 2 2 2 2 2 2 2 2 2 2 2 2 2 2 2 2 2 2 2 2 2 2 2 2 2 2 2 2 2 2 2 2 2 2 1 2 1 1 2 2 2 2 2 2 2 2 2 2 2 2 2 2 2 2 2 2 2 2 2 2 2 2 2 2 2 2 2 2 2 2 2 2 2 2 2 2 2 2 2 2 2 2 1 2 2 2 2 2 2 2 2 2 2 2 2 2 2 2 2 1 2 2 2 2 2 2 2 2 2 2 2 2 2 2 2 2 2 2 2 2 2 2 2 2 2 2 2 2 2 2 2 2 2 2 2 2 2 2 2 2 2 2 2 2 2 2 2 2 2 2 2 2 2 2 2 2 2 2 2 2 2 2 2 2 2 2 2 2 2 2 2 2 2 2 2 2 2 2 2 2 2 1 2 2 2 2 2 2 2 2 2 2 2 2 2 2 2 2 2 2 2 2 2 2 2 2 2 2 2 2 2 2 2 2 2 2 2 2 2 2 2 2 2 2 2 2 2 2 2 2 2 2 2 2 2 2 2 2 2 2 2 2 2 2 2 2 2 2 2 2 2 2 2 2 2 2 2 2 2 2 2 2 2 2 2 2 2 2 2 2 2 2 2 2 2 2 2 2 2 2 2 2 2 2 2 2 2 2 2 2 2 2 2 2 2 2 1 2 1 2 2 1 2 2 1 1 2 2 1 2 1 2 2 2 2 2 2 2 1 2 2 2 2 2 2 1 1 1 1 2 2 2 1 1 2 2 1 1 2 2 1 1 2 2 2 1 2 2 2 2 2 2 1 1 2 2 1 1 1 1 2 2 1 1 2 2 1 1 </vcount>
          <v>28 0 28 0 28 0 28 0 28 0 28 0 28 0 28 0 28 0 28 0 28 0 28 0 28 0 28 0 28 0 28 0 28 0 28 0 28 0 28 0 28 0 28 0 28 0 28 0 28 0 28 0 28 0 28 0 28 0 28 0 28 0 28 0 28 0 28 0 28 0 28 0 28 0 28 0 28 0 28 0 28 0 28 0 28 0 28 0 28 0 28 0 28 0 28 0 28 0 28 0 28 0 28 0 28 0 28 0 28 0 28 0 28 0 28 0 28 0 28 0 28 0 28 0 29 0 29 0 29 0 29 0 29 0 29 0 29 0 29 0 29 0 29 0 29 0 29 0 29 0 29 0 29 0 29 0 29 0 29 0 29 0 29 0 29 0 29 0 29 0 29 0 29 0 29 0 29 0 29 0 29 0 29 0 29 0 29 0 29 0 29 0 29 0 29 0 29 0 29 0 29 0 29 0 29 0 29 0 29 0 29 0 29 0 29 0 29 0 29 0 29 0 29 0 29 0 29 0 29 0 29 0 29 0 29 0 29 0 29 0 29 0 29 0 29 0 29 0 29 0 29 0 29 0 29 0 29 0 29 0 29 0 29 0 29 0 29 0 29 0 29 0 29 0 29 0 29 0 29 0 29 0 29 0 29 0 29 0 29 0 29 0 29 0 29 0 29 0 29 0 29 0 29 0 29 0 29 0 29 0 29 0 29 0 29 0 29 0 29 0 29 0 29 0 29 0 29 0 29 0 29 0 29 0 29 0 29 0 29 0 29 0 29 0 29 0 29 0 29 0 29 0 29 0 29 0 29 0 29 0 29 0 29 0 29 0 29 0 29 0 29 0 29 0 29 0 29 0 29 0 29 0 29 0 29 0 29 0 29 0 29 0 29 0 29 0 29 0 29 0 29 0 29 0 29 0 29 0 29 0 29 0 29 0 29 0 29 0 29 0 29 0 29 0 29 0 29 0 29 0 29 0 29 0 29 0 29 0 29 0 29 0 29 0 29 0 29 0 29 0 29 0 29 0 29 0 29 0 29 0 29 0 29 0 29 0 29 0 29 0 29 0 29 0 29 0 29 0 29 0 29 0 29 0 29 0 29 0 29 0 29 0 29 0 29 0 29 0 29 0 29 0 29 0 29 0 29 0 29 0 29 0 29 0 29 0 20 0 20 0 20 0 20 0 20 0 20 0 20 0 20 0 20 0 20 0 20 0 20 0 20 0 20 0 20 0 20 0 20 0 20 0 20 0 20 0 20 0 20 0 20 0 20 0 20 0 20 0 20 0 20 0 20 0 20 0 20 0 20 0 20 0 20 0 20 0 20 0 20 0 20 0 20 0 20 0 20 0 20 0 20 0 20 0 20 0 20 0 20 0 20 0 20 0 20 0 20 0 20 0 20 0 20 0 20 0 20 0 20 0 20 0 20 0 20 0 20 0 20 0 20 0 20 0 20 0 20 0 20 0 20 0 20 0 20 0 20 0 20 0 20 0 20 0 20 0 20 0 20 0 20 0 20 0 20 0 20 0 20 0 20 0 20 0 20 0 20 0 20 0 20 0 20 0 20 0 20 0 20 0 20 0 20 0 20 0 20 0 20 0 20 0 20 0 20 0 20 0 20 1 19 2 20 0 20 0 20 3 19 4 20 0 20 5 19 6 20 7 19 8 20 0 20 0 20 0 20 0 20 0 20 0 20 0 20 0 20 0 20 0 20 0 20 0 20 0 20 0 20 0 20 0 20 0 20 0 20 0 20 9 19 10 20 0 20 11 19 12 20 0 20 13 19 14 20 0 20 0 20 0 20 0 20 0 20 0 20 0 20 0 20 0 20 0 20 0 20 0 20 0 20 0 20 0 20 0 20 0 20 0 20 0 20 0 20 0 20 0 20 0 20 0 20 0 20 0 20 0 20 0 20 0 20 0 20 0 20 0 20 0 20 0 20 0 20 0 20 0 20 0 20 0 20 0 20 0 20 0 20 0 20 0 20 0 20 0 20 0 20 0 20 0 20 0 20 0 20 0 20 0 20 0 20 0 20 0 20 0 20 0 20 0 20 0 20 0 20 0 20 0 20 0 20 0 20 0 20 0 20 0 20 0 20 0 21 0 21 0 21 0 21 0 21 0 21 0 21 0 21 0 21 0 21 0 21 0 21 0 21 0 21 0 21 0 21 0 21 0 21 0 21 0 21 0 21 0 21 0 21 0 21 0 21 0 21 0 21 0 21 0 21 0 21 0 21 0 21 0 21 0 21 0 21 0 21 0 21 0 21 0 21 0 21 0 21 0 21 0 21 0 21 0 21 0 21 0 21 0 21 0 21 0 21 0 21 0 21 0 21 0 21 0 21 0 21 0 21 0 21 0 21 0 21 0 21 0 21 0 22 0 22 0 22 0 22 0 22 0 22 0 22 0 22 0 22 0 22 0 22 0 22 0 22 0 22 0 22 0 22 0 22 0 22 0 22 0 22 0 22 0 22 0 22 0 22 0 22 0 22 0 22 0 22 0 22 0 22 0 22 0 22 0 22 0 22 0 22 0 22 0 22 0 22 0 22 0 22 0 22 0 22 0 22 0 22 0 22 0 22 0 22 0 22 0 22 0 22 0 23 0 23 0 23 0 23 0 23 0 23 0 23 0 23 0 23 0 23 0 23 0 23 0 23 0 23 0 23 0 23 0 23 0 23 0 23 0 23 0 23 0 23 0 23 0 23 0 23 0 23 0 23 0 23 0 23 0 23 0 23 0 23 0 23 0 23 0 23 0 23 0 23 0 23 0 23 0 23 0 23 0 23 0 23 0 23 0 23 0 23 0 23 0 23 0 23 0 23 0 23 0 23 0 23 0 23 0 23 0 23 0 23 0 23 0 23 0 23 0 23 0 23 0 23 0 23 0 23 0 23 0 23 0 23 0 23 0 23 0 23 0 23 0 23 0 23 0 23 0 23 0 23 0 23 0 23 0 23 0 23 0 23 0 23 0 23 0 23 0 23 0 23 0 23 0 23 0 23 0 23 0 23 0 23 0 23 0 23 0 23 0 23 0 23 0 23 0 23 0 23 0 23 0 23 0 23 0 23 0 23 0 23 0 23 0 23 0 23 0 23 0 23 0 23 0 23 0 23 0 23 0 23 0 23 0 23 0 23 0 23 0 23 0 23 0 23 0 23 0 23 0 23 0 23 0 23 0 23 0 23 0 23 0 23 0 23 0 23 0 23 0 23 0 23 0 23 0 23 0 23 0 23 0 23 0 23 0 23 0 23 0 23 0 23 0 23 0 23 0 23 0 23 0 23 0 23 0 23 0 23 0 23 0 23 0 23 0 23 0 23 0 23 0 23 0 23 0 23 0 23 0 23 0 23 0 23 0 23 0 23 0 23 0 23 0 23 0 23 0 23 0 23 0 23 0 23 0 23 0 23 0 23 0 23 0 23 0 23 0 23 0 23 0 23 0 23 0 23 0 23 0 23 0 23 0 23 0 23 0 23 0 23 0 23 0 23 0 23 0 23 0 23 0 23 0 23 0 23 0 23 0 23 0 23 0 23 0 23 0 23 0 23 0 23 0 21 0 21 0 21 0 21 0 21 0 21 0 21 0 21 0 21 0 21 0 21 0 21 0 21 0 21 0 22 0 22 0 21 0 21 0 22 0 21 0 22 0 21 0 22 0 21 0 22 0 21 0 21 0 22 0 23 0 23 0 22 0 22 0 23 0 22 0 23 0 22 0 23 0 22 0 23 0 22 0 22 0 23 0 23 0 23 0 23 0 23 0 23 0 23 0 23 0 23 0 23 0 23 0 23 0 23 0 23 0 23 0 23 0 23 0 23 0 23 0 23 0 23 0 23 0 23 0 23 0 23 0 23 0 23 0 23 0 23 0 23 0 23 0 23 0 23 0 23 0 23 0 23 0 23 0 23 0 23 0 23 0 23 0 24 0 24 0 24 0 24 0 24 0 24 0 24 0 24 0 24 0 24 0 24 0 24 0 24 0 24 0 24 0 24 0 24 0 24 0 24 0 24 0 24 0 24 0 24 0 24 0 24 0 24 0 24 0 24 0 24 0 24 0 24 0 24 0 24 0 24 0 24 0 24 0 24 0 24 0 24 0 24 0 24 0 24 0 24 0 24 0 24 0 24 0 24 0 24 0 24 0 24 0 24 0 24 0 24 0 24 0 24 0 24 0 24 0 24 0 24 0 24 0 24 0 24 0 25 0 25 0 25 0 25 0 25 0 25 0 25 0 25 0 25 0 25 0 25 0 25 0 25 0 25 0 25 0 25 0 25 0 25 0 25 0 25 0 25 0 25 0 25 0 25 0 25 0 25 0 25 0 25 0 25 0 25 0 25 0 25 0 25 0 25 0 25 0 25 0 25 0 25 0 25 0 25 0 25 0 25 0 25 0 25 0 25 0 25 0 25 0 25 0 25 0 25 0 26 0 26 0 26 0 26 0 26 0 26 0 26 0 26 0 26 0 26 0 26 0 26 0 26 0 26 0 26 0 26 0 26 0 26 0 26 0 26 0 26 0 26 0 26 0 26 0 26 0 26 0 26 0 26 0 26 0 26 0 26 0 26 0 26 0 26 0 26 0 26 0 26 0 26 0 26 0 26 0 26 0 26 0 26 0 26 0 26 0 26 0 26 0 26 0 26 0 26 0 26 0 26 0 26 0 26 0 26 0 26 0 26 0 26 0 26 0 26 0 26 0 26 0 26 0 26 0 26 0 26 0 26 0 26 0 26 0 26 0 26 0 26 0 26 0 26 0 26 0 26 0 26 0 26 0 26 0 26 0 26 0 26 0 26 0 26 0 26 0 26 0 26 0 26 0 26 0 26 0 26 0 26 0 26 0 26 0 26 0 26 0 26 0 26 0 26 0 26 0 26 0 26 0 26 0 26 0 26 0 26 0 26 0 26 0 26 0 26 0 26 0 26 0 26 0 26 0 26 0 26 0 26 0 26 0 26 0 26 0 26 0 26 0 26 0 26 0 26 0 26 0 26 0 26 0 26 0 26 0 26 0 26 0 26 0 26 0 26 0 26 0 26 0 26 0 26 0 26 0 26 0 26 0 26 0 26 0 26 0 26 0 26 0 26 0 26 0 26 0 26 0 26 0 26 0 26 0 26 0 26 0 26 0 26 0 26 0 26 0 26 0 26 0 26 0 26 0 26 0 26 0 26 0 26 0 26 0 26 0 26 0 26 0 26 0 26 0 26 0 26 0 26 0 26 0 26 0 26 0 26 0 26 0 26 0 26 0 26 0 26 0 26 0 26 0 26 0 26 0 26 0 26 0 26 0 26 0 26 0 26 0 26 0 26 0 26 0 26 0 26 0 26 0 26 0 26 0 26 0 26 0 26 0 26 0 26 0 26 0 26 0 26 0 26 0 24 0 24 0 24 0 24 0 24 0 24 0 24 0 24 0 24 0 24 0 24 0 24 0 24 0 24 0 25 0 24 0 24 0 25 0 25 0 24 0 25 0 24 0 25 0 24 0 25 0 24 0 24 0 25 0 26 0 25 0 25 0 26 0 26 0 25 0 26 0 25 0 26 0 25 0 26 0 25 0 25 0 26 0 26 0 26 0 26 0 26 0 26 0 26 0 26 0 26 0 26 0 26 0 26 0 26 0 26 0 26 0 26 0 26 0 26 0 26 0 26 0 26 0 26 0 26 0 26 0 26 0 26 0 26 0 26 0 26 0 26 0 26 0 26 0 26 0 26 0 26 0 26 0 26 0 26 0 26 0 26 0 26 0 9 0 9 0 8 0 9 0 19 15 8 16 19 17 8 18 8 0 9 0 8 0 9 0 8 0 9 0 8 0 9 0 8 0 8 0 9 0 9 0 9 0 9 0 9 0 9 0 9 0 9 0 9 0 9 0 14 0 19 19 8 20 8 0 14 0 19 21 8 22 14 0 8 0 19 23 8 24 14 0 8 0 14 0 8 0 14 0 8 0 14 0 8 0 8 0 14 0 14 0 14 0 14 0 14 0 14 0 14 0 14 0 14 0 14 0 9 0 9 0 9 0 9 0 9 0 9 0 9 0 9 0 9 0 9 0 9 0 9 0 9 0 9 0 9 0 9 0 9 0 9 0 9 0 9 0 9 0 9 0 9 0 9 0 9 0 9 0 9 0 9 0 9 0 9 0 9 0 9 0 9 0 9 0 9 0 9 0 9 0 9 0 9 0 9 0 9 0 9 0 9 0 9 0 9 0 9 0 9 0 9 0 9 0 9 0 9 0 9 0 9 0 9 0 9 0 9 0 9 0 9 0 9 0 9 0 9 0 9 0 9 0 9 0 9 0 9 0 9 0 9 0 9 0 9 0 9 0 9 0 9 0 9 0 9 0 9 0 9 0 9 0 9 0 9 0 9 0 9 0 9 0 9 0 9 0 9 0 9 0 9 0 9 0 9 0 9 0 9 0 9 0 9 0 9 0 9 0 9 0 9 0 9 0 9 0 9 0 9 0 9 0 9 0 9 0 9 0 9 0 9 0 9 0 9 0 9 0 9 0 9 0 9 0 9 0 9 0 9 0 9 0 9 0 9 0 9 0 9 0 9 0 9 0 9 0 9 0 9 0 9 0 9 0 9 0 9 0 9 0 9 0 9 0 9 0 9 0 9 0 9 0 9 0 9 0 9 0 9 0 9 0 9 0 9 0 9 0 9 0 9 0 9 0 9 0 9 0 9 0 9 0 9 0 9 0 9 0 9 0 9 0 9 0 9 0 9 0 9 0 9 0 9 0 9 0 9 0 9 0 9 0 9 0 9 0 9 0 9 0 9 0 9 0 9 0 9 0 9 0 9 0 9 0 9 0 9 0 9 0 9 0 9 0 9 0 9 0 9 0 9 0 9 0 9 0 9 0 9 0 9 0 9 0 9 0 9 0 9 0 9 0 9 0 9 0 9 0 9 0 9 0 9 0 9 0 9 0 9 0 9 0 9 0 9 0 9 0 9 0 9 0 9 0 9 0 9 0 9 0 9 0 9 0 9 0 9 0 9 0 9 0 9 0 9 0 9 0 9 0 9 0 9 0 9 0 9 0 9 0 9 0 9 0 9 0 9 0 9 0 9 0 9 0 9 0 9 0 9 0 9 0 9 0 9 0 9 0 9 0 9 0 9 0 9 0 9 0 9 0 9 0 9 0 9 0 9 0 9 0 9 0 9 0 9 0 9 0 9 0 9 0 9 0 9 0 9 0 9 0 9 0 9 0 9 0 9 0 9 0 9 0 9 0 9 0 9 0 9 0 9 0 9 0 9 0 9 0 9 0 9 0 9 0 9 0 9 0 9 0 10 0 10 0 10 0 10 0 10 0 10 0 10 0 10 0 10 0 10 0 10 0 10 0 10 0 10 0 10 0 10 0 10 0 10 0 10 0 10 0 10 0 10 0 10 0 10 0 10 0 10 0 10 0 10 0 10 0 10 0 10 0 10 0 10 0 10 0 10 0 10 0 10 0 10 0 10 0 10 0 10 0 10 0 10 0 10 0 10 0 10 0 10 0 10 0 10 0 10 0 10 0 10 0 10 0 10 0 10 0 10 0 10 0 10 0 10 0 10 0 10 0 10 0 10 0 10 0 10 0 10 0 10 0 10 0 10 0 10 0 10 0 10 0 10 0 10 0 10 0 10 0 10 0 10 0 10 0 10 0 10 0 10 0 10 0 10 0 10 0 10 0 10 0 10 0 10 0 10 0 10 25 9 26 10 0 10 0 10 0 10 0 10 0 10 0 10 0 10 0 10 0 10 0 10 0 10 0 10 0 10 0 10 0 10 0 10 0 10 0 10 0 10 0 10 0 10 0 10 0 10 0 10 0 10 0 10 0 10 0 10 0 10 0 10 0 10 0 10 0 10 0 10 0 10 0 10 0 10 0 10 0 10 0 10 0 10 0 10 0 10 0 10 0 10 0 10 0 10 0 10 0 10 0 10 0 10 0 10 0 10 0 11 0 11 0 11 0 11 0 11 0 11 0 11 0 11 0 11 0 11 0 11 0 11 0 11 0 11 0 11 0 11 0 11 0 11 0 11 0 11 0 11 0 11 0 11 0 11 0 11 0 11 0 11 0 11 0 11 0 11 0 11 0 11 0 11 0 11 0 11 0 11 0 11 0 11 0 11 0 11 0 11 0 11 0 11 0 11 0 11 0 11 0 11 0 11 0 11 0 11 0 11 0 11 0 11 0 11 0 11 0 11 0 11 0 11 0 11 0 11 0 11 0 11 0 11 0 11 0 11 0 11 0 11 0 11 0 11 0 11 0 11 0 11 0 11 0 11 0 11 0 11 0 11 0 11 0 11 0 11 0 11 0 11 0 11 0 11 0 11 0 11 0 11 0 11 0 11 0 11 0 11 0 11 0 11 0 11 0 11 0 11 0 11 0 11 0 11 0 11 0 11 0 11 0 11 0 11 0 11 0 11 0 11 0 11 0 11 0 11 0 11 0 11 0 11 0 11 0 11 0 11 0 11 0 11 0 11 0 11 0 11 0 11 0 11 0 11 0 11 0 11 0 11 0 11 0 11 0 11 0 11 0 11 0 11 0 11 0 11 0 11 0 11 0 11 0 11 0 11 0 11 0 11 0 11 0 11 0 11 0 11 0 11 0 11 0 12 0 12 0 12 0 12 0 12 0 12 0 12 0 12 0 12 0 12 0 12 0 12 0 12 0 12 0 12 0 12 0 12 0 12 0 12 0 12 0 12 0 12 0 12 0 12 0 12 0 11 0 11 0 11 0 11 0 11 0 11 0 11 0 12 0 12 0 12 0 12 0 12 0 12 0 12 0 12 0 12 0 12 0 11 0 11 0 11 0 11 0 11 0 11 0 11 0 11 0 11 0 11 0 11 0 11 0 11 0 11 0 11 0 11 0 11 0 11 0 11 0 11 0 11 0 11 0 11 0 11 0 11 0 11 0 11 0 11 0 11 0 11 0 11 0 11 0 11 0 12 0 12 0 12 0 12 0 12 0 12 0 12 0 12 0 12 0 12 0 12 0 12 0 12 0 12 0 12 0 12 0 12 0 12 0 12 0 12 0 12 0 12 0 12 0 12 0 12 0 11 0 11 0 11 0 11 0 11 0 11 0 11 0 12 0 12 0 12 0 12 0 12 0 12 0 12 0 12 0 12 0 12 0 11 0 11 0 11 0 11 0 11 0 11 0 11 0 11 0 11 0 11 0 11 0 11 0 11 0 11 0 11 0 11 0 11 0 11 0 11 0 11 0 11 0 11 0 11 0 11 0 11 0 11 0 11 0 11 0 11 0 11 0 11 0 11 0 11 0 12 0 12 0 12 0 12 0 12 0 12 0 12 0 12 0 12 0 12 0 12 0 12 0 12 0 12 0 12 0 12 0 12 0 12 0 12 0 12 0 12 0 12 0 12 0 12 0 12 0 11 0 11 0 11 0 11 0 11 0 11 0 11 0 12 0 12 0 12 0 12 0 12 0 12 0 12 0 12 0 12 0 12 0 11 0 11 0 11 0 11 0 11 0 11 0 11 0 11 0 11 0 11 0 11 0 11 0 11 0 11 0 11 0 11 0 11 0 11 0 11 0 11 0 11 0 11 0 11 0 11 0 11 0 11 0 11 0 11 0 11 0 11 0 11 0 11 0 11 0 13 0 13 0 13 0 13 0 13 0 13 0 13 0 13 0 13 0 13 0 13 0 13 0 13 0 13 0 13 0 13 0 13 0 13 0 13 0 13 0 13 0 13 0 11 0 11 0 13 0 11 0 11 0 11 0 11 0 13 0 11 0 11 0 13 0 13 0 11 0 13 0 11 0 13 0 11 0 11 0 11 0 11 0 11 0 11 0 11 0 11 0 11 0 11 0 11 0 10 0 10 27 9 28 10 0 10 29 9 30 10 0 10 31 9 32 10 0 10 33 9 34 10 0 10 35 9 36 10 37 9 38 10 0 10 39 9 40 10 41 9 42 9 0 9 0 9 0 9 0 9 0 10 43 9 44 9 0 9 0 10 45 9 46 9 0 10 47 9 48 9 0 9 0 9 0 9 0 9 0 9 0 9 0 9 0 9 0 9 0 9 0 9 0 9 0 9 0 9 0 9 0 9 0 9 0 9 0 9 0 9 0 9 0 9 0 9 0 9 0 9 0 9 0 9 0 9 0 9 0 9 0 9 0 9 0 9 0 9 0 9 0 9 0 9 0 9 0 9 0 9 0 9 0 9 0 9 0 9 0 9 0 9 0 9 0 9 0 9 0 14 0 14 0 14 0 14 0 14 0 14 0 14 0 14 0 14 0 14 0 14 0 14 0 14 0 14 0 14 0 14 0 14 0 14 0 14 0 14 0 14 0 14 0 14 0 14 0 14 0 14 0 14 0 14 0 14 0 14 0 14 0 14 0 14 0 14 0 14 0 14 0 14 0 14 0 14 0 14 0 14 0 14 0 14 0 14 0 14 0 14 0 14 0 14 0 14 0 14 0 14 0 14 0 14 0 14 0 14 0 14 0 14 0 14 0 14 0 14 0 14 0 14 0 14 0 14 0 14 0 14 0 14 0 14 0 14 0 14 0 14 0 14 0 14 0 14 0 14 0 14 0 14 0 14 0 14 0 14 0 14 0 14 0 14 0 14 0 14 0 14 0 14 0 14 0 14 0 14 0 14 0 14 0 14 0 14 0 14 0 14 0 14 0 14 0 14 0 14 0 14 0 14 0 14 0 14 0 14 0 14 0 14 0 14 0 14 0 14 0 14 0 14 0 14 0 14 0 14 0 14 0 14 0 14 0 14 0 14 0 14 0 14 0 14 0 14 0 14 0 14 0 14 0 14 0 14 0 14 0 14 0 14 0 14 0 14 0 14 0 14 0 14 0 14 0 14 0 14 0 14 0 14 0 14 0 14 0 14 0 14 0 14 0 14 0 14 0 14 0 14 0 14 0 14 0 14 0 14 0 14 0 14 0 14 0 14 0 14 0 14 0 14 0 14 0 14 0 14 0 14 0 14 0 14 0 14 0 14 0 14 0 14 0 14 0 14 0 14 0 14 0 14 0 14 0 14 0 14 0 14 0 14 0 14 0 14 0 14 0 14 0 14 0 14 0 14 0 14 0 14 0 14 0 14 0 14 0 14 0 14 0 14 0 14 0 14 0 14 0 14 0 14 0 14 0 14 0 14 0 14 0 14 0 14 0 14 0 14 0 14 0 14 0 14 0 14 0 14 0 14 0 14 0 14 0 14 0 14 0 14 0 14 0 14 0 14 0 14 0 14 0 14 0 14 0 14 0 14 0 14 0 14 0 14 0 14 0 14 0 14 0 14 0 14 0 14 0 14 0 14 0 14 0 14 0 14 0 14 0 14 0 14 0 14 0 14 0 14 0 14 0 14 0 14 0 14 0 14 0 14 0 14 0 14 0 14 0 14 0 14 0 14 0 14 0 14 0 14 0 14 0 14 0 14 0 14 0 14 0 14 0 14 0 14 0 14 0 14 0 14 0 14 0 14 0 14 0 14 0 14 0 14 0 14 0 14 0 14 0 14 0 14 0 14 0 14 0 14 0 14 0 14 0 14 0 14 0 14 0 14 0 14 0 14 0 15 0 15 0 15 0 15 0 15 0 15 0 15 0 15 0 15 0 15 0 15 0 15 0 15 0 15 0 15 0 15 0 15 0 15 0 15 0 15 0 15 0 15 0 15 0 15 0 15 0 15 0 15 0 15 0 15 0 15 0 15 0 15 0 15 0 15 0 15 0 15 0 15 0 15 0 15 0 15 0 15 0 15 0 15 0 15 0 15 0 15 0 15 0 15 0 15 0 15 0 15 0 15 0 15 0 15 0 15 0 15 0 15 0 15 0 15 0 15 0 15 0 15 0 15 0 15 0 15 0 15 0 15 0 15 0 15 0 15 0 15 0 15 0 15 0 15 0 15 0 15 0 15 0 15 0 15 0 15 0 15 0 15 0 15 0 15 0 15 0 15 0 15 0 15 0 15 0 15 0 15 0 15 0 15 0 15 0 15 0 15 0 15 0 15 0 15 0 15 0 15 0 15 0 15 0 15 0 15 0 15 0 15 0 15 0 15 0 15 0 15 0 15 0 15 0 15 0 15 0 15 0 15 0 15 0 15 0 15 0 15 0 15 0 15 0 15 0 15 0 15 0 15 0 15 0 15 0 15 0 15 0 15 0 16 0 16 0 16 0 16 0 16 0 16 0 16 0 16 0 16 0 16 0 16 0 16 0 16 0 16 0 16 0 16 0 16 0 16 0 16 0 16 0 16 0 16 0 16 0 16 0 16 0 16 0 16 0 16 0 16 0 16 0 16 0 16 0 16 0 16 0 16 0 16 0 16 0 16 0 16 0 16 0 16 0 16 0 16 0 16 0 16 0 16 0 16 0 16 0 16 0 16 0 16 0 16 0 16 0 16 0 16 0 16 0 16 0 16 0 16 0 16 0 16 0 16 0 16 0 16 0 16 0 16 0 16 0 16 0 16 0 16 0 16 0 16 0 16 0 16 0 16 0 16 0 16 0 16 0 16 0 16 0 16 0 16 0 16 0 16 0 16 0 16 0 16 0 16 0 16 0 16 0 16 0 16 0 16 0 16 0 16 0 16 0 16 0 16 0 16 0 16 0 16 0 16 0 16 0 16 0 16 0 16 0 16 0 16 0 16 0 16 0 16 0 16 0 16 0 16 0 16 0 16 0 16 0 16 0 16 0 16 0 16 0 16 0 16 0 16 0 16 0 16 0 16 0 16 0 16 0 16 0 16 0 16 0 16 0 16 0 16 0 16 0 16 0 16 0 16 0 16 0 16 0 16 0 16 0 16 0 16 0 16 0 16 0 16 0 17 0 17 0 17 0 17 0 17 0 17 0 17 0 17 0 17 0 17 0 17 0 17 0 17 0 17 0 17 0 17 0 17 0 17 0 17 0 17 0 17 0 17 0 17 0 17 0 17 0 16 0 16 0 16 0 16 0 16 0 16 0 16 0 17 0 17 0 17 0 17 0 17 0 17 0 17 0 17 0 17 0 17 0 16 0 16 0 16 0 16 0 16 0 16 0 16 0 16 0 16 0 16 0 16 0 16 0 16 0 16 0 16 0 16 0 16 0 16 0 16 0 16 0 16 0 16 0 16 0 16 0 16 0 16 0 16 0 16 0 16 0 16 0 16 0 16 0 16 0 17 0 17 0 17 0 17 0 17 0 17 0 17 0 17 0 17 0 17 0 17 0 17 0 17 0 17 0 17 0 17 0 17 0 17 0 17 0 17 0 17 0 17 0 17 0 17 0 17 0 16 0 16 0 16 0 16 0 16 0 16 0 16 0 17 0 17 0 17 0 17 0 17 0 17 0 17 0 17 0 17 0 17 0 16 0 16 0 16 0 16 0 16 0 16 0 16 0 16 0 16 0 16 0 16 0 16 0 16 0 16 0 16 0 16 0 16 0 16 0 16 0 16 0 16 0 16 0 16 0 16 0 16 0 16 0 16 0 16 0 16 0 16 0 16 0 16 0 16 0 17 0 17 0 17 0 17 0 17 0 17 0 17 0 17 0 17 0 17 0 17 0 17 0 17 0 17 0 17 0 17 0 17 0 17 0 17 0 17 0 17 0 17 0 17 0 17 0 17 0 16 0 16 0 16 0 16 0 16 0 16 0 16 0 17 0 17 0 17 0 17 0 17 0 17 0 17 0 17 0 17 0 17 0 16 0 16 0 16 0 16 0 16 0 16 0 16 0 16 0 16 0 16 0 16 0 16 0 16 0 16 0 16 0 16 0 16 0 16 0 16 0 16 0 16 0 16 0 16 0 16 0 16 0 16 0 16 0 16 0 16 0 16 0 16 0 16 0 16 0 18 0 18 0 18 0 18 0 18 0 18 0 18 0 18 0 18 0 18 0 18 0 18 0 18 0 18 0 18 0 18 0 18 0 18 0 18 0 18 0 18 0 18 0 18 0 16 0 16 0 16 0 16 0 16 0 16 0 18 0 18 0 16 0 16 0 18 0 16 0 18 0 16 0 18 0 16 0 16 0 16 0 16 0 16 0 16 0 16 0 16 0 16 0 16 0 16 0 14 0 15 49 14 50 15 51 14 52 14 0 15 53 14 54 14 0 15 55 14 56 14 0 15 57 14 58 14 0 15 59 14 60 14 0 15 61 14 62 14 0 15 63 14 64 14 0 14 0 15 65 14 66 14 0 14 0 14 0 14 0 14 0 14 0 14 0 14 0 14 0 14 0 14 0 14 0 14 0 14 0 14 0 14 0 14 0 14 0 14 0 14 0 14 0 14 0 14 0 14 0 14 0 14 0 14 0 14 0 14 0 14 0 14 0 14 0 14 0 14 0 14 0 14 0 14 0 14 0 14 0 14 0 14 0 14 0 14 0 14 0 14 0 14 0 14 0 14 0 14 0 20 0 27 67 20 68 27 69 20 70 27 0 27 0 27 71 20 72 27 0 27 73 20 74 28 75 27 76 28 77 27 78 27 79 20 80 27 81 20 82 27 0 27 83 20 84 27 0 27 0 27 0 27 0 27 85 20 86 28 87 27 88 28 89 27 90 27 0 27 0 27 91 20 92 27 93 20 94 27 0 27 0 27 0 20 0 20 0 27 95 20 96 27 97 20 98 27 99 20 100 20 0 27 0 27 101 20 102 27 103 20 104 27 0 27 0 27 105 20 106 29 107 27 108 20 0 27 109 20 110 27 111 20 112 20 0 20 0 27 113 20 114 20 0 20 0 27 115 20 116 20 0 20 0 27 117 20 118 20 0 29 0 29 119 27 120 29 121 27 122 27 0 29 0 27 0 29 123 27 124 27 0 29 125 27 126 27 0 27 0 29 127 27 128 27 0 27 0 27 129 20 130 27 0 27 0 27 0 27 131 20 132 27 0 27 133 20 134 27 0 27 135 20 136 27 0 27 137 20 138 27 139 20 140 27 0 27 0 27 141 20 142 27 0 27 0 27 0 27 0 27 0 27 0 27 0 27 0 27 143 20 144 27 145 20 146 27 0 29 147 27 148 27 0 20 0 27 149 20 150 27 151 20 152 20 0 20 0 27 153 20 154 20 0 20 0 20 0 27 155 20 156 20 0 20 0 27 157 20 158 20 0 27 159 20 160 20 0 28 0 28 0 28 0 28 0 28 0 28 0 28 0 28 0 28 0 28 0 28 0 28 0 28 0 28 0 28 0 28 0 28 0 28 0 28 0 28 0 28 0 28 0 28 0 28 0 28 0 28 0 28 0 28 0 28 0 28 0 28 0 28 0 28 0 28 0 28 0 28 0 28 0 28 0 28 0 28 0 28 0 28 0 28 0 28 0 28 0 28 0 28 0 28 0 28 0 28 0 28 0 28 0 28 0 28 0 28 0 28 0 28 0 28 0 28 0 28 0 28 0 28 0 28 0 28 0 28 0 28 0 28 0 28 0 28 0 28 0 28 0 28 0 28 0 28 0 28 0 28 0 28 0 28 0 28 0 28 0 28 0 28 0 28 0 28 0 28 0 28 0 28 0 28 0 28 0 28 0 28 0 28 0 28 0 28 0 28 0 28 0 28 0 28 0 28 0 28 0 28 0 28 0 28 0 28 0 28 0 28 0 28 0 28 0 28 0 28 0 28 0 28 0 28 0 28 0 28 0 28 0 28 0 28 0 28 0 28 0 28 0 28 0 28 0 28 0 28 0 28 0 28 0 28 0 28 0 28 0 28 0 28 0 28 0 28 0 28 0 28 0 28 0 28 0 28 0 28 0 28 0 28 0 28 0 28 0 28 0 28 0 28 0 28 0 28 0 28 0 28 0 28 0 28 0 28 0 28 0 28 0 28 0 28 0 28 0 28 0 28 0 28 0 28 0 28 0 28 0 28 0 28 0 28 0 28 0 28 0 28 0 28 0 28 0 28 0 29 161 28 162 28 0 29 0 29 163 28 164 29 0 28 0 28 0 29 0 29 165 28 166 28 0 29 0 28 0 28 0 28 0 28 0 28 0 28 0 28 0 28 0 28 0 28 0 28 0 28 0 28 0 28 0 28 0 28 0 28 0 28 0 28 0 28 0 28 0 28 0 28 0 28 0 28 0 28 0 28 0 28 0 29 0 28 0 28 0 28 0 29 0 29 0 28 0 28 0 28 0 28 0 28 0 28 0 28 0 28 0 28 0 28 0 28 0 28 0 28 0 28 0 28 0 28 0 28 0 28 0 28 0 28 0 28 0 28 0 28 0 28 0 28 0 28 0 28 0 28 0 28 0 28 0 28 0 28 0 28 0 28 0 28 0 28 0 28 0 28 0 28 0 28 0 28 0 28 0 28 0 28 0 28 0 28 0 28 0 28 0 28 0 28 0 28 0 28 0 28 0 28 0 28 0 28 0 28 0 28 0 28 0 28 0 28 0 28 0 28 0 28 0 28 0 28 0 28 0 28 0 28 0 28 0 28 0 28 0 28 0 28 0 28 0 28 0 28 0 28 0 28 0 28 0 28 0 28 0 28 0 28 0 28 0 28 0 28 0 28 0 28 0 28 0 28 0 28 0 28 0 28 0 28 0 28 0 28 0 28 0 28 0 28 0 28 0 28 0 28 0 28 0 28 0 28 0 28 0 28 0 28 0 28 0 28 0 28 0 28 0 28 0 28 0 28 0 28 0 28 0 28 0 28 0 28 0 28 0 28 0 28 0 28 0 28 0 28 0 28 0 28 0 28 0 28 0 28 0 28 0 28 0 28 0 28 0 28 0 28 0 28 0 28 0 28 0 28 0 28 0 28 0 28 0 28 0 28 0 28 0 28 0 28 0 28 0 28 0 28 0 28 0 28 0 28 0 28 0 28 0 28 0 28 0 28 0 28 0 28 0 28 0 28 0 28 0 28 0 28 0 28 0 28 0 28 0 28 0 28 0 28 0 28 0 28 0 28 0 28 0 28 0 28 0 28 0 28 0 28 0 28 0 28 0 28 0 28 0 28 0 28 0 28 0 28 0 28 0 28 0 28 0 28 0 28 0 28 0 28 0 28 0 28 0 28 0 28 0 28 0 28 0 28 0 28 0 28 0 28 0 28 0 28 0 28 0 28 0 28 0 28 0 28 0 28 0 28 0 28 0 28 0 28 0 28 0 28 0 28 0 28 0 28 0 28 0 28 0 28 0 28 0 28 0 28 0 28 0 28 0 28 0 28 0 28 0 28 0 28 0 28 0 28 0 28 0 28 0 28 0 28 0 28 0 28 0 28 0 28 0 28 0 28 0 28 0 28 0 28 0 28 0 28 0 28 0 28 0 28 0 28 0 28 0 28 0 28 0 28 0 28 0 28 0 28 0 28 0 28 0 28 0 28 0 28 0 28 0 28 0 28 0 28 0 28 0 28 0 28 0 28 0 28 0 28 0 28 0 28 0 28 0 28 0 28 0 28 0 28 0 28 0 28 0 28 0 28 0 28 0 28 0 28 0 28 0 28 0 28 0 28 0 28 0 28 0 28 0 28 0 28 0 28 0 28 0 28 0 28 0 28 0 28 0 28 0 28 0 28 0 28 0 28 0 28 0 28 0 28 0 28 0 28 0 28 0 28 0 28 0 28 0 28 0 28 0 28 0 28 0 28 0 28 0 28 0 28 0 28 0 28 0 28 0 28 0 28 0 28 0 28 0 28 0 28 0 28 0 28 0 28 0 28 0 28 0 28 0 28 0 28 0 28 0 28 0 28 0 28 0 28 0 28 0 28 0 28 0 28 0 28 0 28 0 28 0 28 0 28 0 28 0 28 0 28 0 28 0 28 0 28 0 28 0 28 0 28 0 28 0 28 0 28 0 28 0 28 0 28 0 28 0 28 0 28 0 28 0 28 0 28 0 28 0 28 0 28 0 28 0 28 0 28 0 28 0 28 0 28 0 28 0 28 0 28 0 28 0 28 0 28 0 28 0 28 0 28 0 28 0 28 0 28 0 28 0 28 0 28 0 28 0 28 0 28 0 28 0 28 0 28 0 28 0 28 0 28 0 28 0 28 0 28 0 28 0 28 0 28 0 28 0 28 0 28 0 28 0 28 0 28 0 28 0 28 0 28 0 28 0 28 0 28 0 28 0 28 0 28 0 28 0 28 0 28 0 28 0 28 0 28 0 28 0 28 0 28 0 28 0 28 0 28 0 28 0 28 0 28 0 28 0 28 0 28 0 28 0 28 0 28 0 28 0 28 0 28 0 28 0 28 0 28 0 28 0 28 0 28 0 28 0 28 0 28 0 28 0 28 0 28 0 28 0 28 0 28 0 28 0 28 0 28 0 28 0 28 0 28 0 28 0 28 0 28 0 28 0 28 0 28 0 28 0 28 0 28 0 28 0 28 0 28 0 28 0 28 0 28 0 28 0 28 0 28 0 28 0 28 0 28 0 28 0 28 0 28 0 28 0 28 0 28 0 28 0 28 0 28 0 28 0 28 0 28 0 28 0 28 0 28 0 28 0 28 0 28 0 28 0 28 0 28 0 28 0 28 0 28 0 28 0 28 0 28 0 28 0 28 0 28 0 28 0 28 0 28 0 28 0 28 0 28 0 28 0 28 0 28 0 28 0 28 0 28 0 28 0 28 0 28 0 28 0 28 0 28 0 28 0 28 0 28 0 28 0 28 0 28 0 28 0 28 0 28 0 28 0 28 0 28 0 28 0 28 0 28 0 28 0 28 0 28 0 28 0 28 0 28 0 28 0 28 0 28 0 28 0 28 0 28 0 28 0 28 0 28 0 28 0 28 0 28 0 28 0 28 0 28 0 28 0 28 0 28 0 28 0 28 0 28 0 28 0 28 0 28 0 28 0 28 0 28 0 28 0 28 0 28 0 28 0 28 0 28 0 28 0 28 0 28 0 28 0 28 0 28 0 28 0 28 0 28 0 28 0 28 0 28 0 28 0 28 0 28 0 28 0 28 0 28 0 28 0 28 0 28 0 28 0 28 0 28 0 28 0 28 0 28 0 28 0 28 0 28 0 28 0 28 0 28 0 28 0 28 0 28 0 28 0 28 0 28 0 28 0 28 0 28 0 28 0 28 0 28 0 28 0 28 0 28 0 28 0 28 0 28 0 28 0 28 0 28 0 28 0 28 0 28 0 28 0 28 0 28 0 28 0 28 0 28 0 28 0 28 0 28 0 28 0 28 0 28 0 28 0 28 0 28 0 28 0 28 0 28 0 28 0 28 0 28 0 28 0 28 0 28 0 28 0 28 0 28 0 28 0 28 0 28 0 28 0 28 0 28 0 28 0 28 0 28 0 28 0 28 0 28 0 28 0 28 0 28 0 28 0 28 0 28 0 28 0 28 0 28 0 28 0 28 0 28 0 28 0 28 0 28 0 32 0 32 0 32 0 32 0 32 0 32 0 32 0 32 0 32 0 32 0 32 0 32 0 32 0 32 0 32 0 32 0 32 0 32 0 32 0 32 0 32 0 32 0 32 0 32 0 32 0 32 0 32 0 32 0 32 0 32 0 32 0 32 0 32 0 32 0 32 0 32 0 32 0 32 0 32 0 32 0 32 0 32 0 32 0 32 0 32 0 32 0 32 0 32 0 32 0 32 0 32 0 32 0 32 0 32 0 32 0 32 0 32 0 32 0 32 0 32 0 32 0 32 0 32 0 32 0 32 0 32 0 32 0 32 0 32 0 32 0 32 0 32 0 32 0 32 0 32 0 32 0 32 0 32 0 32 0 32 0 32 0 32 0 32 0 32 0 32 0 32 0 32 0 32 0 32 0 32 0 32 0 32 0 32 0 32 0 32 0 32 0 32 0 32 0 32 0 32 0 32 0 32 0 32 0 32 0 32 0 32 0 32 0 32 0 32 0 32 0 32 0 32 0 32 0 32 0 32 0 32 0 32 0 32 0 32 0 32 0 32 0 32 0 32 0 32 0 32 0 32 0 32 0 32 0 32 0 32 0 32 0 32 0 32 0 32 0 32 0 32 0 32 0 32 0 32 0 32 0 32 0 32 0 32 0 32 0 32 0 32 0 32 0 32 0 32 0 32 0 32 0 32 0 32 0 32 0 32 0 32 0 32 0 32 0 32 0 32 0 32 0 32 0 32 0 32 0 32 0 32 0 32 0 32 0 32 0 32 0 32 0 32 0 32 0 32 0 32 0 32 0 32 0 32 0 32 0 32 0 32 0 32 0 32 0 32 0 32 0 32 0 32 0 32 0 32 0 32 0 32 0 32 0 32 0 32 0 32 0 32 0 32 0 32 0 32 0 32 0 32 0 32 0 32 0 32 0 32 0 32 0 32 0 32 0 8 0 8 0 8 0 8 0 8 0 8 0 8 0 8 0 8 0 8 0 8 0 8 0 8 0 8 0 8 0 8 0 8 0 8 0 8 0 8 0 8 0 8 0 31 167 8 168 8 0 31 169 8 170 8 0 8 0 8 0 8 0 8 0 31 171 8 172 8 0 8 0 8 0 8 0 20 173 19 174 8 0 19 175 8 176 8 0 19 177 8 178 8 0 8 0 19 179 8 180 8 0 8 0 8 0 8 0 8 0 8 0 8 0 8 0 8 0 8 0 8 0 8 0 8 0 8 0 8 0 8 0 8 0 8 0 8 0 19 181 8 182 19 183 8 184 8 0 20 0 20 0 20 0 20 0 20 0 20 185 19 186 20 0 20 187 19 188 20 0 20 189 19 190 20 0 20 191 19 192 20 0 20 193 19 194 20 0 20 0 20 195 19 196 20 197 19 198 20 0 20 199 19 200 20 0 20 0 20 0 20 0 20 0 20 0 20 0 20 0 20 0 20 0 20 0 20 0 20 0 20 0 20 0 20 0 20 0 20 0 20 0 20 0 20 0 20 0 20 0 20 0 20 0 20 0 20 0 20 0 20 0 20 0 20 0 20 0 20 0 20 0 20 0 20 0 20 0 20 0 20 0 20 0 20 0 20 0 20 0 20 0 20 0 20 0 20 0 20 0 20 0 20 0 20 0 20 0 20 0 20 0 20 0 20 0 20 0 20 0 20 0 20 0 20 0 20 0 20 0 20 0 20 0 20 0 20 0 20 0 20 0 20 0 20 0 20 0 20 0 20 0 20 0 20 0 20 0 20 0 20 0 20 0 20 0 20 0 20 0 20 0 20 0 27 201 20 202 20 0 27 203 20 204 20 0 27 205 20 206 20 0 20 0 20 0 20 0 20 0 20 0 20 207 19 208 20 0 20 209 19 210 20 0 20 0 20 211 19 212 19 0 20 213 19 214 20 215 19 216 21 0 21 0 21 0 21 0 21 0 21 0 21 0 21 0 21 0 21 0 21 0 20 0 20 0 20 217 19 218 20 219 19 220 20 0 20 0 20 221 19 222 20 0 20 0 20 0 20 0 20 0 20 0 20 0 20 0 20 0 20 0 20 0 20 0 20 0 20 0 20 0 20 0 20 0 20 0 20 0 20 0 20 0 20 0 20 0 19 0 20 223 19 224 20 225 19 226 8 0 8 0 20 227 19 228 20 0 20 0 20 0 20 0 20 0 20 0 21 229 20 230 20 0 21 231 20 232 20 0 20 0 21 233 20 234 20 0 21 235 20 236 21 237 20 238 20 0 21 239 20 240 20 0 21 241 20 242 20 0 21 243 20 244 20 0 21 245 20 246 20 0 20 0 20 0 20 0 20 0 20 0 8 0 8 0 8 0 8 0 8 0 8 0 8 0 19 247 8 248 8 0 8 0 8 0 8 0 31 249 8 250 8 0 8 0 31 251 8 252 31 253 8 254 31 255 8 256 8 0 31 257 8 258 8 0 31 259 8 260 8 0 8 0 8 0 8 0 19 261 8 262 31 263 8 264 31 265 8 266 31 267 8 268 8 0 8 0 31 269 8 270 8 0 8 0 8 0 8 0 19 271 8 272 19 273 8 274 21 0 21 0 21 275 20 276 21 0 21 277 20 278 21 0 21 279 20 280 21 0 21 281 20 282 21 0 21 283 20 284 21 0 21 285 20 286 21 0 21 287 20 288 21 0 21 289 20 290 21 0 21 291 20 292 21 0 21 293 20 294 20 0 20 0 20 0 20 0 20 0 20 0 20 0 20 0 20 0 20 0 20 0 20 0 20 0 20 0 20 0 8 0 19 295 8 296 8 0 8 0 19 297 8 298 8 0 19 299 8 300 19 301 8 302 20 0 27 303 20 304 20 0 8 0 8 0 8 0 8 0 8 0 8 0 19 305 8 306 20 0 20 307 19 308 20 309 19 310 20 311 19 312 20 0 20 313 19 314 20 0 20 0 20 0 20 0 20 0 20 0 20 0 20 0 20 0 20 0 20 0 20 0 20 0 20 0 20 0 20 0 20 0 20 0 20 0 20 0 20 0 27 315 20 316 20 0 20 0 20 0 20 0 20 0 20 0 20 0 20 0 20 0 20 0 20 317 19 318 20 319 19 320 20 0 20 0 20 321 19 322 24 0 24 0 24 0 24 0 24 0 24 0 24 0 24 0 24 0 24 0 24 0 20 0 20 323 19 324 20 0 20 0 20 325 19 326 20 0 20 327 19 328 20 0 8 0 20 329 19 330 19 331 8 332 20 0 20 0 20 0 20 0 20 0 20 0 8 0 20 333 19 334 20 335 19 336 8 0 20 0 20 0 20 0 20 0 20 0 24 337 20 338 24 339 20 340 20 0 20 0 24 341 20 342 20 0 24 343 20 344 20 0 24 345 20 346 20 0 20 0 24 347 20 348 20 0 24 349 20 350 20 0 24 351 20 352 20 0 24 353 20 354 20 0 24 355 20 356 20 0 20 0 20 0 20 0 20 0 20 0 8 0 8 0 8 0 8 0 8 0 8 0 8 0 31 357 8 358 8 0 8 0 8 0 19 359 8 360 24 0 24 361 20 362 24 363 20 364 24 0 24 365 20 366 24 0 24 0 24 367 20 368 24 0 24 369 20 370 24 0 24 371 20 372 24 0 24 373 20 374 24 0 24 375 20 376 24 0 24 377 20 378 24 0 24 379 20 380 24 0 24 381 20 382 20 0 20 0 20 0 20 0 20 0 20 0 20 0 20 0 20 0 20 0 20 0 20 0 20 0 20 0 20 0 8 0 19 383 8 384 8 0 8 0 19 385 8 386 8 0 32 0 32 387 31 388 32 0 32 0 32 389 31 390 32 391 31 392 32 0 24 0 24 0 24 0 25 393 24 394 24 0 24 0 24 0 24 0 25 395 24 396 24 0 24 0 24 0 24 0 25 397 24 398 24 0 24 0 24 0 24 0 25 399 24 400 24 0 24 0 25 401 24 402 25 403 24 404 25 0 26 405 25 406 25 0 25 0 26 407 25 408 25 0 25 0 26 409 25 410 26 0 26 0 26 411 25 412 26 0 24 0 25 413 24 414 25 0 25 0 26 415 25 416 25 0 21 0 21 0 21 0 21 0 22 417 21 418 21 0 21 0 21 0 21 0 21 0 21 0 21 0 21 0 22 419 21 420 21 0 22 421 21 422 22 423 21 424 22 0 23 425 22 426 22 0 23 0 23 427 22 428 23 0 22 0 23 429 22 430 23 0 21 0 22 431 21 432 22 0 28 0 28 0 28 0 28 0 28 0 28 0 28 0 28 0 28 0 28 0 28 0 28 0 28 0 28 0 28 0 28 0 28 0 28 0 28 0 28 0 28 0 28 0 28 0 28 0 28 0 28 0 28 0 28 0 28 0 28 0 28 0 28 0 28 0 28 0 28 0 28 0 28 0 28 0 28 0 28 0 28 0 28 0 28 0 28 0 28 0 28 0 28 0 28 0 28 0 28 0 28 0 28 0 28 0 28 0 28 0 28 0 28 0 28 0 28 0 28 0 28 0 28 0 20 433 19 434 19 435 8 436 10 0 15 437 14 438 15 0 15 0 15 0 15 0 15 0 15 0 15 0 15 0 15 0 15 0 15 0 15 0 15 0 15 0 15 0 15 0 15 0 15 439 14 440 15 0 15 441 14 442 15 0 27 443 20 444 27 445 20 446 27 447 20 448 27 449 20 450 27 451 20 452 27 453 20 454 27 455 20 456 27 457 20 458 27 459 20 460 27 461 20 462 27 463 20 464 27 465 20 466 27 467 20 468 27 469 20 470 28 471 27 472 28 473 27 474 28 475 27 476 27 477 20 478 29 479 27 480 28 481 27 482 28 483 27 484 29 485 27 486 27 487 20 488 27 489 20 490 27 491 20 492 27 493 20 494 27 495 20 496 27 497 20 498 27 499 20 500 27 501 20 502 27 503 20 504 27 505 20 506 27 507 20 508 27 509 20 510 27 511 20 512 27 513 20 514 27 515 20 516 27 517 20 518 27 519 20 520 27 521 20 522 29 523 27 524 29 525 27 526 27 527 20 528 27 529 20 530 27 531 20 532 27 533 20 534 27 535 20 536 27 537 20 538 27 539 20 540 20 0 20 0 27 541 20 542 27 543 20 544 27 545 20 546 27 547 20 548 20 0 27 549 20 550 29 551 27 552 29 553 27 554 29 555 27 556 29 557 27 558 29 559 27 560 29 561 27 562 29 563 27 564 29 565 27 566 29 567 27 568 29 569 27 570 29 571 27 572 29 573 27 574 29 575 27 576 29 577 27 578 29 579 27 580 29 581 27 582 29 583 27 584 29 585 27 586 29 587 27 588 29 589 27 590 29 591 27 592 27 593 20 594 29 595 27 596 29 597 27 598 27 0 29 599 27 600 27 601 20 602 27 603 20 604 27 605 20 606 27 607 20 608 27 609 20 610 27 611 20 612 27 613 20 614 27 615 20 616 27 617 20 618 27 619 20 620 27 621 20 622 27 623 20 624 27 625 20 626 27 627 20 628 27 629 20 630 27 631 20 632 27 633 20 634 27 635 20 636 27 637 20 638 27 639 20 640 27 641 20 642 27 643 20 644 27 645 20 646 27 647 20 648 27 649 20 650 27 651 20 652 27 653 20 654 27 655 20 656 27 657 20 658 27 659 20 660 27 661 20 662 27 663 20 664 27 665 20 666 27 667 20 668 27 669 20 670 27 671 20 672 27 673 20 674 27 675 20 676 27 677 20 678 27 679 20 680 27 681 20 682 27 683 20 684 27 685 20 686 27 687 20 688 27 689 20 690 27 691 20 692 27 693 20 694 27 695 20 696 27 697 20 698 27 699 20 700 27 701 20 702 27 703 20 704 27 705 20 706 27 707 20 708 27 709 20 710 27 711 20 712 27 713 20 714 27 715 20 716 27 717 20 718 27 719 20 720 27 721 20 722 27 723 20 724 20 0 27 725 20 726 27 727 20 728 27 729 20 730 27 731 20 732 27 733 20 734 27 735 20 736 27 737 20 738 27 739 20 740 27 741 20 742 20 0 27 743 20 744 27 745 20 746 29 747 27 748 29 749 27 750 29 751 27 752 29 753 27 754 29 755 27 756 29 757 27 758 29 759 27 760 29 761 27 762 29 763 27 764 27 0 27 0 29 765 27 766 29 767 27 768 29 0 29 769 27 770 29 771 27 772 29 773 27 774 29 775 27 776 29 777 27 778 29 779 27 780 29 781 27 782 29 783 27 784 29 785 27 786 29 0 29 787 27 788 27 789 20 790 20 0 20 0 27 791 20 792 20 0 27 793 20 794 27 795 20 796 27 797 20 798 27 799 20 800 27 801 20 802 27 803 20 804 27 805 20 806 27 807 20 808 27 809 20 810 27 811 20 812 27 813 20 814 27 815 20 816 27 817 20 818 27 819 20 820 27 821 20 822 27 823 20 824 27 825 20 826 29 0 8 0 20 827 19 828 20 829 19 830 19 831 8 832 20 833 19 834 20 835 19 836 19 837 8 838 20 839 19 840 20 841 19 842 19 843 8 844 20 845 19 846 19 847 8 848 20 849 19 850 8 0 8 0 8 0 19 851 8 852 8 0 19 853 8 854 20 855 19 856 20 857 19 858 19 859 8 860 19 861 8 862 20 863 19 864 20 865 19 866 20 867 19 868 20 869 19 870 20 871 19 872 20 873 19 874 20 875 19 876 20 877 19 878 20 879 19 880 20 881 19 882 20 883 19 884 20 885 19 886 20 887 19 888 20 889 19 890 20 891 19 892 20 893 19 894 20 895 19 896 20 897 19 898 20 899 19 900 20 901 19 902 20 903 19 904 20 905 19 906 20 907 19 908 20 909 19 910 20 911 19 912 20 913 19 914 20 915 19 916 20 917 19 918 20 919 19 920 20 921 19 922 20 0 20 923 19 924 20 925 19 926 20 927 19 928 20 929 19 930 20 931 19 932 20 933 19 934 20 935 19 936 20 937 19 938 20 939 19 940 20 941 19 942 19 943 8 944 20 945 19 946 19 947 8 948 19 949 8 950 20 951 19 952 20 953 19 954 20 955 19 956 20 957 19 958 20 959 19 960 20 961 19 962 20 963 19 964 20 965 19 966 20 967 19 968 20 969 19 970 20 971 19 972 20 973 19 974 20 975 19 976 20 977 19 978 20 979 19 980 20 981 19 982 20 983 19 984 20 985 19 986 20 987 19 988 20 989 19 990 20 991 19 992 20 993 19 994 20 995 19 996 20 997 19 998 20 999 19 1000 20 1001 19 1002 20 1003 19 1004 20 1005 19 1006 20 1007 19 1008 20 1009 19 1010 20 1011 19 1012 20 1013 19 1014 20 1015 19 1016 20 1017 19 1018 20 1019 19 1020 20 1021 19 1022 20 1023 19 1024 20 1025 19 1026 20 1027 19 1028 20 1029 19 1030 20 1031 19 1032 19 1033 8 1034 19 1035 8 1036 20 1037 19 1038 20 1039 19 1040 19 1041 8 1042 19 1043 8 1044 19 1045 8 1046 20 1047 19 1048 20 0 20 0 27 1049 20 1050 27 1051 20 1052 27 1053 20 1054 27 1055 20 1056 20 1057 19 1058 20 0 20 1059 19 1060 20 1061 19 1062 20 1063 19 1064 20 0 20 1065 19 1066 20 1067 19 1068 20 1069 19 1070 20 1071 19 1072 20 1073 19 1074 20 1075 19 1076 20 1077 19 1078 20 1079 19 1080 20 1081 19 1082 20 1083 19 1084 20 1085 19 1086 20 1087 19 1088 20 1089 19 1090 20 1091 19 1092 20 1093 19 1094 20 1095 19 1096 20 1097 19 1098 20 0 20 1099 19 1100 20 1101 19 1102 20 1103 19 1104 20 1105 19 1106 20 1107 19 1108 20 1109 19 1110 20 1111 19 1112 20 1113 19 1114 8 0 20 1115 19 1116 20 1117 19 1118 20 1119 19 1120 20 1121 19 1122 8 0 19 1123 8 1124 19 1125 8 1126 19 1127 8 1128 20 1129 19 1130 31 1131 8 1132 31 1133 8 1134 19 1135 8 1136 19 1137 8 1138 31 1139 8 1140 31 1141 8 1142 19 1143 8 1144 19 1145 8 1146 19 1147 8 1148 31 1149 8 1150 31 1151 8 1152 31 1153 8 1154 19 1155 8 1156 19 1157 8 1158 19 1159 8 1160 31 1161 8 1162 31 1163 8 1164 31 1165 8 1166 31 1167 8 1168 31 1169 8 1170 32 1171 31 1172 32 1173 31 1174 31 1175 8 1176 31 1177 8 1178 31 1179 8 1180 31 1181 8 1182 31 1183 8 1184 31 1185 8 1186 31 1187 8 1188 31 1189 8 1190 31 1191 8 1192 31 1193 8 1194 31 1195 8 1196 31 1197 8 1198 31 1199 8 1200 31 1201 8 1202 31 1203 8 1204 31 1205 8 1206 31 1207 8 1208 31 1209 8 1210 31 1211 8 1212 31 1213 8 1214 31 1215 8 1216 31 1217 8 1218 31 1219 8 1220 31 1221 8 1222 31 1223 8 1224 31 1225 8 1226 31 1227 8 1228 31 1229 8 1230 31 1231 8 1232 31 1233 8 1234 31 1235 8 1236 31 1237 8 1238 31 1239 8 1240 31 1241 8 1242 31 1243 8 1244 31 1245 8 1246 31 1247 8 1248 31 1249 8 1250 31 1251 8 1252 31 1253 8 1254 31 1255 8 1256 31 1257 8 1258 31 1259 8 1260 31 1261 8 1262 31 1263 8 1264 32 1265 31 1266 32 1267 31 1268 32 1269 31 1270 32 1271 31 1272 32 1273 31 1274 32 1275 31 1276 32 1277 31 1278 32 1279 31 1280 32 1281 31 1282 32 1283 31 1284 32 1285 31 1286 32 1287 31 1288 32 1289 31 1290 32 1291 31 1292 32 1293 31 1294 32 1295 31 1296 32 1297 31 1298 32 1299 31 1300 32 1301 31 1302 32 1303 31 1304 32 1305 31 1306 32 1307 31 1308 32 1309 31 1310 32 1311 31 1312 32 1313 31 1314 32 1315 31 1316 32 1317 31 1318 32 1319 31 1320 32 1321 31 1322 31 1323 8 1324 31 1325 8 1326 31 1327 8 1328 31 1329 8 1330 31 1331 8 1332 31 1333 8 1334 31 1335 8 1336 31 1337 8 1338 31 1339 8 1340 31 1341 8 1342 31 1343 8 1344 32 1345 31 1346 32 1347 31 1348 32 1349 31 1350 32 1351 31 1352 32 1353 31 1354 32 1355 31 1356 31 1357 8 1358 31 1359 8 1360 32 1361 31 1362 20 1363 19 1364 20 1365 19 1366 20 1367 19 1368 20 1369 19 1370 20 1371 19 1372 20 1373 19 1374 20 1375 19 1376 20 1377 19 1378 20 1379 19 1380 20 1381 19 1382 20 1383 19 1384 20 1385 19 1386 20 1387 19 1388 20 1389 19 1390 20 1391 19 1392 20 1393 19 1394 20 1395 19 1396 20 1397 19 1398 20 1399 19 1400 20 1401 19 1402 20 1403 19 1404 20 1405 19 1406 20 1407 19 1408 20 1409 19 1410 20 1411 19 1412 20 1413 19 1414 20 1415 19 1416 20 1417 19 1418 20 1419 19 1420 20 1421 19 1422 20 1423 19 1424 20 1425 19 1426 20 1427 19 1428 20 1429 19 1430 20 1431 19 1432 20 1433 19 1434 20 1435 19 1436 20 1437 19 1438 20 1439 19 1440 20 1441 19 1442 20 1443 19 1444 20 1445 19 1446 20 1447 19 1448 20 1449 19 1450 19 1451 8 1452 19 1453 8 1454 19 1455 8 1456 19 1457 8 1458 19 1459 8 1460 19 1461 8 1462 19 1463 8 1464 19 1465 8 1466 19 1467 8 1468 19 1469 8 1470 19 1471 8 1472 19 1473 8 1474 19 1475 8 1476 19 1477 8 1478 19 1479 8 1480 19 1481 8 1482 31 1483 8 1484 31 1485 8 1486 31 1487 8 1488 31 1489 8 1490 31 1491 8 1492 31 1493 8 1494 31 1495 8 1496 31 1497 8 1498 31 1499 8 1500 31 1501 8 1502 31 1503 8 1504 31 1505 8 1506 31 1507 8 1508 31 1509 8 1510 31 1511 8 1512 31 1513 8 1514 31 1515 8 1516 31 1517 8 1518 31 1519 8 1520 31 1521 8 1522 32 1523 31 1524 32 1525 31 1526 32 1527 31 1528 32 1529 31 1530 32 1531 31 1532 32 1533 31 1534 31 1535 8 1536 31 1537 8 1538 31 1539 8 1540 31 1541 8 1542 31 1543 8 1544 31 1545 8 1546 31 1547 8 1548 31 1549 8 1550 31 1551 8 1552 31 1553 8 1554 31 1555 8 1556 31 1557 8 1558 31 1559 8 1560 31 1561 8 1562 31 1563 8 1564 31 1565 8 1566 31 1567 8 1568 31 1569 8 1570 31 1571 8 1572 31 1573 8 1574 31 1575 8 1576 31 1577 8 1578 21 1579 20 1580 21 1581 20 1582 21 1583 20 1584 21 1585 20 1586 21 1587 20 1588 21 1589 20 1590 21 1591 20 1592 21 1593 20 1594 21 1595 20 1596 21 1597 20 1598 21 1599 20 1600 21 1601 20 1602 21 1603 20 1604 20 0 32 1605 31 1606 32 1607 31 1608 32 1609 31 1610 32 1611 31 1612 32 1613 31 1614 32 1615 31 1616 32 1617 31 1618 32 1619 31 1620 32 1621 31 1622 32 1623 31 1624 32 1625 31 1626 32 1627 31 1628 32 1629 31 1630 32 1631 31 1632 32 1633 31 1634 32 1635 31 1636 32 1637 31 1638 32 1639 31 1640 32 1641 31 1642 32 1643 31 1644 32 1645 31 1646 32 1647 31 1648 32 1649 31 1650 32 1651 31 1652 32 1653 31 1654 32 1655 31 1656 32 1657 31 1658 32 1659 31 1660 32 1661 31 1662 32 1663 31 1664 32 1665 31 1666 32 1667 31 1668 32 1669 31 1670 32 1671 31 1672 32 1673 31 1674 32 1675 31 1676 32 1677 31 1678 32 1679 31 1680 32 1681 31 1682 32 1683 31 1684 32 1685 31 1686 32 1687 31 1688 32 1689 31 1690 32 1691 31 1692 32 1693 31 1694 32 1695 31 1696 32 1697 31 1698 32 1699 31 1700 32 1701 31 1702 32 1703 31 1704 32 1705 31 1706 32 1707 31 1708 32 1709 31 1710 31 1711 8 1712 31 1713 8 1714 31 1715 8 1716 31 1717 8 1718 31 1719 8 1720 31 1721 8 1722 31 1723 8 1724 31 1725 8 1726 31 1727 8 1728 31 1729 8 1730 31 1731 8 1732 31 1733 8 1734 31 1735 8 1736 31 1737 8 1738 31 1739 8 1740 31 1741 8 1742 31 1743 8 1744 31 1745 8 1746 31 1747 8 1748 31 1749 8 1750 31 1751 8 1752 31 1753 8 1754 21 1755 20 1756 21 1757 20 1758 21 1759 20 1760 21 1761 20 1762 21 1763 20 1764 21 1765 20 1766 21 1767 20 1768 21 1769 20 1770 21 1771 20 1772 21 1773 20 1774 21 1775 20 1776 21 1777 20 1778 20 1779 19 1780 20 1781 19 1782 20 1783 19 1784 20 1785 19 1786 20 1787 19 1788 20 1789 19 1790 20 1791 19 1792 20 1793 19 1794 20 1795 19 1796 20 1797 19 1798 20 1799 19 1800 20 1801 19 1802 20 1803 19 1804 20 1805 19 1806 20 1807 19 1808 20 1809 19 1810 20 1811 19 1812 20 1813 19 1814 20 1815 19 1816 20 1817 19 1818 20 1819 19 1820 20 1821 19 1822 20 1823 19 1824 20 1825 19 1826 20 1827 19 1828 8 0 19 1829 8 1830 8 0 8 0 19 1831 8 1832 27 1833 20 1834 19 1835 8 1836 19 1837 8 1838 19 1839 8 1840 20 1841 19 1842 20 1843 19 1844 20 1845 19 1846 20 1847 19 1848 20 1849 19 1850 20 1851 19 1852 20 1853 19 1854 20 1855 19 1856 20 1857 19 1858 20 1859 19 1860 20 1861 19 1862 20 1863 19 1864 20 1865 19 1866 19 1867 8 1868 19 1869 8 1870 20 1871 19 1872 20 1873 19 1874 19 1875 8 1876 19 1877 8 1878 20 1879 19 1880 19 1881 8 1882 20 1883 19 1884 27 1885 20 1886 27 1887 20 1888 27 1889 20 1890 27 1891 20 1892 27 1893 20 1894 27 1895 20 1896 20 1897 19 1898 20 1899 19 1900 20 1901 19 1902 20 1903 19 1904 20 1905 19 1906 20 1907 19 1908 20 1909 19 1910 20 1911 19 1912 20 1913 19 1914 20 1915 19 1916 20 1917 19 1918 19 0 20 1919 19 1920 20 1921 19 1922 20 1923 19 1924 20 1925 19 1926 20 1927 19 1928 20 1929 19 1930 20 1931 19 1932 20 1933 19 1934 20 1935 19 1936 20 1937 19 1938 20 1939 19 1940 20 1941 19 1942 20 1943 19 1944 20 1945 19 1946 20 1947 19 1948 20 1949 19 1950 8 0 20 1951 19 1952 20 1953 19 1954 20 1955 19 1956 19 1957 8 1958 19 1959 8 1960 20 1961 19 1962 31 1963 8 1964 19 1965 8 1966 19 1967 8 1968 31 1969 8 1970 31 1971 8 1972 19 1973 8 1974 19 1975 8 1976 31 1977 8 1978 19 1979 8 1980 31 1981 8 1982 31 1983 8 1984 19 1985 8 1986 19 1987 8 1988 31 1989 8 1990 19 1991 8 1992 31 1993 8 1994 31 1995 8 1996 31 1997 8 1998 31 1999 8 2000 31 2001 8 2002 32 2003 31 2004 32 2005 31 2006 31 2007 8 2008 31 2009 8 2010 31 2011 8 2012 31 2013 8 2014 31 2015 8 2016 31 2017 8 2018 32 2019 31 2020 31 2021 8 2022 31 2023 8 2024 32 2025 31 2026 32 2027 31 2028 32 2029 31 2030 32 2031 31 2032 32 2033 31 2034 32 2035 31 2036 32 2037 31 2038 32 2039 31 2040 32 2041 31 2042 32 2043 31 2044 32 2045 31 2046 32 2047 31 2048 31 2049 8 2050 31 2051 8 2052 32 2053 31 2054 20 2055 19 2056 20 2057 19 2058 20 2059 19 2060 20 2061 19 2062 20 2063 19 2064 20 2065 19 2066 20 2067 19 2068 20 2069 19 2070 20 2071 19 2072 20 2073 19 2074 20 2075 19 2076 20 2077 19 2078 20 2079 19 2080 20 2081 19 2082 20 2083 19 2084 20 2085 19 2086 20 2087 19 2088 20 2089 19 2090 20 2091 19 2092 20 2093 19 2094 20 2095 19 2096 20 2097 19 2098 20 2099 19 2100 20 2101 19 2102 20 2103 19 2104 20 2105 19 2106 20 2107 19 2108 20 2109 19 2110 20 2111 19 2112 19 0 20 2113 19 2114 20 2115 19 2116 20 2117 19 2118 20 2119 19 2120 20 2121 19 2122 20 2123 19 2124 20 2125 19 2126 20 2127 19 2128 20 2129 19 2130 20 2131 19 2132 19 2133 8 2134 19 2135 8 2136 19 2137 8 2138 19 2139 8 2140 19 2141 8 2142 19 2143 8 2144 19 2145 8 2146 19 2147 8 2148 19 2149 8 2150 19 2151 8 2152 19 2153 8 2154 19 2155 8 2156 19 2157 8 2158 19 2159 8 2160 19 2161 8 2162 19 2163 8 2164 31 2165 8 2166 31 2167 8 2168 31 2169 8 2170 31 2171 8 2172 31 2173 8 2174 31 2175 8 2176 31 2177 8 2178 31 2179 8 2180 31 2181 8 2182 31 2183 8 2184 31 2185 8 2186 31 2187 8 2188 31 2189 8 2190 31 2191 8 2192 31 2193 8 2194 31 2195 8 2196 31 2197 8 2198 31 2199 8 2200 31 2201 8 2202 31 2203 8 2204 32 2205 31 2206 32 2207 31 2208 32 2209 31 2210 32 2211 31 2212 32 2213 31 2214 32 2215 31 2216 24 2217 20 2218 24 2219 20 2220 24 2221 20 2222 24 2223 20 2224 24 2225 20 2226 24 2227 20 2228 24 2229 20 2230 24 2231 20 2232 24 2233 20 2234 24 2235 20 2236 24 2237 20 2238 24 2239 20 2240 32 2241 31 2242 32 2243 31 2244 32 2245 31 2246 32 2247 31 2248 32 2249 31 2250 32 2251 31 2252 32 2253 31 2254 32 2255 31 2256 31 2257 8 2258 31 2259 8 2260 31 2261 8 2262 31 2263 8 2264 31 2265 8 2266 19 2267 8 2268 24 2269 20 2270 24 2271 20 2272 24 2273 20 2274 24 2275 20 2276 24 2277 20 2278 24 2279 20 2280 24 2281 20 2282 24 2283 20 2284 24 2285 20 2286 24 2287 20 2288 24 2289 20 2290 20 2291 19 2292 20 2293 19 2294 20 2295 19 2296 20 2297 19 2298 20 2299 19 2300 20 2301 19 2302 20 2303 19 2304 20 2305 19 2306 20 2307 19 2308 20 2309 19 2310 20 2311 19 2312 20 2313 19 2314 20 2315 19 2316 20 2317 19 2318 20 2319 19 2320 20 2321 19 2322 20 2323 19 2324 20 2325 19 2326 20 2327 19 2328 20 2329 19 2330 20 2331 19 2332 20 2333 19 2334 20 2335 19 2336 20 2337 19 2338 20 2339 19 2340 8 0 19 2341 8 2342 8 0 19 2343 8 2344 19 2345 8 2346 8 0 19 2347 8 2348 27 2349 20 2350 20 0 20 0 27 2351 20 2352 32 2353 31 2354 32 0 32 2355 31 2356 32 0 32 2357 31 2358 25 2359 24 2360 25 2361 24 2362 25 2363 24 2364 25 2365 24 2366 25 2367 24 2368 25 2369 24 2370 24 0 25 2371 24 2372 25 2373 24 2374 25 2375 24 2376 26 2377 25 2378 26 2379 25 2380 26 2381 25 2382 25 0 25 0 26 0 25 0 26 2383 25 2384 26 2385 25 2386 25 2387 24 2388 25 0 24 0 22 2389 21 2390 22 2391 21 2392 21 0 21 0 22 2393 21 2394 22 2395 21 2396 21 0 21 0 22 2397 21 2398 22 2399 21 2400 22 2401 21 2402 21 0 22 2403 21 2404 22 2405 21 2406 22 2407 21 2408 22 2409 21 2410 23 2411 22 2412 23 2413 22 2414 22 0 22 0 23 2415 22 2416 23 2417 22 2418 22 0 22 0 22 0 23 0 23 2419 22 2420 22 2421 21 2422 22 0 21 0 23 2423 22 2424 23 2425 22 2426 22 0 22 0</v>
        </vertex_weights>
      </skin>
      <extra>
        <technique profile="FCOLLADA">
          <user_properties>SkinController</user_properties>
        </technique>
      </extra>
    </controller>
  </library_controllers>
  <library_visual_scenes>
    <visual_scene id="VisualSceneNode" name="rdmscene">
      <node id="VisualSceneNode1" name="chr121" sid="chr121" type="JOINT">
        <matrix>1 0 0 0 0 1 0 0 0 0 1 0 0 0 0 1</matrix>
        <node id="VisualSceneNode2" name="Scale" sid="Scale" type="JOINT">
          <matrix>1.15 0 0 0 0 1.15 0 0 0 0 1.15 0 0 0 0 1</matrix>
          <node id="VisualSceneNode3" name="chr121_rd" sid="chr121_rd" type="JOINT">
            <matrix>6 0 0 0 0 6 0 0 0 0 6 0 0 0 0 1</matrix>
            <node id="VisualSceneNode4" name="GRP_joint" sid="GRP_joint" type="JOINT">
              <matrix>1 0 0 0 0 1 0 0 0 0 1 0 0 0 0 1</matrix>
              <node id="VisualSceneNode5" name="CP01" sid="CP01" type="JOINT">
                <matrix>1 0 0 0 0 1 0 0.085 0 0 1 0.012 0 0 0 1</matrix>
              </node>
              <node id="VisualSceneNode6" name="FP01" sid="FP01" type="JOINT">
                <matrix>1 0 0 0 0 1 0 0.085 0 0 1 0.14 0 0 0 1</matrix>
              </node>
              <node id="VisualSceneNode7" name="GP01" sid="GP01" type="JOINT">
                <matrix>1 0 0 0 0 1 0 0 0 0 1 0.09 0 0 0 1</matrix>
              </node>
              <node id="VisualSceneNode8" name="J_root" sid="J_root" type="JOINT">
                <matrix>1 0 0 0 0 1 0 0 0 0 1 0 0 0 0 1</matrix>
                <node id="VisualSceneNode9" name="J_center" sid="J_center" type="JOINT">
                  <matrix>1 0 0 0 0 1 0 0.064801 0 0 1 -0.014669 0 0 0 1</matrix>
                  <node id="VisualSceneNode10" name="J_leg_l" sid="J_leg_l" type="JOINT">
                    <matrix>1 0 0 0.037403 0 1 0 -0.011087 0 0 1 0.00529 0 0 0 1</matrix>
                    <node id="VisualSceneNode11" name="J_knee_l" sid="J_knee_l" type="JOINT">
                      <matrix>1 0 0 0 0 1 0 -0.018398 0 0 1 0.015356 0 0 0 1</matrix>
                      <node id="VisualSceneNode12" name="J_foot_l" sid="J_foot_l" type="JOINT">
                        <matrix>1 0 0 0 0 1 0 -0.025907 0 0 1 -0.005983 0 0 0 1</matrix>
                        <node id="VisualSceneNode13" name="J_toe01_l" sid="J_toe01_l" type="JOINT">
                          <matrix>1 0 0 0 0 1 0 -0.003863 0 0 1 0.014603 0 0 0 1</matrix>
                        </node>
                        <node id="VisualSceneNode14" name="J_toe02_l" sid="J_toe02_l" type="JOINT">
                          <matrix>1 0 0 0 0 1 0 -0.003863 0 0 1 -0.009131 0 0 0 1</matrix>
                        </node>
                      </node>
                    </node>
                  </node>
                  <node id="VisualSceneNode15" name="J_leg_r" sid="J_leg_r" type="JOINT">
                    <matrix>1 0 0 -0.037403 0 1 0 -0.011087 0 0 1 0.00529 0 0 0 1</matrix>
                    <node id="VisualSceneNode16" name="J_knee_r" sid="J_knee_r" type="JOINT">
                      <matrix>1 0 0 0 0 1 0 -0.018398 0 0 1 0.015356 0 0 0 1</matrix>
                      <node id="VisualSceneNode17" name="J_foot_r" sid="J_foot_r" type="JOINT">
                        <matrix>1 0 0 0 0 1 0 -0.025907 0 0 1 -0.005983 0 0 0 1</matrix>
                        <node id="VisualSceneNode18" name="J_toe01_r" sid="J_toe01_r" type="JOINT">
                          <matrix>1 0 0 0 0 1 0 -0.003863 0 0 1 0.014603 0 0 0 1</matrix>
                        </node>
                        <node id="VisualSceneNode19" name="J_toe02_r" sid="J_toe02_r" type="JOINT">
                          <matrix>1 0 0 0 0 1 0 -0.003863 0 0 1 -0.009131 0 0 0 1</matrix>
                        </node>
                      </node>
                    </node>
                  </node>
                  <node id="VisualSceneNode20" name="J_spine01" sid="J_spine01" type="JOINT">
                    <matrix>1 0 0 0 0 1 0 0 0 0 1 0 0 0 0 1</matrix>
                    <node id="VisualSceneNode21" name="J_spine02" sid="J_spine02" type="JOINT">
                      <matrix>1 0 0 0 0 1 0 0.019302 0 0 1 0.016737 0 0 0 1</matrix>
                      <node id="VisualSceneNode22" name="J_arm_l" sid="J_arm_l" type="JOINT">
                        <matrix>1 0 0 0.024844 0 1 0 0.028277 0 0 1 0.01655 0 0 0 1</matrix>
                        <node id="VisualSceneNode23" name="J_elbow_l" sid="J_elbow_l" type="JOINT">
                          <matrix>1 0 0 0.048868 0 1 0 -0.000059 0 0 1 0.001358 0 0 0 1</matrix>
                          <node id="VisualSceneNode24" name="J_hand_l" sid="J_hand_l" type="JOINT">
                            <matrix>1 0 0 0.022737 0 1 0 0.000031 0 0 1 0.027034 0 0 0 1</matrix>
                          </node>
                        </node>
                      </node>
                      <node id="VisualSceneNode25" name="J_arm_r" sid="J_arm_r" type="JOINT">
                        <matrix>1 0 0 -0.024844 0 -1 0 0.028276 0 0 -1 0.01655 0 0 0 1</matrix>
                        <node id="VisualSceneNode26" name="J_elbow_r" sid="J_elbow_r" type="JOINT">
                          <matrix>1 0 0 -0.048868 0 1 0 0.000059 0 0 1 -0.001358 0 0 0 1</matrix>
                          <node id="VisualSceneNode27" name="J_hand_r" sid="J_hand_r" type="JOINT">
                            <matrix>1 0 0 -0.022737 0 1 0 -0.000032 0 0 1 -0.027034 0 0 0 1</matrix>
                          </node>
                        </node>
                      </node>
                      <node id="VisualSceneNode28" name="J_neck" sid="J_neck" type="JOINT">
                        <matrix>1 0 0 0 0 1 0 0.025719 0 0 1 0.024882 0 0 0 1</matrix>
                        <node id="VisualSceneNode29" name="J_head" sid="J_head" type="JOINT">
                          <matrix>1 0 0 0 0 1 0 0.010224 0 0 1 0.021079 0 0 0 1</matrix>
                          <node id="VisualSceneNode30" name="J_joe" sid="J_joe" type="JOINT">
                            <matrix>1 0 0 0 0 1 0 -0.000559 0 0 1 0.017548 0 0 0 1</matrix>
                          </node>
                          <node id="VisualSceneNode31" name="FacePos" sid="FacePos" type="JOINT">
                            <matrix>1 0 0 0 0 1 0 0.0078 0 0 1 0.0329 0 0 0 1</matrix>
                          </node>
                        </node>
                      </node>
                    </node>
                  </node>
                  <node id="VisualSceneNode32" name="J_tail01" sid="J_tail01" type="JOINT">
                    <matrix>1 0 0 0 0 1 0 -0.010786 0 0 1 -0.031618 0 0 0 1</matrix>
                    <node id="VisualSceneNode33" name="J_tail02" sid="J_tail02" type="JOINT">
                      <matrix>1 0 0 0 0 1 0 -0.003956 0 0 1 -0.035766 0 0 0 1</matrix>
                    </node>
                  </node>
                </node>
              </node>
              <node id="VisualSceneNode34" name="TP01" sid="TP01" type="JOINT">
                <matrix>1 0 0 0 0 1 0 0.19 0 0 1 0.07 0 0 0 1</matrix>
              </node>
            </node>
            <node id="VisualSceneNode35" name="GRP_mesh" sid="GRP_mesh" type="JOINT">
              <matrix>1 0 0 0 0 1 0 0 0 0 1 0 0 0 0 1</matrix>
            </node>
          </node>
        </node>
      </node>
      <node id="VisualSceneNode36" name="chr121" type="NODE">
        <matrix>1 0 0 0 0 1 0 0 0 0 1 0 0 0 0 1</matrix>
        <instance_controller url="#Controller">
          <skeleton>#VisualSceneNode1</skeleton>
          <bind_material>
            <technique_common>
              <instance_material symbol="VisualMaterial0" target="#VisualMaterial"/>
            </technique_common>
          </bind_material>
        </instance_controller>
      </node>
    </visual_scene>
  </library_visual_scenes>
  <scene>
    <instance_visual_scene url="#VisualSceneNode"/>
  </scene>
</COLLADA>
